shot_number,este_utm19s,norte_utm19s,altura_dosel_rh95_m,rh98_m,cover,pai,fhd_normal,pendiente_grados
332030300400193455,332958.4,5269088.4,2.39,2.88,0.059561443,0.12282118,1.2440224,5.23
332030300400193460,333196.9,5268934.9,3.85,4.52,0.16380937,0.3578261,1.5360725,6.86
332030500400193388,331174.8,5269183.6,1.94,2.39,0.0248217,0.05027062,1.4141548,3.16
332030500400193389,331222.4,5269153.0,1.98,2.43,0.01925281,0.038881544,1.0154983,5.15
332030500400193390,331270.0,5269122.4,2.13,2.61,0.023119103,0.0467817,0.87350476,8.06
332030500400193391,331317.3,5269092.0,2.5,3.06,0.024026806,0.048640985,0.9771366,8.05
332030500400193392,331365.0,5269061.3,2.61,3.18,0.011724527,0.02358776,0.9508612,10.66
332030500400193393,331412.3,5269030.9,2.13,2.65,0.03964041,0.08089685,1.4279795,6.82
332030500400193394,331460.3,5269000.0,4.82,6.13,0.123934545,0.26464948,2.0509744,14.36
332030500400193395,331508.7,5268969.0,4.0,4.86,0.13530613,0.2907844,1.7450163,12.23
332030500400193396,331556.8,5268938.1,2.05,2.54,0.048370536,0.099161886,1.4538691,6.31
332030500400193397,331604.7,5268907.4,2.24,2.8,0.023779448,0.04813414,1.5644782,6.10
332030500400193398,331652.5,5268876.7,2.17,2.73,0.021203417,0.042863395,0.9179159,6.57
332030500400193399,331700.6,5268845.7,3.59,4.26,0.03391055,0.06899905,1.4493668,8.38
332030500400193400,331748.4,5268815.0,7.63,8.38,0.5850442,1.760357,2.0002935,6.25
332030500400193401,331796.5,5268784.1,2.2,2.73,0.022256665,0.04501674,1.5270821,3.22
332030500400193402,331844.3,5268753.4,2.05,2.54,0.035417728,0.07212178,1.3930956,1.65
332030500400193403,331892.2,5268722.7,2.28,2.8,0.05166883,0.106106214,1.2277259,3.14
332030500400193404,331940.0,5268691.9,2.17,2.65,0.02053551,0.04149908,1.3257455,4.27
332030500400193405,331987.8,5268661.2,1.98,2.43,0.00704131,0.01413249,1.479007,3.80
332030500400193406,332035.4,5268630.6,2.65,3.33,0.08900868,0.18645388,1.473409,2.88
332030500400193407,332083.4,5268599.9,2.05,2.58,0.049924288,0.102430195,1.283582,2.89
332030500400193408,332131.1,5268569.2,2.02,2.5,0.025964148,0.052615117,1.2817931,1.49
332030500400193409,332178.9,5268538.5,2.02,2.54,0.032654773,0.06640093,1.4066138,1.81
332030500400193410,332226.7,5268507.8,2.17,2.69,0.036307838,0.0739683,1.4646589,2.64
332030500400193411,332274.7,5268477.0,3.33,4.0,0.116496325,0.2477376,1.4970998,6.04
332030500400193412,332322.6,5268446.2,2.2,2.69,0.060242355,0.12427094,1.3496726,5.44
332030500400193413,332370.6,5268415.4,2.28,2.8,0.049856838,0.1022882,1.4937601,4.28
332030500400193414,332418.4,5268384.7,2.2,2.73,0.0546279,0.112356946,1.258792,2.56
332030500400193415,332466.1,5268354.0,2.2,2.73,0.0389467,0.079452604,1.4899507,2.39
332030500400193416,332514.2,5268323.1,2.5,3.06,0.009276841,0.018640375,0.6365142,6.01
332030500400193417,332562.0,5268292.5,2.43,3.14,0.07707107,0.1604135,1.4448948,4.94
332030500400193418,332609.9,5268261.7,2.32,2.84,0.026564838,0.05384894,1.3767941,5.69
332030500400193419,332657.8,5268230.9,5.8,6.99,0.2266042,0.5140095,2.0571995,14.74
332030500400193421,332754.8,5268168.7,2.54,3.14,0.01269961,0.025562061,0.66950095,12.76
332030500400193422,332802.3,5268138.2,3.92,4.79,0.009992208,0.020085046,0.755172,13.85
332030500400193423,332849.5,5268107.8,4.52,5.42,0.1557541,0.338657,1.750465,16.09
332030500400193424,332897.2,5268077.2,2.99,3.74,0.107491344,0.2274532,1.5635719,7.09
332030500400193425,332945.1,5268046.4,2.09,2.58,0.018572576,0.03749482,1.0781589,6.62
332030500400193426,332992.7,5268015.9,2.8,3.4,0.075855896,0.15778169,1.4354179,6.35
332030500400193427,333040.5,5267985.2,2.58,3.21,0.07126728,0.14787486,1.5511736,7.67
332030500400193428,333088.5,5267954.4,2.65,3.21,0.08232561,0.1718338,1.3672134,8.18
332030500400193429,333136.2,5267923.7,2.73,3.33,0.0047691637,0.00956117,1.5829716,6.92
332030500400193430,333184.0,5267893.0,2.84,3.59,0.08000396,0.16677985,1.6025808,11.53
332030500400193431,333232.0,5267862.2,6.58,7.55,0.30234262,0.72021884,1.9866556,15.85
332030500400193432,333280.3,5267831.2,3.85,4.75,0.08723538,0.18256412,1.8642645,16.92
332030500400193433,333328.5,5267800.3,2.05,2.54,0.018692626,0.037739486,0.9327278,11.97
332030500400193434,333376.2,5267769.7,2.65,3.21,0.08307956,0.17347784,1.4255646,6.11
332030500400193435,333423.8,5267739.1,3.03,3.66,0.02233926,0.0451857,1.2967259,7.72
332030500400193436,333471.4,5267708.5,2.76,3.48,0.077416874,0.16116306,1.5887222,7.84
332030500400193437,333519.1,5267677.9,2.46,3.06,0.06355275,0.13132912,1.6225238,6.46
332030500400193438,333566.8,5267647.2,2.65,3.25,0.051605955,0.105973616,1.5891815,6.35
332030500400193439,333614.4,5267616.6,2.35,2.91,0.03863918,0.078812726,1.475412,6.89
332030500400193440,333662.0,5267586.0,2.13,2.65,0.045394726,0.09291716,1.3335779,5.51
332030500400193441,333709.7,5267555.4,2.05,2.58,0.025097042,0.05083542,1.4524466,5.51
332030500400193442,333757.4,5267524.7,3.7,4.64,0.12801342,0.2739845,1.7596143,7.43
332030500400193443,333805.4,5267493.9,2.09,2.58,0.049170617,0.10084418,1.2062808,9.41
332030500400193444,333853.2,5267463.2,2.09,2.58,0.036375333,0.07410838,1.4894056,5.79
332030500400193445,333900.9,5267432.5,2.54,3.14,0.0493748,0.10127373,1.6479845,6.51
332030500400193446,333948.6,5267401.8,2.84,3.51,0.050576854,0.10380446,1.7281141,9.29
332030500400193447,333996.4,5267371.1,3.44,4.3,0.058391556,0.12033565,1.8194201,11.26
332030500400193448,334044.2,5267340.3,4.15,5.12,0.106123924,0.22439092,1.8254951,15.03
332030500400193449,334092.0,5267309.6,3.7,4.67,0.059040044,0.12171362,1.9354849,17.08
332030600401033899,330026.2,5269175.2,2.05,2.54,0.0057914443,0.011616596,1.4922538,3.82
332030600401033900,330073.9,5269144.5,2.8,3.51,0.048238818,0.09888496,1.7217934,5.26
332030600401033901,330121.6,5269113.8,2.32,2.95,0.03775001,0.07696361,1.6849735,3.95
332030600401033902,330169.5,5269083.0,2.09,2.58,0.030939898,0.062858365,1.440205,3.51
332030600401033903,330216.8,5269052.5,2.46,3.1,0.028500302,0.057829555,1.6768304,7.95
332030600401033904,330264.2,5269022.0,2.32,2.88,0.04806776,0.09852552,1.4812874,8.14
332030600401033905,330311.7,5268991.4,2.24,2.76,0.036847323,0.07508822,1.3668274,7.51
332030600401033906,330359.2,5268960.8,2.02,2.5,0.027532775,0.055838663,1.4687452,6.65
332030600401033907,330406.7,5268930.2,1.94,2.39,0.025593761,0.051854692,1.4021944,6.08
332030600401033908,330454.3,5268899.6,2.32,2.88,0.076965064,0.16018352,1.4419286,5.86
332030600401033909,330501.8,5268869.0,2.09,2.61,0.04041368,0.08250788,1.47408,7.43
332030600401033910,330549.4,5268838.4,2.24,2.76,0.04443085,0.09089856,1.2605305,4.77
332030600401033911,330597.0,5268807.7,2.05,2.54,0.02264438,0.045809977,1.1427475,3.44
332030600401033912,330644.6,5268777.1,2.09,2.58,0.025481924,0.05162515,1.333414,3.53
332030600401033913,330692.2,5268746.5,2.2,2.73,0.018331602,0.037003793,0.9752111,4.41
332030600401033914,330739.7,5268715.9,2.35,2.88,0.016310254,0.032889754,1.1899078,3.94
332030600401033915,330787.3,5268685.3,2.73,3.33,0.10953158,0.23203044,1.3315015,3.84
332030600401033916,330834.8,5268654.7,2.99,3.89,0.07051646,0.1462583,1.8217131,5.50
332030600401033917,330882.3,5268624.1,2.91,3.63,0.089223176,0.18692455,1.6142796,8.15
332030600401033918,330929.7,5268593.6,2.24,2.88,0.0569485,0.11727257,1.4547852,6.65
332030600401033919,330977.7,5268562.7,2.58,3.18,0.048181083,0.09876364,1.5681072,7.74
332030600401033920,331025.7,5268531.9,2.46,3.1,0.07581627,0.1576957,1.3482187,5.73
332030600401033921,331073.7,5268501.1,2.88,3.63,0.0989683,0.20844184,1.5809364,9.71
332030600401033922,331121.9,5268470.2,2.17,2.69,0.021253083,0.042964865,1.498465,7.55
332030600401033923,331169.6,5268439.5,2.28,2.8,0.05916561,0.12198041,1.3193253,4.52
332030600401033924,331217.7,5268408.6,2.46,3.03,0.04556806,0.09328028,1.3197343,5.53
332030600401033925,331265.5,5268377.9,2.35,2.88,0.04608647,0.09436695,1.4228214,3.11
332030600401033926,331313.3,5268347.1,2.69,3.4,0.08562828,0.17904513,1.59546,4.60
332030600401033927,331361.3,5268316.3,2.17,2.69,0.048982278,0.10044794,1.2905724,4.93
332030600401033928,331409.2,5268285.5,2.17,2.69,0.032861356,0.06682806,1.5120347,3.42
332030600401033930,331505.0,5268224.0,2.61,3.33,0.08800035,0.18424082,1.5788622,3.92
332030600401033931,331552.9,5268193.3,2.02,2.5,0.043056887,0.08802479,1.3761481,2.18
332030600401033932,331600.6,5268162.6,2.35,2.88,0.060569808,0.12496784,1.3591748,3.67
332030600401033933,331648.6,5268131.8,2.2,2.69,0.028161027,0.057131197,1.1374986,4.32
332030600401033934,331696.4,5268101.1,2.24,2.8,0.069245756,0.14352572,1.4293896,3.11
332030600401033935,331744.2,5268070.3,2.2,2.69,0.045843996,0.093858615,1.4393265,3.58
332030600401033936,331792.1,5268039.6,2.17,2.69,0.02723127,0.05521866,1.3583329,5.14
332030600401033937,331840.0,5268008.8,2.39,2.99,0.08549861,0.1787615,1.2851722,5.08
332030600401033938,331888.1,5267978.0,3.4,4.11,0.12934951,0.2770511,1.6285844,7.30
332030600401033939,331936.1,5267947.1,1.98,2.46,0.018769238,0.037895624,1.2860988,5.85
332030600401033940,331984.0,5267916.4,2.2,2.73,0.049189657,0.10088413,1.4010056,2.32
332030600401033941,332031.8,5267885.7,2.24,2.76,0.039502837,0.08061028,1.1761825,4.19
332030600401033942,332079.8,5267854.8,3.21,4.0,0.10668508,0.22564653,1.6139576,9.83
332030600401033943,332128.1,5267823.9,5.5,6.51,0.23811466,0.5440063,1.9104028,14.06
332030600401033944,332176.0,5267793.1,4.93,6.21,0.11377987,0.24159627,2.1065154,8.67
332030600401033945,332224.1,5267762.2,2.69,3.25,0.025936713,0.052558757,1.3081971,4.87
332030600401033946,332271.7,5267731.7,3.4,4.37,0.1346081,0.2891694,1.6645069,5.97
332030600401033947,332319.9,5267700.7,2.73,3.33,0.023904782,0.048390914,1.1008091,9.17
332030600401033948,332367.9,5267669.9,2.69,3.29,0.04143566,0.084639154,1.6449859,4.49
332030600401033949,332415.5,5267639.3,2.2,2.76,0.031977955,0.06500199,1.5137273,4.04
332030600401033950,332463.3,5267608.6,2.32,2.88,0.03635325,0.07406249,1.5578839,9.28
332030600401033953,332608.6,5267515.5,2.73,3.33,0.012773107,0.025710948,0.89248586,15.26
332030600401033954,332656.1,5267484.9,4.11,5.12,0.021986822,0.044464808,1.6943626,17.47
332030600401033958,332845.3,5267363.2,2.84,3.59,0.019387946,0.03915713,1.5581939,18.65
332030600401033959,332892.9,5267332.6,2.76,3.48,0.07219912,0.14988253,1.6031755,14.84
332030600401033960,332940.6,5267302.0,2.28,2.8,0.01931683,0.03901209,0.9682785,11.37
332030600401033961,332988.2,5267271.4,2.2,2.76,0.03762238,0.076698355,1.544437,9.60
332030600401033962,333227.0,5267118.1,2.39,2.95,0.026362896,0.053434037,1.1833752,9.03
332030600401033963,333274.5,5267087.5,2.91,3.55,0.04285351,0.087599754,1.5608596,12.19
332030600401033964,333322.1,5267056.9,2.95,3.66,0.08769359,0.18356813,1.6583548,13.91
332030600401033965,333369.9,5267026.2,2.65,3.29,0.049381655,0.10128806,1.4870856,12.39
332030600401033966,333417.7,5266995.5,2.39,2.95,0.0461279,0.09445382,1.4712051,10.15
332030600401033967,333465.6,5266964.8,2.65,3.29,0.06614371,0.13687062,1.5459237,9.11
332030600401033968,333513.4,5266934.1,2.91,3.55,0.044889763,0.09185935,1.5264113,10.38
332030600401033969,333561.1,5266903.4,3.63,4.64,0.11177253,0.23707065,1.8397901,11.75
332030600401033970,333608.5,5266872.9,2.5,3.1,0.064160526,0.1326275,1.5224518,10.60
332030600401033971,333656.6,5266842.1,3.06,3.74,0.051541895,0.1058384,1.6242696,10.94
332030600401033972,333704.4,5266811.3,3.63,4.45,0.13519672,0.2905304,1.6710899,11.03
332030600401033973,333752.1,5266780.7,2.84,3.55,0.07073912,0.14673749,1.6546267,12.88
332030600401033974,333799.9,5266750.0,3.21,3.92,0.09487574,0.1993772,1.6381414,14.44
332030600401033975,333847.6,5266719.3,2.99,3.85,0.04886564,0.10020265,1.8811306,15.33
332030600401033976,333895.2,5266688.7,2.65,3.29,0.060380317,0.12456445,1.5512812,16.15
332030600401033977,333942.9,5266658.0,2.84,3.51,0.06276947,0.12965664,1.7131534,15.75
332030600401033978,333990.5,5266627.4,2.65,3.29,0.06222079,0.12848604,1.5894845,14.28
332030600401033979,334038.1,5266596.7,2.54,3.18,0.0465978,0.09543937,1.7120867,11.65
332030600401033980,334085.8,5266566.1,2.61,3.25,0.10072759,0.21235119,1.4166833,9.24
332030800400198137,328393.4,5269190.8,3.89,4.75,0.16896977,0.37022895,1.604922,4.03
332030800400198138,328441.2,5269160.1,2.46,3.1,0.0058401353,0.011714559,1.1839459,4.05
332030800400198139,328489.0,5269129.3,4.33,5.49,0.12373606,0.26420125,1.7653584,5.95
332030800400198140,328536.9,5269098.5,2.84,3.51,0.048556186,0.099552795,1.3522815,5.92
332030800400198141,328584.7,5269067.8,3.1,4.0,0.047521986,0.097379856,1.8253431,6.92
332030800400198142,328632.7,5269037.0,2.65,3.32,0.036027376,0.07338666,1.5177284,5.85
332030800400198143,328680.6,5269006.2,2.95,3.66,0.009194137,0.018473446,1.073111,6.33
332030800400198144,328728.4,5268975.5,2.39,3.06,0.043696392,0.08936249,1.6010606,7.93
332030800400198145,328776.3,5268944.8,2.73,3.36,0.06577161,0.13607527,1.5455115,9.87
332030800400198146,328824.1,5268914.0,5.27,6.24,0.1932908,0.42965308,1.9109114,13.96
332030800400198147,328872.3,5268883.1,4.6,5.72,0.054243244,0.111544155,2.0425878,15.21
332030800400198148,328920.6,5268852.2,4.33,5.16,0.051948685,0.10669733,1.7200972,13.01
332030800400198149,328968.3,5268821.5,2.5,3.06,0.01394242,0.028081331,0.87170756,7.49
332030800400198150,329015.6,5268791.0,2.76,3.44,0.02090031,0.04224425,1.1697142,10.69
332030800400198151,329063.0,5268760.5,2.02,2.58,0.02550986,0.051682696,1.5505325,7.31
332030800400198152,329110.7,5268729.9,2.54,3.18,0.05250396,0.107869156,1.4263566,4.30
332030800400198153,329158.6,5268699.1,2.88,3.62,0.014920527,0.030066233,1.3661722,6.03
332030800400198154,329206.5,5268668.4,1.98,2.46,0.005677797,0.011387999,1.1282454,4.62
332030800400198155,329254.1,5268637.8,2.16,2.69,0.0105823865,0.021277713,1.2492807,4.97
332030800400198156,329301.7,5268607.2,1.9,2.39,0.00931099,0.018709337,1.494846,7.04
332030800400198157,329349.1,5268576.6,2.39,3.14,0.024951221,0.050536454,1.568075,8.12
332030800400198158,329396.5,5268546.2,2.88,3.66,0.0954092,0.20055965,1.4930749,7.09
332030800400198159,329444.0,5268515.6,2.28,2.84,0.03772269,0.07690729,1.4339668,7.35
332030800400198160,329491.5,5268485.0,1.9,2.39,0.021393826,0.04325264,1.1977801,7.38
332030800400198161,329539.2,5268454.4,3.06,3.77,0.06052128,0.124865755,1.4752247,5.12
332030800400198162,329587.1,5268423.7,2.88,3.55,0.006304496,0.012648962,0.9074359,6.94
332030800400198163,329634.6,5268393.1,2.8,3.47,0.073505715,0.15270312,1.4614611,6.09
332030800400198164,329682.3,5268362.5,1.98,2.46,0.012040901,0.024228165,0.9614956,2.72
332030800400198165,329729.9,5268331.8,1.94,2.43,0.0023652092,0.004736029,1.4350035,4.11
332030800400198166,329777.6,5268301.2,2.02,2.46,0.0030755792,0.00616065,1.0605444,2.89
332030800400198167,329825.2,5268270.6,2.39,2.95,0.0063449075,0.0127303,0.6365142,3.35
332030800400198168,329872.9,5268240.0,2.39,2.99,0.01121733,0.022561615,0.75506365,4.11
332030800400198169,329920.4,5268209.4,4.15,4.82,0.22819887,0.5181587,1.5243355,6.83
332030800400198170,329968.0,5268178.8,2.02,2.54,0.016157843,0.03257998,1.3893106,7.75
332030800400198171,330015.4,5268148.3,4.41,5.49,0.19618833,0.43685204,1.7660583,9.28
332030800400198172,330063.1,5268117.7,2.05,2.58,0.007685639,0.015430734,0.7049276,9.65
332030800400198173,330110.2,5268087.3,5.72,8.3,0.24956302,0.57432574,2.0635448,9.16
332030800400198174,330157.9,5268056.7,2.05,2.58,0.009232316,0.018550517,1.4952916,6.75
332030800400198175,330206.3,5268025.7,2.88,3.59,0.0102197975,0.020544903,0.6365142,11.90
332030800400198176,330254.5,5267994.8,2.8,3.59,0.0065465206,0.013136147,0.9556627,10.12
332030800400198177,330302.5,5267964.0,3.25,4.04,0.094043836,0.19754274,1.5752654,7.98
332030800400198178,330350.5,5267933.2,4.78,5.64,0.12232189,0.26097548,1.8159453,9.41
332030800400198179,330398.9,5267902.2,2.09,2.58,0.006732049,0.013509686,0.6365142,8.70
332030800400198180,330446.7,5267871.5,2.09,2.58,0.0030574081,0.006124196,0.6365142,5.72
332030800400198181,330494.3,5267840.9,2.95,3.77,0.043528285,0.089010924,1.7726312,5.92
332030800400198182,330542.5,5267810.0,2.84,3.62,0.0135480445,0.027281573,0.7746531,5.91
332030800400198183,330590.5,5267779.2,2.35,2.95,0.013299078,0.026776854,1.0611199,4.37
332030800400198184,330638.4,5267748.5,2.54,3.18,0.026974134,0.05469028,1.593908,4.41
332030800400198185,330686.3,5267717.7,2.05,2.54,0.008425316,0.01692212,0.7227092,3.55
332030800400198186,330734.0,5267687.1,2.24,2.84,0.04103748,0.083809055,1.3419163,3.59
332030800400198187,330781.9,5267656.3,1.94,2.43,0.010449893,0.021009907,1.5571363,3.22
332030800400198188,330829.7,5267625.6,2.61,3.21,0.014058218,0.028316224,1.4714254,3.90
332030800400198189,330877.7,5267594.8,2.65,3.51,0.08219271,0.1715462,1.5231503,4.68
332030800400198190,330925.6,5267564.1,2.61,3.21,0.033457648,0.068061955,1.2593275,5.90
332030800400198191,330973.6,5267533.3,5.01,5.91,0.16210763,0.35377744,1.8058429,8.18
332030800400198192,331021.6,5267502.4,2.43,3.03,0.03359445,0.06834506,1.3214163,4.88
332030800400198193,331069.4,5267471.7,1.87,2.31,0.0025516269,0.0051097847,0.8858228,2.93
332030800400198194,331117.0,5267441.1,2.43,3.03,0.0039317952,0.007879112,1.5911258,6.58
332030800400198195,331164.5,5267410.5,2.69,3.36,0.060916554,0.12570749,1.4739162,7.45
332030800400198196,331212.3,5267379.8,2.2,2.73,0.0064507616,0.012943374,0.682312,4.94
332030800400198197,331260.0,5267349.2,1.87,2.31,0.009663669,0.019421462,1.0269928,2.92
332030800400198198,331307.8,5267318.4,3.21,3.96,0.0071985316,0.014449204,1.2917964,4.47
332030800400198199,331355.6,5267287.7,2.09,2.58,0.005461491,0.010952961,0.6365142,6.55
332030800400198200,331403.0,5267257.2,2.54,3.32,0.0923898,0.19389407,1.5011955,5.54
332030800400198201,331451.1,5267226.3,2.84,3.59,0.0060906033,0.012218506,0.6365142,7.28
332030800400198202,331499.1,5267195.4,2.2,2.69,0.006263758,0.012566971,0.6365142,5.24
332030800400198203,331546.8,5267164.7,2.13,2.61,0.00066183135,0.0013241015,0.6931472,5.22
332030800400198204,331594.3,5267134.1,2.31,2.88,0.042703193,0.08728627,1.2249392,7.29
332030800400198205,331642.0,5267103.4,2.46,3.03,0.0114024505,0.022936096,1.1497693,6.31
332030800400198206,331689.7,5267072.7,3.1,3.85,0.078160755,0.16277832,1.5610633,5.78
332030800400198207,331737.6,5267041.8,2.65,3.32,0.018301224,0.036942,1.5629106,6.90
332030800400198208,331785.3,5267011.1,2.91,3.59,0.023831418,0.048240777,1.5091969,9.36
332030800400198209,331832.8,5266980.5,3.32,4.07,0.06561182,0.13573319,1.7506777,10.38
332030800400198210,331880.2,5266949.9,2.5,3.14,0.004176193,0.008369899,0.8921087,8.83
332030800400198211,331927.6,5266919.3,2.09,2.61,0.009140682,0.018365547,1.5332898,6.21
332030800400198212,331975.1,5266888.7,3.03,3.77,0.13015856,0.278917,1.460526,8.96
332030800400198213,332022.8,5266857.9,2.95,3.59,0.10568632,0.2234154,1.4026226,7.23
332030800400198214,332070.6,5266827.2,2.2,2.69,0.003981818,0.007979555,1.0457942,5.45
332030800400198215,332118.3,5266796.4,2.46,3.03,0.006278538,0.012596717,0.79186416,5.34
332030800400198216,332166.0,5266765.7,1.94,2.43,0.008330956,0.016731802,1.5475383,2.89
332030800400198217,332213.6,5266735.0,2.05,2.58,0.013350785,0.026881669,1.4085562,4.83
332030800400198218,332261.2,5266704.3,2.2,2.76,0.002008674,0.004021394,0.9790652,5.89
332030800400198219,332308.6,5266673.7,2.13,2.69,0.041036382,0.08380676,1.2819031,4.29
332030800400198220,332356.3,5266643.0,3.77,4.6,0.15896071,0.34627804,1.5929921,7.07
332030800400198221,332404.1,5266612.2,2.61,3.29,0.036672886,0.07472645,1.6625146,7.10
332030800400198222,332451.8,5266581.5,2.58,3.18,0.06367668,0.13159503,1.3362381,6.33
332030800400198223,332499.4,5266550.8,2.24,2.84,0.023303954,0.04716035,1.4677027,5.13
332030800400198224,332547.1,5266520.0,3.06,3.77,0.027733006,0.056250766,1.5427225,7.82
332030800400198225,332594.7,5266489.4,2.65,3.36,0.033738382,0.06864297,1.5673115,10.41
332030800400198226,332642.0,5266458.9,2.69,3.44,0.007884487,0.015831554,0.9930292,10.96
332030800400198227,332689.4,5266428.3,2.46,3.14,0.047384012,0.09709015,1.4497994,5.88
332030800400198228,332737.1,5266397.6,16.12,17.39,0.95797896,6.394725,2.6446555,14.26
332030800400198229,332786.0,5266366.3,3.47,4.15,0.03743798,0.076315604,1.6518884,11.56
332030800400198230,332833.6,5266335.6,2.46,3.1,0.050426073,0.10348757,1.444523,5.29
332030800400198231,332881.3,5266305.0,2.24,2.76,0.050522186,0.103690036,1.3326949,4.86
332030800400198232,332929.0,5266274.3,2.13,2.61,0.009586894,0.019266417,1.4728752,4.44
332030800400198233,332976.8,5266243.6,2.16,2.69,0.022292357,0.045089886,1.2978164,4.63
332030800400198234,333024.4,5266213.0,2.54,3.14,0.018946653,0.038257394,1.460246,6.16
332030800400198235,333072.0,5266182.4,2.16,2.73,0.049994886,0.10257955,1.2735146,5.80
332030800400198236,333119.6,5266151.8,2.5,3.1,0.065863706,0.13627246,1.3122479,5.62
332030800400198237,333167.3,5266121.2,2.16,2.65,0.02155686,0.04358587,1.1640023,6.39
332030800400198238,333214.8,5266090.6,2.43,3.03,0.025269436,0.0511893,1.6786146,6.21
332030800400198239,333262.5,5266060.0,2.69,3.36,0.059701093,0.123120315,1.3927747,5.83
332030800400198240,333310.2,5266029.4,1.94,2.43,0.0073802173,0.014815248,0.6365142,4.24
332030800400198241,333357.9,5265998.7,1.94,2.43,0.008169261,0.016405718,1.4311726,2.73
332030800400198242,333405.8,5265968.1,3.25,4.07,0.037748497,0.076960936,1.6090218,5.61
332030800400198243,333454.0,5265937.2,2.16,2.73,0.010692812,0.021500943,0.6365142,4.54
332030800400198244,333501.9,5265906.6,2.02,2.46,0.008438603,0.01694892,0.74484354,1.25
332030800400198245,333549.7,5265875.9,2.09,2.61,0.0031691678,0.0063484143,1.5350883,1.20
332030800400198246,333597.5,5265845.3,1.94,2.39,0.01082021,0.021758514,1.383481,3.68
332030800400198247,333645.1,5265814.8,2.39,2.99,0.010105826,0.020314617,0.6365142,7.32
332030800400198248,333692.5,5265784.4,2.16,2.84,0.027380787,0.055526335,1.5591211,7.78
332030800400198249,333740.2,5265753.9,1.94,2.43,0.026071787,0.052836344,1.1450022,4.57
332030800400198250,333787.8,5265723.4,1.94,2.39,0.036407106,0.0741747,1.1201252,4.05
332030800400198251,333835.4,5265692.9,2.54,3.4,0.069063,0.14313464,1.4945805,3.97
332030800400198252,333883.2,5265662.4,2.91,3.59,0.08804838,0.18434888,1.5155088,10.23
332030800400198253,333931.1,5265631.8,3.55,4.26,0.033175357,0.06747788,1.6027395,11.64
332030800400198254,333979.1,5265601.1,3.03,3.77,0.043556206,0.08906931,1.7083209,9.91
332030800400198255,334026.7,5265570.7,2.31,2.95,0.0331514,0.06742832,1.5104995,9.12
332030800400198256,334074.3,5265540.3,2.2,2.73,0.03296299,0.0670386,1.2350843,6.94
332031100400192903,327269.0,5269177.1,2.69,3.36,0.007183273,0.014418464,1.4520983,7.79
332031100400192904,327317.0,5269146.2,2.95,3.7,0.004410305,0.008840145,0.8705796,9.94
332031100400192905,327364.8,5269115.4,2.13,2.69,0.007258972,0.014570965,1.6858784,10.65
332031100400192906,327412.5,5269084.7,4.11,5.01,0.007836099,0.015734008,1.44955,12.35
332031100400192907,327460.3,5269054.0,4.19,5.08,0.028467914,0.057763103,1.8337226,13.14
332031100400192908,327508.1,5269023.2,3.47,4.3,0.025462512,0.051585488,1.5008439,13.48
332031100400192909,327555.9,5268992.4,2.84,3.55,0.017839415,0.03600135,1.7597072,12.08
332031100400192910,327603.7,5268961.7,2.5,3.14,0.013257454,0.02669248,0.8973193,9.37
332031100400192911,327651.3,5268931.0,2.54,3.18,0.00085634255,0.0017134199,0.6365142,8.71
332031100400192912,327698.9,5268900.3,3.66,4.6,0.0869332,0.18190399,1.7190281,8.37
332031100400192913,327746.9,5268869.5,2.5,3.1,0.007884923,0.015832433,0.8656455,7.04
332031100400192914,327794.6,5268838.8,1.9,2.35,0.0012338036,0.0024691327,0.76255816,3.12
332031100400192915,327842.1,5268808.2,2.84,3.51,0.07020037,0.14557967,1.3735077,5.69
332031100400192916,327889.5,5268777.6,2.73,3.51,0.10266065,0.21665879,1.4468027,5.89
332031100400192917,327937.1,5268747.0,2.09,2.61,0.016751377,0.033786923,1.226436,4.07
332031100400192918,327984.7,5268716.3,2.17,2.69,0.05553248,0.11427245,1.195739,4.51
332031100400192919,328032.2,5268685.7,2.02,2.5,0.0076784873,0.015416318,1.4030968,7.66
332031100400192920,328079.7,5268655.1,2.17,2.76,0.047936484,0.09825037,1.2920097,11.60
332031100400192921,328127.3,5268624.5,2.17,2.69,0.02708089,0.0549097,1.3044798,11.45
332031100400192922,328174.9,5268593.8,3.1,3.81,0.05713612,0.117671475,1.5591614,9.97
332031100400192923,328222.6,5268563.1,2.5,3.06,0.05397948,0.11098627,1.3597567,9.02
332031100400192924,328270.3,5268532.4,2.88,3.59,0.05715927,0.11772059,1.4752223,6.40
332031100400192925,328318.2,5268501.7,2.73,3.32,0.0037573897,0.0075289523,0.6365142,7.70
332031100400192926,328365.9,5268470.9,2.54,3.14,0.013758116,0.027707534,1.0426917,8.84
332031100400192927,328413.4,5268440.4,2.54,3.14,0.004303123,0.0086248405,1.4942497,5.93
332031100400192928,328461.2,5268409.6,2.2,2.73,0.004972261,0.009969361,1.3508003,4.65
332031100400192929,328508.9,5268379.0,2.17,2.73,0.033200268,0.06752937,1.4008644,5.00
332031100400192930,328557.0,5268348.1,5.31,6.32,0.10817231,0.22898307,1.9756824,8.80
332031100400192931,328604.9,5268317.3,4.86,5.87,0.12979148,0.2780722,1.8688836,10.00
332031100400192932,328652.6,5268286.7,3.14,3.81,0.029020669,0.058901377,1.1810832,14.72
332031100400192933,328699.8,5268256.2,4.93,6.09,0.099834934,0.21036972,1.9565427,16.43
332031100400192934,328747.1,5268225.7,3.06,4.04,0.097012706,0.20410815,1.6136011,14.49
332031100400192935,328794.7,5268195.1,1.94,2.43,0.0060646865,0.012166353,1.3788562,8.41
332031100400192936,328842.3,5268164.5,2.5,3.14,0.0035978786,0.0072087506,0.96461487,8.21
332031100400192937,328889.7,5268134.0,2.05,2.54,0.011560062,0.023254981,1.3087226,5.93
332031100400192938,328937.4,5268103.3,2.05,2.54,0.0048047644,0.00963272,1.4632456,2.49
332031100400192939,328985.3,5268072.6,2.17,2.69,0.011893704,0.023930194,0.72294754,7.98
332031100400192940,329032.4,5268042.2,3.66,4.67,0.0042081033,0.008433989,1.5538385,13.02
332031100400192941,329079.8,5268011.7,2.31,2.91,0.05039025,0.10341201,1.3323426,8.53
332031100400192942,329127.5,5267981.0,2.02,2.54,0.0101796435,0.020463763,1.4682791,3.96
332031100400192943,329175.2,5267950.4,2.54,3.18,0.038219623,0.07794038,1.4886011,4.35
332031100400192944,329222.8,5267919.8,1.9,2.39,0.00805862,0.01618262,1.3913034,4.68
332031100400192945,329270.3,5267889.2,1.98,2.46,0.037349764,0.07613225,1.0942457,4.65
332031100400192946,329318.0,5267858.5,2.02,2.46,0.0057596415,0.01155263,0.9543079,4.15
332031100400192947,329365.6,5267827.9,2.02,2.5,0.008737557,0.017552009,1.4480278,5.30
332031100400192948,329413.1,5267797.4,2.17,2.73,0.025902886,0.052489486,1.3157951,8.78
332031100400192949,329460.3,5267766.9,6.77,8.82,0.28086194,0.65956825,2.1495771,9.65
332031100400192950,329508.2,5267736.2,3.06,4.0,0.018444968,0.037234865,0.7694629,10.77
332031100400192951,329556.6,5267705.2,3.36,4.15,0.0040138643,0.008043905,0.6365142,11.52
332031100400192952,329604.6,5267674.4,2.69,3.32,0.0070254817,0.0141006205,1.0337813,8.58
332031100400192953,329652.4,5267643.7,3.25,4.19,0.014373879,0.028956652,1.7217531,6.85
332031100400192954,329700.5,5267612.9,1.94,2.43,0.006127485,0.012292721,0.6365142,5.94
332031100400192955,329748.1,5267582.2,2.8,3.51,0.07030496,0.14580469,1.5153934,3.72
332031100400192956,329796.3,5267551.4,3.03,3.7,0.0065116226,0.013065889,1.0136858,7.62
332031100400192957,329844.1,5267520.7,2.17,2.73,0.0337931,0.068756185,1.213135,4.54
332031100400192958,329892.1,5267489.9,3.06,3.89,0.011950703,0.02404557,0.90272564,9.44
332031100400192959,329940.3,5267459.0,4.9,5.83,0.018963784,0.0382923,1.7554294,10.99
332031100400192960,329988.3,5267428.2,2.02,2.5,0.021847837,0.044180736,1.298019,7.75
332031100400192961,330036.0,5267397.6,2.02,2.5,0.021475367,0.04341928,1.3283429,3.84
332031100400192962,330083.8,5267366.8,3.96,5.01,0.13090053,0.28062326,1.6959413,10.42
332031100400192963,330132.1,5267335.9,4.26,5.27,0.103979915,0.21960178,1.7759955,12.93
332031100400192964,330180.3,5267305.1,2.09,2.58,0.024235124,0.049068075,1.1736941,7.18
332031100400192965,330227.8,5267274.5,2.95,3.55,0.03562718,0.07255643,1.3924795,7.88
332031100400192966,330275.3,5267243.9,2.43,3.06,0.012072936,0.024293011,1.4687116,6.25
332031100400192967,330322.9,5267213.3,2.2,2.73,0.037760355,0.076985516,1.1416494,4.71
332031100400192968,330370.6,5267182.7,1.94,2.35,0.004073509,0.008163679,1.3593831,4.25
332031100400192969,330418.2,5267152.1,1.94,2.43,0.017288396,0.034879584,1.010703,3.79
332031100400192970,330465.8,5267121.5,2.24,2.76,0.040610403,0.08291842,1.3005067,4.17
332031100400192971,330513.4,5267090.9,3.55,4.34,0.050999254,0.104695156,1.6889602,5.35
332031100400192972,330561.1,5267060.2,2.24,2.73,0.0034028192,0.0068172594,0.6365142,6.11
332031100400192973,330608.6,5267029.6,3.06,3.81,0.087495014,0.18313514,1.5387675,6.40
332031100400192974,330656.3,5266999.0,4.86,5.83,0.21616845,0.48720932,1.8073885,11.32
332031100400192975,330704.2,5266968.3,4.45,5.38,0.10072652,0.21235195,1.8267522,12.42
332031100400192976,330752.0,5266937.6,4.07,5.08,0.033834077,0.06884102,1.8789856,12.23
332031100400192977,330799.6,5266907.0,3.32,4.04,0.075450845,0.15690666,1.5601065,11.32
332031100400192978,330847.2,5266876.4,2.09,2.61,0.007669971,0.015399153,1.4583681,7.65
332031100400192979,330894.8,5266845.7,2.02,2.5,0.00296728,0.0059433943,0.6365142,7.48
332031100400192980,330942.2,5266815.2,3.81,4.63,0.12992169,0.2783715,1.6179445,8.43
332031100400192981,330989.7,5266784.7,2.09,2.61,0.008636972,0.017349076,0.7777667,6.79
332031100400192982,331037.2,5266754.1,2.61,3.47,0.026837,0.054408383,1.4740627,7.58
332031100400192983,331084.8,5266723.5,2.02,2.5,0.0025287434,0.0050639007,1.3277638,5.34
332031100400192984,331132.5,5266692.8,1.9,2.39,0.005163014,0.010352813,1.3236763,2.67
332031100400192985,331180.2,5266662.1,3.36,4.26,0.14717768,0.31844422,1.5761445,6.04
332031100400192986,331228.2,5266631.3,2.99,3.7,0.086710386,0.18141592,1.4837073,6.73
332031100400192987,331276.0,5266600.6,2.2,2.73,0.033559173,0.06827201,1.2839124,4.08
332031100400192988,331323.8,5266569.8,2.02,2.5,0.0033229003,0.0066568814,0.8529079,2.70
332031100400192989,331371.5,5266539.2,2.13,2.65,0.024382444,0.049370065,1.3535635,4.89
332031100400192990,331419.0,5266508.6,2.17,2.73,0.017771548,0.03586315,1.5033832,4.19
332031100400192991,331467.0,5266477.8,2.73,3.32,0.004723281,0.009468973,0.6831743,5.10
332031100400192992,331514.8,5266447.0,2.02,2.5,0.008434856,0.01694136,0.86871433,2.52
332031100400192993,331562.5,5266416.3,2.05,2.54,0.0029227713,0.0058541135,1.5619739,1.69
332031100400192994,331610.2,5266385.6,1.98,2.43,0.01733696,0.034978427,0.9880377,2.95
332031100400192995,331657.9,5266354.9,2.24,2.76,0.006362227,0.012765159,0.9604112,4.38
332031100400192996,331705.4,5266324.2,2.2,2.73,0.03898027,0.07952284,1.2550048,4.64
332031100400192997,331753.2,5266293.4,3.18,3.89,0.009100268,0.018283969,1.0704718,4.97
332031100400192998,331801.2,5266262.6,2.5,3.06,0.001487091,0.0029763984,1.093548,4.10
332031100400192999,331849.0,5266231.8,2.02,2.5,0.0058394247,0.011713129,1.4952909,3.31
332031100400193000,331896.5,5266201.2,2.46,3.06,0.054267418,0.11159515,1.2803255,5.82
332031100400193001,331944.1,5266170.5,2.28,2.76,0.031431388,0.0638733,1.2036458,6.88
332031100400193002,331991.7,5266139.8,2.31,2.91,0.042608805,0.087088995,1.4516968,7.83
332031100400193003,332039.2,5266109.1,2.35,2.99,0.04776843,0.09789734,1.3975542,7.19
332031100400193004,332086.8,5266078.4,3.03,3.7,0.069971465,0.1450873,1.4156321,7.79
332031100400193005,332134.3,5266047.8,2.69,3.32,0.055954676,0.11516677,1.3507462,7.09
332031100400193006,332182.1,5266017.0,2.65,3.29,0.01363503,0.027457938,0.7976253,6.63
332031100400193007,332229.7,5265986.3,4.04,5.01,0.16940893,0.37128496,1.7239782,6.16
332031100400193008,332277.7,5265955.5,2.95,3.59,0.051696006,0.106164195,1.4854721,6.73
332031100400193009,332325.1,5265924.8,3.7,4.67,0.17066996,0.37432456,1.6582386,8.27
332031100400193010,332372.7,5265894.1,2.02,2.5,0.018657686,0.037668355,1.2991711,5.57
332031100400193011,332420.3,5265863.5,2.2,2.69,0.013781481,0.027754916,1.3729557,5.14
332031100400193012,332467.7,5265832.8,2.24,2.84,0.014838471,0.029899627,1.4595379,5.03
332031100400193013,332515.3,5265802.2,1.9,2.39,0.019343648,0.03906689,1.247877,4.28
332031100400193014,332562.9,5265771.5,2.09,2.58,0.04398213,0.08996012,1.1396264,3.26
332031100400193015,332610.6,5265740.8,2.61,3.32,0.049999453,0.10258905,1.4835397,4.89
332031100400193016,332658.6,5265709.9,2.39,2.91,0.016553888,0.033385247,1.4237521,4.96
332031100400193017,332706.2,5265679.3,2.17,2.65,0.014301071,0.028808916,0.8556288,3.96
332031100400193018,332753.9,5265648.6,2.17,2.69,0.0098540075,0.019805891,0.6365142,4.14
332031100400193019,332801.5,5265617.9,2.73,3.29,0.09667779,0.20336637,1.2976453,6.55
332031100400193020,332849.2,5265587.2,3.55,4.26,0.06685918,0.13840492,1.6123614,8.57
332031100400193021,332896.8,5265556.6,3.25,4.19,0.09378464,0.19697012,1.6312579,7.42
332031100400193022,332944.5,5265525.9,2.17,2.73,0.021910945,0.044309776,1.2560912,3.68
332031100400193023,332992.4,5265495.2,2.31,2.84,0.005116177,0.010258654,1.0763094,1.63
332031100400193024,333040.1,5265464.5,2.28,2.84,0.02915307,0.05917412,1.2246408,5.25
332031100400193025,333087.7,5265433.9,2.2,2.8,0.035374276,0.07203198,1.346926,7.99
332031100400193026,333135.3,5265403.3,2.65,3.32,0.07683546,0.15990445,1.4182762,7.96
332031100400193027,333183.1,5265372.6,2.76,3.51,0.051477145,0.10570263,1.6829591,7.71
332031100400193028,333230.7,5265342.0,2.46,3.03,0.042191543,0.08621747,1.4552178,7.38
332031100400193029,333278.5,5265311.4,2.02,2.5,0.012304283,0.024761422,1.406428,6.63
332031100400193030,333326.2,5265280.7,2.28,2.8,0.015673602,0.031595804,1.5303915,7.62
332031100400193031,333373.8,5265250.2,2.95,3.85,0.10339377,0.21829368,1.5210099,7.26
332031100400193032,333421.6,5265219.6,2.28,2.99,0.03464848,0.07052765,1.4646782,5.54
332031100400193033,333469.3,5265188.9,2.24,2.88,0.025794936,0.05226785,1.6527592,5.29
332031100400193034,333517.1,5265158.3,2.5,4.11,0.036904555,0.07520746,1.8838202,2.40
332031100400193035,333564.9,5265127.7,5.49,6.99,0.12311694,0.26278764,2.030275,0.85
332031100400193036,333612.7,5265097.1,1.98,2.46,0.018219724,0.036775954,1.2253585,1.20
332031100400193037,333660.5,5265066.5,1.94,2.39,0.0022120257,0.004428958,1.4806589,1.12
332031100400193038,333708.2,5265035.9,2.02,2.5,0.005823544,0.01168118,1.2505358,1.41
332031100400193039,333756.0,5265005.4,2.2,2.73,0.04147985,0.08473184,1.1600597,1.33
332031100400193040,333803.8,5264974.8,2.05,2.54,0.0025154902,0.0050373273,1.5595951,1.04
332031100400193041,333851.6,5264944.2,2.13,2.61,0.0101057235,0.020314407,1.2119821,0.78
332031100400193042,333899.4,5264913.7,1.94,2.43,0.004803643,0.009630467,1.2660865,1.60
332031100400193043,333947.1,5264883.2,1.98,2.46,0.009281428,0.018649654,1.2283081,1.43
332031100400193044,333994.9,5264852.6,1.98,2.46,0.0018983387,0.0038002904,1.4007227,1.15
332031100400193045,334042.7,5264822.1,1.98,2.43,0.0057199313,0.0114727495,1.0847888,1.26
332031100400193046,334090.4,5264791.6,2.2,2.73,0.0028267668,0.00566155,0.6365142,1.17
346880000100042831,319175.1,5260941.5,4.67,5.6,0.11115749,0.2357084,1.7199928,16.14
346880000100042874,321144.3,5262349.8,2.95,3.55,0.007807505,0.015676448,0.89924455,6.95
346880000100042922,323367.1,5263933.2,4.14,4.93,0.07215078,0.1497872,1.9376049,13.43
346880000100042979,326013.0,5265816.1,4.03,4.82,0.16387339,0.35803995,1.7133051,12.27
346880000100042980,326058.6,5265848.8,4.78,5.75,0.22169968,0.50146556,1.9248055,12.19
346880000100042982,326149.9,5265914.2,4.33,4.96,0.10104519,0.21307594,1.7589375,13.74
346880000100042997,326838.0,5266406.4,2.46,2.95,0.04086145,0.08344412,1.3551013,3.74
346880000100042999,326930.5,5266472.4,6.39,7.1,0.39493656,1.0056349,1.8707932,2.02
346880000100043037,328691.8,5267727.2,3.17,3.92,0.13359578,0.2868642,1.5011806,17.50
346880100100041756,319659.7,5260498.9,2.76,3.36,0.0044453153,0.0089105,0.6365142,14.29
346880100100041757,319705.9,5260531.9,5.41,6.35,0.091290265,0.19148318,2.1244843,19.10
346880100100041829,323026.2,5262900.5,3.36,3.99,0.039681245,0.08098425,1.5898404,12.94
346880100100041833,323214.0,5263033.5,2.54,3.17,0.07192502,0.14930002,1.405452,8.81
346880100100041881,325451.5,5264623.0,6.42,7.21,0.45189536,1.2037143,1.9128386,14.36
346880100100041901,326366.6,5265277.7,6.5,7.06,0.80832034,3.3169832,1.8482962,9.44
346880100100041933,327841.6,5266330.4,2.46,3.1,0.06816782,0.14121807,1.3275725,3.84
346880100100041970,329557.1,5267552.7,2.31,2.8,0.042253044,0.08634815,1.5306839,2.68
346880100100042000,330943.2,5268542.1,4.11,4.82,0.15246646,0.33092332,1.6253252,7.95
346880100100042008,331313.6,5268805.9,2.5,3.06,0.06485776,0.13412496,1.3127013,5.24
346880200100042760,319133.6,5259430.3,5.94,6.91,0.07015152,0.14547919,1.8159256,14.09
346880200100042761,319179.0,5259462.9,7.43,8.67,0.23141608,0.5265777,2.254812,16.03
346880200100042772,319685.3,5259824.6,10.24,11.13,0.50787926,1.4194845,2.311792,19.52
346880200100042773,319731.2,5259857.4,3.85,4.67,0.0056374436,0.011306858,0.6365142,17.56
346880200100042775,319822.2,5259922.7,4.18,4.93,0.21764365,0.4910339,1.6233886,13.30
346880200100042776,319868.5,5259955.6,3.58,4.29,0.037832268,0.077136286,1.7068317,9.75
346880200100042790,320512.3,5260415.3,4.03,4.85,0.16658753,0.3645309,1.741603,7.62
346880200100042792,320604.6,5260481.1,3.96,4.67,0.19830607,0.4421726,1.5676378,12.86
346880200100042793,320650.7,5260514.0,2.84,3.47,0.0077356896,0.015531664,0.738693,11.56
346880200100042794,320696.8,5260546.8,4.56,5.38,0.21893466,0.494339,1.7848911,10.16
346880200100042795,320743.1,5260579.7,3.81,4.59,0.006697001,0.013439153,0.880453,11.66
346880200100042798,320882.8,5260679.0,3.85,4.59,0.012349393,0.024852902,0.6849824,19.70
346880200100042799,320928.6,5260711.7,3.73,4.48,0.030076612,0.061078455,1.5781583,16.33
346880200100042800,320974.3,5260744.4,3.4,4.11,0.053433623,0.10983512,1.7719349,11.57
346880200100042813,321577.6,5261173.6,4.14,4.97,0.013375106,0.026931118,1.7788512,19.05
346880200100042825,322127.7,5261567.0,3.21,3.99,0.0076318886,0.015322451,0.83750707,16.33
346880200100042826,322173.7,5261599.8,5.27,6.05,0.107231595,0.22688554,1.927073,11.71
346880200100042829,322359.2,5261731.8,4.82,5.56,0.11159753,0.23669286,1.8641407,17.80
346880200100042854,323516.9,5262555.4,3.02,3.66,0.11650769,0.24778056,1.5367682,13.81
346880200100042862,323886.3,5262819.0,2.61,3.21,0.008342702,0.01675555,0.6365142,19.51
346880200100042884,324905.5,5263545.4,4.93,6.01,0.18915579,0.4194625,1.974471,16.00
346880200100042890,325184.8,5263743.9,3.77,4.52,0.0050162384,0.010057779,1.2833364,19.13
346880200100042921,326620.2,5264766.2,2.09,2.54,0.03100146,0.06298655,1.2328284,8.61
346880200100042932,327126.9,5265128.1,3.4,4.03,0.12206587,0.26040637,1.5802937,8.14
346880200100042953,328099.0,5265820.5,2.91,3.51,0.12870052,0.2755828,1.3765694,9.14
346880200100042971,328932.0,5266413.9,2.42,2.95,0.01228642,0.024725381,0.67892355,6.42
346880200100042997,330139.9,5267273.5,3.17,3.77,0.06257115,0.12923822,1.6679964,7.26
346880200100043020,331203.0,5268031.9,2.5,3.06,0.03211388,0.06528406,1.4454644,5.92
346880200100043024,331387.8,5268163.8,3.14,3.81,0.030027032,0.06097622,1.3500092,5.91
346880300100041694,319398.2,5258827.7,14.95,15.88,0.8586625,3.9308205,2.702261,19.07
346880300100041695,319444.4,5258860.6,4.93,5.94,0.02915515,0.05917909,1.5469369,14.75
346880300100041696,319490.7,5258893.6,3.02,3.62,0.0056519886,0.011336111,0.6365142,11.53
346880300100041697,319536.6,5258926.5,2.95,3.58,0.009504789,0.019100688,0.6713436,11.67
346880300100041698,319582.7,5258959.4,3.92,4.59,0.0146949245,0.029608397,1.5025796,11.76
346880300100041699,319628.6,5258992.3,13.27,14.24,0.76692057,2.9205687,2.5275967,13.29
346880300100041710,320137.0,5259355.0,2.69,3.32,0.012632298,0.025425872,0.7170015,19.34
346880300100041711,320182.0,5259387.4,3.06,3.7,0.01283777,0.025842128,1.0713,16.98
346880300100041712,320227.8,5259420.1,3.02,3.66,0.06863994,0.14222966,1.5362287,12.00
346880300100041713,320274.3,5259453.2,6.5,7.47,0.2568846,0.59401506,1.9875534,15.56
346880300100041717,320460.4,5259585.6,2.76,3.32,0.035604455,0.072510324,1.4186604,18.48
346880300100041740,321524.3,5260343.3,3.02,3.88,0.050744355,0.10416012,1.6600566,10.99
346880300100041741,321570.3,5260376.1,4.48,5.19,0.18812604,0.4169193,1.6797982,13.50
346880300100041751,322030.2,5260704.4,2.54,3.17,0.03681156,0.07501543,1.7007492,8.33
346880300100041769,322908.2,5261330.1,2.5,3.02,0.06963863,0.14437574,1.5546669,10.68
346880300100041770,322954.1,5261362.8,4.74,5.53,0.12634361,0.2701768,1.8245187,11.46
346880300100041771,322999.8,5261395.5,3.28,4.0,0.1805089,0.3982335,1.4967167,9.94
346880300100041773,323092.3,5261461.4,2.24,2.76,0.03510476,0.07147423,1.5281537,11.94
346880300100041775,323183.5,5261526.7,2.54,3.14,0.011057298,0.022238031,1.5001681,11.10
346880300100041778,323320.9,5261624.8,4.22,5.23,0.041112628,0.083967105,1.8315772,9.70
346880300100041779,323368.2,5261658.2,3.47,4.18,0.008475784,0.01702397,1.1974838,12.15
346880300100041780,323414.4,5261691.1,2.8,3.43,0.045734238,0.093630865,1.7046771,11.72
346880300100041781,323460.5,5261723.9,3.43,4.18,0.007402387,0.014859959,1.0139788,11.35
346880300100041786,323693.3,5261889.2,3.4,4.07,0.113238394,0.24039012,1.5794011,5.99
346880300100041787,323739.9,5261922.3,3.28,3.96,0.10533773,0.22264528,1.5722314,6.41
346880300100041788,323786.5,5261955.3,2.95,3.62,0.068320915,0.1415446,1.5268205,5.90
346880300100041790,323879.6,5262021.4,2.87,3.47,0.11691025,0.2486911,1.3929088,3.79
346880300100041791,323926.0,5262054.4,2.87,3.43,0.08459603,0.1767967,1.39699,1.89
346880300100041798,324250.5,5262285.4,4.03,4.89,0.09588546,0.20162077,1.6531883,7.53
346880300100041806,324623.5,5262550.5,3.02,3.62,0.032611232,0.066312015,1.2713537,8.53
346880300100041807,324669.6,5262583.4,3.32,4.03,0.013667642,0.027524212,1.0560575,18.54
346880300100041819,325214.8,5262974.9,4.89,5.6,0.29966077,0.71268547,1.7775587,15.57
346880300100041829,325673.5,5263302.8,8.37,9.19,0.3837898,0.9689235,2.1763453,4.72
346880300100041830,325719.8,5263335.7,2.16,2.65,0.016383404,0.033038776,1.1839863,1.58
346880300100041831,325766.1,5263368.7,2.35,2.84,0.037173513,0.07576721,1.3585956,2.59
346880300100041833,325859.2,5263434.9,3.21,3.85,0.04433604,0.0907023,1.4976418,7.74
346880300100041846,326466.8,5263865.9,3.62,4.37,0.008219115,0.016506303,1.0527744,16.32
346880300100041849,326604.3,5263964.2,2.91,3.58,0.073136955,0.1519115,1.5826484,11.93
346880300100041850,326650.1,5263997.0,2.72,3.32,0.0078896405,0.01584199,0.6365142,12.06
346880300100041860,327111.6,5264326.2,2.99,3.62,0.080811664,0.168544,1.5389427,11.47
346880300100041873,327712.1,5264754.6,3.1,3.62,0.08148064,0.17000036,1.364221,6.20
346880300100041886,328315.4,5265184.0,2.28,2.8,0.015748631,0.03174845,0.9646053,1.98
346880300100041910,329425.3,5265974.8,4.82,5.64,0.12428099,0.26545912,1.9541646,3.30
346880300100041918,329796.0,5266238.8,3.73,4.52,0.005285264,0.01059862,0.91699415,7.77
346880300100041925,330120.8,5266470.1,2.46,2.99,0.064970545,0.13436429,1.2238806,7.13
346880300100041934,330539.5,5266768.0,2.65,3.21,0.04939982,0.10132899,1.5314181,6.25
346880300100041937,330678.2,5266866.8,2.57,3.21,0.058312133,0.12017064,1.6216185,7.37
346880300100041938,330724.4,5266899.8,5.57,6.57,0.25746498,0.59557885,1.957025,10.46
346880300100041944,331003.1,5267098.2,2.09,2.57,0.0061327396,0.012303324,1.4752084,7.16
346880300100041946,331095.6,5267164.1,2.61,3.25,0.053427257,0.10982143,1.6505493,8.45
346880300100041950,331281.6,5267296.5,4.26,5.0,0.20352393,0.4552352,1.6701717,4.91
346880300100041952,331374.9,5267362.8,3.58,4.14,0.16439554,0.3592726,1.441919,5.87
346880300100041955,331514.7,5267462.3,2.43,2.91,0.027811999,0.05641386,1.0684408,2.61
346880300100041958,331653.4,5267561.2,4.63,5.6,0.16691713,0.36531964,1.8932585,9.48
346880300100041988,333039.7,5268550.7,2.16,2.61,0.005241842,0.010511315,1.5609354,3.59
346880300100041991,333178.2,5268649.5,2.46,3.02,0.084853485,0.1773594,1.2801449,3.97
346880300100041996,333408.9,5268814.1,2.31,2.84,0.039384358,0.080365285,1.4008859,4.55
346880500100041603,319143.7,5257746.9,12.63,14.98,0.6297985,1.9909974,2.563392,17.63
346880500100041604,319190.2,5257779.9,4.52,5.68,0.008413456,0.016898278,0.91403145,17.46
346880500100041607,319330.8,5257879.7,16.55,18.61,0.92305076,5.1776505,2.7472796,19.25
346880500100041615,319701.4,5258143.5,7.84,8.89,0.3355911,0.8182014,2.059205,19.95
346880500100041616,319747.6,5258176.4,6.27,7.69,0.13742802,0.29573137,2.1059382,19.76
346880500100041617,319793.2,5258209.0,4.67,5.97,0.09082181,0.190452,2.0677612,17.06
346880500100041618,319839.0,5258241.7,12.51,13.45,0.8369605,3.644415,2.4179056,12.09
346880500100041619,319885.6,5258274.8,5.86,6.76,0.29065242,0.6871545,1.8688495,11.93
346880500100041620,319931.5,5258307.6,8.37,9.67,0.23613164,0.5389205,2.393487,15.28
346880500100041621,319976.6,5258340.0,6.72,7.54,0.4467395,1.1849424,1.9355708,15.43
346880500100041622,320022.4,5258372.7,5.08,5.94,0.21910557,0.4947987,1.8790288,16.05
346880500100041629,320345.0,5258602.7,2.91,3.81,0.09001155,0.18866993,1.7014022,17.89
346880500100041630,320390.7,5258635.3,5.45,6.5,0.18058278,0.39843097,2.0013611,13.12
346880500100041631,320437.0,5258668.3,3.69,4.89,0.020859584,0.042161565,0.91500545,18.05
346880500100041633,320528.3,5258733.6,16.62,17.82,0.5698874,1.6898519,2.8897405,18.52
346880500100041634,320575.2,5258766.9,5.9,7.36,0.21273546,0.47853866,2.0897682,17.70
346880500100041635,320621.9,5258800.1,6.12,6.98,0.33680335,0.82185847,1.9318206,19.27
346880500100041650,321317.2,5259295.2,3.4,4.37,0.08784942,0.18392241,1.7883389,19.62
346880500100041651,321363.7,5259328.2,2.91,3.69,0.008237453,0.01654331,1.2858163,14.72
346880500100041652,321409.8,5259361.1,3.21,3.96,0.10803528,0.22869171,1.5330567,13.71
346880500100041653,321456.4,5259394.2,3.36,4.14,0.040891644,0.083506905,1.7237537,15.64
346880500100041654,321502.9,5259427.2,3.17,3.96,0.0140625425,0.028325222,1.2109821,19.29
346880500100041660,321780.3,5259624.7,2.95,3.69,0.12514602,0.26744378,1.5443623,17.57
346880500100041665,322010.2,5259788.5,3.69,4.59,0.0126527585,0.025467385,1.178815,17.40
346880500100041666,322056.7,5259821.6,3.55,4.4,0.013083533,0.026340194,1.1897783,16.18
346880500100041667,322102.8,5259854.4,3.13,3.88,0.02451459,0.049641717,1.5643067,15.45
346880500100041668,322149.2,5259887.3,2.72,3.4,0.041039184,0.08381463,1.6990794,13.63
346880500100041669,322195.0,5259920.1,3.28,4.11,0.050493307,0.10363229,1.820938,15.08
346880500100041670,322241.0,5259952.8,2.69,3.32,0.016168114,0.032601163,1.061521,17.04
346880500100041671,322286.7,5259985.5,2.65,3.28,0.018431844,0.037208535,1.0639482,17.31
346880500100041672,322332.0,5260017.9,3.32,4.14,0.060971417,0.12582894,1.7918476,17.80
346880500100041673,322377.4,5260050.4,2.76,3.51,0.04389649,0.089783356,1.751736,16.24
346880500100041674,322423.3,5260083.1,4.07,5.0,0.115283914,0.24501647,1.8102554,12.78
346880500100041675,322469.5,5260116.0,3.43,4.59,0.06033344,0.12447037,1.9683126,11.57
346880500100041676,322516.6,5260149.4,5.82,7.21,0.12820706,0.27445647,2.2030756,18.67
346880500100041680,322803.1,5260351.8,3.92,4.85,0.10099937,0.21297276,1.8773208,14.90
346880500100041681,322850.1,5260385.1,2.5,3.06,0.027209273,0.05517454,1.23681,8.20
346880500100041682,322896.7,5260418.3,2.13,2.61,0.014296982,0.028800864,1.1849401,5.06
346880500100041683,322943.0,5260451.3,2.13,2.65,0.02479968,0.050226353,1.2067591,6.86
346880500100041684,322988.9,5260484.1,2.2,2.72,0.023817893,0.048213728,1.118933,10.71
346880500100041685,323034.5,5260516.8,2.87,3.51,0.0507949,0.104267746,1.5061911,15.05
346880500100041686,323079.9,5260549.3,3.02,3.81,0.019496297,0.0393787,1.2111456,16.42
346880500100041687,323125.2,5260581.8,3.06,3.88,0.034525726,0.0702748,1.8356818,16.07
346880500100041688,323170.7,5260614.4,2.27,2.84,0.016694508,0.033671584,0.8159304,13.69
346880500100041689,323216.2,5260647.0,3.62,4.4,0.09475036,0.19911493,1.6569206,17.62
346880500100041691,323306.9,5260712.1,4.29,5.15,0.131584,0.28222156,1.8096228,17.95
346880500100041692,323353.0,5260745.0,3.02,3.77,0.04846833,0.09937095,1.7507181,15.85
346880500100041693,323398.5,5260777.6,3.66,4.48,0.09064772,0.19006898,1.7777046,16.08
346880500100041694,323443.8,5260810.2,4.14,5.0,0.24795619,0.5701475,1.5764918,10.59
346880500100041695,323490.6,5260843.4,4.59,5.75,0.012877352,0.025922393,0.9073042,16.12
346880500100041696,323536.4,5260876.2,3.84,5.08,0.044927668,0.09194182,1.7542832,14.87
346880500100041697,323582.6,5260909.1,2.54,3.13,0.01737793,0.035062175,0.9050511,8.67
346880500100041698,323628.6,5260942.0,3.32,4.48,0.073405005,0.15249248,1.8522943,14.32
346880500100041699,323675.9,5260975.5,4.07,5.04,0.017897272,0.03611956,1.76447,19.85
346880500100041700,323722.9,5261008.8,2.8,3.43,0.061530065,0.12701932,1.4399631,14.99
346880500100041701,323769.7,5261042.1,2.54,3.1,0.039589517,0.08079317,1.5226436,12.94
346880500100041702,323816.3,5261075.2,3.13,3.88,0.060778312,0.12541762,1.7236006,17.65
346880500100041703,323863.0,5261108.4,2.95,3.66,0.02229217,0.045090087,1.5267447,16.79
346880500100041704,323909.2,5261141.3,3.17,3.84,0.031007519,0.06299938,1.2403948,16.42
346880500100041705,323954.8,5261173.9,3.21,3.99,0.051768716,0.10632094,1.7323078,16.14
346880500100041706,324000.6,5261206.6,2.91,3.66,0.02848264,0.05779441,1.7709612,12.89
346880500100041707,324046.6,5261239.4,2.61,3.25,0.058665913,0.12092376,1.4613726,10.16
346880500100041708,324092.7,5261272.3,2.31,2.87,0.06511193,0.13466865,1.47195,7.28
346880500100041709,324138.8,5261305.2,2.46,3.06,0.025865573,0.052413687,1.6374928,7.05
346880500100041710,324185.1,5261338.1,2.39,2.95,0.015661882,0.031572282,0.7577223,13.64
346880500100041711,324230.2,5261370.4,2.76,3.47,0.0137380455,0.027667057,0.944629,15.97
346880500100041712,324275.5,5261402.9,3.55,4.37,0.14896707,0.3226783,1.6628034,10.42
346880500100041713,324415.4,5261502.2,5.15,6.16,0.17975757,0.39641675,1.9235647,15.41
346880500100041714,324462.8,5261535.7,4.44,5.49,0.023510365,0.04758373,1.9400693,17.35
346880500100041715,324509.9,5261569.0,4.26,5.3,0.15325011,0.33277377,1.7979238,13.68
346880500100041716,324557.0,5261602.4,3.13,3.99,0.06324982,0.13068832,1.8596786,10.06
346880500100041717,324603.8,5261635.6,2.31,2.84,0.02353566,0.04763554,1.3819538,4.85
346880500100041718,324650.3,5261668.7,2.13,2.65,0.06059674,0.12503095,1.1641626,2.21
346880500100041719,324696.6,5261701.6,2.05,2.57,0.01407006,0.028340474,1.3136685,3.31
346880500100041720,324742.7,5261734.5,2.24,2.8,0.011608323,0.023352798,1.3239814,9.47
346880500100041721,324788.4,5261767.1,2.39,2.98,0.013168029,0.026511436,0.7382654,18.62
346880500100041724,324922.5,5261863.6,5.86,6.95,0.23161185,0.52711236,2.0283751,18.41
346880500100041729,325157.1,5262030.0,5.49,6.5,0.16907157,0.37051547,1.9782128,18.49
346880500100041730,325204.6,5262063.7,5.68,6.5,0.11350224,0.24099155,1.8519355,16.71
346880500100041731,325252.1,5262097.2,3.28,4.03,0.07354464,0.15279394,1.7576685,14.57
346880500100041732,325299.1,5262130.6,3.21,3.99,0.07902679,0.16466625,1.8128674,12.47
346880500100041733,325346.1,5262164.0,2.91,3.69,0.048271824,0.09895791,1.8004142,12.58
346880500100041734,325393.1,5262197.3,3.62,4.48,0.10881586,0.23044325,1.7598512,12.60
346880500100041735,325440.1,5262230.7,3.66,4.48,0.13740517,0.29567838,1.6842153,11.34
346880500100041736,325486.9,5262264.0,3.21,3.99,0.011365442,0.022861375,1.0372525,13.35
346880500100041737,325533.0,5262296.9,3.88,4.82,0.11544724,0.24538584,1.8310328,15.68
346880500100041738,325579.1,5262329.7,3.43,4.33,0.03650133,0.074371874,1.8488528,16.88
346880500100041739,325624.7,5262362.4,3.88,4.74,0.1363063,0.29313117,1.6667615,18.98
346880500100041740,325670.3,5262395.0,3.4,4.22,0.01552778,0.03129982,1.1709985,19.99
346880500100041742,325760.7,5262460.0,2.87,3.66,0.07741249,0.16116294,1.7358599,19.10
346880500100041743,325806.0,5262492.4,3.32,4.11,0.008722835,0.017522398,1.5994089,18.71
346880500100041744,325851.3,5262524.9,2.69,3.32,0.01315052,0.026475951,1.0798869,17.98
346880500100041745,325896.5,5262557.4,2.98,3.81,0.11433318,0.2428677,1.6201143,15.52
346880500100041746,325942.0,5262590.0,3.32,4.07,0.059027832,0.12169298,1.7404879,11.27
346880500100041748,326036.3,5262656.8,2.2,2.69,0.0185513,0.037451956,1.3640528,14.55
346880500100041749,326081.9,5262689.4,2.98,3.66,0.04486448,0.09180949,1.3024511,18.33
346880500100041750,326127.1,5262721.9,3.25,3.96,0.04913504,0.10077297,1.7166826,18.24
346880500100041751,326172.3,5262754.3,3.25,4.03,0.031298086,0.06359925,1.5354369,16.89
346880500100041752,326217.6,5262786.7,3.62,4.48,0.03518433,0.0716397,1.8756073,17.26
346880500100041753,326263.0,5262819.2,3.43,4.41,0.09711919,0.20435674,1.7921755,17.36
346880500100041754,326308.8,5262852.0,2.91,3.62,0.01523101,0.030696983,1.0721179,15.42
346880500100041755,326354.4,5262884.6,2.99,3.7,0.06676556,0.13821001,1.7150788,14.95
346880500100041756,326399.7,5262917.1,3.21,3.99,0.016193436,0.032652643,1.5253083,16.06
346880500100041757,326445.1,5262949.6,2.35,2.95,0.02657093,0.053862482,1.4566773,12.89
346880500100041758,326491.0,5262982.3,2.46,3.13,0.04636137,0.09494673,1.6751796,10.84
346880500100041759,326536.8,5263015.1,2.13,2.65,0.03923694,0.08005901,1.4463805,8.47
346880500100041760,326582.8,5263047.9,2.01,2.5,0.007376733,0.01480829,1.4410363,5.59
346880500100041761,326629.0,5263080.8,2.01,2.5,0.023660475,0.047891222,1.1562766,1.91
346880500100041762,326675.3,5263113.7,2.09,2.57,0.040054243,0.08176128,1.286113,1.13
346880500100041763,326721.6,5263146.7,2.01,2.5,0.023113996,0.046772018,1.2505474,1.38
346880500100041764,326767.8,5263179.6,1.98,2.46,0.033809982,0.06879254,1.2481608,1.25
346880500100041765,326814.1,5263212.6,1.98,2.46,0.027717235,0.056219224,1.2146266,1.55
346880500100041766,326860.4,5263245.6,1.98,2.42,0.0024241565,0.004854214,0.93162173,2.75
346880500100041767,326906.5,5263278.4,3.13,3.88,0.1316538,0.2823824,1.4680086,3.80
346880500100041768,326952.7,5263311.4,2.05,2.57,0.041774966,0.085349925,1.4656062,2.53
346880500100041769,326999.0,5263344.3,7.25,8.03,0.4890146,1.3442732,2.001073,1.41
346880500100041770,327045.3,5263377.3,2.16,2.69,0.045610588,0.0933726,1.437168,1.14
346880500100041771,327091.5,5263410.2,2.2,2.76,0.039537627,0.08068512,1.4210554,1.82
346880500100041772,327137.7,5263443.1,6.39,7.21,0.39820006,1.0164384,1.9129751,1.61
346880500100041773,327184.0,5263476.1,5.3,6.16,0.28152788,0.66156614,1.8011683,1.15
346880500100041774,327230.3,5263509.1,5.53,6.35,0.32379296,0.7829547,1.8084396,0.88
346880500100041775,327276.6,5263542.1,2.2,2.8,0.041932154,0.08567806,1.6171782,4.41
346880500100041776,327323.0,5263575.0,4.78,5.45,0.35475257,0.8768074,1.6009746,4.88
346880500100041777,327369.2,5263608.0,3.88,4.82,0.12081122,0.257555,1.8320419,4.88
346880500100041778,327415.6,5263641.0,3.43,4.18,0.03870291,0.07894753,1.6932151,6.49
346880500100041779,327462.0,5263674.0,2.84,3.51,0.064038,0.13237211,1.4928187,6.55
346880500100041780,327508.2,5263707.0,3.85,4.74,0.16836233,0.36880824,1.6718365,6.36
346880500100041781,327554.6,5263740.0,2.54,3.1,0.015762793,0.031777333,1.0444343,6.11
346880500100041782,327600.7,5263772.9,2.31,2.87,0.051634774,0.106038414,1.2792035,5.17
346880500100041783,327646.9,5263805.8,2.09,2.61,0.05956639,0.12283817,1.3941692,4.76
346880500100041784,327693.2,5263838.8,2.16,2.69,0.051251903,0.10523103,1.2181324,3.17
346880500100041785,327739.5,5263871.8,2.05,2.57,0.030217038,0.06136837,1.4156748,3.55
346880500100041786,327785.7,5263904.7,1.98,2.5,0.027020538,0.054786526,1.1052539,4.18
346880500100041787,327832.0,5263937.7,2.31,2.87,0.05925874,0.1221839,1.3623023,3.55
346880500100041788,327878.3,5263970.7,1.98,2.5,0.014102254,0.028405784,1.5493795,4.65
346880500100041789,327924.5,5264003.6,2.5,3.17,0.0733612,0.15239792,1.4709285,5.59
346880500100041790,327970.8,5264036.6,2.39,2.99,0.07132123,0.14799893,1.4593058,4.64
346880500100041791,328017.1,5264069.6,2.16,2.69,0.043634795,0.089235954,1.308427,4.04
346880500100041792,328063.6,5264102.7,2.57,3.13,0.019303903,0.038986277,1.0968465,5.13
346880500100041793,328109.9,5264135.7,1.98,2.46,0.019412333,0.039207432,1.1928146,4.64
346880500100041794,328156.1,5264168.6,2.09,2.57,0.037091397,0.07559721,1.2922508,3.86
346880500100041795,328202.4,5264201.6,2.65,3.32,0.092182964,0.19344926,1.4589216,5.66
346880500100041796,328248.9,5264234.6,2.09,2.57,0.04275456,0.087395795,1.3785677,6.25
346880500100041797,328295.1,5264267.6,1.98,2.46,0.017065069,0.034425464,1.023172,5.39
346880500100041798,328341.5,5264300.6,2.13,2.61,0.016487826,0.03325123,1.2128377,5.92
346880500100041799,328387.6,5264333.5,2.35,2.91,0.04275239,0.08739126,1.2938519,7.65
346880500100041800,328433.9,5264366.5,2.69,3.32,0.047622237,0.097593136,1.6074325,8.51
346880500100041801,328480.4,5264399.6,2.13,2.65,0.042592477,0.08705714,1.3990636,7.83
346880500100041802,328526.9,5264432.7,2.46,3.02,0.03885386,0.07926164,1.5007972,7.70
346880500100041803,328573.2,5264465.6,2.72,3.36,0.01669,0.033662416,1.0735215,8.02
346880500100041804,328619.8,5264498.8,2.87,3.55,0.09708791,0.20428744,1.4613022,8.63
346880500100041805,328666.5,5264532.0,2.24,2.76,0.02155752,0.043587763,0.8467351,5.69
346880500100041806,328712.6,5264564.9,1.98,2.42,0.04312078,0.08816118,1.2498177,4.17
346880500100041807,328758.7,5264597.8,2.2,2.72,0.015783047,0.031818494,1.1101747,5.94
346880500100041808,328804.5,5264630.5,2.46,3.13,0.058826678,0.12126541,1.5018573,6.62
346880500100041809,328850.7,5264663.4,2.16,2.69,0.025915315,0.052515823,1.4297059,3.54
346880500100041810,328897.1,5264696.5,2.91,3.66,0.10358455,0.21873394,1.5752865,6.07
346880500100041811,328943.7,5264729.6,2.2,2.69,0.020930294,0.042306013,0.9802529,5.63
346880500100041812,328989.9,5264762.6,1.98,2.5,0.036562067,0.07449797,1.3509758,3.14
346880500100041813,329036.2,5264795.5,2.13,2.65,0.029059045,0.05898146,1.2309396,3.77
346880500100041814,329082.6,5264828.6,2.35,2.91,0.06297747,0.13010684,1.4235264,4.92
346880500100041815,329129.2,5264861.8,2.2,2.72,0.063367285,0.13093917,1.281885,3.21
346880500100041816,329175.3,5264894.7,3.13,3.77,0.15297523,0.33212432,1.3641994,3.86
346880500100041817,329222.0,5264927.9,2.5,3.1,0.02529208,0.051236518,1.1406631,5.58
346880500100041818,329268.4,5264960.9,1.94,2.39,0.024685686,0.049992565,1.2713338,2.93
346880500100041819,329314.8,5264993.9,2.24,2.8,0.06685314,0.13839775,1.310778,3.37
346880500100041820,329361.3,5265027.0,2.13,2.61,0.029236453,0.059346955,1.2075416,3.51
346880500100041821,329407.7,5265060.1,2.2,2.72,0.04427642,0.090578355,1.3482215,3.42
346880500100041822,329454.1,5265093.1,2.01,2.46,0.034694273,0.07062401,1.1060766,2.96
346880500100041823,329500.4,5265126.1,2.01,2.5,0.040894266,0.08351237,1.3278422,2.53
346880500100041824,329546.9,5265159.2,2.28,2.8,0.031349882,0.06370621,1.105435,4.36
346880500100041825,329593.6,5265192.4,2.87,3.55,0.053062532,0.109052084,1.6270556,7.83
346880500100041826,329640.3,5265225.6,2.09,2.57,0.041378506,0.084522516,1.2425003,3.43
346880500100041827,329686.6,5265258.6,2.2,2.72,0.051630907,0.10603025,1.3868488,5.40
346880500100041828,329733.5,5265291.9,2.99,3.7,0.059472498,0.12263847,1.7124883,8.69
346880500100041829,329780.2,5265325.1,2.84,3.62,0.057137076,0.11767766,1.6269557,4.83
346880500100041830,329826.6,5265358.2,2.39,2.95,0.035152413,0.07157353,1.349359,3.11
346880500100041831,329873.1,5265391.3,2.05,2.54,0.027897509,0.056590114,1.1394452,3.49
346880500100041832,329919.6,5265424.4,3.7,4.41,0.12936969,0.2771265,1.6715531,4.37
346880500100041833,329965.6,5265457.3,2.95,3.66,0.05945101,0.12259277,1.7164791,8.08
346880500100041834,330011.7,5265490.2,2.2,2.69,0.05313785,0.10921119,1.1502013,3.32
346880500100041835,330058.0,5265523.2,2.01,2.46,0.011820797,0.023782793,1.1948073,9.07
346880500100041836,330103.7,5265555.9,2.24,2.76,0.027337799,0.055438817,1.3419993,11.38
346880500100041837,330149.7,5265588.8,2.28,2.8,0.019932495,0.040268686,1.0254301,9.79
346880500100041838,330195.4,5265621.5,2.42,3.02,0.083653845,0.17474203,1.3780189,7.87
346880500100041839,330241.6,5265654.5,2.01,2.5,0.024193691,0.04898386,1.4104211,2.88
346880500100041840,330287.9,5265687.5,2.01,2.5,0.025961436,0.05261053,1.1604124,1.92
346880500100041841,330334.1,5265720.5,2.01,2.5,0.033499107,0.068149075,1.420744,1.66
346880500100041842,330380.4,5265753.5,2.05,2.54,0.016214741,0.032695957,1.4268153,2.23
346880500100041844,330472.8,5265819.5,2.05,2.54,0.03761458,0.07668429,1.226312,1.82
346880500100041845,330519.1,5265852.5,2.2,2.76,0.066786595,0.1382551,1.2955855,0.67
346880500100041846,330565.4,5265885.5,4.56,5.79,0.16939327,0.37129036,1.9345897,1.45
346880500100041847,330611.6,5265918.5,4.52,5.45,0.19823901,0.44202244,1.8364829,2.18
346880500100041848,330657.9,5265951.5,7.4,8.22,0.46477896,1.2513816,2.019483,2.65
346880500100041849,330704.5,5265984.7,2.09,2.57,0.01699657,0.034286086,0.9472468,4.17
346880500100041850,330750.8,5266017.8,2.13,2.65,0.0475418,0.09742421,1.4304296,3.46
346880500100041851,330797.3,5266050.9,2.46,3.1,0.066006556,0.13658378,1.6267275,7.00
346880500100041852,330844.0,5266084.1,2.31,2.87,0.056593675,0.11652515,1.4521642,6.57
346880500100041853,330890.5,5266117.3,2.28,2.84,0.040753387,0.0832186,1.4337971,4.48
346880500100041854,330936.9,5266150.4,2.09,2.57,0.043997083,0.08999382,1.1507956,2.62
346880500100041855,330983.3,5266183.5,2.16,2.69,0.03324394,0.067621075,1.3926637,3.35
346880500100041856,331029.8,5266216.6,2.2,2.76,0.05701558,0.11741991,1.3893847,4.00
346880500100041857,331076.3,5266249.7,2.42,3.02,0.048859604,0.10019364,1.4726167,3.84
346880500100041858,331122.6,5266282.8,2.09,2.61,0.02132859,0.043119848,1.4544927,6.19
346880500100041859,331168.6,5266315.7,2.09,2.57,0.045272976,0.09266514,1.3341252,6.02
346880500100041860,331214.9,5266348.7,2.2,2.76,0.054676697,0.11246472,1.3032681,2.67
346880500100041861,331261.5,5266381.8,2.31,2.87,0.0592934,0.122257605,1.4837428,5.46
346880500100041862,331308.0,5266415.0,2.5,3.06,0.053386796,0.10973717,1.3709908,6.12
346880500100041863,331354.5,5266448.1,2.39,2.95,0.04563257,0.093418665,1.4868842,5.50
346880500100041864,331401.0,5266481.2,2.2,2.72,0.047084898,0.096464895,1.4239033,4.45
346880500100041865,331447.5,5266514.3,2.35,2.99,0.07627389,0.15869565,1.3798229,4.62
346880500100041866,331494.1,5266547.5,2.99,3.77,0.07843832,0.16338846,1.5861052,5.14
346880500100041867,331540.6,5266580.6,2.87,3.58,0.092466585,0.19407435,1.6314313,4.82
346880500100041868,331587.2,5266613.7,2.46,3.1,0.06736652,0.13949856,1.5246278,5.54
346880500100041869,331633.7,5266646.9,2.57,3.25,0.09064172,0.19005577,1.4889258,5.48
346880500100041870,331680.4,5266680.0,2.84,3.47,0.102290586,0.21584821,1.4025358,6.01
346880500100041871,331727.1,5266713.2,2.76,3.47,0.031780966,0.06459655,1.7203004,8.17
346880500100041872,331773.7,5266746.4,2.16,2.69,0.047153946,0.09660984,1.4250889,6.65
346880500100041873,331820.2,5266779.5,2.31,2.84,0.026627064,0.05397783,1.4261626,5.40
346880500100041874,331866.6,5266812.5,2.39,2.99,0.069187045,0.14340717,1.4511483,4.48
346880500100041875,331912.9,5266845.5,2.24,2.76,0.028817605,0.058484152,1.3549011,6.09
346880500100041876,331958.9,5266878.3,2.09,2.57,0.035010543,0.07127946,1.3217611,5.60
346880500100041877,332005.8,5266911.6,3.28,4.07,0.028843826,0.058538154,1.42471,10.90
346880500100041878,332052.5,5266944.8,2.39,2.95,0.052681454,0.108247265,1.5429906,9.45
346880500100041879,332099.1,5266977.9,2.65,3.28,0.038767762,0.07908248,1.6982284,8.72
346880500100041880,332145.5,5267010.9,2.35,2.91,0.027148684,0.055049967,1.4264923,6.59
346880500100041881,332192.0,5267044.0,2.39,2.95,0.04828164,0.09897854,1.343471,5.96
346880500100041882,332238.4,5267077.0,2.39,2.95,0.06484393,0.1340953,1.5521519,5.35
346880500100041883,332284.8,5267110.0,2.05,2.54,0.0077015213,0.015462814,0.80514157,7.05
346880500100041884,332330.9,5267142.9,2.39,2.99,0.058644295,0.12087782,1.498364,6.32
346880500100041885,332377.5,5267176.0,4.03,5.0,0.15161008,0.32890207,1.7936033,7.07
346880500100041886,332424.3,5267209.2,2.27,2.8,0.03426745,0.0697398,1.3334429,4.01
346880500100041887,332470.7,5267242.2,2.05,2.5,0.031421486,0.06385407,1.3068827,4.50
346880500100041888,332517.1,5267275.3,2.39,2.99,0.05176038,0.10630335,1.4617683,7.71
346880500100041889,332563.6,5267308.4,2.57,3.21,0.04985431,0.10228661,1.4820924,10.23
346880500100041890,332610.3,5267341.6,3.13,3.92,0.07329977,0.15226531,1.7662156,15.82
346880500100041894,332798.8,5267475.2,3.81,4.59,0.01262083,0.025402708,1.2243587,16.99
346880500100041895,332845.3,5267508.3,1.98,2.46,0.027664138,0.056110002,1.4444278,5.68
346880500100041896,332891.2,5267541.1,2.31,2.84,0.013500084,0.027184548,1.2235167,12.08
346880500100041897,332936.9,5267573.8,2.91,3.62,0.025177732,0.051001884,1.6565732,15.16
346880500100041898,332982.4,5267606.4,3.1,3.81,0.0787248,0.16401042,1.6139154,15.56
346880500100041899,333028.0,5267639.0,2.98,3.69,0.026448853,0.053611666,1.7212588,15.18
346880500100041900,333073.6,5267671.7,2.61,3.25,0.05236038,0.107569434,1.6254984,9.95
346880500100041901,333119.6,5267704.6,2.13,2.69,0.05391631,0.11085639,1.3636678,5.85
346880500100041902,333165.9,5267737.6,2.5,3.1,0.06544818,0.13538824,1.4056094,5.03
346880500100041903,333212.2,5267770.6,2.27,2.8,0.041207165,0.08416504,1.2738554,10.06
346880500100041904,333257.9,5267803.3,3.25,3.96,0.06004464,0.12385567,1.5940334,14.16
346880500100041905,333304.0,5267836.2,3.73,4.59,0.063569255,0.13137056,1.8682922,17.11
346880500100041906,333350.0,5267869.1,3.13,3.96,0.013332726,0.026845267,0.65682214,17.69
346880500100041907,333395.9,5267901.9,3.7,4.48,0.064679176,0.13374291,1.6639565,16.06
346880500100041908,333441.5,5267934.6,2.8,3.55,0.074035004,0.15385303,1.7012702,11.36
346880500100041909,333487.9,5267967.7,2.99,3.73,0.07408539,0.15396188,1.766982,12.64
346880500100041910,333533.9,5268000.5,2.54,3.1,0.046646137,0.095544115,1.4371301,13.08
346880500100041911,333579.8,5268033.4,2.16,2.72,0.022672152,0.045867573,0.8658679,13.05
346880500100041912,333626.0,5268066.4,2.91,3.55,0.023445413,0.04745069,1.3185986,12.41
346880500100041913,333671.9,5268099.2,3.25,4.03,0.09580455,0.20144598,1.5721792,13.74
346880500100041914,333717.9,5268132.0,3.51,4.33,0.028853538,0.058558155,1.8529449,13.99
346880500100041915,333763.4,5268164.7,2.69,3.4,0.046177696,0.09456152,1.7421663,12.76
346880500100041916,333809.5,5268197.6,4.29,5.12,0.087931916,0.18410334,1.7652123,15.29
346880500100041917,333855.2,5268230.3,3.13,3.92,0.037317537,0.07606702,1.7366204,14.23
346880500100041918,333901.2,5268263.2,2.54,3.17,0.018374145,0.03709097,1.5673406,9.29
346880500100041919,333947.4,5268296.1,2.57,3.51,0.061893333,0.12779377,1.7254002,10.42
346880500100041920,333993.9,5268329.3,3.66,4.44,0.0968801,0.20382705,1.6895136,14.93
346880500100041921,334040.0,5268362.2,3.17,3.92,0.06515249,0.13475543,1.7182183,14.26
346880500100041922,334086.0,5268395.0,2.65,3.36,0.07765747,0.16169418,1.5844526,11.94
346880600100072204,319264.4,5257043.9,4.07,4.89,0.12866504,0.27550635,1.7591811,11.13
346880600100072205,319310.7,5257076.8,2.76,3.4,0.032154538,0.065368354,1.306504,18.31
346880600100072206,319356.2,5257109.4,2.65,3.32,0.015182179,0.030597795,0.9525658,18.01
346880600100072207,319401.9,5257142.1,2.35,2.91,0.032898497,0.06690642,1.576177,12.29
346880600100072208,319447.9,5257174.8,2.13,2.61,0.01354469,0.02727497,0.95104575,10.42
346880600100072209,319494.0,5257207.7,2.61,3.21,0.027081959,0.054912735,0.93875235,14.67
346880600100072212,319630.0,5257305.0,3.92,4.78,0.09686003,0.2037818,1.8216481,15.78
346880600100072213,319676.2,5257338.0,2.57,3.17,0.03191948,0.06488263,1.3601454,14.59
346880600100072214,319722.1,5257370.7,2.42,2.98,0.027507983,0.05578875,1.0830935,16.34
346880600100072215,319767.5,5257403.2,3.47,4.26,0.045026165,0.09214796,1.8233608,19.00
346880600100072226,320266.4,5257760.2,3.43,4.29,0.032800656,0.06670407,1.8007447,18.88
346880600100072238,320819.8,5258154.6,3.66,4.44,0.052963145,0.10884193,1.7552688,19.49
346880600100072242,321003.8,5258285.9,4.22,5.45,0.09604861,0.20198525,2.0492601,18.78
346880600100072243,321049.9,5258318.7,2.57,3.25,0.056554276,0.11644136,1.6282611,13.77
346880600100072244,321096.1,5258351.7,3.4,4.11,0.10022723,0.2112544,1.4972248,6.16
346880600100072245,321142.6,5258384.8,2.13,2.65,0.04615348,0.09451056,1.4535803,6.06
346880600100072246,321188.4,5258417.4,3.47,4.18,0.12378824,0.26433975,1.5604782,13.18
346880600100072247,321233.8,5258450.0,4.26,5.45,0.11929868,0.2541148,2.0046403,15.58
346880600100072249,321325.1,5258515.2,2.65,3.28,0.048334982,0.09909048,1.57872,12.26
346880600100072250,321370.8,5258547.9,2.31,2.91,0.022906024,0.046346214,1.6590073,6.80
346880600100072251,321417.0,5258580.8,3.36,4.37,0.10416212,0.22002244,1.8241696,11.13
346880600100072252,321463.5,5258613.9,2.46,3.06,0.016932216,0.03415513,0.9233973,12.72
346880600100072253,321509.1,5258646.5,2.91,3.62,0.008243186,0.016554868,0.9551004,16.59
346880600100072254,321554.5,5258679.0,2.87,3.58,0.017813135,0.03594819,1.1456691,14.86
346880600100072255,321599.8,5258711.4,3.69,4.55,0.013081801,0.026336672,1.2263045,11.31
346880600100072256,321646.3,5258744.5,3.73,5.0,0.01832524,0.0369913,1.4977996,15.32
346880600100072257,321692.9,5258777.7,7.66,9.23,0.11365918,0.24134465,2.2968173,15.55
346880600100072258,321739.2,5258810.6,10.68,11.99,0.44953504,1.1950628,2.4819849,14.74
346880600100072259,321785.9,5258843.8,4.11,5.04,0.008718655,0.017513959,1.2174456,16.68
346880600100072260,321832.7,5258877.0,3.77,4.82,0.07488342,0.15568627,1.983524,16.77
346880600100072261,321879.5,5258910.3,3.4,4.22,0.046246856,0.09470639,1.8525658,15.09
346880600100072262,321926.0,5258943.4,2.91,3.73,0.019816559,0.04003207,1.5372686,15.15
346880600100072263,321972.2,5258976.2,2.76,3.58,0.10293351,0.21728061,1.5616692,14.47
346880600100072264,322017.9,5259008.9,6.31,7.99,0.15224555,0.33039927,2.2650099,15.63
346880600100072265,322064.0,5259041.7,2.69,3.36,0.05959483,0.12289838,1.6144353,15.32
346880600100072266,322110.5,5259074.8,2.65,3.25,0.020580063,0.041590635,1.1204844,11.21
346880600100072267,322156.7,5259107.7,3.96,4.89,0.008167594,0.016402429,1.2261077,13.52
346880600100072268,322203.4,5259140.8,3.17,3.88,0.046224277,0.09465904,1.6932058,12.79
346880600100072269,322249.7,5259173.8,5.9,8.4,0.13600743,0.2924373,2.4184778,12.58
346880600100072270,322295.7,5259206.6,4.22,6.12,0.124678746,0.2663741,2.1257496,12.12
346880600100072271,322341.7,5259239.4,2.57,3.36,0.09173179,0.19245456,1.6305994,15.14
346880600100072273,322436.9,5259306.6,5.12,6.27,0.20181772,0.4509712,1.9384514,19.38
346880600100072274,322484.1,5259340.1,3.21,3.99,0.081079,0.16912828,1.7384155,11.01
346880600100072275,322530.6,5259373.1,2.35,2.91,0.01600605,0.0322717,1.1357411,9.71
346880600100072276,322576.6,5259405.9,2.61,3.32,0.015951736,0.032161307,1.2231224,15.24
346880600100072277,322622.1,5259438.4,3.06,3.88,0.031940788,0.06492666,1.7172406,17.49
346880600100072278,322667.8,5259471.0,2.46,3.06,0.014872322,0.0299686,1.0856228,19.36
346880600100072280,322758.4,5259535.7,5.04,6.2,0.19530004,0.4346963,1.9271756,14.25
346880600100072283,322902.1,5259637.1,3.81,4.82,0.065018654,0.13446875,1.9702134,19.30
346880600100072287,323092.6,5259771.8,4.14,5.08,0.00786171,0.015785705,1.1468064,19.96
346880600100072288,323139.9,5259805.3,3.13,3.81,0.047473274,0.09728013,1.3454446,15.90
346880600100072289,323186.6,5259838.5,2.69,3.28,0.017103817,0.034504287,1.0707767,9.60
346880600100072290,323232.9,5259871.4,2.05,2.57,0.039147362,0.079872414,1.3788444,3.20
346880600100072291,323279.2,5259904.4,2.05,2.54,0.035119183,0.071504556,1.40468,2.74
346880600100072292,323325.6,5259937.5,2.24,2.8,0.054768156,0.11265802,1.1598977,4.38
346880600100072293,323372.1,5259970.6,2.24,2.76,0.032085933,0.06522658,1.2918298,6.47
346880600100072294,323418.5,5260003.6,2.65,3.36,0.035292476,0.071863815,1.7024124,9.60
346880600100072295,323465.2,5260036.8,3.13,3.92,0.040661275,0.08302641,1.744896,12.91
346880600100072296,323512.0,5260070.1,3.36,4.14,0.097119845,0.2043574,1.588422,15.41
346880600100072297,323558.7,5260103.3,3.4,4.14,0.079387985,0.16545045,1.7220578,16.94
346880600100072298,323605.3,5260136.5,4.55,5.64,0.143374,0.3095696,1.9347382,18.73
346880600100072299,323651.9,5260169.7,3.81,4.63,0.010318082,0.020743629,1.5251851,19.43
346880600100072300,323698.4,5260202.8,3.66,4.55,0.006399223,0.012839673,0.8366897,19.06
346880600100072301,323744.6,5260235.8,3.32,4.14,0.025626596,0.05192302,1.2224044,17.82
346880600100072302,323790.6,5260268.6,3.32,4.18,0.043453503,0.088856675,1.7418964,17.32
346880600100072303,323836.1,5260301.2,2.76,3.51,0.043840434,0.08966594,1.8077952,17.07
346880600100072304,323882.2,5260334.1,2.8,3.51,0.02895758,0.05877239,1.3521545,13.26
346880600100072305,323928.1,5260366.9,2.91,3.62,0.013190024,0.026556004,1.427164,14.29
346880600100072306,323974.0,5260399.7,3.43,4.29,0.025542956,0.051751338,1.6023166,16.73
346880600100072307,324020.2,5260432.7,4.18,5.12,0.1533611,0.33303395,1.7730795,16.44
346880600100072308,324065.9,5260465.4,2.8,3.47,0.059644964,0.123005025,1.6235287,15.09
346880600100072309,324111.6,5260498.1,2.42,3.06,0.021862388,0.04421103,1.2739656,12.97
346880600100072310,324157.4,5260530.8,2.42,3.02,0.017232398,0.03476595,0.9036792,12.15
346880600100072311,324203.2,5260563.5,2.65,3.28,0.024922796,0.05047883,1.4184006,12.94
346880600100072312,324248.9,5260596.2,2.65,3.32,0.005967745,0.011971335,0.8884593,13.86
346880600100072313,324294.6,5260628.9,2.39,2.98,0.037808727,0.07708773,1.540527,11.85
346880600100072314,324340.5,5260661.7,2.24,2.84,0.01794422,0.03621515,1.313278,9.36
346880600100072315,324386.5,5260694.5,2.09,2.57,0.039694037,0.08101075,1.3878525,7.83
346880600100072316,324432.3,5260727.2,2.09,2.57,0.04799055,0.09836666,1.3643403,8.00
346880600100072317,324478.3,5260760.0,1.98,2.46,0.038331423,0.0781746,1.2881769,7.66
346880600100072318,324524.4,5260792.9,1.98,2.42,0.021523224,0.043517623,1.0083864,8.83
346880600100072319,324570.2,5260825.6,2.24,2.76,0.036343765,0.074044704,1.2076455,12.28
346880600100072320,324615.7,5260858.2,2.2,2.72,0.02780747,0.056404807,1.0239398,12.69
346880600100072321,324661.6,5260890.9,2.31,2.87,0.02528771,0.0512275,1.2336074,12.64
346880600100072322,324706.9,5260923.3,3.36,4.22,0.08783564,0.18389155,1.8151827,12.25
346880600100072323,324753.3,5260956.3,4.33,5.38,0.057518695,0.11848717,2.027074,18.03
346880600100072324,324799.0,5260988.9,4.52,5.49,0.13697638,0.29468238,1.8540019,19.67
346880600100072325,324844.8,5261021.6,3.73,4.52,0.069778286,0.14467779,1.6736321,18.28
346880600100072327,324935.5,5261086.5,6.12,7.25,0.23487693,0.53562987,2.04199,16.39
346880600100072337,325403.1,5261418.4,2.27,2.8,0.017203553,0.034707252,1.0059094,10.30
346880600100072342,325629.0,5261580.3,2.46,3.13,0.049797323,0.10216646,1.4879549,11.95
346880600100072343,325675.1,5261613.1,2.72,3.4,0.016316682,0.0329032,1.7323861,9.58
346880600100072349,325956.2,5261812.9,3.06,3.73,0.05764939,0.11876458,1.6292114,14.45
346880600100072350,326002.7,5261846.0,2.69,3.36,0.0628197,0.12976973,1.5425234,12.55
346880600100072351,326048.4,5261878.7,2.61,3.21,0.06757163,0.13993819,1.4697433,13.39
346880600100072352,326094.3,5261911.4,3.02,3.81,0.07619337,0.15852083,1.7455101,14.31
346880600100072353,326140.0,5261944.1,3.02,3.77,0.0671056,0.13893865,1.557509,13.89
346880600100072354,326186.0,5261977.0,2.8,3.47,0.07516814,0.15630203,1.6215627,13.54
346880600100072355,326231.8,5262009.7,2.65,3.28,0.032302897,0.065674976,1.258767,13.63
346880600100072356,326277.6,5262042.4,2.76,3.4,0.03480165,0.07084642,1.6288408,12.00
346880600100072357,326323.4,5262075.2,3.13,3.84,0.086985305,0.18202755,1.5741537,10.00
346880600100072358,326369.2,5262107.9,2.28,2.87,0.025965024,0.052617844,1.6206117,9.65
346880600100072359,326415.3,5262140.8,2.01,2.54,0.04738448,0.097093664,1.4040731,4.50
346880600100072360,326461.4,5262173.7,2.54,3.13,0.050477434,0.10359866,1.5760416,6.37
346880600100072361,326507.6,5262206.6,2.09,2.57,0.030236864,0.06140919,1.2329075,4.56
346880600100072362,326553.7,5262239.5,2.01,2.5,0.019702712,0.039799776,0.8658667,6.29
346880600100072363,326600.0,5262272.5,2.2,2.72,0.06349948,0.1312212,1.2993168,5.73
346880600100072364,326646.6,5262305.7,2.76,3.4,0.06865362,0.14226075,1.5626951,7.51
346880600100072365,326693.3,5262338.9,2.13,2.61,0.038664326,0.07886714,1.4459205,5.41
346880600100072366,326739.5,5262371.8,1.94,2.42,0.036957692,0.075319394,1.245405,3.25
346880600100072367,326785.8,5262404.8,2.01,2.5,0.03149675,0.06400941,1.290994,2.97
346880600100072368,326832.0,5262437.7,2.01,2.5,0.036998633,0.07540443,1.2509513,2.95
346880600100072369,326878.2,5262470.6,1.94,2.39,0.01983879,0.040077433,1.2622818,3.61
346880600100072370,326924.3,5262503.5,2.16,2.65,0.026511993,0.053741332,1.2111504,3.21
346880600100072371,326970.6,5262536.5,2.05,2.54,0.045971334,0.09412864,1.387905,5.63
346880600100072372,327016.5,5262569.3,2.01,2.54,0.022480898,0.04547617,1.5596207,5.34
346880600100072373,327062.9,5262602.3,2.31,2.91,0.07275547,0.15109028,1.525191,5.62
346880600100072374,327109.4,5262635.4,4.11,5.0,0.0958674,0.20158428,1.9050711,9.26
346880600100072375,327156.1,5262668.5,2.5,3.13,0.021523837,0.043518875,1.6242325,10.51
346880600100072376,327202.8,5262701.8,4.22,5.3,0.11976405,0.25517225,1.893978,14.79
346880600100072377,327250.0,5262735.2,3.84,4.78,0.039254233,0.080094896,1.9450927,15.82
346880600100072378,327297.1,5262768.6,4.63,5.6,0.13953145,0.3006147,1.9517821,15.41
346880600100072379,327343.5,5262801.6,4.63,5.71,0.055115983,0.11339422,2.0540516,19.82
346880600100072381,327436.2,5262867.6,4.22,5.27,0.027555445,0.05588637,1.8107209,18.58
346880600100072383,327528.0,5262933.1,4.18,5.23,0.12737253,0.27254078,1.893226,19.14
346880600100072384,327573.9,5262965.9,4.44,5.53,0.10718133,0.22677632,2.01987,16.17
346880600100072385,327620.2,5262998.8,3.21,3.96,0.02217139,0.04484298,1.4178853,15.31
346880600100072386,327666.2,5263031.6,2.57,3.25,0.030909432,0.06279685,1.5424418,14.16
346880600100072387,327712.4,5263064.5,2.87,3.51,0.08797252,0.18419176,1.4820653,11.27
346880600100072388,327758.8,5263097.5,2.95,3.77,0.053418454,0.10980384,1.8527162,10.85
346880600100072389,327805.1,5263130.5,2.31,2.84,0.01826469,0.03686794,1.3136609,8.96
346880600100072390,327851.3,5263163.4,1.94,2.39,0.021890333,0.044268172,1.2204502,5.04
346880600100072391,327897.3,5263196.3,1.94,2.42,0.032344595,0.06576116,1.3576441,5.53
346880600100072392,327943.3,5263229.0,3.4,4.11,0.08244743,0.1721095,1.6937476,6.06
346880600100072393,327989.4,5263261.9,1.98,2.42,0.029170481,0.05921097,1.1224831,5.53
346880600100072394,328035.5,5263294.8,2.01,2.5,0.023862535,0.048305158,1.2896876,3.38
346880600100072395,328081.7,5263327.7,2.05,2.54,0.0048944983,0.00981309,1.4142375,2.48
346880600100072396,328128.0,5263360.7,2.05,2.57,0.04719549,0.09669688,1.3651316,2.77
346880600100072397,328174.2,5263393.6,2.2,2.76,0.012986556,0.026143659,1.5314842,5.41
346880600100072398,328220.5,5263426.6,2.35,2.91,0.07367246,0.15306951,1.461481,6.81
346880600100072399,328267.2,5263459.8,2.84,3.51,0.0787159,0.16399059,1.6347804,7.95
346880600100072400,328314.0,5263493.1,3.06,3.77,0.06992248,0.14498788,1.6792018,10.44
346880600100072401,328361.0,5263526.4,2.84,3.55,0.05190662,0.106611654,1.68259,8.72
346880600100072402,328407.6,5263559.6,2.8,3.43,0.03488392,0.071016915,1.5508996,9.77
346880600100072403,328453.6,5263592.4,3.28,4.07,0.075125664,0.15621017,1.743856,15.11
346880600100072404,328499.5,5263625.1,3.21,3.96,0.09213289,0.1933382,1.6798935,15.07
346880600100072405,328545.5,5263658.0,3.4,4.26,0.032721408,0.0665402,1.8641826,14.45
346880600100072406,328591.6,5263690.8,3.28,4.07,0.03330006,0.06773711,1.8365628,12.44
346880600100072407,328637.8,5263723.8,2.39,2.95,0.039910275,0.0814612,1.5194354,8.96
346880600100072408,328683.8,5263756.6,2.46,3.02,0.028080918,0.056967463,1.5807533,8.61
346880600100072409,328729.8,5263789.4,2.28,2.84,0.060492225,0.124808125,1.4692739,6.61
346880600100072410,328776.3,5263822.5,3.25,4.11,0.11610208,0.24686635,1.6456337,9.34
346880600100072411,328823.1,5263855.8,4.74,5.79,0.10608478,0.22432072,2.0052557,13.11
346880600100072412,328869.2,5263888.7,4.67,5.68,0.07343538,0.15255761,2.001839,13.83
346880600100072413,328915.0,5263921.4,2.31,2.84,0.02538008,0.051417053,1.3087162,9.83
346880600100072414,328961.3,5263954.4,2.05,2.54,0.039368007,0.08033178,1.312092,5.10
346880600100072415,329007.3,5263987.2,1.98,2.42,0.01745123,0.035211362,1.2349252,6.73
346880600100072416,329053.3,5264020.0,2.01,2.5,0.008280189,0.01662949,0.6365142,6.48
346880600100072417,329099.3,5264052.8,2.01,2.46,0.03288711,0.06688286,1.3351071,6.42
346880600100072418,329145.3,5264085.7,2.28,2.8,0.07495294,0.15583661,1.3507917,5.53
346880600100072419,329191.4,5264118.5,2.09,2.61,0.0441351,0.09028246,1.435826,4.18
346880600100072420,329237.5,5264151.4,1.98,2.46,0.020301454,0.04102176,1.3337572,2.91
346880600100072421,329283.8,5264184.4,2.01,2.46,0.020625787,0.041684013,1.3374597,3.94
346880600100072422,329329.9,5264217.3,2.2,2.72,0.045139793,0.09238598,1.4611548,4.11
346880600100072423,329376.1,5264250.2,1.9,2.39,0.008683095,0.017442213,1.2230082,3.46
346880600100072424,329422.3,5264283.1,1.98,2.42,0.04145697,0.084686115,1.3542736,1.92
346880600100072425,329468.5,5264316.1,2.05,2.54,0.0339294,0.06903968,1.3708446,0.93
346880600100072426,329514.9,5264349.1,2.01,2.5,0.034316108,0.06984049,1.158002,1.13
346880600100072427,329561.1,5264382.1,2.01,2.5,0.0501162,0.10283783,1.2996899,1.09
346880600100072428,329607.4,5264415.1,3.43,4.52,0.12332735,0.26328766,1.7916358,0.57
346880600100072429,329653.7,5264448.1,6.05,7.14,0.25505796,0.589133,2.0558393,0.92
346880600100072430,329700.0,5264481.1,2.24,2.84,0.049316578,0.1011547,1.3126526,1.37
346880600100072431,329746.3,5264514.0,2.09,2.57,0.05300264,0.10892536,1.1683463,1.22
346880600100072432,329792.6,5264547.0,2.2,2.69,0.042521883,0.086909525,1.4175551,0.90
346880600100072433,329839.0,5264580.1,2.05,2.54,0.041442905,0.08465675,1.3611317,2.37
346880600100072434,329885.3,5264613.1,2.13,2.65,0.04764754,0.09764611,1.2896706,5.14
346880600100072435,329931.8,5264646.2,2.76,3.4,0.12667361,0.27093896,1.3176454,7.58
346880600100072436,329978.3,5264679.3,2.35,2.91,0.034136847,0.06946923,1.525232,9.43
346880600100072437,330025.0,5264712.5,2.5,3.14,0.04994184,0.1024707,1.6389285,8.48
346880600100072438,330071.5,5264745.6,7.17,8.48,0.405932,1.0423213,2.0236056,11.39
346880600100072439,330118.5,5264779.0,2.05,2.54,0.040050264,0.08175286,1.3822552,7.93
346880600100072440,330165.0,5264812.1,2.31,2.84,0.039282907,0.0801546,1.3361605,4.15
346880600100072441,330211.5,5264845.2,2.2,2.76,0.050851595,0.10438702,1.499042,4.70
346880600100072442,330258.0,5264878.3,2.16,2.72,0.05746754,0.1183786,1.4396452,4.45
346880600100072443,330304.3,5264911.3,2.76,3.43,0.07874203,0.16404733,1.5396957,5.15
346880600100072444,330350.8,5264944.4,2.42,2.95,0.029787634,0.06048286,1.1014625,4.41
346880600100072445,330397.2,5264977.4,2.69,3.28,0.1110408,0.23544325,1.3400203,4.35
346880600100072446,330443.7,5265010.5,2.95,3.66,0.10490802,0.22168887,1.4787551,7.92
346880600100072447,330490.5,5265043.8,2.69,3.36,0.036878623,0.075155176,1.3788354,8.52
346880600100072448,330537.0,5265077.0,2.42,2.99,0.030822605,0.06261766,1.6023123,6.97
346880600100072449,330583.5,5265110.1,1.98,2.46,0.016983887,0.03426026,1.3539946,2.44
346880600100072450,330629.7,5265143.0,2.35,2.95,0.059031066,0.12169957,1.3382325,7.15
346880600100072451,330676.4,5265176.2,3.02,3.7,0.07588424,0.15785155,1.5472126,10.06
346880600100072452,330723.1,5265209.5,2.5,3.1,0.07814072,0.16274208,1.523537,10.04
346880600100072453,330769.6,5265242.6,2.01,2.5,0.04832614,0.09907189,1.1852971,5.14
346880600100072454,330815.8,5265275.6,2.09,2.57,0.03364402,0.068448916,1.2851303,7.44
346880600100072455,330861.7,5265308.4,2.61,3.21,0.037848387,0.07717017,1.5608357,13.48
346880600100072456,330907.4,5265341.1,2.84,3.47,0.04623194,0.0946751,1.5166793,16.05
346880600100072457,330952.9,5265373.6,3.06,3.73,0.08195909,0.17104511,1.6656345,13.91
346880600100072458,330998.7,5265406.4,2.05,2.5,0.040504497,0.08269955,1.3506484,6.83
346880600100072459,331045.0,5265439.4,2.01,2.46,0.0384178,0.07835427,1.3582438,1.60
346880600100072460,331091.3,5265472.5,2.09,2.57,0.013773802,0.027739557,1.1908301,1.28
346880600100072461,331137.6,5265505.5,2.09,2.57,0.05022176,0.103060134,1.2773181,1.41
346880600100072462,331183.9,5265538.5,2.01,2.5,0.04093836,0.08360421,1.188801,1.83
346880600100072463,331230.1,5265571.5,1.94,2.42,0.036389817,0.074140295,1.3229866,4.84
346880600100072464,331276.1,5265604.4,2.01,2.5,0.029038433,0.058938935,1.4192257,4.17
346880600100072465,331322.3,5265637.4,2.39,2.99,0.07316794,0.15198033,1.5272278,1.41
346880600100072466,331368.6,5265670.4,5.83,7.14,0.18022269,0.39754876,2.1034944,1.32
346880600100072467,331415.0,5265703.5,2.5,3.17,0.081601664,0.17026643,1.5779622,2.07
346880600100072468,331461.5,5265736.6,2.05,2.54,0.033674173,0.06851133,1.4618913,2.62
346880600100072469,331507.8,5265769.6,2.05,2.5,0.02634684,0.053402036,1.3394896,2.02
346880600100072470,331554.1,5265802.7,1.98,2.46,0.026308538,0.05332336,1.3808328,2.48
346880600100072471,331600.4,5265835.7,2.01,2.5,0.014157824,0.028518507,1.046123,5.32
346880600100072472,331646.8,5265868.8,2.91,3.62,0.103906944,0.21945266,1.5932447,8.84
346880600100072473,331693.5,5265902.0,2.54,3.14,0.05843372,0.12043014,1.4369817,8.50
346880600100072474,331740.1,5265935.3,2.16,2.69,0.019168306,0.038709726,1.0892825,6.53
346880600100072475,331786.5,5265968.3,2.28,2.84,0.06598813,0.13654396,1.3338411,4.63
346880600100072476,331833.1,5266001.5,2.5,3.1,0.04036978,0.08241873,1.3833737,5.44
346880600100072477,331879.7,5266034.7,2.54,3.14,0.031016806,0.06301848,1.5045797,4.84
346880600100072478,331926.2,5266067.9,2.16,2.65,0.037587278,0.07662744,1.3059793,4.59
346880600100072479,331972.8,5266101.0,2.35,2.95,0.049674083,0.10190704,1.4950929,7.57
346880600100072480,332019.4,5266134.2,2.35,2.91,0.03763524,0.076727115,1.4479175,7.72
346880600100072481,332066.0,5266167.4,2.61,3.25,0.0826425,0.17253484,1.5028524,7.14
346880600100072482,332112.5,5266200.5,2.05,2.54,0.021995222,0.04448267,1.2774472,7.09
346880600100072483,332158.2,5266233.2,2.16,2.72,0.054906666,0.11295115,1.5832281,5.88
346880600100072484,332205.3,5266266.6,2.61,3.25,0.02928904,0.059455246,1.3569727,9.39
346880600100072485,332251.8,5266299.7,2.16,2.65,0.033016145,0.06714975,1.4413807,4.39
346880600100072486,332298.2,5266332.7,2.46,3.02,0.054911178,0.1129607,1.3521763,3.91
346880600100072487,332344.5,5266365.7,2.05,2.57,0.026672538,0.054071218,1.5285639,5.25
346880600100072488,332390.4,5266398.5,2.09,2.61,0.02009818,0.040606808,1.1792192,6.05
346880600100072489,332436.7,5266431.5,4.11,5.04,0.20828739,0.46725854,1.698004,8.88
346880600100072490,332483.7,5266464.9,2.2,2.72,0.041773353,0.08534642,1.3327507,7.17
346880600100072491,332529.9,5266497.8,2.69,3.28,0.11428242,0.24275191,1.3171507,6.94
346880600100072492,332576.8,5266531.1,2.28,2.84,0.033214115,0.06755929,1.4720764,6.86
346880600100072493,332623.2,5266564.1,2.28,2.84,0.056306303,0.11591568,1.3741316,7.02
346880600100072494,332669.6,5266597.2,2.2,2.72,0.040453833,0.08259394,1.3562657,7.70
346880600100072495,332715.7,5266630.0,2.42,2.99,0.017915802,0.036157273,0.98631084,8.56
346880600100072496,332761.7,5266662.8,2.01,2.5,0.03989992,0.08143962,1.416271,6.18
346880600100072497,332808.5,5266696.1,3.73,4.48,0.07197041,0.14939736,1.7433623,10.34
346880600100072498,332855.2,5266729.2,2.16,2.65,0.03842593,0.07837118,1.1712602,7.94
346880600100072499,332901.6,5266762.2,2.09,2.57,0.02606072,0.052814364,1.4282132,6.37
346880600100072500,332948.4,5266795.5,3.55,4.37,0.05997081,0.12369829,1.8169572,10.12
346880600100072501,332995.1,5266828.7,3.06,3.73,0.05551301,0.11423489,1.6124165,8.94
346880600100072502,333041.3,5266861.6,2.91,3.62,0.068933874,0.14286278,1.5021602,8.65
346880600100072503,333087.5,5266894.5,2.46,3.06,0.05287003,0.108645275,1.5707179,5.92
346880600100072504,333134.2,5266927.7,2.69,3.36,0.059494317,0.12268459,1.6005661,7.30
346880600100072505,333180.7,5266960.8,2.28,2.84,0.05376525,0.11053681,1.3072511,6.29
346880600100072506,333227.2,5266993.9,2.35,2.91,0.025243027,0.051135816,1.0880853,6.29
346880600100072507,333273.6,5267026.9,2.61,3.25,0.04897163,0.10042906,1.6029216,9.95
346880600100072508,333320.5,5267060.2,3.21,3.96,0.121660344,0.25948694,1.6239424,14.71
346880600100072509,333367.6,5267093.7,3.77,4.74,0.054493286,0.112076424,1.9369707,19.80
346880600100072511,333462.5,5267160.9,2.54,3.17,0.080775544,0.16846779,1.5204222,10.14
346880600100072512,333508.8,5267193.9,2.84,3.55,0.0688211,0.1426205,1.699248,13.32
346880600100072513,333554.9,5267226.8,3.1,3.88,0.02900186,0.0588636,1.6341469,15.18
346880600100072514,333601.1,5267259.7,3.81,4.82,0.07769692,0.16177927,1.9429177,16.52
346880600100072515,333647.3,5267292.7,3.28,4.03,0.06524324,0.13494928,1.6351756,17.74
346880600100072516,333693.2,5267325.5,3.73,4.59,0.04294668,0.08779715,1.8701488,17.99
346880600100072517,333738.8,5267358.1,3.32,4.11,0.06360132,0.13143875,1.787425,17.94
346880600100072518,333784.3,5267390.7,2.99,3.7,0.0101859765,0.020476675,0.9973638,17.07
346880600100072519,333829.7,5267423.3,2.65,3.28,0.06483097,0.13406724,1.5160999,12.65
346880600100072520,333875.6,5267456.1,2.2,2.72,0.073519796,0.15273988,1.4892838,4.98
346880600100072521,333921.9,5267489.1,2.5,3.1,0.019016296,0.03839977,1.2891479,9.59
346880600100072522,333967.6,5267521.8,3.06,3.81,0.07029723,0.14579403,1.7631522,10.52
346880600100072523,334013.4,5267554.6,2.16,2.65,0.04351252,0.088980086,1.4219645,4.94
346880600100072524,334059.8,5267587.7,2.65,3.25,0.1044792,0.22073068,1.4316657,8.17
346880800100042930,319127.2,5256057.4,2.65,3.36,0.008612153,0.017299121,0.89600086,13.85
346880800100042938,319487.9,5256315.5,3.62,4.48,0.010646631,0.021407757,0.6394151,20.00
346880800100042939,319532.5,5256347.5,13.89,15.2,0.64277303,2.0632255,2.5419426,18.41
346880800100042940,319577.9,5256380.0,15.61,16.84,0.75588816,2.830042,2.645979,16.47
346880800100042941,319623.3,5256412.5,15.05,16.62,0.8566576,3.9085503,2.590174,18.14
346880800100042942,319668.6,5256444.9,14.75,16.32,0.70968,2.480543,2.5767713,16.93
346880800100042943,319713.9,5256477.3,13.82,15.87,0.7249245,2.5892153,2.5084121,16.74
346880800100042944,319759.6,5256509.9,7.43,8.36,0.3298335,0.8009893,2.0361395,14.27
346880800100042945,319805.3,5256542.5,5.37,6.42,0.0037957751,0.0076060365,0.6365142,13.39
346880800100042946,319850.6,5256574.9,5.52,6.64,0.17064665,0.37432563,2.0198562,15.31
346880800100042947,319896.5,5256607.7,4.07,4.96,0.005877791,0.011790367,0.6365142,16.03
346880800100042948,319942.5,5256640.5,4.03,4.96,0.02140925,0.043284867,1.9044145,16.45
346880800100042949,319989.0,5256673.6,5.0,6.27,0.011164092,0.022454124,1.935631,16.98
346880800100042950,320035.5,5256706.7,2.24,2.83,0.011802203,0.02374521,0.6365142,13.33
346880800100042951,320081.1,5256739.2,3.32,4.18,0.06846371,0.14185512,1.7553935,14.50
346880800100042952,320126.6,5256771.8,3.1,4.03,0.003976932,0.007969768,1.3612965,17.09
346880800100042953,320171.9,5256804.1,4.59,5.82,0.005841941,0.011718243,1.186287,19.82
346880800100042954,320216.8,5256836.3,4.07,4.96,0.009416431,0.018922351,1.3149952,18.31
346880800100042955,320262.0,5256868.6,20.65,22.3,0.8764542,4.211501,2.955148,15.78
346880800100042958,320400.2,5256967.1,9.67,10.57,0.47033554,1.2724826,2.3273454,17.30
346880800100042970,320953.0,5257360.8,3.43,4.29,0.11861518,0.2525699,1.6181111,14.31
346880800100042971,320998.9,5257393.5,4.44,5.56,0.13731596,0.29547974,1.9656125,15.03
346880800100042972,321044.8,5257426.2,4.14,5.04,0.083913594,0.17531201,1.8047638,14.35
346880800100042973,321091.3,5257459.3,5.52,6.42,0.17419353,0.38290253,1.9111006,14.67
346880800100042974,321137.8,5257492.3,3.54,4.4,0.08557296,0.17893898,1.6995834,13.83
346880800100042975,321183.7,5257525.0,3.69,4.52,0.07614432,0.15841742,1.6503733,15.95
346880800100042976,321229.2,5257557.4,3.06,3.84,0.008212583,0.01649318,1.4587942,15.83
346880800100042977,321274.6,5257589.9,4.96,6.5,0.20632456,0.4623281,1.9331058,12.51
346880800100042978,321321.2,5257623.0,3.47,4.33,0.010545668,0.021203661,0.8083797,16.03
346880800100042979,321368.1,5257656.3,5.64,6.72,0.04659742,0.09544274,1.8337857,15.81
346880800100042980,321414.4,5257689.2,3.21,4.03,0.0050456496,0.010116918,0.9224322,13.49
346880800100042985,321650.2,5257856.6,2.46,3.25,0.014152416,0.028507622,0.6365142,19.83
346880800100042986,321696.1,5257889.3,3.77,4.74,0.008455654,0.01698342,1.1063327,17.94
346880800100042989,321833.6,5257987.4,4.29,5.41,0.1668294,0.36513603,1.7492423,17.00
346880800100042990,321879.5,5258020.2,3.36,4.25,0.08162393,0.17031814,1.7469012,14.97
346880800100042991,321926.0,5258053.3,3.62,4.67,0.07428067,0.15438603,1.8617951,13.81
346880800100042992,321972.5,5258086.5,5.26,6.46,0.11907504,0.2536141,1.9774928,17.61
346880800100042993,322019.6,5258119.9,5.82,6.68,0.20956229,0.47050983,1.8153174,18.23
346880800100042994,322066.4,5258153.2,5.26,6.61,0.005142147,0.010310904,1.077444,11.38
346880800100042995,322113.5,5258186.7,3.13,3.77,0.00823061,0.016529534,1.1050495,10.27
346880800100042996,322159.5,5258219.5,3.88,4.59,0.16127153,0.3518313,1.5423727,15.66
346880800100042997,322205.0,5258252.1,4.4,5.41,0.11773348,0.25056943,1.8762401,17.74
346880800100042998,322250.9,5258284.9,6.31,7.88,0.2857515,0.6734157,2.0678065,18.28
346880800100043004,322524.8,5258480.7,3.32,4.37,0.040989537,0.08371171,1.8199757,15.45
346880800100043005,322570.5,5258513.4,4.63,5.86,0.007854447,0.015771091,1.7869611,19.28
346880800100043006,322615.7,5258545.7,4.85,5.94,0.03984842,0.08133306,1.9180753,16.80
346880800100043007,322661.4,5258578.4,4.4,5.79,0.18347318,0.4055181,1.8552083,8.11
346880800100043008,322707.9,5258611.5,4.33,5.23,0.07255524,0.15066087,1.7116383,11.68
346880800100043009,322753.8,5258644.2,2.46,3.1,0.013026621,0.026224922,1.5469979,11.90
346880800100043012,322888.7,5258740.8,4.74,5.71,0.23177914,0.5275757,1.7618927,12.11
346880800100043013,322935.2,5258773.9,7.73,8.96,0.15275435,0.3316131,2.2701325,17.14
346880800100043014,322982.8,5258807.6,4.93,5.86,0.1267142,0.27104026,1.8963405,17.71
346880800100043015,323028.6,5258840.3,5.97,7.09,0.21748543,0.49067426,2.0265388,18.73
346880800100043017,323122.3,5258906.8,4.85,5.97,0.007418518,0.014892505,1.0334499,19.33
346880800100043018,323169.1,5258940.1,6.8,8.44,0.23367281,0.5325161,2.1036098,17.51
346880800100043023,323405.2,5259107.4,7.51,8.78,0.11134095,0.23612511,2.2556872,14.91
346880800100043024,323452.6,5259141.0,1.98,2.61,0.017710714,0.035739776,0.6365142,12.90
346880800100043025,323499.4,5259174.2,7.84,9.3,0.17217351,0.3780133,2.311801,17.34
346880800100043027,323594.1,5259241.3,6.16,7.77,0.16263214,0.3550802,2.239804,19.47
346880800100043028,323641.1,5259274.7,7.92,9.45,0.1591675,0.3468176,2.3206704,19.53
346880800100043029,323688.4,5259308.2,7.95,9.49,0.087603934,0.18338722,2.3339655,18.00
346880800100043030,323736.0,5259341.9,3.88,4.85,0.0072206887,0.01449392,0.95614296,13.07
346880800100043031,323783.0,5259375.2,4.22,5.34,0.0038865758,0.0077883406,0.6365142,10.87
346880800100043032,323830.1,5259408.6,4.4,5.34,0.0020921442,0.0041886843,1.0778774,11.05
346880800100043033,323877.2,5259442.1,4.59,5.6,0.051545884,0.10585196,1.8297839,11.28
346880800100043034,323924.1,5259475.4,3.1,3.99,0.06771407,0.14024596,1.7628489,8.19
346880800100043035,323970.6,5259508.5,3.13,3.99,0.0264457,0.05360545,1.7577008,6.88
346880800100043036,324017.2,5259541.6,2.65,3.28,0.008451152,0.01697434,0.84093225,7.50
346880800100043037,324063.3,5259574.5,3.02,3.77,0.027955996,0.05671075,1.7998683,9.71
346880800100043038,324109.1,5259607.1,2.68,3.39,0.040333685,0.08234424,1.5952332,9.65
346880800100043039,324154.9,5259639.8,2.24,2.83,0.028786588,0.058420584,1.5750518,7.93
346880800100043040,324200.9,5259672.7,1.98,2.42,0.013640827,0.027469981,1.3033719,5.73
346880800100043041,324247.0,5259705.5,2.12,2.65,0.016551083,0.033379976,1.3671339,4.93
346880800100043042,324293.2,5259738.5,1.9,2.35,0.00929927,0.018685808,1.5300239,4.85
346880800100043043,324339.3,5259771.3,2.2,2.72,0.005121533,0.010269461,1.4371134,5.54
346880800100043044,324385.4,5259804.2,1.94,2.39,0.0060106483,0.012057675,1.4361761,5.22
346880800100043045,324431.5,5259837.1,2.95,3.73,0.025590515,0.051849253,1.7252468,8.67
346880800100043046,324477.8,5259870.1,4.1,5.04,0.040372264,0.082424656,1.9511967,12.99
346880800100043047,324524.2,5259903.2,4.07,5.04,0.08282031,0.17292595,1.7461153,15.84
346880800100043048,324570.3,5259936.0,4.55,5.94,0.017658085,0.035632618,1.8294216,19.04
346880800100043050,324661.3,5260001.1,10.94,11.76,0.91007745,4.8628645,2.2612317,18.93
346880800100043051,324707.3,5260034.0,5.08,6.09,0.28591523,0.6738748,1.7883327,16.69
346880800100043052,324753.3,5260066.8,4.55,5.45,0.21793407,0.49182215,1.7554923,13.91
346880800100043053,324799.2,5260099.6,5.38,6.38,0.30233872,0.7204668,1.859693,11.45
346880800100043054,324845.4,5260132.5,6.01,7.24,0.27769473,0.6509565,1.9914026,12.09
346880800100043055,324892.4,5260165.9,2.16,2.83,0.016305856,0.032881305,0.74968743,14.28
346880800100043056,324938.0,5260198.5,10.98,12.1,0.39244178,0.99746764,2.4969177,18.73
346880800100043057,324983.2,5260230.8,5.49,6.68,0.05450838,0.11210975,2.033308,19.48
346880800100043058,325028.5,5260263.2,8.03,9.71,0.27344778,0.6392186,2.3186,12.80
346880800100043059,325075.8,5260296.8,2.76,3.47,0.013176231,0.026528126,1.4382632,15.31
346880800100043060,325121.8,5260329.7,3.47,4.29,0.010219669,0.020544803,1.3128136,16.10
346880800100043061,325168.3,5260362.8,4.11,5.0,0.07386257,0.15348272,1.7995242,16.16
346880800100043062,325214.8,5260395.8,3.43,4.14,0.1054618,0.22293256,1.5348628,14.03
346880800100043063,325260.9,5260428.7,2.72,3.4,0.025221108,0.05109112,1.690457,9.16
346880800100043064,325307.1,5260461.6,2.42,2.98,0.02779104,0.05637135,1.3548,9.74
346880800100043065,325353.0,5260494.4,2.57,3.28,0.055574894,0.114367396,1.5387063,9.87
346880800100043066,325398.9,5260527.1,2.5,3.21,0.032334223,0.0657402,1.548651,9.67
346880800100043067,325444.5,5260559.7,2.61,3.36,0.014171169,0.028545668,1.625356,10.06
346880800100043068,325490.4,5260592.4,2.31,2.95,0.045115326,0.09233566,1.46303,8.06
346880800100043069,325536.4,5260625.2,2.27,2.83,0.026349882,0.0534086,1.4080008,7.98
346880800100043070,325582.4,5260658.0,2.57,3.21,0.021241296,0.042941615,1.6622753,9.26
346880800100043071,325628.3,5260690.7,2.61,3.28,0.0043449574,0.008708904,0.7222933,17.29
346880800100043077,325898.5,5260884.1,6.27,7.88,0.35048556,0.8636849,2.0234966,16.99
346880800100043078,325944.7,5260917.0,7.62,9.26,0.30191267,0.7192443,2.1621702,16.45
346880800100043081,326086.8,5261017.8,3.43,4.22,0.043336418,0.08861271,1.7484587,17.01
346880800100043082,326132.7,5261050.5,2.91,3.88,0.022655778,0.045834254,1.4626671,15.09
346880800100043083,326178.0,5261082.8,3.99,5.08,0.016209733,0.032685872,1.8983212,16.19
346880800100043084,326223.4,5261115.3,3.36,4.25,0.088725135,0.18584712,1.6676996,13.34
346880800100043085,326269.4,5261148.1,3.06,3.81,0.036725502,0.07483782,1.6024345,10.39
346880800100043086,326315.6,5261181.0,2.46,3.02,0.0035531349,0.0071189613,0.8794365,8.27
346880800100043087,326361.7,5261213.9,4.44,5.15,0.27081552,0.631978,1.5929747,3.12
346880800100043088,326408.1,5261246.9,8.74,9.56,0.43857068,1.1557175,2.1670785,2.78
346880800100043089,326454.3,5261279.8,6.2,7.06,0.2569363,0.594229,1.9624449,2.82
346880800100043090,326500.8,5261312.9,2.24,2.83,0.006858356,0.013764101,1.6144966,4.38
346880800100043091,326547.1,5261345.9,2.5,3.1,0.00432089,0.008660559,0.989499,3.36
346880800100043092,326593.5,5261378.9,2.39,2.98,0.0053203017,0.010669092,1.3585788,1.60
346880800100043093,326639.9,5261412.0,2.35,2.98,0.012416261,0.024988426,1.0951579,1.34
346880800100043094,326686.3,5261445.0,2.65,3.28,0.040963296,0.08365698,1.353395,3.33
346880800100043095,326732.9,5261478.1,2.98,3.77,0.022915937,0.04636674,1.8373525,5.77
346880800100043096,326779.4,5261511.3,2.54,3.13,0.007571665,0.015201119,1.0896977,5.16
346880800100043097,326826.0,5261544.4,5.75,6.95,0.15159324,0.32887265,1.982363,11.84
346880800100043098,326873.1,5261577.8,6.68,8.18,0.17151871,0.37643102,2.1830018,14.51
346880800100043099,326920.0,5261611.2,4.59,5.56,0.060233664,0.124259405,1.9525826,14.84
346880800100043100,326966.7,5261644.4,6.27,7.58,0.099384025,0.20938542,2.2175884,16.20
346880800100043101,327013.6,5261677.7,5.75,6.83,0.041967414,0.08575236,2.0256922,16.36
346880800100043102,327061.0,5261711.3,4.14,4.96,0.038322806,0.07815735,1.852972,13.83
346880800100043103,327107.9,5261744.7,4.85,5.94,0.059233315,0.12213121,1.9866557,13.32
346880800100043104,327154.9,5261778.1,6.01,7.09,0.18164535,0.40104312,2.0067585,14.90
346880800100043105,327202.1,5261811.6,5.34,6.76,0.11148644,0.23645271,2.0389009,16.31
346880800100043106,327249.2,5261845.0,5.11,6.31,0.03288131,0.06687136,2.078459,16.73
346880800100043107,327296.1,5261878.4,5.08,6.09,0.13096091,0.28079396,1.9667317,16.41
346880800100043108,327342.9,5261911.6,4.37,5.3,0.02301981,0.046579383,1.7482623,14.65
346880800100043109,327389.5,5261944.8,3.4,4.22,0.011853482,0.023849,1.216739,12.44
346880800100043110,327436.0,5261977.9,2.54,3.13,0.0062029636,0.012444676,0.6931472,9.28
346880800100043111,327482.0,5262010.7,2.42,3.02,0.0092554325,0.01859731,0.6365142,11.48
346880800100043112,327527.6,5262043.3,2.01,2.54,0.02266824,0.04585976,1.5803901,8.86
346880800100043113,327573.7,5262076.2,2.16,2.69,0.015314101,0.030865837,1.300139,2.08
346880800100043114,327620.0,5262109.1,1.94,2.42,0.0047336435,0.009489831,1.2066474,2.42
346880800100043115,327666.1,5262142.0,2.09,2.57,0.011869745,0.02388192,1.1660877,6.07
346880800100043116,327712.1,5262174.8,2.09,2.61,0.0380999,0.07769377,1.1609644,5.72
346880800100043117,327758.1,5262207.6,2.05,2.54,0.018184492,0.0367047,1.3067824,4.76
346880800100043118,327804.2,5262240.5,2.24,2.8,0.038255826,0.07801804,1.2405889,4.25
346880800100043119,327850.4,5262273.4,2.42,3.02,0.038519867,0.07856727,1.552592,5.87
346880800100043120,327896.8,5262306.4,3.17,3.92,0.06514317,0.13473716,1.5977006,7.31
346880800100043121,327943.3,5262339.6,2.72,3.43,0.010032903,0.020167438,1.1737962,7.07
346880800100043122,327989.7,5262372.6,2.2,2.72,0.006309536,0.012659166,0.6365142,6.81
346880800100043123,328035.7,5262405.4,2.16,2.69,0.025554772,0.051775884,1.4833316,8.17
346880800100043124,328081.5,5262438.1,2.61,3.25,0.024840599,0.050310507,1.5973938,8.81
346880800100043125,328127.5,5262470.9,3.43,4.33,0.057031605,0.11745518,1.6933016,7.96
346880800100043126,328173.8,5262503.9,2.09,2.61,0.0031595922,0.0063292175,0.8280179,4.79
346880800100043127,328220.0,5262536.8,2.09,2.57,0.0030674553,0.006144366,1.427226,2.69
346880800100043128,328266.3,5262569.8,2.01,2.5,0.017166115,0.034631193,1.3184457,4.30
346880800100043130,328358.7,5262635.7,3.06,3.81,0.043096848,0.08811186,1.723953,5.68
346880800100043131,328405.2,5262668.8,1.94,2.39,0.010226456,0.02055852,0.6365142,4.20
346880800100043132,328451.2,5262701.6,2.12,2.61,0.013787595,0.027767612,1.1874137,6.69
346880800100043133,328497.2,5262734.4,2.16,2.69,0.0027521134,0.005511837,1.0130035,6.40
346880800100043134,328543.3,5262767.3,2.69,3.32,0.04524949,0.092616715,1.5352505,8.37
346880800100043135,328589.4,5262800.2,3.21,3.88,0.008705589,0.01748763,1.0557935,10.97
346880800100043136,328635.3,5262832.9,3.81,4.67,0.07433761,0.15450908,1.7841955,12.13
346880800100043137,328774.1,5262931.9,3.47,4.29,0.058808483,0.12122809,1.7792399,10.16
346880800100043138,328820.6,5262965.0,3.54,4.48,0.06882436,0.14262976,1.7783525,8.78
346880800100043139,328867.0,5262998.1,2.98,3.69,0.02460893,0.04983539,1.590448,7.78
346880800100043140,328913.3,5263031.1,2.76,3.4,0.011961693,0.024068039,1.7140925,5.84
346880800100043141,328959.8,5263064.2,2.72,3.32,0.021999594,0.044491827,1.2591716,5.27
346880800100043142,329006.3,5263097.3,2.61,3.25,0.003671841,0.0073572365,0.993151,7.43
346880800100043143,329052.4,5263130.2,2.95,3.62,0.011432256,0.022996595,1.227365,11.88
346880800100043144,329098.2,5263163.0,3.36,4.14,0.06626169,0.13713199,1.6931034,12.10
346880800100043145,329144.0,5263195.7,2.87,3.58,0.060852706,0.12557752,1.5692793,10.12
346880800100043146,329189.8,5263228.4,2.01,2.54,0.027862499,0.056518372,1.2378187,7.10
346880800100043147,329236.0,5263261.3,2.05,2.54,0.0037339842,0.007481986,1.1051545,4.63
346880800100043148,329282.2,5263294.3,2.12,2.65,0.021398691,0.043263286,1.421053,6.82
346880800100043149,329328.4,5263327.3,2.46,3.06,0.04480893,0.09169393,1.3742845,6.02
346880800100043150,329374.8,5263360.4,5.94,6.98,0.31519395,0.75771093,1.9349191,7.94
346880800100043151,329421.6,5263393.7,3.84,4.59,0.0386741,0.078888156,1.1508191,10.97
346880800100043152,329468.1,5263426.8,2.5,3.1,0.006355374,0.012751428,1.2820151,10.14
346880800100043153,329514.6,5263460.0,3.4,4.03,0.015449106,0.031140078,1.5191485,9.50
346880800100043154,329560.6,5263492.9,2.54,3.21,0.0079100225,0.015883127,0.6365142,11.42
346880800100043155,329606.3,5263525.5,2.72,3.54,0.038619846,0.07877527,1.6608156,11.73
346880800100043156,329652.0,5263558.3,2.54,3.21,0.07077334,0.14682111,1.3764106,10.55
346880800100043157,329697.8,5263591.0,2.16,2.72,0.027463665,0.055697944,1.5174893,6.91
346880800100043158,329744.0,5263624.0,2.01,2.5,0.0029601417,0.0059290887,0.709591,2.60
346880800100043159,329790.2,5263657.0,2.12,2.65,0.0068746763,0.013796969,0.6365142,2.27
346880800100043160,329836.5,5263690.0,2.24,2.83,0.011986276,0.024117803,1.5056556,4.58
346880800100043161,329883.0,5263723.2,3.21,3.88,0.006976946,0.014002939,1.341376,5.60
346880800100043162,329929.3,5263756.2,2.01,2.54,0.011647721,0.023432573,0.7171749,5.17
346880800100043163,329975.3,5263789.1,2.09,2.61,0.014050065,0.028299984,1.4141425,4.77
346880800100043164,330021.5,5263822.0,1.98,2.46,0.009449969,0.018990068,1.3640591,3.42
346880800100043165,330067.7,5263855.1,2.27,2.87,0.008961058,0.018003136,1.1422536,1.51
346880800100043166,330114.1,5263888.2,3.47,4.29,0.05360363,0.11019653,1.7023765,7.47
346880800100043167,330161.1,5263921.6,2.8,3.47,0.017082464,0.034460966,1.6246731,9.66
346880800100043168,330207.1,5263954.4,4.7,5.64,0.22294864,0.50469786,1.7533927,11.55
346880800100043169,330253.2,5263987.4,2.16,2.69,0.006884569,0.013816891,1.1033901,11.82
346880800100043170,330299.2,5264020.2,3.58,4.29,0.08930789,0.18712689,1.5156006,12.47
346880800100043171,330345.1,5264053.0,2.39,3.02,0.008267012,0.016602946,0.6896255,10.68
346880800100043172,330390.9,5264085.8,2.46,3.17,0.059437577,0.12256558,1.5588628,8.76
346880800100043173,330437.0,5264118.7,2.2,2.72,0.0050868914,0.0101998225,0.6365142,7.05
346880800100043174,330483.0,5264151.5,2.98,3.66,0.07244792,0.15042941,1.4389975,5.85
346880800100043175,330529.2,5264184.5,2.09,2.57,0.015346743,0.030932141,1.3240538,3.30
346880800100043176,330575.5,5264217.4,2.31,2.87,0.014932228,0.03009033,1.2062336,1.40
346880800100043177,330621.8,5264250.4,2.12,2.61,0.015485569,0.031214152,1.125923,0.29
346880800100043178,330668.1,5264283.5,2.09,2.57,0.0034576915,0.006927401,0.882693,0.56
346880800100043179,330714.4,5264316.5,2.01,2.5,0.006009404,0.012055171,0.6365142,0.73
346880800100043180,330760.7,5264349.4,2.2,2.76,0.03710259,0.07562099,1.5088507,0.72
346880800100043181,330807.0,5264382.4,2.05,2.54,0.0065767355,0.013197041,0.6365142,0.73
346880800100043182,330853.3,5264415.4,2.24,2.76,0.0030440234,0.0060973587,1.6091262,0.81
346880800100043183,330899.6,5264448.4,2.2,2.72,0.0026754618,0.0053581153,1.5908417,0.65
346880800100043184,330945.9,5264481.4,2.12,2.65,0.007832043,0.015725927,1.1196443,1.58
346880800100043185,330992.2,5264514.3,2.01,2.54,0.017633729,0.03558303,1.3743894,2.06
346880800100043186,331038.4,5264547.2,4.22,5.56,0.15582992,0.3388903,1.8740788,0.75
346880800100043187,331084.8,5264580.2,2.91,3.51,0.07000706,0.14517215,1.2391149,1.36
346880800100043188,331131.2,5264613.2,2.27,2.83,0.00327993,0.0065706726,1.475386,1.31
346880800100043189,331177.5,5264646.2,2.24,2.76,0.037843384,0.077160425,1.1987835,2.26
346880800100043190,331223.8,5264679.2,2.24,2.76,0.00533159,0.01069179,0.685518,3.07
346880800100043191,331270.2,5264712.2,2.54,3.21,0.017151222,0.034600884,1.6319548,5.23
346880800100043192,331316.5,5264745.2,5.97,7.24,0.26355064,0.61212975,1.9804955,10.65
346880800100043193,331363.7,5264778.6,4.82,5.94,0.0037925052,0.0075994716,1.4181039,13.54
346880800100043194,331410.8,5264812.1,4.07,4.89,0.0069639618,0.013976787,1.0798975,12.23
346880800100043195,331457.2,5264845.1,2.95,3.66,0.028812058,0.05847304,1.6274074,10.26
346880800100043196,331503.6,5264878.1,3.69,4.48,0.122646235,0.2617416,1.7035004,10.14
346880800100043197,331550.0,5264911.1,3.21,4.07,0.03003218,0.06098748,1.8438547,9.84
346880800100043198,331596.3,5264944.1,2.95,3.66,0.0062441155,0.012527497,1.5800016,8.61
346880800100043199,331642.9,5264977.3,4.18,5.19,0.039609253,0.08083488,1.870293,9.14
346880800100043200,331689.8,5265010.6,2.35,2.98,0.01625074,0.032769244,0.6365142,8.46
346880800100043201,331736.2,5265043.6,3.06,3.88,0.010289722,0.020686364,0.9355221,8.83
346880800100043202,331782.8,5265076.8,3.02,3.69,0.01172846,0.023595966,1.0344776,8.09
346880800100043203,331829.1,5265109.8,2.61,3.21,0.0064503746,0.012942658,1.0324835,6.03
346880800100043204,331875.6,5265142.9,2.42,2.98,0.0034825876,0.006977367,0.698658,3.62
346880800100043205,331921.9,5265175.9,1.98,2.42,0.017941056,0.036208846,1.1663935,8.72
346880800100043206,331967.6,5265208.5,3.51,4.37,0.07602578,0.15816073,1.7359724,10.53
346880800100043207,332013.5,5265241.3,2.2,2.76,0.016497321,0.03327064,1.463193,8.40
346880800100043208,332059.3,5265274.0,2.57,3.28,0.03276671,0.066634364,1.5256354,8.84
346880800100043209,332105.2,5265306.8,2.27,2.87,0.034404125,0.070023336,1.3115383,7.32
346880800100043210,332151.3,5265339.7,1.98,2.42,0.011708897,0.023556374,0.6365142,3.71
346880800100043211,332197.5,5265372.6,1.98,2.46,0.0073315282,0.014717229,1.339604,1.91
346880800100043212,332243.7,5265405.6,2.09,2.57,0.0017293652,0.0034617332,0.6365142,1.51
346880800100043213,332290.0,5265438.6,1.98,2.46,0.0062366356,0.012512443,1.5136459,3.42
346880800100043214,332336.0,5265471.4,2.42,3.06,0.018667696,0.037689302,1.3213377,2.19
346880800100043215,332382.3,5265504.4,2.2,2.76,0.008173204,0.01641377,1.62374,1.54
346880800100043216,332428.5,5265537.4,6.53,7.43,0.3218111,0.77715683,1.9559504,1.72
346880800100043217,332474.8,5265570.5,10.12,11.02,0.6089058,1.8811915,2.2863376,5.01
346880800100043218,332521.4,5265603.7,3.84,4.7,0.01736543,0.035036847,1.8678352,7.10
346880800100043219,332568.0,5265636.8,2.42,3.06,0.009187644,0.01846047,0.70719194,5.47
346880800100043220,332614.5,5265670.0,4.03,5.08,0.017081117,0.034458227,1.7599723,7.10
346880800100043221,332661.3,5265703.3,3.1,3.84,0.007972873,0.016009837,0.76351583,4.35
346880800100043222,332707.6,5265736.3,2.54,3.4,0.069505736,0.14409408,1.5873716,5.42
346880800100043223,332754.3,5265769.6,2.01,2.54,0.0025203903,0.005047162,1.0306584,6.50
346880800100043224,332800.9,5265802.7,2.95,3.58,0.007520578,0.015098165,0.927787,6.26
346880800100043225,332847.4,5265835.9,3.54,4.33,0.08526822,0.17827241,1.6689465,7.47
346880800100043226,332894.3,5265869.3,2.31,2.91,0.013133314,0.026441144,0.76997924,6.41
346880800100043227,332940.4,5265902.2,3.06,3.77,0.092904754,0.195044,1.4700302,5.35
346880800100043228,332987.0,5265935.4,3.88,4.67,0.023517016,0.047597557,1.6692193,5.40
346880800100043229,333033.5,5265968.5,3.32,4.29,0.108491845,0.22972097,1.6599522,4.43
346880800100043230,333079.9,5266001.6,2.35,2.95,0.058776353,0.12115981,1.2499951,4.40
346880800100043231,333126.3,5266034.6,2.05,2.57,0.005480004,0.010990236,1.1623355,4.28
346880800100043232,333172.4,5266067.6,2.98,3.77,0.0800886,0.16697653,1.5706762,5.66
346880800100043233,333219.0,5266100.7,3.1,3.77,0.021111567,0.042676527,1.1484462,6.21
346880800100043234,333265.5,5266133.9,2.65,3.36,0.004554028,0.009128919,0.7935258,6.55
346880800100043235,333312.2,5266167.1,3.58,4.37,0.062057752,0.12814592,1.7014587,6.72
346880800100043236,333358.7,5266200.2,2.24,2.76,0.009643909,0.019381696,1.0961746,4.85
346880800100043237,333405.0,5266233.3,2.69,3.36,0.025382966,0.051423267,1.65877,3.99
346880800100043238,333451.5,5266266.3,2.46,3.13,0.005859807,0.011754187,1.3583658,5.81
346880800100043239,333498.1,5266299.5,6.91,8.07,0.28371695,0.66772026,2.0793765,10.07
346880800100043240,333545.2,5266333.0,3.47,4.4,0.015726412,0.0317035,1.7645735,7.00
346880800100043241,333591.9,5266366.2,2.2,2.72,0.009944297,0.019988433,0.73705083,3.61
346880800100043242,333638.1,5266399.2,1.94,2.42,0.017290676,0.034884695,1.4657142,2.44
346880800100043243,333684.5,5266432.2,3.32,4.11,0.045563016,0.09327369,1.7625507,6.85
346880800100043244,333731.2,5266465.4,2.91,3.54,0.014012991,0.02822478,1.0509812,6.12
346880800100043245,333777.6,5266498.5,2.35,2.95,0.006789314,0.013625067,1.5978726,4.13
346880800100043246,333823.8,5266531.4,2.69,3.36,0.010527701,0.021167343,0.6365142,3.12
346880800100043247,333870.3,5266564.5,3.25,4.03,0.027425284,0.05561901,1.7381248,6.87
346880800100043248,333917.0,5266597.8,3.58,4.37,0.015624394,0.0314962,1.2838529,9.78
346880800100043249,333963.9,5266631.1,4.14,5.19,0.0032241868,0.0064588217,1.4158924,14.37
346880800100043250,334010.9,5266664.5,7.17,8.55,0.19415574,0.4318743,2.1530366,19.83
346881100100041489,319146.9,5255294.3,10.23,13.44,0.066306956,0.13722862,2.8238337,18.34
346881100100041490,319191.9,5255326.5,16.1,18.79,0.8065317,3.2995756,2.663065,17.27
346881100100041494,319377.9,5255458.9,17.33,18.49,0.7494357,2.7771542,2.8084996,12.29
346881100100041495,319423.8,5255491.6,16.1,17.03,0.85860443,3.9357448,2.6555781,11.15
346881100100041496,319470.1,5255524.6,12.96,14.15,0.66276133,2.1788807,2.5071762,13.06
346881100100041497,319516.3,5255557.5,10.72,11.95,0.61196554,1.8968743,2.3415344,14.01
346881100100041498,319563.1,5255590.7,2.98,3.77,0.015007012,0.030242158,1.0413779,12.29
346881100100041499,319608.4,5255623.1,17.85,19.38,0.7749445,2.9938474,2.7408023,16.32
346881100100041502,319748.6,5255722.8,6.91,8.1,0.1922391,0.4271161,2.04487,17.22
346881100100041510,320111.5,5255982.1,3.06,4.03,0.02406954,0.048729572,1.819503,14.82
346881100100041511,320157.3,5256014.8,3.69,4.55,0.0072310385,0.014514767,0.9598157,17.56
346881100100041549,321902.4,5257258.5,3.66,4.48,0.012754887,0.025674324,1.1293772,18.51
346881100100041550,321947.4,5257290.7,5.71,6.95,0.20592381,0.4613134,2.0321004,16.71
346881100100041551,321993.0,5257323.1,2.2,2.76,0.011879992,0.023902647,1.6373683,9.06
346881100100041552,322039.0,5257355.9,2.57,3.28,0.066879936,0.13845658,1.4446281,5.45
346881100100041553,322085.3,5257388.8,3.58,5.08,0.07196091,0.14937893,1.8754834,7.52
346881100100041554,322131.4,5257421.7,5.26,6.31,0.2364899,0.5398823,1.8894979,8.97
346881100100041555,322177.6,5257454.6,6.61,7.84,0.38091597,0.95979255,1.9871851,11.15
346881100100041556,322223.8,5257487.5,6.68,7.88,0.35184908,0.8678779,2.042763,10.29
346881100100041557,322270.2,5257520.5,9.52,11.09,0.56399435,1.6628109,2.2423918,15.73
346881100100041566,322691.8,5257820.5,5.94,7.13,0.0049191266,0.009862599,1.2991419,19.15
346881100100041567,322738.9,5257854.0,5.0,6.09,0.08317897,0.1737078,1.9632633,17.54
346881100100041568,322785.3,5257887.1,6.91,8.1,0.15967412,0.34802124,2.036706,19.61
346881100100041573,323022.1,5258055.3,2.98,3.66,0.021642987,0.04376262,1.536686,10.26
346881100100041583,323474.7,5258379.0,4.37,5.82,0.12624508,0.26996428,1.968387,7.77
346881100100041585,323569.4,5258446.2,5.79,6.87,0.12451224,0.2660002,2.010833,19.51
346881100100041587,323664.2,5258513.5,8.74,10.27,0.31392473,0.75399035,2.2712696,19.24
346881100100041588,323711.9,5258547.3,4.67,5.79,0.035613913,0.07253086,1.7304646,14.57
346881100100041589,323759.2,5258580.8,4.11,5.26,0.006854902,0.013757143,0.95955545,11.14
346881100100041590,323805.9,5258614.1,6.65,7.99,0.2687645,0.62634605,1.9886076,13.75
346881100100041591,323853.4,5258647.7,5.6,6.8,0.029218134,0.059309464,2.1120327,16.36
346881100100041592,323900.9,5258681.4,6.01,7.24,0.019977085,0.040359803,1.5223525,17.72
346881100100041593,323948.2,5258715.0,5.9,7.21,0.12242124,0.26122725,2.144667,15.55
346881100100041594,323995.6,5258748.5,3.1,3.84,0.00740877,0.014872858,1.0796732,12.82
346881100100041598,324185.8,5258883.3,4.85,5.9,0.017009443,0.03431236,1.8846558,14.31
346881100100041599,324232.8,5258916.7,3.17,3.96,0.0045654983,0.0091519635,1.0166497,9.51
346881100100041600,324279.4,5258949.8,2.42,3.02,0.0086199185,0.01731478,1.0795258,6.06
346881100100041601,324325.5,5258982.6,2.54,3.13,0.014987897,0.030203344,1.3932651,10.45
346881100100041602,324371.1,5259015.1,3.62,4.81,0.07552069,0.157067,1.8787827,11.53
346881100100041603,324416.9,5259047.7,2.01,2.54,0.0228995,0.046333052,1.3694752,8.12
346881100100041604,324463.0,5259080.6,2.01,2.5,0.008523108,0.017119482,0.80896163,6.41
346881100100041605,324509.1,5259113.4,2.72,3.36,0.04653948,0.09532101,1.3524464,10.04
346881100100041606,324555.5,5259146.5,2.68,3.32,0.0024616602,0.004929407,0.97449386,10.84
346881100100041607,324601.8,5259179.4,1.9,2.39,0.008763633,0.017604737,1.4690117,5.83
346881100100041608,324647.8,5259212.2,1.94,2.39,0.0035221446,0.0070567587,0.6423097,9.96
346881100100041609,324693.4,5259244.7,4.55,5.79,0.14462687,0.3125073,1.9229596,15.28
346881100100041610,324738.8,5259277.2,4.37,5.79,0.03904934,0.07966894,2.0969775,16.22
346881100100041611,324784.5,5259309.8,4.29,5.34,0.020463638,0.04135305,2.0480933,15.50
346881100100041612,324830.3,5259342.5,5.3,6.5,0.027580049,0.05593726,1.9381026,15.50
346881100100041613,324876.6,5259375.4,4.22,5.08,0.016471587,0.033218283,1.5731492,16.49
346881100100041614,324922.5,5259408.2,3.28,4.07,0.0071499213,0.014351354,0.6546493,17.73
346881100100041616,325013.1,5259473.0,6.24,7.51,0.16711695,0.36582407,2.0955737,19.77
346881100100041617,325058.8,5259505.6,14.87,16.32,0.7218308,2.566477,2.6376863,15.13
346881100100041620,325198.9,5259605.4,3.06,3.84,0.018607164,0.03756591,1.5916988,16.36
346881100100041621,325245.1,5259638.3,2.69,3.36,0.025153538,0.05095243,1.6358501,12.97
346881100100041622,325291.0,5259671.0,2.5,3.17,0.03746138,0.07636633,1.549145,11.19
346881100100041623,325336.9,5259703.8,2.42,3.1,0.013773651,0.027739318,1.5707915,10.93
346881100100041624,325383.0,5259736.7,1.98,2.46,0.003692377,0.0073984596,1.416312,8.11
346881100100041625,325428.9,5259769.4,2.42,3.1,0.018160986,0.036656793,1.4217826,9.57
346881100100041626,325474.8,5259802.2,3.43,4.4,0.051443044,0.10563486,1.882347,11.04
346881100100041627,325520.9,5259835.1,6.05,7.13,0.21223111,0.47727457,2.0268464,11.10
346881100100041628,325567.8,5259868.4,3.06,3.73,0.037044544,0.0755003,1.4787456,10.95
346881100100041639,326070.7,5260227.4,4.7,6.12,0.07049324,0.14621781,2.0582798,18.42
346881100100041640,326116.3,5260259.9,4.18,5.19,0.095158905,0.20002094,1.9398416,16.96
346881100100041641,326161.8,5260292.4,3.81,4.78,0.08353008,0.1744741,1.7996823,14.17
346881100100041642,326207.6,5260325.0,2.65,3.4,0.08257688,0.17239448,1.4478881,9.77
346881100100041643,326253.8,5260357.9,2.42,3.06,0.008993135,0.018067863,0.8434724,8.24
346881100100041644,326299.7,5260390.7,2.98,3.69,0.0835623,0.17454442,1.4894844,8.84
346881100100041645,326345.7,5260423.4,2.35,2.98,0.05510877,0.11338012,1.3163594,8.07
346881100100041646,326391.4,5260456.1,5.71,6.5,0.3496029,0.8609483,1.7675165,6.15
346881100100041647,326438.0,5260489.2,2.2,2.76,0.028482677,0.057794727,1.2611889,3.39
346881100100041648,326484.2,5260522.1,2.57,3.28,0.017262494,0.034827314,1.598176,3.00
346881100100041649,326530.6,5260555.1,2.46,3.06,0.0269421,0.0546255,1.4791569,4.08
346881100100041650,326576.8,5260588.0,9.71,10.46,0.64722645,2.0883276,2.2661638,8.29
346881100100041651,326623.9,5260621.4,5.82,6.95,0.22501712,0.51002795,1.9149417,13.59
346881100100041652,326671.2,5260655.1,6.87,8.14,0.14980143,0.32464892,2.1996295,19.37
346881100100041654,326766.0,5260722.3,5.94,7.1,0.24047004,0.5503447,1.9722245,14.82
346881100100041655,326812.9,5260755.7,4.18,5.34,0.020578781,0.041588176,1.7617885,12.25
346881100100041656,326860.1,5260789.2,4.52,5.79,0.005733446,0.011499984,0.6365142,14.90
346881100100041657,326907.7,5260822.9,4.52,5.53,0.0028885652,0.0057855137,0.96836734,16.16
346881100100041658,326954.8,5260856.4,4.22,5.08,0.02079506,0.042029895,1.2736244,14.05
346881100100041659,327001.9,5260889.9,4.67,5.86,0.008372194,0.016815074,1.0118506,19.63
346881100100041661,327191.8,5261024.6,2.05,2.57,0.008410945,0.016893232,0.6365142,10.65
346881100100041662,327237.8,5261057.4,2.2,2.72,0.027276583,0.055313163,1.2557136,7.30
346881100100041663,327283.9,5261090.2,2.12,2.65,0.008015262,0.016095297,1.4214455,6.53
346881100100041664,327330.0,5261123.1,2.01,2.5,0.0031856357,0.00638147,0.8338427,4.12
346881100100041665,327376.2,5261156.0,1.94,2.39,0.004913564,0.009851418,0.715092,5.24
346881100100041666,327422.3,5261188.9,2.16,2.69,0.012774066,0.025713177,1.3572581,8.14
346881100100041667,327468.4,5261221.7,2.98,3.77,0.05107984,0.10486909,1.6221352,10.02
346881100100041668,327514.7,5261254.7,4.74,5.64,0.1489447,0.32263356,1.7810389,12.99
346881100100041669,327561.1,5261287.8,3.99,4.89,0.019763902,0.039924767,1.87426,15.34
346881100100041670,327607.2,5261320.6,4.03,4.97,0.09071728,0.19022466,1.8293955,16.83
346881100100041671,327653.3,5261353.5,4.85,5.86,0.22218879,0.5027363,1.8274316,15.12
346881100100041672,327699.5,5261386.4,3.06,3.84,0.08735272,0.18283583,1.5977898,12.22
346881100100041673,327745.7,5261419.4,2.54,3.17,0.06925067,0.1435454,1.2660606,9.59
346881100100041674,327791.8,5261452.2,3.55,4.29,0.13354401,0.28674853,1.5623832,12.34
346881100100041675,327837.7,5261484.9,3.28,3.99,0.07809583,0.1626471,1.5201694,12.95
346881100100041676,327883.6,5261517.7,2.65,3.32,0.040378805,0.08243816,1.5945549,11.20
346881100100041677,327929.9,5261550.7,2.8,3.55,0.09209952,0.19326812,1.3956289,10.43
346881100100041678,327976.2,5261583.7,2.72,3.58,0.033897765,0.068974614,1.5688528,7.88
346881100100041679,328022.8,5261616.8,3.06,3.69,0.014488911,0.029190402,1.3356283,4.90
346881100100041680,328068.8,5261649.6,3.25,3.88,0.039394155,0.08038681,1.3989781,6.48
346881100100041681,328114.7,5261682.4,2.24,2.8,0.062497873,0.12908447,1.3030977,5.48
346881100100041682,328160.8,5261715.2,2.2,2.72,0.0069947327,0.014038759,0.7604408,6.54
346881100100041683,328206.8,5261748.0,2.13,2.65,0.03532407,0.0719298,1.3997169,6.34
346881100100041684,328252.9,5261780.9,2.01,2.5,0.01856194,0.037473746,1.3728999,3.88
346881100100041685,328299.2,5261813.8,2.24,2.8,0.0071804035,0.01441276,0.8737612,2.39
346881100100041686,328345.6,5261846.9,2.57,3.25,0.01598663,0.032232326,1.3095788,3.52
346881100100041687,328392.2,5261880.1,2.95,3.58,0.007190908,0.014433921,0.6365142,5.50
346881100100041688,328438.5,5261913.1,2.39,2.95,0.0066789156,0.013402766,0.6365142,8.23
346881100100041689,328484.6,5261945.9,2.98,3.69,0.009346131,0.018780408,1.0380467,11.32
346881100100041690,328530.5,5261978.6,3.06,3.73,0.0041224146,0.008261919,0.79504764,11.07
346881100100041691,328576.4,5262011.4,2.05,2.54,0.008373293,0.016817292,1.4875307,5.09
346881100100041692,328622.7,5262044.4,2.39,3.02,0.008648011,0.017371455,1.3797945,2.54
346881100100041693,328669.1,5262077.4,2.16,2.69,0.0068983817,0.013844706,0.6812186,1.81
346881100100041694,328715.5,5262110.4,2.46,3.06,0.004049568,0.008115626,0.85609037,3.84
346881100100041695,328761.9,5262143.5,4.29,5.19,0.14566928,0.31494728,1.7507298,5.02
346881100100041696,328808.3,5262176.5,2.42,2.95,0.015022228,0.030273056,1.3374647,7.48
346881100100041697,328854.2,5262209.3,2.76,3.43,0.08570377,0.17922457,1.4021474,6.94
346881100100041698,328900.5,5262242.3,2.98,3.66,0.0044681784,0.008956438,0.6365142,5.11
346881100100041699,328946.9,5262275.3,2.31,2.87,0.0050885715,0.0102031985,0.75699294,3.33
346881100100041700,328993.1,5262308.3,2.05,2.54,0.002401324,0.00480844,0.6365142,3.00
346881100100041701,329039.4,5262341.2,2.27,2.84,0.0024469674,0.0048999493,0.6365142,4.35
346881100100041702,329085.4,5262374.1,2.57,3.28,0.034956165,0.07116711,1.4940943,7.30
346881100100041703,329131.4,5262406.9,2.27,2.84,0.047375545,0.09707577,1.1705076,7.07
346881100100041704,329177.6,5262439.8,2.09,2.57,0.0032532793,0.006517195,0.6365142,4.96
346881100100041705,329223.9,5262472.8,2.27,2.84,0.008119401,0.016305272,1.5112429,2.17
346881100100041706,329270.2,5262505.8,2.13,2.69,0.01243983,0.025036147,1.394249,2.93
346881100100041707,329316.4,5262538.7,2.09,2.61,0.0040735463,0.008163779,0.9020192,3.50
346881100100041708,329362.7,5262571.7,2.05,2.54,0.0052366513,0.010500899,0.7576015,3.40
346881100100041709,329409.0,5262604.7,2.24,2.8,0.0052577276,0.010543274,1.3680053,3.71
346881100100041710,329455.4,5262637.8,2.42,2.98,0.001993644,0.003991279,1.1526076,5.38
346881100100041711,329501.8,5262670.9,2.54,3.21,0.005459639,0.010949278,0.6365142,6.68
346881100100041712,329548.3,5262704.0,2.69,3.36,0.0077581834,0.015577041,1.1945271,6.87
346881100100041713,329594.8,5262737.1,2.39,2.95,0.014898686,0.030022208,1.0453016,5.47
346881100100041714,329641.1,5262770.2,2.24,2.76,0.017655145,0.03562661,1.2336878,4.50
346881100100041715,329687.5,5262803.2,3.51,4.44,0.03222894,0.06552251,1.6514583,7.40
346881100100041716,329734.0,5262836.3,3.69,4.63,0.11178287,0.23711921,1.7630253,9.79
346881100100041717,329779.8,5262869.1,2.57,3.28,0.047273465,0.09686144,1.5197932,10.62
346881100100041718,329825.7,5262901.8,2.39,3.06,0.07470339,0.15529926,1.4007022,6.78
346881100100041719,329872.0,5262934.8,3.1,3.88,0.0076893456,0.01543829,0.6365142,7.98
346881100100041720,329918.3,5262967.9,3.02,3.81,0.027099406,0.054948874,1.6802124,7.21
346881100100041721,329964.3,5263000.7,2.39,2.98,0.018418748,0.037181947,1.354072,10.48
346881100100041722,330009.9,5263033.3,4.11,5.6,0.10901869,0.2309026,1.865993,13.32
346881100100041723,330055.5,5263065.9,2.65,3.51,0.022782654,0.04609388,1.5024111,10.04
346881100100041724,330101.5,5263098.8,2.91,3.62,0.06967225,0.1444517,1.4527928,9.93
346881100100041725,330147.6,5263131.7,2.13,2.69,0.005628923,0.01128974,1.4124217,7.29
346881100100041726,330193.8,5263164.6,2.31,2.87,0.029593362,0.060082722,1.4398636,3.65
346881100100041727,330240.1,5263197.7,2.31,2.91,0.0134289535,0.02704039,1.7327776,0.96
346881100100041728,330286.4,5263230.7,2.46,3.06,0.002950483,0.005909713,0.6365142,1.10
346881100100041729,330332.8,5263263.8,2.2,2.76,0.0063555087,0.012751697,0.94028,0.83
346881100100041730,330379.1,5263296.8,2.27,2.87,0.011266187,0.022660624,1.40912,3.15
346881100100041731,330425.8,5263330.1,3.55,4.44,0.009619682,0.019332763,0.7182057,7.03
346881100100041732,330472.5,5263363.4,2.5,3.1,0.0112183215,0.022563802,1.0071295,5.31
346881100100041733,330519.0,5263396.6,2.61,3.25,0.068613805,0.14217709,1.3405801,3.17
346881100100041734,330565.4,5263429.7,2.39,2.95,0.008170333,0.016407976,0.9790914,2.98
346881100100041735,330611.8,5263462.8,2.01,2.54,0.0043884837,0.008796337,0.6454956,2.90
346881100100041736,330658.0,5263495.7,1.9,2.35,0.0050298846,0.010085225,0.8408976,4.41
346881100100041737,330704.1,5263528.7,2.24,2.76,0.011903511,0.023950255,1.5019375,6.50
346881100100041738,330750.2,5263561.6,2.27,2.84,0.02694554,0.05463257,1.3194568,7.18
346881100100041739,330796.4,5263594.5,1.94,2.42,0.006078527,0.012194257,0.6365142,5.93
346881100100041740,330842.4,5263627.4,2.01,2.5,0.002018421,0.004040933,1.1438756,3.73
346881100100041741,330888.7,5263660.4,2.39,2.98,0.005874967,0.011784683,1.5837444,1.75
346881100100041742,330935.1,5263693.6,2.05,2.54,0.008563434,0.01720083,0.6365142,5.48
346881100100041743,330981.1,5263726.4,4.07,4.78,0.058215477,0.11996787,1.5993768,10.23
346881100100041744,331026.6,5263758.9,3.92,4.78,0.14692058,0.31788015,1.63117,8.63
346881100100041745,331072.8,5263791.9,2.76,3.43,0.008959695,0.018000377,0.8902287,12.06
346881100100041746,331118.7,5263824.7,3.32,4.07,0.03955399,0.08071965,1.7155066,13.29
346881100100041747,331164.4,5263857.3,3.32,4.22,0.1041688,0.22004186,1.6022906,12.96
346881100100041748,331210.1,5263889.9,3.4,4.26,0.09262728,0.1944314,1.6190268,11.14
346881100100041749,331256.4,5263922.9,3.1,3.81,0.004507558,0.009035553,0.6365142,3.36
346881100100041750,331302.8,5263956.0,2.16,2.69,0.010071887,0.020246191,0.8286491,2.76
346881100100041752,331395.1,5264021.8,2.05,2.54,0.011801313,0.023743398,1.5198691,4.83
346881100100041753,331441.3,5264054.7,2.2,2.72,0.02160724,0.04368954,1.4814659,4.09
346881100100041754,331487.4,5264087.6,2.01,2.5,0.005510273,0.011051107,1.4670669,4.80
346881100100041755,331533.6,5264120.5,2.65,3.25,0.0068180636,0.013682957,1.071771,6.79
346881100100041756,331579.5,5264153.2,3.77,4.44,0.18441363,0.40782106,1.462716,7.32
346881100100041757,331625.7,5264186.1,2.35,2.91,0.002373711,0.0047530816,0.71918195,2.12
346881100100041758,331672.0,5264219.1,2.01,2.5,0.0046388186,0.009299284,1.1484537,1.51
346881100100041759,331718.2,5264252.0,5.9,6.95,0.26229456,0.60871005,1.9468843,0.80
346881100100041760,331764.6,5264285.0,2.13,2.65,0.009643369,0.019380601,1.5395211,1.23
346881100100041761,331810.9,5264318.0,2.16,2.76,0.018279886,0.03689902,1.558503,1.58
346881100100041762,331857.3,5264351.0,2.39,2.95,0.021487704,0.04344519,1.3468331,2.18
346881100100041763,331903.6,5264384.0,2.05,2.57,0.009783278,0.01966317,0.7315377,1.70
346881100100041764,331949.9,5264417.0,2.35,2.95,0.0318937,0.06482975,1.439674,0.96
346881100100041765,331996.3,5264450.0,2.13,2.65,0.0051300908,0.010286665,1.2619747,0.82
346881100100041766,332042.7,5264483.0,2.16,2.65,0.001221078,0.0024436526,0.6365142,1.73
346881100100041767,332089.0,5264516.0,2.57,3.21,0.0048791836,0.009782318,0.79267687,5.20
346881100100041768,332135.7,5264549.2,3.88,4.85,0.004722587,0.00946761,1.5965627,9.82
346881100100041769,332182.7,5264582.5,4.74,5.86,0.048609886,0.09966927,1.9874583,13.29
346881100100041770,332229.7,5264615.9,4.44,5.64,0.07636753,0.1589003,2.047178,12.40
346881100100041771,332276.7,5264649.3,2.95,3.62,0.0056352853,0.011302536,0.7338352,10.03
346881100100041772,332323.5,5264682.6,3.32,4.11,0.013701577,0.027593156,1.1592351,7.80
346881100100041773,332370.1,5264715.8,5.23,6.35,0.10295897,0.21734177,1.998106,11.21
346881100100041774,332417.5,5264749.4,2.91,3.58,0.009992709,0.020086227,1.0764099,10.66
346881100100041775,332464.1,5264782.6,4.85,6.09,0.07218795,0.14986838,2.0282423,6.29
346881100100041776,332510.5,5264815.6,5.15,6.16,0.093003124,0.19526023,1.9565723,15.40
346881100100041777,332555.7,5264848.0,4.52,5.64,0.125945,0.26927724,1.8659053,15.55
346881100100041778,332601.6,5264880.8,2.27,2.87,0.009496116,0.019083241,1.5699785,9.43
346881100100041779,332647.6,5264913.6,1.94,2.39,0.005599817,0.011231198,1.4995,8.24
346881100100041780,332693.8,5264946.5,2.01,2.5,0.00068923103,0.0013789387,0.8428292,6.34
346881100100041781,332739.7,5264979.2,2.01,2.5,0.021389853,0.043245185,1.192646,4.88
346881100100041782,332785.8,5265012.1,2.13,2.65,0.0017686037,0.0035403478,0.6365142,4.28
346881100100041783,332831.9,5265045.0,2.57,3.13,0.0016546496,0.0033120478,0.9700496,6.81
346881100100041784,332877.7,5265077.8,2.13,2.69,0.011068281,0.022260329,1.6348652,6.93
346881100100041785,332923.6,5265110.5,2.54,3.4,0.07323158,0.1521198,1.5163281,6.82
346881100100041786,332969.7,5265143.4,2.13,2.61,0.0026997672,0.005406857,0.6365142,3.65
346881100100041787,333015.7,5265176.3,2.01,2.5,0.003120204,0.006250191,1.3270158,3.97
346881100100041788,333061.9,5265209.2,6.35,7.92,0.20929144,0.46981958,2.084675,1.88
346881100100041789,333108.1,5265242.2,5.82,6.91,0.17583187,0.38687372,2.0109658,1.10
346881100100041790,333154.4,5265275.2,5.97,6.95,0.27524424,0.64416647,1.9296668,2.48
346881100100041791,333200.9,5265308.3,3.4,4.37,0.013743925,0.027679035,1.7715925,5.48
346881100100041792,333247.5,5265341.5,3.99,5.41,0.06971268,0.14453863,1.9761552,7.46
346881100100041793,333294.1,5265374.8,3.28,4.11,0.0040194816,0.008055208,1.0685397,8.51
346881100100041794,333340.8,5265408.0,6.01,6.98,0.24757016,0.5691458,1.9030079,7.97
346881100100041795,333387.3,5265441.2,2.95,3.66,0.103419416,0.21836895,1.4363843,4.93
346881100100041796,333433.9,5265474.4,3.06,3.77,0.008120397,0.016307281,1.2954715,5.98
346881100100041797,333480.7,5265507.7,2.35,2.91,0.010791874,0.021701388,0.809446,4.78
346881100100041798,333527.0,5265540.8,1.98,2.46,0.0032069199,0.006424175,1.4991009,2.35
346881100100041799,333573.3,5265573.7,2.27,2.84,0.0014152387,0.002832488,0.8347993,4.67
346881100100041800,333619.8,5265606.9,2.98,3.69,0.005034565,0.010094633,0.9518252,7.69
346881100100041801,333666.5,5265640.1,3.25,3.88,0.022817636,0.046165485,1.417419,7.04
346881100100041802,333712.9,5265673.2,2.54,3.13,0.049484216,0.10150839,1.2911851,5.66
346881100100041803,333759.1,5265706.2,2.31,2.87,0.04629025,0.094798215,1.2929018,4.64
346881100100041804,333805.4,5265739.2,2.31,2.91,0.0120771015,0.024301661,1.42936,3.74
346881100100041805,333851.8,5265772.2,2.65,3.36,0.025233382,0.051116258,1.6723247,8.05
346881100100041806,333898.7,5265805.6,4.4,5.34,0.006677999,0.01340092,0.6365142,10.90
346881100100041807,333945.6,5265839.0,2.09,2.61,0.008667269,0.01741031,0.6365142,6.10
346881100100041808,333992.0,5265872.1,2.72,3.4,0.0064452263,0.012932291,0.6365142,6.01
346881100100041809,334038.5,5265905.2,2.65,3.28,0.009951094,0.020002156,1.4727573,7.93
346881100100041810,334085.1,5265938.4,2.95,3.58,0.004851908,0.009727499,1.0243331,8.68
351000000100042757,320108.2,5262784.9,4.48,5.37,0.16975261,0.3721764,1.8574306,15.03
351000000100042758,320154.5,5262817.7,4.55,5.37,0.094453685,0.19846497,1.8024687,7.48
351000000100042759,320200.9,5262850.7,4.37,5.11,0.060437407,0.12469387,1.8512939,10.81
351000000100042765,320480.0,5263048.5,2.61,3.21,0.013115893,0.026405869,0.9220328,11.10
351000000100042767,320571.8,5263114.0,3.32,4.03,0.15985665,0.34846437,1.5000718,8.60
351000000100042769,320664.5,5263179.9,5.08,5.86,0.20257607,0.45290774,1.8419355,8.58
351000000100042796,321970.6,5264105.6,2.24,2.72,0.025289737,0.05123207,1.4922384,14.43
351000000100042874,325618.7,5266706.8,8.51,9.45,0.35530603,0.8786488,2.2275481,19.38
351000000100042884,326084.9,5267037.9,6.23,7.21,0.20686166,0.46369386,2.0605297,7.86
351000000100042889,326318.7,5267203.7,5.9,6.83,0.114443034,0.24312428,2.0301366,15.01
351000100100041721,319626.8,5261656.1,4.96,5.9,0.051905744,0.10661131,1.9414549,18.36
351000100100041731,320087.9,5261984.4,3.92,4.63,0.11408126,0.24230558,1.7448624,10.22
351000100100041732,320133.8,5262017.2,2.46,3.02,0.00600394,0.01204418,1.6440061,12.64
351000100100041735,320271.3,5262115.3,3.77,4.52,0.1754277,0.38589913,1.6055958,13.51
351000100100041736,320317.3,5262148.0,4.33,5.08,0.18697862,0.41413257,1.718497,14.86
351000100100041737,320363.0,5262180.7,3.1,3.81,0.118164405,0.25154838,1.5227176,8.52
351000100100041739,320455.4,5262246.4,2.27,2.8,0.018547034,0.03744342,1.2950935,4.35
351000100100041740,320501.6,5262279.3,2.5,3.1,0.044046894,0.09009897,1.4560772,3.43
351000100100041743,320641.4,5262378.3,5.86,6.72,0.15492052,0.33673847,1.9878007,17.77
351000100100041744,320688.6,5262411.5,2.72,3.32,0.04965927,0.10187724,1.6067008,10.52
351000100100041745,320735.3,5262444.6,3.17,3.92,0.040977627,0.08368704,1.5362937,10.94
351000100100041751,321016.1,5262643.1,3.02,3.69,0.051277995,0.105287306,1.4162322,9.71
351000100100041773,322035.5,5263367.5,2.72,3.28,0.049673494,0.10190718,1.4600854,14.47
351000100100041774,322082.0,5263400.5,5.11,5.9,0.061206516,0.12633164,1.7320316,17.91
351000100100041789,322822.2,5263927.5,2.31,2.83,0.05018946,0.10299352,1.2328314,13.91
351000100100041791,322913.3,5263992.9,3.1,3.73,0.018951584,0.038268026,1.1661228,8.49
351000200100042742,319140.1,5260617.5,11.58,12.59,0.48343548,1.3225454,2.4737241,15.03
351000200100042743,319185.3,5260650.1,13.45,14.46,0.69379145,2.3726313,2.6390727,12.20
351000200100042744,319233.1,5260683.7,6.95,7.95,0.1404234,0.3026934,2.0314758,15.34
351000200100042746,319325.5,5260749.6,12.33,13.22,0.861275,3.9727638,2.4520352,18.27
351000200100042747,319371.9,5260782.7,6.2,7.13,0.1800258,0.3970745,1.9998457,16.47
351000200100042748,319418.9,5260816.0,4.18,5.04,0.01633133,0.03293302,0.9225138,13.13
351000200100042749,319465.5,5260849.1,4.55,5.34,0.08238364,0.17197157,1.6240975,14.74
351000200100042750,319511.8,5260882.1,7.09,8.22,0.027933214,0.056663644,1.9237076,14.33
351000200100042751,319558.9,5260915.4,8.18,9.34,0.15579657,0.33880264,2.2729902,11.15
351000200100042756,319840.0,5261114.7,3.25,4.03,0.021371966,0.043208532,1.6316864,15.20
351000200100042758,319932.6,5261180.7,4.78,5.6,0.09704253,0.20418772,1.8655578,16.62
351000200100042761,320069.6,5261278.9,4.96,5.94,0.21238592,0.47765508,1.8333944,16.53
351000200100042801,321906.7,5262590.7,5.3,6.46,0.15984935,0.3484319,1.934298,13.49
351000200100042812,322419.4,5262953.8,4.97,5.82,0.1851724,0.40967444,1.8867844,19.15
351000200100042816,322607.6,5263086.4,3.66,4.59,0.0898552,0.18832695,1.7387594,18.35
351000200100042906,326824.2,5266085.9,6.65,7.43,0.4088275,1.0521593,1.9677547,16.38
351000200100042970,329835.4,5268229.3,2.16,2.69,0.03356578,0.06828715,1.4439317,3.95
351000300100041662,319442.5,5260046.0,4.48,5.26,0.20809282,0.4667705,1.7452347,17.88
351000300100041667,319671.1,5260210.0,2.95,3.69,0.01337317,0.026927251,0.8940153,16.01
351000300100041668,319716.1,5260242.5,6.5,7.66,0.24338855,0.5580262,2.0798836,15.10
351000300100041669,319761.5,5260275.2,5.94,7.06,0.2776988,0.65092397,1.9837122,13.04
351000300100041670,319807.6,5260308.1,2.27,2.8,0.014187944,0.028579626,1.5848749,7.66
351000300100041671,319853.8,5260341.1,5.75,6.76,0.2602356,0.60310054,1.9233752,17.80
351000300100041675,320040.6,5260473.8,6.8,7.77,0.17199664,0.3775717,2.013883,19.03
351000300100041676,320086.9,5260506.8,13.11,14.05,0.7808569,3.0464056,2.5159872,18.29
351000300100041677,320132.6,5260539.6,13.86,15.13,0.820603,3.4507747,2.5772867,18.15
351000300100041680,320319.5,5260672.2,17.56,18.83,0.9531763,6.212235,2.8367074,19.66
351000300100041681,320367.1,5260705.8,4.14,5.04,0.008692772,0.017461741,1.2767422,17.19
351000300100041698,321149.3,5261264.4,5.23,6.24,0.28485638,0.6708612,1.8573684,18.86
351000300100041699,321195.5,5261297.3,3.21,3.96,0.1500647,0.3252604,1.4661828,9.84
351000300100041700,321241.8,5261330.3,3.69,4.63,0.089831434,0.18827394,1.7455375,7.80
351000300100041701,321288.0,5261363.2,3.4,4.22,0.1233296,0.26329392,1.5884911,5.57
351000300100041702,321334.4,5261396.2,4.33,5.04,0.22344045,0.5059393,1.601293,3.84
351000300100041703,321380.7,5261429.1,3.77,4.55,0.085069746,0.17783538,1.7172585,6.95
351000300100041718,322079.2,5261924.8,2.91,3.58,0.105541125,0.2231052,1.464167,13.44
351000300100041719,322125.7,5261957.8,2.61,3.17,0.013275517,0.0267293,0.6365142,14.45
351000300100041909,331021.3,5268285.6,2.46,3.02,0.029037036,0.05893611,1.4832517,4.66
351000300100041911,331114.1,5268351.6,3.51,4.22,0.038887743,0.07933214,1.7835352,3.65
351000300100041913,331206.9,5268417.6,2.35,2.84,0.02013496,0.04068191,0.87701315,5.72
351000300100041915,331299.3,5268483.4,2.42,2.91,0.011075047,0.022273976,1.0629035,7.81
351000300100041916,331345.3,5268516.3,4.48,5.19,0.22044346,0.49823,1.6768277,7.08
351000300100041928,331902.2,5268912.5,2.09,2.54,0.005620598,0.0112729855,1.3070145,7.77
351000300100041934,332178.9,5269109.9,2.87,3.43,0.08078932,0.16849825,1.3952037,3.89
351000300100041935,332225.1,5269142.8,3.17,3.81,0.16563097,0.36224672,1.407175,4.20
351000500100041540,319351.9,5259080.2,2.8,3.43,0.013651795,0.027492233,0.99699104,10.64
351000500100041541,319397.9,5259113.0,4.63,5.56,0.13284309,0.28513342,1.9523823,12.14
351000500100041556,320084.9,5259603.7,10.34,11.16,0.77142954,2.9630628,2.317333,17.70
351000500100041557,320130.1,5259636.1,3.24,4.18,0.01949456,0.03937532,1.4124447,19.84
351000500100041558,320175.8,5259668.8,3.88,5.26,0.038728092,0.079000585,1.8222584,15.25
351000500100041572,320826.4,5260130.5,2.61,3.21,0.014930998,0.030087844,0.91067743,16.02
351000500100041573,320872.4,5260163.3,3.95,4.96,0.1038355,0.21929927,1.910891,16.40
351000500100041574,320918.0,5260195.8,4.78,5.82,0.14450471,0.31222498,1.9675528,16.44
351000500100041582,321288.5,5260458.9,5.08,6.35,0.19354631,0.4303641,2.005837,17.08
351000500100041584,321383.9,5260526.0,4.51,5.52,0.04968711,0.10193575,1.9937388,14.91
351000500100041585,321430.2,5260558.9,4.48,5.6,0.10352253,0.2186007,1.9000038,18.95
351000500100041586,321475.6,5260591.3,5.0,6.35,0.121424004,0.25895727,2.101826,14.80
351000500100041587,321523.0,5260624.7,3.1,3.84,0.052667134,0.108218275,1.6750977,12.69
351000500100041590,321662.5,5260723.7,2.39,2.95,0.010187767,0.020480344,1.310819,10.50
351000500100041591,321708.5,5260756.4,2.65,3.36,0.05617312,0.11563507,1.7079997,7.97
351000500100041592,321755.0,5260789.4,2.98,3.66,0.076328665,0.15881698,1.4767454,9.05
351000500100041598,322032.8,5260986.7,2.35,2.95,0.0690752,0.14316899,1.5305923,15.93
351000500100041730,328138.3,5265333.9,2.09,2.61,0.039079167,0.07973125,1.1641088,1.25
351000500100041731,328184.7,5265366.9,2.35,2.95,0.061006777,0.12590595,1.4178464,0.50
351000500100041732,328231.1,5265399.9,2.01,2.46,0.006449415,0.012940727,0.6365142,0.36
351000500100041733,328277.3,5265432.8,2.01,2.46,0.044096,0.09020165,1.327507,1.33
351000500100041734,328323.6,5265465.7,2.05,2.54,0.045660324,0.09347776,1.3171822,1.60
351000500100041795,331247.1,5267544.5,2.05,2.54,0.04466289,0.09138825,1.322226,5.38
351000500100041796,331293.5,5267577.5,2.16,2.69,0.05496266,0.11307126,1.392929,7.04
351000500100041797,331339.8,5267610.4,2.01,2.5,0.018856322,0.03807381,1.1175718,8.69
351000500100041798,331386.0,5267643.3,2.42,2.95,0.047225486,0.09676102,1.3011634,7.27
351000500100041799,331432.0,5267676.1,2.35,2.87,0.04838012,0.099186584,1.4562104,4.32
351000500100041800,331478.4,5267709.1,2.01,2.5,0.023259884,0.047070973,1.1808646,2.32
351000500100041801,331524.8,5267742.0,2.24,2.8,0.014561989,0.029338747,1.0883753,5.61
351000500100041802,331570.6,5267774.7,3.25,4.03,0.092588134,0.19434637,1.6854243,3.50
351000500100041803,331617.2,5267807.8,2.16,2.69,0.047546815,0.09743574,1.3731532,3.59
351000500100041804,331663.5,5267840.7,2.12,2.61,0.02637328,0.05345671,1.4609396,5.08
351000500100041805,331709.7,5267873.6,2.54,3.13,0.07135707,0.14807849,1.4547433,5.16
351000500100041806,331755.9,5267906.4,2.39,2.95,0.050459232,0.103561655,1.4634138,4.08
351000500100041807,331802.2,5267939.4,2.46,3.06,0.061698873,0.1273809,1.4182032,6.03
351000500100041808,331848.7,5267972.3,3.4,4.18,0.06058072,0.124998495,1.8136796,7.09
351000500100041809,331894.9,5268005.2,2.91,3.58,0.09183785,0.19269289,1.4762064,6.20
351000500100041810,331941.3,5268038.1,2.57,3.17,0.05294308,0.10880103,1.4677019,3.60
351000500100041811,331987.4,5268071.0,2.2,2.72,0.043726537,0.08942869,1.3052828,3.47
351000500100041812,332034.0,5268104.0,1.98,2.42,0.022622429,0.045766037,1.2614442,4.70
351000500100041813,332080.0,5268136.8,2.16,2.72,0.07006821,0.145304,1.1580756,4.58
351000500100041814,332126.4,5268169.7,2.2,2.72,0.046383347,0.094993785,1.2119689,4.90
351000500100041815,332172.6,5268202.6,2.27,2.8,0.045344137,0.09281515,1.3623443,6.56
351000500100041816,332218.6,5268235.3,2.09,2.61,0.012362388,0.024879333,0.9519401,6.69
351000500100041817,332264.8,5268268.2,2.5,3.13,0.02242187,0.04535565,1.5915755,5.71
351000500100041818,332311.0,5268301.1,2.27,2.8,0.02579613,0.0522714,1.5047427,5.61
351000500100041819,332357.4,5268334.0,2.31,2.87,0.017616693,0.035548363,1.3512253,4.83
351000500100041820,332403.6,5268366.9,1.94,2.42,0.043814056,0.08961176,1.3779356,1.71
351000500100041821,332450.2,5268399.9,2.05,2.54,0.0067358287,0.013517369,1.0400894,4.40
351000500100041822,332496.2,5268432.6,2.01,2.5,0.017002458,0.03429819,1.3234441,3.28
351000500100041823,332542.5,5268465.6,2.61,3.28,0.09479593,0.19921991,1.4108994,3.84
351000500100041824,332588.7,5268498.4,2.42,3.02,0.06928326,0.14361615,1.5057077,4.34
351000500100041825,332635.0,5268531.3,2.09,2.61,0.032407057,0.06589082,1.4792464,4.07
351000500100041826,332681.3,5268564.2,2.27,2.8,0.0396962,0.08101607,1.3674309,3.89
351000500100041827,332727.6,5268597.1,2.16,2.69,0.02301006,0.046559457,1.3263557,3.72
351000500100041828,332774.7,5268630.4,3.21,3.88,0.012536301,0.025231559,1.2714682,10.15
351000500100041829,332820.8,5268663.2,3.54,4.33,0.046120934,0.094443426,1.7777244,11.96
351000500100041830,332866.1,5268695.6,2.91,3.62,0.07419074,0.15419206,1.593167,9.58
351000500100041831,332912.2,5268728.4,2.2,2.72,0.029587565,0.0600709,1.5303205,3.30
351000500100041832,332958.5,5268761.4,2.09,2.57,0.044184446,0.09038674,1.3434409,1.92
351000500100041833,333005.1,5268794.4,2.27,2.8,0.029623928,0.060145847,1.0999175,5.98
351000500100041834,333051.0,5268827.1,2.05,2.54,0.04219918,0.08623642,1.4232799,5.36
351000500100041835,333097.1,5268859.9,2.12,2.65,0.024240058,0.049079154,1.3040783,4.62
351000500100041836,333143.2,5268892.8,2.2,2.69,0.04435432,0.090742275,1.3107605,4.93
351000500100041837,333189.6,5268925.7,2.65,3.32,0.026594918,0.05391208,1.5582582,7.19
351000500100041838,333235.6,5268958.5,2.42,3.02,0.07863314,0.16381428,1.4799438,5.83
351000500100041839,333281.8,5268991.4,2.16,2.69,0.029258672,0.059393108,1.3250914,5.84
351000500100041840,333328.2,5269024.3,2.5,3.02,0.020813059,0.04206672,1.0208517,5.45
351000500100041841,333374.0,5269057.0,2.12,2.65,0.021579018,0.043631908,1.4939868,1.64
351000500100041842,333420.6,5269090.1,2.09,2.57,0.034894153,0.07103875,1.2228822,4.73
351000500100041843,333466.8,5269123.0,2.2,2.72,0.008275633,0.016620336,0.6365142,5.65
351000500100041844,333512.8,5269155.8,2.31,2.83,0.053714596,0.110431254,1.4659679,6.31
351000500100041845,333558.7,5269188.5,2.27,2.83,0.05015801,0.10292719,1.3808303,5.24
351000600100071976,319224.1,5258205.7,5.37,6.76,0.14438164,0.311935,2.091509,18.83
351000600100071980,319408.0,5258336.9,6.05,7.2,0.22008659,0.49733713,2.056422,17.83
351000600100071981,319454.2,5258369.9,3.81,4.63,0.039509807,0.080627725,1.496581,18.84
351000600100071982,319499.3,5258402.3,12.32,13.11,0.71672195,2.52994,2.462477,18.26
351000600100071983,319545.5,5258435.2,7.02,8.18,0.32806844,0.7957164,2.1233683,16.80
351000600100071986,319681.4,5258532.7,7.88,9.52,0.25922886,0.6004125,2.265708,18.23
351000600100071987,319726.7,5258565.2,12.32,13.22,0.8314131,3.5787776,2.4212499,11.68
351000600100071988,319772.4,5258597.8,13.33,14.38,0.8376417,3.655171,2.4864333,14.46
351000600100071989,319819.8,5258631.3,6.08,7.2,0.16960543,0.37181383,2.1269064,18.64
351000600100071990,319866.5,5258664.5,4.1,6.27,0.0211634,0.04278243,0.7918607,18.82
351000600100071991,319912.1,5258697.1,8.14,9.22,0.44873926,1.192346,2.1516955,17.76
351000600100071992,319958.3,5258730.1,7.32,8.21,0.40267277,1.0314898,2.053552,17.39
351000600100071993,320004.4,5258762.9,12.1,13.26,0.83856106,3.6666982,2.4709034,18.26
351000600100071994,320050.7,5258795.9,14.56,15.46,0.81392264,3.3786957,2.675877,18.68
351000600100071995,320097.8,5258829.2,7.02,8.33,0.05441155,0.111904815,2.2882023,19.50
351000600100071997,320191.3,5258895.6,6.16,7.17,0.29683253,0.7047208,1.9821385,15.83
351000600100071998,320236.9,5258928.2,16.69,17.85,0.7089469,2.4753988,2.8307056,15.99
351000600100072007,320660.1,5259227.8,3.81,4.74,0.11030991,0.2338048,1.8833065,18.16
351000600100072008,320706.5,5259260.8,3.95,4.85,0.09668885,0.20340702,1.9005455,16.32
351000600100072009,320752.5,5259293.5,3.17,4.14,0.043088123,0.08809358,1.8687731,17.82
351000600100072010,320798.2,5259326.2,2.61,3.25,0.028714772,0.058272664,1.2310174,18.96
351000600100072011,320843.5,5259358.6,2.8,3.47,0.02378843,0.048153557,1.1716205,17.41
351000600100072012,320888.8,5259391.0,2.54,3.13,0.038847998,0.07924997,1.5539435,14.63
351000600100072013,320934.5,5259423.7,2.2,2.76,0.05573173,0.11469952,1.4440601,16.82
351000600100072014,320980.8,5259456.5,2.91,3.69,0.095894285,0.20164803,1.6060133,17.57
351000600100072027,321584.8,5259885.2,3.77,4.89,0.15271325,0.33151525,1.811876,18.33
351000600100072040,322182.3,5260310.4,3.51,4.25,0.11861907,0.2525783,1.7123141,17.05
351000600100072041,322228.1,5260343.1,4.03,5.08,0.016590575,0.03346028,1.5746288,18.46
351000600100072042,322273.8,5260375.7,2.42,3.06,0.08491462,0.17749901,1.4579383,12.22
351000600100072045,322413.3,5260474.6,3.32,4.14,0.07803889,0.16252388,1.739085,19.87
351000600100072054,322832.9,5260771.9,2.8,3.47,0.029738575,0.060382098,1.5768642,15.22
351000600100072055,322878.7,5260804.6,3.1,3.84,0.0683839,0.14168361,1.7138065,15.72
351000600100072164,327918.4,5264393.2,2.01,2.46,0.045807872,0.09378686,1.277127,5.60
351000600100072165,327964.3,5264426.0,2.5,3.1,0.105090484,0.22210191,1.4957033,2.78
351000600100072167,328057.5,5264492.3,2.01,2.5,0.0394613,0.08052671,1.354912,1.84
351000600100072169,328150.0,5264558.2,2.05,2.54,0.027885854,0.056566402,1.4518058,3.16
351000600100072170,328196.5,5264591.3,2.27,2.8,0.057782847,0.11904935,1.2887799,4.33
351000600100072171,328243.1,5264624.4,2.5,3.1,0.06560483,0.13572514,1.3821422,4.22
351000600100072172,328289.8,5264657.6,2.12,2.65,0.020310126,0.04103964,1.4846662,1.79
351000600100072174,328382.2,5264723.4,2.27,2.8,0.039269473,0.08012729,1.3693479,5.73
351000600100072175,328428.1,5264756.2,2.05,2.54,0.016789835,0.033865586,0.77753526,4.06
351000600100072176,328474.3,5264789.1,2.24,2.76,0.060754735,0.12536874,1.3921489,3.39
351000600100072177,328520.6,5264822.1,3.47,4.14,0.13895382,0.2992816,1.5618341,6.81
351000600100072178,328567.1,5264855.1,2.35,2.95,0.03923382,0.080053054,1.5885884,9.27
351000600100072179,328613.8,5264888.2,2.65,3.25,0.046676066,0.09560768,1.5994836,8.89
351000600100072180,328660.4,5264921.4,2.2,2.72,0.051547784,0.10585589,1.2806642,6.08
351000600100072181,328706.9,5264954.4,2.39,2.95,0.035076976,0.071417585,1.4411917,5.42
351000600100072182,328753.3,5264987.4,2.05,2.57,0.035513964,0.072323635,1.4302925,4.43
351000600100072183,328799.5,5265020.3,2.2,2.72,0.033426616,0.06799945,1.5095618,4.30
351000600100072185,328891.6,5265085.9,1.94,2.39,0.02867458,0.0581899,1.3913597,3.74
351000600100072186,328937.9,5265118.8,2.05,2.54,0.031107761,0.06320665,1.4730486,4.94
351000600100072187,328984.2,5265151.7,2.01,2.5,0.022537995,0.04559321,1.4069773,4.24
351000600100072188,329030.6,5265184.6,2.01,2.46,0.035381548,0.07204904,1.2312368,3.26
351000600100072189,329077.1,5265217.7,2.35,2.91,0.064932704,0.13428673,1.4460312,3.36
351000600100072190,329123.6,5265250.7,2.35,2.87,0.052872874,0.1086525,1.5260688,3.88
351000600100072191,329170.0,5265283.7,2.24,2.72,0.071996994,0.149457,1.3466635,4.58
351000600100072192,329216.5,5265316.7,2.27,2.8,0.048137866,0.09867722,1.4789307,5.10
351000600100072193,329263.0,5265349.7,2.27,2.8,0.062494352,0.12907717,1.3063842,5.37
351000600100072198,329495.5,5265514.7,3.21,3.92,0.11759984,0.25026593,1.6920675,8.75
351000600100072240,331444.4,5266901.0,2.42,2.98,0.06408098,0.13246548,1.4925066,7.51
351000600100072242,331537.5,5266967.2,2.2,2.69,0.05462063,0.112347156,1.4190562,3.71
351000600100072243,331583.8,5267000.1,2.16,2.65,0.039521243,0.08065154,1.3062283,3.07
351000600100072244,331630.3,5267033.2,2.42,2.98,0.060035784,0.12383814,1.2995898,5.43
351000600100072245,331677.1,5267066.4,2.83,3.51,0.06437677,0.13309778,1.6505171,6.06
351000600100072246,331723.9,5267099.5,2.72,3.32,0.07706831,0.160419,1.5881797,3.89
351000600100072247,331863.5,5267198.7,2.09,2.61,0.045024965,0.09214633,1.4443533,1.56
351000600100072248,331909.7,5267231.6,1.98,2.42,0.018511845,0.037371673,1.2333336,2.28
351000600100072249,331956.1,5267264.6,2.54,3.17,0.051665552,0.106104285,1.5441501,5.24
351000600100072250,332003.0,5267297.8,2.5,3.1,0.057837788,0.119165994,1.5581057,5.12
351000600100072253,332143.3,5267397.2,2.57,3.17,0.02280693,0.046143595,1.0780547,10.94
351000600100072254,332190.3,5267430.5,3.13,3.92,0.043921024,0.089835376,1.827303,12.54
351000600100072255,332237.5,5267463.8,3.77,4.52,0.1603149,0.34954932,1.6271604,9.94
351000600100072256,332284.8,5267497.2,3.25,4.03,0.028873911,0.058600407,1.5655465,20.00
351000600100072258,332376.0,5267562.4,4.14,5.04,0.08372739,0.17490521,1.958448,13.20
351000600100072259,332422.1,5267595.2,3.02,3.84,0.110063605,0.23325102,1.7105054,8.39
351000600100072260,332468.3,5267628.1,2.42,3.06,0.04077213,0.083258264,1.5903401,4.85
351000600100072261,332514.4,5267660.9,2.8,3.4,0.072788484,0.15116388,1.4583341,6.34
351000600100072262,332560.4,5267693.7,2.12,2.65,0.040012352,0.08167455,1.3077021,5.06
351000600100072263,332606.4,5267726.4,2.2,2.76,0.053388454,0.109741695,1.2703282,4.23
351000600100072264,332652.8,5267759.3,3.1,3.77,0.12033229,0.2564712,1.5239071,5.54
351000600100072265,332699.2,5267792.3,2.09,2.57,0.022008456,0.04450994,0.8631492,6.29
351000600100072266,332745.6,5267825.2,4.78,6.01,0.19523726,0.43456087,1.9571818,9.38
351000600100072267,332792.7,5267858.6,2.16,2.72,0.016899155,0.034087986,1.0306405,18.62
351000600100072268,332838.0,5267890.9,4.25,5.23,0.05212394,0.10707139,1.9398736,17.64
351000600100072269,332883.7,5267923.6,2.42,2.98,0.017651908,0.035620037,1.1000468,12.60
351000600100072270,332929.6,5267956.3,3.43,4.29,0.1115794,0.23666167,1.7751857,8.54
351000600100072271,332975.6,5267989.0,2.12,2.65,0.024739372,0.050102875,1.1930226,5.22
351000600100072272,333021.6,5268021.8,2.16,2.69,0.049715772,0.10199586,1.3744872,6.86
351000600100072273,333067.8,5268054.6,2.05,2.54,0.013796988,0.027786655,1.2516844,6.37
351000600100072274,333114.0,5268087.5,2.42,3.1,0.037139203,0.075697005,1.6896715,9.86
351000600100072275,333160.0,5268120.2,2.57,3.25,0.047514953,0.09736863,1.6719761,7.62
351000600100072276,333206.2,5268153.1,2.24,2.76,0.014535867,0.02928571,0.86896724,5.79
351000600100072277,333252.2,5268185.8,2.57,3.25,0.104818776,0.22149459,1.5374094,2.40
351000600100072278,333299.0,5268219.0,3.02,3.77,0.04821754,0.098844655,1.8036549,9.09
351000600100072279,333344.7,5268251.6,3.92,4.7,0.16656217,0.36449334,1.6197134,7.02
351000600100072280,333390.7,5268284.3,2.05,2.57,0.038492292,0.07850986,1.2298092,4.78
351000600100072281,333437.4,5268317.4,3.1,3.77,0.06843453,0.14179233,1.6543747,6.03
351000600100072282,333483.7,5268350.3,2.16,2.69,0.04278917,0.087468766,1.4687008,12.39
351000600100072283,333530.4,5268383.4,4.63,5.53,0.080874294,0.16868569,1.8966115,12.33
351000600100072284,333577.2,5268416.6,2.01,2.5,0.024567967,0.04975138,1.2773014,9.91
351000600100072285,333622.9,5268449.2,2.76,3.4,0.051619604,0.106007375,1.5109444,12.64
351000600100072286,333668.4,5268481.7,2.8,3.43,0.04476419,0.09160019,1.5984898,12.29
351000600100072287,333714.1,5268514.3,2.2,2.72,0.03431515,0.06983901,1.2975388,8.44
351000600100072288,333760.1,5268547.1,2.09,2.57,0.01295199,0.026073685,0.7933591,6.04
351000600100072289,333806.2,5268579.9,2.16,2.69,0.033176184,0.06748129,1.3483934,5.44
351000600100072290,333852.3,5268612.7,2.05,2.5,0.041864604,0.085537665,1.2524673,5.20
351000600100072291,333898.4,5268645.5,2.09,2.57,0.003295105,0.0066011227,1.413951,4.80
351000600100072292,333944.5,5268678.3,1.9,2.39,0.01199565,0.024136776,0.77996755,4.05
351000600100072293,333990.6,5268711.2,2.05,2.57,0.036901504,0.075203285,1.4451008,3.46
351000600100072294,334036.8,5268744.0,1.98,2.46,0.020492256,0.041411504,1.3832525,2.26
351000600100072295,334083.0,5268776.9,1.98,2.46,0.0073639555,0.014782563,1.3432451,2.78
351000800100042853,319206.6,5257306.2,8.06,9.11,0.39358532,1.0013711,2.1351166,19.63
351000800100042854,319253.3,5257339.3,5.41,6.64,0.018144809,0.036624007,2.001549,18.23
351000800100042856,319343.3,5257403.7,3.69,4.7,0.076966345,0.16020101,1.8079283,18.81
351000800100042860,319523.2,5257532.5,4.74,6.05,0.10901615,0.23090391,2.113796,18.92
351000800100042861,319568.9,5257565.1,2.8,3.62,0.014736067,0.029692177,1.0697643,17.63
351000800100042862,319615.4,5257598.1,3.06,3.8,0.002155285,0.0043152375,0.785539,15.60
351000800100042863,319660.0,5257630.1,5.78,7.05,0.17674631,0.3891158,2.1035562,19.59
351000800100042864,319705.9,5257662.8,5.15,6.31,0.036848757,0.07509439,2.083894,19.38
351000800100042875,320210.9,5258022.2,4.7,6.01,0.027070796,0.054890443,1.7449808,14.49
351000800100042876,320256.3,5258054.6,5.22,6.61,0.020620923,0.041674457,1.9657887,15.57
351000800100042877,320301.6,5258087.0,3.77,4.63,0.0063001206,0.012640233,0.9390814,14.05
351000800100042878,320347.4,5258119.5,4.63,5.86,0.033199344,0.06752972,1.681352,17.39
351000800100042892,320994.1,5258579.0,7.73,8.92,0.063307494,0.13081494,2.077415,14.81
351000800100042893,321040.5,5258612.0,3.95,4.93,0.002276552,0.0045583113,1.0009893,9.65
351000800100042894,321086.9,5258644.9,2.24,2.83,0.014483846,0.029180232,0.6365142,11.20
351000800100042895,321133.0,5258677.7,3.32,4.4,0.072921835,0.1514543,1.7277178,14.04
351000800100042896,321179.2,5258710.6,4.29,5.22,0.020063484,0.040536348,1.9487022,15.85
351000800100042897,321225.3,5258743.3,6.23,7.05,0.24344383,0.5582411,1.9629421,9.23
351000800100042898,321271.8,5258776.3,6.16,6.94,0.08823093,0.18476626,1.9311583,16.07
351000800100042906,321643.4,5259040.1,3.1,3.8,0.021741567,0.04396441,1.4016294,16.68
351000800100042907,321690.2,5259073.2,6.57,7.58,0.1887398,0.41848874,2.026758,11.13
351000800100042908,321737.4,5259106.6,1.9,2.39,0.021616837,0.0437094,0.6365142,7.78
351000800100042909,321783.6,5259139.4,3.73,4.78,0.09355498,0.1964829,1.7871724,12.32
351000800100042910,321830.7,5259172.8,3.8,4.59,0.065534234,0.13557616,1.6097416,13.93
351000800100042911,321877.2,5259205.8,3.58,4.51,0.0030609956,0.006131411,1.0129863,11.44
351000800100042912,321924.1,5259239.0,2.42,3.02,0.0064510996,0.012944135,0.6365142,7.26
351000800100042913,321970.3,5259271.9,2.16,2.68,0.012679406,0.025521494,1.0628991,12.28
351000800100042914,322016.3,5259304.6,6.05,7.05,0.12668987,0.2709928,1.9948791,16.14
351000800100042915,322062.9,5259337.7,3.66,4.59,0.0051734988,0.010373944,0.95864975,16.39
351000800100042916,322109.0,5259370.5,2.95,3.62,0.080299795,0.16743895,1.4304028,14.04
351000800100042919,322248.4,5259469.5,6.61,7.43,0.4000111,1.0227234,1.9852531,14.70
351000800100042920,322295.3,5259502.8,6.64,8.14,0.11931372,0.2541635,2.2672348,15.51
351000800100042921,322342.7,5259536.3,3.39,4.18,0.007327579,0.014709296,0.6365142,12.34
351000800100042922,322388.9,5259569.2,3.13,3.77,0.039185006,0.07995217,1.1863512,8.98
351000800100043044,328080.1,5263620.4,2.91,3.58,0.049311683,0.10114665,1.4216498,4.12
351000800100043045,328126.5,5263653.3,2.31,2.87,0.0053434446,0.010715639,1.3256106,3.01
351000800100043046,328172.8,5263686.3,2.24,2.76,0.011472617,0.023078315,1.3550867,3.13
351000800100043047,328219.1,5263719.2,2.39,2.98,0.013743357,0.027677981,1.3237827,3.98
351000800100043048,328265.4,5263752.2,2.65,3.36,0.03720231,0.075828776,1.5604426,3.68
351000800100043049,328311.7,5263785.1,2.61,3.21,0.033817373,0.06880879,1.5335246,3.56
351000800100043050,328358.0,5263818.1,2.24,2.8,0.0021184732,0.0042414553,1.3269303,3.35
351000800100043051,328404.5,5263851.1,2.72,3.43,0.011115376,0.022355642,0.791652,5.43
351000800100043053,328497.2,5263917.1,2.46,2.98,0.011057879,0.022239354,0.96625686,6.65
351000800100043054,328543.2,5263949.9,2.24,2.8,0.009529975,0.019151656,1.5145082,5.45
351000800100043055,328589.5,5263982.8,2.31,2.87,0.01480578,0.0298337,0.7052739,5.62
351000800100043056,328635.7,5264015.8,3.54,4.4,0.08456539,0.17673938,1.6503228,9.00
351000800100043057,328682.1,5264048.8,3.62,4.51,0.08568468,0.17918698,1.6055433,10.24
351000800100043058,328728.4,5264081.7,2.09,2.57,0.012945745,0.026061108,0.6365142,8.81
351000800100043059,328774.4,5264114.5,2.83,3.54,0.017242815,0.03478742,1.4349183,9.54
351000800100043060,328820.5,5264147.4,2.42,3.06,0.012851141,0.025869422,0.73648345,7.72
351000800100043061,328866.4,5264180.1,6.49,7.39,0.36222905,0.9003372,1.9455462,2.30
351000800100043062,328912.8,5264213.2,2.35,2.95,0.020994475,0.04243749,1.5509373,2.24
351000800100043063,328959.1,5264246.2,2.2,2.68,0.011466197,0.023065325,0.70692927,1.51
351000800100043065,329051.7,5264312.1,2.2,2.68,0.004414308,0.008848225,0.6519014,1.83
351000800100043066,329098.1,5264345.1,2.35,2.91,0.019638382,0.03966887,1.5608269,1.29
351000800100043067,329144.4,5264378.0,2.16,2.72,0.025961185,0.052610565,1.183399,0.96
351000800100043068,329190.6,5264411.0,2.46,3.21,0.026238535,0.05318018,1.483556,0.86
351000800100043069,329237.0,5264444.0,2.65,3.51,0.03347923,0.068108864,1.6266035,1.17
351000800100043070,329283.3,5264477.0,2.68,3.39,0.07558757,0.15721495,1.488725,1.28
351000800100043071,329329.7,5264510.0,2.46,3.06,0.021483188,0.0434362,1.3104265,1.54
351000800100043072,329376.1,5264543.0,2.27,2.83,0.005137824,0.010302224,0.75497985,1.32
351000800100043073,329422.5,5264576.0,2.53,3.1,0.0082957195,0.016660873,0.6931472,1.25
351000800100043074,329468.9,5264609.0,2.27,2.83,0.0009512418,0.001903392,1.4172189,2.08
351000800100043075,329515.3,5264642.0,2.57,3.36,0.048034694,0.098461546,1.7140071,4.01
351000800100043076,329561.9,5264675.2,2.61,3.21,0.021725062,0.04393066,1.5583016,5.70
351000800100043077,329608.7,5264708.4,3.02,3.66,0.034015417,0.06921882,1.3729432,5.56
351000800100043078,329655.3,5264741.5,2.01,2.46,0.014323644,0.028855128,0.6365142,3.27
351000800100043079,329701.6,5264774.5,3.32,4.07,0.015528887,0.031302262,1.8481241,8.12
351000800100043080,329748.5,5264807.7,4.4,5.26,0.029193686,0.059259545,1.7962626,10.72
351000800100043081,329795.5,5264841.0,2.8,3.43,0.0069117993,0.013871753,0.6365142,7.78
351000800100043082,329841.8,5264874.0,2.35,2.95,0.051624708,0.10601944,1.4453512,4.47
351000800100043083,329888.6,5264907.2,2.35,2.87,0.012873467,0.025914656,0.7473604,2.80
351000800100043084,329934.9,5264940.2,2.61,3.24,0.05092427,0.10454259,1.3854806,6.60
351000800100043085,329981.7,5264973.4,3.47,4.36,0.0127181355,0.025599953,1.6522263,7.79
351000800100043086,330028.5,5265006.6,2.53,3.13,0.009201829,0.01848914,1.527996,4.83
351000800100043087,330074.8,5265039.5,2.8,3.43,0.051686842,0.1061505,1.6315701,5.78
351000800100043088,330121.5,5265072.7,3.95,4.66,0.09247541,0.19410151,1.6317463,4.61
351000800100043089,330168.0,5265105.7,2.65,3.24,0.051991425,0.10679309,1.4419415,6.68
351000800100043090,330214.8,5265138.9,3.54,4.29,0.0032855612,0.006581977,0.89263296,7.17
351000800100043109,331093.4,5265763.7,2.24,2.8,0.017109962,0.03451705,1.3343446,1.10
351000800100043113,331372.2,5265961.6,6.08,6.94,0.23154177,0.52699,2.0132213,6.31
351000800100043114,331419.0,5265994.7,2.65,3.32,0.04616654,0.09453992,1.4748902,6.42
351000800100043115,331465.6,5266027.8,3.58,4.55,0.012723584,0.025610989,1.3376846,10.42
351000800100043116,331512.7,5266061.0,3.66,4.48,0.021463493,0.04339594,0.9758906,10.13
351000800100043117,331559.3,5266094.1,2.98,3.69,0.0037455666,0.007505244,1.0797731,7.94
351000800100043118,331605.5,5266127.0,2.27,2.8,0.038707048,0.07895739,1.2101337,8.18
351000800100043119,331651.8,5266159.9,4.18,5.11,0.1262992,0.2700979,1.661485,7.62
351000800100043120,331698.9,5266193.1,4.44,5.34,0.1602304,0.34936276,1.7868446,8.94
351000800100043121,331745.9,5266226.4,2.72,3.36,0.011079067,0.022282207,0.6365142,4.68
351000800100043122,331792.3,5266259.4,2.09,2.61,0.0032313773,0.0064732535,0.6879007,3.87
351000800100043123,331838.5,5266292.2,2.09,2.57,0.0026048177,0.005216455,1.3164825,2.58
351000800100043124,331884.8,5266325.1,2.2,2.76,0.021479785,0.04342924,1.3865662,2.94
351000800100043125,331931.2,5266358.1,2.5,3.1,0.004709403,0.009441129,1.5373677,4.96
351000800100043126,331977.7,5266391.1,2.46,3.1,0.013202353,0.026581148,1.6727172,5.38
351000800100043127,332024.1,5266424.0,2.09,2.61,0.015987601,0.03223443,0.6365142,5.00
351000800100043128,332070.5,5266457.0,2.76,3.47,0.028873015,0.058598958,1.6307833,4.51
351000800100043129,332117.1,5266490.0,2.01,2.53,0.00965823,0.019410659,1.4621812,4.13
351000800100043130,332163.6,5266523.1,3.51,4.44,0.004906217,0.009836664,0.6365142,8.36
351000800100043143,332768.8,5266952.8,2.57,3.21,0.016802471,0.033891425,0.8698956,5.90
351000800100043147,332956.3,5267085.8,3.06,3.73,0.0053397827,0.010708275,1.1417773,5.10
351000800100043148,333002.5,5267118.7,2.46,3.1,0.007641196,0.0153412735,0.65781564,6.76
351000800100043149,333048.7,5267151.7,2.72,3.32,0.0061993804,0.012437481,1.0703169,2.95
351000800100043150,333095.3,5267184.8,2.46,3.06,0.007524343,0.015105777,0.73953176,3.02
351000800100043152,333188.5,5267251.0,4.4,5.49,0.027451651,0.055673573,2.0150263,9.44
351000800100043153,333235.6,5267284.4,3.21,3.84,0.03670761,0.07480128,1.1075752,5.25
351000800100043154,333281.8,5267317.3,2.16,2.68,0.029216805,0.059307177,1.3497264,4.62
351000800100043155,333328.0,5267350.2,3.13,3.84,0.0734463,0.15258637,1.5064778,8.91
351000800100043156,333374.5,5267383.3,2.42,3.02,0.009003063,0.018087942,0.96185595,8.72
351000800100043157,333420.6,5267416.2,2.05,2.57,0.040951394,0.08363292,1.2046697,9.47
351000800100043158,333467.0,5267449.2,2.98,3.66,0.009413273,0.018916013,1.6934853,10.74
351000800100043159,333513.4,5267482.2,3.28,4.1,0.08794697,0.18414329,1.6302649,9.80
351000800100043160,333559.5,5267515.1,2.2,2.76,0.019793361,0.039985083,1.5748425,13.91
351000800100043161,333604.9,5267547.7,4.66,6.72,0.124181494,0.2652538,2.1821074,13.38
351000800100043162,333650.6,5267580.3,2.16,2.76,0.01849332,0.03733408,1.3768388,5.51
351000800100043163,333696.9,5267613.3,2.53,3.13,0.007724516,0.01550921,0.82469505,6.72
351000800100043164,333743.3,5267646.3,2.16,2.68,0.0061780554,0.012394565,1.4254898,6.45
351000800100043165,333789.6,5267679.3,3.28,4.1,0.0032974367,0.0066058068,1.4408182,7.15
351000800100043166,333836.3,5267712.5,2.98,3.73,0.012275088,0.024702605,1.5686039,6.99
351000800100043167,333883.0,5267745.7,1.97,2.5,0.0083081,0.01668584,1.4657122,4.56
351000800100043168,333929.3,5267778.7,2.27,2.83,0.017916655,0.036159296,1.5299186,3.18
351000800100043169,333975.6,5267811.7,2.27,2.83,0.014671018,0.029560134,1.5411413,2.38
351000800100043170,334022.0,5267844.7,2.09,2.61,0.013740929,0.027673056,1.4414574,3.45
351000800100043171,334068.3,5267877.7,3.02,3.69,0.082358435,0.17192206,1.3982989,7.40
351001100100041388,319101.7,5256455.3,2.83,3.77,0.008275258,0.0166196,0.68907845,15.11
351001100100041389,319147.1,5256487.8,3.39,4.18,0.03590763,0.07314071,1.6682237,16.28
351001100100041390,319192.3,5256520.2,4.21,5.3,0.010201942,0.020509018,1.9902347,17.79
351001100100041391,319237.6,5256552.6,4.18,5.34,0.034191374,0.0695831,2.048949,19.50
351001100100041392,319282.8,5256584.9,5.75,6.9,0.15539311,0.33786553,2.0381167,19.98
351001100100041397,319509.0,5256746.7,3.84,4.89,0.0046223523,0.009266206,1.3164787,19.23
351001100100041399,319599.4,5256811.3,4.33,5.37,0.0066255345,0.013295304,0.6365142,19.32
351001100100041400,319644.0,5256843.3,5.75,7.17,0.13279986,0.2850398,2.1180587,19.71
351001100100041401,319689.0,5256875.5,14.86,16.05,0.7794574,3.0364838,2.6071117,19.28
351001100100041402,319734.7,5256908.1,5.34,6.61,0.01226345,0.024679026,0.9476303,16.33
351001100100041403,319779.8,5256940.3,14.82,15.98,0.82368153,3.4900625,2.637732,15.02
351001100100041404,319826.5,5256973.5,4.33,5.67,0.015235101,0.03070546,1.048029,16.41
351001100100041405,319872.3,5257006.1,12.06,13.03,0.7448618,2.7419925,2.434695,15.16
351001100100041408,320013.0,5257105.8,6.01,7.91,0.106007844,0.22415869,2.164282,14.13
351001100100041409,320058.9,5257138.5,4.29,5.26,0.017879639,0.03608388,1.7087417,14.29
351001100100041410,320103.8,5257170.6,9.67,11.42,0.22788191,0.5174716,2.4831882,17.61
351001100100041411,320148.9,5257202.8,17.14,18.52,0.81654876,3.4095623,2.7992506,17.81
351001100100041412,320196.1,5257236.2,4.07,5.15,0.007256448,0.014565979,0.7110991,15.70
351001100100041413,320243.2,5257269.5,3.54,4.4,0.013481543,0.027147086,1.1690582,14.65
351001100100041414,320290.0,5257302.7,3.77,4.7,0.0055168113,0.01106427,0.66431916,13.38
351001100100041415,320337.2,5257336.1,4.93,5.93,0.048976656,0.10044163,1.7824638,10.18
351001100100041416,320384.6,5257369.5,4.7,5.93,0.0026072126,0.0052212565,0.931907,12.65
351001100100041417,320431.8,5257402.9,4.85,5.78,0.022486849,0.04548875,1.5617484,12.24
351001100100041418,320478.6,5257436.1,3.62,4.51,0.0070367716,0.014123455,0.94874144,15.16
351001100100041419,320525.1,5257469.1,3.51,4.44,0.003619934,0.007253046,0.6728246,14.96
351001100100041420,320571.8,5257502.2,2.95,3.66,0.0024698982,0.0049459264,0.7949318,12.69
351001100100041421,320618.2,5257535.1,4.55,5.26,0.17981036,0.39657518,1.6067383,13.99
351001100100041424,320753.0,5257631.5,4.29,5.6,0.04157477,0.08493336,1.9287145,19.24
351001100100041425,320798.4,5257663.9,3.73,4.7,0.11499591,0.24437627,1.685102,19.81
351001100100041432,321121.2,5257893.2,6.2,7.65,0.17693143,0.3895624,2.199085,18.83
351001100100041433,321168.6,5257926.7,4.85,5.93,0.0075233676,0.015103806,1.075011,18.79
351001100100041434,321214.8,5257959.5,8.1,9.45,0.3194241,0.7701784,2.2090435,17.60
351001100100041435,321262.1,5257992.9,2.16,2.72,0.010797001,0.021711806,0.6365142,11.38
351001100100041436,321307.4,5258025.3,4.48,5.86,0.03900625,0.079579934,1.8733249,14.29
351001100100041437,321352.8,5258057.7,2.91,3.69,0.059934877,0.12362485,1.5527108,10.53
351001100100041438,321398.6,5258090.3,2.83,3.47,0.061368663,0.12667821,1.3486096,10.98
351001100100041445,321720.1,5258319.0,3.02,3.81,0.10530026,0.22257574,1.4946914,9.55
351001100100041446,321766.6,5258352.0,3.32,4.18,0.0043906686,0.008800735,0.69619924,11.20
351001100100041447,321813.3,5258385.0,7.5,8.89,0.09538844,0.20053288,2.317705,18.10
351001100100041461,322455.6,5258842.3,3.43,4.25,0.004056896,0.008130348,0.6365142,18.42
351001100100041462,322500.9,5258874.7,5.34,6.83,0.14152691,0.3052791,2.0690281,16.73
351001100100041463,322546.5,5258907.2,3.54,4.25,0.09356823,0.19651127,1.4700909,14.09
351001100100041467,322732.9,5259039.5,11.76,13.33,0.5220774,1.4789052,2.471963,19.68
351001100100041614,329545.6,5263886.8,1.94,2.39,0.009552041,0.019196207,1.2821487,5.75
351001100100041615,329591.8,5263919.7,2.01,2.42,0.0022057968,0.004416482,0.84963346,3.40
351001100100041616,329638.2,5263952.7,2.83,3.54,0.034381557,0.06997702,1.7349607,3.24
351001100100041617,329684.7,5263985.8,2.54,3.06,0.01386825,0.027931258,1.0055768,5.38
351001100100041618,329730.6,5264018.5,5.04,6.12,0.17328809,0.38072282,1.9089011,6.01
351001100100041619,329777.6,5264051.9,2.09,2.57,0.019748652,0.03989382,0.6365142,10.68
351001100100041620,329823.8,5264084.8,2.42,3.02,0.007333172,0.014720559,0.80358636,12.11
351001100100041621,329869.5,5264117.5,3.17,3.99,0.08773791,0.183684,1.5945704,11.18
351001100100041622,329915.4,5264150.2,2.35,2.95,0.017449612,0.03520831,1.5179453,7.31
351001100100041623,329961.4,5264183.0,2.12,2.65,0.010509129,0.021129841,1.2098409,4.03
351001100100041624,330007.7,5264215.9,2.16,2.68,0.01063821,0.021390771,0.6365142,0.69
351001100100041625,330054.0,5264248.9,2.01,2.5,0.0011253919,0.0022520556,1.0246683,0.95
351001100100041626,330100.3,5264281.9,2.2,2.72,0.010798151,0.02171413,0.95795757,1.03
351001100100041627,330146.7,5264314.9,2.05,2.57,0.004825948,0.009675337,1.2003796,1.06
351001100100041628,330193.0,5264347.9,2.09,2.57,0.008460537,0.016993295,1.1215783,1.60
351001100100041629,330239.3,5264380.8,3.24,4.25,0.08235368,0.17191103,1.724846,1.22
351001100100041630,330285.6,5264413.8,3.77,4.74,0.09901953,0.20857976,1.6859362,1.15
351001100100041631,330332.1,5264446.8,2.24,2.76,0.014726466,0.029672667,1.54431,1.31
351001100100041632,330378.5,5264479.8,2.27,2.83,0.0023225762,0.004650573,0.6365142,1.09
351001100100041633,330424.9,5264512.8,2.16,2.68,0.0052557234,0.010539257,1.509555,1.86
351001100100041634,330471.3,5264545.8,2.42,3.02,0.01305346,0.026279371,1.5143019,4.15
351001100100041635,330517.6,5264578.8,2.61,3.39,0.032135367,0.065329574,1.6256019,7.71
351001100100041636,330564.4,5264612.0,3.21,4.03,0.12060624,0.2571008,1.5759144,8.65
351001100100041637,330611.0,5264645.1,3.81,4.55,0.02604911,0.052791063,1.6590645,9.92
351001100100041638,330657.5,5264678.2,3.28,4.25,0.0071207844,0.014292682,1.3211393,10.10
351001100100041639,330704.2,5264711.3,4.63,5.86,0.13555652,0.29141074,1.8924879,10.80
351001100100041640,330751.3,5264744.7,2.31,2.87,0.0049851444,0.009995304,0.98910785,7.77
351001100100041641,330797.6,5264777.7,2.16,2.65,0.0041048313,0.008226613,0.6365142,8.48
351001100100041642,330843.9,5264810.6,3.36,4.37,0.10470917,0.22125435,1.640435,8.68
351001100100041643,330890.7,5264843.8,2.54,3.02,0.0094065275,0.018902386,1.1779164,7.51
351001100100041645,330983.9,5264910.0,1.94,2.42,0.012205631,0.024561951,0.65828085,3.31
351001100100041646,331030.0,5264942.8,1.97,2.5,0.0051054987,0.010237237,1.4802687,5.66
351001100100041660,331678.9,5265403.9,2.05,2.5,0.00723124,0.014515195,1.3401889,3.06
351001100100041661,331725.2,5265436.8,2.01,2.5,0.003620972,0.0072551295,0.6365142,1.74
351001100100041662,331864.1,5265535.5,1.94,2.42,0.016109005,0.032481186,0.6682068,3.25
351001100100041663,331910.1,5265568.2,5.45,6.64,0.27096272,0.6324206,1.8696578,1.80
351001100100041664,331956.5,5265601.1,5.26,6.49,0.16977353,0.37223268,1.928864,1.35
351001100100041665,332002.8,5265634.0,8.89,10.08,0.5236474,1.4855102,2.1677547,2.37
351001100100041666,332049.1,5265666.9,4.55,5.64,0.17770359,0.3914409,1.8184184,1.81
351001100100041667,332095.5,5265699.9,7.09,7.99,0.4153176,1.0744966,1.9732692,2.42
351001100100041668,332141.8,5265732.8,5.93,6.72,0.34083956,0.83422536,1.8392034,6.24
351001100100041669,332188.4,5265765.8,5.41,6.53,0.031294014,0.06359157,1.670743,10.56
351001100100041670,332235.7,5265799.2,2.72,3.66,0.03895027,0.079463415,1.6200607,9.09
351001100100041671,332282.4,5265832.3,1.97,2.46,0.018072229,0.03647613,0.6365142,7.76
351001100100041672,332328.9,5265865.4,2.95,3.77,0.006988747,0.014026725,0.7971408,8.72
351001100100041673,332375.9,5265898.6,2.16,2.68,0.050198704,0.10301368,1.1754965,5.57
351001100100041674,332422.0,5265931.4,2.31,2.83,0.05813004,0.11978795,1.2227722,7.46
351001100100041675,332468.1,5265964.2,2.2,2.76,0.040873267,0.08346982,1.3080322,5.26
351001100100041676,332514.7,5265997.3,2.16,2.72,0.0151008265,0.030432763,1.4840491,7.41
351001100100041677,332561.1,5266030.2,2.54,3.21,0.0071905483,0.014433219,0.8832633,4.61
351001100100041678,332607.8,5266063.3,4.63,5.75,0.10909713,0.23108459,1.9037015,11.25
351001100100041679,332655.5,5266097.0,4.7,5.78,0.027040789,0.054828685,1.4529713,17.02
351001100100041680,332702.6,5266130.3,2.57,3.17,0.0038559462,0.007726847,1.0035727,10.55
351001100100041681,332748.8,5266163.2,1.94,2.39,0.0032442762,0.0064991345,1.4990002,4.98
351001100100041682,332795.1,5266196.1,2.98,3.66,0.012989041,0.026148828,1.6315333,4.65
351001100100041683,332841.6,5266229.1,2.72,3.36,0.008606362,0.017287463,1.3964243,5.36
351001100100041684,332888.3,5266262.2,2.83,3.47,0.004270105,0.0085585555,0.6365142,5.10
351001100100041685,332934.9,5266295.3,2.61,3.36,0.019713055,0.03982119,1.4731685,4.57
351001100100041686,332981.7,5266328.5,2.27,2.83,0.012783256,0.025731867,0.67230356,2.48
351001100100041687,333027.9,5266361.4,2.35,2.91,0.0107002845,0.021516263,1.4359084,3.36
351001100100041688,333074.1,5266394.2,2.98,3.81,0.009698584,0.019492151,1.5647233,8.15
351001100100041689,333120.8,5266427.3,3.88,4.66,0.11693721,0.24877006,1.6926306,10.26
351001100100041690,333167.6,5266460.6,4.25,5.3,0.043343324,0.08862784,1.814529,10.82
351001100100041691,333214.7,5266493.9,2.72,3.32,0.007962336,0.015988616,0.8740103,5.00
351001100100041692,333260.8,5266526.7,2.24,2.76,0.011824832,0.023791062,0.76151884,4.74
351001100100041695,333399.7,5266625.6,2.83,3.47,0.011882086,0.023906948,0.7334196,5.05
351001100100041696,333446.3,5266658.7,2.57,3.13,0.0045922683,0.009205759,0.8973397,3.63
351001100100041697,333492.9,5266691.8,2.42,3.02,0.0018076069,0.0036184958,0.6365142,5.29
351001100100041698,333539.4,5266724.8,3.1,3.81,0.048796657,0.10006306,1.625617,5.94
351001100100041699,333586.5,5266758.2,3.32,4.14,0.007215564,0.014483615,0.9712878,7.77
351001100100041700,333633.2,5266791.4,2.83,3.51,0.07874765,0.16406491,1.4931564,9.26
351001100100041701,333680.1,5266824.7,5.64,6.76,0.106841125,0.22602446,2.0139356,10.91
351001100100041702,333727.3,5266858.2,2.24,2.76,0.011017167,0.02215701,0.69702715,6.85
351001100100041703,333773.7,5266891.1,2.8,3.51,0.013095498,0.026364565,1.2983159,8.92
351001100100041704,333820.8,5266924.6,2.5,3.21,0.00774827,0.015557084,0.7623759,9.06
351001100100041705,333867.0,5266957.4,2.31,2.91,0.022842357,0.046216313,1.6116695,4.38
351001100100041706,333913.1,5266990.3,4.03,4.89,0.17181776,0.37716654,1.6816328,11.34
351001100100041707,333959.6,5267023.4,3.95,4.85,0.09024387,0.18918724,1.7788786,12.73
351001100100041708,334006.7,5267056.8,3.66,4.55,0.006014984,0.012066412,0.773847,12.09
351001100100041709,334053.4,5267090.0,3.62,4.48,0.03709818,0.07561232,1.7406497,10.89
356600000400197576,322608.9,5269193.2,3.51,4.41,0.005289038,0.010606167,1.0604895,19.01
356600000400197577,322656.4,5269163.3,7.26,7.93,0.5210572,1.4727688,1.9598777,17.07
356600000400197578,322704.1,5269133.2,2.5,3.14,0.010315085,0.020737372,0.83115363,19.33
356600000400197581,322847.0,5269042.8,13.29,14.34,0.4775064,1.2986017,2.5559325,12.37
356600000400197582,322894.9,5269012.3,12.61,13.51,0.8093766,3.3180103,2.4979227,15.83
356600000400197583,322942.8,5268981.7,6.66,7.48,0.36859804,0.91977346,1.9431343,18.04
356600000400197618,324617.0,5267915.6,9.43,10.7,0.3109935,0.7451034,2.3446488,19.47
356600000400197631,325238.5,5267521.5,2.35,2.92,0.014800511,0.029822398,1.4756824,6.84
356600000400197632,325286.4,5267491.1,2.5,3.07,0.021109989,0.042672254,1.6931242,8.23
356600000400197647,326003.7,5267035.0,7.56,8.53,0.24186292,0.55383253,2.148547,13.15
356600000400197648,326051.4,5267004.8,7.37,8.46,0.2070545,0.4640364,2.1363547,4.70
356600000400197649,326099.3,5266974.2,5.99,6.81,0.19206713,0.42658183,1.9954025,11.14
356600000400197655,326386.2,5266791.4,7.15,8.08,0.415777,1.0751534,2.0282278,9.26
356600000400197659,326577.4,5266669.5,4.75,5.61,0.087758124,0.18370542,1.754396,11.85
356600000400197660,326625.2,5266639.0,7.48,8.42,0.41726673,1.080262,2.1201174,11.68
356600000400197663,326768.7,5266547.3,9.99,10.85,0.6671934,2.20147,2.2807548,3.03
356600000400197670,327103.9,5266333.1,2.17,2.65,0.036441736,0.074245475,1.2341974,1.04
356600000400197671,327151.8,5266302.5,2.17,2.65,0.024629872,0.0498769,1.1089859,1.43
356600000400197727,329833.6,5264594.2,2.2,2.77,0.037830967,0.077131175,1.3297322,3.38
356600000400197729,329929.2,5264533.0,2.35,2.95,0.05291176,0.10872782,1.3884959,1.06
356600000400197757,331269.5,5263675.4,2.09,2.58,0.0361057,0.07354809,1.3225118,7.72
356600000400197775,332132.2,5263125.5,2.24,2.69,0.021048943,0.04254753,1.3372648,1.55
356600000400197778,332276.0,5263033.7,2.99,3.59,0.07285165,0.1512869,1.4985118,5.29
356600000400197790,332850.6,5262668.0,2.43,2.99,0.043819714,0.089618824,1.35917,6.29
356600000400197792,332946.4,5262606.9,2.92,3.59,0.042585105,0.08703804,1.5710238,8.69
356600100400193028,325485.3,5266623.5,4.68,5.42,0.25531915,0.58965147,1.7396519,8.58
356600100400193030,325581.1,5266562.4,4.75,5.42,0.26758385,0.6228716,1.6915569,1.72
356600100400193032,325676.9,5266501.4,5.42,6.21,0.35701162,0.883381,1.8052917,1.75
356600100400193035,325820.6,5266409.6,6.51,7.78,0.18119812,0.39984956,2.1498861,3.80
356600100400193036,325868.5,5266379.0,5.99,6.88,0.22780877,0.51708585,2.0320697,5.41
356600100400193037,325916.4,5266348.4,11.79,13.03,0.54988754,1.5969771,2.493677,13.37
356600100400193040,326060.3,5266256.2,9.81,10.63,0.9071635,4.761911,2.1512403,12.14
356600100400193043,326204.3,5266164.0,5.12,5.95,0.21770813,0.49109042,1.8770555,11.35
356600100400193045,326300.0,5266102.7,10.29,11.27,0.7697642,2.9393468,2.2725017,11.91
356600100400193047,326395.8,5266041.5,8.98,9.92,0.432416,1.132946,2.2704723,12.20
356600100400193048,326443.8,5266010.7,6.1,6.92,0.10466532,0.22112228,1.7911777,14.74
356600100400193050,326539.9,5265948.8,8.35,9.21,0.2860148,0.6738555,2.1576693,17.66
356600100400193051,326588.1,5265917.6,5.5,6.55,0.028521411,0.05787256,1.9119201,15.13
356600100400193052,326636.2,5265886.7,3.14,3.81,0.0077478765,0.015556128,0.80439013,17.62
356600100400193139,330800.7,5263230.5,3.14,3.74,0.10083944,0.21259372,1.5033078,4.25
356600100400193167,332141.9,5262375.6,2.09,2.54,0.0056815716,0.011395564,1.1028401,2.45
356600100400193168,332189.8,5262345.1,2.43,2.99,0.033225134,0.06757989,1.5321493,3.74
356600100400193204,333913.7,5261245.6,2.5,3.14,0.012391802,0.024938526,0.73285997,8.71
356600100400193206,334009.3,5261184.6,2.05,2.5,0.016745705,0.033775155,1.5514488,7.08
356600200400198172,321408.2,5268671.9,4.6,5.65,0.019374605,0.03912966,1.6568196,19.26
356600200400198173,321455.9,5268641.7,11.23,12.32,0.594186,1.8041682,2.4482498,17.79
356600200400198174,321503.6,5268611.5,2.95,3.59,0.0070224525,0.014094472,1.0424846,16.56
356600200400198175,321551.4,5268581.2,10.18,11.04,0.42746773,1.1155226,2.341538,14.23
356600200400198176,321599.2,5268550.7,8.08,8.98,0.33785033,0.8246053,2.1059089,15.93
356600200400198179,321743.4,5268458.1,6.21,7.11,0.118528664,0.25233218,2.0930302,19.85
356600200400198252,325287.4,5266201.2,6.77,7.75,0.19734693,0.43968612,2.0418293,17.99
356600200400198260,325670.7,5265956.7,11.98,13.55,0.50872004,1.4217407,2.5626354,19.81
356600200400198261,325718.6,5265926.3,3.1,3.74,0.0068011545,0.013648794,1.0768982,15.17
356600200400198262,325766.5,5265895.8,9.51,10.74,0.49093977,1.350608,2.2336261,17.88
356600200400198264,325862.7,5265833.9,10.56,11.57,0.5133954,1.4408733,2.4224591,18.31
356600200400198266,325958.8,5265772.3,4.15,4.86,0.036458924,0.07428087,1.8011513,17.27
356600200400198267,326006.7,5265741.9,5.5,6.32,0.16280235,0.35540354,1.8860552,14.23
356600200400198268,326054.7,5265711.4,5.61,6.66,0.23569368,0.53760475,2.0190601,9.62
356600200400198269,326102.6,5265680.8,6.55,7.78,0.24160655,0.5531394,2.0495894,10.76
356600200400198270,326150.4,5265650.5,5.84,6.7,0.24397133,0.5593862,1.8251823,13.60
356600200400198272,326246.1,5265589.7,4.9,5.76,0.1445997,0.3123817,2.0223486,13.06
356600200400198285,326915.8,5265164.5,2.09,2.58,0.010265751,0.020637657,1.3753223,6.84
356600200400198287,327011.5,5265103.6,2.39,2.95,0.052386947,0.10761923,1.4022979,5.27
356600200400198289,327107.2,5265042.6,2.13,2.65,0.030755354,0.062476844,1.3297994,3.59
356600200400198299,327586.0,5264737.2,1.98,2.43,0.005497273,0.01102489,1.2698977,5.10
356600200400198302,327729.5,5264645.7,2.17,2.65,0.03358643,0.06832729,1.1151714,3.06
356600200400198310,328112.6,5264400.9,1.94,2.43,0.020966444,0.042378902,1.2307206,4.11
356600200400198319,328543.4,5264126.0,6.29,7.11,0.2907417,0.6871239,1.9574049,1.18
356600200400198321,328687.3,5264034.0,4.34,5.57,0.13537513,0.29092792,1.9130899,11.31
356600200400198326,328927.5,5263880.4,2.77,3.37,0.012442674,0.025041526,0.65641296,12.01
356600200400198336,329407.1,5263575.0,2.92,3.52,0.04228891,0.086419,1.5165181,5.69
356600200400198338,329503.0,5263513.9,2.05,2.5,0.022897711,0.046328086,1.5474762,6.54
356600200400198344,329790.4,5263331.5,2.65,3.22,0.10474766,0.22130436,1.4536217,5.86
356600200400198347,329934.2,5263239.8,2.47,3.03,0.067831695,0.1404858,1.394814,5.62
356600200400198349,330030.1,5263178.7,2.54,3.18,0.06495334,0.13431954,1.3938893,5.22
356600200400198359,330509.2,5262873.1,2.47,3.03,0.047188852,0.09667806,1.4870025,4.34
356600200400198373,331179.4,5262444.6,2.09,2.54,0.024222536,0.049041696,1.400805,3.64
356600200400198385,331753.6,5262076.8,3.14,3.7,0.11271217,0.23917761,1.4616207,5.20
356600200400198399,332471.5,5261617.8,2.5,3.1,0.05060578,0.10386342,1.626964,8.55
356600200400198405,332758.5,5261435.3,2.84,3.48,0.06832629,0.14154728,1.5687786,8.58
356600200400198406,332806.3,5261404.8,2.92,3.59,0.12024146,0.25622243,1.3668481,9.20
356600200400198418,333380.6,5261040.0,2.32,2.84,0.03450957,0.07023867,1.3031776,4.06
356600200400198419,333428.6,5261009.3,3.33,3.93,0.107477486,0.22741242,1.4856496,6.51
356600200400198420,333476.6,5260978.7,2.58,3.14,0.016903168,0.03409543,1.5584333,6.13
356600200400198425,333715.9,5260826.5,2.88,3.59,0.13057972,0.27986547,1.4263254,5.57
356600200400198427,333811.7,5260765.6,2.17,2.65,0.0424844,0.086827286,1.2694923,4.98
356600200400198429,333907.5,5260704.6,2.65,3.25,0.03057668,0.062108185,1.6049659,6.35
356600200400198433,334098.9,5260582.9,2.17,2.65,0.040571768,0.082836226,1.2585251,2.80
356600300400192993,319981.1,5268843.6,8.16,11.61,0.28545704,0.6722693,2.3360236,15.47
356600300400192994,320029.1,5268812.7,5.31,6.44,0.09992844,0.21056609,2.0365827,16.67
356600300400192995,320077.0,5268781.8,9.88,11.08,0.39583164,1.007912,2.3906515,17.84
356600300400193019,321224.1,5268049.0,4.75,5.65,0.20833609,0.46725762,1.7991812,11.54
356600300400193028,321657.9,5267768.8,2.54,3.1,0.013342383,0.026864449,0.6683352,13.57
356600300400193075,323906.6,5266341.9,18.61,19.99,0.5375893,1.542881,2.7746718,19.78
356600300400193115,325872.4,5265084.2,4.45,5.43,0.043144614,0.088206716,1.8399845,17.17
356600300400193123,326255.7,5264840.3,4.04,4.79,0.14413445,0.311293,1.6701827,16.17
356600300400193124,326303.4,5264810.0,3.89,4.6,0.0093438905,0.018775668,0.98686355,17.12
356600300400193126,326446.7,5264719.3,3.59,4.3,0.1302917,0.27920207,1.6821758,12.03
356600300400193128,326542.4,5264658.5,2.73,3.37,0.012666357,0.025494576,0.9889503,9.61
356600300400193130,326638.1,5264597.6,2.77,3.4,0.031118084,0.06322543,1.6803055,8.13
356600300400193132,326733.8,5264536.9,3.37,4.11,0.005691687,0.011415904,1.5858227,12.13
356600300400193140,327116.6,5264293.1,2.35,2.88,0.009217579,0.018520677,1.2694138,10.08
356600300400193143,327260.1,5264201.8,2.2,2.73,0.00744679,0.014949331,1.4610392,7.31
356600300400193146,327403.6,5264110.4,2.77,3.37,0.06287475,0.1298782,1.5846322,10.28
356600300400193147,327451.4,5264079.9,3.44,4.23,0.10396426,0.21955438,1.6866636,11.05
356600300400193150,327594.9,5263988.5,2.62,3.29,0.027661482,0.056102812,1.7070236,6.57
356600300400193153,327738.4,5263897.0,2.24,2.77,0.0631974,0.13056692,1.2313111,4.56
356600300400193154,327786.3,5263866.4,2.13,2.58,0.015300837,0.030838292,0.9839629,1.99
356600300400193155,327834.2,5263835.8,2.2,2.69,0.04133601,0.08442993,1.1565175,1.13
356600300400193156,327882.1,5263805.2,2.05,2.54,0.032237146,0.065536804,1.361995,1.54
356600300400193157,327930.0,5263774.6,2.28,2.8,0.057760976,0.11899387,1.1709534,1.23
356600300400193158,327977.9,5263743.9,2.39,2.99,0.053332448,0.10961568,1.3269614,1.34
356600300400193159,328025.8,5263713.3,4.04,4.94,0.17511877,0.38504577,1.6661123,2.51
356600300400193163,328217.6,5263590.5,3.14,3.78,0.039220255,0.080020756,1.5100826,10.89
356600300400193164,328265.7,5263559.6,5.87,6.74,0.2353901,0.536807,1.880889,14.83
356600300400193167,328409.6,5263467.5,2.65,3.25,0.03913536,0.079844035,1.446751,10.29
356600300400193169,328505.4,5263406.3,2.24,2.8,0.048157346,0.09871195,1.3063358,5.96
356600300400193170,328553.3,5263375.7,2.43,2.95,0.018149156,0.036631864,1.5465305,3.72
356600300400193171,328601.3,5263345.0,2.05,2.5,0.0061147236,0.012267004,0.9603125,1.98
356600300400193174,328745.1,5263253.2,2.2,2.73,0.040781017,0.0832724,1.2556895,2.85
356600300400193180,329033.1,5263069.5,2.24,2.73,0.011419137,0.022969719,1.422501,3.12
356600300400193183,329176.8,5262978.1,2.05,2.54,0.022533331,0.045582354,1.5231372,2.07
356600300400193184,329224.8,5262947.6,2.39,2.92,0.010682134,0.021479238,1.4661082,4.93
356600300400193185,329272.8,5262917.0,2.65,3.25,0.013928748,0.028053395,1.3917313,6.75
356600300400193187,329368.7,5262855.9,2.54,3.1,0.073959395,0.15367654,1.3027328,5.74
356600300400193188,329416.7,5262825.3,4.08,4.94,0.11104915,0.23543178,1.8589121,9.62
356600300400193191,329560.7,5262733.5,2.58,3.1,0.078775756,0.16410604,1.2603686,4.04
356600300400193194,329704.8,5262641.5,4.64,5.5,0.043740403,0.08945244,1.4447078,9.88
356600300400193197,329848.8,5262549.7,2.8,3.4,0.060925554,0.12572247,1.5589999,7.81
356600300400193198,329896.7,5262519.3,2.09,2.54,0.0072273733,0.014507253,1.4705458,5.07
356600300400193201,330040.6,5262427.5,3.14,3.89,0.00707847,0.014207301,0.7235353,13.27
356600300400193208,330375.7,5262214.1,2.39,2.92,0.069732554,0.14456822,1.2052113,2.90
356600300400193210,330471.5,5262152.9,2.73,3.37,0.012871351,0.02590987,0.6925795,6.11
356600300400193211,330519.4,5262122.5,3.7,4.38,0.20923209,0.4695227,1.5294404,7.11
356600300400193222,331046.0,5261785.9,3.18,3.78,0.109039664,0.23091565,1.4057233,9.09
356600300400193223,331093.9,5261755.0,3.22,3.89,0.007852533,0.015767075,0.94429153,8.76
356600300400193224,331141.8,5261724.3,2.24,2.77,0.05293582,0.1087779,1.1870222,5.97
356600300400193228,331332.9,5261602.2,2.24,2.77,0.04583957,0.09384771,1.3340818,6.63
356600300400193231,331476.3,5261510.7,2.54,3.22,0.020439941,0.04130361,1.2593131,8.90
356600300400193232,331524.0,5261480.2,2.39,3.07,0.030965341,0.062910154,1.6361463,10.17
356600300400193234,331619.6,5261419.1,2.09,2.58,0.020479966,0.04138533,1.2643933,2.82
356600300400193239,331858.5,5261266.4,2.54,3.1,0.06691693,0.13852383,1.3320317,9.27
356600300400193240,331906.3,5261235.9,2.13,2.62,0.018638443,0.03762878,1.3369354,7.08
356600300400193243,332049.6,5261144.4,2.32,2.88,0.03170497,0.064437285,1.5472332,6.87
356600300400193246,332193.2,5261052.7,2.32,2.8,0.0065020137,0.013046502,1.0909615,7.15
356600300400193248,332288.6,5260991.9,3.44,4.19,0.01821499,0.03676597,1.8070163,15.93
356600300400193249,332384.1,5260931.4,2.47,3.03,0.038305324,0.07811707,1.358798,10.65
356600300400193250,332431.9,5260901.0,2.28,2.84,0.056465425,0.116245754,1.1904676,6.19
356600300400193251,332479.7,5260870.5,2.09,2.58,0.03231178,0.06569104,1.420458,1.99
356600300400193253,332575.6,5260809.2,3.59,4.19,0.12582295,0.26895142,1.514706,7.25
356600300400193256,332719.5,5260717.3,3.25,3.96,0.1554901,0.33800837,1.4954946,7.31
356600300400193259,332863.3,5260625.5,2.2,2.69,0.0072859963,0.0146253565,0.749146,5.61
356600300400193260,332911.2,5260595.0,2.47,3.07,0.010118303,0.020339718,0.6365142,10.24
356600300400193261,332958.9,5260564.8,3.07,3.78,0.00859142,0.017257104,0.95569015,13.06
356600300400193267,333246.5,5260381.7,2.13,2.62,0.0024530427,0.0049121147,1.206935,4.89
356600300400193271,333437.7,5260260.4,3.22,4.68,0.102953665,0.21729986,1.7922245,7.85
356600300400193282,333964.5,5259925.1,2.24,2.77,0.044324443,0.09067433,1.2014047,5.08
356600300400193283,334012.4,5259894.7,2.24,2.77,0.042589817,0.08704741,1.2896423,4.72
356600500400192863,319608.3,5268043.2,2.65,3.29,0.014792192,0.029805485,0.967167,15.04
356600500400192864,319656.3,5268012.5,4.56,5.87,0.05604708,0.11535964,2.0868936,16.97
356600500400192873,320087.6,5267738.4,3.55,4.3,0.077039145,0.16034018,1.5540683,13.88
356600500400192874,320135.5,5267707.9,3.07,3.96,0.0582816,0.12009979,1.7455889,10.04
356600500400192875,320183.5,5267677.3,4.26,5.31,0.018951196,0.038266327,1.634192,16.63
356600500400192876,320231.3,5267647.0,4.98,6.29,0.07731767,0.16094384,2.1860957,19.41
356600500400192877,320279.2,5267616.6,5.27,6.4,0.101382844,0.21380222,2.0684237,19.26
356600500400192878,320327.2,5267586.0,4.79,5.76,0.1822927,0.40252304,1.8978693,17.30
356600500400192888,320806.3,5267281.3,2.5,3.1,0.046317052,0.09484913,1.5963787,8.53
356600500400192889,320854.2,5267250.8,2.32,2.84,0.039504983,0.08061378,1.2189486,7.68
356600500400192890,320902.1,5267220.3,2.09,2.58,0.023670802,0.047911197,1.45109,6.51
356600500400192891,320950.1,5267189.7,1.94,2.35,0.025846174,0.052372452,1.0169129,6.32
356600500400192892,320997.9,5267159.3,3.25,4.23,0.08300702,0.17331474,1.8529544,5.36
356600500400192893,321045.9,5267128.7,5.31,6.32,0.26667634,0.6203889,1.8811295,9.16
356600500400192894,321093.9,5267097.9,5.13,6.17,0.16905625,0.37040433,1.9373169,14.40
356600500400192895,321142.0,5267067.2,4.19,5.27,0.06526913,0.13499555,2.0191548,17.09
356600500400192896,321189.9,5267036.7,3.7,4.64,0.035810985,0.07293653,1.9031004,16.19
356600500400192897,321237.7,5267006.2,2.8,3.48,0.033888478,0.0689526,1.7052842,9.82
356600500400192906,321670.9,5266728.4,4.19,5.09,0.070228785,0.14563614,1.9290054,18.36
356600500400192907,321718.9,5266697.6,2.88,3.59,0.048599772,0.09964216,1.7285452,11.72
356600500400192910,321861.4,5266607.3,6.55,8.2,0.13965975,0.30086637,2.254174,17.36
356600500400192911,321909.2,5266576.8,3.22,3.96,0.033817787,0.06880627,1.3867099,14.69
356600500400192912,321957.1,5266546.0,2.5,3.14,0.057874955,0.11923633,1.6363288,10.33
356600500400192917,322198.5,5266390.4,3.51,4.3,0.046484966,0.09520131,1.7727084,17.00
356600500400192918,322246.6,5266359.5,3.48,4.19,0.12763706,0.27310908,1.5824577,12.99
356600500400192919,322294.7,5266328.7,2.13,2.65,0.047965664,0.09830957,1.3419875,9.01
356600500400192928,322727.3,5266051.1,4.0,4.9,0.03086938,0.062712245,1.9956399,19.65
356600500400192931,322871.3,5265959.0,2.28,2.8,0.072704904,0.15096974,1.3789265,11.65
356600500400192932,322919.3,5265928.3,2.54,3.14,0.072190575,0.1498607,1.5448068,9.30
356600500400192933,322967.3,5265897.7,4.68,5.84,0.10643212,0.22507243,2.042144,17.04
356600500400192934,323015.2,5265867.1,4.68,5.69,0.14550197,0.31449503,1.9256488,19.53
356600500400192935,323063.1,5265836.6,4.41,5.35,0.08376606,0.174971,1.990572,18.68
356600500400192936,323110.8,5265806.2,3.33,4.08,0.07798416,0.1623891,1.7288971,15.27
356600500400192937,323158.8,5265775.6,4.98,5.99,0.16346624,0.3569935,1.9363245,16.52
356600500400192951,323826.9,5265351.8,5.05,6.1,0.0964899,0.20294122,2.0572999,14.99
356600500400192952,323874.6,5265321.6,4.56,5.5,0.087432064,0.18298975,1.9860724,16.96
356600500400192953,323922.3,5265291.3,4.64,5.61,0.19416364,0.43177387,1.7878103,18.68
356600500400192954,323970.3,5265260.7,3.59,4.34,0.047298905,0.09690932,1.3329958,19.86
356600500400192959,324209.5,5265108.5,4.11,5.24,0.026401144,0.05351218,1.8732636,19.53
356600500400192960,324257.1,5265078.3,3.89,4.75,0.054545622,0.11218087,1.8686435,16.12
356600500400192961,324305.2,5265047.4,3.37,4.19,0.020781854,0.04200189,1.6770507,15.65
356600500400192962,324353.0,5265017.1,3.93,4.75,0.018846916,0.038053744,1.362125,19.17
356600500400192963,324400.9,5264986.4,2.88,3.66,0.010792399,0.021702176,1.1600808,18.20
356600500400192964,324448.7,5264956.1,3.25,3.96,0.032909703,0.06692738,1.648095,17.06
356600500400192965,324496.5,5264925.7,2.8,3.44,0.021911789,0.044311076,1.5080336,14.33
356600500400192966,324544.4,5264895.1,3.1,3.85,0.047179595,0.09665886,1.8243539,17.90
356600500400192967,324592.1,5264864.8,4.23,5.13,0.16576755,0.36250362,1.7904804,18.46
356600500400192968,324639.9,5264834.4,2.28,2.84,0.018277846,0.036894068,1.3103968,13.06
356600500400192969,324687.8,5264803.7,2.99,3.78,0.03315852,0.06744202,1.6788867,14.30
356600500400192970,324736.0,5264772.8,4.08,4.9,0.02017502,0.040762834,1.6997983,12.33
356600500400192971,324783.9,5264742.1,2.17,2.73,0.023129443,0.04680252,0.8489883,8.93
356600500400192972,324831.7,5264711.7,4.45,5.39,0.17050597,0.37389708,1.8011894,12.21
356600500400192973,324879.8,5264680.8,2.5,3.1,0.048372604,0.09916466,1.5135758,10.93
356600500400192974,324927.8,5264650.2,2.43,3.1,0.056230824,0.11574901,1.5861495,11.61
356600500400192975,324975.8,5264619.3,3.89,4.71,0.15322681,0.3326592,1.6662999,18.30
356600500400192976,325024.0,5264588.3,5.13,5.91,0.2338891,0.532895,1.8062629,19.21
356600500400192977,325072.2,5264557.3,5.99,7.07,0.30273387,0.7212488,1.9708459,15.58
356600500400192978,325120.4,5264526.4,3.07,3.81,0.07594059,0.15796097,1.6646404,11.04
356600500400192979,325168.6,5264495.3,6.47,7.52,0.34622315,0.85008144,1.9930024,16.79
356600500400192980,325216.8,5264464.3,2.88,3.81,0.083963126,0.17540123,1.73906,17.40
356600500400192981,325264.8,5264433.5,5.8,7.3,0.22335696,0.5055832,2.0560281,12.52
356600500400192982,325312.9,5264402.5,2.77,3.44,0.084014885,0.17551424,1.4425875,13.50
356600500400192983,325361.1,5264371.6,2.24,2.8,0.01780472,0.03593042,1.2577817,15.84
356600500400192984,325409.1,5264340.8,3.48,4.45,0.15419793,0.33495444,1.6476991,10.12
356600500400192985,325457.3,5264309.8,7.6,8.91,0.27721816,0.6493538,2.264577,17.97
356600500400192986,325505.5,5264278.7,2.35,2.95,0.04250228,0.08686482,1.5650258,13.13
356600500400192987,325553.4,5264248.1,3.7,4.6,0.015013643,0.03025509,1.2639129,13.60
356600500400192988,325601.2,5264217.6,3.1,3.89,0.011263461,0.022654813,1.1475835,15.26
356600500400192989,325649.2,5264186.9,3.59,4.3,0.12750925,0.27281606,1.606284,11.76
356600500400192990,325697.1,5264156.2,2.39,2.99,0.02005505,0.040517967,1.2709854,10.70
356600500400192991,325744.8,5264125.9,2.84,3.48,0.036841005,0.07507426,1.6029766,13.32
356600500400192992,325792.5,5264095.5,3.07,3.81,0.03540034,0.07208489,1.7066996,14.76
356600500400192993,325840.2,5264065.2,2.39,2.95,0.007996525,0.016057368,0.74490213,16.47
356600500400192994,325887.7,5264035.0,3.59,4.34,0.036085792,0.07350664,1.0810868,18.66
356600500400192996,325982.9,5263974.6,3.03,3.7,0.056173097,0.11562667,1.6655786,18.63
356600500400192997,326030.6,5263944.3,3.07,3.89,0.01294625,0.026061649,0.9406695,19.55
356600500400192998,326078.1,5263914.2,4.6,5.5,0.1533134,0.33286375,1.8539189,19.22
356600500400192999,326125.8,5263883.9,2.32,2.84,0.02041487,0.04125248,1.0788782,16.92
356600500400193000,326173.6,5263853.6,2.65,3.29,0.051042758,0.10478445,1.5276093,17.94
356600500400193001,326221.3,5263823.3,2.73,3.37,0.018767871,0.037892625,1.0784099,19.14
356600500400193010,326649.0,5263553.2,3.93,4.75,0.07445024,0.1547378,1.7637559,18.20
356600500400193011,326696.9,5263522.8,6.14,7.3,0.285491,0.6723818,2.0155237,14.50
356600500400193012,326744.7,5263492.5,4.83,5.76,0.21469618,0.4834005,1.8589132,10.27
356600500400193013,326792.6,5263462.0,7.9,8.83,0.45881015,1.2282008,2.1123786,3.78
356600500400193014,326840.5,5263431.5,2.84,3.78,0.09448268,0.19850278,1.7560701,1.06
356600500400193015,326888.5,5263401.0,5.2,6.17,0.24963698,0.57444113,1.8457105,0.92
356600500400193016,326936.4,5263370.5,4.23,5.2,0.11618627,0.24702574,1.8553543,1.57
356600500400193017,326984.4,5263340.0,2.84,3.85,0.07635796,0.15886456,1.8220185,1.77
356600500400193018,327032.3,5263309.5,2.09,2.62,0.03211325,0.065280914,1.2964177,2.84
356600500400193019,327080.3,5263279.0,3.25,3.89,0.120864496,0.25764102,1.4676036,3.20
356600500400193020,327128.3,5263248.4,2.05,2.5,0.036322176,0.07399718,1.3966268,2.77
356600500400193021,327176.2,5263217.9,1.94,2.39,0.01921863,0.0388116,1.2531276,2.00
356600500400193022,327224.1,5263187.5,2.62,3.29,0.106453404,0.22512008,1.4259912,1.83
356600500400193023,327272.0,5263157.0,2.24,2.8,0.06866085,0.14226611,1.4099746,1.36
356600500400193024,327320.0,5263126.4,2.17,2.69,0.02532836,0.051309615,1.4317311,1.36
356600500400193025,327367.9,5263095.9,2.05,2.54,0.029524105,0.059937876,1.3570435,2.91
356600500400193026,327415.9,5263065.4,2.58,3.25,0.0801461,0.16708438,1.5324426,7.47
356600500400193027,327463.9,5263034.7,4.68,5.72,0.15927437,0.34699556,1.9465739,15.89
356600500400193028,327512.2,5263003.7,5.95,7.07,0.24634585,0.5656868,2.0550053,18.44
356600500400193029,327560.3,5262972.8,4.38,5.42,0.104202256,0.22008744,1.8866943,16.46
356600500400193030,327608.4,5262942.1,5.39,6.89,0.22121046,0.50006247,2.0623517,14.76
356600500400193031,327656.5,5262911.3,2.13,2.65,0.028355032,0.057530012,1.3805575,9.53
356600500400193032,327704.3,5262880.9,2.62,3.22,0.04011438,0.08188313,1.5513176,8.26
356600500400193033,327752.1,5262850.5,3.22,4.0,0.10338838,0.21827105,1.6969131,6.73
356600500400193034,327800.1,5262819.8,2.24,2.8,0.03293857,0.066987075,1.5699908,7.29
356600500400193035,327848.0,5262789.3,2.24,2.8,0.03750751,0.07645876,1.4619668,6.13
356600500400193036,327895.8,5262758.8,2.05,2.54,0.016244791,0.032756504,1.3064816,5.06
356600500400193037,327943.7,5262728.3,2.39,2.95,0.0487393,0.099935494,1.4557816,4.02
356600500400193038,327991.6,5262697.6,2.58,3.18,0.045380384,0.09288573,1.3416665,4.44
356600500400193039,328039.5,5262667.2,2.05,2.54,0.020629417,0.04169057,1.5176439,2.41
356600500400193040,328087.4,5262636.5,2.62,3.22,0.09860588,0.20763089,1.3627845,5.63
356600500400193041,328135.4,5262605.8,2.43,3.03,0.05207248,0.1069559,1.4151855,7.82
356600500400193042,328183.3,5262575.1,2.13,2.62,0.0347123,0.070658796,1.4001598,3.84
356600500400193043,328231.2,5262544.5,2.05,2.54,0.018783914,0.037925325,1.110603,2.95
356600500400193044,328279.0,5262514.0,2.13,2.65,0.047902487,0.098176844,1.2881155,3.73
356600500400193045,328326.8,5262483.5,2.17,2.65,0.026215184,0.053130206,1.4669929,4.40
356600500400193046,328374.6,5262453.0,2.05,2.54,0.026233122,0.05316705,1.0777385,3.67
356600500400193047,328422.4,5262422.5,1.98,2.43,0.030691076,0.062344305,1.3683783,2.13
356600500400193048,328470.2,5262391.9,1.94,2.43,0.036647245,0.07467195,1.2239028,4.09
356600500400193049,328518.0,5262361.3,1.9,2.35,0.016449114,0.033171944,0.98147804,3.00
356600500400193050,328565.9,5262330.7,1.98,2.47,0.03688756,0.075170934,1.2399787,1.37
356600500400193051,328613.7,5262300.1,3.07,3.74,0.096202604,0.20230535,1.4240001,6.79
356600500400193052,328661.8,5262269.2,3.93,4.71,0.14857814,0.32170856,1.7472739,11.55
356600500400193053,328709.8,5262238.4,3.89,4.79,0.07415005,0.15408918,1.9562509,11.05
356600500400193054,328757.7,5262207.6,3.4,4.19,0.05893674,0.121491686,1.8016155,10.11
356600500400193055,328805.6,5262176.9,2.09,2.58,0.025088582,0.050817654,0.8746786,7.48
356600500400193056,328853.3,5262146.5,2.24,2.77,0.05136583,0.10546549,1.329992,3.98
356600500400193057,328901.1,5262115.9,1.98,2.47,0.0187317,0.0378189,1.4978579,3.45
356600500400193058,328948.9,5262085.3,2.13,2.62,0.027276397,0.055310987,1.4221526,3.14
356600500400193059,328996.8,5262054.5,3.14,4.0,0.07864697,0.1638274,1.7921294,10.18
356600500400193060,329044.9,5262023.6,2.88,3.59,0.041204426,0.08415567,1.6499776,11.44
356600500400193061,329092.8,5261992.9,2.02,2.47,0.0132387765,0.026654469,1.0695585,3.94
356600500400193062,329140.6,5261962.3,1.94,2.39,0.019612316,0.039614573,1.3341265,1.98
356600500400193063,329188.5,5261931.6,2.39,2.95,0.07062027,0.14647846,1.2243174,3.47
356600500400193064,329236.3,5261901.0,2.58,3.18,0.013511672,0.027207661,1.1412693,9.22
356600500400193065,329283.9,5261870.7,2.32,2.88,0.023640977,0.047850102,1.3589417,10.06
356600500400193066,329331.7,5261840.2,1.94,2.43,0.018176647,0.03668791,1.4823853,3.71
356600500400193067,329379.6,5261809.4,5.42,6.7,0.20938885,0.46992755,1.9902605,13.30
356600500400193068,329427.8,5261778.4,2.02,2.47,0.015730798,0.031711806,1.4160267,10.78
356600500400193069,329475.5,5261747.9,2.28,2.84,0.01900128,0.038368434,0.95763856,5.97
356600500400193070,329523.3,5261717.4,2.17,2.69,0.032116774,0.0652882,1.2833556,7.63
356600500400193071,329571.1,5261686.9,2.35,2.92,0.061906833,0.12781407,1.3841968,7.08
356600500400193072,329618.9,5261656.3,2.24,2.8,0.033548724,0.068249375,1.5830958,7.44
356600500400193073,329666.8,5261625.7,2.17,2.69,0.041940298,0.08569128,1.2884436,6.05
356600500400193074,329714.7,5261595.1,2.2,2.73,0.046440966,0.095109016,1.3411745,6.60
356600500400193075,329762.6,5261564.5,2.32,2.84,0.04520114,0.09251023,1.4858592,7.64
356600500400193076,329810.5,5261533.9,2.17,2.69,0.019215839,0.038805913,1.459364,6.62
356600500400193077,329858.4,5261503.3,2.28,2.8,0.04768608,0.09772231,1.2874513,6.24
356600500400193078,329906.2,5261472.9,2.05,2.54,0.028049992,0.05690222,1.3955482,5.88
356600500400193079,329954.0,5261442.3,2.02,2.5,0.04266979,0.08721476,1.3777573,4.97
356600500400193080,330001.8,5261411.9,2.65,3.33,0.064282075,0.13288465,1.6120101,7.02
356600500400193081,330049.6,5261381.5,2.17,2.73,0.035703406,0.07271338,1.4955049,5.83
356600500400193082,330097.5,5261351.0,2.28,2.8,0.012203334,0.024556886,1.0414493,6.50
356600500400193083,330145.4,5261320.4,2.13,2.62,0.055997252,0.115254074,1.3672228,5.33
356600500400193084,330193.3,5261289.9,2.13,2.65,0.015793556,0.031839333,1.0886741,7.14
356600500400193085,330241.0,5261259.6,2.32,2.88,0.028875735,0.058602113,1.6112921,7.48
356600500400193086,330288.9,5261229.1,2.13,2.65,0.039626308,0.08086643,1.400732,5.12
356600500400193087,330336.7,5261198.7,2.13,2.65,0.026270943,0.05324473,1.2430636,5.98
356600500400193088,330384.6,5261168.2,2.43,3.03,0.09182477,0.19264059,1.4114665,6.37
356600500400193089,330432.5,5261137.7,2.2,2.73,0.026525611,0.053767886,1.2515594,7.95
356600500400193090,330480.2,5261107.4,2.2,2.77,0.011577898,0.023290955,0.99714816,8.41
356600500400193091,330528.1,5261077.0,2.54,3.22,0.05078893,0.104249544,1.715142,8.34
356600500400193092,330575.9,5261046.6,2.17,2.69,0.008663553,0.017402636,0.903079,7.40
356600500400193093,330623.7,5261016.2,1.98,2.47,0.041831683,0.08546455,1.4154311,4.73
356600500400193094,330671.6,5260985.7,2.43,3.03,0.05914966,0.12194426,1.4663863,3.68
356600500400193095,330719.6,5260955.0,2.32,2.88,0.06483825,0.13407381,1.3923963,4.97
356600500400193096,330767.6,5260924.4,2.13,2.65,0.036175314,0.073692404,1.3641243,2.40
356600500400193097,330815.6,5260893.8,1.98,2.5,0.027969226,0.056736033,1.3028693,1.35
356600500400193098,330863.5,5260863.3,1.98,2.47,0.025967875,0.052622333,1.2544577,2.80
356600500400193099,330911.4,5260832.9,2.05,2.54,0.022297993,0.045100957,1.112158,6.46
356600500400193100,330959.2,5260802.5,2.47,3.1,0.031970803,0.06498659,1.6983306,8.55
356600500400193101,331006.9,5260772.2,2.24,2.77,0.017278476,0.034859132,1.3886014,7.92
356600500400193102,331054.7,5260741.7,2.2,2.73,0.036838096,0.07506822,1.4092821,6.80
356600500400193103,331102.6,5260711.3,2.32,2.88,0.06519723,0.13484171,1.4740416,5.22
356600500400193104,331150.5,5260680.8,2.05,2.54,0.043912657,0.089813024,1.209349,4.16
356600500400193105,331198.5,5260650.2,2.09,2.58,0.04056358,0.08281931,1.3924522,4.40
356600500400193106,331246.4,5260619.6,2.05,2.58,0.046638586,0.09552356,1.3072536,4.05
356600500400193107,331294.4,5260589.0,1.98,2.47,0.008321139,0.016711941,1.1022285,3.29
356600500400193108,331342.3,5260558.4,1.94,2.39,0.014772284,0.029765071,1.3332516,2.19
356600500400193109,331390.2,5260527.9,2.02,2.5,0.011837413,0.023816137,0.7168606,5.56
356600500400193110,331438.0,5260497.5,2.24,2.77,0.028769765,0.05838388,1.3963243,6.61
356600500400193111,331485.8,5260467.1,2.13,2.62,0.002719826,0.005447067,1.387515,6.27
356600500400193112,331533.7,5260436.6,1.94,2.39,0.037039734,0.075486965,1.3434036,3.85
356600500400193113,331581.5,5260406.1,1.98,2.43,0.01759332,0.0355,0.907455,3.72
356600500400193114,331629.4,5260375.7,2.09,2.58,0.025196562,0.05103918,1.2554791,4.55
356600500400193115,331677.2,5260345.2,2.13,2.62,0.030822262,0.06261501,1.3359056,3.91
356600500400193116,331725.1,5260314.7,2.13,2.62,0.046301242,0.09481598,1.3385584,4.30
356600500400193117,331772.9,5260284.2,2.05,2.54,0.029461017,0.059807867,1.1567321,2.24
356600500400193118,331820.8,5260253.6,1.98,2.47,0.036933232,0.07526578,1.0969222,2.17
356600500400193119,331868.7,5260223.1,1.98,2.47,0.026380213,0.05346918,1.1917899,2.69
356600500400193120,331916.6,5260192.5,1.98,2.47,0.04482059,0.091713235,1.4164798,2.57
356600500400193121,331964.5,5260161.9,2.02,2.5,0.01217084,0.024491096,1.1016507,3.28
356600500400193122,332012.4,5260131.4,2.09,2.58,0.02874707,0.05833715,1.1693629,4.36
356600500400193123,332060.2,5260101.0,2.02,2.5,0.022912271,0.04635794,1.150957,4.48
356600500400193124,332108.0,5260070.5,2.02,2.5,0.035523638,0.07234056,1.3017236,4.33
356600500400193125,332155.8,5260040.0,2.02,2.47,0.020187763,0.040788848,1.4012263,3.73
356600500400193126,332203.7,5260009.4,1.98,2.43,0.013703195,0.027595995,1.3405553,4.35
356600500400193127,332251.5,5259978.9,2.09,2.62,0.019566441,0.03952099,1.2904502,4.36
356600500400193128,332299.3,5259948.4,2.17,2.69,0.021369245,0.043201976,1.2687619,5.05
356600500400193129,332347.1,5259918.0,2.17,2.65,0.010128833,0.020361008,1.0664002,7.35
356600500400193130,332394.9,5259887.5,2.17,2.69,0.01428173,0.028769495,1.4771899,7.37
356600500400193131,332442.6,5259857.1,2.65,3.33,0.01852883,0.037405454,1.5271151,8.18
356600500400193132,332490.3,5259826.7,2.39,2.99,0.060750183,0.12534955,1.6195766,7.03
356600500400193133,332538.1,5259796.2,2.13,2.62,0.033567287,0.06828778,1.3587238,4.70
356600500400193134,332586.0,5259765.6,2.17,2.65,0.05005051,0.10269425,1.3705372,5.17
356600500400193135,332633.8,5259735.0,2.13,2.62,0.016158791,0.03258167,1.2239207,7.08
356600500400193136,332681.7,5259704.5,1.98,2.43,0.05110749,0.10492089,1.136273,4.55
356600500400193137,332729.5,5259673.9,2.02,2.47,0.03335152,0.06784131,1.3805008,1.47
356600500400193138,332777.4,5259643.3,1.98,2.47,0.024403928,0.04941358,1.1081079,1.26
356600500400193139,332825.4,5259612.6,2.35,2.92,0.04860773,0.099658884,1.4411663,3.80
356600500400193140,332873.4,5259581.9,2.65,3.33,0.06227574,0.12860076,1.6130611,6.74
356600500400193141,332921.4,5259551.1,2.43,2.99,0.08559284,0.17896274,1.4191025,6.65
356600500400193142,332969.3,5259520.4,2.05,2.54,0.036397837,0.07415421,1.4129983,4.84
356600500400193143,333017.0,5259490.0,2.32,2.88,0.031574905,0.06416879,1.4937141,7.40
356600500400193144,333064.8,5259459.5,2.13,2.65,0.04394237,0.089875184,1.3716085,6.03
356600500400193145,333112.6,5259429.0,1.98,2.43,0.00791254,0.015888052,1.5582086,3.93
356600500400193146,333160.5,5259398.5,2.05,2.5,0.023715753,0.048003282,1.3117311,5.56
356600500400193147,333208.2,5259368.0,2.28,2.84,0.026101671,0.05289708,1.5215915,5.89
356600500400193148,333256.1,5259337.5,2.09,2.62,0.038130082,0.07775287,1.40147,4.02
356600500400193149,333303.9,5259306.9,2.09,2.58,0.030492261,0.06193412,1.1150044,4.71
356600500400193150,333351.8,5259276.4,1.98,2.43,0.03061544,0.062188245,1.3695244,3.16
356600500400193151,333399.6,5259245.8,2.09,2.58,0.022197993,0.0448964,1.3885819,3.95
356600500400193152,333447.5,5259215.2,2.47,3.07,0.062067185,0.12815598,1.579536,3.21
356600500400193153,333495.6,5259184.5,2.28,2.8,0.039917015,0.08147194,1.2698017,7.09
356600500400193154,333543.6,5259153.7,2.13,2.62,0.019731635,0.039858006,1.5103306,4.51
356600500400193155,333591.5,5259123.1,2.13,2.62,0.022316884,0.045139603,1.1461294,7.64
356600500400193156,333639.2,5259092.7,3.4,4.41,0.021632418,0.043739896,1.6547567,13.42
356600500400193157,333686.9,5259062.3,3.55,4.34,0.10888392,0.23056798,1.7291383,14.60
356600500400193158,333734.7,5259031.9,2.17,2.73,0.03746759,0.07637582,1.577849,12.62
356600500400193159,333782.6,5259001.3,2.17,2.65,0.050293166,0.10320521,1.3248041,4.64
356600500400193160,333830.6,5258970.6,2.05,2.54,0.016326329,0.032922275,1.1112719,1.59
356600500400193161,333878.5,5258940.0,2.02,2.47,0.023140252,0.046824653,1.2224363,2.86
356600500400193162,333926.4,5258909.4,2.09,2.62,0.031592835,0.064205825,1.4733037,4.04
356600500400193163,333974.3,5258878.9,2.24,2.77,0.035990324,0.073308565,1.368663,4.75
356600500400193164,334022.2,5258848.3,2.02,2.5,0.01320708,0.026590224,1.4083849,2.44
356600500400193165,334070.1,5258817.7,2.5,3.1,0.054177597,0.11140248,1.6280419,2.52
356600600401033970,319126.8,5267608.6,5.13,6.25,0.15806367,0.34411594,1.9555331,16.95
356600600401033971,319175.0,5267577.7,4.86,5.99,0.11467196,0.24360105,2.0163434,19.59
356600600401033983,319750.4,5267211.2,4.3,5.31,0.12317028,0.26289308,1.8423277,17.61
356600600401033989,320039.3,5267026.6,2.69,3.37,0.013521229,0.027227031,1.5260615,10.20
356600600401033990,320087.0,5266996.5,3.18,3.93,0.041449312,0.08466649,1.7944851,15.95
356600600401033991,320134.7,5266966.3,3.7,4.56,0.0774934,0.16132452,1.8256782,19.82
356600600401033999,320515.2,5266725.9,2.77,3.4,0.07396315,0.15368524,1.4545054,10.82
356600600401034000,320563.1,5266695.4,5.5,7.15,0.07258448,0.15070978,2.1524098,15.32
356600600401034002,320659.9,5266633.3,3.78,4.83,0.08656275,0.18108502,1.9377264,19.88
356600600401034004,320755.2,5266572.9,3.14,3.85,0.12704659,0.2717549,1.5030237,12.70
356600600401034005,320803.2,5266542.2,3.18,3.93,0.08996638,0.1885516,1.6414886,15.62
356600600401034026,321812.9,5265896.0,3.25,4.15,0.12856492,0.2752368,1.5977496,19.00
356600600401034029,321957.0,5265803.6,4.53,5.46,0.07797778,0.16237497,1.9556516,19.34
356600600401034030,322005.1,5265772.7,2.54,3.1,0.022807295,0.04614305,1.276588,16.87
356600600401034038,322385.5,5265530.8,5.46,6.59,0.18676424,0.41348913,1.9823587,15.28
356600600401034039,322433.3,5265500.3,4.3,5.2,0.121554345,0.2592104,1.8813852,17.94
356600600401034040,322481.1,5265469.8,3.63,4.64,0.038382564,0.07827786,1.9791719,19.51
356600600401034042,322576.4,5265409.1,3.96,4.94,0.008052368,0.016169956,0.8181906,19.36
356600600401034043,322623.8,5265379.1,3.22,4.04,0.012259681,0.02467097,1.0006053,15.13
356600600401034058,323344.9,5264917.8,3.48,4.26,0.06318338,0.13053742,1.8091897,19.30
356600600401034059,323393.0,5264887.2,2.05,2.54,0.03197718,0.064999714,1.3351423,12.37
356600600401034060,323440.7,5264856.9,3.03,3.85,0.016285516,0.032839287,1.0070623,15.61
356600600401034061,323488.3,5264826.7,4.75,5.84,0.1715949,0.37652305,1.9369571,16.50
356600600401034062,323536.2,5264796.2,4.68,5.76,0.01598057,0.032219388,1.7826712,17.29
356600600401034063,323584.2,5264765.6,3.03,3.85,0.0145708565,0.029356206,0.72789264,16.96
356600600401034064,323631.9,5264735.3,2.99,3.7,0.10057293,0.21199986,1.6598196,11.28
356600600401034065,323679.6,5264705.1,3.25,4.04,0.083490096,0.17436835,1.6877395,14.66
356600600401034066,323727.3,5264674.8,3.1,3.85,0.08815199,0.18456788,1.6000005,13.23
356600600401034067,323775.0,5264644.5,2.8,3.55,0.07538973,0.15676875,1.6988883,10.86
356600600401034068,323822.8,5264614.2,3.1,3.89,0.016608914,0.03349691,0.850987,10.18
356600600401034069,323870.5,5264583.8,4.15,5.16,0.18527529,0.4098303,1.7617301,13.07
356600600401034070,323918.3,5264553.4,2.84,3.55,0.09655785,0.2030912,1.4959189,14.09
356600600401034075,324251.9,5264341.8,5.95,7.15,0.112262115,0.23816417,2.1335876,19.25
356600600401034076,324299.6,5264311.4,6.25,7.26,0.12000202,0.255679,2.054697,18.20
356600600401034077,324347.3,5264281.1,5.09,6.29,0.013206915,0.026589883,1.7849758,19.28
356600600401034078,324394.9,5264250.9,5.42,6.51,0.009147751,0.018379737,1.3340331,15.69
356600600401034079,324442.6,5264220.6,2.92,3.55,0.069532044,0.1441377,1.4707656,9.24
356600600401034086,324779.5,5264004.7,2.92,3.55,0.060518213,0.12485549,1.6440912,17.93
356600600401034087,324827.6,5263973.8,3.81,4.79,0.10878713,0.23035015,1.8509752,15.18
356600600401034088,324875.6,5263943.0,2.35,2.92,0.03256061,0.0662055,1.2110968,10.11
356600600401034089,325018.7,5263851.9,3.37,4.23,0.064269535,0.13285767,1.8446223,13.73
356600600401034090,325066.4,5263821.6,3.52,4.34,0.034539193,0.0703001,1.8640255,14.73
356600600401034091,325114.1,5263791.2,3.78,4.86,0.067677096,0.14015439,1.993845,13.36
356600600401034092,325161.8,5263760.7,5.24,6.32,0.1714284,0.37612107,1.9787289,17.00
356600600401034093,325209.4,5263730.5,6.36,7.45,0.29005173,0.6851859,2.0236957,18.63
356600600401034094,325257.0,5263700.3,5.76,7.15,0.16373941,0.35764536,2.1275985,16.50
356600600401034095,325304.5,5263670.0,3.89,4.83,0.11887237,0.25311312,1.7362083,13.77
356600600401034096,325352.4,5263639.4,5.84,7.18,0.22850262,0.5188772,2.020576,15.77
356600600401034097,325400.1,5263609.0,4.38,5.57,0.07753732,0.16141975,2.019566,16.49
356600600401034098,325447.9,5263578.4,2.92,3.78,0.061069593,0.12602967,1.8561265,16.63
356600600401034099,325495.8,5263547.9,4.53,5.54,0.07367426,0.15306139,2.0406587,18.91
356600600401034101,325591.2,5263487.0,3.48,4.41,0.022523822,0.045562953,1.7408012,19.79
356600600401034102,325638.9,5263456.7,3.66,4.53,0.18202974,0.40187812,1.5558206,14.73
356600600401034103,325686.7,5263426.1,2.02,2.5,0.05390075,0.11081701,1.3742715,10.33
356600600401034104,325734.7,5263395.5,2.13,2.62,0.04229529,0.08643243,1.2365764,5.36
356600600401034105,325782.6,5263364.9,2.02,2.5,0.047264658,0.09683733,1.3650997,2.97
356600600401034106,325830.5,5263334.3,3.25,4.0,0.12748691,0.27276406,1.5701377,1.56
356600600401034107,325878.4,5263303.7,4.23,5.8,0.12284943,0.2621613,2.04876,2.03
356600600401034108,325926.3,5263273.1,4.3,5.13,0.22392498,0.5070438,1.6292496,4.28
356600600401034109,325974.2,5263242.4,8.27,9.81,0.4865728,1.333548,2.1631746,13.17
356600600401034116,326310.8,5263027.1,5.5,6.77,0.20129026,0.44954,2.0557637,19.04
356600600401034117,326358.7,5262996.7,3.96,4.79,0.11595402,0.24649955,1.7585468,15.21
356600600401034118,326406.3,5262966.5,2.77,3.52,0.08335295,0.17406908,1.6640505,13.92
356600600401034119,326454.2,5262936.0,3.59,4.68,0.018818637,0.037996087,1.6859212,12.97
356600600401034120,326502.0,5262905.6,2.47,3.03,0.05642767,0.11616606,1.4602042,9.31
356600600401034121,326549.9,5262875.1,2.95,3.63,0.01730156,0.0349061,1.0498328,9.75
356600600401034122,326597.8,5262844.7,2.5,3.18,0.04950616,0.10154838,1.681753,8.26
356600600401034123,326645.9,5262814.1,3.1,3.85,0.04849624,0.099424414,1.7709346,9.91
356600600401034124,326694.0,5262783.4,2.28,2.84,0.023007875,0.046553623,1.2666917,9.57
356600600401034125,326741.9,5262752.9,2.05,2.54,0.0334496,0.0680442,1.4118677,5.10
356600600401034126,326789.7,5262722.5,2.02,2.47,0.028654521,0.05814654,1.3378398,3.84
356600600401034127,326837.6,5262692.1,2.39,2.99,0.068624616,0.14218809,1.5396525,3.93
356600600401034128,326885.5,5262661.6,2.65,3.29,0.03814007,0.07777358,1.4816904,5.10
356600600401034129,326933.5,5262631.1,2.13,2.65,0.032389548,0.06585189,1.3543886,6.06
356600600401034130,326981.4,5262600.7,2.2,2.77,0.017477956,0.03526514,1.2254562,5.87
356600600401034131,327029.2,5262570.3,2.13,2.65,0.01735431,0.03501346,1.4261589,3.87
356600600401034132,327173.4,5262478.3,2.28,2.84,0.05741683,0.11826385,1.2748193,8.98
356600600401034133,327221.6,5262447.6,3.93,5.01,0.054684296,0.11247411,2.0398881,14.45
356600600401034134,327269.8,5262416.7,3.4,4.15,0.10887756,0.23055312,1.6339879,14.55
356600600401034135,327318.0,5262385.9,2.8,3.44,0.067867234,0.14056233,1.3823011,11.91
356600600401034136,327366.1,5262355.1,3.03,3.74,0.12586075,0.26903975,1.5122334,9.10
356600600401034137,327462.0,5262294.0,2.13,2.65,0.03932575,0.08024053,1.4413655,4.78
356600600401034138,327509.9,5262263.5,2.13,2.65,0.024998073,0.05063195,1.6173477,3.12
356600600401034139,327557.8,5262233.0,2.35,2.92,0.039297,0.080180675,1.5765531,5.60
356600600401034140,327605.8,5262202.3,3.14,4.0,0.110058546,0.23320559,1.6562047,6.72
356600600401034141,327653.8,5262171.7,2.17,2.73,0.030436084,0.061818194,1.5864584,6.70
356600600401034142,327701.6,5262141.2,2.39,2.95,0.035030738,0.07131864,1.4413568,5.78
356600600401034143,327749.5,5262110.7,2.05,2.54,0.037235558,0.07589367,1.406408,4.17
356600600401034144,327797.4,5262080.2,1.9,2.39,0.022581544,0.04568106,1.1848794,4.09
356600600401034145,327845.3,5262049.6,2.02,2.47,0.024115304,0.04882195,1.2509466,2.89
356600600401034146,327893.3,5262019.0,1.94,2.43,0.0457421,0.09364362,1.2592489,1.55
356600600401034147,327941.2,5261988.4,2.05,2.54,0.019471975,0.039328277,1.4062717,1.41
356600600401034148,327989.1,5261957.8,2.09,2.62,0.057543296,0.11853221,1.2990489,2.21
356600600401034149,328036.9,5261927.2,1.94,2.43,0.024361,0.04932555,1.2988815,3.39
356600600401034150,328084.7,5261896.8,2.43,2.99,0.023595762,0.047757458,1.1304256,7.31
356600600401034151,328132.4,5261866.4,2.17,2.69,0.027352242,0.055466905,1.1285987,6.07
356600600401034152,328180.3,5261835.9,1.98,2.47,0.028976608,0.058809835,1.3830838,2.72
356600600401034153,328228.1,5261805.3,2.09,2.58,0.056688514,0.116719045,1.3444499,2.70
356600600401034154,328276.0,5261774.7,2.77,3.48,0.07319067,0.1520175,1.6016645,4.80
356600600401034155,328323.9,5261744.0,2.39,2.99,0.047523577,0.097380936,1.440162,5.90
356600600401034156,328371.8,5261713.4,2.88,3.59,0.11692846,0.2487054,1.4959202,6.74
356600600401034157,328419.7,5261682.7,2.69,3.37,0.04095907,0.08364385,1.6741536,8.75
356600600401034158,328467.6,5261652.0,2.39,2.99,0.051839508,0.10646429,1.4094456,9.61
356600600401034159,328515.5,5261621.4,2.09,2.58,0.01693045,0.03415095,1.028156,7.15
356600600401034160,328563.2,5261591.0,2.24,2.77,0.022050586,0.044594895,1.4864738,7.93
356600600401034161,328610.9,5261560.5,2.02,2.47,0.04441687,0.09086798,1.3796726,4.67
356600600401034162,328658.7,5261529.9,2.02,2.5,0.032578506,0.0662425,1.4206746,2.68
356600600401034163,328706.5,5261499.3,2.35,2.88,0.03934777,0.080286376,1.4581566,4.92
356600600401034164,328754.2,5261468.8,2.17,2.69,0.043513823,0.08897879,1.4338899,5.47
356600600401034165,328802.0,5261438.3,2.02,2.47,0.017186297,0.034671526,1.3644379,3.10
356600600401034166,328849.8,5261407.7,2.02,2.47,0.02136862,0.043200683,1.3862436,2.57
356600600401034167,328897.6,5261377.1,2.09,2.58,0.03601238,0.073354274,1.3384563,4.21
356600600401034168,329040.8,5261285.5,2.13,2.62,0.05041361,0.10345876,1.4028176,4.42
356600600401034169,329088.6,5261255.0,1.98,2.43,0.032159116,0.06537565,1.3637238,5.41
356600600401034170,329136.3,5261224.5,2.39,2.95,0.030744368,0.062454227,1.5567358,5.73
356600600401034171,329184.1,5261194.0,2.2,2.73,0.035223033,0.07171725,1.4743371,5.66
356600600401034172,329231.8,5261163.4,2.13,2.62,0.03905986,0.07968705,1.401307,5.84
356600600401034173,329279.6,5261132.8,2.09,2.62,0.036951326,0.075303294,1.4329356,5.20
356600600401034174,329327.4,5261102.3,2.09,2.58,0.014757602,0.029735258,1.2009604,4.91
356600600401034175,329375.2,5261071.8,2.17,2.69,0.017651282,0.035617992,1.4697156,5.99
356600600401034176,329423.0,5261041.2,2.13,2.65,0.045270473,0.092655376,1.3578777,8.84
356600600401034177,329470.9,5261010.6,2.2,2.73,0.06768248,0.14016594,1.408387,8.69
356600600401034178,329518.7,5260979.9,2.05,2.58,0.04174745,0.08528866,1.4350122,6.70
356600600401034179,329566.6,5260949.3,1.98,2.47,0.01585417,0.0319625,1.2545514,4.14
356600600401034180,329614.5,5260918.7,2.05,2.5,0.04168608,0.08516057,1.1345096,2.13
356600600401034181,329662.3,5260888.1,2.02,2.5,0.030936988,0.062851734,1.5152811,4.50
356600600401034182,329710.1,5260857.7,2.13,2.62,0.05153211,0.10581597,1.38004,5.35
356600600401034183,329757.9,5260827.2,2.2,2.77,0.047299843,0.09691119,1.4269804,6.03
356600600401034184,329805.7,5260796.8,2.13,2.62,0.026606113,0.053933255,1.3833333,4.82
356600600401034185,329853.6,5260766.2,2.13,2.62,0.036871858,0.07513826,1.2354674,4.72
356600600401034186,329901.4,5260735.7,2.28,2.8,0.043055,0.08801961,1.4633491,4.34
356600600401034187,329949.3,5260705.1,2.02,2.5,0.030680334,0.0623221,1.4544386,3.48
356600600401034188,329997.1,5260674.6,1.98,2.43,0.02211287,0.044722278,1.163949,3.97
356600600401034189,330045.0,5260644.2,2.02,2.5,0.036273766,0.073896654,1.2447482,3.50
356600600401034190,330092.9,5260613.6,2.02,2.5,0.012999187,0.026168909,1.4272077,4.11
356600600401034191,330140.8,5260583.0,1.94,2.43,0.014370732,0.028950078,1.1554725,4.65
356600600401034192,330188.6,5260552.6,2.09,2.58,0.013778033,0.027747748,1.4693059,7.39
356600600401034193,330236.4,5260522.2,2.43,2.99,0.026686758,0.05409896,1.1513976,9.27
356600600401034194,330284.1,5260491.9,2.24,2.8,0.03759695,0.076644555,1.5446,8.23
356600600401034195,330331.9,5260461.5,2.09,2.58,0.037278578,0.07598304,1.3904567,5.68
356600600401034196,330379.8,5260431.0,2.02,2.5,0.042371746,0.0865921,1.2832273,3.30
356600600401034197,330427.7,5260400.5,2.09,2.58,0.035536986,0.07236819,1.3892546,3.46
356600600401034198,330475.6,5260370.0,2.05,2.58,0.04451022,0.09106337,1.4755753,7.46
356600600401034199,330523.5,5260339.5,2.24,2.8,0.027932351,0.056660127,1.5345595,10.24
356600600401034200,330571.4,5260309.0,3.1,3.85,0.056806937,0.116970144,1.772314,12.01
356600600401034201,330619.3,5260278.5,2.99,3.78,0.025984285,0.052656,1.6626245,12.76
356600600401034202,330667.3,5260247.9,3.37,4.11,0.07927197,0.16518433,1.6822517,14.53
356600600401034203,330715.3,5260217.3,2.99,3.7,0.04710777,0.096508004,1.7700528,15.64
356600600401034204,330763.3,5260186.6,3.4,4.15,0.1181155,0.25139582,1.7049828,14.98
356600600401034205,330811.3,5260156.0,2.95,3.63,0.090253405,0.18918253,1.5792053,12.16
356600600401034206,330859.2,5260125.6,2.35,2.95,0.035247967,0.07176893,1.5200647,9.91
356600600401034207,330907.0,5260095.2,2.28,2.88,0.023422498,0.047402587,1.3210312,9.46
356600600401034208,330954.7,5260064.8,2.54,3.14,0.038316865,0.07814123,1.4829171,9.40
356600600401034209,331002.5,5260034.4,2.09,2.62,0.019725887,0.03984626,1.1296417,7.81
356600600401034210,331050.4,5260004.0,2.35,2.92,0.028962612,0.058781005,1.5112598,8.11
356600600401034211,331098.2,5259973.6,2.54,3.14,0.014345173,0.028898213,0.9451965,9.22
356600600401034212,331146.0,5259943.2,2.32,2.84,0.03321625,0.067561395,1.2815627,8.54
356600600401034213,331193.8,5259912.8,2.05,2.54,0.05648378,0.116284996,1.2560755,5.32
356600600401034214,331241.7,5259882.2,1.98,2.47,0.018740593,0.03783701,1.3264236,4.02
356600600401034215,331289.8,5259851.5,2.28,2.8,0.046128877,0.09445444,1.3642137,6.08
356600600401034216,331337.7,5259821.0,2.13,2.62,0.028542364,0.057915617,1.1279112,5.94
356600600401034217,331385.4,5259790.6,2.28,2.8,0.018877458,0.03811599,1.0459174,9.22
356600600401034218,331433.2,5259760.3,2.17,2.69,0.04375108,0.08947496,1.4506416,7.38
356600600401034219,331481.1,5259729.7,2.24,2.73,0.04839649,0.099214755,1.3337673,3.84
356600600401034220,331529.0,5259699.1,2.73,3.33,0.08646946,0.18088076,1.3808863,6.99
356600600401034221,331576.9,5259668.6,2.88,3.55,0.081275284,0.16954084,1.5830112,10.17
356600600401034222,331624.7,5259638.2,2.69,3.29,0.02050167,0.041429684,1.3430188,9.65
356600600401034223,331672.5,5259607.8,2.73,3.33,0.0741265,0.15403807,1.6329378,8.08
356600600401034224,331720.4,5259577.3,2.95,3.63,0.06029549,0.12438139,1.6585454,7.67
356600600401034225,331768.2,5259546.8,2.69,3.33,0.06186117,0.12771654,1.6392313,5.72
356600600401034226,331816.0,5259516.3,1.98,2.43,0.024828438,0.05028401,1.2426305,6.34
356600600401034227,331863.9,5259485.8,1.98,2.47,0.030307498,0.061552964,1.4360218,7.34
356600600401034228,331911.7,5259455.2,2.05,2.54,0.038278874,0.07806222,1.3506134,5.78
356600600401034229,332055.4,5259363.5,1.94,2.39,0.035339367,0.07195842,1.3482968,2.31
356600600401034230,332199.0,5259271.8,2.02,2.5,0.037733477,0.07692831,1.1965849,2.69
356600600401034231,332247.1,5259241.1,2.88,3.55,0.0730607,0.15173705,1.6476936,8.57
356600600401034232,332295.1,5259210.3,2.69,3.33,0.08368813,0.17480056,1.4597101,8.47
356600600401034233,332343.1,5259179.5,2.47,3.07,0.072727434,0.15101808,1.4515969,7.21
356600600401034234,332391.1,5259148.8,2.2,2.73,0.023114858,0.04677264,1.5109079,4.17
356600600401034235,332439.0,5259118.1,1.98,2.47,0.024224047,0.049044825,1.3259734,1.49
356600600401034236,332486.9,5259087.6,2.13,2.62,0.043964595,0.08992159,1.3283095,6.76
356600600401034237,332534.6,5259057.2,2.28,2.8,0.05496377,0.1130655,1.4524533,7.23
356600600401034238,332582.5,5259026.6,2.02,2.47,0.0254293,0.051516727,1.3844727,1.84
356600600401034239,332630.4,5258995.9,1.98,2.47,0.008834847,0.017748248,1.513138,1.89
356600600401034240,332678.2,5258965.4,2.13,2.58,0.015813503,0.031879857,1.1213305,7.59
356600600401034241,332725.9,5258935.0,2.77,3.44,0.026808945,0.054350056,1.5590003,11.52
356600600401034242,332773.7,5258904.6,2.32,2.84,0.022213483,0.044928066,1.0132599,9.20
356600600401034243,332821.5,5258874.0,2.54,3.18,0.022629686,0.045779575,1.6664765,9.16
356600600401034244,332869.3,5258843.5,2.5,3.1,0.018440986,0.03722644,1.2193096,11.12
356600600401034245,332917.1,5258813.0,2.32,2.88,0.024573117,0.04976043,1.4347599,9.48
356600600401034246,332965.0,5258782.4,2.2,2.69,0.020737633,0.041911554,1.0453966,4.97
356600600401034247,333012.9,5258751.7,2.47,3.07,0.011360437,0.022850977,1.0612483,6.53
356600600401034248,333060.6,5258721.3,2.28,2.84,0.0111301225,0.022385107,1.0199417,8.91
356600600401034249,333108.4,5258690.8,2.24,2.77,0.02752858,0.05582954,1.0692225,8.12
356600600401034250,333156.2,5258660.3,2.2,2.73,0.049926884,0.102433875,1.4534001,6.11
356600600401034251,333204.1,5258629.7,1.98,2.43,0.031892963,0.06482572,1.4177848,4.07
356600600401034252,333251.9,5258599.2,2.39,2.92,0.070813656,0.14689444,1.3908004,3.66
356600600401034253,333299.8,5258568.6,2.13,2.62,0.04890232,0.10027818,1.2309747,1.31
356600600401034254,333347.7,5258537.9,1.94,2.39,0.0155076645,0.03125844,1.4528446,0.08
356600600401034255,333395.7,5258507.3,1.98,2.47,0.017724833,0.03576774,1.1093146,1.10
356600600401034256,333443.6,5258476.6,2.2,2.69,0.020771347,0.04198041,1.3494838,2.98
356600600401034257,333491.6,5258445.9,2.05,2.54,0.03305242,0.0672225,1.2408583,1.91
356600600401034258,333539.5,5258415.3,2.05,2.54,0.0373888,0.07621204,1.376793,1.14
356600600401034259,333587.5,5258384.6,2.09,2.58,0.036494706,0.07435522,1.1852447,0.87
356600600401034260,333635.4,5258354.0,1.98,2.47,0.036943723,0.075287506,1.3678651,0.75
356600600401034261,333683.3,5258323.4,1.98,2.47,0.022122608,0.044742197,1.322549,1.25
356600600401034262,333731.3,5258292.7,2.05,2.54,0.023921035,0.048423845,1.3178514,2.17
356600600401034263,333779.2,5258262.1,2.13,2.65,0.034330737,0.06986832,1.3349499,2.82
356600600401034264,333827.1,5258231.5,2.09,2.54,0.025857141,0.05239494,1.22269,3.26
356600600401034265,333875.0,5258200.9,1.94,2.47,0.022286188,0.045076787,1.5145781,2.39
356600600401034266,333922.9,5258170.3,1.94,2.39,0.03761797,0.07668825,1.3223884,1.53
356600600401034267,333970.9,5258139.6,2.02,2.47,0.034077536,0.06934398,1.3730072,0.90
356600600401034268,334018.8,5258109.0,1.98,2.47,0.038588677,0.0787066,1.1903262,1.05
356600600401034269,334066.8,5258078.4,2.09,2.58,0.050914653,0.10451435,1.3084216,1.90
356600800400197704,319100.1,5266607.9,6.43,7.9,0.029855726,0.060621545,2.0650253,16.14
356600800400197705,319147.5,5266577.8,7.52,8.98,0.023696015,0.047962923,2.1494207,15.63
356600800400197706,319195.3,5266547.2,4.34,5.76,0.011016616,0.022155572,0.7716864,18.62
356600800400197707,319243.5,5266516.3,2.54,3.18,0.008262039,0.01659276,1.0562164,19.15
356600800400197710,319385.8,5266425.8,3.78,4.82,0.07231532,0.15013039,1.9534057,6.57
356600800400197711,319433.7,5266395.1,2.84,3.66,0.0080723055,0.016210167,1.0685078,10.20
356600800400197720,319867.0,5266117.1,4.15,5.2,0.09129413,0.19147356,1.7848933,19.93
356600800400197727,320204.3,5265901.0,3.36,4.11,0.0036372636,0.007287797,1.0654324,19.25
356600800400197728,320251.9,5265870.7,4.64,5.99,0.08803842,0.18432032,2.1020696,17.55
356600800400197729,320299.8,5265840.1,4.0,4.9,0.07759845,0.16155346,1.7089775,16.02
356600800400197730,320347.6,5265809.6,3.4,4.11,0.09303174,0.19530182,1.634714,12.87
356600800400197731,320395.3,5265779.2,6.62,7.6,0.3342726,0.8138693,1.9900681,9.07
356600800400197732,320443.0,5265748.8,4.97,6.25,0.0037363155,0.007486635,0.83548105,10.70
356600800400197733,320491.0,5265718.3,6.1,7.26,0.14682949,0.31760836,2.0519028,17.57
356600800400197734,320538.9,5265687.7,4.26,5.27,0.0041189864,0.008254996,0.92949885,17.41
356600800400197735,320586.6,5265657.3,8.38,9.51,0.2894443,0.6834981,2.2151883,13.61
356600800400197736,320634.8,5265626.5,2.88,3.48,0.008478972,0.017030293,1.079334,11.07
356600800400197741,320871.6,5265476.6,9.13,10.33,0.38747707,0.9805162,2.2875671,15.06
356600800400197744,321016.7,5265383.7,3.96,4.86,0.006119457,0.01227654,0.80899423,16.10
356600800400197745,321064.7,5265353.1,2.05,2.58,0.007653765,0.015366448,1.3674258,13.86
356600800400197748,321207.0,5265262.9,3.03,3.7,0.006506526,0.013055597,1.0867515,18.26
356600800400197749,321254.4,5265232.9,4.45,5.95,0.0075969505,0.015251946,0.81451184,17.74
356600800400197762,321875.4,5264837.6,2.77,3.63,0.011095264,0.022314629,0.7322481,16.48
356600800400197763,321923.2,5264807.1,9.95,11.71,0.35417894,0.8746049,2.3525696,17.97
356600800400197769,322213.1,5264621.2,4.45,5.76,0.052646764,0.10816836,2.075427,16.15
356600800400197770,322260.7,5264590.9,3.33,4.34,0.00936676,0.018821865,1.3127427,19.80
356600800400197775,322497.3,5264440.6,4.53,5.57,0.148234,0.3209039,1.8863007,13.14
356600800400197791,323262.9,5263950.8,3.48,4.41,0.025795463,0.052268434,1.8549093,17.12
356600800400197798,323600.7,5263734.2,4.23,5.12,0.01697161,0.03423474,1.2158465,18.81
356600800400197803,323841.2,5263580.6,4.68,5.54,0.15154451,0.32869318,1.8342235,19.22
356600800400197804,323889.0,5263550.2,8.87,10.18,0.29817808,0.7082398,2.330374,15.27
356600800400197814,324363.9,5263249.3,5.46,6.55,0.3064423,0.7319367,1.8253242,14.41
356600800400197815,324412.0,5263218.7,6.4,7.67,0.17207961,0.37770036,2.1037202,16.47
356600800400197833,325277.7,5262666.4,5.72,6.96,0.085711196,0.17922273,2.0380275,19.60
356600800400197836,325422.7,5262573.4,4.53,5.39,0.0065352633,0.013113449,1.2259653,16.55
356600800400197837,325470.8,5262542.6,2.05,2.54,0.023536092,0.04763534,1.1881584,4.67
356600800400197838,325518.6,5262512.2,2.43,3.03,0.0041205483,0.008258133,1.0938395,7.69
356600800400197839,325566.5,5262481.6,3.81,5.01,0.01958251,0.039553825,1.9156258,12.09
356600800400197840,325614.5,5262450.9,4.9,6.21,0.10498956,0.22184779,2.0344512,15.85
356600800400197841,325662.6,5262420.1,4.97,5.91,0.06933213,0.14370894,1.8464408,18.78
356600800400197849,326042.7,5262177.9,4.71,5.91,0.006715173,0.0134756705,1.1569941,19.69
356600800400197851,326137.4,5262117.7,3.55,4.45,0.05831639,0.12017418,1.7090546,17.40
356600800400197852,326184.9,5262087.4,4.94,6.4,0.11686426,0.24856281,2.0674694,16.32
356600800400197853,326232.4,5262057.1,6.85,8.38,0.30991727,0.74198544,2.1205409,14.71
356600800400197854,326280.0,5262026.7,2.95,3.89,0.017912457,0.03614986,1.751266,11.97
356600800400197855,326327.5,5261996.4,3.74,4.86,0.09852709,0.20745754,1.8380508,11.03
356600800400197856,326375.1,5261965.9,2.47,3.21,0.058321916,0.120185904,1.7419654,7.51
356600800400197857,326422.8,5261935.4,2.02,2.54,0.02746003,0.055688698,1.1810088,4.74
356600800400197858,326470.6,5261904.9,2.02,2.5,0.0031242543,0.0062582963,1.2124132,5.40
356600800400197859,326518.3,5261874.3,2.13,2.65,0.03963392,0.0808825,1.1903853,7.50
356600800400197860,326565.9,5261843.9,3.07,4.08,0.09766555,0.20554693,1.6549888,8.55
356600800400197861,326613.6,5261813.5,2.88,3.78,0.029532298,0.05995488,1.6705143,8.51
356600800400197862,326661.2,5261783.0,2.28,2.99,0.064795114,0.13398217,1.4506538,5.47
356600800400197863,326708.9,5261752.5,1.94,2.39,0.028293818,0.057404127,1.0835253,3.50
356600800400197864,326756.7,5261722.0,2.5,3.14,0.057754125,0.11898031,1.3710591,2.47
356600800400197865,326804.6,5261691.3,2.2,2.77,0.0072313123,0.0145152025,1.607115,6.01
356600800400197866,326852.5,5261660.6,3.4,4.15,0.06948103,0.14402896,1.6844839,9.45
356600800400197867,326900.7,5261629.7,4.71,5.69,0.08781943,0.18384008,1.8960215,13.89
356600800400197868,326949.0,5261598.7,4.08,4.97,0.027112309,0.054973736,1.825653,14.40
356600800400197869,326997.0,5261567.9,4.11,5.24,0.025438601,0.05153593,2.0164537,14.62
356600800400197870,327045.1,5261537.1,5.5,6.77,0.04386779,0.08971944,2.1315935,16.35
356600800400197871,327093.3,5261506.1,4.45,5.61,0.0117048295,0.023547826,1.0029198,16.56
356600800400197872,327141.6,5261475.1,4.68,5.61,0.05734962,0.118121855,1.860324,15.90
356600800400197873,327189.8,5261444.2,4.45,5.46,0.023592094,0.047750045,2.0002315,15.53
356600800400197874,327238.1,5261413.2,4.97,5.84,0.11366005,0.24131893,1.8117663,14.61
356600800400197875,327286.3,5261382.4,4.38,5.24,0.1174679,0.24993043,1.8052632,13.15
356600800400197876,327334.5,5261351.5,3.18,4.11,0.025120787,0.05088381,1.8522719,11.35
356600800400197877,327382.5,5261320.8,3.21,3.89,0.020709952,0.041855097,1.0544305,9.79
356600800400197878,327430.5,5261290.1,2.13,2.65,0.030257009,0.061449,1.135205,8.04
356600800400197879,327478.3,5261259.6,2.69,3.36,0.006889708,0.013827133,0.6365142,11.16
356600800400197880,327525.9,5261229.3,2.99,3.81,0.033613276,0.06838312,1.8096051,11.58
356600800400197881,327573.7,5261199.0,2.73,3.36,0.027554335,0.055882648,1.6975145,8.55
356600800400197882,327621.4,5261168.6,2.54,3.36,0.07306065,0.15173797,1.5763906,7.97
356600800400197883,327669.1,5261138.2,2.17,2.69,0.013344057,0.02686789,1.5343673,5.86
356600800400197884,327717.0,5261107.7,2.02,2.5,0.014030361,0.028259559,1.5527604,4.41
356600800400197885,327764.9,5261077.1,1.98,2.47,0.009487604,0.019065853,1.271389,5.43
356600800400197886,327812.7,5261046.7,2.43,2.99,0.0053577577,0.010744342,1.3021538,6.79
356600800400197887,327860.4,5261016.3,2.28,2.8,0.012995932,0.026162345,1.4270324,8.10
356600800400197888,327908.2,5260986.0,2.62,3.21,0.03027813,0.06149256,1.4776103,9.00
356600800400197889,327955.8,5260955.7,2.54,3.21,0.028046073,0.056894265,1.5900933,9.01
356600800400197890,328003.6,5260925.3,2.62,3.33,0.028038196,0.056878053,1.5963898,7.14
356600800400197891,328051.5,5260894.8,4.68,5.61,0.05299029,0.10889376,1.9201065,11.63
356600800400197892,328099.6,5260864.1,3.4,4.26,0.022040455,0.044574264,1.9116225,12.63
356600800400197893,328147.4,5260833.7,2.65,3.25,0.00877818,0.01763392,0.82583266,10.70
356600800400197894,328195.2,5260803.3,2.58,3.36,0.031825185,0.064685896,1.6709982,8.84
356600800400197895,328243.0,5260772.9,2.09,2.65,0.02795848,0.056714028,1.5686591,7.35
356600800400197896,328290.8,5260742.4,2.35,2.92,0.0040783943,0.008173478,1.6530739,6.78
356600800400197897,328338.5,5260712.1,2.47,3.14,0.012915508,0.025999384,1.5385298,8.30
356600800400197898,328386.2,5260681.7,2.47,3.18,0.011549051,0.023232602,1.1780416,10.12
356600800400197899,328433.9,5260651.4,2.17,2.73,0.009356765,0.018801685,1.6809351,7.33
356600800400197900,328481.7,5260621.0,2.32,2.88,0.010094886,0.020292433,1.279025,4.93
356600800400197901,328529.5,5260590.6,2.09,2.62,0.011564106,0.023263065,1.2853204,4.56
356600800400197902,328577.4,5260560.1,2.2,2.77,0.03226371,0.065592,1.2884077,4.00
356600800400197903,328625.2,5260529.6,2.5,3.18,0.059215173,0.122084044,1.3917043,6.22
356600800400197904,328673.1,5260499.2,2.65,3.29,0.033766665,0.068700604,1.3923875,6.17
356600800400197905,328720.9,5260468.7,2.13,2.65,0.020523619,0.04147458,1.3551702,5.90
356600800400197906,328768.7,5260438.2,2.2,2.8,0.019380283,0.039141327,1.4287503,5.70
356600800400197907,328816.6,5260407.8,2.5,3.1,0.020864487,0.04217073,1.5790101,5.40
356600800400197908,328864.4,5260377.3,2.28,2.88,0.051430598,0.10560242,1.3294928,4.68
356600800400197909,328912.3,5260346.8,1.9,2.39,0.00556806,0.011167259,0.6365142,4.07
356600800400197910,328960.0,5260316.5,4.75,5.61,0.2876096,0.67833936,1.6950432,8.37
356600800400197911,329007.9,5260285.9,4.26,5.12,0.09325787,0.19580056,1.7550719,10.77
356600800400197912,329055.9,5260255.3,2.17,2.69,0.00259909,0.0052049514,1.1676439,9.23
356600800400197913,329103.7,5260224.8,2.47,3.07,0.007286379,0.014626143,1.1187004,8.80
356600800400197914,329151.6,5260194.3,3.36,4.04,0.17831811,0.39282975,1.4127777,8.71
356600800400197915,329199.5,5260163.7,2.5,3.18,0.08119514,0.16936766,1.389082,8.75
356600800400197916,329247.4,5260133.1,2.35,2.88,0.039158206,0.07989204,1.1718912,8.83
356600800400197917,329295.3,5260102.6,2.05,2.58,0.011350692,0.022831287,1.4827937,8.87
356600800400197918,329343.2,5260072.0,2.28,2.88,0.05465802,0.11241908,1.3004353,8.80
356600800400197919,329391.0,5260041.5,2.13,2.65,0.00931174,0.018710786,1.6204442,8.79
356600800400197920,329438.8,5260011.0,2.28,2.8,0.021338006,0.043138202,1.3724922,8.44
356600800400197921,329486.7,5259980.5,2.09,2.58,0.024283959,0.049167734,1.2104208,8.11
356600800400197922,329534.6,5259949.9,3.07,3.7,0.06888074,0.14273909,1.3961788,8.37
356600800400197923,329582.5,5259919.3,3.36,4.11,0.1289538,0.276133,1.5231955,9.75
356600800400197924,329630.4,5259888.7,3.07,3.74,0.019774737,0.039945997,1.5463254,9.83
356600800400197925,329678.3,5259858.1,2.65,3.29,0.045681745,0.09351751,1.3511218,9.72
356600800400197926,329726.1,5259827.6,2.69,3.36,0.017882189,0.03608822,1.6956115,10.12
356600800400197927,329773.8,5259797.1,2.88,3.7,0.055241343,0.11365361,1.6550329,9.79
356600800400197928,329821.6,5259766.6,2.47,3.1,0.029355649,0.059590857,1.6269053,8.01
356600800400197929,329869.5,5259736.0,2.92,3.55,0.02492046,0.050472863,1.41663,8.28
356600800400197930,329917.3,5259705.5,2.99,3.81,0.065697104,0.13591215,1.713824,8.19
356600800400197931,329965.2,5259674.9,2.5,3.1,0.041515894,0.084805734,1.4976865,7.73
356600800400197932,330013.0,5259644.4,2.32,2.88,0.04421691,0.09044986,1.3373169,6.53
356600800400197933,330060.8,5259613.9,2.69,3.25,0.018917333,0.038197342,0.93479663,5.52
356600800400197934,330108.7,5259583.2,2.54,3.14,0.0039452454,0.007906107,0.6365142,5.43
356600800400197935,330156.6,5259552.6,2.24,2.73,0.031902384,0.064845376,1.0965823,5.94
356600800400197936,330204.3,5259522.1,3.59,4.6,0.08263509,0.1725047,1.8270614,9.27
356600800400197937,330252.1,5259491.6,2.2,2.77,0.018220449,0.036777183,1.3133937,8.11
356600800400197938,330299.9,5259461.0,2.2,2.77,0.03324584,0.06762281,1.5841672,5.46
356600800400197939,330347.9,5259430.4,2.65,3.29,0.051861387,0.106510945,1.4538769,5.13
356600800400197940,330395.8,5259399.7,2.09,2.58,0.0018287579,0.0036608663,1.5090709,4.57
356600800400197941,330443.7,5259369.1,2.02,2.5,0.016754355,0.03379277,1.2856702,4.12
356600800400197942,330491.6,5259338.5,1.98,2.43,0.0082005095,0.01646868,0.6365142,3.42
356600800400197943,330539.3,5259308.0,2.28,2.8,0.034779787,0.0707988,1.181409,4.70
356600800400197944,330587.1,5259277.5,1.98,2.5,0.03140167,0.06381119,1.2331705,4.00
356600800400197945,330634.9,5259246.9,2.69,3.33,0.11707516,0.24904053,1.2917846,5.62
356600800400197946,330682.8,5259216.3,2.43,3.07,0.033225957,0.067581676,1.6960567,7.29
356600800400197947,330730.7,5259185.7,2.05,2.58,0.034791835,0.07082377,1.2706442,6.56
356600800400197948,330778.6,5259155.1,1.94,2.43,0.008243063,0.016554493,1.2530696,5.00
356600800400197949,330826.4,5259124.6,1.94,2.43,0.028769253,0.05838294,1.0716014,4.08
356600800400197950,330874.3,5259094.0,1.94,2.43,0.016352303,0.03297513,1.3933382,2.90
356600800400197951,330922.2,5259063.4,1.87,2.32,0.0070880554,0.014226621,1.4234159,2.93
356600800400197952,330970.0,5259032.8,2.05,2.54,0.008595558,0.01726547,1.4224893,5.52
356600800400197953,331017.7,5259002.3,3.21,4.0,0.08894057,0.1862999,1.5749671,7.22
356600800400197954,331065.5,5258971.8,1.94,2.43,0.018340372,0.0370215,1.2746316,5.51
356600800400197955,331113.4,5258941.2,1.9,2.35,0.022138208,0.04477419,1.0479949,2.92
356600800400197956,331161.3,5258910.6,1.9,2.35,0.005835789,0.011705789,0.92811155,1.16
356600800400197957,331209.2,5258880.0,1.94,2.39,0.005979601,0.011995124,0.6365142,0.92
356600800400197958,331257.1,5258849.4,1.9,2.35,0.005621201,0.011274138,1.0621274,0.97
356600800400197959,331305.1,5258818.7,2.13,2.65,0.03021067,0.06135343,1.2884698,2.85
356600800400197960,331353.1,5258788.0,2.92,3.85,0.061256316,0.12642816,1.8540585,6.00
356600800400197961,331401.1,5258757.3,3.48,4.15,0.11504932,0.24445647,1.5439224,7.58
356600800400197962,331449.2,5258726.5,2.17,2.69,0.014795333,0.02981189,0.7343937,6.23
356600800400197963,331497.1,5258695.8,1.9,2.35,0.011700516,0.023539098,1.5056227,1.73
356600800400197964,331545.1,5258665.2,1.98,2.47,0.01680271,0.033891134,1.2941267,1.33
356600800400197965,331593.0,5258634.6,1.94,2.39,0.013835008,0.027863331,1.0203456,1.27
356600800400197966,331640.9,5258604.0,1.87,2.28,0.012907911,0.02598399,1.2733468,4.70
356600800400197967,331688.7,5258573.5,2.28,2.88,0.009784638,0.019665705,1.5215436,8.68
356600800400197968,331736.3,5258543.1,3.7,4.75,0.07371403,0.15314831,1.8848429,10.08
356600800400197969,331784.1,5258512.6,3.25,4.0,0.07433459,0.15448871,1.6308186,6.97
356600800400197970,331832.0,5258482.0,2.77,3.36,0.06040445,0.12461401,1.3914338,7.92
356600800400197971,331880.0,5258451.3,2.99,3.78,0.021136668,0.042726777,1.732404,9.03
356600800400197972,331928.0,5258420.6,3.74,4.6,0.05376507,0.11053075,1.7704687,10.48
356600800400197973,331976.1,5258389.8,2.99,3.7,0.0071361493,0.014323499,0.9390947,9.49
356600800400197974,332024.0,5258359.2,2.32,2.84,0.0033958363,0.0068032374,1.5704504,9.58
356600800400197975,332071.5,5258329.0,4.26,5.16,0.11860758,0.25251508,1.7910335,13.25
356600800400197976,332119.2,5258298.6,2.09,2.62,0.04082155,0.08335739,1.4069529,9.11
356600800400197977,332167.0,5258268.1,1.94,2.39,0.015722895,0.03169578,1.3154559,3.47
356600800400197978,332214.8,5258237.6,2.5,3.07,0.010878812,0.021876913,0.7780035,5.21
356600800400197979,332262.6,5258207.0,2.05,2.58,0.022945607,0.04642625,1.3741184,3.27
356600800400197980,332310.5,5258176.4,1.94,2.39,0.012314048,0.024781084,1.4874722,2.23
356600800400197981,332358.3,5258145.9,1.98,2.47,0.0036809149,0.0073754205,1.3049097,4.60
356600800400197982,332406.1,5258115.4,2.17,2.73,0.04286139,0.08761534,1.3747966,3.06
356600800400197983,332454.0,5258084.8,2.02,2.5,0.022915334,0.04636428,1.120392,2.71
356600800400197984,332502.0,5258054.1,2.39,2.99,0.008528664,0.017130528,0.8122289,5.07
356600800400197985,332550.0,5258023.4,2.47,3.03,0.008691841,0.017459719,0.76828706,5.36
356600800400197986,332598.0,5257992.7,2.2,2.73,0.012042826,0.02423195,0.6654501,3.85
356600800400197987,332646.0,5257962.0,2.02,2.5,0.0072946926,0.0146428915,1.1416149,1.97
356600800400197988,332693.9,5257931.5,1.98,2.43,0.0038649417,0.007744869,0.88243383,1.07
356600800400197989,332741.8,5257900.8,1.98,2.47,0.007212542,0.01447739,0.748055,1.14
356600800400197990,332789.7,5257870.2,1.83,2.24,0.0046064975,0.009234293,0.9438218,0.53
356600800400197991,332837.6,5257839.7,1.94,2.39,0.0014958485,0.0029939383,0.6931472,0.59
356600800400197992,332885.5,5257809.1,1.98,2.47,0.0014969584,0.0029961616,1.3458819,0.49
356600800400197993,332933.4,5257778.5,1.94,2.39,0.0046734833,0.00936889,0.9900686,1.30
356600800400197994,332981.3,5257748.0,1.9,2.39,0.0025542888,0.0051151174,1.5431899,3.55
356600800400197995,333029.1,5257717.5,2.02,2.5,0.02675728,0.054244008,1.2035352,3.94
356600800400197996,333076.9,5257687.0,2.09,2.62,0.032096896,0.06524727,1.1959884,4.10
356600800400197997,333124.7,5257656.5,1.87,2.32,0.0066453847,0.013335155,1.0242313,3.93
356600800400197998,333172.5,5257626.0,2.13,2.62,0.0052252915,0.010477999,0.6365142,9.05
356600800400197999,333220.1,5257595.7,3.07,4.0,0.010042978,0.020187562,0.7440211,12.53
356600800400198000,333267.7,5257565.4,3.14,3.89,0.020050561,0.040508863,1.6533343,12.89
356600800400198001,333315.3,5257535.1,2.35,2.95,0.023142662,0.046829663,1.5094332,10.01
356600800400198002,333363.1,5257504.6,2.2,2.84,0.03846605,0.07845179,1.5010467,6.53
356600800400198003,333410.9,5257474.2,1.9,2.35,0.017053517,0.03440139,1.2067535,3.56
356600800400198004,333458.7,5257443.7,1.83,2.28,0.014824359,0.029870816,1.1939478,2.60
356600800400198005,333506.5,5257413.1,1.9,2.35,0.007587543,0.015232987,1.3710654,2.24
356600800400198006,333554.3,5257382.6,1.87,2.35,0.011191944,0.02251017,1.543265,1.78
356600800400198007,333602.2,5257352.1,1.9,2.35,0.0068890587,0.013825825,1.1324725,0.68
356600800400198008,333650.0,5257321.5,1.87,2.35,0.0023583581,0.0047222907,0.76208305,0.52
356600800400198009,333697.9,5257291.0,1.98,2.47,0.0019724504,0.003948799,1.4225779,0.21
356600800400198010,333745.8,5257260.4,1.9,2.35,0.007894143,0.015850974,0.8428811,0.21
356600800400198011,333793.6,5257229.8,1.94,2.43,0.011274057,0.022676263,1.2584236,0.21
356600800400198012,333841.4,5257199.3,1.94,2.43,0.005391063,0.010811313,0.9515743,0.25
356600800400198013,333889.3,5257168.7,1.87,2.32,0.020921174,0.042286526,0.79542565,0.36
356600800400198017,334080.6,5257046.5,1.94,2.39,0.0040292884,0.008074866,0.8759206,0.73
356601100400192453,319266.3,5265770.1,4.53,5.46,0.016635265,0.033550534,1.8175313,16.32
356601100400192454,319314.6,5265739.1,4.41,5.42,0.013134773,0.026443696,1.4493201,15.20
356601100400192455,319362.9,5265708.1,3.51,4.34,0.0076457975,0.015350387,0.6365142,15.96
356601100400192456,319411.0,5265677.2,4.94,6.17,0.005704899,0.011442487,1.0406504,19.70
356601100400192460,319604.9,5265552.6,2.5,3.18,0.010551293,0.021214772,0.6365142,15.55
356601100400192461,319652.7,5265522.0,12.95,14.45,0.4936708,1.3614804,2.631062,17.94
356601100400192466,319889.3,5265371.4,3.66,4.49,0.0056353468,0.0113025885,0.6365142,16.88
356601100400192467,319936.9,5265341.0,7.26,8.72,0.35261798,0.8697657,2.060157,15.23
356601100400192476,320364.0,5265069.2,8.87,11.79,0.19160286,0.42543206,2.556965,18.90
356601100400192477,320411.6,5265038.9,10.59,12.05,0.32369757,0.782332,2.532057,6.82
356601100400192478,320459.5,5265008.4,4.94,5.8,0.26686576,0.6209155,1.6798625,6.86
356601100400192479,320507.5,5264977.7,3.59,4.53,0.007204518,0.014461223,0.6365142,11.47
356601100400192480,320555.2,5264947.4,5.31,6.47,0.124676,0.26633316,2.003336,15.05
356601100400192481,320602.7,5264917.2,4.26,5.69,0.038710814,0.07896091,2.0790443,12.25
356601100400192482,320650.4,5264886.8,2.73,3.48,0.013345097,0.026869992,1.7255561,7.35
356601100400192483,320698.2,5264856.4,3.96,4.75,0.061462566,0.12686747,1.2923187,7.84
356601100400192484,320746.1,5264825.8,3.96,4.94,0.030900726,0.06277703,1.9807651,10.59
356601100400192485,320794.3,5264795.0,7.67,9.13,0.060151156,0.124074735,2.3103747,19.01
356601100400192486,320842.6,5264764.2,3.81,4.56,0.0025964766,0.0051997104,0.9999115,19.62
356601100400192488,320939.2,5264702.5,3.89,4.86,0.008410423,0.016892023,1.0393504,19.02
356601100400192489,320987.2,5264671.9,2.58,3.22,0.008305996,0.016681405,0.6365142,12.43
356601100400192492,321129.7,5264581.5,4.79,5.8,0.22776721,0.51698107,1.7979671,9.22
356601100400192493,321177.7,5264550.8,5.01,6.1,0.058959264,0.121539906,2.00106,16.23
356601100400192501,321563.5,5264304.3,4.26,5.16,0.005912387,0.011859889,0.7486084,18.95
356601100400192502,321611.8,5264273.5,3.85,4.75,0.003987796,0.007991547,0.6365142,19.70
356601100400192503,321659.7,5264242.9,4.0,4.71,0.163048,0.35599676,1.547907,15.13
356601100400192504,321707.5,5264212.4,2.58,3.22,0.06507388,0.13457823,1.3918258,8.53
356601100400192505,321755.2,5264182.1,4.08,5.31,0.009599437,0.019291673,0.8826973,10.68
356601100400192506,321803.0,5264151.6,4.38,5.31,0.16152517,0.35236067,1.8226156,11.75
356601100400192507,321850.9,5264121.0,2.54,3.18,0.01330073,0.02678006,0.81639045,10.04
356601100400192508,321898.8,5264090.5,2.65,3.33,0.02193512,0.04435883,1.7222654,6.39
356601100400192509,321946.8,5264059.8,2.92,3.63,0.021592012,0.04365734,1.4954501,6.66
356601100400192510,321994.9,5264029.0,2.65,3.25,0.0072837844,0.014620913,0.84435934,10.48
356601100400192511,322042.9,5263998.4,2.47,3.07,0.004130625,0.008278369,0.6365142,12.85
356601100400192512,322090.7,5263967.9,5.27,6.1,0.20341508,0.4548757,1.7873645,17.38
356601100400192513,322138.4,5263937.5,4.83,5.99,0.08544482,0.17863975,2.0098324,19.39
356601100400192529,322903.8,5263448.3,5.8,7.3,0.012280754,0.02471366,1.9223607,17.85
356601100400192530,322951.4,5263417.9,6.66,7.93,0.119128294,0.25369638,2.1704822,18.42
356601100400192535,323188.6,5263266.7,3.44,4.45,0.007875433,0.015813252,1.0777912,19.60
356601100400192536,323236.2,5263236.3,4.68,6.29,0.049964193,0.10251276,2.1323385,17.07
356601100400192539,323379.1,5263145.2,4.45,5.39,0.14400741,0.31100202,1.7743278,19.13
356601100400192540,323427.0,5263114.5,2.69,3.4,0.025130076,0.050902836,1.6707561,11.83
356601100400192541,323474.9,5263083.9,3.36,4.23,0.0043042176,0.008627025,1.0243272,12.04
356601100400192542,323522.8,5263053.4,3.29,3.93,0.049595594,0.101736926,1.4250407,11.27
356601100400192545,323665.1,5262962.8,3.51,4.38,0.11468375,0.24362972,1.547662,13.60
356601100400192546,323713.0,5262932.3,7.9,9.24,0.17046106,0.37379217,2.316828,4.08
356601100400192547,323761.1,5262901.6,3.63,4.71,0.03738466,0.07620363,1.8618915,13.45
356601100400192550,323906.3,5262808.8,6.02,6.96,0.13717514,0.29510048,2.0170593,17.77
356601100400192558,324294.2,5262560.8,2.47,3.07,0.012500786,0.02515925,0.8716556,19.25
356601100400192559,324342.2,5262530.2,2.02,2.54,0.005906011,0.011847061,1.265832,5.92
356601100400192560,324390.1,5262499.7,2.17,2.69,0.007375783,0.014806269,1.0108726,4.29
356601100400192561,324438.1,5262469.1,2.09,2.58,0.009208187,0.018501738,0.88736904,2.85
356601100400192562,324486.1,5262438.6,2.13,2.65,0.008692264,0.017460568,0.8726208,5.10
356601100400192563,324533.9,5262408.2,2.35,3.03,0.025548581,0.051761623,1.5190151,6.53
356601100400192564,324581.7,5262377.8,2.24,2.77,0.023936251,0.048455104,1.373112,8.10
356601100400192565,324629.5,5262347.5,3.4,4.26,0.085955076,0.17975599,1.6186594,11.31
356601100400192566,324677.2,5262317.2,3.25,4.15,0.088649884,0.18566146,1.6279958,12.34
356601100400192567,324724.9,5262286.9,2.95,3.81,0.014200308,0.028604314,1.7251976,11.22
356601100400192568,324772.6,5262256.5,2.73,3.48,0.029388722,0.059658967,1.802551,10.28
356601100400192569,324820.4,5262226.1,3.29,4.41,0.065882556,0.13630898,1.7510657,12.61
356601100400192570,324868.1,5262195.8,4.68,5.84,0.09242975,0.19397429,1.9354151,18.49
356601100400192573,325011.6,5262104.5,3.36,4.19,0.007792694,0.015646467,0.66336864,16.11
356601100400192574,325059.4,5262074.0,2.88,3.74,0.016644614,0.03356955,1.4511356,18.55
356601100400192576,325154.3,5262013.8,6.92,8.12,0.04673156,0.09571883,2.0840654,17.53
356601100400192577,325202.8,5261982.8,3.18,3.96,0.013238506,0.026653938,1.0407641,16.37
356601100400192578,325250.6,5261952.3,6.06,7.03,0.2357555,0.5377813,1.971481,19.13
356601100400192590,325821.0,5261589.1,2.8,3.63,0.012340292,0.024834223,0.9540481,18.46
356601100400192591,325868.8,5261558.5,2.69,3.48,0.017476046,0.035261292,0.86184466,13.22
356601100400192592,325916.6,5261527.9,5.99,7.22,0.10969461,0.23238967,2.0775673,18.59
356601100400192594,326012.2,5261466.8,4.94,6.1,0.053855192,0.11072112,2.006273,19.92
356601100400192596,326107.7,5261405.8,6.06,7.56,0.17409839,0.38258204,2.1531363,19.21
356601100400192597,326155.7,5261375.0,4.34,5.42,0.01976905,0.039934378,1.9126598,18.15
356601100400192598,326203.3,5261344.6,4.38,5.69,0.039941277,0.081522636,2.1101964,15.78
356601100400192599,326250.8,5261314.3,3.55,4.97,0.064833045,0.1340631,2.1024783,13.57
356601100400192600,326298.4,5261283.9,3.66,5.09,0.048881188,0.10023407,2.0072358,11.84
356601100400192601,326346.0,5261253.4,3.18,4.26,0.025113769,0.050869383,1.3743945,5.15
356601100400192602,326393.7,5261222.9,3.22,3.78,0.1659761,0.36300692,1.3131644,2.78
356601100400192603,326441.6,5261192.3,1.98,2.43,0.008569676,0.017213257,0.6610206,1.17
356601100400192604,326489.4,5261161.7,1.94,2.39,0.0011250734,0.0022514143,1.1493634,1.52
356601100400192605,326537.1,5261131.1,1.98,2.43,0.0050585126,0.010142716,1.3560183,2.86
356601100400192606,326584.9,5261100.5,4.97,5.76,0.28131843,0.6607452,1.7390008,6.59
356601100400192607,326633.0,5261069.6,4.11,5.16,0.0056448225,0.011321648,0.6365142,15.49
356601100400192608,326681.3,5261038.6,4.15,4.86,0.07018434,0.14554103,1.3693646,12.82
356601100400192609,326729.3,5261007.9,4.94,5.84,0.15653539,0.34049258,1.8275034,8.25
356601100400192610,326777.3,5260977.1,2.54,3.22,0.04482496,0.091722585,1.5256178,8.73
356601100400192611,326825.3,5260946.3,6.92,8.05,0.15428415,0.33516106,2.1009262,15.78
356601100400192612,326873.5,5260915.4,4.94,5.84,0.1899102,0.42124817,1.812582,18.06
356601100400192613,326921.8,5260884.3,4.53,5.61,0.004403993,0.00882745,1.0293772,17.69
356601100400192614,326969.9,5260853.5,3.63,4.49,0.10130996,0.21364109,1.6807475,14.09
356601100400192618,327163.1,5260729.7,5.69,6.73,0.12757124,0.27295995,1.931811,19.48
356601100400192619,327211.2,5260698.9,4.53,5.57,0.05402252,0.11107487,1.9943439,16.32
356601100400192620,327259.1,5260668.3,4.23,5.2,0.04474889,0.09156331,1.9645764,16.91
356601100400192621,327306.9,5260637.8,4.94,5.84,0.14910252,0.32294336,1.8684834,17.48
356601100400192622,327354.5,5260607.4,5.24,6.62,0.1254699,0.2681481,2.1119475,18.09
356601100400192623,327402.1,5260577.1,4.19,5.35,0.11294791,0.23971188,1.9015284,15.88
356601100400192624,327449.8,5260546.8,2.58,3.18,0.038523912,0.07857208,1.4291276,12.11
356601100400192625,327497.4,5260516.4,3.63,4.6,0.008490525,0.017053593,1.0757802,15.70
356601100400192626,327544.8,5260486.3,5.24,6.66,0.12707916,0.2718321,2.1226728,17.22
356601100400192627,327592.5,5260456.0,4.19,5.12,0.10097047,0.21288565,1.7806215,15.14
356601100400192628,327640.0,5260425.7,4.3,5.46,0.10822547,0.22909187,1.8207923,14.09
356601100400192629,327687.7,5260395.4,2.84,3.66,0.019700872,0.039795276,1.8053057,11.87
356601100400192630,327735.4,5260365.0,3.44,4.3,0.10881867,0.23042278,1.5777336,11.17
356601100400192631,327878.9,5260273.6,1.9,2.39,0.0053116507,0.010651632,1.2049917,3.03
356601100400192632,327926.8,5260243.1,2.39,2.99,0.025243437,0.05113542,1.5546119,4.43
356601100400192633,327974.6,5260212.7,2.43,2.99,0.046408996,0.09504218,1.249311,5.77
356601100400192634,328022.5,5260182.2,2.17,2.73,0.03470796,0.07064992,1.3459401,6.07
356601100400192635,328070.3,5260151.8,2.05,2.58,0.023604428,0.047775287,1.3489383,5.76
356601100400192636,328118.1,5260121.3,2.05,2.62,0.04003215,0.08171195,1.286954,4.79
356601100400192637,328165.9,5260090.9,2.05,2.58,0.027796673,0.05638109,1.3053496,4.16
356601100400192638,328213.7,5260060.4,2.09,2.65,0.03690294,0.075203,1.390867,4.40
356601100400192639,328261.6,5260030.0,2.09,2.62,0.030917255,0.06281114,1.2783642,4.82
356601100400192640,328309.4,5259999.5,2.02,2.5,0.011044876,0.02221272,1.2951194,3.97
356601100400192641,328357.3,5259969.0,1.9,2.35,0.00756817,0.015193942,1.4487818,3.35
356601100400192642,328405.1,5259938.6,1.94,2.39,0.019233095,0.038841136,1.1148852,2.44
356601100400192643,328453.0,5259908.1,1.87,2.28,0.0012025441,0.0024065361,1.4666405,1.58
356601100400192644,328500.9,5259877.5,1.94,2.43,0.0036163176,0.007245752,0.98462236,1.53
356601100400192645,328548.8,5259847.0,1.9,2.35,0.017635068,0.035585023,1.2153783,3.74
356601100400192646,328596.6,5259816.6,2.32,2.88,0.030362502,0.061666545,1.5458612,7.61
356601100400192647,328644.3,5259786.2,2.69,3.36,0.032209244,0.06547938,1.5036938,8.49
356601100400192648,328692.1,5259755.8,2.24,2.88,0.055609025,0.114432015,1.4124101,6.06
356601100400192649,328739.9,5259725.3,1.9,2.39,0.0022582281,0.0045215664,1.2544037,4.06
356601100400192650,328787.8,5259694.8,1.98,2.43,0.01731021,0.034923743,1.2015766,5.11
356601100400192651,328835.7,5259664.3,2.09,2.62,0.032996923,0.06710787,1.2097603,7.33
356601100400192652,328883.6,5259633.8,2.13,2.65,0.02940794,0.05969857,1.4255112,8.54
356601100400192653,328931.4,5259603.3,2.17,2.69,0.007925468,0.01591412,1.5517943,8.75
356601100400192654,328979.2,5259572.9,2.09,2.58,0.037250817,0.07592556,1.2490113,8.49
356601100400192655,329027.0,5259542.4,1.98,2.47,0.01883689,0.03803334,1.4017382,6.89
356601100400192656,329074.8,5259511.9,2.13,2.62,0.017309576,0.03492246,1.3509803,7.64
356601100400192657,329122.5,5259481.6,3.14,4.38,0.03665673,0.074691765,1.8478976,8.32
356601100400192658,329170.2,5259451.2,2.32,3.03,0.025314057,0.051280327,1.57889,5.68
356601100400192659,329218.0,5259420.7,2.58,3.25,0.07633433,0.15881398,1.3534263,5.05
356601100400192660,329265.8,5259390.2,2.13,2.65,0.008832084,0.017742682,1.284732,5.04
356601100400192661,329313.7,5259359.7,2.17,2.69,0.008665255,0.017406078,1.0329648,5.50
356601100400192662,329361.5,5259329.2,2.2,2.77,0.024389906,0.049384892,1.6048441,6.31
356601100400192663,329409.3,5259298.7,2.13,2.69,0.03399033,0.069163576,1.3882405,4.79
356601100400192664,329457.3,5259268.0,5.01,5.95,0.072552055,0.15064062,1.9315453,11.16
356601100400192665,329505.4,5259237.3,1.9,2.35,0.0049647675,0.00995428,1.4155698,3.51
356601100400192666,329553.3,5259206.7,1.94,2.39,0.010761412,0.021639537,1.5181149,1.53
356601100400192667,329601.1,5259176.1,1.94,2.39,0.0031400651,0.0062900167,1.2952387,4.00
356601100400192668,329648.9,5259145.6,2.35,2.88,0.015082647,0.03039523,1.2945684,7.15
356601100400192669,329696.7,5259115.1,2.77,3.44,0.060513295,0.12484555,1.4207853,8.43
356601100400192670,329744.6,5259084.6,2.39,3.03,0.047452465,0.09723194,1.4193596,7.86
356601100400192671,329792.4,5259054.0,1.98,2.5,0.028218605,0.05724929,1.1870728,5.53
356601100400192672,329840.3,5259023.4,1.98,2.47,0.02597441,0.05263581,1.2256423,4.55
356601100400192673,329888.2,5258992.8,1.98,2.47,0.018887544,0.038136598,1.1500643,5.36
356601100400192674,329936.0,5258962.3,1.98,2.47,0.0151416045,0.030514956,1.2718235,7.27
356601100400192675,329983.8,5258931.8,1.83,2.28,0.0051970975,0.010421314,1.3694553,4.97
356601100400192676,330031.6,5258901.2,1.9,2.35,0.0014176309,0.0028372747,0.92234683,1.89
356601100400192677,330079.5,5258870.6,1.9,2.39,0.0035192233,0.0070508677,0.94109523,0.82
356601100400192678,330127.4,5258840.0,1.9,2.35,0.008836032,0.017750649,1.4209793,0.95
356601100400192679,330175.3,5258809.4,1.87,2.32,0.005268078,0.010564023,1.0392532,0.93
356601100400192680,330223.1,5258778.8,1.9,2.35,0.0061327396,0.012303266,1.232973,1.24
356601100400192681,330271.0,5258748.2,1.9,2.35,0.015550784,0.031346075,1.155313,0.84
356601100400192682,330318.9,5258717.5,1.94,2.39,0.008527598,0.017128376,1.4398904,1.11
356601100400192683,330366.8,5258686.9,2.05,2.54,0.010316316,0.020739859,1.2983471,1.91
356601100400192684,330414.7,5258656.3,2.13,2.62,0.019302977,0.038983647,1.2284154,2.23
356601100400192685,330462.6,5258625.6,2.2,2.77,0.009373333,0.018835131,1.6748971,3.05
356601100400192686,330510.6,5258595.0,2.65,3.29,0.0029010284,0.005810494,1.5594027,4.50
356601100400192687,330558.5,5258564.3,2.05,2.54,0.0016551216,0.0033129873,0.9963319,4.15
356601100400192688,330606.4,5258533.6,2.32,2.88,0.030975403,0.06293115,1.3920354,2.98
356601100400192689,330654.3,5258503.1,2.2,2.77,0.00695301,0.013954618,1.5927968,5.70
356601100400192690,330702.1,5258472.5,2.02,2.54,0.03630249,0.073956445,1.3321556,4.63
356601100400192691,330750.0,5258441.9,2.28,2.8,0.0044741575,0.0089684045,1.4492062,1.51
356601100400192692,330798.0,5258411.2,2.02,2.5,0.0007266583,0.0014538453,0.6365142,1.24
356601100400192693,330845.9,5258380.6,1.9,2.39,0.009965536,0.020031108,1.3578879,3.48
356601100400192694,330893.7,5258350.1,2.77,3.44,0.044545118,0.0911367,1.5488654,6.24
356601100400192695,330941.5,5258319.5,1.9,2.35,0.0058236783,0.0116814235,1.478314,3.82
356601100400192696,330989.3,5258288.9,2.02,2.47,0.0039077504,0.00783082,0.87391585,5.54
356601100400192697,331037.1,5258258.4,2.28,2.84,0.024560357,0.04973435,1.3894457,6.57
356601100400192698,331084.9,5258227.9,3.48,4.26,0.103144996,0.21772933,1.6081768,6.90
356601100400192699,331132.8,5258197.3,2.2,2.77,0.048535366,0.09950699,1.3450321,6.06
356601100400192700,331180.7,5258166.7,2.02,2.5,0.022454165,0.0454205,1.1739897,6.64
356601100400192701,331228.6,5258136.1,1.98,2.47,0.006314967,0.012670005,1.345833,3.99
356601100400192702,331276.5,5258105.5,2.05,2.5,0.003398929,0.0068094437,0.6365142,2.79
356601100400192703,331324.4,5258074.8,2.02,2.47,0.0021510255,0.004306687,0.6953813,2.42
356601100400192704,331372.4,5258044.2,1.9,2.35,0.005540156,0.011111137,1.188871,2.65
356601100400192705,331420.3,5258013.6,2.05,2.54,0.024262466,0.049123652,1.1683689,3.67
356601100400192706,331468.2,5257983.0,2.24,2.77,0.03952709,0.08065996,1.1511385,4.41
356601100400192707,331516.1,5257952.4,2.17,2.65,0.04455307,0.091153346,1.1412051,4.76
356601100400192708,331563.9,5257921.8,2.2,2.69,0.034237765,0.06967594,1.2995979,5.84
356601100400192709,331611.8,5257891.2,2.32,2.88,0.0525512,0.10796649,1.2176967,4.83
356601100400192710,331659.7,5257860.6,2.05,2.5,0.01531513,0.030867375,0.9909959,2.94
356601100400192711,331707.6,5257830.0,2.24,2.73,0.044912804,0.091906525,1.2132919,1.61
356601100400192712,331755.5,5257799.4,2.02,2.47,0.017291699,0.03488607,1.1217792,0.82
356601100400192713,331803.5,5257768.7,2.05,2.5,0.002030219,0.004064568,1.1541166,0.84
356601100400192714,331851.4,5257738.1,2.02,2.5,0.005687694,0.01140788,1.3986737,0.53
356601100400192715,331899.3,5257707.4,1.9,2.39,0.011447504,0.023027139,1.239274,1.19
356601100400192716,331947.2,5257676.8,1.9,2.35,0.0017138438,0.00343063,1.3453708,5.85
356601100400192717,331995.0,5257646.4,3.48,4.26,0.013987291,0.028172186,1.1240219,10.98
356601100400192718,332042.7,5257616.0,2.2,2.8,0.04538843,0.092902794,1.374298,11.15
356601100400192719,332090.9,5257585.0,4.23,5.24,0.0062012584,0.0124411555,0.7631247,15.40
356601100400192723,332282.9,5257462.3,1.9,2.35,0.0147688,0.029758018,1.080784,2.04
356601100400192724,332330.8,5257431.7,1.87,2.32,0.004154132,0.00832558,1.2770512,3.26
356601100400192725,332378.6,5257401.2,2.24,2.77,0.043896005,0.08977837,1.3473812,5.86
356601100400192726,332426.5,5257370.6,2.5,3.07,0.006224994,0.012488923,0.81702244,7.46
356601100400192727,332474.4,5257340.0,2.69,3.33,0.0069074533,0.013862869,1.5599357,9.58
356601100400192728,332522.2,5257309.5,3.03,3.7,0.0098260995,0.019749446,1.480526,10.23
356601100400192729,332570.1,5257278.9,3.63,4.45,0.06771579,0.14023805,1.7672865,11.36
356601100400192730,332618.0,5257248.3,3.7,4.68,0.03623764,0.07382186,1.9601018,13.15
356601100400192731,332665.9,5257217.7,3.85,4.71,0.04048968,0.08266543,1.7987759,14.21
356601100400192732,332713.7,5257187.2,4.49,5.35,0.10269724,0.21673101,1.7618599,15.50
356601100400192733,332761.6,5257156.6,4.64,5.65,0.06909831,0.14320627,1.9864466,16.20
356601100400192734,332809.4,5257126.1,4.83,5.84,0.13958378,0.30069196,1.8872086,16.44
356601100400192735,332857.2,5257095.6,4.45,5.31,0.13575818,0.29181838,1.7391362,16.13
356601100400192736,332904.9,5257065.2,4.45,5.61,0.09319503,0.19566153,2.018845,16.43
356601100400192737,332952.7,5257034.7,3.78,4.79,0.044023544,0.09004519,1.965919,15.44
356601100400192738,333000.4,5257004.3,2.62,3.44,0.0744868,0.15481737,1.5921062,11.13
356601100400192739,333048.3,5256973.7,1.94,2.39,0.0032384181,0.006487353,1.3900653,5.23
356601100400192740,333096.1,5256943.2,1.9,2.35,0.010336565,0.02078078,1.445705,2.01
356601100400192741,333144.0,5256912.6,1.87,2.32,0.0036313008,0.0072758277,1.2963674,3.27
356601100400192742,333191.8,5256882.1,2.24,2.77,0.009342275,0.018772425,0.7015207,5.88
356601100400192743,333239.6,5256851.7,2.28,2.88,0.048936676,0.10035076,1.3652015,5.76
356601100400192744,333287.4,5256821.2,2.13,2.65,0.03921739,0.08001516,1.1939328,4.22
356601100400192745,333335.2,5256790.6,2.73,3.33,0.07019361,0.14556096,1.320706,4.45
356601100400192746,333383.1,5256760.1,2.62,3.25,0.03929526,0.08017727,1.4669535,5.31
356601100400192747,333431.0,5256729.5,2.54,3.14,0.007182035,0.014415931,1.447295,5.41
356601100400192748,333478.8,5256699.0,3.03,3.78,0.12882476,0.27583587,1.4230772,5.38
356601100400192749,333526.6,5256668.5,2.35,3.1,0.04960851,0.10176411,1.5326691,5.01
356601100400192750,333574.5,5256637.9,1.94,2.43,0.0019716145,0.003947124,1.529415,3.16
356601100400192751,333622.3,5256607.4,1.98,2.47,0.005313191,0.01065473,1.4371431,1.80
356601100400192752,333670.2,5256576.8,2.02,2.5,0.009689699,0.019473955,1.2664647,1.28
356601100400192754,333765.9,5256515.7,1.94,2.43,0.005974983,0.01198583,1.1791534,0.76
356601100400192755,333813.7,5256485.2,2.05,2.58,0.0063251946,0.012690591,1.4481716,0.79
356601100400192756,333861.6,5256454.6,1.98,2.43,0.005628733,0.011289286,0.7629586,1.19
356601100400192757,333909.5,5256424.0,1.98,2.47,0.0054745465,0.010979191,0.7842418,0.72
356601100400192758,333957.3,5256393.4,2.13,2.65,0.0014511297,0.0029043683,0.73406696,0.87
356601100400192759,334005.1,5256362.9,2.35,2.92,0.013758573,0.02770831,1.6826671,5.94
356601100400192760,334053.2,5256332.1,3.96,4.75,0.020219099,0.04085285,1.2992774,14.05
