archivo,beam,shot_number,lat,lon,este_utm19s,norte_utm19s,elev_lowestmode,l2a_quality_flag_rel3,degrade_flag,sensitivity,rh25,rh50,rh75,rh95,rh98,pendiente_grados,motivo,detalle
GEDI02_A_2024296191058_O33203_04_T06235_02_004_02_V003.h5,BEAM0010,332030200400198852,-42.708892,-71.033448,333473.9,5269506.7,897.57605,1,0,0.90031546,-1.16,-0.14,0.78,2.02,2.47,,fuera del DEM,sin pendiente disponible
GEDI02_A_2024296191058_O33203_04_T06235_02_004_02_V003.h5,BEAM0010,332030200400198853,-42.709178,-71.032875,333521.5,5269476.0,896.4569,1,0,0.9062534,-1.04,-0.03,1.01,2.47,2.99,,fuera del DEM,sin pendiente disponible
GEDI02_A_2024296191058_O33203_04_T06235_02_004_02_V003.h5,BEAM0101,332030500400193378,-42.708434,-71.067326,330698.2,5269490.2,981.32715,1,0,0.92174256,-1.94,-0.18,1.45,3.36,4.0,,fuera del DEM,sin pendiente disponible
GEDI02_A_2024296191058_O33203_04_T06235_02_004_02_V003.h5,BEAM0101,332030500400193379,-42.708720,-71.066753,330745.8,5269459.5,980.0365,1,0,0.9326278,-1.16,-0.14,0.78,2.02,2.5,,fuera del DEM,sin pendiente disponible
GEDI02_A_2024296191058_O33203_04_T06235_02_004_02_V003.h5,BEAM0101,332030500400193380,-42.709008,-71.066178,330793.7,5269428.7,984.30066,1,0,0.93871444,-1.38,0.0,1.42,3.62,4.45,,fuera del DEM,sin pendiente disponible
GEDI02_A_2024296191058_O33203_04_T06235_02_004_02_V003.h5,BEAM0101,332030500400193381,-42.709296,-71.065601,330841.7,5269397.8,992.63824,1,0,0.9458939,-1.42,-0.26,0.78,2.09,2.61,,fuera del DEM,sin pendiente disponible
GEDI02_A_2024296191058_O33203_04_T06235_02_004_02_V003.h5,BEAM0101,332030500400193382,-42.709581,-71.065032,330889.1,5269367.4,983.9736,1,0,0.94186354,-1.9,-0.29,1.19,3.21,3.96,,fuera del DEM,sin pendiente disponible
GEDI02_A_2024296191058_O33203_04_T06235_02_004_02_V003.h5,BEAM0101,332030500400193383,-42.709866,-71.064463,330936.4,5269336.9,974.9761,1,0,0.93579316,-1.16,-0.07,1.01,2.54,3.18,,fuera del DEM,sin pendiente disponible
GEDI02_A_2024296191058_O33203_04_T06235_02_004_02_V003.h5,BEAM0101,332030500400193384,-42.710152,-71.063892,330984.0,5269306.3,970.83417,1,0,0.9526718,-1.3,-0.26,0.71,1.98,2.46,,fuera del DEM,sin pendiente disponible
GEDI02_A_2024296191058_O33203_04_T06235_02_004_02_V003.h5,BEAM0101,332030500400193385,-42.710438,-71.063320,331031.6,5269275.7,968.55237,1,0,0.9275137,-1.23,-0.18,0.78,2.09,2.58,,fuera del DEM,sin pendiente disponible
GEDI02_A_2024296191058_O33203_04_T06235_02_004_02_V003.h5,BEAM0101,332030500400193386,-42.710724,-71.062747,331079.3,5269245.0,967.1628,1,0,0.93954426,-1.23,-0.18,0.82,2.2,2.76,,fuera del DEM,sin pendiente disponible
GEDI02_A_2024296191058_O33203_04_T06235_02_004_02_V003.h5,BEAM0101,332030500400193387,-42.711011,-71.062173,331127.1,5269214.3,968.54834,1,0,0.93261725,-1.34,-0.22,0.82,2.17,2.65,,fuera del DEM,sin pendiente disponible
GEDI02_A_2024296191058_O33203_04_T06235_02_004_02_V003.h5,BEAM0101,332030500400193420,-42.720487,-71.043200,332706.4,5268199.8,1027.8099,1,0,0.9153374,-2.05,0.26,2.76,6.69,8.0,21.09,pendiente fuerte: la altura del dosel se sobrestima,pendiente=21.1 > 20 grados
GEDI02_A_2024296191058_O33203_04_T06235_02_004_02_V003.h5,BEAM0101,332030500400193450,-42.729088,-71.025970,334140.1,5267278.7,1033.042,1,0,0.927521,-1.9,-0.03,1.87,5.12,6.32,,fuera del DEM,sin pendiente disponible
GEDI02_A_2024296191058_O33203_04_T06235_02_004_02_V003.h5,BEAM0110,332030600401033890,-42.708536,-71.080778,329596.7,5269451.7,995.4516,1,0,0.93873227,-1.12,-0.03,1.04,2.76,3.51,,fuera del DEM,sin pendiente disponible
GEDI02_A_2024296191058_O33203_04_T06235_02_004_02_V003.h5,BEAM0110,332030600401033891,-42.708825,-71.080201,329644.7,5269420.9,1002.5555,1,0,0.93759847,-1.9,-0.37,1.01,2.69,3.25,,fuera del DEM,sin pendiente disponible
GEDI02_A_2024296191058_O33203_04_T06235_02_004_02_V003.h5,BEAM0110,332030600401033892,-42.709112,-71.079629,329692.4,5269390.2,1002.3797,1,0,0.94396216,-1.12,0.0,1.16,3.03,4.0,,fuera del DEM,sin pendiente disponible
GEDI02_A_2024296191058_O33203_04_T06235_02_004_02_V003.h5,BEAM0110,332030600401033893,-42.709399,-71.079054,329740.3,5269359.4,1006.9318,1,0,0.9265274,-1.19,-0.03,1.16,2.73,3.29,,fuera del DEM,sin pendiente disponible
GEDI02_A_2024296191058_O33203_04_T06235_02_004_02_V003.h5,BEAM0110,332030600401033894,-42.709686,-71.078482,329787.9,5269328.7,1006.42084,1,0,0.94366217,-1.53,-0.07,1.3,3.36,4.11,,fuera del DEM,sin pendiente disponible
GEDI02_A_2024296191058_O33203_04_T06235_02_004_02_V003.h5,BEAM0110,332030600401033895,-42.709973,-71.077909,329835.6,5269297.9,1007.48303,1,0,0.94418454,-1.75,-0.29,1.04,2.73,3.33,,fuera del DEM,sin pendiente disponible
GEDI02_A_2024296191058_O33203_04_T06235_02_004_02_V003.h5,BEAM0110,332030600401033896,-42.710259,-71.077338,329883.1,5269267.3,1003.10596,1,0,0.9298261,-1.27,-0.22,0.78,2.09,2.58,,fuera del DEM,sin pendiente disponible
GEDI02_A_2024296191058_O33203_04_T06235_02_004_02_V003.h5,BEAM0110,332030600401033897,-42.710546,-71.076766,329930.8,5269236.7,1003.2407,1,0,0.94628936,-1.23,0.0,1.23,2.95,3.66,,fuera del DEM,sin pendiente disponible
GEDI02_A_2024296191058_O33203_04_T06235_02_004_02_V003.h5,BEAM0110,332030600401033898,-42.710833,-71.076193,329978.5,5269205.9,1003.9231,1,0,0.94967836,-1.3,-0.18,0.82,2.24,2.8,,fuera del DEM,sin pendiente disponible
GEDI02_A_2024296191058_O33203_04_T06235_02_004_02_V003.h5,BEAM0110,332030600401033951,-42.726043,-71.045762,332511.5,5267577.7,1073.4951,1,0,0.94678396,-1.38,0.52,2.65,5.95,7.11,23.15,pendiente fuerte: la altura del dosel se sobrestima,pendiente=23.2 > 20 grados
GEDI02_A_2024296191058_O33203_04_T06235_02_004_02_V003.h5,BEAM0110,332030600401033952,-42.726335,-71.045175,332560.3,5267546.4,1099.1876,1,0,0.92608297,-1.98,0.44,3.14,7.63,9.01,25.44,pendiente fuerte: la altura del dosel se sobrestima,pendiente=25.4 > 20 grados
GEDI02_A_2024296191058_O33203_04_T06235_02_004_02_V003.h5,BEAM0110,332030600401033955,-42.727194,-71.043457,332703.4,5267454.5,1091.0846,1,0,0.9404287,-1.6,0.26,2.2,4.64,5.46,22.53,pendiente fuerte: la altura del dosel se sobrestima,pendiente=22.5 > 20 grados
GEDI02_A_2024296191058_O33203_04_T06235_02_004_02_V003.h5,BEAM0110,332030600401033956,-42.727477,-71.042890,332750.5,5267424.2,1075.4425,1,0,0.93711543,-2.24,-0.37,1.42,3.81,4.71,22.27,pendiente fuerte: la altura del dosel se sobrestima,pendiente=22.3 > 20 grados
GEDI02_A_2024296191058_O33203_04_T06235_02_004_02_V003.h5,BEAM0110,332030600401033957,-42.727761,-71.042321,332797.8,5267393.7,1063.7218,1,0,0.92680216,-1.45,0.0,1.45,3.7,4.6,21.06,pendiente fuerte: la altura del dosel se sobrestima,pendiente=21.1 > 20 grados
GEDI02_A_2024296191058_O33203_04_T06235_02_004_02_V003.h5,BEAM0110,332030600401033981,-42.735776,-71.026268,334133.5,5266535.4,1008.9332,1,0,0.92461157,-1.38,-0.18,0.93,2.43,3.03,,fuera del DEM,sin pendiente disponible
GEDI02_A_2024296191058_O33203_04_T06235_02_004_02_V003.h5,BEAM1000,332030800400198132,-42.708617,-71.099531,328061.1,5269404.8,1072.0266,1,0,0.934563,-1.12,-0.18,0.71,1.87,2.31,,fuera del DEM,sin pendiente disponible
GEDI02_A_2024296191058_O33203_04_T06235_02_004_02_V003.h5,BEAM1000,332030800400198133,-42.708903,-71.098960,328108.7,5269374.2,1069.6119,1,0,0.9519068,-1.08,-0.11,0.82,2.13,2.61,,fuera del DEM,sin pendiente disponible
GEDI02_A_2024296191058_O33203_04_T06235_02_004_02_V003.h5,BEAM1000,332030800400198134,-42.709760,-71.097250,328251.1,5269282.4,1054.9229,1,0,0.9485877,-1.12,-0.07,0.93,2.46,3.14,,fuera del DEM,sin pendiente disponible
GEDI02_A_2024296191058_O33203_04_T06235_02_004_02_V003.h5,BEAM1000,332030800400198135,-42.710046,-71.096680,328298.5,5269251.9,1049.4196,1,0,0.94525343,-1.19,-0.18,0.74,1.98,2.5,,fuera del DEM,sin pendiente disponible
GEDI02_A_2024296191058_O33203_04_T06235_02_004_02_V003.h5,BEAM1000,332030800400198136,-42.710331,-71.096110,328346.0,5269221.3,1044.0947,1,0,0.9488266,-1.08,-0.11,0.82,2.13,2.65,,fuera del DEM,sin pendiente disponible
GEDI02_A_2024296191058_O33203_04_T06235_02_004_02_V003.h5,BEAM1000,332030800400198257,-42.745004,-71.026709,334122.1,5265509.8,934.7778,1,0,0.9394433,-1.27,-0.22,0.78,2.05,2.5,,fuera del DEM,sin pendiente disponible
GEDI02_A_2024296191058_O33203_04_T06235_02_004_02_V003.h5,BEAM1000,332030800400198258,-42.745288,-71.026136,334169.7,5265479.4,930.29425,1,0,0.9369687,-1.19,-0.11,0.97,2.46,3.03,,fuera del DEM,sin pendiente disponible
GEDI02_A_2024296191058_O33203_04_T06235_02_004_02_V003.h5,BEAM1011,332031100400192896,-42.708488,-71.113248,326937.4,5269391.1,1120.2468,1,0,0.9544107,-1.83,-0.14,1.53,4.04,5.08,,fuera del DEM,sin pendiente disponible
GEDI02_A_2024296191058_O33203_04_T06235_02_004_02_V003.h5,BEAM1011,332031100400192897,-42.708773,-71.112680,326984.7,5269360.5,1111.8339,1,0,0.9537999,-1.72,-0.07,1.53,4.07,5.12,,fuera del DEM,sin pendiente disponible
GEDI02_A_2024296191058_O33203_04_T06235_02_004_02_V003.h5,BEAM1011,332031100400192898,-42.709058,-71.112114,327031.9,5269330.0,1100.0897,1,0,0.9386997,-2.05,-0.37,1.12,3.32,4.45,,fuera del DEM,sin pendiente disponible
GEDI02_A_2024296191058_O33203_04_T06235_02_004_02_V003.h5,BEAM1011,332031100400192899,-42.709345,-71.111544,327079.3,5269299.4,1095.3085,1,0,0.94756097,-1.45,0.22,2.09,4.82,5.87,,fuera del DEM,sin pendiente disponible
GEDI02_A_2024296191058_O33203_04_T06235_02_004_02_V003.h5,BEAM1011,332031100400192900,-42.709630,-71.110976,327126.7,5269268.9,1087.5587,1,0,0.9449737,-2.17,-0.11,1.83,4.48,5.53,,fuera del DEM,sin pendiente disponible
GEDI02_A_2024296191058_O33203_04_T06235_02_004_02_V003.h5,BEAM1011,332031100400192901,-42.709915,-71.110410,327173.7,5269238.4,1074.5444,1,0,0.9649066,-1.15,-0.11,0.93,2.54,3.36,,fuera del DEM,sin pendiente disponible
GEDI02_A_2024296191058_O33203_04_T06235_02_004_02_V003.h5,BEAM1011,332031100400192902,-42.710201,-71.109839,327221.3,5269207.8,1072.7947,1,0,0.95232534,-1.94,-0.52,0.86,2.5,3.18,,fuera del DEM,sin pendiente disponible
GEDI02_A_2024296191058_O33203_04_T06235_02_004_02_V003.h5,BEAM1011,332031100400193047,-42.751745,-71.026731,334138.2,5264761.1,889.18726,1,0,0.9570679,-1.15,-0.14,0.82,2.09,2.61,,fuera del DEM,sin pendiente disponible
GEDI02_A_2024296191058_O33203_04_T06235_02_004_02_V003.h5,BEAM1011,332031100400193048,-42.752030,-71.026157,334185.9,5264730.6,887.4747,1,0,0.94121426,-1.01,0.07,1.23,3.85,5.91,,fuera del DEM,sin pendiente disponible
GEDI02_A_2024311132120_O33432_04_T08775_02_004_02_V003.h5,BEAM0000,334320000400263394,-42.829654,-71.209600,319398.9,5255733.5,1430.607,1,0,0.9304811,4.15,7.74,10.55,13.65,14.48,21.06,pendiente fuerte: la altura del dosel se sobrestima,pendiente=21.1 > 20 grados
GEDI02_A_2025026122031_O34688_01_T00318_02_004_02_V003.h5,BEAM0000,346880000100042827,-42.783881,-71.212976,318989.5,5260809.4,1438.6802,1,0,0.900077,-2.61,0.18,3.02,6.24,7.09,,fuera del DEM,sin pendiente disponible
GEDI02_A_2025026122031_O34688_01_T00318_02_004_02_V003.h5,BEAM0000,346880000100042828,-42.783595,-71.212396,319036.1,5260842.5,1442.9825,1,0,0.9012874,-3.36,-0.7,1.38,4.25,5.08,,fuera del DEM,sin pendiente disponible
GEDI02_A_2025026122031_O34688_01_T00318_02_004_02_V003.h5,BEAM0000,346880000100042829,-42.783309,-71.211820,319082.4,5260875.4,1442.266,1,0,0.91768855,-2.46,-0.22,1.9,4.78,5.6,,fuera del DEM,sin pendiente disponible
GEDI02_A_2025026122031_O34688_01_T00318_02_004_02_V003.h5,BEAM0000,346880000100042926,-42.755639,-71.156188,323554.5,5264066.0,1109.068,1,0,0.90196043,0.56,3.81,6.57,10.31,11.24,31.43,pendiente fuerte: la altura del dosel se sobrestima,pendiente=31.4 > 20 grados
GEDI02_A_2025026122031_O34688_01_T00318_02_004_02_V003.h5,BEAM0001,346880100100041741,-42.791097,-71.213456,318971.3,5260007.0,1383.1097,1,0,0.9215789,-2.84,-0.67,1.08,3.21,3.88,,fuera del DEM,sin pendiente disponible
GEDI02_A_2025026122031_O34688_01_T00318_02_004_02_V003.h5,BEAM0001,346880100100041742,-42.790818,-71.212902,319015.8,5260039.2,1355.8209,1,0,0.9125948,4.55,8.89,11.95,15.13,16.06,,fuera del DEM,sin pendiente disponible
GEDI02_A_2025026122031_O34688_01_T00318_02_004_02_V003.h5,BEAM0001,346880100100041750,-42.788545,-71.208337,319382.6,5260301.4,1303.2904,1,0,0.9175742,-3.17,-0.18,2.98,7.36,8.59,29.95,pendiente fuerte: la altura del dosel se sobrestima,pendiente=29.9 > 20 grados
GEDI02_A_2025026122031_O34688_01_T00318_02_004_02_V003.h5,BEAM0001,346880100100041752,-42.787979,-71.207201,319473.9,5260366.8,1282.9457,1,0,0.91666865,3.96,6.95,9.79,12.78,13.52,23.75,pendiente fuerte: la altura del dosel se sobrestima,pendiente=23.8 > 20 grados
GEDI02_A_2025026122031_O34688_01_T00318_02_004_02_V003.h5,BEAM0001,346880100100041753,-42.787692,-71.206622,319520.4,5260399.8,1286.1772,1,0,0.9147114,-3.62,-1.0,1.45,6.87,7.99,24.17,pendiente fuerte: la altura del dosel se sobrestima,pendiente=24.2 > 20 grados
GEDI02_A_2025026122031_O34688_01_T00318_02_004_02_V003.h5,BEAM0001,346880100100041754,-42.787405,-71.206041,319567.0,5260433.0,1291.3771,1,0,0.91932523,-0.41,3.21,6.12,9.71,10.76,24.64,pendiente fuerte: la altura del dosel se sobrestima,pendiente=24.6 > 20 grados
GEDI02_A_2025026122031_O34688_01_T00318_02_004_02_V003.h5,BEAM0001,346880100100041758,-42.786259,-71.203728,319752.9,5260565.2,1301.5405,1,0,0.9103485,-1.15,1.34,4.89,10.23,11.32,27.14,pendiente fuerte: la altura del dosel se sobrestima,pendiente=27.1 > 20 grados
GEDI02_A_2025026122031_O34688_01_T00318_02_004_02_V003.h5,BEAM0001,346880100100041760,-42.785677,-71.202541,319848.3,5260632.4,1343.8567,1,0,0.9164146,-3.17,-0.78,1.19,3.81,4.55,22.23,pendiente fuerte: la altura del dosel se sobrestima,pendiente=22.2 > 20 grados
GEDI02_A_2025026122031_O34688_01_T00318_02_004_02_V003.h5,BEAM0001,346880100100041761,-42.785394,-71.201974,319893.8,5260665.0,1331.1263,1,0,0.90223545,-0.59,1.98,4.97,8.7,9.82,25.77,pendiente fuerte: la altura del dosel se sobrestima,pendiente=25.8 > 20 grados
GEDI02_A_2025026122031_O34688_01_T00318_02_004_02_V003.h5,BEAM0001,346880100100041825,-42.767145,-71.165291,322842.4,5262769.2,1072.2972,1,0,0.90445685,-2.61,-0.44,1.53,4.11,4.82,22.20,pendiente fuerte: la altura del dosel se sobrestima,pendiente=22.2 > 20 grados
GEDI02_A_2025026122031_O34688_01_T00318_02_004_02_V003.h5,BEAM0001,346880100100041854,-42.758850,-71.148585,324185.8,5263725.4,1068.6398,1,0,0.90172714,1.71,4.33,7.13,10.53,11.39,30.88,pendiente fuerte: la altura del dosel se sobrestima,pendiente=30.9 > 20 grados
GEDI02_A_2025026122031_O34688_01_T00318_02_004_02_V003.h5,BEAM0001,346880100100041896,-42.746801,-71.124329,326137.0,5265113.7,1144.4098,1,0,0.90770894,-2.24,0.18,2.72,6.53,7.36,25.98,pendiente fuerte: la altura del dosel se sobrestima,pendiente=26.0 > 20 grados
GEDI02_A_2025026122031_O34688_01_T00318_02_004_02_V003.h5,BEAM0010,346880200100042757,-42.797181,-71.213376,318995.6,5259331.6,1397.3069,1,0,0.9264669,8.85,12.48,14.72,16.82,17.49,,fuera del DEM,sin pendiente disponible
GEDI02_A_2025026122031_O34688_01_T00318_02_004_02_V003.h5,BEAM0010,346880200100042758,-42.796894,-71.212797,319042.1,5259364.7,1400.9911,1,0,0.9247138,-2.28,-0.33,1.42,3.85,4.71,,fuera del DEM,sin pendiente disponible
GEDI02_A_2025026122031_O34688_01_T00318_02_004_02_V003.h5,BEAM0010,346880200100042767,-42.794323,-71.207626,319457.5,5259661.3,1372.0286,1,0,0.9328529,-4.44,-1.49,0.82,3.7,4.59,21.66,pendiente fuerte: la altura del dosel se sobrestima,pendiente=21.7 > 20 grados
GEDI02_A_2025026122031_O34688_01_T00318_02_004_02_V003.h5,BEAM0010,346880200100042768,-42.794040,-71.207057,319503.2,5259694.0,1360.6602,1,0,0.9105723,-2.8,-0.37,2.05,5.79,6.87,21.36,pendiente fuerte: la altura del dosel se sobrestima,pendiente=21.4 > 20 grados
GEDI02_A_2025026122031_O34688_01_T00318_02_004_02_V003.h5,BEAM0010,346880200100042770,-42.793474,-71.205924,319594.2,5259759.3,1332.401,1,0,0.9308539,3.14,6.39,9.68,13.42,14.31,21.09,pendiente fuerte: la altura del dosel se sobrestima,pendiente=21.1 > 20 grados
GEDI02_A_2025026122031_O34688_01_T00318_02_004_02_V003.h5,BEAM0010,346880200100042778,-42.791195,-71.201342,319962.3,5260022.1,1288.3232,1,0,0.90262383,-0.41,3.02,6.72,11.1,11.99,22.53,pendiente fuerte: la altura del dosel se sobrestima,pendiente=22.5 > 20 grados
GEDI02_A_2025026122031_O34688_01_T00318_02_004_02_V003.h5,BEAM0010,346880200100042780,-42.790620,-71.200179,320055.8,5260088.5,1301.7253,1,0,0.9304541,-1.23,0.74,3.02,5.6,6.39,24.12,pendiente fuerte: la altura del dosel se sobrestima,pendiente=24.1 > 20 grados
GEDI02_A_2025026122031_O34688_01_T00318_02_004_02_V003.h5,BEAM0010,346880200100042781,-42.790336,-71.199608,320101.7,5260121.2,1293.8552,1,0,0.90769005,-3.06,-0.63,1.83,4.82,5.53,24.11,pendiente fuerte: la altura del dosel se sobrestima,pendiente=24.1 > 20 grados
GEDI02_A_2025026122031_O34688_01_T00318_02_004_02_V003.h5,BEAM0010,346880200100042784,-42.789484,-71.197898,320239.1,5260219.5,1268.257,1,0,0.9116462,-1.79,0.07,2.05,4.85,5.71,22.43,pendiente fuerte: la altura del dosel se sobrestima,pendiente=22.4 > 20 grados
GEDI02_A_2025026122031_O34688_01_T00318_02_004_02_V003.h5,BEAM0010,346880200100042797,-42.785784,-71.190460,320836.8,5260646.2,1200.4141,1,0,0.9024942,-2.46,-0.22,1.79,4.33,5.12,20.42,pendiente fuerte: la altura del dosel se sobrestima,pendiente=20.4 > 20 grados
GEDI02_A_2025026122031_O34688_01_T00318_02_004_02_V003.h5,BEAM0010,346880200100042805,-42.783502,-71.185865,321206.0,5260909.4,1184.4381,1,0,0.90208554,-1.83,0.33,2.72,5.56,6.39,22.23,pendiente fuerte: la altura del dosel se sobrestima,pendiente=22.2 > 20 grados
GEDI02_A_2025026122031_O34688_01_T00318_02_004_02_V003.h5,BEAM0010,346880200100042809,-42.782347,-71.183524,321394.3,5261042.5,1234.396,1,0,0.9194149,-1.49,0.26,2.16,4.93,5.79,20.31,pendiente fuerte: la altura del dosel se sobrestima,pendiente=20.3 > 20 grados
GEDI02_A_2025026122031_O34688_01_T00318_02_004_02_V003.h5,BEAM0010,346880200100042822,-42.778640,-71.176071,321993.3,5261470.0,1183.0338,1,0,0.9081949,1.42,3.06,4.44,6.01,6.35,39.45,pendiente fuerte: la altura del dosel se sobrestima,pendiente=39.5 > 20 grados
GEDI02_A_2025026122031_O34688_01_T00318_02_004_02_V003.h5,BEAM0010,346880200100042839,-42.773512,-71.165760,322822.2,5262061.2,1099.6641,1,0,0.9037329,-2.84,-0.29,2.09,5.08,5.94,25.53,pendiente fuerte: la altura del dosel se sobrestima,pendiente=25.5 > 20 grados
GEDI02_A_2025026122031_O34688_01_T00318_02_004_02_V003.h5,BEAM0010,346880200100042852,-42.769790,-71.158250,323426.0,5262490.2,1127.475,1,0,0.91014117,-1.64,0.29,2.35,4.71,5.45,23.14,pendiente fuerte: la altura del dosel se sobrestima,pendiente=23.1 > 20 grados
GEDI02_A_2025026122031_O34688_01_T00318_02_004_02_V003.h5,BEAM0010,346880200100042887,-42.759775,-71.138123,325044.5,5263644.4,1068.0948,1,0,0.9135215,-0.97,1.04,3.99,8.89,10.24,23.94,pendiente fuerte: la altura del dosel se sobrestima,pendiente=23.9 > 20 grados
GEDI02_A_2025026122031_O34688_01_T00318_02_004_02_V003.h5,BEAM0010,346880200100042893,-42.758050,-71.134641,325324.5,5263843.1,1102.187,1,0,0.902289,-0.67,1.23,3.47,6.42,7.21,20.81,pendiente fuerte: la altura del dosel se sobrestima,pendiente=20.8 > 20 grados
GEDI02_A_2025026122031_O34688_01_T00318_02_004_02_V003.h5,BEAM0010,346880200100042896,-42.757174,-71.132853,325468.4,5263944.1,1182.363,1,0,0.9017504,-2.13,0.11,2.72,6.57,7.51,28.69,pendiente fuerte: la altura del dosel se sobrestima,pendiente=28.7 > 20 grados
GEDI02_A_2025026122031_O34688_01_T00318_02_004_02_V003.h5,BEAM0010,346880200100043062,-42.709631,-71.037506,333143.5,5269416.6,912.00037,1,0,0.91884863,-1.12,0.0,1.15,2.95,3.58,,fuera del DEM,sin pendiente disponible
GEDI02_A_2025026122031_O34688_01_T00318_02_004_02_V003.h5,BEAM0011,346880300100041689,-42.803225,-71.211448,319170.9,5258664.5,1494.4163,1,0,0.9119594,-1.57,0.37,2.46,5.6,6.5,21.08,pendiente fuerte: la altura del dosel se sobrestima,pendiente=21.1 > 20 grados
GEDI02_A_2025026122031_O34688_01_T00318_02_004_02_V003.h5,BEAM0011,346880300100041691,-42.802661,-71.210319,319261.6,5258729.6,1461.2352,1,0,0.9127919,-2.72,-0.37,2.05,5.71,6.65,21.91,pendiente fuerte: la altura del dosel se sobrestima,pendiente=21.9 > 20 grados
GEDI02_A_2025026122031_O34688_01_T00318_02_004_02_V003.h5,BEAM0011,346880300100041693,-42.802095,-71.209188,319352.4,5258794.8,1429.2971,1,0,0.9070341,8.14,11.06,13.38,16.63,17.6,20.15,pendiente fuerte: la altura del dosel se sobrestima,pendiente=20.2 > 20 grados
GEDI02_A_2025026122031_O34688_01_T00318_02_004_02_V003.h5,BEAM0011,346880300100041720,-42.794390,-71.193691,320597.3,5259683.6,1319.073,1,0,0.90188706,-0.14,2.91,5.45,9.19,10.2,23.48,pendiente fuerte: la altura del dosel se sobrestima,pendiente=23.5 > 20 grados
GEDI02_A_2025026122031_O34688_01_T00318_02_004_02_V003.h5,BEAM0011,346880300100041723,-42.793530,-71.191954,320737.0,5259782.9,1329.0878,1,0,0.9088726,-1.98,-0.03,1.98,5.04,6.01,21.92,pendiente fuerte: la altura del dosel se sobrestima,pendiente=21.9 > 20 grados
GEDI02_A_2025026122031_O34688_01_T00318_02_004_02_V003.h5,BEAM0011,346880300100041736,-42.789808,-71.184445,321340.4,5260212.1,1353.4543,1,0,0.9403493,-1.68,0.67,3.14,6.09,7.17,22.24,pendiente fuerte: la altura del dosel se sobrestima,pendiente=22.2 > 20 grados
GEDI02_A_2025026122031_O34688_01_T00318_02_004_02_V003.h5,BEAM0011,346880300100041737,-42.789523,-71.183871,321386.5,5260244.9,1350.8713,1,0,0.93800455,-2.31,-0.14,1.98,4.59,5.45,25.95,pendiente fuerte: la altura del dosel se sobrestima,pendiente=26.0 > 20 grados
GEDI02_A_2025026122031_O34688_01_T00318_02_004_02_V003.h5,BEAM0011,346880300100041761,-42.782668,-71.170068,322495.9,5261035.3,1322.4082,1,0,0.90270627,-1.6,-0.03,1.49,3.51,4.14,20.69,pendiente fuerte: la altura del dosel se sobrestima,pendiente=20.7 > 20 grados
GEDI02_A_2025026122031_O34688_01_T00318_02_004_02_V003.h5,BEAM0011,346880300100041764,-42.781816,-71.168358,322633.3,5261133.6,1295.8904,1,0,0.9027378,-1.6,0.0,1.68,4.33,5.12,21.91,pendiente fuerte: la altura del dosel se sobrestima,pendiente=21.9 > 20 grados
GEDI02_A_2025026122031_O34688_01_T00318_02_004_02_V003.h5,BEAM0011,346880300100041808,-42.768952,-71.142459,324715.6,5262616.3,1252.623,1,0,0.91341466,-2.01,0.0,1.94,4.14,4.89,21.40,pendiente fuerte: la altura del dosel se sobrestima,pendiente=21.4 > 20 grados
GEDI02_A_2025026122031_O34688_01_T00318_02_004_02_V003.h5,BEAM0011,346880300100041810,-42.768383,-71.141320,324807.1,5262681.9,1233.3805,1,0,0.9157638,-2.05,-0.07,1.98,5.15,5.98,26.25,pendiente fuerte: la altura del dosel se sobrestima,pendiente=26.2 > 20 grados
GEDI02_A_2025026122031_O34688_01_T00318_02_004_02_V003.h5,BEAM0011,346880300100041828,-42.763277,-71.131119,325627.5,5263269.9,997.50073,1,0,0.91409576,-2.87,-0.59,1.34,3.77,4.52,22.47,pendiente fuerte: la altura del dosel se sobrestima,pendiente=22.5 > 20 grados
GEDI02_A_2025026122031_O34688_01_T00318_02_004_02_V003.h5,BEAM0011,346880300100041841,-42.759519,-71.123513,326239.3,5263703.0,1158.464,1,0,0.9087106,-2.95,-0.56,1.79,4.71,5.71,26.50,pendiente fuerte: la altura del dosel se sobrestima,pendiente=26.5 > 20 grados
GEDI02_A_2025026122031_O34688_01_T00318_02_004_02_V003.h5,BEAM0011,346880300100041843,-42.758949,-71.122368,326331.4,5263768.6,1148.6484,1,0,0.91047263,-2.28,-0.14,1.86,4.63,5.64,27.46,pendiente fuerte: la altura del dosel se sobrestima,pendiente=27.5 > 20 grados
GEDI02_A_2025026122031_O34688_01_T00318_02_004_02_V003.h5,BEAM0011,346880300100041844,-42.758668,-71.121808,326376.5,5263801.0,1127.7465,1,0,0.90990967,-2.09,-0.14,1.68,3.73,4.33,24.88,pendiente fuerte: la altura del dosel se sobrestima,pendiente=24.9 > 20 grados
GEDI02_A_2025026122031_O34688_01_T00318_02_004_02_V003.h5,BEAM0101,346880500100041600,-42.812323,-71.213774,319007.2,5257649.2,1336.2648,1,0,0.9590262,-3.66,-1.12,1.04,3.69,4.89,,fuera del DEM,sin pendiente disponible
GEDI02_A_2025026122031_O34688_01_T00318_02_004_02_V003.h5,BEAM0101,346880500100041601,-42.812037,-71.213197,319053.5,5257682.1,1335.287,1,0,0.96042037,-5.49,-2.27,0.63,3.96,5.15,,fuera del DEM,sin pendiente disponible
GEDI02_A_2025026122031_O34688_01_T00318_02_004_02_V003.h5,BEAM0101,346880500100041602,-42.811760,-71.212644,319098.0,5257714.2,1305.6351,1,0,0.9674974,6.72,10.53,13.26,17.15,18.94,,fuera del DEM,sin pendiente disponible
GEDI02_A_2025026122031_O34688_01_T00318_02_004_02_V003.h5,BEAM0101,346880500100041605,-42.810904,-71.210918,319236.6,5257812.9,1299.5647,1,0,0.9585595,2.76,7.88,11.43,15.65,16.81,27.92,pendiente fuerte: la altura del dosel se sobrestima,pendiente=27.9 > 20 grados
GEDI02_A_2025026122031_O34688_01_T00318_02_004_02_V003.h5,BEAM0101,346880500100041606,-42.810611,-71.210321,319284.5,5257846.7,1325.508,1,0,0.96118677,-3.02,-0.11,3.02,7.47,8.66,27.20,pendiente fuerte: la altura del dosel se sobrestima,pendiente=27.2 > 20 grados
GEDI02_A_2025026122031_O34688_01_T00318_02_004_02_V003.h5,BEAM0101,346880500100041608,-42.810036,-71.209157,319378.0,5257913.1,1339.0317,1,0,0.9622874,-3.92,-0.93,1.42,4.55,5.79,31.51,pendiente fuerte: la altura del dosel se sobrestima,pendiente=31.5 > 20 grados
GEDI02_A_2025026122031_O34688_01_T00318_02_004_02_V003.h5,BEAM0101,346880500100041609,-42.809742,-71.208559,319426.1,5257947.0,1366.7186,1,0,0.9622069,-3.25,-0.37,2.27,6.35,7.69,33.11,pendiente fuerte: la altura del dosel se sobrestima,pendiente=33.1 > 20 grados
GEDI02_A_2025026122031_O34688_01_T00318_02_004_02_V003.h5,BEAM0101,346880500100041610,-42.809457,-71.207985,319472.2,5257979.8,1364.2554,1,0,0.96358556,-4.63,-1.49,0.78,3.88,5.41,27.73,pendiente fuerte: la altura del dosel se sobrestima,pendiente=27.7 > 20 grados
GEDI02_A_2025026122031_O34688_01_T00318_02_004_02_V003.h5,BEAM0101,346880500100041611,-42.809174,-71.207414,319518.1,5258012.6,1357.2102,1,0,0.95662457,-4.26,-1.38,0.93,3.62,4.7,23.65,pendiente fuerte: la altura del dosel se sobrestima,pendiente=23.6 > 20 grados
GEDI02_A_2025026122031_O34688_01_T00318_02_004_02_V003.h5,BEAM0101,346880500100041612,-42.808895,-71.206857,319562.8,5258044.7,1331.7443,1,0,0.96868026,0.41,6.72,11.36,14.57,15.69,24.42,pendiente fuerte: la altura del dosel se sobrestima,pendiente=24.4 > 20 grados
GEDI02_A_2025026122031_O34688_01_T00318_02_004_02_V003.h5,BEAM0101,346880500100041613,-42.808614,-71.206295,319607.9,5258077.1,1313.8572,1,0,0.9567933,-3.51,-0.63,1.79,5.86,7.36,22.10,pendiente fuerte: la altura del dosel se sobrestima,pendiente=22.1 > 20 grados
GEDI02_A_2025026122031_O34688_01_T00318_02_004_02_V003.h5,BEAM0101,346880500100041614,-42.808326,-71.205711,319654.8,5258110.4,1324.103,1,0,0.94942945,-2.98,-0.48,1.68,4.93,6.16,24.36,pendiente fuerte: la altura del dosel se sobrestima,pendiente=24.4 > 20 grados
GEDI02_A_2025026122031_O34688_01_T00318_02_004_02_V003.h5,BEAM0101,346880500100041623,-42.805774,-71.200581,320066.9,5258404.7,1254.3444,1,0,0.967821,1.68,10.08,15.99,19.5,20.59,21.01,pendiente fuerte: la altura del dosel se sobrestima,pendiente=21.0 > 20 grados
GEDI02_A_2025026122031_O34688_01_T00318_02_004_02_V003.h5,BEAM0101,346880500100041624,-42.805489,-71.200006,320113.1,5258437.6,1253.051,1,0,0.9659178,-2.72,0.33,3.25,6.83,8.25,23.51,pendiente fuerte: la altura del dosel se sobrestima,pendiente=23.5 > 20 grados
GEDI02_A_2025026122031_O34688_01_T00318_02_004_02_V003.h5,BEAM0101,346880500100041625,-42.805202,-71.199426,320159.7,5258470.7,1257.6508,1,0,0.90959007,-2.61,0.07,3.21,6.8,7.58,29.24,pendiente fuerte: la altura del dosel se sobrestima,pendiente=29.2 > 20 grados
GEDI02_A_2025026122031_O34688_01_T00318_02_004_02_V003.h5,BEAM0101,346880500100041626,-42.804914,-71.198843,320206.5,5258504.0,1266.1962,1,0,0.9502953,-1.68,1.3,4.93,11.99,13.78,31.69,pendiente fuerte: la altura del dosel se sobrestima,pendiente=31.7 > 20 grados
GEDI02_A_2025026122031_O34688_01_T00318_02_004_02_V003.h5,BEAM0101,346880500100041627,-42.804625,-71.198259,320253.4,5258537.3,1276.467,1,0,0.95384467,-2.31,0.18,2.72,5.94,6.98,29.90,pendiente fuerte: la altura del dosel se sobrestima,pendiente=29.9 > 20 grados
GEDI02_A_2025026122031_O34688_01_T00318_02_004_02_V003.h5,BEAM0101,346880500100041628,-42.804342,-71.197690,320299.1,5258569.9,1266.88,1,0,0.9567055,3.47,7.32,9.94,13.11,14.2,26.42,pendiente fuerte: la altura del dosel se sobrestima,pendiente=26.4 > 20 grados
GEDI02_A_2025026122031_O34688_01_T00318_02_004_02_V003.h5,BEAM0101,346880500100041632,-42.803206,-71.195405,320482.7,5258701.0,1241.2816,1,0,0.9608329,0.48,4.26,7.43,10.72,11.95,20.20,pendiente fuerte: la altura del dosel se sobrestima,pendiente=20.2 > 20 grados
GEDI02_A_2025026122031_O34688_01_T00318_02_004_02_V003.h5,BEAM0101,346880500100041636,-42.802059,-71.193093,320668.5,5258833.2,1250.5609,1,0,0.96272314,-2.54,1.08,4.22,7.32,8.29,25.28,pendiente fuerte: la altura del dosel se sobrestima,pendiente=25.3 > 20 grados
GEDI02_A_2025026122031_O34688_01_T00318_02_004_02_V003.h5,BEAM0101,346880500100041637,-42.801770,-71.192507,320715.5,5258866.6,1261.9386,1,0,0.9654925,-5.45,-1.38,1.68,5.45,6.68,30.55,pendiente fuerte: la altura del dosel se sobrestima,pendiente=30.6 > 20 grados
GEDI02_A_2025026122031_O34688_01_T00318_02_004_02_V003.h5,BEAM0101,346880500100041638,-42.801481,-71.191923,320762.5,5258899.9,1271.772,1,0,0.9541528,-0.85,2.31,6.01,10.72,12.51,34.78,pendiente fuerte: la altura del dosel se sobrestima,pendiente=34.8 > 20 grados
GEDI02_A_2025026122031_O34688_01_T00318_02_004_02_V003.h5,BEAM0101,346880500100041639,-42.801191,-71.191334,320809.7,5258933.4,1287.1655,1,0,0.95651686,1.45,5.82,9.41,13.07,14.2,32.34,pendiente fuerte: la altura del dosel se sobrestima,pendiente=32.3 > 20 grados
GEDI02_A_2025026122031_O34688_01_T00318_02_004_02_V003.h5,BEAM0101,346880500100041640,-42.800903,-71.190754,320856.4,5258966.5,1292.2617,1,0,0.9568216,-3.17,-0.71,1.68,4.63,5.9,28.41,pendiente fuerte: la altura del dosel se sobrestima,pendiente=28.4 > 20 grados
GEDI02_A_2025026122031_O34688_01_T00318_02_004_02_V003.h5,BEAM0101,346880500100041641,-42.800614,-71.190167,320903.5,5258999.9,1304.6904,1,0,0.9201805,-3.47,-0.85,1.56,5.86,7.51,25.15,pendiente fuerte: la altura del dosel se sobrestima,pendiente=25.2 > 20 grados
GEDI02_A_2025026122031_O34688_01_T00318_02_004_02_V003.h5,BEAM0101,346880500100041642,-42.800330,-71.189598,320949.3,5259032.6,1295.9666,1,0,0.9174762,-2.24,0.11,2.65,7.69,8.66,27.24,pendiente fuerte: la altura del dosel se sobrestima,pendiente=27.2 > 20 grados
GEDI02_A_2025026122031_O34688_01_T00318_02_004_02_V003.h5,BEAM0101,346880500100041644,-42.799768,-71.188472,321039.7,5259097.5,1260.9954,1,0,0.9332108,-2.01,0.22,2.57,5.94,7.17,28.74,pendiente fuerte: la altura del dosel se sobrestima,pendiente=28.7 > 20 grados
GEDI02_A_2025026122031_O34688_01_T00318_02_004_02_V003.h5,BEAM0101,346880500100041645,-42.799484,-71.187902,321085.5,5259130.2,1251.7489,1,0,0.9469811,-1.56,0.78,10.42,17.37,18.34,29.21,pendiente fuerte: la altura del dosel se sobrestima,pendiente=29.2 > 20 grados
GEDI02_A_2025026122031_O34688_01_T00318_02_004_02_V003.h5,BEAM0101,346880500100041646,-42.799202,-71.187335,321131.0,5259162.8,1239.5253,1,0,0.94891864,-2.98,-0.71,1.12,3.73,4.78,28.23,pendiente fuerte: la altura del dosel se sobrestima,pendiente=28.2 > 20 grados
GEDI02_A_2025026122031_O34688_01_T00318_02_004_02_V003.h5,BEAM0101,346880500100041647,-42.798921,-71.186773,321176.2,5259195.2,1221.627,1,0,0.94254893,-2.76,-0.26,2.01,5.08,6.76,28.98,pendiente fuerte: la altura del dosel se sobrestima,pendiente=29.0 > 20 grados
GEDI02_A_2025026122031_O34688_01_T00318_02_004_02_V003.h5,BEAM0101,346880500100041648,-42.798637,-71.186203,321222.0,5259227.9,1212.5646,1,0,0.95140547,-2.13,0.03,2.35,6.05,7.39,28.98,pendiente fuerte: la altura del dosel se sobrestima,pendiente=29.0 > 20 grados
GEDI02_A_2025026122031_O34688_01_T00318_02_004_02_V003.h5,BEAM0101,346880500100041649,-42.798345,-71.185609,321269.8,5259261.6,1234.9338,1,0,0.95624524,-2.8,0.37,5.38,13.67,14.91,30.74,pendiente fuerte: la altura del dosel se sobrestima,pendiente=30.7 > 20 grados
GEDI02_A_2025026122031_O34688_01_T00318_02_004_02_V003.h5,BEAM0101,346880500100041655,-42.796623,-71.182132,321549.1,5259460.1,1256.5807,1,0,0.9507429,-1.6,0.29,2.27,4.63,5.64,20.64,pendiente fuerte: la altura del dosel se sobrestima,pendiente=20.6 > 20 grados
GEDI02_A_2025026122031_O34688_01_T00318_02_004_02_V003.h5,BEAM0101,346880500100041656,-42.796338,-71.181557,321595.4,5259493.0,1255.3643,1,0,0.94322515,-1.9,-0.18,1.42,3.51,4.33,22.26,pendiente fuerte: la altura del dosel se sobrestima,pendiente=22.3 > 20 grados
GEDI02_A_2025026122031_O34688_01_T00318_02_004_02_V003.h5,BEAM0101,346880500100041657,-42.796053,-71.180982,321641.6,5259525.9,1253.3766,1,0,0.9562675,-2.35,-0.26,1.71,4.4,5.38,21.76,pendiente fuerte: la altura del dosel se sobrestima,pendiente=21.8 > 20 grados
GEDI02_A_2025026122031_O34688_01_T00318_02_004_02_V003.h5,BEAM0101,346880500100041658,-42.795767,-71.180404,321688.0,5259558.9,1254.7992,1,0,0.9318954,-1.94,0.03,2.05,4.55,5.38,21.79,pendiente fuerte: la altura del dosel se sobrestima,pendiente=21.8 > 20 grados
GEDI02_A_2025026122031_O34688_01_T00318_02_004_02_V003.h5,BEAM0101,346880500100041659,-42.795482,-71.179831,321734.0,5259591.7,1250.3107,1,0,0.95081514,-1.86,-0.03,1.83,4.29,5.26,21.06,pendiente fuerte: la altura del dosel se sobrestima,pendiente=21.1 > 20 grados
GEDI02_A_2025026122031_O34688_01_T00318_02_004_02_V003.h5,BEAM0101,346880500100041661,-42.794911,-71.178679,321826.6,5259657.6,1249.5244,1,0,0.9486503,-1.49,-0.11,1.23,3.1,3.81,20.61,pendiente fuerte: la altura del dosel se sobrestima,pendiente=20.6 > 20 grados
GEDI02_A_2025026122031_O34688_01_T00318_02_004_02_V003.h5,BEAM0101,346880500100041662,-42.794630,-71.178116,321871.8,5259690.0,1232.6154,1,0,0.94843906,-1.34,0.85,3.84,6.83,7.58,24.17,pendiente fuerte: la altura del dosel se sobrestima,pendiente=24.2 > 20 grados
GEDI02_A_2025026122031_O34688_01_T00318_02_004_02_V003.h5,BEAM0101,346880500100041663,-42.794349,-71.177552,321917.1,5259722.4,1216.2693,1,0,0.9461437,-1.86,0.07,2.05,4.93,6.05,20.58,pendiente fuerte: la altura del dosel se sobrestima,pendiente=20.6 > 20 grados
GEDI02_A_2025026122031_O34688_01_T00318_02_004_02_V003.h5,BEAM0101,346880500100041664,-42.794063,-71.176976,321963.5,5259755.4,1217.0317,1,0,0.95015514,-1.34,0.18,1.9,4.59,5.75,20.90,pendiente fuerte: la altura del dosel se sobrestima,pendiente=20.9 > 20 grados
GEDI02_A_2025026122031_O34688_01_T00318_02_004_02_V003.h5,BEAM0101,346880500100041677,-42.790353,-71.169499,322564.4,5260183.2,1197.0117,1,0,0.95481026,-1.23,1.23,4.07,8.48,10.08,24.07,pendiente fuerte: la altura del dosel se sobrestima,pendiente=24.1 > 20 grados
GEDI02_A_2025026122031_O34688_01_T00318_02_004_02_V003.h5,BEAM0101,346880500100041678,-42.790060,-71.168905,322612.1,5260216.9,1219.3359,1,0,0.95761794,-1.23,0.89,3.36,7.43,8.55,23.30,pendiente fuerte: la altura del dosel se sobrestima,pendiente=23.3 > 20 grados
GEDI02_A_2025026122031_O34688_01_T00318_02_004_02_V003.h5,BEAM0101,346880500100041679,-42.789768,-71.168311,322659.8,5260250.6,1240.7256,1,0,0.9547143,-1.86,0.37,2.87,7.06,8.63,23.28,pendiente fuerte: la altura del dosel se sobrestima,pendiente=23.3 > 20 grados
GEDI02_A_2025026122031_O34688_01_T00318_02_004_02_V003.h5,BEAM0101,346880500100041690,-42.786047,-71.160825,323261.5,5260679.6,1227.6583,1,0,0.94496894,-1.6,0.22,2.16,4.78,5.79,20.73,pendiente fuerte: la altura del dosel se sobrestima,pendiente=20.7 > 20 grados
GEDI02_A_2025026122031_O34688_01_T00318_02_004_02_V003.h5,BEAM0101,346880500100041722,-42.776331,-71.141276,324833.2,5261799.3,1163.3302,1,0,0.94860035,-2.24,-0.18,1.79,4.33,5.23,25.09,pendiente fuerte: la altura del dosel se sobrestima,pendiente=25.1 > 20 grados
GEDI02_A_2025026122031_O34688_01_T00318_02_004_02_V003.h5,BEAM0101,346880500100041723,-42.776051,-71.140717,324878.1,5261831.5,1140.826,1,0,0.94496894,-2.46,-0.41,1.53,4.18,5.23,24.45,pendiente fuerte: la altura del dosel se sobrestima,pendiente=24.4 > 20 grados
GEDI02_A_2025026122031_O34688_01_T00318_02_004_02_V003.h5,BEAM0101,346880500100041725,-42.775482,-71.139576,324969.9,5261897.1,1127.0515,1,0,0.92500085,-1.83,0.59,3.28,7.1,8.14,25.29,pendiente fuerte: la altura del dosel se sobrestima,pendiente=25.3 > 20 grados
GEDI02_A_2025026122031_O34688_01_T00318_02_004_02_V003.h5,BEAM0101,346880500100041726,-42.775191,-71.138984,325017.4,5261930.7,1146.3701,1,0,0.9267758,-1.56,0.22,2.01,4.33,5.19,23.95,pendiente fuerte: la altura del dosel se sobrestima,pendiente=23.9 > 20 grados
GEDI02_A_2025026122031_O34688_01_T00318_02_004_02_V003.h5,BEAM0101,346880500100041727,-42.774904,-71.138409,325063.7,5261963.7,1145.5198,1,0,0.94794273,-3.47,-0.93,1.23,4.37,5.71,26.76,pendiente fuerte: la altura del dosel se sobrestima,pendiente=26.8 > 20 grados
GEDI02_A_2025026122031_O34688_01_T00318_02_004_02_V003.h5,BEAM0101,346880500100041728,-42.774618,-71.137834,325109.9,5261996.6,1144.1831,1,0,0.9349684,-2.31,0.11,2.69,6.53,8.25,22.30,pendiente fuerte: la altura del dosel se sobrestima,pendiente=22.3 > 20 grados
GEDI02_A_2025026122031_O34688_01_T00318_02_004_02_V003.h5,BEAM0101,346880500100041741,-42.770879,-71.130303,325715.5,5262427.5,1196.727,1,0,0.9497411,-1.71,-0.11,1.49,3.84,4.78,20.70,pendiente fuerte: la altura del dosel se sobrestima,pendiente=20.7 > 20 grados
GEDI02_A_2025026122031_O34688_01_T00318_02_004_02_V003.h5,BEAM0101,346880500100041747,-42.769179,-71.126903,325989.0,5262623.3,1124.6779,1,0,0.9494407,-1.9,-0.03,1.83,4.63,5.68,20.43,pendiente fuerte: la altura del dosel se sobrestima,pendiente=20.4 > 20 grados
GEDI02_A_2025026122031_O34688_01_T00318_02_004_02_V003.h5,BEAM0101,346880500100041891,-42.727900,-71.044042,332657.4,5267374.9,1061.8484,1,0,0.93582636,-1.79,-0.14,1.42,3.81,4.7,20.07,pendiente fuerte: la altura del dosel se sobrestima,pendiente=20.1 > 20 grados
GEDI02_A_2025026122031_O34688_01_T00318_02_004_02_V003.h5,BEAM0101,346880500100041892,-42.727609,-71.043457,332704.5,5267408.3,1074.5953,1,0,0.93945545,-1.45,0.26,2.05,4.78,5.86,22.13,pendiente fuerte: la altura del dosel se sobrestima,pendiente=22.1 > 20 grados
GEDI02_A_2025026122031_O34688_01_T00318_02_004_02_V003.h5,BEAM0101,346880500100041893,-42.727319,-71.042871,332751.6,5267441.8,1087.9373,1,0,0.94542164,-2.2,-0.26,1.64,4.63,5.6,22.44,pendiente fuerte: la altura del dosel se sobrestima,pendiente=22.4 > 20 grados
GEDI02_A_2025026122031_O34688_01_T00318_02_004_02_V003.h5,BEAM0110,346880600100072199,-42.819275,-71.213748,319029.6,5256877.2,1445.9136,1,0,0.9533204,-1.64,0.0,1.71,4.33,5.26,,fuera del DEM,sin pendiente disponible
GEDI02_A_2025026122031_O34688_01_T00318_02_004_02_V003.h5,BEAM0110,346880600100072200,-42.818987,-71.213165,319076.4,5256910.5,1453.3512,1,0,0.9516901,-1.64,0.14,2.05,5.26,6.65,,fuera del DEM,sin pendiente disponible
GEDI02_A_2025026122031_O34688_01_T00318_02_004_02_V003.h5,BEAM0110,346880600100072201,-42.818697,-71.212577,319123.7,5256944.0,1467.8055,1,0,0.92861676,-1.71,0.14,2.13,5.34,6.46,21.72,pendiente fuerte: la altura del dosel se sobrestima,pendiente=21.7 > 20 grados
GEDI02_A_2025026122031_O34688_01_T00318_02_004_02_V003.h5,BEAM0110,346880600100072202,-42.818408,-71.211992,319170.6,5256977.3,1476.7352,1,0,0.94832224,-1.9,0.03,2.01,5.12,6.31,21.86,pendiente fuerte: la altura del dosel se sobrestima,pendiente=21.9 > 20 grados
GEDI02_A_2025026122031_O34688_01_T00318_02_004_02_V003.h5,BEAM0110,346880600100072203,-42.818119,-71.211409,319217.5,5257010.6,1484.9907,1,0,0.9453747,-1.86,0.03,1.94,5.0,6.27,20.47,pendiente fuerte: la altura del dosel se sobrestima,pendiente=20.5 > 20 grados
GEDI02_A_2025026122031_O34688_01_T00318_02_004_02_V003.h5,BEAM0110,346880600100072210,-42.816126,-71.207393,319540.0,5257240.5,1451.245,1,0,0.93847156,-1.98,-0.44,0.85,2.57,3.28,20.29,pendiente fuerte: la altura del dosel se sobrestima,pendiente=20.3 > 20 grados
GEDI02_A_2025026122031_O34688_01_T00318_02_004_02_V003.h5,BEAM0110,346880600100072211,-42.815848,-71.206836,319584.7,5257272.7,1425.7162,1,0,0.9482238,-2.09,-0.22,1.6,4.11,5.08,24.21,pendiente fuerte: la altura del dosel se sobrestima,pendiente=24.2 > 20 grados
GEDI02_A_2025026122031_O34688_01_T00318_02_004_02_V003.h5,BEAM0110,346880600100072216,-42.814434,-71.203994,319812.9,5257435.7,1368.9125,1,0,0.93892455,-2.54,-0.44,1.53,4.22,5.23,22.81,pendiente fuerte: la altura del dosel se sobrestima,pendiente=22.8 > 20 grados
GEDI02_A_2025026122031_O34688_01_T00318_02_004_02_V003.h5,BEAM0110,346880600100072217,-42.814153,-71.203429,319858.3,5257468.2,1353.3121,1,0,0.93844634,-2.2,-0.18,1.71,4.37,5.3,24.41,pendiente fuerte: la altura del dosel se sobrestima,pendiente=24.4 > 20 grados
GEDI02_A_2025026122031_O34688_01_T00318_02_004_02_V003.h5,BEAM0110,346880600100072218,-42.813871,-71.202863,319903.8,5257500.7,1339.555,1,0,0.9381724,-2.05,-0.11,1.79,5.08,6.46,23.95,pendiente fuerte: la altura del dosel se sobrestima,pendiente=24.0 > 20 grados
GEDI02_A_2025026122031_O34688_01_T00318_02_004_02_V003.h5,BEAM0110,346880600100072219,-42.813585,-71.202288,319950.0,5257533.6,1337.9337,1,0,0.92854923,-1.9,0.07,2.16,5.26,6.39,24.97,pendiente fuerte: la altura del dosel se sobrestima,pendiente=25.0 > 20 grados
GEDI02_A_2025026122031_O34688_01_T00318_02_004_02_V003.h5,BEAM0110,346880600100072220,-42.813300,-71.201713,319996.2,5257566.5,1335.9722,1,0,0.9246699,-3.36,-1.08,0.67,2.76,3.55,26.73,pendiente fuerte: la altura del dosel se sobrestima,pendiente=26.7 > 20 grados
GEDI02_A_2025026122031_O34688_01_T00318_02_004_02_V003.h5,BEAM0110,346880600100072221,-42.813021,-71.201155,320041.0,5257598.7,1311.5721,1,0,0.94191116,-2.98,-0.63,1.6,4.7,5.83,28.09,pendiente fuerte: la altura del dosel se sobrestima,pendiente=28.1 > 20 grados
GEDI02_A_2025026122031_O34688_01_T00318_02_004_02_V003.h5,BEAM0110,346880600100072222,-42.812742,-71.200594,320086.0,5257630.9,1290.6357,1,0,0.9544605,-1.75,-0.07,1.56,3.92,4.78,23.42,pendiente fuerte: la altura del dosel se sobrestima,pendiente=23.4 > 20 grados
GEDI02_A_2025026122031_O34688_01_T00318_02_004_02_V003.h5,BEAM0110,346880600100072223,-42.812460,-71.200030,320131.3,5257663.4,1274.8822,1,0,0.9509688,-1.53,-0.03,1.45,3.69,4.7,21.26,pendiente fuerte: la altura del dosel se sobrestima,pendiente=21.3 > 20 grados
GEDI02_A_2025026122031_O34688_01_T00318_02_004_02_V003.h5,BEAM0110,346880600100072224,-42.812180,-71.199468,320176.4,5257695.7,1255.663,1,0,0.9366089,-2.27,-0.37,1.42,3.81,4.67,22.95,pendiente fuerte: la altura del dosel se sobrestima,pendiente=22.9 > 20 grados
GEDI02_A_2025026122031_O34688_01_T00318_02_004_02_V003.h5,BEAM0110,346880600100072225,-42.811902,-71.198912,320221.2,5257727.8,1230.2568,1,0,0.955501,-1.83,-0.26,1.19,3.25,4.07,20.90,pendiente fuerte: la altura del dosel se sobrestima,pendiente=20.9 > 20 grados
GEDI02_A_2025026122031_O34688_01_T00318_02_004_02_V003.h5,BEAM0110,346880600100072227,-42.811336,-71.197775,320312.5,5257793.0,1210.0042,1,0,0.94348925,-2.05,-0.14,1.64,4.29,5.38,22.58,pendiente fuerte: la altura del dosel se sobrestima,pendiente=22.6 > 20 grados
GEDI02_A_2025026122031_O34688_01_T00318_02_004_02_V003.h5,BEAM0110,346880600100072228,-42.811051,-71.197201,320358.6,5257825.9,1206.9541,1,0,0.94953257,-1.45,0.56,2.8,6.42,7.69,27.06,pendiente fuerte: la altura del dosel se sobrestima,pendiente=27.1 > 20 grados
GEDI02_A_2025026122031_O34688_01_T00318_02_004_02_V003.h5,BEAM0110,346880600100072229,-42.810767,-71.196629,320404.5,5257858.6,1200.8948,1,0,0.9591591,-2.57,-0.52,1.34,4.03,5.04,24.23,pendiente fuerte: la altura del dosel se sobrestima,pendiente=24.2 > 20 grados
GEDI02_A_2025026122031_O34688_01_T00318_02_004_02_V003.h5,BEAM0110,346880600100072230,-42.810478,-71.196043,320451.6,5257892.1,1214.599,1,0,0.94615567,-2.84,-0.44,1.86,5.15,6.39,26.67,pendiente fuerte: la altura del dosel se sobrestima,pendiente=26.7 > 20 grados
GEDI02_A_2025026122031_O34688_01_T00318_02_004_02_V003.h5,BEAM0110,346880600100072231,-42.810193,-71.195469,320497.7,5257924.9,1211.9198,1,0,0.9488059,-2.72,-0.44,1.79,5.45,6.83,28.28,pendiente fuerte: la altura del dosel se sobrestima,pendiente=28.3 > 20 grados
GEDI02_A_2025026122031_O34688_01_T00318_02_004_02_V003.h5,BEAM0110,346880600100072232,-42.809908,-71.194895,320543.8,5257957.8,1209.3265,1,0,0.94046855,-2.95,-0.59,1.6,4.67,5.75,27.32,pendiente fuerte: la altura del dosel se sobrestima,pendiente=27.3 > 20 grados
GEDI02_A_2025026122031_O34688_01_T00318_02_004_02_V003.h5,BEAM0110,346880600100072233,-42.809625,-71.194325,320589.5,5257990.4,1200.5527,1,0,0.94504815,-1.79,-0.14,1.53,4.03,5.15,22.43,pendiente fuerte: la altura del dosel se sobrestima,pendiente=22.4 > 20 grados
GEDI02_A_2025026122031_O34688_01_T00318_02_004_02_V003.h5,BEAM0110,346880600100072234,-42.809341,-71.193754,320635.4,5258023.2,1194.4471,1,0,0.94546324,-2.05,-0.14,1.75,4.14,5.04,21.28,pendiente fuerte: la altura del dosel se sobrestima,pendiente=21.3 > 20 grados
GEDI02_A_2025026122031_O34688_01_T00318_02_004_02_V003.h5,BEAM0110,346880600100072235,-42.809055,-71.193178,320681.7,5258056.1,1194.6785,1,0,0.9560047,-1.64,0.18,2.05,4.93,6.16,23.78,pendiente fuerte: la altura del dosel se sobrestima,pendiente=23.8 > 20 grados
GEDI02_A_2025026122031_O34688_01_T00318_02_004_02_V003.h5,BEAM0110,346880600100072236,-42.808770,-71.192604,320727.9,5258089.0,1192.5652,1,0,0.95257676,-1.86,0.14,2.2,5.19,6.31,24.06,pendiente fuerte: la altura del dosel se sobrestima,pendiente=24.1 > 20 grados
GEDI02_A_2025026122031_O34688_01_T00318_02_004_02_V003.h5,BEAM0110,346880600100072237,-42.808485,-71.192030,320774.0,5258121.9,1189.7374,1,0,0.9576559,-1.75,-0.14,1.42,4.07,5.12,20.17,pendiente fuerte: la altura del dosel se sobrestima,pendiente=20.2 > 20 grados
GEDI02_A_2025026122031_O34688_01_T00318_02_004_02_V003.h5,BEAM0110,346880600100072239,-42.807918,-71.190889,320865.6,5258187.3,1174.1401,1,0,0.948092,-1.86,-0.11,1.68,4.26,5.26,20.81,pendiente fuerte: la altura del dosel se sobrestima,pendiente=20.8 > 20 grados
GEDI02_A_2025026122031_O34688_01_T00318_02_004_02_V003.h5,BEAM0110,346880600100072240,-42.807633,-71.190316,320911.6,5258220.1,1170.4637,1,0,0.9486942,-1.98,-0.29,1.3,4.44,5.75,23.35,pendiente fuerte: la altura del dosel se sobrestima,pendiente=23.4 > 20 grados
GEDI02_A_2025026122031_O34688_01_T00318_02_004_02_V003.h5,BEAM0110,346880600100072241,-42.807348,-71.189741,320957.8,5258253.1,1168.9683,1,0,0.95591617,-2.5,-0.67,0.93,2.98,3.84,22.98,pendiente fuerte: la altura del dosel se sobrestima,pendiente=23.0 > 20 grados
GEDI02_A_2025026122031_O34688_01_T00318_02_004_02_V003.h5,BEAM0110,346880600100072272,-42.798503,-71.171924,322389.3,5259273.0,1096.8362,1,0,0.9425252,-1.86,0.22,2.46,5.79,6.98,24.54,pendiente fuerte: la altura del dosel se sobrestima,pendiente=24.5 > 20 grados
GEDI02_A_2025026122031_O34688_01_T00318_02_004_02_V003.h5,BEAM0110,346880600100072279,-42.796505,-71.167897,322713.0,5259503.3,1087.8892,1,0,0.9578953,-1.9,-0.14,1.53,3.99,5.11,22.85,pendiente fuerte: la altura del dosel se sobrestima,pendiente=22.9 > 20 grados
GEDI02_A_2025026122031_O34688_01_T00318_02_004_02_V003.h5,BEAM0110,346880600100072281,-42.795930,-71.166735,322806.4,5259569.6,1100.4281,1,0,0.94194764,-2.5,-0.11,2.2,5.68,7.02,24.75,pendiente fuerte: la altura del dosel se sobrestima,pendiente=24.8 > 20 grados
GEDI02_A_2025026122031_O34688_01_T00318_02_004_02_V003.h5,BEAM0110,346880600100072282,-42.795637,-71.166137,322854.4,5259603.5,1127.8129,1,0,0.9447879,-2.05,0.18,2.46,5.86,7.28,25.30,pendiente fuerte: la altura del dosel se sobrestima,pendiente=25.3 > 20 grados
GEDI02_A_2025026122031_O34688_01_T00318_02_004_02_V003.h5,BEAM0110,346880600100072284,-42.795054,-71.164955,322949.4,5259670.7,1166.978,1,0,0.95023453,-2.35,-0.14,1.98,4.85,5.97,21.76,pendiente fuerte: la altura del dosel se sobrestima,pendiente=21.8 > 20 grados
GEDI02_A_2025026122031_O34688_01_T00318_02_004_02_V003.h5,BEAM0110,346880600100072285,-42.794762,-71.164363,322997.0,5259704.3,1187.8623,1,0,0.95990574,-1.94,0.26,2.5,5.83,6.95,24.38,pendiente fuerte: la altura del dosel se sobrestima,pendiente=24.4 > 20 grados
GEDI02_A_2025026122031_O34688_01_T00318_02_004_02_V003.h5,BEAM0110,346880600100072286,-42.794468,-71.163765,323045.1,5259738.2,1215.3188,1,0,0.95374256,-2.13,-0.22,1.6,4.03,4.97,23.72,pendiente fuerte: la altura del dosel se sobrestima,pendiente=23.7 > 20 grados
GEDI02_A_2025026122031_O34688_01_T00318_02_004_02_V003.h5,BEAM0110,346880600100072326,-42.783049,-71.140808,324890.4,5261054.2,1076.8195,1,0,0.94251084,-2.16,-0.14,1.75,4.55,5.64,23.25,pendiente fuerte: la altura del dosel se sobrestima,pendiente=23.2 > 20 grados
GEDI02_A_2025026122031_O34688_01_T00318_02_004_02_V003.h5,BEAM0110,346880600100072328,-42.782479,-71.139660,324982.7,5261119.9,1070.921,1,0,0.9254191,-3.77,-0.29,2.8,9.11,11.28,31.44,pendiente fuerte: la altura del dosel se sobrestima,pendiente=31.4 > 20 grados
GEDI02_A_2025026122031_O34688_01_T00318_02_004_02_V003.h5,BEAM0110,346880600100072329,-42.782193,-71.139084,325029.0,5261152.9,1070.3044,1,0,0.9452265,-2.84,-0.29,2.24,5.79,6.98,35.09,pendiente fuerte: la altura del dosel se sobrestima,pendiente=35.1 > 20 grados
GEDI02_A_2025026122031_O34688_01_T00318_02_004_02_V003.h5,BEAM0110,346880600100072330,-42.781911,-71.138518,325074.5,5261185.4,1057.163,1,0,0.95002306,-2.31,-0.37,1.45,4.14,5.38,26.59,pendiente fuerte: la altura del dosel se sobrestima,pendiente=26.6 > 20 grados
GEDI02_A_2025026122031_O34688_01_T00318_02_004_02_V003.h5,BEAM0110,346880600100072331,-42.781617,-71.137920,325122.6,5261219.3,1084.6517,1,0,0.91099876,-2.42,0.0,2.39,5.53,6.57,30.41,pendiente fuerte: la altura del dosel se sobrestima,pendiente=30.4 > 20 grados
GEDI02_A_2025026122031_O34688_01_T00318_02_004_02_V003.h5,BEAM0110,346880600100072332,-42.781322,-71.137320,325170.8,5261253.3,1115.9789,1,0,0.9433528,-2.24,0.07,2.39,5.64,6.76,26.45,pendiente fuerte: la altura del dosel se sobrestima,pendiente=26.5 > 20 grados
GEDI02_A_2025026122031_O34688_01_T00318_02_004_02_V003.h5,BEAM0110,346880600100072333,-42.781035,-71.136741,325217.4,5261286.3,1119.0682,1,0,0.94466084,-2.65,-0.37,1.71,4.7,5.75,26.12,pendiente fuerte: la altura del dosel se sobrestima,pendiente=26.1 > 20 grados
GEDI02_A_2025026122031_O34688_01_T00318_02_004_02_V003.h5,BEAM0110,346880600100072334,-42.780752,-71.136173,325263.1,5261319.0,1108.5951,1,0,0.94712937,-3.55,-1.12,1.04,3.81,4.82,26.90,pendiente fuerte: la altura del dosel se sobrestima,pendiente=26.9 > 20 grados
GEDI02_A_2025026122031_O34688_01_T00318_02_004_02_V003.h5,BEAM0110,346880600100072335,-42.780467,-71.135600,325309.1,5261351.8,1104.3931,1,0,0.94880104,-2.13,-0.18,1.68,4.48,5.56,24.21,pendiente fuerte: la altura del dosel se sobrestima,pendiente=24.2 > 20 grados
GEDI02_A_2025026122031_O34688_01_T00318_02_004_02_V003.h5,BEAM0110,346880600100072336,-42.780176,-71.135013,325356.4,5261385.2,1118.8589,1,0,0.9455171,-1.68,-0.07,1.53,3.77,4.67,20.73,pendiente fuerte: la altura del dosel se sobrestima,pendiente=20.7 > 20 grados
GEDI02_A_2025026122031_O34688_01_T00318_02_004_02_V003.h5,BEAM0110,346880600100072338,-42.779605,-71.133863,325448.8,5261451.1,1115.5323,1,0,0.9457071,-1.71,0.0,1.71,4.03,4.78,20.60,pendiente fuerte: la altura del dosel se sobrestima,pendiente=20.6 > 20 grados
GEDI02_A_2025026122031_O34688_01_T00318_02_004_02_V003.h5,BEAM0110,346880600100072339,-42.779326,-71.133306,325493.6,5261483.2,1089.5966,1,0,0.9219286,-1.9,0.11,2.27,5.23,6.16,26.54,pendiente fuerte: la altura del dosel se sobrestima,pendiente=26.5 > 20 grados
GEDI02_A_2025026122031_O34688_01_T00318_02_004_02_V003.h5,BEAM0110,346880600100072340,-42.779046,-71.132746,325538.6,5261515.5,1068.4453,1,0,0.93129367,-2.27,-0.41,1.27,3.96,5.04,24.91,pendiente fuerte: la altura del dosel se sobrestima,pendiente=24.9 > 20 grados
GEDI02_A_2025026122031_O34688_01_T00318_02_004_02_V003.h5,BEAM0110,346880600100072341,-42.778766,-71.132187,325583.6,5261547.8,1046.6625,1,0,0.94425476,-1.56,0.14,1.9,4.37,5.34,22.76,pendiente fuerte: la altura del dosel se sobrestima,pendiente=22.8 > 20 grados
GEDI02_A_2025026122031_O34688_01_T00318_02_004_02_V003.h5,BEAM0110,346880600100072344,-42.777913,-71.130475,325721.2,5261646.0,1024.2877,1,0,0.94233954,-2.01,0.29,2.72,6.35,7.88,23.44,pendiente fuerte: la altura del dosel se sobrestima,pendiente=23.4 > 20 grados
GEDI02_A_2025026122031_O34688_01_T00318_02_004_02_V003.h5,BEAM0110,346880600100072345,-42.777617,-71.129875,325769.5,5261680.1,1056.0514,1,0,0.9515624,-2.35,0.07,2.5,6.16,8.29,29.66,pendiente fuerte: la altura del dosel se sobrestima,pendiente=29.7 > 20 grados
GEDI02_A_2025026122031_O34688_01_T00318_02_004_02_V003.h5,BEAM0110,346880600100072346,-42.777324,-71.129279,325817.4,5261713.9,1081.632,1,0,0.94338655,-2.95,-0.71,1.3,4.26,5.64,27.32,pendiente fuerte: la altura del dosel se sobrestima,pendiente=27.3 > 20 grados
GEDI02_A_2025026122031_O34688_01_T00318_02_004_02_V003.h5,BEAM0110,346880600100072347,-42.777039,-71.128709,325863.2,5261746.7,1074.2208,1,0,0.94995034,-2.2,0.14,2.54,5.97,7.1,31.28,pendiente fuerte: la altura del dosel se sobrestima,pendiente=31.3 > 20 grados
GEDI02_A_2025026122031_O34688_01_T00318_02_004_02_V003.h5,BEAM0110,346880600100072348,-42.776753,-71.128134,325909.5,5261779.6,1072.7712,1,0,0.95477426,-2.31,-0.07,2.16,5.68,6.95,27.11,pendiente fuerte: la altura del dosel se sobrestima,pendiente=27.1 > 20 grados
GEDI02_A_2025026122031_O34688_01_T00318_02_004_02_V003.h5,BEAM0110,346880600100072380,-42.767594,-71.109728,327389.8,5262834.6,1032.423,1,0,0.9388648,-1.83,0.03,1.98,5.04,6.27,21.08,pendiente fuerte: la altura del dosel se sobrestima,pendiente=21.1 > 20 grados
GEDI02_A_2025026122031_O34688_01_T00318_02_004_02_V003.h5,BEAM0110,346880600100072382,-42.767022,-71.108578,327482.3,5262900.4,1028.9082,1,0,0.93836445,-2.01,-0.22,1.49,3.84,4.85,20.53,pendiente fuerte: la altura del dosel se sobrestima,pendiente=20.5 > 20 grados
GEDI02_A_2025026122031_O34688_01_T00318_02_004_02_V003.h5,BEAM0110,346880600100072510,-42.730293,-71.034863,333415.2,5267127.4,1065.428,1,0,0.932968,-2.13,-0.03,2.05,5.08,6.27,21.61,pendiente fuerte: la altura del dosel se sobrestima,pendiente=21.6 > 20 grados
GEDI02_A_2025026122031_O34688_01_T00318_02_004_02_V003.h5,BEAM0110,346880600100072525,-42.726000,-71.026279,334106.6,5267620.9,1014.844,1,0,0.9406603,-1.6,-0.37,0.74,2.13,2.65,,fuera del DEM,sin pendiente disponible
GEDI02_A_2025026122031_O34688_01_T00318_02_004_02_V003.h5,BEAM1000,346880800100042929,-42.826959,-71.213388,319081.5,5256024.7,1575.6427,1,0,0.95362353,-1.27,0.0,1.27,3.28,4.22,,fuera del DEM,sin pendiente disponible
GEDI02_A_2025026122031_O34688_01_T00318_02_004_02_V003.h5,BEAM1000,346880800100042931,-42.826391,-71.212245,319173.2,5256090.2,1562.8848,1,0,0.94063264,-3.51,-0.7,1.9,5.26,6.23,22.63,pendiente fuerte: la altura del dosel se sobrestima,pendiente=22.6 > 20 grados
GEDI02_A_2025026122031_O34688_01_T00318_02_004_02_V003.h5,BEAM1000,346880800100042932,-42.826112,-71.211685,319218.2,5256122.4,1543.4182,1,0,0.95277417,-2.16,-0.48,0.97,3.06,4.07,25.64,pendiente fuerte: la altura del dosel se sobrestima,pendiente=25.6 > 20 grados
GEDI02_A_2025026122031_O34688_01_T00318_02_004_02_V003.h5,BEAM1000,346880800100042933,-42.825835,-71.211130,319262.8,5256154.3,1517.2311,1,0,0.960422,-1.19,0.97,3.84,8.51,10.12,27.44,pendiente fuerte: la altura del dosel se sobrestima,pendiente=27.4 > 20 grados
GEDI02_A_2025026122031_O34688_01_T00318_02_004_02_V003.h5,BEAM1000,346880800100042934,-42.825555,-71.210567,319308.0,5256186.7,1501.2542,1,0,0.9478711,-1.83,0.03,1.94,4.93,6.08,27.67,pendiente fuerte: la altura del dosel se sobrestima,pendiente=27.7 > 20 grados
GEDI02_A_2025026122031_O34688_01_T00318_02_004_02_V003.h5,BEAM1000,346880800100042935,-42.825278,-71.210014,319352.4,5256218.6,1472.3351,1,0,0.952929,-1.64,1.0,4.18,9.04,10.64,28.61,pendiente fuerte: la altura del dosel se sobrestima,pendiente=28.6 > 20 grados
GEDI02_A_2025026122031_O34688_01_T00318_02_004_02_V003.h5,BEAM1000,346880800100042936,-42.824999,-71.209454,319397.3,5256250.8,1452.1912,1,0,0.96848935,-4.22,-0.97,1.97,5.56,6.98,27.28,pendiente fuerte: la altura del dosel se sobrestima,pendiente=27.3 > 20 grados
GEDI02_A_2025026122031_O34688_01_T00318_02_004_02_V003.h5,BEAM1000,346880800100042937,-42.824719,-71.208892,319442.4,5256283.0,1434.1798,1,0,0.9607033,-1.53,1.49,4.33,7.13,8.18,24.51,pendiente fuerte: la altura del dosel se sobrestima,pendiente=24.5 > 20 grados
GEDI02_A_2025026122031_O34688_01_T00318_02_004_02_V003.h5,BEAM1000,346880800100042956,-42.819351,-71.198095,320309.5,5256902.3,1236.7548,1,0,0.96644163,-2.76,0.56,4.52,8.36,9.48,21.82,pendiente fuerte: la altura del dosel se sobrestima,pendiente=21.8 > 20 grados
GEDI02_A_2025026122031_O34688_01_T00318_02_004_02_V003.h5,BEAM1000,346880800100042957,-42.819069,-71.197527,320355.1,5256934.8,1225.067,1,0,0.9657671,-3.69,-0.7,2.01,7.28,9.89,21.17,pendiente fuerte: la altura del dosel se sobrestima,pendiente=21.2 > 20 grados
GEDI02_A_2025026122031_O34688_01_T00318_02_004_02_V003.h5,BEAM1000,346880800100042959,-42.818508,-71.196401,320445.6,5256999.5,1192.1064,1,0,0.9713918,8.51,12.32,15.05,18.34,20.1,22.00,pendiente fuerte: la altura del dosel se sobrestima,pendiente=22.0 > 20 grados
GEDI02_A_2025026122031_O34688_01_T00318_02_004_02_V003.h5,BEAM1000,346880800100042960,-42.818214,-71.195805,320493.4,5257033.4,1214.8585,1,0,0.9667779,-5.26,-1.3,1.56,7.02,9.22,28.87,pendiente fuerte: la altura del dosel se sobrestima,pendiente=28.9 > 20 grados
GEDI02_A_2025026122031_O34688_01_T00318_02_004_02_V003.h5,BEAM1000,346880800100042961,-42.817928,-71.195226,320539.9,5257066.4,1217.3555,1,0,0.9621579,-1.0,2.57,6.35,11.02,12.06,27.24,pendiente fuerte: la altura del dosel se sobrestima,pendiente=27.2 > 20 grados
GEDI02_A_2025026122031_O34688_01_T00318_02_004_02_V003.h5,BEAM1000,346880800100042962,-42.817635,-71.194633,320587.5,5257100.2,1237.3335,1,0,0.9631192,-3.99,-0.22,2.76,6.68,8.33,27.41,pendiente fuerte: la altura del dosel se sobrestima,pendiente=27.4 > 20 grados
GEDI02_A_2025026122031_O34688_01_T00318_02_004_02_V003.h5,BEAM1000,346880800100042963,-42.817347,-71.194050,320634.4,5257133.4,1245.2954,1,0,0.9644349,-6.12,-1.45,2.54,7.62,9.82,30.77,pendiente fuerte: la altura del dosel se sobrestima,pendiente=30.8 > 20 grados
GEDI02_A_2025026122031_O34688_01_T00318_02_004_02_V003.h5,BEAM1000,346880800100042964,-42.817063,-71.193477,320680.4,5257166.2,1240.4436,1,0,0.9574083,-2.42,0.74,4.78,12.81,14.34,32.33,pendiente fuerte: la altura del dosel se sobrestima,pendiente=32.3 > 20 grados
GEDI02_A_2025026122031_O34688_01_T00318_02_004_02_V003.h5,BEAM1000,346880800100042965,-42.816777,-71.192901,320726.7,5257199.2,1240.3434,1,0,0.95618325,-3.73,-0.82,1.94,6.42,8.77,31.82,pendiente fuerte: la altura del dosel se sobrestima,pendiente=31.8 > 20 grados
GEDI02_A_2025026122031_O34688_01_T00318_02_004_02_V003.h5,BEAM1000,346880800100042966,-42.816494,-71.192330,320772.6,5257231.8,1233.4658,1,0,0.9481785,-3.58,-0.59,2.01,6.01,7.39,30.65,pendiente fuerte: la altura del dosel se sobrestima,pendiente=30.7 > 20 grados
GEDI02_A_2025026122031_O34688_01_T00318_02_004_02_V003.h5,BEAM1000,346880800100042967,-42.816213,-71.191765,320817.9,5257264.2,1218.6838,1,0,0.954048,-2.95,-0.18,2.31,5.08,6.01,31.03,pendiente fuerte: la altura del dosel se sobrestima,pendiente=31.0 > 20 grados
GEDI02_A_2025026122031_O34688_01_T00318_02_004_02_V003.h5,BEAM1000,346880800100042968,-42.815938,-71.191215,320862.1,5257295.9,1186.3517,1,0,0.9562013,-2.35,1.34,5.08,9.52,11.5,30.55,pendiente fuerte: la altura del dosel se sobrestima,pendiente=30.6 > 20 grados
GEDI02_A_2025026122031_O34688_01_T00318_02_004_02_V003.h5,BEAM1000,346880800100042969,-42.815660,-71.190656,320907.0,5257328.0,1164.3214,1,0,0.9510547,-1.45,0.03,1.56,3.96,5.08,23.93,pendiente fuerte: la altura del dosel se sobrestima,pendiente=23.9 > 20 grados
GEDI02_A_2025026122031_O34688_01_T00318_02_004_02_V003.h5,BEAM1000,346880800100042981,-42.812245,-71.183770,321460.1,5257721.9,1123.5226,1,0,0.9612389,-1.23,0.63,2.65,5.53,7.09,21.60,pendiente fuerte: la altura del dosel se sobrestima,pendiente=21.6 > 20 grados
GEDI02_A_2025026122031_O34688_01_T00318_02_004_02_V003.h5,BEAM1000,346880800100042982,-42.811952,-71.183175,321507.9,5257755.7,1146.21,1,0,0.9550176,-1.08,3.51,7.32,12.29,14.42,28.45,pendiente fuerte: la altura del dosel se sobrestima,pendiente=28.5 > 20 grados
GEDI02_A_2025026122031_O34688_01_T00318_02_004_02_V003.h5,BEAM1000,346880800100042983,-42.811659,-71.182583,321555.5,5257789.4,1165.0338,1,0,0.9503056,-1.86,0.97,3.99,8.44,9.86,24.03,pendiente fuerte: la altura del dosel se sobrestima,pendiente=24.0 > 20 grados
GEDI02_A_2025026122031_O34688_01_T00318_02_004_02_V003.h5,BEAM1000,346880800100042984,-42.811368,-71.181993,321602.9,5257823.0,1180.6766,1,0,0.96305984,-2.46,0.22,3.06,7.36,8.85,22.91,pendiente fuerte: la altura del dosel se sobrestima,pendiente=22.9 > 20 grados
GEDI02_A_2025026122031_O34688_01_T00318_02_004_02_V003.h5,BEAM1000,346880800100042987,-42.810509,-71.180261,321742.1,5257922.1,1183.4275,1,0,0.9602823,-1.04,0.93,3.28,6.35,7.5,20.43,pendiente fuerte: la altura del dosel se sobrestima,pendiente=20.4 > 20 grados
GEDI02_A_2025026122031_O34688_01_T00318_02_004_02_V003.h5,BEAM1000,346880800100042988,-42.810224,-71.179687,321788.1,5257954.9,1178.9874,1,0,0.9453467,-2.42,-0.33,1.68,4.55,5.64,20.32,pendiente fuerte: la altura del dosel se sobrestima,pendiente=20.3 > 20 grados
GEDI02_A_2025026122031_O34688_01_T00318_02_004_02_V003.h5,BEAM1000,346880800100042999,-42.807073,-71.173343,322297.8,5258318.3,1176.7887,1,0,0.9559993,-2.12,0.07,2.31,5.45,6.65,23.23,pendiente fuerte: la altura del dosel se sobrestima,pendiente=23.2 > 20 grados
GEDI02_A_2025026122031_O34688_01_T00318_02_004_02_V003.h5,BEAM1000,346880800100043000,-42.806788,-71.172772,322343.7,5258351.1,1170.0746,1,0,0.95629925,-1.15,1.38,4.03,7.58,9.07,27.71,pendiente fuerte: la altura del dosel se sobrestima,pendiente=27.7 > 20 grados
GEDI02_A_2025026122031_O34688_01_T00318_02_004_02_V003.h5,BEAM1000,346880800100043001,-42.806508,-71.172210,322388.9,5258383.4,1151.8141,1,0,0.959397,-2.76,-0.03,2.72,6.57,7.99,29.86,pendiente fuerte: la altura del dosel se sobrestima,pendiente=29.9 > 20 grados
GEDI02_A_2025026122031_O34688_01_T00318_02_004_02_V003.h5,BEAM1000,346880800100043002,-42.806229,-71.171651,322433.8,5258415.6,1129.0626,1,0,0.95722234,-3.43,-0.33,2.57,6.46,8.22,29.44,pendiente fuerte: la altura del dosel se sobrestima,pendiente=29.4 > 20 grados
GEDI02_A_2025026122031_O34688_01_T00318_02_004_02_V003.h5,BEAM1000,346880800100043003,-42.805950,-71.171094,322478.5,5258447.7,1105.2151,1,0,0.9571656,-0.67,0.78,2.76,7.02,9.11,23.14,pendiente fuerte: la altura del dosel se sobrestima,pendiente=23.1 > 20 grados
GEDI02_A_2025026122031_O34688_01_T00318_02_004_02_V003.h5,BEAM1000,346880800100043010,-42.803964,-71.167105,322799.1,5258676.6,1044.2363,1,0,0.95236963,-1.56,1.34,4.33,8.81,10.72,27.29,pendiente fuerte: la altura del dosel se sobrestima,pendiente=27.3 > 20 grados
GEDI02_A_2025026122031_O34688_01_T00318_02_004_02_V003.h5,BEAM1000,346880800100043011,-42.803688,-71.166551,322843.5,5258708.5,1015.1775,1,0,0.9524219,-2.91,-0.11,2.76,7.24,8.93,27.02,pendiente fuerte: la altura del dosel se sobrestima,pendiente=27.0 > 20 grados
GEDI02_A_2025026122031_O34688_01_T00318_02_004_02_V003.h5,BEAM1000,346880800100043019,-42.801388,-71.161910,323216.5,5258973.6,1048.1016,1,0,0.96214366,-2.46,0.59,3.88,8.78,10.27,23.25,pendiente fuerte: la altura del dosel se sobrestima,pendiente=23.3 > 20 grados
GEDI02_A_2025026122031_O34688_01_T00318_02_004_02_V003.h5,BEAM1000,346880800100043020,-42.801096,-71.161318,323264.1,5259007.3,1067.2069,1,0,0.956607,-3.43,0.26,4.25,9.78,11.69,26.81,pendiente fuerte: la altura del dosel se sobrestima,pendiente=26.8 > 20 grados
GEDI02_A_2025026122031_O34688_01_T00318_02_004_02_V003.h5,BEAM1000,346880800100043021,-42.800803,-71.160724,323311.8,5259041.1,1088.482,1,0,0.9502441,-2.05,0.67,3.73,7.8,8.78,23.99,pendiente fuerte: la altura del dosel se sobrestima,pendiente=24.0 > 20 grados
GEDI02_A_2025026122031_O34688_01_T00318_02_004_02_V003.h5,BEAM1000,346880800100043022,-42.800516,-71.160146,323358.3,5259074.1,1090.198,1,0,0.9631888,-3.51,-0.78,1.56,4.82,6.09,20.32,pendiente fuerte: la altura del dosel se sobrestima,pendiente=20.3 > 20 grados
GEDI02_A_2025026122031_O34688_01_T00318_02_004_02_V003.h5,BEAM1000,346880800100043026,-42.799356,-71.157797,323547.0,5259207.9,1141.4276,1,0,0.96095985,-2.39,0.26,3.02,7.06,8.63,20.63,pendiente fuerte: la altura del dosel se sobrestima,pendiente=20.6 > 20 grados
GEDI02_A_2025026122031_O34688_01_T00318_02_004_02_V003.h5,BEAM1000,346880800100043049,-42.792755,-71.144497,324616.1,5259968.7,1192.7418,1,0,0.9645924,-2.42,-0.44,1.41,4.14,5.19,20.05,pendiente fuerte: la altura del dosel se sobrestima,pendiente=20.0 > 20 grados
GEDI02_A_2025026122031_O34688_01_T00318_02_004_02_V003.h5,BEAM1000,346880800100043072,-42.786208,-71.131342,325673.5,5260723.1,1065.2849,1,0,0.9393295,-1.71,0.18,2.27,5.64,6.91,25.23,pendiente fuerte: la altura del dosel se sobrestima,pendiente=25.2 > 20 grados
GEDI02_A_2025026122031_O34688_01_T00318_02_004_02_V003.h5,BEAM1000,346880800100043073,-42.785931,-71.130790,325718.0,5260754.9,1035.7257,1,0,0.95211744,-4.07,-0.78,2.42,7.47,8.7,30.42,pendiente fuerte: la altura del dosel se sobrestima,pendiente=30.4 > 20 grados
GEDI02_A_2025026122031_O34688_01_T00318_02_004_02_V003.h5,BEAM1000,346880800100043074,-42.785657,-71.130244,325761.9,5260786.5,998.4349,1,0,0.95195377,-1.71,0.78,3.92,8.74,10.16,24.48,pendiente fuerte: la altura del dosel se sobrestima,pendiente=24.5 > 20 grados
GEDI02_A_2025026122031_O34688_01_T00318_02_004_02_V003.h5,BEAM1000,346880800100043075,-42.785372,-71.129671,325807.9,5260819.3,993.83075,1,0,0.9577292,-2.39,0.29,3.06,6.91,8.07,23.47,pendiente fuerte: la altura del dosel se sobrestima,pendiente=23.5 > 20 grados
GEDI02_A_2025026122031_O34688_01_T00318_02_004_02_V003.h5,BEAM1000,346880800100043076,-42.785089,-71.129103,325853.6,5260851.9,983.3722,1,0,0.9605169,-2.61,-0.41,1.68,4.78,5.9,22.59,pendiente fuerte: la altura del dosel se sobrestima,pendiente=22.6 > 20 grados
GEDI02_A_2025026122031_O34688_01_T00318_02_004_02_V003.h5,BEAM1000,346880800100043079,-42.784232,-71.127378,325992.2,5260950.7,977.99927,1,0,0.9528074,-3.62,-0.03,3.43,8.29,9.64,25.10,pendiente fuerte: la altura del dosel se sobrestima,pendiente=25.1 > 20 grados
GEDI02_A_2025026122031_O34688_01_T00318_02_004_02_V003.h5,BEAM1000,346880800100043080,-42.783940,-71.126788,326039.7,5260984.3,995.45496,1,0,0.95416254,-2.2,0.82,4.33,9.04,10.64,24.71,pendiente fuerte: la altura del dosel se sobrestima,pendiente=24.7 > 20 grados
GEDI02_A_2025026122031_O34688_01_T00318_02_004_02_V003.h5,BEAM1000,346880800100043251,-42.734294,-71.027136,334058.5,5266698.3,1047.2776,1,0,0.94820243,-4.22,-0.97,1.71,5.15,6.38,20.88,pendiente fuerte: la altura del dosel se sobrestima,pendiente=20.9 > 20 grados
GEDI02_A_2025026122031_O34688_01_T00318_02_004_02_V003.h5,BEAM1000,346880800100043252,-42.734003,-71.026550,334105.7,5266731.8,1060.796,1,0,0.93337,-1.75,0.59,3.02,6.16,7.24,,fuera del DEM,sin pendiente disponible
GEDI02_A_2025026122031_O34688_01_T00318_02_004_02_V003.h5,BEAM1000,346880800100043253,-42.733714,-71.025971,334152.4,5266764.9,1065.899,1,0,0.95468634,-1.75,-0.33,0.93,2.54,3.13,,fuera del DEM,sin pendiente disponible
GEDI02_A_2025026122031_O34688_01_T00318_02_004_02_V003.h5,BEAM1011,346881100100041488,-42.833826,-71.213384,319101.8,5255262.1,1401.2257,1,0,0.95353127,-2.39,0.14,2.76,7.06,8.81,22.12,pendiente fuerte: la altura del dosel se sobrestima,pendiente=22.1 > 20 grados
GEDI02_A_2025026122031_O34688_01_T00318_02_004_02_V003.h5,BEAM1011,346881100100041491,-42.832983,-71.211688,319238.0,5255359.3,1357.868,1,0,0.9684558,7.06,12.14,16.73,21.4,23.05,24.18,pendiente fuerte: la altura del dosel se sobrestima,pendiente=24.2 > 20 grados
GEDI02_A_2025026122031_O34688_01_T00318_02_004_02_V003.h5,BEAM1011,346881100100041492,-42.832690,-71.211094,319285.7,5255393.2,1380.2313,1,0,0.9737399,6.05,9.71,12.92,16.92,18.3,28.53,pendiente fuerte: la altura del dosel se sobrestima,pendiente=28.5 > 20 grados
GEDI02_A_2025026122031_O34688_01_T00318_02_004_02_V003.h5,BEAM1011,346881100100041493,-42.832404,-71.210518,319331.9,5255426.1,1379.9473,1,0,0.96886057,4.22,9.71,12.25,15.24,16.32,21.41,pendiente fuerte: la altura del dosel se sobrestima,pendiente=21.4 > 20 grados
GEDI02_A_2025026122031_O34688_01_T00318_02_004_02_V003.h5,BEAM1011,346881100100041500,-42.830413,-71.206502,319654.4,5255655.9,1357.1951,1,0,0.97267014,5.19,9.3,12.47,15.61,16.92,20.21,pendiente fuerte: la altura del dosel se sobrestima,pendiente=20.2 > 20 grados
GEDI02_A_2025026122031_O34688_01_T00318_02_004_02_V003.h5,BEAM1011,346881100100041501,-42.830120,-71.205908,319702.1,5255689.7,1379.0513,1,0,0.96651787,-3.47,-0.33,2.68,6.79,8.36,22.28,pendiente fuerte: la altura del dosel se sobrestima,pendiente=22.3 > 20 grados
GEDI02_A_2025026122031_O34688_01_T00318_02_004_02_V003.h5,BEAM1011,346881100100041503,-42.829553,-71.204766,319793.8,5255755.1,1366.0405,1,0,0.9652442,-2.16,0.48,3.54,9.48,12.77,20.02,pendiente fuerte: la altura del dosel se sobrestima,pendiente=20.0 > 20 grados
GEDI02_A_2025026122031_O34688_01_T00318_02_004_02_V003.h5,BEAM1011,346881100100041504,-42.829276,-71.204212,319838.3,5255787.0,1338.9244,1,0,0.97252834,-1.49,1.04,4.22,10.57,12.62,23.29,pendiente fuerte: la altura del dosel se sobrestima,pendiente=23.3 > 20 grados
GEDI02_A_2025026122031_O34688_01_T00318_02_004_02_V003.h5,BEAM1011,346881100100041505,-42.828998,-71.203654,319883.1,5255819.1,1315.9563,1,0,0.96709085,0.97,7.02,11.5,17.25,18.71,22.43,pendiente fuerte: la altura del dosel se sobrestima,pendiente=22.4 > 20 grados
GEDI02_A_2025026122031_O34688_01_T00318_02_004_02_V003.h5,BEAM1011,346881100100041506,-42.828715,-71.203083,319928.9,5255851.8,1308.7616,1,0,0.959193,-2.09,-0.26,1.45,4.33,5.56,22.51,pendiente fuerte: la altura del dosel se sobrestima,pendiente=22.5 > 20 grados
GEDI02_A_2025026122031_O34688_01_T00318_02_004_02_V003.h5,BEAM1011,346881100100041507,-42.828435,-71.202520,319974.1,5255884.1,1291.7472,1,0,0.9692037,-2.24,2.16,6.05,11.39,12.81,23.72,pendiente fuerte: la altura del dosel se sobrestima,pendiente=23.7 > 20 grados
GEDI02_A_2025026122031_O34688_01_T00318_02_004_02_V003.h5,BEAM1011,346881100100041508,-42.828150,-71.201947,320020.1,5255916.9,1287.8774,1,0,0.96589583,-1.94,0.18,2.39,5.75,7.35,23.88,pendiente fuerte: la altura del dosel se sobrestima,pendiente=23.9 > 20 grados
GEDI02_A_2025026122031_O34688_01_T00318_02_004_02_V003.h5,BEAM1011,346881100100041509,-42.827866,-71.201374,320066.1,5255949.7,1283.5444,1,0,0.95328903,-1.38,-0.11,1.12,3.06,4.03,20.84,pendiente fuerte: la altura del dosel se sobrestima,pendiente=20.8 > 20 grados
GEDI02_A_2025026122031_O34688_01_T00318_02_004_02_V003.h5,BEAM1011,346881100100041512,-42.827021,-71.199674,320202.6,5256047.2,1246.2012,1,0,0.95580953,-2.72,-0.29,2.09,5.56,7.09,23.43,pendiente fuerte: la altura del dosel se sobrestima,pendiente=23.4 > 20 grados
GEDI02_A_2025026122031_O34688_01_T00318_02_004_02_V003.h5,BEAM1011,346881100100041513,-42.826739,-71.199109,320248.0,5256079.6,1232.2422,1,0,0.951714,-2.2,0.41,3.21,6.87,8.14,27.47,pendiente fuerte: la altura del dosel se sobrestima,pendiente=27.5 > 20 grados
GEDI02_A_2025026122031_O34688_01_T00318_02_004_02_V003.h5,BEAM1011,346881100100041514,-42.826458,-71.198543,320293.5,5256112.1,1218.6436,1,0,0.95298743,-3.28,-0.63,1.98,5.75,6.94,30.14,pendiente fuerte: la altura del dosel se sobrestima,pendiente=30.1 > 20 grados
GEDI02_A_2025026122031_O34688_01_T00318_02_004_02_V003.h5,BEAM1011,346881100100041515,-42.826180,-71.197985,320338.2,5256144.1,1194.6624,1,0,0.9381598,-4.14,-0.82,2.09,6.5,7.95,33.36,pendiente fuerte: la altura del dosel se sobrestima,pendiente=33.4 > 20 grados
GEDI02_A_2025026122031_O34688_01_T00318_02_004_02_V003.h5,BEAM1011,346881100100041516,-42.825906,-71.197436,320382.4,5256175.8,1160.5015,1,0,0.9631281,-3.62,-0.14,3.77,9.34,10.68,21.77,pendiente fuerte: la altura del dosel se sobrestima,pendiente=21.8 > 20 grados
GEDI02_A_2025026122031_O34688_01_T00318_02_004_02_V003.h5,BEAM1011,346881100100041517,-42.825617,-71.196854,320429.1,5256209.1,1167.5916,1,0,0.96799284,0.7,5.0,8.55,12.51,14.23,25.07,pendiente fuerte: la altura del dosel se sobrestima,pendiente=25.1 > 20 grados
GEDI02_A_2025026122031_O34688_01_T00318_02_004_02_V003.h5,BEAM1011,346881100100041518,-42.825329,-71.196272,320475.9,5256242.3,1174.1605,1,0,0.9714585,1.53,5.56,8.74,13.3,14.75,28.42,pendiente fuerte: la altura del dosel se sobrestima,pendiente=28.4 > 20 grados
GEDI02_A_2025026122031_O34688_01_T00318_02_004_02_V003.h5,BEAM1011,346881100100041519,-42.825046,-71.195703,320521.6,5256274.9,1164.3749,1,0,0.9672777,0.41,6.31,11.84,15.65,16.73,27.72,pendiente fuerte: la altura del dosel se sobrestima,pendiente=27.7 > 20 grados
GEDI02_A_2025026122031_O34688_01_T00318_02_004_02_V003.h5,BEAM1011,346881100100041520,-42.824758,-71.195120,320568.3,5256308.2,1171.222,1,0,0.9663678,-7.92,-3.58,-0.11,3.25,4.55,27.10,pendiente fuerte: la altura del dosel se sobrestima,pendiente=27.1 > 20 grados
GEDI02_A_2025026122031_O34688_01_T00318_02_004_02_V003.h5,BEAM1011,346881100100041521,-42.824476,-71.194554,320613.8,5256340.6,1157.8074,1,0,0.9615056,1.68,6.8,10.31,13.48,14.49,26.50,pendiente fuerte: la altura del dosel se sobrestima,pendiente=26.5 > 20 grados
GEDI02_A_2025026122031_O34688_01_T00318_02_004_02_V003.h5,BEAM1011,346881100100041522,-42.824193,-71.193984,320659.6,5256373.3,1149.2018,1,0,0.96681094,-0.11,3.88,7.51,13.04,14.72,26.98,pendiente fuerte: la altura del dosel se sobrestima,pendiente=27.0 > 20 grados
GEDI02_A_2025026122031_O34688_01_T00318_02_004_02_V003.h5,BEAM1011,346881100100041523,-42.823908,-71.193409,320705.7,5256406.2,1146.6055,1,0,0.9652763,-4.59,0.44,4.93,9.97,11.32,28.15,pendiente fuerte: la altura del dosel se sobrestima,pendiente=28.1 > 20 grados
GEDI02_A_2025026122031_O34688_01_T00318_02_004_02_V003.h5,BEAM1011,346881100100041524,-42.823621,-71.192830,320752.2,5256439.3,1149.2937,1,0,0.9688146,-5.3,-0.7,3.66,8.33,9.45,30.80,pendiente fuerte: la altura del dosel se sobrestima,pendiente=30.8 > 20 grados
GEDI02_A_2025026122031_O34688_01_T00318_02_004_02_V003.h5,BEAM1011,346881100100041525,-42.823332,-71.192248,320799.0,5256472.6,1156.706,1,0,0.9625072,-3.88,-1.0,1.71,5.04,6.38,29.57,pendiente fuerte: la altura del dosel se sobrestima,pendiente=29.6 > 20 grados
GEDI02_A_2025026122031_O34688_01_T00318_02_004_02_V003.h5,BEAM1011,346881100100041526,-42.823053,-71.191685,320844.2,5256504.9,1138.4628,1,0,0.9661667,1.3,7.17,12.06,15.99,17.11,28.68,pendiente fuerte: la altura del dosel se sobrestima,pendiente=28.7 > 20 grados
GEDI02_A_2025026122031_O34688_01_T00318_02_004_02_V003.h5,BEAM1011,346881100100041527,-42.822759,-71.191091,320891.9,5256538.7,1160.5344,1,0,0.9705949,-5.75,-1.83,1.3,5.71,7.17,24.81,pendiente fuerte: la altura del dosel se sobrestima,pendiente=24.8 > 20 grados
GEDI02_A_2025026122031_O34688_01_T00318_02_004_02_V003.h5,BEAM1011,346881100100041528,-42.822474,-71.190515,320938.2,5256571.6,1158.7516,1,0,0.9524645,-2.01,0.29,2.87,6.83,8.1,27.18,pendiente fuerte: la altura del dosel se sobrestima,pendiente=27.2 > 20 grados
GEDI02_A_2025026122031_O34688_01_T00318_02_004_02_V003.h5,BEAM1011,346881100100041529,-42.822192,-71.189949,320983.6,5256604.1,1145.2512,1,0,0.96795326,-1.45,1.68,6.87,12.81,14.6,28.59,pendiente fuerte: la altura del dosel se sobrestima,pendiente=28.6 > 20 grados
GEDI02_A_2025026122031_O34688_01_T00318_02_004_02_V003.h5,BEAM1011,346881100100041530,-42.821904,-71.189367,321030.4,5256637.3,1151.7041,1,0,0.95383626,-2.65,0.63,4.52,9.04,10.23,28.87,pendiente fuerte: la altura del dosel se sobrestima,pendiente=28.9 > 20 grados
GEDI02_A_2025026122031_O34688_01_T00318_02_004_02_V003.h5,BEAM1011,346881100100041531,-42.821619,-71.188791,321076.6,5256670.3,1150.5385,1,0,0.94898987,-2.54,-0.03,2.5,6.05,7.28,29.07,pendiente fuerte: la altura del dosel se sobrestima,pendiente=29.1 > 20 grados
GEDI02_A_2025026122031_O34688_01_T00318_02_004_02_V003.h5,BEAM1011,346881100100041532,-42.821339,-71.188228,321121.8,5256702.6,1133.3009,1,0,0.95860475,-1.27,1.04,4.11,8.51,9.97,26.45,pendiente fuerte: la altura del dosel se sobrestima,pendiente=26.5 > 20 grados
GEDI02_A_2025026122031_O34688_01_T00318_02_004_02_V003.h5,BEAM1011,346881100100041533,-42.821050,-71.187644,321168.8,5256735.9,1142.8202,1,0,0.9513551,-2.5,0.41,3.36,7.24,8.44,24.93,pendiente fuerte: la altura del dosel se sobrestima,pendiente=24.9 > 20 grados
GEDI02_A_2025026122031_O34688_01_T00318_02_004_02_V003.h5,BEAM1011,346881100100041534,-42.820759,-71.187055,321216.1,5256769.4,1157.787,1,0,0.94950145,-4.67,-1.38,1.56,5.23,6.53,25.21,pendiente fuerte: la altura del dosel se sobrestima,pendiente=25.2 > 20 grados
GEDI02_A_2025026122031_O34688_01_T00318_02_004_02_V003.h5,BEAM1011,346881100100041535,-42.820471,-71.186473,321262.8,5256802.7,1164.8867,1,0,0.961561,-1.56,1.68,5.3,11.02,12.85,27.24,pendiente fuerte: la altura del dosel se sobrestima,pendiente=27.2 > 20 grados
GEDI02_A_2025026122031_O34688_01_T00318_02_004_02_V003.h5,BEAM1011,346881100100041536,-42.820183,-71.185892,321309.5,5256835.8,1170.1804,1,0,0.9558305,-2.76,-0.22,2.2,5.71,6.98,25.17,pendiente fuerte: la altura del dosel se sobrestima,pendiente=25.2 > 20 grados
GEDI02_A_2025026122031_O34688_01_T00318_02_004_02_V003.h5,BEAM1011,346881100100041537,-42.819906,-71.185336,321354.1,5256867.8,1143.3997,1,0,0.95774585,-1.71,0.7,3.43,7.51,9.11,26.93,pendiente fuerte: la altura del dosel se sobrestima,pendiente=26.9 > 20 grados
GEDI02_A_2025026122031_O34688_01_T00318_02_004_02_V003.h5,BEAM1011,346881100100041538,-42.819628,-71.184779,321398.9,5256899.8,1119.6997,1,0,0.9582765,-1.19,1.23,3.84,7.69,9.6,24.64,pendiente fuerte: la altura del dosel se sobrestima,pendiente=24.6 > 20 grados
GEDI02_A_2025026122031_O34688_01_T00318_02_004_02_V003.h5,BEAM1011,346881100100041539,-42.819350,-71.184218,321443.9,5256931.9,1099.3231,1,0,0.9579194,-2.27,0.0,2.27,5.6,6.91,23.02,pendiente fuerte: la altura del dosel se sobrestima,pendiente=23.0 > 20 grados
GEDI02_A_2025026122031_O34688_01_T00318_02_004_02_V003.h5,BEAM1011,346881100100041540,-42.819070,-71.183655,321489.2,5256964.2,1082.0903,1,0,0.9550318,-2.2,0.0,2.16,5.38,6.5,22.95,pendiente fuerte: la altura del dosel se sobrestima,pendiente=23.0 > 20 grados
GEDI02_A_2025026122031_O34688_01_T00318_02_004_02_V003.h5,BEAM1011,346881100100041541,-42.818788,-71.183087,321534.8,5256996.7,1071.2395,1,0,0.9688666,-1.53,0.41,2.46,5.68,7.02,22.93,pendiente fuerte: la altura del dosel se sobrestima,pendiente=22.9 > 20 grados
GEDI02_A_2025026122031_O34688_01_T00318_02_004_02_V003.h5,BEAM1011,346881100100041542,-42.818502,-71.182509,321581.2,5257029.7,1072.7102,1,0,0.9503941,-2.01,-0.11,1.79,4.63,5.71,24.31,pendiente fuerte: la altura del dosel se sobrestima,pendiente=24.3 > 20 grados
GEDI02_A_2025026122031_O34688_01_T00318_02_004_02_V003.h5,BEAM1011,346881100100041543,-42.818219,-71.181941,321626.8,5257062.3,1062.1658,1,0,0.96119964,-1.98,0.37,3.06,7.95,10.31,26.19,pendiente fuerte: la altura del dosel se sobrestima,pendiente=26.2 > 20 grados
GEDI02_A_2025026122031_O34688_01_T00318_02_004_02_V003.h5,BEAM1011,346881100100041544,-42.817933,-71.181362,321673.4,5257095.3,1065.352,1,0,0.9535573,-1.86,1.38,5.53,11.13,13.15,27.39,pendiente fuerte: la altura del dosel se sobrestima,pendiente=27.4 > 20 grados
GEDI02_A_2025026122031_O34688_01_T00318_02_004_02_V003.h5,BEAM1011,346881100100041545,-42.817649,-71.180789,321719.4,5257128.1,1060.3674,1,0,0.9590518,-2.05,0.18,2.54,6.12,7.73,27.33,pendiente fuerte: la altura del dosel se sobrestima,pendiente=27.3 > 20 grados
GEDI02_A_2025026122031_O34688_01_T00318_02_004_02_V003.h5,BEAM1011,346881100100041546,-42.817366,-71.180219,321765.2,5257160.7,1052.3362,1,0,0.95914173,-2.57,0.03,2.65,6.57,7.92,26.05,pendiente fuerte: la altura del dosel se sobrestima,pendiente=26.0 > 20 grados
GEDI02_A_2025026122031_O34688_01_T00318_02_004_02_V003.h5,BEAM1011,346881100100041547,-42.817083,-71.179648,321811.0,5257193.4,1045.1461,1,0,0.95819837,-2.13,0.11,2.42,5.86,6.98,24.92,pendiente fuerte: la altura del dosel se sobrestima,pendiente=24.9 > 20 grados
GEDI02_A_2025026122031_O34688_01_T00318_02_004_02_V003.h5,BEAM1011,346881100100041548,-42.816800,-71.179079,321856.7,5257225.9,1035.6586,1,0,0.9519974,-1.86,-0.14,1.53,4.18,5.38,20.91,pendiente fuerte: la altura del dosel se sobrestima,pendiente=20.9 > 20 grados
GEDI02_A_2025026122031_O34688_01_T00318_02_004_02_V003.h5,BEAM1011,346881100100041558,-42.813952,-71.173340,322317.8,5257554.3,1001.9915,1,0,0.9462387,-2.16,1.42,5.19,9.9,11.73,24.17,pendiente fuerte: la altura del dosel se sobrestima,pendiente=24.2 > 20 grados
GEDI02_A_2025026122031_O34688_01_T00318_02_004_02_V003.h5,BEAM1011,346881100100041559,-42.813653,-71.172732,322366.6,5257588.8,1040.082,1,0,0.9276383,-4.52,-1.45,1.27,4.11,4.89,23.17,pendiente fuerte: la altura del dosel se sobrestima,pendiente=23.2 > 20 grados
GEDI02_A_2025026122031_O34688_01_T00318_02_004_02_V003.h5,BEAM1011,346881100100041560,-42.813365,-71.172151,322413.3,5257622.0,1045.3948,1,0,0.94845897,-2.01,-0.26,1.42,3.58,4.4,20.18,pendiente fuerte: la altura del dosel se sobrestima,pendiente=20.2 > 20 grados
GEDI02_A_2025026122031_O34688_01_T00318_02_004_02_V003.h5,BEAM1011,346881100100041561,-42.813079,-71.171575,322459.6,5257655.0,1044.9688,1,0,0.931701,-1.68,0.67,3.25,6.57,7.84,25.73,pendiente fuerte: la altura del dosel se sobrestima,pendiente=25.7 > 20 grados
GEDI02_A_2025026122031_O34688_01_T00318_02_004_02_V003.h5,BEAM1011,346881100100041562,-42.812793,-71.170999,322505.9,5257688.0,1044.4446,1,0,0.9312536,0.56,4.55,8.14,13.9,15.09,28.82,pendiente fuerte: la altura del dosel se sobrestima,pendiente=28.8 > 20 grados
GEDI02_A_2025026122031_O34688_01_T00318_02_004_02_V003.h5,BEAM1011,346881100100041563,-42.812505,-71.170420,322552.4,5257721.1,1046.3235,1,0,0.9410898,-2.24,0.56,3.47,7.06,8.14,27.24,pendiente fuerte: la altura del dosel se sobrestima,pendiente=27.2 > 20 grados
GEDI02_A_2025026122031_O34688_01_T00318_02_004_02_V003.h5,BEAM1011,346881100100041564,-42.812221,-71.169847,322598.4,5257754.0,1041.6227,1,0,0.9611506,-2.01,0.26,2.72,6.27,7.43,26.98,pendiente fuerte: la altura del dosel se sobrestima,pendiente=27.0 > 20 grados
GEDI02_A_2025026122031_O34688_01_T00318_02_004_02_V003.h5,BEAM1011,346881100100041565,-42.811936,-71.169275,322644.3,5257786.8,1035.0001,1,0,0.9524497,-1.42,0.37,2.39,5.94,7.39,20.38,pendiente fuerte: la altura del dosel se sobrestima,pendiente=20.4 > 20 grados
GEDI02_A_2025026122031_O34688_01_T00318_02_004_02_V003.h5,BEAM1011,346881100100041569,-42.810778,-71.166941,322831.9,5257920.3,1069.2726,1,0,0.96192104,-3.1,-0.56,1.75,5.0,6.2,22.37,pendiente fuerte: la altura del dosel se sobrestima,pendiente=22.4 > 20 grados
GEDI02_A_2025026122031_O34688_01_T00318_02_004_02_V003.h5,BEAM1011,346881100100041570,-42.810487,-71.166353,322879.1,5257953.8,1082.4417,1,0,0.96632284,-2.91,-0.29,2.31,6.42,7.84,25.18,pendiente fuerte: la altura del dosel se sobrestima,pendiente=25.2 > 20 grados
GEDI02_A_2025026122031_O34688_01_T00318_02_004_02_V003.h5,BEAM1011,346881100100041571,-42.810195,-71.165762,322926.6,5257987.6,1099.9778,1,0,0.95655143,-3.47,0.07,3.62,8.81,10.61,28.20,pendiente fuerte: la altura del dosel se sobrestima,pendiente=28.2 > 20 grados
GEDI02_A_2025026122031_O34688_01_T00318_02_004_02_V003.h5,BEAM1011,346881100100041572,-42.809898,-71.165163,322974.8,5258021.7,1128.2759,1,0,0.95130336,-2.01,1.98,5.53,9.45,10.79,26.25,pendiente fuerte: la altura del dosel se sobrestima,pendiente=26.2 > 20 grados
GEDI02_A_2025026122031_O34688_01_T00318_02_004_02_V003.h5,BEAM1011,346881100100041574,-42.809325,-71.164010,323067.4,5258087.8,1127.5166,1,0,0.9470694,-3.06,-0.67,1.6,4.44,5.49,22.51,pendiente fuerte: la altura del dosel se sobrestima,pendiente=22.5 > 20 grados
GEDI02_A_2025026122031_O34688_01_T00318_02_004_02_V003.h5,BEAM1011,346881100100041575,-42.809047,-71.163454,323112.1,5258119.8,1100.914,1,0,0.9556608,-1.86,0.41,2.84,6.91,8.48,24.18,pendiente fuerte: la altura del dosel se sobrestima,pendiente=24.2 > 20 grados
GEDI02_A_2025026122031_O34688_01_T00318_02_004_02_V003.h5,BEAM1011,346881100100041576,-42.808768,-71.162894,323157.0,5258152.0,1078.969,1,0,0.95955014,-2.09,-0.03,2.05,5.26,6.46,22.42,pendiente fuerte: la altura del dosel se sobrestima,pendiente=22.4 > 20 grados
GEDI02_A_2025026122031_O34688_01_T00318_02_004_02_V003.h5,BEAM1011,346881100100041577,-42.808487,-71.162329,323202.4,5258184.5,1063.9546,1,0,0.9597115,-2.09,0.11,2.42,5.86,7.17,22.40,pendiente fuerte: la altura del dosel se sobrestima,pendiente=22.4 > 20 grados
GEDI02_A_2025026122031_O34688_01_T00318_02_004_02_V003.h5,BEAM1011,346881100100041578,-42.808200,-71.161753,323248.7,5258217.5,1063.0139,1,0,0.9585544,-1.71,0.56,2.95,6.05,7.17,24.61,pendiente fuerte: la altura del dosel se sobrestima,pendiente=24.6 > 20 grados
GEDI02_A_2025026122031_O34688_01_T00318_02_004_02_V003.h5,BEAM1011,346881100100041579,-42.807916,-71.161181,323294.7,5258250.3,1056.9956,1,0,0.941026,-1.94,0.14,2.35,5.23,6.2,23.63,pendiente fuerte: la altura del dosel se sobrestima,pendiente=23.6 > 20 grados
GEDI02_A_2025026122031_O34688_01_T00318_02_004_02_V003.h5,BEAM1011,346881100100041580,-42.807636,-71.160619,323339.8,5258282.5,1037.743,1,0,0.9511117,-1.38,0.82,3.47,7.06,8.55,24.83,pendiente fuerte: la altura del dosel se sobrestima,pendiente=24.8 > 20 grados
GEDI02_A_2025026122031_O34688_01_T00318_02_004_02_V003.h5,BEAM1011,346881100100041581,-42.807358,-71.160062,323384.6,5258314.5,1012.03735,1,0,0.95599884,-2.13,0.89,4.14,7.81,9.0,27.98,pendiente fuerte: la altura del dosel se sobrestima,pendiente=28.0 > 20 grados
GEDI02_A_2025026122031_O34688_01_T00318_02_004_02_V003.h5,BEAM1011,346881100100041582,-42.807081,-71.159508,323429.1,5258346.5,983.6806,1,0,0.964869,-3.21,-0.59,2.09,7.36,9.52,25.23,pendiente fuerte: la altura del dosel se sobrestima,pendiente=25.2 > 20 grados
GEDI02_A_2025026122031_O34688_01_T00318_02_004_02_V003.h5,BEAM1011,346881100100041584,-42.806507,-71.158352,323522.0,5258412.6,987.24286,1,0,0.95961666,-2.72,0.44,3.99,9.41,11.43,20.73,pendiente fuerte: la altura del dosel se sobrestima,pendiente=20.7 > 20 grados
GEDI02_A_2025026122031_O34688_01_T00318_02_004_02_V003.h5,BEAM1011,346881100100041586,-42.805924,-71.157172,323616.8,5258479.9,1020.07544,1,0,0.9681152,-3.55,-0.63,2.13,6.16,7.69,22.06,pendiente fuerte: la altura del dosel se sobrestima,pendiente=22.1 > 20 grados
GEDI02_A_2025026122031_O34688_01_T00318_02_004_02_V003.h5,BEAM1011,346881100100041595,-42.803303,-71.151873,324042.7,5258782.0,1156.2754,1,0,0.9566145,-5.64,-1.79,1.9,6.46,7.69,21.62,pendiente fuerte: la altura del dosel se sobrestima,pendiente=21.6 > 20 grados
GEDI02_A_2025026122031_O34688_01_T00318_02_004_02_V003.h5,BEAM1011,346881100100041596,-42.803009,-71.151276,324090.7,5258815.9,1181.5603,1,0,0.9670129,-4.14,-0.59,2.8,7.21,8.66,24.06,pendiente fuerte: la altura del dosel se sobrestima,pendiente=24.1 > 20 grados
GEDI02_A_2025026122031_O34688_01_T00318_02_004_02_V003.h5,BEAM1011,346881100100041597,-42.802715,-71.150681,324138.5,5258849.8,1204.8148,1,0,0.9620317,-3.54,-0.93,1.34,4.4,5.64,20.48,pendiente fuerte: la altura del dosel se sobrestima,pendiente=20.5 > 20 grados
GEDI02_A_2025026122031_O34688_01_T00318_02_004_02_V003.h5,BEAM1011,346881100100041615,-42.797587,-71.140360,324968.1,5259440.7,1134.2972,1,0,0.9482595,-2.27,-0.26,1.68,4.37,5.41,20.73,pendiente fuerte: la altura del dosel se sobrestima,pendiente=20.7 > 20 grados
GEDI02_A_2025026122031_O34688_01_T00318_02_004_02_V003.h5,BEAM1011,346881100100041618,-42.796732,-71.138641,325106.2,5259539.3,1121.3112,1,0,0.964115,-2.05,-0.33,1.27,3.54,4.52,20.52,pendiente fuerte: la altura del dosel se sobrestima,pendiente=20.5 > 20 grados
GEDI02_A_2025026122031_O34688_01_T00318_02_004_02_V003.h5,BEAM1011,346881100100041619,-42.796445,-71.138064,325152.6,5259572.3,1121.6755,1,0,0.9544116,-2.87,-0.44,1.79,4.63,5.71,20.18,pendiente fuerte: la altura del dosel se sobrestima,pendiente=20.2 > 20 grados
GEDI02_A_2025026122031_O34688_01_T00318_02_004_02_V003.h5,BEAM1011,346881100100041629,-42.793591,-71.132328,325613.6,5259901.1,1086.759,1,0,0.95135695,-3.62,-1.04,0.93,3.43,4.4,27.74,pendiente fuerte: la altura del dosel se sobrestima,pendiente=27.7 > 20 grados
GEDI02_A_2025026122031_O34688_01_T00318_02_004_02_V003.h5,BEAM1011,346881100100041630,-42.793314,-71.131775,325658.1,5259933.0,1057.7917,1,0,0.9533916,-5.19,-1.86,1.0,5.15,7.28,30.65,pendiente fuerte: la altura del dosel se sobrestima,pendiente=30.6 > 20 grados
GEDI02_A_2025026122031_O34688_01_T00318_02_004_02_V003.h5,BEAM1011,346881100100041631,-42.793040,-71.131228,325702.1,5259964.6,1021.068,1,0,0.9495507,-2.35,0.89,4.63,9.34,10.72,29.45,pendiente fuerte: la altura del dosel se sobrestima,pendiente=29.4 > 20 grados
GEDI02_A_2025026122031_O34688_01_T00318_02_004_02_V003.h5,BEAM1011,346881100100041632,-42.792764,-71.130677,325746.4,5259996.4,989.16364,1,0,0.95576996,-1.64,0.22,2.27,6.42,8.33,21.29,pendiente fuerte: la altura del dosel se sobrestima,pendiente=21.3 > 20 grados
GEDI02_A_2025026122031_O34688_01_T00318_02_004_02_V003.h5,BEAM1011,346881100100041633,-42.792474,-71.130092,325793.4,5260029.8,999.7363,1,0,0.955954,-4.14,-0.14,3.66,8.81,10.5,29.09,pendiente fuerte: la altura del dosel se sobrestima,pendiente=29.1 > 20 grados
GEDI02_A_2025026122031_O34688_01_T00318_02_004_02_V003.h5,BEAM1011,346881100100041634,-42.792178,-71.129494,325841.5,5260063.9,1026.5844,1,0,0.9559446,-3.73,-0.41,2.46,7.02,9.08,31.52,pendiente fuerte: la altura del dosel se sobrestima,pendiente=31.5 > 20 grados
GEDI02_A_2025026122031_O34688_01_T00318_02_004_02_V003.h5,BEAM1011,346881100100041635,-42.791891,-71.128916,325887.9,5260096.9,1028.5385,1,0,0.95268303,-3.28,-0.29,2.54,7.21,8.85,30.90,pendiente fuerte: la altura del dosel se sobrestima,pendiente=30.9 > 20 grados
GEDI02_A_2025026122031_O34688_01_T00318_02_004_02_V003.h5,BEAM1011,346881100100041636,-42.791604,-71.128338,325934.4,5260130.0,1029.8955,1,0,0.95527524,-2.05,0.0,2.09,5.56,6.83,25.41,pendiente fuerte: la altura del dosel se sobrestima,pendiente=25.4 > 20 grados
GEDI02_A_2025026122031_O34688_01_T00318_02_004_02_V003.h5,BEAM1011,346881100100041637,-42.791321,-71.127770,325980.0,5260162.6,1019.0856,1,0,0.96681654,-2.27,-0.11,2.09,5.75,7.47,21.55,pendiente fuerte: la altura del dosel se sobrestima,pendiente=21.6 > 20 grados
GEDI02_A_2025026122031_O34688_01_T00318_02_004_02_V003.h5,BEAM1011,346881100100041638,-42.791039,-71.127205,326025.5,5260195.1,1005.41156,1,0,0.9459765,-2.09,-0.03,2.01,4.67,5.68,20.92,pendiente fuerte: la altura del dosel se sobrestima,pendiente=20.9 > 20 grados
GEDI02_A_2025026122031_O34688_01_T00318_02_004_02_V003.h5,BEAM1011,346881100100041653,-42.786753,-71.118581,326718.9,5260688.8,976.8686,1,0,0.9576746,-2.57,-0.11,2.39,6.39,7.84,20.48,pendiente fuerte: la altura del dosel se sobrestima,pendiente=20.5 > 20 grados
GEDI02_A_2025026122031_O34688_01_T00318_02_004_02_V003.h5,BEAM1011,346881100100041660,-42.784128,-71.113285,327144.7,5260991.1,1114.7935,1,0,0.95503736,-2.54,0.48,3.47,7.24,8.7,23.01,pendiente fuerte: la altura del dosel se sobrestima,pendiente=23.0 > 20 grados
GEDI02_A_2025026122031_O34688_01_T00318_02_004_02_V003.h5,BEAM1011,346881100100041811,-42.740852,-71.026460,334131.3,5265971.3,967.8796,1,0,0.94880486,-1.19,-0.14,0.85,2.24,2.8,,fuera del DEM,sin pendiente disponible
GEDI02_A_2025026122031_O34688_01_T00318_02_004_02_V003.h5,BEAM1011,346881100100041812,-42.740565,-71.025886,334177.5,5266004.3,966.16876,1,0,0.95961684,-1.45,-0.22,0.97,2.57,3.32,,fuera del DEM,sin pendiente disponible
GEDI02_A_2025053014915_O35100_01_T00318_02_004_02_V003.h5,BEAM0000,351000000100042737,-42.772083,-71.210250,319178.2,5262125.5,1193.9077,1,0,0.9073196,-1.45,0.03,1.56,4.07,4.93,21.09,pendiente fuerte: la altura del dosel se sobrestima,pendiente=21.1 > 20 grados
GEDI02_A_2025053014915_O35100_01_T00318_02_004_02_V003.h5,BEAM0000,351000000100042741,-42.770944,-71.207955,319362.6,5262256.8,1174.5153,1,0,0.9074354,-4.14,-0.85,1.86,5.75,7.65,28.46,pendiente fuerte: la altura del dosel se sobrestima,pendiente=28.5 > 20 grados
GEDI02_A_2025053014915_O35100_01_T00318_02_004_02_V003.h5,BEAM0000,351000000100042742,-42.770655,-71.207361,319410.4,5262290.3,1192.5408,1,0,0.9113347,-2.57,0.44,3.47,7.47,8.55,25.36,pendiente fuerte: la altura del dosel se sobrestima,pendiente=25.4 > 20 grados
GEDI02_A_2025053014915_O35100_01_T00318_02_004_02_V003.h5,BEAM0000,351000000100042744,-42.770075,-71.206171,319506.1,5262357.2,1230.0242,1,0,0.9040829,-3.62,-0.52,2.16,5.3,6.2,22.19,pendiente fuerte: la altura del dosel se sobrestima,pendiente=22.2 > 20 grados
GEDI02_A_2025053014915_O35100_01_T00318_02_004_02_V003.h5,BEAM0000,351000000100042745,-42.769790,-71.205595,319552.4,5262390.1,1227.747,1,0,0.9162091,0.63,3.84,6.83,11.13,12.21,23.87,pendiente fuerte: la altura del dosel se sobrestima,pendiente=23.9 > 20 grados
GEDI02_A_2025053014915_O35100_01_T00318_02_004_02_V003.h5,BEAM0000,351000000100042746,-42.769503,-71.205013,319599.1,5262423.1,1232.1996,1,0,0.9171127,4.18,8.14,10.75,13.52,14.38,27.43,pendiente fuerte: la altura del dosel se sobrestima,pendiente=27.4 > 20 grados
GEDI02_A_2025053014915_O35100_01_T00318_02_004_02_V003.h5,BEAM0000,351000000100042750,-42.768362,-71.202705,319784.7,5262554.8,1229.084,1,0,0.91225505,-1.94,0.14,2.42,5.45,6.23,27.90,pendiente fuerte: la altura del dosel se sobrestima,pendiente=27.9 > 20 grados
GEDI02_A_2025053014915_O35100_01_T00318_02_004_02_V003.h5,BEAM0000,351000000100042752,-42.767800,-71.201586,319874.6,5262619.6,1189.3677,1,0,0.9388781,0.07,3.66,6.46,9.41,10.42,21.92,pendiente fuerte: la altura del dosel se sobrestima,pendiente=21.9 > 20 grados
GEDI02_A_2025053014915_O35100_01_T00318_02_004_02_V003.h5,BEAM0000,351000000100042754,-42.767222,-71.200405,319969.6,5262686.3,1217.6162,1,0,0.9168272,-1.68,1.3,5.15,9.26,10.53,28.11,pendiente fuerte: la altura del dosel se sobrestima,pendiente=28.1 > 20 grados
GEDI02_A_2025053014915_O35100_01_T00318_02_004_02_V003.h5,BEAM0000,351000000100042814,-42.749796,-71.165255,322795.8,5264695.9,1165.9861,1,0,0.90547365,-1.71,0.85,3.96,7.77,8.66,24.58,pendiente fuerte: la altura del dosel se sobrestima,pendiente=24.6 > 20 grados
GEDI02_A_2025053014915_O35100_01_T00318_02_004_02_V003.h5,BEAM0000,351000000100042835,-42.743759,-71.153049,323777.7,5265391.8,1262.308,1,0,0.9000931,-1.83,-0.26,1.23,3.32,4.1,22.96,pendiente fuerte: la altura del dosel se sobrestima,pendiente=23.0 > 20 grados
GEDI02_A_2025053014915_O35100_01_T00318_02_004_02_V003.h5,BEAM0001,351000100100041720,-42.776700,-71.205507,319579.6,5261622.9,1220.0365,1,0,0.9026498,1.12,4.37,7.95,11.5,12.32,23.13,pendiente fuerte: la altura del dosel se sobrestima,pendiente=23.1 > 20 grados
GEDI02_A_2025053014915_O35100_01_T00318_02_004_02_V003.h5,BEAM0001,351000100100041724,-42.775555,-71.203188,319766.0,5261755.0,1227.7654,1,0,0.90464187,-1.97,-0.07,1.86,4.66,5.52,23.83,pendiente fuerte: la altura del dosel se sobrestima,pendiente=23.8 > 20 grados
GEDI02_A_2025053014915_O35100_01_T00318_02_004_02_V003.h5,BEAM0001,351000100100041768,-42.762984,-71.177768,321809.5,5263205.0,1231.4305,1,0,0.92473066,-2.46,0.0,2.35,5.26,6.23,28.34,pendiente fuerte: la altura del dosel se sobrestima,pendiente=28.3 > 20 grados
GEDI02_A_2025053014915_O35100_01_T00318_02_004_02_V003.h5,BEAM0001,351000100100041769,-42.762704,-71.177213,321854.1,5263237.3,1205.8918,1,0,0.91242844,-2.35,0.03,2.46,5.64,6.53,30.15,pendiente fuerte: la altura del dosel se sobrestima,pendiente=30.1 > 20 grados
GEDI02_A_2025053014915_O35100_01_T00318_02_004_02_V003.h5,BEAM0001,351000100100041771,-42.762138,-71.176081,321945.2,5263302.5,1180.6156,1,0,0.90992254,-1.41,0.03,1.49,3.58,4.33,20.58,pendiente fuerte: la altura del dosel se sobrestima,pendiente=20.6 > 20 grados
GEDI02_A_2025053014915_O35100_01_T00318_02_004_02_V003.h5,BEAM0001,351000100100041777,-42.760416,-71.172595,322225.5,5263501.1,1205.4767,1,0,0.9115983,-1.98,0.56,3.36,7.02,8.14,22.31,pendiente fuerte: la altura del dosel se sobrestima,pendiente=22.3 > 20 grados
GEDI02_A_2025053014915_O35100_01_T00318_02_004_02_V003.h5,BEAM0001,351000100100041779,-42.759831,-71.171395,322322.0,5263568.6,1257.1177,1,0,0.9034582,0.97,5.0,9.82,16.32,17.81,32.22,pendiente fuerte: la altura del dosel se sobrestima,pendiente=32.2 > 20 grados
GEDI02_A_2025053014915_O35100_01_T00318_02_004_02_V003.h5,BEAM0001,351000100100041782,-42.758681,-71.169066,322509.3,5263701.2,1281.5884,1,0,0.9034655,-1.34,0.93,3.47,6.98,7.95,30.45,pendiente fuerte: la altura del dosel se sobrestima,pendiente=30.4 > 20 grados
GEDI02_A_2025053014915_O35100_01_T00318_02_004_02_V003.h5,BEAM0001,351000100100041807,-42.751526,-71.154647,323668.9,5264526.0,1295.4686,1,0,0.9065225,-2.2,-0.48,1.12,3.32,4.18,22.14,pendiente fuerte: la altura del dosel se sobrestima,pendiente=22.1 > 20 grados
GEDI02_A_2025053014915_O35100_01_T00318_02_004_02_V003.h5,BEAM0010,351000200100042741,-42.785928,-71.211765,319094.5,5260584.7,1393.1305,1,0,0.90794575,-0.18,2.24,4.78,6.91,7.58,,fuera del DEM,sin pendiente disponible
GEDI02_A_2025053014915_O35100_01_T00318_02_004_02_V003.h5,BEAM0010,351000200100042752,-42.782482,-71.204808,319653.6,5260982.2,1417.445,1,0,0.9092873,-0.74,1.64,4.29,8.33,9.9,25.59,pendiente fuerte: la altura del dosel se sobrestima,pendiente=25.6 > 20 grados
GEDI02_A_2025053014915_O35100_01_T00318_02_004_02_V003.h5,BEAM0010,351000200100042764,-42.779060,-71.197929,320206.4,5261377.0,1349.4365,1,0,0.9017571,-2.05,-0.07,1.86,4.4,5.26,20.78,pendiente fuerte: la altura del dosel se sobrestima,pendiente=20.8 > 20 grados
GEDI02_A_2025053014915_O35100_01_T00318_02_004_02_V003.h5,BEAM0010,351000200100042766,-42.778489,-71.196780,320298.7,5261442.9,1341.6896,1,0,0.9049613,-0.18,2.12,4.22,6.68,7.39,21.74,pendiente fuerte: la altura del dosel se sobrestima,pendiente=21.7 > 20 grados
GEDI02_A_2025053014915_O35100_01_T00318_02_004_02_V003.h5,BEAM0010,351000200100042830,-42.760212,-71.159886,323264.9,5263550.5,1250.7368,1,0,0.90286326,-2.95,-0.97,0.78,2.87,3.62,21.58,pendiente fuerte: la altura del dosel se sobrestima,pendiente=21.6 > 20 grados
GEDI02_A_2025053014915_O35100_01_T00318_02_004_02_V003.h5,BEAM0010,351000200100043008,-42.708710,-71.056403,331593.4,5269481.4,952.5373,1,0,0.914683,-1.08,-0.07,0.89,2.24,2.76,,fuera del DEM,sin pendiente disponible
GEDI02_A_2025053014915_O35100_01_T00318_02_004_02_V003.h5,BEAM0011,351000300100041666,-42.789719,-71.205408,319625.5,5260177.3,1284.0063,1,0,0.9259175,-1.71,0.26,2.35,5.23,6.2,21.34,pendiente fuerte: la altura del dosel se sobrestima,pendiente=21.3 > 20 grados
GEDI02_A_2025053014915_O35100_01_T00318_02_004_02_V003.h5,BEAM0011,351000300100041673,-42.787722,-71.201398,319947.8,5260407.7,1241.419,1,0,0.9287862,0.63,3.88,6.12,8.59,9.37,20.51,pendiente fuerte: la altura del dosel se sobrestima,pendiente=20.5 > 20 grados
GEDI02_A_2025053014915_O35100_01_T00318_02_004_02_V003.h5,BEAM0011,351000300100041674,-42.787438,-71.200829,319993.5,5260440.4,1229.9246,1,0,0.9260306,0.26,4.89,11.65,16.59,17.63,21.33,pendiente fuerte: la altura del dosel se sobrestima,pendiente=21.3 > 20 grados
GEDI02_A_2025053014915_O35100_01_T00318_02_004_02_V003.h5,BEAM0011,351000300100041679,-42.786001,-71.197925,320226.8,5260606.2,1245.9022,1,0,0.92173994,2.8,5.97,9.11,12.33,13.3,25.44,pendiente fuerte: la altura del dosel se sobrestima,pendiente=25.4 > 20 grados
GEDI02_A_2025053014915_O35100_01_T00318_02_004_02_V003.h5,BEAM0011,351000300100041682,-42.784851,-71.195599,320413.7,5260738.9,1262.1835,1,0,0.93819755,-2.65,-0.44,1.56,4.26,5.23,20.05,pendiente fuerte: la altura del dosel se sobrestima,pendiente=20.0 > 20 grados
GEDI02_A_2025053014915_O35100_01_T00318_02_004_02_V003.h5,BEAM0011,351000300100041683,-42.784567,-71.195030,320459.5,5260771.7,1251.3352,1,0,0.93791807,-0.26,2.2,6.42,10.35,11.47,27.69,pendiente fuerte: la altura del dosel se sobrestima,pendiente=27.7 > 20 grados
GEDI02_A_2025053014915_O35100_01_T00318_02_004_02_V003.h5,BEAM0011,351000300100041684,-42.784278,-71.194445,320506.5,5260805.0,1260.3083,1,0,0.9375606,-2.09,0.33,3.02,7.36,8.59,28.96,pendiente fuerte: la altura del dosel se sobrestima,pendiente=29.0 > 20 grados
GEDI02_A_2025053014915_O35100_01_T00318_02_004_02_V003.h5,BEAM0011,351000300100041685,-42.783990,-71.193862,320553.4,5260838.2,1266.5667,1,0,0.9004311,-1.49,0.82,3.36,6.5,7.36,24.09,pendiente fuerte: la altura del dosel se sobrestima,pendiente=24.1 > 20 grados
GEDI02_A_2025053014915_O35100_01_T00318_02_004_02_V003.h5,BEAM0011,351000300100041686,-42.783706,-71.193291,320599.2,5260871.0,1257.1971,1,0,0.9036498,-1.98,0.03,2.05,4.67,5.53,23.37,pendiente fuerte: la altura del dosel se sobrestima,pendiente=23.4 > 20 grados
GEDI02_A_2025053014915_O35100_01_T00318_02_004_02_V003.h5,BEAM0011,351000300100041695,-42.781144,-71.188150,321012.4,5261166.3,1184.7341,1,0,0.90281934,-1.6,-0.11,1.34,3.32,4.07,20.18,pendiente fuerte: la altura del dosel se sobrestima,pendiente=20.2 > 20 grados
GEDI02_A_2025053014915_O35100_01_T00318_02_004_02_V003.h5,BEAM0011,351000300100041696,-42.780860,-71.187580,321058.2,5261199.1,1175.1115,1,0,0.9131083,-1.38,0.22,1.94,4.48,5.3,20.93,pendiente fuerte: la altura del dosel se sobrestima,pendiente=20.9 > 20 grados
GEDI02_A_2025053014915_O35100_01_T00318_02_004_02_V003.h5,BEAM0011,351000300100041697,-42.780577,-71.187012,321103.8,5261231.8,1162.6504,1,0,0.9307887,-2.61,-0.56,1.23,3.73,4.63,23.23,pendiente fuerte: la altura del dosel se sobrestima,pendiente=23.2 > 20 grados
GEDI02_A_2025053014915_O35100_01_T00318_02_004_02_V003.h5,BEAM0011,351000300100041712,-42.776279,-71.178330,321801.7,5261727.4,1183.1646,1,0,0.9124854,-1.34,0.67,2.87,5.82,6.72,25.45,pendiente fuerte: la altura del dosel se sobrestima,pendiente=25.4 > 20 grados
GEDI02_A_2025053014915_O35100_01_T00318_02_004_02_V003.h5,BEAM0011,351000300100041724,-42.772859,-71.171435,322356.0,5262121.8,1133.5243,1,0,0.9179412,-1.68,-0.07,1.56,4.22,5.3,21.14,pendiente fuerte: la altura del dosel se sobrestima,pendiente=21.1 > 20 grados
GEDI02_A_2025053014915_O35100_01_T00318_02_004_02_V003.h5,BEAM0011,351000300100041731,-42.770857,-71.167389,322681.3,5262352.6,1134.8811,1,0,0.9069988,-2.31,-0.11,2.16,5.04,5.94,29.54,pendiente fuerte: la altura del dosel se sobrestima,pendiente=29.5 > 20 grados
GEDI02_A_2025053014915_O35100_01_T00318_02_004_02_V003.h5,BEAM0011,351000300100041766,-42.760865,-71.147219,324303.3,5263504.5,1087.1553,1,0,0.9147011,-2.98,-0.44,2.09,5.19,6.09,29.78,pendiente fuerte: la altura del dosel se sobrestima,pendiente=29.8 > 20 grados
GEDI02_A_2025053014915_O35100_01_T00318_02_004_02_V003.h5,BEAM0011,351000300100041782,-42.755971,-71.137319,325099.6,5264068.4,1198.7706,1,0,0.90422726,-0.07,2.98,5.23,7.58,8.29,31.10,pendiente fuerte: la altura del dosel se sobrestima,pendiente=31.1 > 20 grados
GEDI02_A_2025053014915_O35100_01_T00318_02_004_02_V003.h5,BEAM0011,351000300100041937,-42.711322,-71.047647,332317.5,5269208.7,946.2244,1,0,0.9290926,-1.3,-0.14,0.93,2.39,2.91,,fuera del DEM,sin pendiente disponible
GEDI02_A_2025053014915_O35100_01_T00318_02_004_02_V003.h5,BEAM0011,351000300100041938,-42.711036,-71.047074,332363.7,5269241.6,943.4005,1,0,0.9147067,-1.15,-0.18,0.74,1.9,2.35,,fuera del DEM,sin pendiente disponible
GEDI02_A_2025053014915_O35100_01_T00318_02_004_02_V003.h5,BEAM0011,351000300100041939,-42.710750,-71.046500,332409.9,5269274.5,939.6356,1,0,0.9163783,-1.3,-0.03,1.23,3.1,3.73,,fuera del DEM,sin pendiente disponible
GEDI02_A_2025053014915_O35100_01_T00318_02_004_02_V003.h5,BEAM0011,351000300100041940,-42.710464,-71.045928,332456.0,5269307.4,935.21423,1,0,0.9114616,-1.04,0.11,1.34,3.21,3.99,,fuera del DEM,sin pendiente disponible
GEDI02_A_2025053014915_O35100_01_T00318_02_004_02_V003.h5,BEAM0011,351000300100041941,-42.710177,-71.045351,332502.5,5269340.5,936.24695,1,0,0.90248233,-1.27,-0.14,0.85,2.24,2.76,,fuera del DEM,sin pendiente disponible
GEDI02_A_2025053014915_O35100_01_T00318_02_004_02_V003.h5,BEAM0011,351000300100041944,-42.709319,-71.043633,332640.9,5269439.1,922.7117,1,0,0.9063725,-1.15,0.03,1.23,2.99,3.62,,fuera del DEM,sin pendiente disponible
GEDI02_A_2025053014915_O35100_01_T00318_02_004_02_V003.h5,BEAM0011,351000300100041946,-42.708747,-71.042488,332733.1,5269504.9,914.2642,1,0,0.90714896,-1.38,-0.07,1.19,2.91,3.55,,fuera del DEM,sin pendiente disponible
GEDI02_A_2025053014915_O35100_01_T00318_02_004_02_V003.h5,BEAM0101,351000500100041559,-42.794135,-71.198259,320223.0,5259702.1,1304.0804,1,0,0.9109851,-3.43,-0.59,1.83,4.81,5.64,23.69,pendiente fuerte: la altura del dosel se sobrestima,pendiente=23.7 > 20 grados
GEDI02_A_2025053014915_O35100_01_T00318_02_004_02_V003.h5,BEAM0101,351000500100041560,-42.793850,-71.197682,320269.4,5259735.1,1302.1714,1,0,0.90664303,-1.94,0.0,1.97,4.4,5.22,24.61,pendiente fuerte: la altura del dosel se sobrestima,pendiente=24.6 > 20 grados
GEDI02_A_2025053014915_O35100_01_T00318_02_004_02_V003.h5,BEAM0101,351000500100041568,-42.791569,-71.193076,320639.5,5259998.2,1279.5098,1,0,0.9038293,-2.01,0.33,2.95,6.91,8.03,21.05,pendiente fuerte: la altura del dosel se sobrestima,pendiente=21.0 > 20 grados
GEDI02_A_2025053014915_O35100_01_T00318_02_004_02_V003.h5,BEAM0101,351000500100041569,-42.791279,-71.192484,320687.1,5260031.7,1296.2322,1,0,0.92309046,-1.3,0.82,3.13,6.16,7.32,23.10,pendiente fuerte: la altura del dosel se sobrestima,pendiente=23.1 > 20 grados
GEDI02_A_2025053014915_O35100_01_T00318_02_004_02_V003.h5,BEAM0101,351000500100041571,-42.790707,-71.191328,320780.0,5260097.6,1295.1793,1,0,0.9122077,-0.52,1.94,5.0,8.59,9.48,23.56,pendiente fuerte: la altura del dosel se sobrestima,pendiente=23.6 > 20 grados
GEDI02_A_2025053014915_O35100_01_T00318_02_004_02_V003.h5,BEAM0101,351000500100041575,-42.789568,-71.189027,320964.9,5260229.0,1281.8201,1,0,0.947259,-2.01,0.07,2.24,5.93,7.28,24.63,pendiente fuerte: la altura del dosel se sobrestima,pendiente=24.6 > 20 grados
GEDI02_A_2025053014915_O35100_01_T00318_02_004_02_V003.h5,BEAM0101,351000500100041576,-42.789276,-71.188428,321013.1,5260262.8,1306.3262,1,0,0.9457979,-3.13,-0.14,3.02,8.66,10.34,29.52,pendiente fuerte: la altura del dosel se sobrestima,pendiente=29.5 > 20 grados
GEDI02_A_2025053014915_O35100_01_T00318_02_004_02_V003.h5,BEAM0101,351000500100041577,-42.788983,-71.187829,321061.2,5260296.5,1331.2806,1,0,0.93594813,-1.68,1.12,3.88,8.03,9.3,26.70,pendiente fuerte: la altura del dosel se sobrestima,pendiente=26.7 > 20 grados
GEDI02_A_2025053014915_O35100_01_T00318_02_004_02_V003.h5,BEAM0101,351000500100041578,-42.788694,-71.187241,321108.5,5260329.8,1342.6732,1,0,0.9434298,-1.71,-0.14,1.34,3.43,4.14,22.78,pendiente fuerte: la altura del dosel se sobrestima,pendiente=22.8 > 20 grados
GEDI02_A_2025053014915_O35100_01_T00318_02_004_02_V003.h5,BEAM0101,351000500100041579,-42.788415,-71.186681,321153.4,5260362.1,1321.1471,1,0,0.95031667,-1.75,-0.07,1.56,4.07,5.11,26.58,pendiente fuerte: la altura del dosel se sobrestima,pendiente=26.6 > 20 grados
GEDI02_A_2025053014915_O35100_01_T00318_02_004_02_V003.h5,BEAM0101,351000500100041580,-42.788136,-71.186126,321198.1,5260394.2,1295.19,1,0,0.932673,-2.42,-0.44,1.3,3.66,4.44,26.91,pendiente fuerte: la altura del dosel se sobrestima,pendiente=26.9 > 20 grados
GEDI02_A_2025053014915_O35100_01_T00318_02_004_02_V003.h5,BEAM0101,351000500100041581,-42.787859,-71.185576,321242.3,5260426.1,1262.7919,1,0,0.9438271,-0.89,1.15,3.62,6.91,8.03,21.40,pendiente fuerte: la altura del dosel se sobrestima,pendiente=21.4 > 20 grados
GEDI02_A_2025053014915_O35100_01_T00318_02_004_02_V003.h5,BEAM0101,351000500100041583,-42.787286,-71.184414,321335.7,5260492.2,1270.4495,1,0,0.9560544,-1.75,0.78,3.47,7.43,9.03,20.70,pendiente fuerte: la altura del dosel se sobrestima,pendiente=20.7 > 20 grados
GEDI02_A_2025053014915_O35100_01_T00318_02_004_02_V003.h5,BEAM0101,351000500100041593,-42.784423,-71.178615,321801.8,5260822.4,1297.5583,1,0,0.9423285,-1.71,-0.29,0.97,2.68,3.36,21.26,pendiente fuerte: la altura del dosel se sobrestima,pendiente=21.3 > 20 grados
GEDI02_A_2025053014915_O35100_01_T00318_02_004_02_V003.h5,BEAM0101,351000500100041594,-42.784141,-71.178048,321847.3,5260855.0,1285.211,1,0,0.9365455,-1.9,0.03,1.97,4.66,5.6,24.51,pendiente fuerte: la altura del dosel se sobrestima,pendiente=24.5 > 20 grados
GEDI02_A_2025053014915_O35100_01_T00318_02_004_02_V003.h5,BEAM0101,351000500100041595,-42.783858,-71.177480,321893.0,5260887.6,1274.1664,1,0,0.942313,-1.94,0.18,2.46,5.56,6.72,25.92,pendiente fuerte: la altura del dosel se sobrestima,pendiente=25.9 > 20 grados
GEDI02_A_2025053014915_O35100_01_T00318_02_004_02_V003.h5,BEAM0101,351000500100041596,-42.783573,-71.176903,321939.3,5260920.5,1273.1385,1,0,0.9416203,-2.05,0.11,2.42,5.9,7.28,25.86,pendiente fuerte: la altura del dosel se sobrestima,pendiente=25.9 > 20 grados
GEDI02_A_2025053014915_O35100_01_T00318_02_004_02_V003.h5,BEAM0101,351000500100041597,-42.783287,-71.176326,321985.7,5260953.4,1272.3438,1,0,0.9438873,-2.83,-0.14,2.72,6.46,7.62,22.18,pendiente fuerte: la altura del dosel se sobrestima,pendiente=22.2 > 20 grados
GEDI02_A_2025053014915_O35100_01_T00318_02_004_02_V003.h5,BEAM0101,351000500100041599,-42.782718,-71.175177,322078.1,5261019.1,1265.4022,1,0,0.9408795,-2.16,-0.11,1.94,4.55,5.37,21.42,pendiente fuerte: la altura del dosel se sobrestima,pendiente=21.4 > 20 grados
GEDI02_A_2025053014915_O35100_01_T00318_02_004_02_V003.h5,BEAM0101,351000500100041600,-42.782438,-71.174620,322122.8,5261051.3,1242.079,1,0,0.935762,-1.27,0.14,1.64,4.66,6.35,21.30,pendiente fuerte: la altura del dosel se sobrestima,pendiente=21.3 > 20 grados
GEDI02_A_2025053014915_O35100_01_T00318_02_004_02_V003.h5,BEAM0101,351000500100041601,-42.782145,-71.174020,322171.1,5261085.0,1268.215,1,0,0.926208,-1.38,1.45,4.48,8.62,9.89,32.17,pendiente fuerte: la altura del dosel se sobrestima,pendiente=32.2 > 20 grados
GEDI02_A_2025053014915_O35100_01_T00318_02_004_02_V003.h5,BEAM0101,351000500100041602,-42.781850,-71.173412,322219.9,5261119.1,1302.9689,1,0,0.94249463,-1.49,0.93,3.77,7.39,8.74,29.60,pendiente fuerte: la altura del dosel se sobrestima,pendiente=29.6 > 20 grados
GEDI02_A_2025053014915_O35100_01_T00318_02_004_02_V003.h5,BEAM0101,351000500100041603,-42.781559,-71.172817,322267.8,5261152.7,1323.1227,1,0,0.9157036,-1.86,0.0,1.86,4.81,5.75,28.01,pendiente fuerte: la altura del dosel se sobrestima,pendiente=28.0 > 20 grados
GEDI02_A_2025053014915_O35100_01_T00318_02_004_02_V003.h5,BEAM0101,351000500100041604,-42.781278,-71.172254,322313.1,5261185.2,1306.7823,1,0,0.9338657,-2.24,0.0,2.2,5.22,6.23,32.86,pendiente fuerte: la altura del dosel se sobrestima,pendiente=32.9 > 20 grados
GEDI02_A_2025053014915_O35100_01_T00318_02_004_02_V003.h5,BEAM0101,351000500100041605,-42.780998,-71.171695,322358.0,5261217.4,1284.9077,1,0,0.9321526,-1.15,1.04,3.43,6.72,7.99,31.18,pendiente fuerte: la altura del dosel se sobrestima,pendiente=31.2 > 20 grados
GEDI02_A_2025053014915_O35100_01_T00318_02_004_02_V003.h5,BEAM0101,351000500100041606,-42.780713,-71.171121,322404.1,5261250.2,1280.5011,1,0,0.9064579,-1.68,0.33,2.54,6.27,7.35,27.83,pendiente fuerte: la altura del dosel se sobrestima,pendiente=27.8 > 20 grados
GEDI02_A_2025053014915_O35100_01_T00318_02_004_02_V003.h5,BEAM0101,351000500100041607,-42.780422,-71.170527,322451.9,5261283.8,1299.421,1,0,0.9449796,-1.79,0.44,2.91,6.94,8.36,23.81,pendiente fuerte: la altura del dosel se sobrestima,pendiente=23.8 > 20 grados
GEDI02_A_2025053014915_O35100_01_T00318_02_004_02_V003.h5,BEAM0101,351000500100041608,-42.780131,-71.169933,322499.7,5261317.4,1318.7539,1,0,0.9087335,-1.27,0.07,1.41,3.32,3.99,26.66,pendiente fuerte: la altura del dosel se sobrestima,pendiente=26.7 > 20 grados
GEDI02_A_2025053014915_O35100_01_T00318_02_004_02_V003.h5,BEAM0101,351000500100041846,-42.711487,-71.031931,333605.0,5269221.5,925.0772,1,0,0.93745416,-1.38,-0.22,0.82,2.2,2.72,,fuera del DEM,sin pendiente disponible
GEDI02_A_2025053014915_O35100_01_T00318_02_004_02_V003.h5,BEAM0101,351000500100041847,-42.711202,-71.031360,333651.0,5269254.3,919.00543,1,0,0.9362668,-1.34,-0.11,1.08,2.72,3.4,,fuera del DEM,sin pendiente disponible
GEDI02_A_2025053014915_O35100_01_T00318_02_004_02_V003.h5,BEAM0101,351000500100041848,-42.710916,-71.030789,333697.1,5269287.1,914.2502,1,0,0.9181426,-1.19,-0.14,0.82,2.12,2.57,,fuera del DEM,sin pendiente disponible
GEDI02_A_2025053014915_O35100_01_T00318_02_004_02_V003.h5,BEAM0101,351000500100041849,-42.710631,-71.030217,333743.1,5269319.9,909.15295,1,0,0.93814284,-1.19,-0.07,1.0,2.57,3.21,,fuera del DEM,sin pendiente disponible
GEDI02_A_2025053014915_O35100_01_T00318_02_004_02_V003.h5,BEAM0101,351000500100041850,-42.710346,-71.029649,333788.9,5269352.6,900.55066,1,0,0.9347919,-1.23,-0.11,0.93,2.39,2.98,,fuera del DEM,sin pendiente disponible
GEDI02_A_2025053014915_O35100_01_T00318_02_004_02_V003.h5,BEAM0101,351000500100041851,-42.710061,-71.029076,333835.0,5269385.5,896.8969,1,0,0.94577616,-1.19,-0.07,1.08,2.83,3.58,,fuera del DEM,sin pendiente disponible
GEDI02_A_2025053014915_O35100_01_T00318_02_004_02_V003.h5,BEAM0101,351000500100041852,-42.709775,-71.028506,333880.9,5269418.3,890.6606,1,0,0.9509702,-1.23,-0.18,0.78,2.09,2.61,,fuera del DEM,sin pendiente disponible
GEDI02_A_2025053014915_O35100_01_T00318_02_004_02_V003.h5,BEAM0101,351000500100041853,-42.709489,-71.027931,333927.3,5269451.3,890.14185,1,0,0.94380206,-1.27,-0.18,0.78,2.12,2.65,,fuera del DEM,sin pendiente disponible
GEDI02_A_2025053014915_O35100_01_T00318_02_004_02_V003.h5,BEAM0101,351000500100041854,-42.709202,-71.027355,333973.7,5269484.3,890.5678,1,0,0.946188,-1.15,-0.11,0.85,2.24,2.8,,fuera del DEM,sin pendiente disponible
GEDI02_A_2025053014915_O35100_01_T00318_02_004_02_V003.h5,BEAM0101,351000500100041855,-42.708914,-71.026778,334020.2,5269517.4,892.89343,1,0,0.93762726,-1.23,-0.18,0.78,2.09,2.54,,fuera del DEM,sin pendiente disponible
GEDI02_A_2025053014915_O35100_01_T00318_02_004_02_V003.h5,BEAM0101,351000500100041856,-42.708626,-71.026199,334066.8,5269550.5,896.7874,1,0,0.9285024,-1.53,-0.03,1.45,3.54,4.29,,fuera del DEM,sin pendiente disponible
GEDI02_A_2025053014915_O35100_01_T00318_02_004_02_V003.h5,BEAM0110,351000600100071972,-42.808517,-71.213268,319037.5,5258073.0,1442.6018,1,0,0.96217185,-1.53,0.37,2.39,4.93,5.9,,fuera del DEM,sin pendiente disponible
GEDI02_A_2025053014915_O35100_01_T00318_02_004_02_V003.h5,BEAM0110,351000600100071973,-42.808227,-71.212679,319084.8,5258106.5,1454.9238,1,0,0.96473694,-2.57,-0.59,1.08,3.39,4.4,,fuera del DEM,sin pendiente disponible
GEDI02_A_2025053014915_O35100_01_T00318_02_004_02_V003.h5,BEAM0110,351000600100071974,-42.807937,-71.212093,319131.9,5258139.8,1464.7219,1,0,0.93816924,-1.56,0.07,1.83,4.55,5.52,23.98,pendiente fuerte: la altura del dosel se sobrestima,pendiente=24.0 > 20 grados
GEDI02_A_2025053014915_O35100_01_T00318_02_004_02_V003.h5,BEAM0110,351000600100071975,-42.807651,-71.211514,319178.4,5258172.9,1464.996,1,0,0.96195155,-1.83,-0.14,1.49,3.51,4.33,21.22,pendiente fuerte: la altura del dosel se sobrestima,pendiente=21.2 > 20 grados
GEDI02_A_2025053014915_O35100_01_T00318_02_004_02_V003.h5,BEAM0110,351000600100071977,-42.807083,-71.210376,319269.8,5258238.3,1443.0304,1,0,0.9652412,-3.06,-0.59,1.53,4.48,5.67,21.36,pendiente fuerte: la altura del dosel se sobrestima,pendiente=21.4 > 20 grados
GEDI02_A_2025053014915_O35100_01_T00318_02_004_02_V003.h5,BEAM0110,351000600100071978,-42.806797,-71.209799,319316.1,5258271.3,1441.193,1,0,0.9647835,-2.09,-0.07,1.86,4.85,6.01,23.97,pendiente fuerte: la altura del dosel se sobrestima,pendiente=24.0 > 20 grados
GEDI02_A_2025053014915_O35100_01_T00318_02_004_02_V003.h5,BEAM0110,351000600100071979,-42.806513,-71.209227,319362.0,5258304.1,1432.7957,1,0,0.96705717,-2.16,-0.03,2.01,5.15,6.5,20.43,pendiente fuerte: la altura del dosel se sobrestima,pendiente=20.4 > 20 grados
GEDI02_A_2025053014915_O35100_01_T00318_02_004_02_V003.h5,BEAM0110,351000600100071984,-42.805092,-71.206370,319591.5,5258468.1,1392.0359,1,0,0.96826166,-3.62,-0.93,1.12,3.73,4.7,21.43,pendiente fuerte: la altura del dosel se sobrestima,pendiente=21.4 > 20 grados
GEDI02_A_2025053014915_O35100_01_T00318_02_004_02_V003.h5,BEAM0110,351000600100071985,-42.804810,-71.205806,319636.9,5258500.6,1375.4121,1,0,0.9616233,-3.81,-0.97,1.41,4.44,5.64,26.46,pendiente fuerte: la altura del dosel se sobrestima,pendiente=26.5 > 20 grados
GEDI02_A_2025053014915_O35100_01_T00318_02_004_02_V003.h5,BEAM0110,351000600100072002,-42.799957,-71.196018,320423.2,5259060.5,1329.6089,1,0,0.9396152,-3.06,-0.52,1.56,4.89,6.12,21.38,pendiente fuerte: la altura del dosel se sobrestima,pendiente=21.4 > 20 grados
GEDI02_A_2025053014915_O35100_01_T00318_02_004_02_V003.h5,BEAM0110,351000600100072003,-42.799670,-71.195437,320469.8,5259093.6,1332.958,1,0,0.9372168,3.51,8.33,11.58,14.86,15.91,23.73,pendiente fuerte: la altura del dosel se sobrestima,pendiente=23.7 > 20 grados
GEDI02_A_2025053014915_O35100_01_T00318_02_004_02_V003.h5,BEAM0110,351000600100072004,-42.799377,-71.194839,320517.9,5259127.4,1357.2898,1,0,0.9229221,-1.64,-0.11,1.41,3.58,4.4,24.83,pendiente fuerte: la altura del dosel se sobrestima,pendiente=24.8 > 20 grados
GEDI02_A_2025053014915_O35100_01_T00318_02_004_02_V003.h5,BEAM0110,351000600100072005,-42.799087,-71.194250,320565.2,5259160.8,1369.5964,1,0,0.9317013,-1.45,1.64,7.58,13.07,14.3,24.99,pendiente fuerte: la altura del dosel se sobrestima,pendiente=25.0 > 20 grados
GEDI02_A_2025053014915_O35100_01_T00318_02_004_02_V003.h5,BEAM0110,351000600100072006,-42.798795,-71.193654,320613.1,5259194.5,1390.9637,1,0,0.9512416,-2.27,-0.11,1.94,4.66,5.67,20.54,pendiente fuerte: la altura del dosel se sobrestima,pendiente=20.5 > 20 grados
GEDI02_A_2025053014915_O35100_01_T00318_02_004_02_V003.h5,BEAM0110,351000600100072015,-42.796235,-71.188493,321027.8,5259489.8,1341.0222,1,0,0.9558718,-1.79,-0.22,1.27,3.21,3.95,20.04,pendiente fuerte: la altura del dosel se sobrestima,pendiente=20.0 > 20 grados
GEDI02_A_2025053014915_O35100_01_T00318_02_004_02_V003.h5,BEAM0110,351000600100072016,-42.795948,-71.187911,321074.6,5259522.9,1345.3032,1,0,0.94910896,-1.56,0.26,2.16,5.04,6.23,26.92,pendiente fuerte: la altura del dosel se sobrestima,pendiente=26.9 > 20 grados
GEDI02_A_2025053014915_O35100_01_T00318_02_004_02_V003.h5,BEAM0110,351000600100072017,-42.795659,-71.187326,321121.6,5259556.2,1353.544,1,0,0.92602396,-2.95,-0.48,1.79,4.81,5.79,29.02,pendiente fuerte: la altura del dosel se sobrestima,pendiente=29.0 > 20 grados
GEDI02_A_2025053014915_O35100_01_T00318_02_004_02_V003.h5,BEAM0110,351000600100072018,-42.795374,-71.186749,321168.0,5259589.1,1352.5774,1,0,0.9278235,-2.09,0.0,2.05,4.85,5.79,28.68,pendiente fuerte: la altura del dosel se sobrestima,pendiente=28.7 > 20 grados
GEDI02_A_2025053014915_O35100_01_T00318_02_004_02_V003.h5,BEAM0110,351000600100072019,-42.795089,-71.186175,321214.1,5259621.9,1347.224,1,0,0.935379,-1.49,0.29,2.12,4.74,5.75,26.05,pendiente fuerte: la altura del dosel se sobrestima,pendiente=26.0 > 20 grados
GEDI02_A_2025053014915_O35100_01_T00318_02_004_02_V003.h5,BEAM0110,351000600100072020,-42.794805,-71.185601,321260.2,5259654.7,1342.3312,1,0,0.94167626,-1.86,0.0,1.86,4.59,5.82,28.80,pendiente fuerte: la altura del dosel se sobrestima,pendiente=28.8 > 20 grados
GEDI02_A_2025053014915_O35100_01_T00318_02_004_02_V003.h5,BEAM0110,351000600100072021,-42.794520,-71.185026,321306.4,5259687.6,1337.872,1,0,0.9589928,-2.24,-0.14,1.86,4.89,6.05,30.53,pendiente fuerte: la altura del dosel se sobrestima,pendiente=30.5 > 20 grados
GEDI02_A_2025053014915_O35100_01_T00318_02_004_02_V003.h5,BEAM0110,351000600100072022,-42.794233,-71.184445,321353.1,5259720.7,1342.0483,1,0,0.9447869,-2.76,-0.33,2.01,5.56,7.09,31.06,pendiente fuerte: la altura del dosel se sobrestima,pendiente=31.1 > 20 grados
GEDI02_A_2025053014915_O35100_01_T00318_02_004_02_V003.h5,BEAM0110,351000600100072023,-42.793946,-71.183862,321400.0,5259753.8,1347.8978,1,0,0.94676214,-2.57,-0.18,2.12,5.56,6.87,29.73,pendiente fuerte: la altura del dosel se sobrestima,pendiente=29.7 > 20 grados
GEDI02_A_2025053014915_O35100_01_T00318_02_004_02_V003.h5,BEAM0110,351000600100072024,-42.793659,-71.183281,321446.7,5259786.9,1351.1726,1,0,0.9445904,-2.76,-0.41,1.9,5.04,6.2,27.02,pendiente fuerte: la altura del dosel se sobrestima,pendiente=27.0 > 20 grados
GEDI02_A_2025053014915_O35100_01_T00318_02_004_02_V003.h5,BEAM0110,351000600100072025,-42.793375,-71.182709,321492.6,5259819.6,1343.433,1,0,0.94977707,-2.12,-0.37,1.3,3.66,4.7,23.50,pendiente fuerte: la altura del dosel se sobrestima,pendiente=23.5 > 20 grados
GEDI02_A_2025053014915_O35100_01_T00318_02_004_02_V003.h5,BEAM0110,351000600100072026,-42.793091,-71.182135,321538.7,5259852.4,1338.2874,1,0,0.95753145,-1.53,0.0,1.53,3.69,4.52,20.38,pendiente fuerte: la altura del dosel se sobrestima,pendiente=20.4 > 20 grados
GEDI02_A_2025053014915_O35100_01_T00318_02_004_02_V003.h5,BEAM0110,351000600100072028,-42.792519,-71.180979,321631.7,5259918.3,1338.5715,1,0,0.9543166,-0.89,1.6,3.88,6.35,7.28,20.88,pendiente fuerte: la altura del dosel se sobrestima,pendiente=20.9 > 20 grados
GEDI02_A_2025053014915_O35100_01_T00318_02_004_02_V003.h5,BEAM0110,351000600100072029,-42.792235,-71.180405,321677.8,5259951.1,1334.1354,1,0,0.9497114,-1.38,0.07,1.6,4.18,5.37,23.55,pendiente fuerte: la altura del dosel se sobrestima,pendiente=23.5 > 20 grados
GEDI02_A_2025053014915_O35100_01_T00318_02_004_02_V003.h5,BEAM0110,351000600100072030,-42.791952,-71.179834,321723.7,5259983.8,1325.4269,1,0,0.9523705,-1.75,-0.18,1.27,3.21,3.95,23.62,pendiente fuerte: la altura del dosel se sobrestima,pendiente=23.6 > 20 grados
GEDI02_A_2025053014915_O35100_01_T00318_02_004_02_V003.h5,BEAM0110,351000600100072031,-42.791667,-71.179261,321769.7,5260016.6,1319.474,1,0,0.95672536,-1.68,-0.14,1.27,3.36,4.25,20.23,pendiente fuerte: la altura del dosel se sobrestima,pendiente=20.2 > 20 grados
GEDI02_A_2025053014915_O35100_01_T00318_02_004_02_V003.h5,BEAM0110,351000600100072032,-42.791383,-71.178686,321815.9,5260049.4,1315.8881,1,0,0.95316935,-1.83,-0.22,1.27,3.39,4.29,21.55,pendiente fuerte: la altura del dosel se sobrestima,pendiente=21.5 > 20 grados
GEDI02_A_2025053014915_O35100_01_T00318_02_004_02_V003.h5,BEAM0110,351000600100072033,-42.791101,-71.178120,321861.4,5260081.9,1302.1564,1,0,0.9084026,-1.49,-0.03,1.38,3.43,4.14,21.54,pendiente fuerte: la altura del dosel se sobrestima,pendiente=21.5 > 20 grados
GEDI02_A_2025053014915_O35100_01_T00318_02_004_02_V003.h5,BEAM0110,351000600100072257,-42.726434,-71.047986,332330.5,5267529.9,1081.2742,1,0,0.93195873,-2.54,-0.33,1.68,4.7,5.79,21.08,pendiente fuerte: la altura del dosel se sobrestima,pendiente=21.1 > 20 grados
GEDI02_A_2025053014915_O35100_01_T00318_02_004_02_V003.h5,BEAM1000,351000800100042850,-42.816334,-71.213235,319063.0,5257204.9,1401.3748,1,0,0.96451604,-0.89,2.76,7.28,11.5,12.58,,fuera del DEM,sin pendiente disponible
GEDI02_A_2025053014915_O35100_01_T00318_02_004_02_V003.h5,BEAM1000,351000800100042851,-42.816042,-71.212640,319110.8,5257238.7,1420.2982,1,0,0.9607133,-3.32,-0.22,2.98,7.84,9.33,23.97,pendiente fuerte: la altura del dosel se sobrestima,pendiente=24.0 > 20 grados
GEDI02_A_2025053014915_O35100_01_T00318_02_004_02_V003.h5,BEAM1000,351000800100042852,-42.815748,-71.212040,319159.0,5257272.6,1444.4843,1,0,0.95016307,-4.48,-1.08,1.97,6.31,7.91,23.47,pendiente fuerte: la altura del dosel se sobrestima,pendiente=23.5 > 20 grados
GEDI02_A_2025053014915_O35100_01_T00318_02_004_02_V003.h5,BEAM1000,351000800100042855,-42.814891,-71.210307,319298.1,5257371.4,1441.6376,1,0,0.94625956,-1.71,-0.07,1.53,3.99,5.07,20.12,pendiente fuerte: la altura del dosel se sobrestima,pendiente=20.1 > 20 grados
GEDI02_A_2025053014915_O35100_01_T00318_02_004_02_V003.h5,BEAM1000,351000800100042857,-42.814332,-71.209184,319388.3,5257436.0,1403.491,1,0,0.960538,-3.92,-1.12,1.53,5.41,7.16,24.06,pendiente fuerte: la altura del dosel se sobrestima,pendiente=24.1 > 20 grados
GEDI02_A_2025053014915_O35100_01_T00318_02_004_02_V003.h5,BEAM1000,351000800100042858,-42.814054,-71.208629,319432.9,5257468.0,1377.9191,1,0,0.9634058,-2.5,-0.26,1.9,4.77,5.78,24.27,pendiente fuerte: la altura del dosel se sobrestima,pendiente=24.3 > 20 grados
GEDI02_A_2025053014915_O35100_01_T00318_02_004_02_V003.h5,BEAM1000,351000800100042859,-42.813775,-71.208068,319477.9,5257500.2,1357.7534,1,0,0.9699132,-2.39,-0.48,1.23,3.95,5.41,21.47,pendiente fuerte: la altura del dosel se sobrestima,pendiente=21.5 > 20 grados
GEDI02_A_2025053014915_O35100_01_T00318_02_004_02_V003.h5,BEAM1000,351000800100042865,-42.812082,-71.204658,319751.8,5257695.5,1289.7101,1,0,0.9485457,-2.16,-0.14,1.97,5.41,6.53,20.99,pendiente fuerte: la altura del dosel se sobrestima,pendiente=21.0 > 20 grados
GEDI02_A_2025053014915_O35100_01_T00318_02_004_02_V003.h5,BEAM1000,351000800100042866,-42.811800,-71.204089,319797.5,5257728.0,1278.6077,1,0,0.9590459,-2.2,0.0,2.2,5.11,6.27,20.62,pendiente fuerte: la altura del dosel se sobrestima,pendiente=20.6 > 20 grados
GEDI02_A_2025053014915_O35100_01_T00318_02_004_02_V003.h5,BEAM1000,351000800100042867,-42.811519,-71.203524,319842.9,5257760.5,1264.3917,1,0,0.96148616,-1.83,0.18,2.24,5.26,6.94,24.11,pendiente fuerte: la altura del dosel se sobrestima,pendiente=24.1 > 20 grados
GEDI02_A_2025053014915_O35100_01_T00318_02_004_02_V003.h5,BEAM1000,351000800100042868,-42.811241,-71.202968,319887.6,5257792.4,1238.9363,1,0,0.95907664,3.54,7.8,10.71,14.71,16.5,28.79,pendiente fuerte: la altura del dosel se sobrestima,pendiente=28.8 > 20 grados
GEDI02_A_2025053014915_O35100_01_T00318_02_004_02_V003.h5,BEAM1000,351000800100042869,-42.810959,-71.202399,319933.2,5257825.0,1227.988,1,0,0.9551044,-3.47,-0.37,2.42,6.72,8.06,24.61,pendiente fuerte: la altura del dosel se sobrestima,pendiente=24.6 > 20 grados
GEDI02_A_2025053014915_O35100_01_T00318_02_004_02_V003.h5,BEAM1000,351000800100042870,-42.810684,-71.201849,319977.5,5257856.8,1196.8845,1,0,0.96560496,-1.9,0.78,4.07,9.78,11.39,20.92,pendiente fuerte: la altura del dosel se sobrestima,pendiente=20.9 > 20 grados
GEDI02_A_2025053014915_O35100_01_T00318_02_004_02_V003.h5,BEAM1000,351000800100042871,-42.810391,-71.201252,320025.4,5257890.5,1217.4801,1,0,0.96434075,-0.59,4.18,7.69,13.67,15.12,25.64,pendiente fuerte: la altura del dosel se sobrestima,pendiente=25.6 > 20 grados
GEDI02_A_2025053014915_O35100_01_T00318_02_004_02_V003.h5,BEAM1000,351000800100042872,-42.810107,-71.200678,320071.5,5257923.3,1212.4459,1,0,0.9687964,-0.63,3.51,10.79,15.94,17.33,31.09,pendiente fuerte: la altura del dosel se sobrestima,pendiente=31.1 > 20 grados
GEDI02_A_2025053014915_O35100_01_T00318_02_004_02_V003.h5,BEAM1000,351000800100042873,-42.809829,-71.200120,320116.3,5257955.4,1189.824,1,0,0.96708757,1.12,7.99,12.66,16.91,18.67,33.99,pendiente fuerte: la altura del dosel se sobrestima,pendiente=34.0 > 20 grados
GEDI02_A_2025053014915_O35100_01_T00318_02_004_02_V003.h5,BEAM1000,351000800100042874,-42.809542,-71.199537,320163.2,5257988.6,1195.8302,1,0,0.9622221,-1.56,2.87,7.95,15.64,17.36,29.34,pendiente fuerte: la altura del dosel se sobrestima,pendiente=29.3 > 20 grados
GEDI02_A_2025053014915_O35100_01_T00318_02_004_02_V003.h5,BEAM1000,351000800100042879,-42.808122,-71.196671,320393.4,5258152.3,1169.1654,1,0,0.97364,-1.94,0.63,3.39,6.46,7.58,20.37,pendiente fuerte: la altura del dosel se sobrestima,pendiente=20.4 > 20 grados
GEDI02_A_2025053014915_O35100_01_T00318_02_004_02_V003.h5,BEAM1000,351000800100042880,-42.807836,-71.196092,320439.9,5258185.3,1170.0381,1,0,0.9706186,-3.47,-0.97,0.85,3.1,3.95,20.72,pendiente fuerte: la altura del dosel se sobrestima,pendiente=20.7 > 20 grados
GEDI02_A_2025053014915_O35100_01_T00318_02_004_02_V003.h5,BEAM1000,351000800100043172,-42.723394,-71.026096,334114.6,5267910.7,1028.8679,1,0,0.95351046,-1.34,-0.26,0.7,1.97,2.5,,fuera del DEM,sin pendiente disponible
GEDI02_A_2025053014915_O35100_01_T00318_02_004_02_V003.h5,BEAM1011,351001100100041387,-42.823370,-71.213569,319056.2,5256422.8,1571.4517,1,0,0.95181435,-1.49,0.0,1.53,3.84,4.77,,fuera del DEM,sin pendiente disponible
GEDI02_A_2025053014915_O35100_01_T00318_02_004_02_V003.h5,BEAM1011,351001100100041393,-42.821683,-71.210178,319328.5,5256617.5,1481.0367,1,0,0.97256553,-6.46,-2.5,0.29,3.39,5.6,22.56,pendiente fuerte: la altura del dosel se sobrestima,pendiente=22.6 > 20 grados
GEDI02_A_2025053014915_O35100_01_T00318_02_004_02_V003.h5,BEAM1011,351001100100041394,-42.821405,-71.209622,319373.1,5256649.5,1456.1307,1,0,0.9715613,-2.46,-0.07,2.31,6.49,8.47,22.08,pendiente fuerte: la altura del dosel se sobrestima,pendiente=22.1 > 20 grados
GEDI02_A_2025053014915_O35100_01_T00318_02_004_02_V003.h5,BEAM1011,351001100100041395,-42.821127,-71.209064,319418.0,5256681.7,1433.4551,1,0,0.9712866,2.72,8.47,11.2,14.63,16.28,21.78,pendiente fuerte: la altura del dosel se sobrestima,pendiente=21.8 > 20 grados
GEDI02_A_2025053014915_O35100_01_T00318_02_004_02_V003.h5,BEAM1011,351001100100041396,-42.820846,-71.208499,319463.3,5256714.0,1417.3623,1,0,0.9692443,-2.65,0.33,3.65,7.46,9.03,20.95,pendiente fuerte: la altura del dosel se sobrestima,pendiente=21.0 > 20 grados
GEDI02_A_2025053014915_O35100_01_T00318_02_004_02_V003.h5,BEAM1011,351001100100041398,-42.820283,-71.207366,319554.3,5256779.0,1390.5754,1,0,0.9588615,-1.79,-0.22,1.3,3.24,3.99,21.60,pendiente fuerte: la altura del dosel se sobrestima,pendiente=21.6 > 20 grados
GEDI02_A_2025053014915_O35100_01_T00318_02_004_02_V003.h5,BEAM1011,351001100100041406,-42.818026,-71.202823,319919.2,5257039.3,1295.4094,1,0,0.9692031,-5.0,-1.56,1.08,4.93,7.47,20.39,pendiente fuerte: la altura del dosel se sobrestima,pendiente=20.4 > 20 grados
GEDI02_A_2025053014915_O35100_01_T00318_02_004_02_V003.h5,BEAM1011,351001100100041407,-42.817738,-71.202237,319966.2,5257072.6,1303.2207,1,0,0.9684582,-2.65,0.63,4.07,8.1,9.63,20.66,pendiente fuerte: la altura del dosel se sobrestima,pendiente=20.7 > 20 grados
GEDI02_A_2025053014915_O35100_01_T00318_02_004_02_V003.h5,BEAM1011,351001100100041422,-42.813450,-71.193559,320663.3,5257567.3,1305.0455,1,0,0.959286,-1.6,0.82,3.32,6.98,8.59,24.48,pendiente fuerte: la altura del dosel se sobrestima,pendiente=24.5 > 20 grados
GEDI02_A_2025053014915_O35100_01_T00318_02_004_02_V003.h5,BEAM1011,351001100100041423,-42.813172,-71.193003,320707.9,5257599.3,1279.5474,1,0,0.95944875,-1.45,0.52,2.83,6.76,8.62,22.96,pendiente fuerte: la altura del dosel se sobrestima,pendiente=23.0 > 20 grados
GEDI02_A_2025053014915_O35100_01_T00318_02_004_02_V003.h5,BEAM1011,351001100100041426,-42.812329,-71.191305,320844.3,5257696.5,1237.5586,1,0,0.9657305,-2.16,-0.26,1.49,3.77,4.81,21.65,pendiente fuerte: la altura del dosel se sobrestima,pendiente=21.6 > 20 grados
GEDI02_A_2025053014915_O35100_01_T00318_02_004_02_V003.h5,BEAM1011,351001100100041427,-42.812046,-71.190733,320890.3,5257729.2,1230.8785,1,0,0.96291274,-1.75,0.07,2.01,5.45,6.76,23.07,pendiente fuerte: la altura del dosel se sobrestima,pendiente=23.1 > 20 grados
GEDI02_A_2025053014915_O35100_01_T00318_02_004_02_V003.h5,BEAM1011,351001100100041428,-42.811760,-71.190153,320936.9,5257762.2,1233.1815,1,0,0.9639194,-1.27,0.63,2.8,5.71,6.76,23.21,pendiente fuerte: la altura del dosel se sobrestima,pendiente=23.2 > 20 grados
GEDI02_A_2025053014915_O35100_01_T00318_02_004_02_V003.h5,BEAM1011,351001100100041429,-42.811476,-71.189581,320982.8,5257794.9,1226.5753,1,0,0.962844,-0.74,1.23,5.08,12.06,13.4,22.19,pendiente fuerte: la altura del dosel se sobrestima,pendiente=22.2 > 20 grados
GEDI02_A_2025053014915_O35100_01_T00318_02_004_02_V003.h5,BEAM1011,351001100100041430,-42.811192,-71.189007,321028.9,5257827.7,1221.69,1,0,0.9568552,-0.97,0.82,2.87,6.2,7.39,21.58,pendiente fuerte: la altura del dosel se sobrestima,pendiente=21.6 > 20 grados
GEDI02_A_2025053014915_O35100_01_T00318_02_004_02_V003.h5,BEAM1011,351001100100041431,-42.810907,-71.188430,321075.3,5257860.6,1220.8794,1,0,0.97068363,-1.71,1.27,4.33,8.36,10.01,21.26,pendiente fuerte: la altura del dosel se sobrestima,pendiente=21.3 > 20 grados
GEDI02_A_2025053014915_O35100_01_T00318_02_004_02_V003.h5,BEAM1011,351001100100041448,-42.806067,-71.178650,321861.1,5258418.7,1174.1736,1,0,0.9210495,-0.85,3.58,6.98,10.12,11.13,22.39,pendiente fuerte: la altura del dosel se sobrestima,pendiente=22.4 > 20 grados
GEDI02_A_2025053014915_O35100_01_T00318_02_004_02_V003.h5,BEAM1011,351001100100041449,-42.805778,-71.178063,321908.2,5258452.1,1184.1108,1,0,0.9373795,-2.65,-0.41,1.68,4.78,5.71,25.47,pendiente fuerte: la altura del dosel se sobrestima,pendiente=25.5 > 20 grados
GEDI02_A_2025053014915_O35100_01_T00318_02_004_02_V003.h5,BEAM1011,351001100100041454,-42.804370,-71.175229,322135.9,5258614.4,1120.0824,1,0,0.9393749,-1.6,0.48,2.68,5.52,6.49,25.90,pendiente fuerte: la altura del dosel se sobrestima,pendiente=25.9 > 20 grados
GEDI02_A_2025053014915_O35100_01_T00318_02_004_02_V003.h5,BEAM1011,351001100100041455,-42.804089,-71.174663,322181.4,5258646.9,1106.2352,1,0,0.9407299,-2.05,-0.03,1.9,4.74,5.93,24.40,pendiente fuerte: la altura del dosel se sobrestima,pendiente=24.4 > 20 grados
GEDI02_A_2025053014915_O35100_01_T00318_02_004_02_V003.h5,BEAM1011,351001100100041459,-42.802956,-71.172381,322364.7,5258777.4,1070.9059,1,0,0.9385685,-1.86,0.37,2.61,5.67,6.68,26.25,pendiente fuerte: la altura del dosel se sobrestima,pendiente=26.3 > 20 grados
GEDI02_A_2025053014915_O35100_01_T00318_02_004_02_V003.h5,BEAM1011,351001100100041460,-42.802675,-71.171816,322410.1,5258809.8,1055.6783,1,0,0.9480317,-2.24,0.07,2.46,5.82,7.17,22.88,pendiente fuerte: la altura del dosel se sobrestima,pendiente=22.9 > 20 grados
GEDI02_A_2025053014915_O35100_01_T00318_02_004_02_V003.h5,BEAM1011,351001100100041464,-42.801545,-71.169542,322592.8,5258940.1,1012.27295,1,0,0.9657659,-0.37,2.2,5.15,8.77,10.49,28.01,pendiente fuerte: la altura del dosel se sobrestima,pendiente=28.0 > 20 grados
GEDI02_A_2025053014915_O35100_01_T00318_02_004_02_V003.h5,BEAM1011,351001100100041465,-42.801253,-71.168948,322640.6,5258973.8,1030.5872,1,0,0.95976496,-3.77,-0.93,1.45,4.85,6.16,23.46,pendiente fuerte: la altura del dosel se sobrestima,pendiente=23.5 > 20 grados
GEDI02_A_2025053014915_O35100_01_T00318_02_004_02_V003.h5,BEAM1011,351001100100041466,-42.800968,-71.168374,322686.7,5259006.6,1026.2454,1,0,0.9482001,-2.01,0.18,2.35,5.49,6.64,21.58,pendiente fuerte: la altura del dosel se sobrestima,pendiente=21.6 > 20 grados
GEDI02_A_2025053014915_O35100_01_T00318_02_004_02_V003.h5,BEAM1011,351001100100041710,-42.730478,-71.026503,334100.1,5267123.2,1065.8077,1,0,0.9554274,-2.09,-0.48,1.0,2.91,3.66,,fuera del DEM,sin pendiente disponible
GEDI02_A_2025053014915_O35100_01_T00318_02_004_02_V003.h5,BEAM1011,351001100100041711,-42.730191,-71.025927,334146.6,5267156.3,1066.908,1,0,0.95057714,-1.3,-0.11,1.04,2.65,3.28,,fuera del DEM,sin pendiente disponible
GEDI02_A_2025089042733_O35660_04_T01966_02_004_02_V003.h5,BEAM0000,356600000400197575,-42.709000,-71.166700,322561.2,5269223.3,1575.1189,1,0,0.909713,-1.46,0.37,2.24,4.45,5.16,,fuera del DEM,sin pendiente disponible
GEDI02_A_2025089042733_O35660_04_T01966_02_004_02_V003.h5,BEAM0000,356600000400197585,-42.711835,-71.160971,323038.6,5268920.5,1462.2594,1,0,0.9267355,2.09,5.54,7.78,9.92,10.55,21.68,pendiente fuerte: la altura del dosel se sobrestima,pendiente=21.7 > 20 grados
GEDI02_A_2025089042733_O35660_04_T01966_02_004_02_V003.h5,BEAM0000,356600000400197587,-42.712406,-71.159823,323134.2,5268859.5,1451.8795,1,0,0.9322095,1.72,4.79,7.03,9.51,10.25,20.20,pendiente fuerte: la altura del dosel se sobrestima,pendiente=20.2 > 20 grados
GEDI02_A_2025089042733_O35660_04_T01966_02_004_02_V003.h5,BEAM0000,356600000400197596,-42.714977,-71.154655,323564.7,5268584.8,1416.4089,1,0,0.90725195,0.07,4.86,10.63,14.64,15.46,31.37,pendiente fuerte: la altura del dosel se sobrestima,pendiente=31.4 > 20 grados
GEDI02_A_2025089042733_O35660_04_T01966_02_004_02_V003.h5,BEAM0000,356600000400197597,-42.715256,-71.154085,323612.1,5268555.0,1388.0975,1,0,0.91513944,-1.83,0.74,3.74,8.83,9.88,29.96,pendiente fuerte: la altura del dosel se sobrestima,pendiente=30.0 > 20 grados
GEDI02_A_2025089042733_O35660_04_T01966_02_004_02_V003.h5,BEAM0001,356600100400192942,-42.708576,-71.181216,321371.3,5269239.7,1537.5323,1,0,0.9150103,-2.35,-0.18,1.87,4.3,5.09,,fuera del DEM,sin pendiente disponible
GEDI02_A_2025089042733_O35660_04_T01966_02_004_02_V003.h5,BEAM0001,356600100400192943,-42.708856,-71.180644,321418.9,5269209.8,1517.4379,1,0,0.9178372,-2.05,0.0,2.09,4.86,5.61,,fuera del DEM,sin pendiente disponible
GEDI02_A_2025089042733_O35660_04_T01966_02_004_02_V003.h5,BEAM0001,356600100400192944,-42.709138,-71.180072,321466.6,5269179.7,1501.055,1,0,0.9170405,-2.32,-0.29,1.57,3.66,4.45,24.67,pendiente fuerte: la altura del dosel se sobrestima,pendiente=24.7 > 20 grados
GEDI02_A_2025089042733_O35660_04_T01966_02_004_02_V003.h5,BEAM0001,356600100400192946,-42.709708,-71.178922,321562.4,5269118.9,1495.6761,1,0,0.91962576,-1.31,1.04,3.66,7.56,8.76,30.94,pendiente fuerte: la altura del dosel se sobrestima,pendiente=30.9 > 20 grados
GEDI02_A_2025089042733_O35660_04_T01966_02_004_02_V003.h5,BEAM0001,356600100400192950,-42.710839,-71.176628,321753.5,5268998.1,1449.9744,1,0,0.92001086,-1.64,1.64,4.79,8.94,9.92,21.20,pendiente fuerte: la altura del dosel se sobrestima,pendiente=21.2 > 20 grados
GEDI02_A_2025089042733_O35660_04_T01966_02_004_02_V003.h5,BEAM0001,356600100400192954,-42.711997,-71.174315,321946.2,5268874.4,1502.3827,1,0,0.91745174,-2.39,-0.22,1.98,4.94,5.76,26.34,pendiente fuerte: la altura del dosel se sobrestima,pendiente=26.3 > 20 grados
GEDI02_A_2025089042733_O35660_04_T01966_02_004_02_V003.h5,BEAM0001,356600100400192998,-42.724586,-71.149018,324053.4,5267529.4,1431.7949,1,0,0.9269177,-1.98,0.22,2.54,6.36,7.52,22.02,pendiente fuerte: la altura del dosel se sobrestima,pendiente=22.0 > 20 grados
GEDI02_A_2025089042733_O35660_04_T01966_02_004_02_V003.h5,BEAM0001,356600100400193007,-42.727149,-71.143846,324484.1,5267255.6,1382.9387,1,0,0.90839267,0.59,3.25,5.72,8.87,9.69,26.59,pendiente fuerte: la altura del dosel se sobrestima,pendiente=26.6 > 20 grados
GEDI02_A_2025089042733_O35660_04_T01966_02_004_02_V003.h5,BEAM0001,356600100400193210,-42.785045,-71.027054,334200.6,5261062.6,896.12427,1,0,0.90670836,-1.34,-0.22,0.78,2.13,2.62,,fuera del DEM,sin pendiente disponible
GEDI02_A_2025089042733_O35660_04_T01966_02_004_02_V003.h5,BEAM0001,356600100400193211,-42.785329,-71.026479,334248.4,5261032.1,889.3154,1,0,0.91383994,-1.38,-0.14,1.01,2.62,3.22,,fuera del DEM,sin pendiente disponible
GEDI02_A_2025089042733_O35660_04_T01966_02_004_02_V003.h5,BEAM0010,356600200400198157,-42.709448,-71.189527,320693.1,5269125.3,1623.8071,1,0,0.9020607,-1.12,1.01,3.55,6.62,7.52,23.61,pendiente fuerte: la altura del dosel se sobrestima,pendiente=23.6 > 20 grados
GEDI02_A_2025089042733_O35660_04_T01966_02_004_02_V003.h5,BEAM0010,356600200400198165,-42.711725,-71.184943,321075.1,5268882.1,1542.0924,1,0,0.91151917,-1.16,1.46,4.45,8.42,9.58,25.01,pendiente fuerte: la altura del dosel se sobrestima,pendiente=25.0 > 20 grados
GEDI02_A_2025089042733_O35660_04_T01966_02_004_02_V003.h5,BEAM0010,356600200400198166,-42.712009,-71.184370,321122.8,5268851.8,1527.429,1,0,0.93064445,-3.89,-1.01,1.49,4.75,5.84,23.15,pendiente fuerte: la altura del dosel se sobrestima,pendiente=23.2 > 20 grados
GEDI02_A_2025089042733_O35660_04_T01966_02_004_02_V003.h5,BEAM0010,356600200400198167,-42.712291,-71.183799,321170.4,5268821.7,1505.2573,1,0,0.9171307,-3.96,-1.42,0.89,3.93,4.9,24.59,pendiente fuerte: la altura del dosel se sobrestima,pendiente=24.6 > 20 grados
GEDI02_A_2025089042733_O35660_04_T01966_02_004_02_V003.h5,BEAM0010,356600200400198168,-42.712571,-71.183228,321217.9,5268791.8,1477.2611,1,0,0.90946525,-2.8,-0.26,2.02,5.01,5.91,26.77,pendiente fuerte: la altura del dosel se sobrestima,pendiente=26.8 > 20 grados
GEDI02_A_2025089042733_O35660_04_T01966_02_004_02_V003.h5,BEAM0010,356600200400198169,-42.712851,-71.182658,321265.4,5268761.9,1446.9211,1,0,0.925714,-1.76,1.34,5.09,8.83,9.96,27.54,pendiente fuerte: la altura del dosel se sobrestima,pendiente=27.5 > 20 grados
GEDI02_A_2025089042733_O35660_04_T01966_02_004_02_V003.h5,BEAM0010,356600200400198170,-42.713131,-71.182088,321312.9,5268732.1,1417.1321,1,0,0.9054041,0.22,3.4,6.7,9.92,10.71,23.35,pendiente fuerte: la altura del dosel se sobrestima,pendiente=23.4 > 20 grados
GEDI02_A_2025089042733_O35660_04_T01966_02_004_02_V003.h5,BEAM0010,356600200400198171,-42.713412,-71.181516,321360.5,5268702.0,1394.6482,1,0,0.9106006,-0.63,2.99,7.67,12.05,13.33,22.32,pendiente fuerte: la altura del dosel se sobrestima,pendiente=22.3 > 20 grados
GEDI02_A_2025089042733_O35660_04_T01966_02_004_02_V003.h5,BEAM0010,356600200400198183,-42.716854,-71.174611,321935.9,5268334.4,1423.8962,1,0,0.9001038,-1.19,1.01,3.55,6.62,7.56,21.09,pendiente fuerte: la altura del dosel se sobrestima,pendiente=21.1 > 20 grados
GEDI02_A_2025089042733_O35660_04_T01966_02_004_02_V003.h5,BEAM0010,356600200400198186,-42.717725,-71.172877,322080.3,5268241.4,1480.4775,1,0,0.918628,-3.14,-0.74,1.01,3.29,4.19,26.70,pendiente fuerte: la altura del dosel se sobrestima,pendiente=26.7 > 20 grados
GEDI02_A_2025089042733_O35660_04_T01966_02_004_02_V003.h5,BEAM0010,356600200400198210,-42.724573,-71.159066,323230.7,5267509.9,1447.1637,1,0,0.90137976,3.7,7.45,10.14,12.88,13.66,26.08,pendiente fuerte: la altura del dosel se sobrestima,pendiente=26.1 > 20 grados
GEDI02_A_2025089042733_O35660_04_T01966_02_004_02_V003.h5,BEAM0010,356600200400198211,-42.724853,-71.158495,323278.3,5267480.0,1418.8525,1,0,0.9185024,5.31,9.1,12.35,15.5,16.4,24.33,pendiente fuerte: la altura del dosel se sobrestima,pendiente=24.3 > 20 grados
GEDI02_A_2025089042733_O35660_04_T01966_02_004_02_V003.h5,BEAM0010,356600200400198212,-42.725137,-71.157920,323326.1,5267449.7,1410.1796,1,0,0.9218339,-1.16,2.5,5.8,10.93,12.13,29.90,pendiente fuerte: la altura del dosel se sobrestima,pendiente=29.9 > 20 grados
GEDI02_A_2025089042733_O35660_04_T01966_02_004_02_V003.h5,BEAM0010,356600200400198213,-42.725424,-71.157343,323374.2,5267419.0,1414.9501,1,0,0.90588576,1.08,5.28,8.35,12.65,13.89,33.07,pendiente fuerte: la altura del dosel se sobrestima,pendiente=33.1 > 20 grados
GEDI02_A_2025089042733_O35660_04_T01966_02_004_02_V003.h5,BEAM0010,356600200400198228,-42.729703,-71.148718,324092.5,5266961.8,1353.4126,1,0,0.9084977,-1.87,0.93,3.67,6.62,7.6,32.56,pendiente fuerte: la altura del dosel se sobrestima,pendiente=32.6 > 20 grados
GEDI02_A_2025089042733_O35660_04_T01966_02_004_02_V003.h5,BEAM0010,356600200400198234,-42.731674,-71.144714,324425.9,5266751.3,1198.2355,1,0,0.9067017,-2.05,0.33,2.84,7.04,8.35,28.73,pendiente fuerte: la altura del dosel se sobrestima,pendiente=28.7 > 20 grados
GEDI02_A_2025089042733_O35660_04_T01966_02_004_02_V003.h5,BEAM0010,356600200400198235,-42.731958,-71.144140,324473.6,5266721.0,1185.634,1,0,0.90162027,0.37,4.83,9.73,13.96,15.16,32.39,pendiente fuerte: la altura del dosel se sobrestima,pendiente=32.4 > 20 grados
GEDI02_A_2025089042733_O35660_04_T01966_02_004_02_V003.h5,BEAM0010,356600200400198244,-42.734515,-71.138978,324903.4,5266447.7,1083.9008,1,0,0.90349174,3.14,5.99,8.91,12.47,13.29,32.04,pendiente fuerte: la altura del dosel se sobrestima,pendiente=32.0 > 20 grados
GEDI02_A_2025089042733_O35660_04_T01966_02_004_02_V003.h5,BEAM0010,356600200400198254,-42.737396,-71.133213,325383.4,5266139.7,1156.0388,1,0,0.90856034,3.96,7.07,10.33,15.54,16.77,23.16,pendiente fuerte: la altura del dosel se sobrestima,pendiente=23.2 > 20 grados
GEDI02_A_2025089042733_O35660_04_T01966_02_004_02_V003.h5,BEAM0010,356600200400198255,-42.737688,-71.132635,325431.6,5266108.5,1178.1593,1,0,0.9093723,-1.9,-0.03,1.79,4.75,5.69,22.98,pendiente fuerte: la altura del dosel se sobrestima,pendiente=23.0 > 20 grados
GEDI02_A_2025089042733_O35660_04_T01966_02_004_02_V003.h5,BEAM0010,356600200400198258,-42.738542,-71.130910,325575.2,5266017.2,1160.6967,1,0,0.92035216,-2.73,0.11,3.37,7.63,8.87,24.18,pendiente fuerte: la altura del dosel se sobrestima,pendiente=24.2 > 20 grados
GEDI02_A_2025089042733_O35660_04_T01966_02_004_02_V003.h5,BEAM0010,356600200400198435,-42.789910,-71.027285,334194.7,5260521.8,864.96484,1,0,0.9170394,-1.01,-0.03,0.97,2.43,2.99,,fuera del DEM,sin pendiente disponible
GEDI02_A_2025089042733_O35660_04_T01966_02_004_02_V003.h5,BEAM0011,356600300400192982,-42.708669,-71.204617,319455.0,5269179.6,1385.388,1,0,0.9149584,0.82,4.3,6.59,8.91,9.69,26.36,pendiente fuerte: la altura del dosel se sobrestima,pendiente=26.4 > 20 grados
GEDI02_A_2025089042733_O35660_04_T01966_02_004_02_V003.h5,BEAM0011,356600300400192983,-42.708951,-71.204046,319502.6,5269149.5,1365.6256,1,0,0.93436104,-2.05,2.13,5.84,9.28,10.26,21.65,pendiente fuerte: la altura del dosel se sobrestima,pendiente=21.6 > 20 grados
GEDI02_A_2025089042733_O35660_04_T01966_02_004_02_V003.h5,BEAM0011,356600300400192984,-42.709233,-71.203475,319550.2,5269119.5,1340.3031,1,0,0.91401374,-1.98,0.78,3.85,9.32,11.31,20.73,pendiente fuerte: la altura del dosel se sobrestima,pendiente=20.7 > 20 grados
GEDI02_A_2025089042733_O35660_04_T01966_02_004_02_V003.h5,BEAM0011,356600300400192989,-42.710674,-71.200598,319790.0,5268965.6,1373.4912,1,0,0.9059899,-0.71,2.13,4.98,8.5,9.69,25.66,pendiente fuerte: la altura del dosel se sobrestima,pendiente=25.7 > 20 grados
GEDI02_A_2025089042733_O35660_04_T01966_02_004_02_V003.h5,BEAM0011,356600300400192990,-42.710959,-71.200025,319837.7,5268935.1,1366.3971,1,0,0.91997164,-3.33,-0.89,1.12,3.85,4.75,21.22,pendiente fuerte: la altura del dosel se sobrestima,pendiente=21.2 > 20 grados
GEDI02_A_2025089042733_O35660_04_T01966_02_004_02_V003.h5,BEAM0011,356600300400192992,-42.711530,-71.198879,319933.3,5268874.1,1351.7157,1,0,0.94803584,2.43,5.99,9.73,15.39,16.81,23.33,pendiente fuerte: la altura del dosel se sobrestima,pendiente=23.3 > 20 grados
GEDI02_A_2025089042733_O35660_04_T01966_02_004_02_V003.h5,BEAM0011,356600300400192997,-42.712976,-71.196001,320173.1,5268719.8,1397.0948,1,0,0.92000365,-2.05,0.0,2.13,4.98,5.99,21.52,pendiente fuerte: la altura del dosel se sobrestima,pendiente=21.5 > 20 grados
GEDI02_A_2025089042733_O35660_04_T01966_02_004_02_V003.h5,BEAM0011,356600300400192998,-42.713265,-71.195425,320221.1,5268688.8,1408.017,1,0,0.9242977,-1.42,0.41,2.39,5.01,5.91,23.14,pendiente fuerte: la altura del dosel se sobrestima,pendiente=23.1 > 20 grados
GEDI02_A_2025089042733_O35660_04_T01966_02_004_02_V003.h5,BEAM0011,356600300400193001,-42.714128,-71.193702,320364.7,5268596.7,1413.337,1,0,0.90303665,-3.74,-1.01,1.53,4.49,5.31,27.04,pendiente fuerte: la altura del dosel se sobrestima,pendiente=27.0 > 20 grados
GEDI02_A_2025089042733_O35660_04_T01966_02_004_02_V003.h5,BEAM0011,356600300400193005,-42.715283,-71.191400,320556.5,5268473.3,1443.1871,1,0,0.9082889,-1.68,0.52,2.88,5.65,6.59,28.92,pendiente fuerte: la altura del dosel se sobrestima,pendiente=28.9 > 20 grados
GEDI02_A_2025089042733_O35660_04_T01966_02_004_02_V003.h5,BEAM0011,356600300400193011,-42.716999,-71.187959,320843.3,5268290.1,1410.3364,1,0,0.9007692,-1.16,0.97,3.7,7.97,9.02,32.48,pendiente fuerte: la altura del dosel se sobrestima,pendiente=32.5 > 20 grados
GEDI02_A_2025089042733_O35660_04_T01966_02_004_02_V003.h5,BEAM0011,356600300400193014,-42.717845,-71.186245,320986.0,5268199.8,1340.463,1,0,0.9263538,-1.46,1.98,5.35,9.62,10.82,29.74,pendiente fuerte: la altura del dosel se sobrestima,pendiente=29.7 > 20 grados
GEDI02_A_2025089042733_O35660_04_T01966_02_004_02_V003.h5,BEAM0011,356600300400193015,-42.718126,-71.185675,321033.5,5268169.8,1311.3499,1,0,0.9194259,-2.43,0.71,4.0,7.78,8.65,28.49,pendiente fuerte: la altura del dosel se sobrestima,pendiente=28.5 > 20 grados
GEDI02_A_2025089042733_O35660_04_T01966_02_004_02_V003.h5,BEAM0011,356600300400193020,-42.719547,-71.182810,321272.2,5268018.0,1253.0648,1,0,0.90484583,-1.04,1.34,4.19,8.72,9.77,22.07,pendiente fuerte: la altura del dosel se sobrestima,pendiente=22.1 > 20 grados
GEDI02_A_2025089042733_O35660_04_T01966_02_004_02_V003.h5,BEAM0011,356600300400193027,-42.721590,-71.178759,321609.8,5267799.7,1429.0892,1,0,0.90127957,-2.73,0.0,2.65,6.36,7.34,23.71,pendiente fuerte: la altura del dosel se sobrestima,pendiente=23.7 > 20 grados
GEDI02_A_2025089042733_O35660_04_T01966_02_004_02_V003.h5,BEAM0011,356600300400193033,-42.723287,-71.175322,321896.1,5267618.5,1333.5062,1,0,0.92165405,-3.85,-0.33,2.62,6.66,7.6,28.65,pendiente fuerte: la altura del dosel se sobrestima,pendiente=28.7 > 20 grados
GEDI02_A_2025089042733_O35660_04_T01966_02_004_02_V003.h5,BEAM0011,356600300400193034,-42.723570,-71.174748,321943.8,5267588.3,1322.5293,1,0,0.9044401,-1.83,0.59,3.44,6.7,7.71,27.89,pendiente fuerte: la altura del dosel se sobrestima,pendiente=27.9 > 20 grados
GEDI02_A_2025089042733_O35660_04_T01966_02_004_02_V003.h5,BEAM0011,356600300400193037,-42.724441,-71.173013,322088.4,5267495.3,1382.4839,1,0,0.9272329,-2.43,-0.03,2.35,5.05,5.8,29.14,pendiente fuerte: la altura del dosel se sobrestima,pendiente=29.1 > 20 grados
GEDI02_A_2025089042733_O35660_04_T01966_02_004_02_V003.h5,BEAM0011,356600300400193039,-42.725011,-71.171863,322184.2,5267434.3,1379.8844,1,0,0.91055256,-3.59,-0.86,1.19,3.78,4.56,29.48,pendiente fuerte: la altura del dosel se sobrestima,pendiente=29.5 > 20 grados
GEDI02_A_2025089042733_O35660_04_T01966_02_004_02_V003.h5,BEAM0011,356600300400193041,-42.725577,-71.170716,322279.7,5267373.9,1352.6238,1,0,0.90384054,-1.31,0.37,2.28,5.13,5.99,23.70,pendiente fuerte: la altura del dosel se sobrestima,pendiente=23.7 > 20 grados
GEDI02_A_2025089042733_O35660_04_T01966_02_004_02_V003.h5,BEAM0011,356600300400193043,-42.726139,-71.169571,322375.1,5267313.9,1310.5737,1,0,0.90071225,-1.01,0.44,2.05,4.71,5.8,29.45,pendiente fuerte: la altura del dosel se sobrestima,pendiente=29.4 > 20 grados
GEDI02_A_2025089042733_O35660_04_T01966_02_004_02_V003.h5,BEAM0011,356600300400193052,-42.728705,-71.164393,322806.3,5267039.8,1290.1947,1,0,0.90142286,-1.87,0.33,2.69,5.99,6.85,29.02,pendiente fuerte: la altura del dosel se sobrestima,pendiente=29.0 > 20 grados
GEDI02_A_2025089042733_O35660_04_T01966_02_004_02_V003.h5,BEAM0011,356600300400193059,-42.730697,-71.160368,323141.5,5266827.1,1249.5359,1,0,0.9080997,-0.07,3.03,5.99,9.36,10.18,35.75,pendiente fuerte: la altura del dosel se sobrestima,pendiente=35.8 > 20 grados
GEDI02_A_2025089042733_O35660_04_T01966_02_004_02_V003.h5,BEAM0011,356600300400193063,-42.731823,-71.158076,323332.3,5266706.8,1168.353,1,0,0.90046316,-2.47,-0.14,2.13,5.09,6.21,28.95,pendiente fuerte: la altura del dosel se sobrestima,pendiente=28.9 > 20 grados
GEDI02_A_2025089042733_O35660_04_T01966_02_004_02_V003.h5,BEAM0011,356600300400193066,-42.732690,-71.156343,323476.7,5266614.2,1207.5132,1,0,0.9117086,-1.08,0.97,3.29,6.25,7.15,32.30,pendiente fuerte: la altura del dosel se sobrestima,pendiente=32.3 > 20 grados
GEDI02_A_2025089042733_O35660_04_T01966_02_004_02_V003.h5,BEAM0011,356600300400193086,-42.738709,-71.144253,324483.4,5265971.0,1228.6853,1,0,0.90450186,-0.93,1.91,4.83,8.83,9.92,34.05,pendiente fuerte: la altura del dosel se sobrestima,pendiente=34.1 > 20 grados
GEDI02_A_2025089042733_O35660_04_T01966_02_004_02_V003.h5,BEAM0011,356600300400193101,-42.743026,-71.135611,325203.0,5265509.6,1310.0985,1,0,0.9084411,-2.47,-0.63,1.01,3.37,4.26,20.36,pendiente fuerte: la altura del dosel se sobrestima,pendiente=20.4 > 20 grados
GEDI02_A_2025089042733_O35660_04_T01966_02_004_02_V003.h5,BEAM0011,356600300400193111,-42.745876,-71.129862,325681.5,5265204.9,1254.3174,1,0,0.9128864,-2.5,-0.48,1.38,3.89,4.79,20.81,pendiente fuerte: la altura del dosel se sobrestima,pendiente=20.8 > 20 grados
GEDI02_A_2025089042733_O35660_04_T01966_02_004_02_V003.h5,BEAM0011,356600300400193113,-42.746441,-71.128716,325776.9,5265144.6,1217.8074,1,0,0.90736556,-2.2,-0.22,1.64,4.64,5.61,23.18,pendiente fuerte: la altura del dosel se sobrestima,pendiente=23.2 > 20 grados
GEDI02_A_2025089042733_O35660_04_T01966_02_004_02_V003.h5,BEAM0011,356600300400193116,-42.747291,-71.126993,325920.3,5265053.7,1183.4878,1,0,0.93160534,-1.01,1.23,3.89,8.05,9.28,22.98,pendiente fuerte: la altura del dosel se sobrestima,pendiente=23.0 > 20 grados
GEDI02_A_2025089042733_O35660_04_T01966_02_004_02_V003.h5,BEAM0011,356600300400193117,-42.747580,-71.126415,325968.5,5265022.8,1199.1653,1,0,0.9025857,-3.22,-0.67,1.79,4.79,5.61,27.90,pendiente fuerte: la altura del dosel se sobrestima,pendiente=27.9 > 20 grados
GEDI02_A_2025089042733_O35660_04_T01966_02_004_02_V003.h5,BEAM0011,356600300400193119,-42.748151,-71.125263,326064.3,5264961.8,1195.9851,1,0,0.9088797,-1.31,1.31,4.49,8.12,9.02,28.77,pendiente fuerte: la altura del dosel se sobrestima,pendiente=28.8 > 20 grados
GEDI02_A_2025089042733_O35660_04_T01966_02_004_02_V003.h5,BEAM0011,356600300400193122,-42.749004,-71.123539,326207.8,5264870.7,1170.7498,1,0,0.91907805,-1.64,0.14,2.09,4.94,5.8,23.23,pendiente fuerte: la altura del dosel se sobrestima,pendiente=23.2 > 20 grados
GEDI02_A_2025089042733_O35660_04_T01966_02_004_02_V003.h5,BEAM0011,356600300400193286,-42.796369,-71.027970,334156.0,5259803.2,850.30896,1,0,0.9233963,-1.08,-0.11,0.74,1.94,2.35,,fuera del DEM,sin pendiente disponible
GEDI02_A_2025089042733_O35660_04_T01966_02_004_02_V003.h5,BEAM0011,356600300400193288,-42.796940,-71.026817,334251.8,5259742.1,848.43,1,0,0.9001036,-1.04,-0.11,0.82,2.09,2.54,,fuera del DEM,sin pendiente disponible
GEDI02_A_2025089042733_O35660_04_T01966_02_004_02_V003.h5,BEAM0101,356600500400192849,-42.714384,-71.212277,318844.4,5268528.5,1368.6964,1,0,0.92007536,-2.02,0.03,2.13,5.42,6.51,,fuera del DEM,sin pendiente disponible
GEDI02_A_2025089042733_O35660_04_T01966_02_004_02_V003.h5,BEAM0101,356600500400192865,-42.719509,-71.201953,319704.6,5267981.6,1250.1052,1,0,0.93701714,-1.34,1.01,3.55,7.37,8.46,24.65,pendiente fuerte: la altura del dosel se sobrestima,pendiente=24.6 > 20 grados
GEDI02_A_2025089042733_O35660_04_T01966_02_004_02_V003.h5,BEAM0101,356600500400192866,-42.719797,-71.201375,319752.8,5267950.8,1260.4691,1,0,0.9264827,-2.09,0.33,3.07,7.22,8.57,29.94,pendiente fuerte: la altura del dosel se sobrestima,pendiente=29.9 > 20 grados
GEDI02_A_2025089042733_O35660_04_T01966_02_004_02_V003.h5,BEAM0101,356600500400192867,-42.720082,-71.200800,319800.7,5267920.4,1257.669,1,0,0.9253933,-2.09,0.22,2.62,6.14,7.45,29.91,pendiente fuerte: la altura del dosel se sobrestima,pendiente=29.9 > 20 grados
GEDI02_A_2025089042733_O35660_04_T01966_02_004_02_V003.h5,BEAM0101,356600500400192868,-42.720365,-71.200227,319848.4,5267890.1,1248.1837,1,0,0.9421168,-2.35,-0.14,2.09,5.61,6.89,28.45,pendiente fuerte: la altura del dosel se sobrestima,pendiente=28.5 > 20 grados
GEDI02_A_2025089042733_O35660_04_T01966_02_004_02_V003.h5,BEAM0101,356600500400192869,-42.720649,-71.199654,319896.2,5267859.9,1237.3612,1,0,0.94167674,-2.13,0.03,2.2,5.24,6.32,25.32,pendiente fuerte: la altura del dosel se sobrestima,pendiente=25.3 > 20 grados
GEDI02_A_2025089042733_O35660_04_T01966_02_004_02_V003.h5,BEAM0101,356600500400192870,-42.720933,-71.199080,319944.0,5267829.5,1230.8971,1,0,0.9371637,-1.61,-0.03,1.57,4.0,5.05,20.53,pendiente fuerte: la altura del dosel se sobrestima,pendiente=20.5 > 20 grados
GEDI02_A_2025089042733_O35660_04_T01966_02_004_02_V003.h5,BEAM0101,356600500400192871,-42.721217,-71.198506,319991.8,5267799.2,1225.4055,1,0,0.96381617,-1.94,0.0,1.9,4.83,5.91,20.03,pendiente fuerte: la altura del dosel se sobrestima,pendiente=20.0 > 20 grados
GEDI02_A_2025089042733_O35660_04_T01966_02_004_02_V003.h5,BEAM0101,356600500400192872,-42.721502,-71.197931,320039.7,5267768.8,1221.0945,1,0,0.9530078,-2.13,-0.18,1.68,4.68,5.8,20.26,pendiente fuerte: la altura del dosel se sobrestima,pendiente=20.3 > 20 grados
GEDI02_A_2025089042733_O35660_04_T01966_02_004_02_V003.h5,BEAM0101,356600500400192880,-42.723787,-71.193328,320423.2,5267524.9,1214.4926,1,0,0.9157573,-2.13,0.03,2.2,5.8,6.92,21.53,pendiente fuerte: la altura del dosel se sobrestima,pendiente=21.5 > 20 grados
GEDI02_A_2025089042733_O35660_04_T01966_02_004_02_V003.h5,BEAM0101,356600500400192898,-42.728933,-71.182972,321285.9,5266975.3,1194.1539,1,0,0.9310928,-1.94,0.26,2.65,6.1,7.15,22.43,pendiente fuerte: la altura del dosel se sobrestima,pendiente=22.4 > 20 grados
GEDI02_A_2025089042733_O35660_04_T01966_02_004_02_V003.h5,BEAM0101,356600500400192899,-42.729226,-71.182391,321334.3,5266944.1,1219.3649,1,0,0.92395765,-1.31,0.56,2.58,5.27,6.14,23.37,pendiente fuerte: la altura del dosel se sobrestima,pendiente=23.4 > 20 grados
GEDI02_A_2025089042733_O35660_04_T01966_02_004_02_V003.h5,BEAM0101,356600500400192900,-42.729514,-71.181813,321382.4,5266913.3,1227.53,1,0,0.9416972,-1.83,0.11,2.13,5.24,6.4,23.87,pendiente fuerte: la altura del dosel se sobrestima,pendiente=23.9 > 20 grados
GEDI02_A_2025089042733_O35660_04_T01966_02_004_02_V003.h5,BEAM0101,356600500400192901,-42.729801,-71.181237,321430.4,5266882.6,1230.3707,1,0,0.9307963,-2.24,-0.33,1.42,3.74,4.6,22.56,pendiente fuerte: la altura del dosel se sobrestima,pendiente=22.6 > 20 grados
GEDI02_A_2025089042733_O35660_04_T01966_02_004_02_V003.h5,BEAM0101,356600500400192902,-42.730086,-71.180664,321478.2,5266852.2,1223.6143,1,0,0.9453212,-2.17,0.0,2.24,5.84,7.07,20.73,pendiente fuerte: la altura del dosel se sobrestima,pendiente=20.7 > 20 grados
GEDI02_A_2025089042733_O35660_04_T01966_02_004_02_V003.h5,BEAM0101,356600500400192903,-42.730376,-71.180085,321526.4,5266821.2,1238.5942,1,0,0.9191944,-1.94,0.41,2.95,6.85,8.16,23.64,pendiente fuerte: la altura del dosel se sobrestima,pendiente=23.6 > 20 grados
GEDI02_A_2025089042733_O35660_04_T01966_02_004_02_V003.h5,BEAM0101,356600500400192904,-42.730666,-71.179506,321574.6,5266790.2,1253.3339,1,0,0.94287854,-2.02,0.11,2.39,6.44,7.67,22.73,pendiente fuerte: la altura del dosel se sobrestima,pendiente=22.7 > 20 grados
GEDI02_A_2025089042733_O35660_04_T01966_02_004_02_V003.h5,BEAM0101,356600500400192905,-42.730957,-71.178927,321622.8,5266759.2,1270.5111,1,0,0.94515836,-2.09,-0.14,1.83,4.79,5.84,20.83,pendiente fuerte: la altura del dosel se sobrestima,pendiente=20.8 > 20 grados
GEDI02_A_2025089042733_O35660_04_T01966_02_004_02_V003.h5,BEAM0101,356600500400192908,-42.731816,-71.177203,321766.5,5266667.4,1265.0393,1,0,0.92152804,-2.84,-0.63,1.49,4.34,5.24,27.34,pendiente fuerte: la altura del dosel se sobrestima,pendiente=27.3 > 20 grados
GEDI02_A_2025089042733_O35660_04_T01966_02_004_02_V003.h5,BEAM0101,356600500400192909,-42.732096,-71.176635,321813.8,5266637.6,1232.486,1,0,0.93694144,-2.39,-0.29,1.72,4.6,5.69,27.97,pendiente fuerte: la altura del dosel se sobrestima,pendiente=28.0 > 20 grados
GEDI02_A_2025089042733_O35660_04_T01966_02_004_02_V003.h5,BEAM0101,356600500400192913,-42.733241,-71.174337,322005.2,5266515.2,1223.2064,1,0,0.94489986,-1.49,0.29,2.28,5.31,6.4,23.36,pendiente fuerte: la altura del dosel se sobrestima,pendiente=23.4 > 20 grados
GEDI02_A_2025089042733_O35660_04_T01966_02_004_02_V003.h5,BEAM0101,356600500400192914,-42.733534,-71.173755,322053.6,5266483.9,1251.674,1,0,0.93995595,-2.17,-0.11,1.9,5.01,6.06,27.67,pendiente fuerte: la altura del dosel se sobrestima,pendiente=27.7 > 20 grados
GEDI02_A_2025089042733_O35660_04_T01966_02_004_02_V003.h5,BEAM0101,356600500400192915,-42.733827,-71.173174,322102.0,5266452.6,1276.9944,1,0,0.924408,-1.42,0.48,2.73,5.84,6.92,25.37,pendiente fuerte: la altura del dosel se sobrestima,pendiente=25.4 > 20 grados
GEDI02_A_2025089042733_O35660_04_T01966_02_004_02_V003.h5,BEAM0101,356600500400192916,-42.734119,-71.172594,322150.4,5266421.4,1300.6102,1,0,0.9206594,-1.9,-0.14,1.64,4.23,5.09,20.68,pendiente fuerte: la altura del dosel se sobrestima,pendiente=20.7 > 20 grados
GEDI02_A_2025089042733_O35660_04_T01966_02_004_02_V003.h5,BEAM0101,356600500400192920,-42.735272,-71.170289,322342.4,5266298.2,1322.7333,1,0,0.942661,-1.61,0.52,2.88,6.36,7.41,23.58,pendiente fuerte: la altura del dosel se sobrestima,pendiente=23.6 > 20 grados
GEDI02_A_2025089042733_O35660_04_T01966_02_004_02_V003.h5,BEAM0101,356600500400192921,-42.735558,-71.169714,322390.2,5266267.7,1319.6313,1,0,0.9475375,-2.43,0.11,2.88,7.26,8.5,26.95,pendiente fuerte: la altura del dosel se sobrestima,pendiente=27.0 > 20 grados
GEDI02_A_2025089042733_O35660_04_T01966_02_004_02_V003.h5,BEAM0101,356600500400192922,-42.735846,-71.169138,322438.2,5266236.9,1325.4205,1,0,0.949696,-2.2,0.52,3.44,8.27,10.03,29.39,pendiente fuerte: la altura del dosel se sobrestima,pendiente=29.4 > 20 grados
GEDI02_A_2025089042733_O35660_04_T01966_02_004_02_V003.h5,BEAM0101,356600500400192923,-42.736137,-71.168559,322486.5,5266205.8,1342.9506,1,0,0.93503976,-1.46,0.86,3.44,7.22,8.5,29.13,pendiente fuerte: la altura del dosel se sobrestima,pendiente=29.1 > 20 grados
GEDI02_A_2025089042733_O35660_04_T01966_02_004_02_V003.h5,BEAM0101,356600500400192924,-42.736426,-71.167981,322534.6,5266174.9,1353.9988,1,0,0.93941385,-1.75,0.29,2.58,6.02,7.33,26.20,pendiente fuerte: la altura del dosel se sobrestima,pendiente=26.2 > 20 grados
GEDI02_A_2025089042733_O35660_04_T01966_02_004_02_V003.h5,BEAM0101,356600500400192925,-42.736714,-71.167404,322582.6,5266144.2,1358.9312,1,0,0.9407198,-2.2,0.07,2.35,5.5,6.62,24.02,pendiente fuerte: la altura del dosel se sobrestima,pendiente=24.0 > 20 grados
GEDI02_A_2025089042733_O35660_04_T01966_02_004_02_V003.h5,BEAM0101,356600500400192926,-42.737002,-71.166828,322630.6,5266113.4,1363.892,1,0,0.93257,-1.75,0.33,2.62,6.1,7.26,23.25,pendiente fuerte: la altura del dosel se sobrestima,pendiente=23.2 > 20 grados
GEDI02_A_2025089042733_O35660_04_T01966_02_004_02_V003.h5,BEAM0101,356600500400192927,-42.737293,-71.166247,322679.0,5266082.2,1387.3528,1,0,0.93874615,-1.64,0.44,2.92,6.17,7.18,24.08,pendiente fuerte: la altura del dosel se sobrestima,pendiente=24.1 > 20 grados
GEDI02_A_2025089042733_O35660_04_T01966_02_004_02_V003.h5,BEAM0101,356600500400192929,-42.737870,-71.165093,322775.1,5266020.6,1402.9216,1,0,0.9274029,-2.02,0.0,2.02,5.09,6.14,23.31,pendiente fuerte: la altura del dosel se sobrestima,pendiente=23.3 > 20 grados
GEDI02_A_2025089042733_O35660_04_T01966_02_004_02_V003.h5,BEAM0101,356600500400192930,-42.738158,-71.164516,322823.2,5265989.8,1409.9855,1,0,0.9258034,-2.13,0.22,2.73,6.4,7.52,21.28,pendiente fuerte: la altura del dosel se sobrestima,pendiente=21.3 > 20 grados
GEDI02_A_2025089042733_O35660_04_T01966_02_004_02_V003.h5,BEAM0101,356600500400192938,-42.740454,-71.159905,323207.1,5265744.6,1434.6932,1,0,0.9231943,-2.54,-0.59,1.31,4.34,5.5,21.52,pendiente fuerte: la altura del dosel se sobrestima,pendiente=21.5 > 20 grados
GEDI02_A_2025089042733_O35660_04_T01966_02_004_02_V003.h5,BEAM0101,356600500400192939,-42.740744,-71.159325,323255.4,5265713.5,1454.141,1,0,0.9397978,-1.68,0.22,2.2,4.79,5.69,23.36,pendiente fuerte: la altura del dosel se sobrestima,pendiente=23.4 > 20 grados
GEDI02_A_2025089042733_O35660_04_T01966_02_004_02_V003.h5,BEAM0101,356600500400192940,-42.741036,-71.158744,323303.9,5265682.3,1480.3989,1,0,0.9102533,-2.2,0.33,3.1,6.74,7.78,25.88,pendiente fuerte: la altura del dosel se sobrestima,pendiente=25.9 > 20 grados
GEDI02_A_2025089042733_O35660_04_T01966_02_004_02_V003.h5,BEAM0101,356600500400192941,-42.741326,-71.158164,323352.2,5265651.3,1498.22,1,0,0.9327454,-1.64,0.29,2.32,4.71,5.42,23.17,pendiente fuerte: la altura del dosel se sobrestima,pendiente=23.2 > 20 grados
GEDI02_A_2025089042733_O35660_04_T01966_02_004_02_V003.h5,BEAM0101,356600500400192942,-42.741607,-71.157593,323399.7,5265621.3,1476.6755,1,0,0.92847264,-2.32,-0.41,1.46,4.15,5.13,22.42,pendiente fuerte: la altura del dosel se sobrestima,pendiente=22.4 > 20 grados
GEDI02_A_2025089042733_O35660_04_T01966_02_004_02_V003.h5,BEAM0101,356600500400192943,-42.741888,-71.157022,323447.2,5265591.3,1452.9866,1,0,0.9425512,-2.02,-0.22,1.46,3.93,4.86,22.98,pendiente fuerte: la altura del dosel se sobrestima,pendiente=23.0 > 20 grados
GEDI02_A_2025089042733_O35660_04_T01966_02_004_02_V003.h5,BEAM0101,356600500400192944,-42.742169,-71.156452,323494.7,5265561.4,1429.326,1,0,0.92784303,-2.09,-0.26,1.46,4.34,5.35,25.25,pendiente fuerte: la altura del dosel se sobrestima,pendiente=25.2 > 20 grados
GEDI02_A_2025089042733_O35660_04_T01966_02_004_02_V003.h5,BEAM0101,356600500400192945,-42.742449,-71.155882,323542.1,5265531.5,1403.6166,1,0,0.92547613,-2.32,-0.22,1.83,4.94,6.14,27.02,pendiente fuerte: la altura del dosel se sobrestima,pendiente=27.0 > 20 grados
GEDI02_A_2025089042733_O35660_04_T01966_02_004_02_V003.h5,BEAM0101,356600500400192946,-42.742729,-71.155312,323589.5,5265501.6,1376.9801,1,0,0.92720425,-1.75,-0.07,1.64,4.0,4.83,25.93,pendiente fuerte: la altura del dosel se sobrestima,pendiente=25.9 > 20 grados
GEDI02_A_2025089042733_O35660_04_T01966_02_004_02_V003.h5,BEAM0101,356600500400192947,-42.743009,-71.154742,323637.0,5265471.6,1353.4552,1,0,0.926343,-2.92,-0.41,1.98,5.09,6.17,28.35,pendiente fuerte: la altura del dosel se sobrestima,pendiente=28.4 > 20 grados
GEDI02_A_2025089042733_O35660_04_T01966_02_004_02_V003.h5,BEAM0101,356600500400192949,-42.743567,-71.153604,323731.7,5265412.0,1292.4543,1,0,0.93267703,-4.26,-1.57,0.82,3.74,4.64,26.77,pendiente fuerte: la altura del dosel se sobrestima,pendiente=26.8 > 20 grados
GEDI02_A_2025089042733_O35660_04_T01966_02_004_02_V003.h5,BEAM0101,356600500400192950,-42.743847,-71.153034,323779.1,5265382.1,1265.518,1,0,0.95015436,-1.64,-0.03,1.53,4.0,4.98,21.71,pendiente fuerte: la altura del dosel se sobrestima,pendiente=21.7 > 20 grados
GEDI02_A_2025089042733_O35660_04_T01966_02_004_02_V003.h5,BEAM0101,356600500400192955,-42.745269,-71.150164,324018.2,5265230.2,1231.4093,1,0,0.92447805,-2.39,-0.56,1.23,3.89,4.86,23.00,pendiente fuerte: la altura del dosel se sobrestima,pendiente=23.0 > 20 grados
GEDI02_A_2025089042733_O35660_04_T01966_02_004_02_V003.h5,BEAM0101,356600500400192956,-42.745554,-71.149589,324066.0,5265199.8,1226.2625,1,0,0.9365196,-2.05,-0.44,0.97,2.92,3.7,20.87,pendiente fuerte: la altura del dosel se sobrestima,pendiente=20.9 > 20 grados
GEDI02_A_2025089042733_O35660_04_T01966_02_004_02_V003.h5,BEAM0101,356600500400192957,-42.745841,-71.149013,324114.0,5265169.2,1229.3971,1,0,0.93679714,-2.32,-0.14,2.05,5.13,6.17,21.33,pendiente fuerte: la altura del dosel se sobrestima,pendiente=21.3 > 20 grados
GEDI02_A_2025089042733_O35660_04_T01966_02_004_02_V003.h5,BEAM0101,356600500400192958,-42.746126,-71.148438,324161.8,5265138.7,1225.936,1,0,0.93091,-1.94,-0.07,1.75,4.34,5.24,20.61,pendiente fuerte: la altura del dosel se sobrestima,pendiente=20.6 > 20 grados
GEDI02_A_2025089042733_O35660_04_T01966_02_004_02_V003.h5,BEAM0101,356600500400192995,-42.756734,-71.127133,325935.3,5264004.8,1273.3257,1,0,0.9489724,-1.9,-0.26,1.31,3.33,4.11,20.15,pendiente fuerte: la altura del dosel se sobrestima,pendiente=20.2 > 20 grados
GEDI02_A_2025089042733_O35660_04_T01966_02_004_02_V003.h5,BEAM0101,356600500400193002,-42.758716,-71.123123,326269.0,5263793.0,1175.3175,1,0,0.94176257,-2.09,-0.37,1.16,3.14,3.93,20.32,pendiente fuerte: la altura del dosel se sobrestima,pendiente=20.3 > 20 grados
GEDI02_A_2025089042733_O35660_04_T01966_02_004_02_V003.h5,BEAM0101,356600500400193003,-42.758997,-71.122551,326316.5,5263762.9,1155.4174,1,0,0.9433382,-2.58,-0.52,1.34,4.04,5.05,25.23,pendiente fuerte: la altura del dosel se sobrestima,pendiente=25.2 > 20 grados
GEDI02_A_2025089042733_O35660_04_T01966_02_004_02_V003.h5,BEAM0101,356600500400193004,-42.759276,-71.121982,326363.9,5263733.1,1124.0958,1,0,0.95015854,-2.65,-0.26,2.05,5.72,7.07,27.95,pendiente fuerte: la altura del dosel se sobrestima,pendiente=28.0 > 20 grados
GEDI02_A_2025089042733_O35660_04_T01966_02_004_02_V003.h5,BEAM0101,356600500400193005,-42.759557,-71.121411,326411.4,5263703.1,1103.2239,1,0,0.9327773,-2.5,-0.48,1.42,4.0,4.98,24.87,pendiente fuerte: la altura del dosel se sobrestima,pendiente=24.9 > 20 grados
GEDI02_A_2025089042733_O35660_04_T01966_02_004_02_V003.h5,BEAM0101,356600500400193006,-42.759839,-71.120839,326459.0,5263673.0,1083.7035,1,0,0.93760824,-2.73,-0.44,1.72,4.79,5.84,23.56,pendiente fuerte: la altura del dosel se sobrestima,pendiente=23.6 > 20 grados
GEDI02_A_2025089042733_O35660_04_T01966_02_004_02_V003.h5,BEAM0101,356600500400193007,-42.760118,-71.120269,326506.5,5263643.1,1057.6077,1,0,0.94277257,-1.94,0.0,1.9,4.83,5.91,23.71,pendiente fuerte: la altura del dosel se sobrestima,pendiente=23.7 > 20 grados
GEDI02_A_2025089042733_O35660_04_T01966_02_004_02_V003.h5,BEAM0101,356600500400193008,-42.760399,-71.119698,326554.0,5263613.2,1033.767,1,0,0.94797873,-1.9,-0.03,1.79,4.41,5.42,22.39,pendiente fuerte: la altura del dosel se sobrestima,pendiente=22.4 > 20 grados
GEDI02_A_2025089042733_O35660_04_T01966_02_004_02_V003.h5,BEAM0101,356600500400193009,-42.760679,-71.119126,326601.5,5263583.2,1011.9014,1,0,0.9467896,-2.09,-0.26,1.42,3.66,4.49,20.65,pendiente fuerte: la altura del dosel se sobrestima,pendiente=20.6 > 20 grados
GEDI02_A_2025089042733_O35660_04_T01966_02_004_02_V003.h5,BEAM0101,356600500400193166,-42.805507,-71.028732,334118.1,5258787.0,820.3238,1,0,0.9188232,-1.42,-0.18,0.97,2.47,3.03,,fuera del DEM,sin pendiente disponible
GEDI02_A_2025089042733_O35660_04_T01966_02_004_02_V003.h5,BEAM0101,356600500400193167,-42.805793,-71.028155,334166.0,5258756.3,822.524,1,0,0.94377524,-1.19,-0.14,0.86,2.17,2.62,,fuera del DEM,sin pendiente disponible
GEDI02_A_2025089042733_O35660_04_T01966_02_004_02_V003.h5,BEAM0101,356600500400193168,-42.806079,-71.027578,334214.0,5258725.7,822.7395,1,0,0.9425271,-1.16,-0.18,0.74,1.94,2.43,,fuera del DEM,sin pendiente disponible
GEDI02_A_2025089042733_O35660_04_T01966_02_004_02_V003.h5,BEAM0101,356600500400193169,-42.806365,-71.027001,334261.9,5258695.0,822.3402,1,0,0.9403825,-1.19,-0.14,0.78,2.09,2.62,,fuera del DEM,sin pendiente disponible
GEDI02_A_2025089042733_O35660_04_T01966_02_004_02_V003.h5,BEAM0101,356600500400193170,-42.806651,-71.026425,334309.8,5258664.4,822.3337,1,0,0.9216658,-1.23,-0.18,0.78,2.05,2.54,,fuera del DEM,sin pendiente disponible
GEDI02_A_2025089042733_O35660_04_T01966_02_004_02_V003.h5,BEAM0101,356600500400193171,-42.806937,-71.025848,334357.7,5258633.8,822.43445,1,0,0.93280643,-1.19,-0.18,0.71,1.9,2.35,,fuera del DEM,sin pendiente disponible
GEDI02_A_2025089042733_O35660_04_T01966_02_004_02_V003.h5,BEAM0110,356600600401033964,-42.721013,-71.212570,318839.7,5267791.8,1311.8319,1,0,0.91926366,-1.72,-0.07,1.61,3.89,4.68,,fuera del DEM,sin pendiente disponible
GEDI02_A_2025089042733_O35660_04_T01966_02_004_02_V003.h5,BEAM0110,356600600401033965,-42.721294,-71.212001,318887.0,5267761.8,1283.4803,1,0,0.9576837,1.76,6.14,9.84,15.09,16.7,,fuera del DEM,sin pendiente disponible
GEDI02_A_2025089042733_O35660_04_T01966_02_004_02_V003.h5,BEAM0110,356600600401033966,-42.721578,-71.211429,318934.7,5267731.5,1271.9839,1,0,0.9539491,-1.53,-0.11,1.27,3.22,3.96,,fuera del DEM,sin pendiente disponible
GEDI02_A_2025089042733_O35660_04_T01966_02_004_02_V003.h5,BEAM0110,356600600401033967,-42.721867,-71.210852,318982.8,5267700.7,1282.3646,1,0,0.95045745,-1.68,0.11,1.98,4.71,5.76,,fuera del DEM,sin pendiente disponible
GEDI02_A_2025089042733_O35660_04_T01966_02_004_02_V003.h5,BEAM0110,356600600401033968,-42.722158,-71.210272,319031.2,5267669.6,1304.7695,1,0,0.94056654,-1.83,-0.11,1.64,4.08,4.94,,fuera del DEM,sin pendiente disponible
GEDI02_A_2025089042733_O35660_04_T01966_02_004_02_V003.h5,BEAM0110,356600600401033969,-42.722448,-71.209693,319079.4,5267638.6,1321.312,1,0,0.93946,-2.77,-0.71,1.04,3.37,4.11,,fuera del DEM,sin pendiente disponible
GEDI02_A_2025089042733_O35660_04_T01966_02_004_02_V003.h5,BEAM0110,356600600401033972,-42.723307,-71.207967,319223.2,5267546.9,1324.3755,1,0,0.94966376,-1.53,0.14,1.87,4.38,5.57,21.04,pendiente fuerte: la altura del dosel se sobrestima,pendiente=21.0 > 20 grados
GEDI02_A_2025089042733_O35660_04_T01966_02_004_02_V003.h5,BEAM0110,356600600401033973,-42.723599,-71.207386,319271.6,5267515.8,1348.8059,1,0,0.95425695,-2.02,-0.03,1.94,4.98,6.44,26.56,pendiente fuerte: la altura del dosel se sobrestima,pendiente=26.6 > 20 grados
GEDI02_A_2025089042733_O35660_04_T01966_02_004_02_V003.h5,BEAM0110,356600600401033975,-42.724183,-71.206222,319368.6,5267453.3,1408.317,1,0,0.90758336,-2.28,-0.29,1.57,4.15,4.98,24.19,pendiente fuerte: la altura del dosel se sobrestima,pendiente=24.2 > 20 grados
GEDI02_A_2025089042733_O35660_04_T01966_02_004_02_V003.h5,BEAM0110,356600600401033977,-42.724760,-71.205067,319464.9,5267391.8,1430.8414,1,0,0.9333078,-2.09,-0.22,1.57,4.3,5.28,20.35,pendiente fuerte: la altura del dosel se sobrestima,pendiente=20.4 > 20 grados
GEDI02_A_2025089042733_O35660_04_T01966_02_004_02_V003.h5,BEAM0110,356600600401033979,-42.725324,-71.203924,319560.0,5267331.5,1395.8812,1,0,0.90658796,-1.79,-0.03,1.76,4.11,4.9,20.93,pendiente fuerte: la altura del dosel se sobrestima,pendiente=20.9 > 20 grados
GEDI02_A_2025089042733_O35660_04_T01966_02_004_02_V003.h5,BEAM0110,356600600401033980,-42.725606,-71.203353,319607.6,5267301.4,1377.8828,1,0,0.94878167,-1.53,0.67,3.1,6.47,7.82,22.49,pendiente fuerte: la altura del dosel se sobrestima,pendiente=22.5 > 20 grados
GEDI02_A_2025089042733_O35660_04_T01966_02_004_02_V003.h5,BEAM0110,356600600401033981,-42.725889,-71.202781,319655.3,5267271.3,1363.0675,1,0,0.9046237,-2.2,-0.29,1.46,3.63,4.41,21.74,pendiente fuerte: la altura del dosel se sobrestima,pendiente=21.7 > 20 grados
GEDI02_A_2025089042733_O35660_04_T01966_02_004_02_V003.h5,BEAM0110,356600600401033982,-42.726169,-71.202212,319702.7,5267241.4,1334.0994,1,0,0.95469165,-0.82,1.79,4.9,8.61,9.77,23.58,pendiente fuerte: la altura del dosel se sobrestima,pendiente=23.6 > 20 grados
GEDI02_A_2025089042733_O35660_04_T01966_02_004_02_V003.h5,BEAM0110,356600600401033984,-42.726741,-71.201061,319798.6,5267180.3,1337.8439,1,0,0.928026,-2.02,-0.18,1.64,4.23,5.16,21.63,pendiente fuerte: la altura del dosel se sobrestima,pendiente=21.6 > 20 grados
GEDI02_A_2025089042733_O35660_04_T01966_02_004_02_V003.h5,BEAM0110,356600600401033985,-42.727027,-71.200485,319846.6,5267149.8,1338.8073,1,0,0.92457706,-2.39,-0.29,1.72,4.3,5.31,21.74,pendiente fuerte: la altura del dosel se sobrestima,pendiente=21.7 > 20 grados
GEDI02_A_2025089042733_O35660_04_T01966_02_004_02_V003.h5,BEAM0110,356600600401033986,-42.727315,-71.199907,319894.8,5267119.0,1350.5312,1,0,0.9331844,-1.38,0.41,2.39,5.28,6.17,24.10,pendiente fuerte: la altura del dosel se sobrestima,pendiente=24.1 > 20 grados
GEDI02_A_2025089042733_O35660_04_T01966_02_004_02_V003.h5,BEAM0110,356600600401033987,-42.727606,-71.199326,319943.1,5267088.0,1373.8123,1,0,0.9334617,-1.9,0.03,1.98,4.68,5.76,23.52,pendiente fuerte: la altura del dosel se sobrestima,pendiente=23.5 > 20 grados
GEDI02_A_2025089042733_O35660_04_T01966_02_004_02_V003.h5,BEAM0110,356600600401033988,-42.727895,-71.198747,319991.4,5267057.1,1390.348,1,0,0.92876846,-2.05,-0.11,1.83,4.56,5.5,20.15,pendiente fuerte: la altura del dosel se sobrestima,pendiente=20.2 > 20 grados
GEDI02_A_2025089042733_O35660_04_T01966_02_004_02_V003.h5,BEAM0110,356600600401033992,-42.729028,-71.196456,320182.3,5266936.2,1340.9893,1,0,0.9284303,-1.83,-0.22,1.34,3.44,4.26,22.86,pendiente fuerte: la altura del dosel se sobrestima,pendiente=22.9 > 20 grados
GEDI02_A_2025089042733_O35660_04_T01966_02_004_02_V003.h5,BEAM0110,356600600401033993,-42.729309,-71.195884,320229.8,5266906.2,1321.5472,1,0,0.9474861,-1.94,0.0,1.9,4.38,5.24,23.00,pendiente fuerte: la altura del dosel se sobrestima,pendiente=23.0 > 20 grados
GEDI02_A_2025089042733_O35660_04_T01966_02_004_02_V003.h5,BEAM0110,356600600401033994,-42.729590,-71.195314,320277.4,5266876.2,1298.8607,1,0,0.9424501,-3.18,-0.59,1.83,5.57,7.04,21.26,pendiente fuerte: la altura del dosel se sobrestima,pendiente=21.3 > 20 grados
GEDI02_A_2025089042733_O35660_04_T01966_02_004_02_V003.h5,BEAM0110,356600600401033995,-42.729870,-71.194744,320324.8,5266846.3,1271.7468,1,0,0.9602942,-2.88,0.11,2.99,7.26,8.68,22.36,pendiente fuerte: la altura del dosel se sobrestima,pendiente=22.4 > 20 grados
GEDI02_A_2025089042733_O35660_04_T01966_02_004_02_V003.h5,BEAM0110,356600600401033996,-42.730151,-71.194174,320372.3,5266816.3,1248.985,1,0,0.960704,-1.68,0.59,3.55,8.68,10.78,24.39,pendiente fuerte: la altura del dosel se sobrestima,pendiente=24.4 > 20 grados
GEDI02_A_2025089042733_O35660_04_T01966_02_004_02_V003.h5,BEAM0110,356600600401033997,-42.730433,-71.193602,320419.9,5266786.2,1230.8004,1,0,0.958946,-0.89,1.42,3.85,6.62,7.75,26.24,pendiente fuerte: la altura del dosel se sobrestima,pendiente=26.2 > 20 grados
GEDI02_A_2025089042733_O35660_04_T01966_02_004_02_V003.h5,BEAM0110,356600600401033998,-42.730715,-71.193032,320467.4,5266756.2,1207.8771,1,0,0.9552849,-1.27,0.48,2.5,5.2,6.1,23.53,pendiente fuerte: la altura del dosel se sobrestima,pendiente=23.5 > 20 grados
GEDI02_A_2025089042733_O35660_04_T01966_02_004_02_V003.h5,BEAM0110,356600600401034001,-42.731575,-71.191302,320611.5,5266664.3,1220.9725,1,0,0.9295406,-2.05,-0.03,2.13,5.42,6.59,26.40,pendiente fuerte: la altura del dosel se sobrestima,pendiente=26.4 > 20 grados
GEDI02_A_2025089042733_O35660_04_T01966_02_004_02_V003.h5,BEAM0110,356600600401034003,-42.732148,-71.190149,320707.5,5266603.1,1225.0952,1,0,0.9418917,-2.32,-0.37,1.57,4.68,5.8,23.46,pendiente fuerte: la altura del dosel se sobrestima,pendiente=23.5 > 20 grados
GEDI02_A_2025089042733_O35660_04_T01966_02_004_02_V003.h5,BEAM0110,356600600401034006,-42.733008,-71.188421,320851.5,5266511.3,1230.9773,1,0,0.9149113,-1.57,0.14,2.02,4.56,5.54,22.55,pendiente fuerte: la altura del dosel se sobrestima,pendiente=22.5 > 20 grados
GEDI02_A_2025089042733_O35660_04_T01966_02_004_02_V003.h5,BEAM0110,356600600401034007,-42.733299,-71.187840,320899.9,5266480.2,1254.1178,1,0,0.9461467,-1.72,0.18,2.2,5.65,6.96,25.47,pendiente fuerte: la altura del dosel se sobrestima,pendiente=25.5 > 20 grados
GEDI02_A_2025089042733_O35660_04_T01966_02_004_02_V003.h5,BEAM0110,356600600401034008,-42.733591,-71.187258,320948.4,5266449.0,1283.1737,1,0,0.9401069,-2.09,0.03,2.13,5.39,6.55,27.58,pendiente fuerte: la altura del dosel se sobrestima,pendiente=27.6 > 20 grados
GEDI02_A_2025089042733_O35660_04_T01966_02_004_02_V003.h5,BEAM0110,356600600401034009,-42.733885,-71.186675,320997.0,5266417.7,1315.4647,1,0,0.94657445,-3.14,-0.93,1.12,4.23,5.42,26.39,pendiente fuerte: la altura del dosel se sobrestima,pendiente=26.4 > 20 grados
GEDI02_A_2025089042733_O35660_04_T01966_02_004_02_V003.h5,BEAM0110,356600600401034010,-42.734176,-71.186093,321045.4,5266386.5,1341.2842,1,0,0.9460382,-1.83,0.22,2.35,5.69,6.81,24.69,pendiente fuerte: la altura del dosel se sobrestima,pendiente=24.7 > 20 grados
GEDI02_A_2025089042733_O35660_04_T01966_02_004_02_V003.h5,BEAM0110,356600600401034011,-42.734468,-71.185511,321093.9,5266355.3,1368.78,1,0,0.9461053,-3.03,-0.59,1.76,4.94,6.14,21.65,pendiente fuerte: la altura del dosel se sobrestima,pendiente=21.6 > 20 grados
GEDI02_A_2025089042733_O35660_04_T01966_02_004_02_V003.h5,BEAM0110,356600600401034012,-42.734755,-71.184935,321141.9,5266324.6,1371.0045,1,0,0.95108265,-1.9,-0.14,1.53,3.96,4.98,22.14,pendiente fuerte: la altura del dosel se sobrestima,pendiente=22.1 > 20 grados
GEDI02_A_2025089042733_O35660_04_T01966_02_004_02_V003.h5,BEAM0110,356600600401034013,-42.735043,-71.184358,321190.0,5266293.9,1377.5677,1,0,0.943725,-1.83,0.14,2.24,5.46,6.66,23.53,pendiente fuerte: la altura del dosel se sobrestima,pendiente=23.5 > 20 grados
GEDI02_A_2025089042733_O35660_04_T01966_02_004_02_V003.h5,BEAM0110,356600600401034014,-42.735334,-71.183778,321238.3,5266262.9,1396.5068,1,0,0.94551,-1.38,0.67,2.99,6.74,8.23,26.80,pendiente fuerte: la altura del dosel se sobrestima,pendiente=26.8 > 20 grados
GEDI02_A_2025089042733_O35660_04_T01966_02_004_02_V003.h5,BEAM0110,356600600401034015,-42.735626,-71.183196,321286.8,5266231.6,1424.9067,1,0,0.9444443,-2.32,-0.03,2.2,5.5,6.74,27.72,pendiente fuerte: la altura del dosel se sobrestima,pendiente=27.7 > 20 grados
GEDI02_A_2025089042733_O35660_04_T01966_02_004_02_V003.h5,BEAM0110,356600600401034016,-42.735916,-71.182617,321335.0,5266200.6,1441.7648,1,0,0.95012146,-1.87,-0.07,1.72,4.41,5.42,26.51,pendiente fuerte: la altura del dosel se sobrestima,pendiente=26.5 > 20 grados
GEDI02_A_2025089042733_O35660_04_T01966_02_004_02_V003.h5,BEAM0110,356600600401034017,-42.736202,-71.182042,321382.9,5266170.1,1439.5558,1,0,0.9575214,-1.9,-0.07,1.76,4.04,4.9,23.38,pendiente fuerte: la altura del dosel se sobrestima,pendiente=23.4 > 20 grados
GEDI02_A_2025089042733_O35660_04_T01966_02_004_02_V003.h5,BEAM0110,356600600401034018,-42.736485,-71.181470,321430.5,5266139.9,1423.1709,1,0,0.9460541,-2.54,-0.44,1.57,4.79,6.14,25.07,pendiente fuerte: la altura del dosel se sobrestima,pendiente=25.1 > 20 grados
GEDI02_A_2025089042733_O35660_04_T01966_02_004_02_V003.h5,BEAM0110,356600600401034019,-42.736770,-71.180897,321478.3,5266109.5,1414.2257,1,0,0.9405229,-2.8,-0.56,1.61,5.16,6.44,23.50,pendiente fuerte: la altura del dosel se sobrestima,pendiente=23.5 > 20 grados
GEDI02_A_2025089042733_O35660_04_T01966_02_004_02_V003.h5,BEAM0110,356600600401034020,-42.737058,-71.180320,321526.3,5266078.7,1420.7819,1,0,0.9425511,-2.32,-0.29,1.61,4.53,5.69,26.44,pendiente fuerte: la altura del dosel se sobrestima,pendiente=26.4 > 20 grados
GEDI02_A_2025089042733_O35660_04_T01966_02_004_02_V003.h5,BEAM0110,356600600401034021,-42.737346,-71.179744,321574.3,5266048.0,1424.1123,1,0,0.9352196,-1.72,0.26,2.58,6.1,7.41,26.56,pendiente fuerte: la altura del dosel se sobrestima,pendiente=26.6 > 20 grados
GEDI02_A_2025089042733_O35660_04_T01966_02_004_02_V003.h5,BEAM0110,356600600401034022,-42.737634,-71.179167,321622.4,5266017.1,1433.0721,1,0,0.9343748,-1.68,-0.03,1.57,3.78,4.56,22.00,pendiente fuerte: la altura del dosel se sobrestima,pendiente=22.0 > 20 grados
GEDI02_A_2025089042733_O35660_04_T01966_02_004_02_V003.h5,BEAM0110,356600600401034023,-42.737919,-71.178594,321670.1,5265986.7,1423.5496,1,0,0.9374035,-2.02,-0.18,1.57,4.08,5.01,23.87,pendiente fuerte: la altura del dosel se sobrestima,pendiente=23.9 > 20 grados
GEDI02_A_2025089042733_O35660_04_T01966_02_004_02_V003.h5,BEAM0110,356600600401034024,-42.738202,-71.178023,321717.6,5265956.6,1403.6906,1,0,0.93389183,-1.83,0.48,3.07,6.32,7.41,26.66,pendiente fuerte: la altura del dosel se sobrestima,pendiente=26.7 > 20 grados
GEDI02_A_2025089042733_O35660_04_T01966_02_004_02_V003.h5,BEAM0110,356600600401034025,-42.738485,-71.177452,321765.2,5265926.3,1386.0621,1,0,0.9435421,-2.54,-0.22,1.98,4.86,5.91,25.48,pendiente fuerte: la altura del dosel se sobrestima,pendiente=25.5 > 20 grados
GEDI02_A_2025089042733_O35660_04_T01966_02_004_02_V003.h5,BEAM0110,356600600401034027,-42.739056,-71.176305,321860.7,5265865.4,1372.4855,1,0,0.9446196,-2.95,-0.14,3.03,8.12,9.54,22.83,pendiente fuerte: la altura del dosel se sobrestima,pendiente=22.8 > 20 grados
GEDI02_A_2025089042733_O35660_04_T01966_02_004_02_V003.h5,BEAM0110,356600600401034028,-42.739346,-71.175726,321909.0,5265834.3,1388.4352,1,0,0.92774385,-2.69,-0.59,1.38,4.23,5.28,22.05,pendiente fuerte: la altura del dosel se sobrestima,pendiente=22.1 > 20 grados
GEDI02_A_2025089042733_O35660_04_T01966_02_004_02_V003.h5,BEAM0110,356600600401034031,-42.740209,-71.173998,322052.9,5265742.2,1399.3224,1,0,0.93766797,-2.05,-0.37,1.19,3.63,4.75,23.48,pendiente fuerte: la altura del dosel se sobrestima,pendiente=23.5 > 20 grados
GEDI02_A_2025089042733_O35660_04_T01966_02_004_02_V003.h5,BEAM0110,356600600401034032,-42.740492,-71.173427,322100.4,5265712.0,1379.1459,1,0,0.931143,-1.83,0.11,2.05,4.79,5.87,29.97,pendiente fuerte: la altura del dosel se sobrestima,pendiente=30.0 > 20 grados
GEDI02_A_2025089042733_O35660_04_T01966_02_004_02_V003.h5,BEAM0110,356600600401034033,-42.740773,-71.172858,322147.8,5265681.9,1354.9965,1,0,0.9418704,-1.94,0.11,2.35,7.07,8.38,29.67,pendiente fuerte: la altura del dosel se sobrestima,pendiente=29.7 > 20 grados
GEDI02_A_2025089042733_O35660_04_T01966_02_004_02_V003.h5,BEAM0110,356600600401034034,-42.741054,-71.172289,322195.2,5265651.9,1327.4773,1,0,0.9558141,-1.46,1.83,5.42,10.11,12.13,31.04,pendiente fuerte: la altura del dosel se sobrestima,pendiente=31.0 > 20 grados
GEDI02_A_2025089042733_O35660_04_T01966_02_004_02_V003.h5,BEAM0110,356600600401034035,-42.741335,-71.171721,322242.5,5265621.9,1297.6505,1,0,0.96292037,4.04,8.31,11.27,15.2,16.66,30.64,pendiente fuerte: la altura del dosel se sobrestima,pendiente=30.6 > 20 grados
GEDI02_A_2025089042733_O35660_04_T01966_02_004_02_V003.h5,BEAM0110,356600600401034036,-42.741619,-71.171149,322290.1,5265591.6,1281.9716,1,0,0.9652269,-1.79,0.63,3.22,6.85,8.12,30.21,pendiente fuerte: la altura del dosel se sobrestima,pendiente=30.2 > 20 grados
GEDI02_A_2025089042733_O35660_04_T01966_02_004_02_V003.h5,BEAM0110,356600600401034037,-42.741902,-71.170578,322337.7,5265561.4,1264.2955,1,0,0.951971,-1.53,0.33,2.47,5.95,7.33,24.52,pendiente fuerte: la altura del dosel se sobrestima,pendiente=24.5 > 20 grados
GEDI02_A_2025089042733_O35660_04_T01966_02_004_02_V003.h5,BEAM0110,356600600401034041,-42.743044,-71.168282,322528.8,5265439.4,1240.1122,1,0,0.94089085,-1.72,-0.14,1.38,3.52,4.34,20.01,pendiente fuerte: la altura del dosel se sobrestima,pendiente=20.0 > 20 grados
GEDI02_A_2025089042733_O35660_04_T01966_02_004_02_V003.h5,BEAM0110,356600600401034044,-42.743895,-71.166566,322671.7,5265348.5,1198.4414,1,0,0.9502143,-1.16,0.18,1.72,4.6,5.61,26.83,pendiente fuerte: la altura del dosel se sobrestima,pendiente=26.8 > 20 grados
GEDI02_A_2025089042733_O35660_04_T01966_02_004_02_V003.h5,BEAM0110,356600600401034045,-42.744186,-71.165985,322720.1,5265317.3,1222.5916,1,0,0.93101037,-1.98,0.48,3.18,7.26,8.61,29.66,pendiente fuerte: la altura del dosel se sobrestima,pendiente=29.7 > 20 grados
GEDI02_A_2025089042733_O35660_04_T01966_02_004_02_V003.h5,BEAM0110,356600600401034046,-42.744477,-71.165405,322768.4,5265286.3,1242.5043,1,0,0.9440229,-2.35,-0.22,1.98,5.13,6.17,27.84,pendiente fuerte: la altura del dosel se sobrestima,pendiente=27.8 > 20 grados
GEDI02_A_2025089042733_O35660_04_T01966_02_004_02_V003.h5,BEAM0110,356600600401034047,-42.744766,-71.164826,322816.6,5265255.4,1255.8912,1,0,0.9441801,-2.8,-0.63,1.38,4.04,4.94,26.36,pendiente fuerte: la altura del dosel se sobrestima,pendiente=26.4 > 20 grados
GEDI02_A_2025089042733_O35660_04_T01966_02_004_02_V003.h5,BEAM0110,356600600401034048,-42.745056,-71.164247,322864.8,5265224.4,1270.6571,1,0,0.92756027,-2.39,-0.33,1.64,4.68,5.69,25.72,pendiente fuerte: la altura del dosel se sobrestima,pendiente=25.7 > 20 grados
GEDI02_A_2025089042733_O35660_04_T01966_02_004_02_V003.h5,BEAM0110,356600600401034049,-42.745345,-71.163668,322913.0,5265193.5,1284.5021,1,0,0.9265512,-2.32,-0.33,1.49,4.26,5.31,25.72,pendiente fuerte: la altura del dosel se sobrestima,pendiente=25.7 > 20 grados
GEDI02_A_2025089042733_O35660_04_T01966_02_004_02_V003.h5,BEAM0110,356600600401034050,-42.745632,-71.163092,322961.0,5265162.9,1286.2737,1,0,0.93538815,-2.2,0.0,2.2,5.69,6.96,29.07,pendiente fuerte: la altura del dosel se sobrestima,pendiente=29.1 > 20 grados
GEDI02_A_2025089042733_O35660_04_T01966_02_004_02_V003.h5,BEAM0110,356600600401034051,-42.745918,-71.162517,323008.9,5265132.4,1285.1356,1,0,0.93069863,-2.24,0.11,2.43,5.5,6.89,29.93,pendiente fuerte: la altura del dosel se sobrestima,pendiente=29.9 > 20 grados
GEDI02_A_2025089042733_O35660_04_T01966_02_004_02_V003.h5,BEAM0110,356600600401034052,-42.746199,-71.161947,323056.4,5265102.3,1261.782,1,0,0.910853,-3.63,-0.86,1.68,4.56,5.42,31.13,pendiente fuerte: la altura del dosel se sobrestima,pendiente=31.1 > 20 grados
GEDI02_A_2025089042733_O35660_04_T01966_02_004_02_V003.h5,BEAM0110,356600600401034053,-42.746485,-71.161371,323104.3,5265071.8,1260.1531,1,0,0.9439235,-2.2,-0.26,1.61,4.26,5.16,21.20,pendiente fuerte: la altura del dosel se sobrestima,pendiente=21.2 > 20 grados
GEDI02_A_2025089042733_O35660_04_T01966_02_004_02_V003.h5,BEAM0110,356600600401034054,-42.746772,-71.160794,323152.4,5265041.0,1267.3486,1,0,0.9474361,-1.87,0.0,1.83,4.71,5.69,25.44,pendiente fuerte: la altura del dosel se sobrestima,pendiente=25.4 > 20 grados
GEDI02_A_2025089042733_O35660_04_T01966_02_004_02_V003.h5,BEAM0110,356600600401034055,-42.747060,-71.160216,323200.5,5265010.3,1277.0557,1,0,0.935405,-1.68,0.63,2.95,6.47,7.75,30.29,pendiente fuerte: la altura del dosel se sobrestima,pendiente=30.3 > 20 grados
GEDI02_A_2025089042733_O35660_04_T01966_02_004_02_V003.h5,BEAM0110,356600600401034056,-42.747349,-71.159637,323248.7,5264979.4,1290.399,1,0,0.93916625,-1.57,0.78,3.1,6.62,8.05,31.39,pendiente fuerte: la altura del dosel se sobrestima,pendiente=31.4 > 20 grados
GEDI02_A_2025089042733_O35660_04_T01966_02_004_02_V003.h5,BEAM0110,356600600401034057,-42.747638,-71.159058,323296.9,5264948.6,1302.4108,1,0,0.9358195,-1.98,0.18,2.32,5.16,6.1,28.40,pendiente fuerte: la altura del dosel se sobrestima,pendiente=28.4 > 20 grados
GEDI02_A_2025089042733_O35660_04_T01966_02_004_02_V003.h5,BEAM0110,356600600401034071,-42.752189,-71.149872,324061.6,5264462.3,1188.801,1,0,0.9529641,-1.94,-0.18,1.53,3.96,4.94,24.81,pendiente fuerte: la altura del dosel se sobrestima,pendiente=24.8 > 20 grados
GEDI02_A_2025089042733_O35660_04_T01966_02_004_02_V003.h5,BEAM0110,356600600401034072,-42.752472,-71.149300,324109.3,5264432.1,1173.3414,1,0,0.95255476,-1.83,-0.22,1.34,4.04,5.31,24.82,pendiente fuerte: la altura del dosel se sobrestima,pendiente=24.8 > 20 grados
GEDI02_A_2025089042733_O35660_04_T01966_02_004_02_V003.h5,BEAM0110,356600600401034073,-42.752754,-71.148728,324156.8,5264402.0,1154.9845,1,0,0.93966156,-2.05,-0.37,1.16,3.37,4.38,24.15,pendiente fuerte: la altura del dosel se sobrestima,pendiente=24.1 > 20 grados
GEDI02_A_2025089042733_O35660_04_T01966_02_004_02_V003.h5,BEAM0110,356600600401034074,-42.753036,-71.148157,324204.4,5264371.9,1136.0491,1,0,0.9432737,-3.74,-1.08,1.27,4.26,5.42,23.80,pendiente fuerte: la altura del dosel se sobrestima,pendiente=23.8 > 20 grados
GEDI02_A_2025089042733_O35660_04_T01966_02_004_02_V003.h5,BEAM0110,356600600401034080,-42.754739,-71.144718,324490.6,5264189.9,1070.1919,1,0,0.9480551,-1.76,-0.29,1.08,2.99,3.74,20.98,pendiente fuerte: la altura del dosel se sobrestima,pendiente=21.0 > 20 grados
GEDI02_A_2025089042733_O35660_04_T01966_02_004_02_V003.h5,BEAM0110,356600600401034081,-42.755029,-71.144138,324538.9,5264158.9,1089.5393,1,0,0.9421241,-1.79,0.22,2.32,5.31,6.29,26.58,pendiente fuerte: la altura del dosel se sobrestima,pendiente=26.6 > 20 grados
GEDI02_A_2025089042733_O35660_04_T01966_02_004_02_V003.h5,BEAM0110,356600600401034082,-42.755320,-71.143558,324587.2,5264127.8,1110.2668,1,0,0.9390581,-1.76,-0.07,1.61,4.08,5.16,25.74,pendiente fuerte: la altura del dosel se sobrestima,pendiente=25.7 > 20 grados
GEDI02_A_2025089042733_O35660_04_T01966_02_004_02_V003.h5,BEAM0110,356600600401034083,-42.755607,-71.142981,324635.2,5264097.1,1117.6393,1,0,0.93984735,-2.43,-0.29,1.72,4.45,5.46,25.27,pendiente fuerte: la altura del dosel se sobrestima,pendiente=25.3 > 20 grados
GEDI02_A_2025089042733_O35660_04_T01966_02_004_02_V003.h5,BEAM0110,356600600401034084,-42.755895,-71.142404,324683.2,5264066.4,1122.1256,1,0,0.9412128,-1.76,0.18,2.2,4.98,6.06,24.71,pendiente fuerte: la altura del dosel se sobrestima,pendiente=24.7 > 20 grados
GEDI02_A_2025089042733_O35660_04_T01966_02_004_02_V003.h5,BEAM0110,356600600401034085,-42.756184,-71.141825,324731.4,5264035.5,1135.44,1,0,0.95399576,-1.9,-0.29,1.23,3.22,3.96,21.15,pendiente fuerte: la altura del dosel se sobrestima,pendiente=21.1 > 20 grados
GEDI02_A_2025089042733_O35660_04_T01966_02_004_02_V003.h5,BEAM0110,356600600401034100,-42.761032,-71.132067,325543.6,5263517.3,1024.5457,1,0,0.9470698,-2.02,-0.22,1.46,4.0,5.05,20.33,pendiente fuerte: la altura del dosel se sobrestima,pendiente=20.3 > 20 grados
GEDI02_A_2025089042733_O35660_04_T01966_02_004_02_V003.h5,BEAM0110,356600600401034110,-42.763894,-71.126313,326022.5,5263211.4,1005.4103,1,0,0.9238101,-1.61,0.52,2.99,6.4,7.52,24.76,pendiente fuerte: la altura del dosel se sobrestima,pendiente=24.8 > 20 grados
GEDI02_A_2025089042733_O35660_04_T01966_02_004_02_V003.h5,BEAM0110,356600600401034111,-42.764183,-71.125733,326070.7,5263180.5,1019.19525,1,0,0.93953145,-2.5,-0.07,2.5,6.36,7.52,27.07,pendiente fuerte: la altura del dosel se sobrestima,pendiente=27.1 > 20 grados
GEDI02_A_2025089042733_O35660_04_T01966_02_004_02_V003.h5,BEAM0110,356600600401034112,-42.764469,-71.125157,326118.6,5263149.9,1019.8058,1,0,0.9418357,-1.79,0.29,2.35,5.2,6.29,24.64,pendiente fuerte: la altura del dosel se sobrestima,pendiente=24.6 > 20 grados
GEDI02_A_2025089042733_O35660_04_T01966_02_004_02_V003.h5,BEAM0110,356600600401034113,-42.764757,-71.124579,326166.7,5263119.2,1026.3976,1,0,0.94432807,-2.05,0.07,2.24,5.91,7.33,25.52,pendiente fuerte: la altura del dosel se sobrestima,pendiente=25.5 > 20 grados
GEDI02_A_2025089042733_O35660_04_T01966_02_004_02_V003.h5,BEAM0110,356600600401034114,-42.765045,-71.124001,326214.8,5263088.3,1036.4966,1,0,0.9164467,-1.98,0.33,2.84,6.14,7.26,27.83,pendiente fuerte: la altura del dosel se sobrestima,pendiente=27.8 > 20 grados
GEDI02_A_2025089042733_O35660_04_T01966_02_004_02_V003.h5,BEAM0110,356600600401034115,-42.765331,-71.123424,326262.8,5263057.7,1038.5852,1,0,0.93575555,-1.9,0.14,2.28,5.31,6.47,24.98,pendiente fuerte: la altura del dosel se sobrestima,pendiente=25.0 > 20 grados
GEDI02_A_2025089042733_O35660_04_T01966_02_004_02_V003.h5,BEAM0110,356600600401034270,-42.812159,-71.028991,334114.7,5258047.7,827.9566,1,0,0.93951005,-1.19,-0.22,0.67,1.87,2.32,,fuera del DEM,sin pendiente disponible
GEDI02_A_2025089042733_O35660_04_T01966_02_004_02_V003.h5,BEAM0110,356600600401034271,-42.812445,-71.028414,334162.6,5258017.1,827.8423,1,0,0.9399405,-1.19,-0.18,0.71,1.94,2.39,,fuera del DEM,sin pendiente disponible
GEDI02_A_2025089042733_O35660_04_T01966_02_004_02_V003.h5,BEAM0110,356600600401034272,-42.812731,-71.027837,334210.6,5257986.4,827.6912,1,0,0.9294059,-1.19,-0.22,0.71,1.94,2.39,,fuera del DEM,sin pendiente disponible
GEDI02_A_2025089042733_O35660_04_T01966_02_004_02_V003.h5,BEAM0110,356600600401034273,-42.813590,-71.026106,334354.4,5257894.5,831.3592,1,0,0.92747706,-1.16,-0.14,0.78,2.09,2.58,,fuera del DEM,sin pendiente disponible
GEDI02_A_2025089042733_O35660_04_T01966_02_004_02_V003.h5,BEAM1000,356600800400197697,-42.729755,-71.213749,318768.5,5266818.5,1462.4221,1,0,0.9472718,-2.09,0.86,4.04,8.76,10.37,,fuera del DEM,sin pendiente disponible
GEDI02_A_2025089042733_O35660_04_T01966_02_004_02_V003.h5,BEAM1000,356600800400197698,-42.730037,-71.213180,318815.9,5266788.4,1441.8414,1,0,0.9478897,-1.83,0.67,3.25,6.73,8.01,,fuera del DEM,sin pendiente disponible
GEDI02_A_2025089042733_O35660_04_T01966_02_004_02_V003.h5,BEAM1000,356600800400197699,-42.730317,-71.212613,318863.2,5266758.4,1416.2886,1,0,0.9391535,-2.35,0.93,4.68,11.12,12.58,,fuera del DEM,sin pendiente disponible
GEDI02_A_2025089042733_O35660_04_T01966_02_004_02_V003.h5,BEAM1000,356600800400197700,-42.730598,-71.212045,318910.5,5266728.4,1390.5842,1,0,0.9537938,-1.94,0.93,4.41,9.69,11.75,,fuera del DEM,sin pendiente disponible
GEDI02_A_2025089042733_O35660_04_T01966_02_004_02_V003.h5,BEAM1000,356600800400197701,-42.730881,-71.211476,318958.0,5266698.3,1373.0657,1,0,0.963235,-4.56,-1.16,1.12,4.6,5.8,,fuera del DEM,sin pendiente disponible
GEDI02_A_2025089042733_O35660_04_T01966_02_004_02_V003.h5,BEAM1000,356600800400197702,-42.731161,-71.210910,319005.1,5266668.4,1342.972,1,0,0.96637666,4.56,7.75,11.0,17.56,20.85,,fuera del DEM,sin pendiente disponible
GEDI02_A_2025089042733_O35660_04_T01966_02_004_02_V003.h5,BEAM1000,356600800400197703,-42.731446,-71.210337,319052.8,5266637.9,1334.8907,1,0,0.9526641,-5.01,-2.05,0.37,3.03,4.04,,fuera del DEM,sin pendiente disponible
GEDI02_A_2025089042733_O35660_04_T01966_02_004_02_V003.h5,BEAM1000,356600800400197708,-42.732866,-71.207482,319290.7,5266486.4,1268.1376,1,0,0.96221477,-1.12,2.05,5.99,11.45,12.73,25.14,pendiente fuerte: la altura del dosel se sobrestima,pendiente=25.1 > 20 grados
GEDI02_A_2025089042733_O35660_04_T01966_02_004_02_V003.h5,BEAM1000,356600800400197709,-42.733147,-71.206916,319337.8,5266456.4,1239.9292,1,0,0.95659494,-0.29,1.6,5.65,13.29,14.71,22.11,pendiente fuerte: la altura del dosel se sobrestima,pendiente=22.1 > 20 grados
GEDI02_A_2025089042733_O35660_04_T01966_02_004_02_V003.h5,BEAM1000,356600800400197712,-42.734011,-71.205187,319481.8,5266364.2,1251.3737,1,0,0.9486226,-5.09,-1.27,2.2,6.88,8.19,21.86,pendiente fuerte: la altura del dosel se sobrestima,pendiente=21.9 > 20 grados
GEDI02_A_2025089042733_O35660_04_T01966_02_004_02_V003.h5,BEAM1000,356600800400197713,-42.734302,-71.204607,319530.2,5266333.1,1269.5237,1,0,0.94127256,-3.55,-0.41,2.65,7.15,8.42,25.42,pendiente fuerte: la altura del dosel se sobrestima,pendiente=25.4 > 20 grados
GEDI02_A_2025089042733_O35660_04_T01966_02_004_02_V003.h5,BEAM1000,356600800400197714,-42.734593,-71.204027,319578.5,5266302.1,1285.3959,1,0,0.94833034,-1.83,0.26,2.54,5.76,6.96,23.10,pendiente fuerte: la altura del dosel se sobrestima,pendiente=23.1 > 20 grados
GEDI02_A_2025089042733_O35660_04_T01966_02_004_02_V003.h5,BEAM1000,356600800400197715,-42.734882,-71.203449,319626.7,5266271.1,1296.9324,1,0,0.9617816,-2.43,-0.14,2.05,5.61,6.96,20.62,pendiente fuerte: la altura del dosel se sobrestima,pendiente=20.6 > 20 grados
GEDI02_A_2025089042733_O35660_04_T01966_02_004_02_V003.h5,BEAM1000,356600800400197716,-42.735172,-71.202870,319674.9,5266240.2,1308.3594,1,0,0.9554038,-2.69,-0.14,2.28,5.91,7.07,21.25,pendiente fuerte: la altura del dosel se sobrestima,pendiente=21.2 > 20 grados
GEDI02_A_2025089042733_O35660_04_T01966_02_004_02_V003.h5,BEAM1000,356600800400197717,-42.735461,-71.202292,319723.1,5266209.3,1319.2314,1,0,0.9569408,-3.21,-0.82,1.31,4.45,5.84,21.50,pendiente fuerte: la altura del dosel se sobrestima,pendiente=21.5 > 20 grados
GEDI02_A_2025089042733_O35660_04_T01966_02_004_02_V003.h5,BEAM1000,356600800400197718,-42.735750,-71.201715,319771.2,5266178.5,1326.5219,1,0,0.9531608,-2.28,0.59,3.89,8.98,10.74,23.47,pendiente fuerte: la altura del dosel se sobrestima,pendiente=23.5 > 20 grados
GEDI02_A_2025089042733_O35660_04_T01966_02_004_02_V003.h5,BEAM1000,356600800400197719,-42.736038,-71.201139,319819.1,5266147.7,1329.9092,1,0,0.957971,-1.87,0.52,3.44,7.45,8.76,24.32,pendiente fuerte: la altura del dosel se sobrestima,pendiente=24.3 > 20 grados
GEDI02_A_2025089042733_O35660_04_T01966_02_004_02_V003.h5,BEAM1000,356600800400197721,-42.736612,-71.199989,319914.9,5266086.5,1329.6239,1,0,0.95194507,-1.72,0.48,2.84,6.02,7.26,21.27,pendiente fuerte: la altura del dosel se sobrestima,pendiente=21.3 > 20 grados
GEDI02_A_2025089042733_O35660_04_T01966_02_004_02_V003.h5,BEAM1000,356600800400197722,-42.736902,-71.199409,319963.2,5266055.4,1345.6997,1,0,0.9512367,-1.68,1.16,4.08,7.97,9.24,25.64,pendiente fuerte: la altura del dosel se sobrestima,pendiente=25.6 > 20 grados
GEDI02_A_2025089042733_O35660_04_T01966_02_004_02_V003.h5,BEAM1000,356600800400197723,-42.737194,-71.198827,320011.7,5266024.3,1367.2292,1,0,0.93668413,-3.89,-0.86,1.98,6.21,7.71,27.57,pendiente fuerte: la altura del dosel se sobrestima,pendiente=27.6 > 20 grados
GEDI02_A_2025089042733_O35660_04_T01966_02_004_02_V003.h5,BEAM1000,356600800400197724,-42.737483,-71.198249,320059.9,5265993.4,1378.9064,1,0,0.9530075,-2.13,0.07,2.35,5.54,6.66,23.37,pendiente fuerte: la altura del dosel se sobrestima,pendiente=23.4 > 20 grados
GEDI02_A_2025089042733_O35660_04_T01966_02_004_02_V003.h5,BEAM1000,356600800400197725,-42.737770,-71.197675,320107.7,5265962.8,1375.6483,1,0,0.9442712,-1.57,0.71,3.44,7.26,8.49,21.71,pendiente fuerte: la altura del dosel se sobrestima,pendiente=21.7 > 20 grados
GEDI02_A_2025089042733_O35660_04_T01966_02_004_02_V003.h5,BEAM1000,356600800400197726,-42.738060,-71.197094,320156.1,5265931.8,1393.4733,1,0,0.9411937,-3.51,-0.59,2.24,5.95,7.11,24.01,pendiente fuerte: la altura del dosel se sobrestima,pendiente=24.0 > 20 grados
GEDI02_A_2025089042733_O35660_04_T01966_02_004_02_V003.h5,BEAM1000,356600800400197737,-42.741201,-71.190777,320682.2,5265596.4,1350.4011,1,0,0.94264734,-1.19,1.38,4.38,7.97,9.28,24.62,pendiente fuerte: la altura del dosel se sobrestima,pendiente=24.6 > 20 grados
GEDI02_A_2025089042733_O35660_04_T01966_02_004_02_V003.h5,BEAM1000,356600800400197738,-42.741482,-71.190209,320729.5,5265566.5,1325.0435,1,0,0.95109046,-1.01,1.49,4.19,7.3,8.27,25.91,pendiente fuerte: la altura del dosel se sobrestima,pendiente=25.9 > 20 grados
GEDI02_A_2025089042733_O35660_04_T01966_02_004_02_V003.h5,BEAM1000,356600800400197739,-42.741763,-71.189640,320776.9,5265536.5,1303.7953,1,0,0.9514355,-3.7,-0.86,1.72,5.12,6.7,23.22,pendiente fuerte: la altura del dosel se sobrestima,pendiente=23.2 > 20 grados
GEDI02_A_2025089042733_O35660_04_T01966_02_004_02_V003.h5,BEAM1000,356600800400197740,-42.742044,-71.189072,320824.3,5265506.5,1280.5253,1,0,0.9462926,-2.5,0.29,3.29,7.52,9.06,21.61,pendiente fuerte: la altura del dosel se sobrestima,pendiente=21.6 > 20 grados
GEDI02_A_2025089042733_O35660_04_T01966_02_004_02_V003.h5,BEAM1000,356600800400197742,-42.742613,-71.187924,320919.8,5265445.7,1267.8044,1,0,0.936808,-2.5,0.37,3.33,7.37,8.53,22.42,pendiente fuerte: la altura del dosel se sobrestima,pendiente=22.4 > 20 grados
GEDI02_A_2025089042733_O35660_04_T01966_02_004_02_V003.h5,BEAM1000,356600800400197743,-42.742904,-71.187342,320968.4,5265414.6,1290.4617,1,0,0.95153135,-2.62,-0.07,2.39,5.99,7.11,23.21,pendiente fuerte: la altura del dosel se sobrestima,pendiente=23.2 > 20 grados
GEDI02_A_2025089042733_O35660_04_T01966_02_004_02_V003.h5,BEAM1000,356600800400197746,-42.743763,-71.185614,321112.2,5265322.9,1292.6194,1,0,0.95112956,-2.69,0.14,3.07,7.56,9.43,24.28,pendiente fuerte: la altura del dosel se sobrestima,pendiente=24.3 > 20 grados
GEDI02_A_2025089042733_O35660_04_T01966_02_004_02_V003.h5,BEAM1000,356600800400197747,-42.744042,-71.185047,321159.4,5265293.1,1263.5671,1,0,0.9670543,-2.05,0.03,2.17,6.02,7.82,21.98,pendiente fuerte: la altura del dosel se sobrestima,pendiente=22.0 > 20 grados
GEDI02_A_2025089042733_O35660_04_T01966_02_004_02_V003.h5,BEAM1000,356600800400197750,-42.744894,-71.183329,321302.5,5265202.1,1235.626,1,0,0.9411277,-2.02,0.22,2.47,4.94,5.69,20.78,pendiente fuerte: la altura del dosel se sobrestima,pendiente=20.8 > 20 grados
GEDI02_A_2025089042733_O35660_04_T01966_02_004_02_V003.h5,BEAM1000,356600800400197751,-42.745177,-71.182758,321350.1,5265172.0,1220.0327,1,0,0.9630168,-0.71,2.13,6.81,11.12,12.5,21.47,pendiente fuerte: la altura del dosel se sobrestima,pendiente=21.5 > 20 grados
GEDI02_A_2025089042733_O35660_04_T01966_02_004_02_V003.h5,BEAM1000,356600800400197752,-42.745466,-71.182179,321398.3,5265141.1,1232.9333,1,0,0.9446127,-2.88,0.18,3.36,7.37,8.68,24.36,pendiente fuerte: la altura del dosel se sobrestima,pendiente=24.4 > 20 grados
GEDI02_A_2025089042733_O35660_04_T01966_02_004_02_V003.h5,BEAM1000,356600800400197753,-42.745756,-71.181597,321446.8,5265110.1,1252.5884,1,0,0.9460051,-2.5,0.89,4.11,8.38,9.8,24.41,pendiente fuerte: la altura del dosel se sobrestima,pendiente=24.4 > 20 grados
GEDI02_A_2025089042733_O35660_04_T01966_02_004_02_V003.h5,BEAM1000,356600800400197754,-42.746046,-71.181017,321495.1,5265079.2,1267.1313,1,0,0.9391484,-2.65,-0.41,1.79,4.6,5.57,20.32,pendiente fuerte: la altura del dosel se sobrestima,pendiente=20.3 > 20 grados
GEDI02_A_2025089042733_O35660_04_T01966_02_004_02_V003.h5,BEAM1000,356600800400197755,-42.746327,-71.180448,321542.4,5265049.2,1244.5273,1,0,0.93968755,-2.2,1.01,4.41,8.61,10.18,28.97,pendiente fuerte: la altura del dosel se sobrestima,pendiente=29.0 > 20 grados
GEDI02_A_2025089042733_O35660_04_T01966_02_004_02_V003.h5,BEAM1000,356600800400197756,-42.746607,-71.179881,321589.7,5265019.2,1218.251,1,0,0.94239444,-3.14,-0.63,1.75,5.05,6.25,27.54,pendiente fuerte: la altura del dosel se sobrestima,pendiente=27.5 > 20 grados
GEDI02_A_2025089042733_O35660_04_T01966_02_004_02_V003.h5,BEAM1000,356600800400197757,-42.746891,-71.179308,321637.4,5264988.9,1209.5427,1,0,0.9507551,-2.13,0.44,3.21,6.77,8.01,25.96,pendiente fuerte: la altura del dosel se sobrestima,pendiente=26.0 > 20 grados
GEDI02_A_2025089042733_O35660_04_T01966_02_004_02_V003.h5,BEAM1000,356600800400197758,-42.747177,-71.178733,321685.3,5264958.3,1209.5958,1,0,0.95034945,-3.96,-1.27,1.23,4.82,6.02,26.04,pendiente fuerte: la altura del dosel se sobrestima,pendiente=26.0 > 20 grados
GEDI02_A_2025089042733_O35660_04_T01966_02_004_02_V003.h5,BEAM1000,356600800400197759,-42.747460,-71.178162,321732.8,5264928.2,1193.1609,1,0,0.9526624,-2.28,0.14,2.69,6.51,7.75,25.67,pendiente fuerte: la altura del dosel se sobrestima,pendiente=25.7 > 20 grados
GEDI02_A_2025089042733_O35660_04_T01966_02_004_02_V003.h5,BEAM1000,356600800400197760,-42.747742,-71.177592,321780.3,5264898.0,1177.1176,1,0,0.94965595,-1.94,0.48,3.1,6.4,7.45,24.50,pendiente fuerte: la altura del dosel se sobrestima,pendiente=24.5 > 20 grados
GEDI02_A_2025089042733_O35660_04_T01966_02_004_02_V003.h5,BEAM1000,356600800400197761,-42.748024,-71.177022,321827.7,5264867.9,1157.005,1,0,0.96208805,-0.03,3.7,7.03,11.08,12.73,24.36,pendiente fuerte: la altura del dosel se sobrestima,pendiente=24.4 > 20 grados
GEDI02_A_2025089042733_O35660_04_T01966_02_004_02_V003.h5,BEAM1000,356600800400197764,-42.748885,-71.175293,321971.7,5264776.0,1166.216,1,0,0.94332707,-2.47,0.67,4.23,9.17,10.59,28.62,pendiente fuerte: la altura del dosel se sobrestima,pendiente=28.6 > 20 grados
GEDI02_A_2025089042733_O35660_04_T01966_02_004_02_V003.h5,BEAM1000,356600800400197765,-42.749177,-71.174710,322020.2,5264744.7,1192.6108,1,0,0.9508433,-3.36,-0.07,3.4,8.64,10.37,29.63,pendiente fuerte: la altura del dosel se sobrestima,pendiente=29.6 > 20 grados
GEDI02_A_2025089042733_O35660_04_T01966_02_004_02_V003.h5,BEAM1000,356600800400197766,-42.749469,-71.174127,322068.8,5264713.5,1218.2742,1,0,0.95445377,-2.43,0.48,3.44,7.93,9.32,29.70,pendiente fuerte: la altura del dosel se sobrestima,pendiente=29.7 > 20 grados
GEDI02_A_2025089042733_O35660_04_T01966_02_004_02_V003.h5,BEAM1000,356600800400197767,-42.749759,-71.173547,322117.1,5264682.5,1234.3722,1,0,0.95654374,-2.32,0.63,3.66,7.6,9.13,28.70,pendiente fuerte: la altura del dosel se sobrestima,pendiente=28.7 > 20 grados
GEDI02_A_2025089042733_O35660_04_T01966_02_004_02_V003.h5,BEAM1000,356600800400197768,-42.750049,-71.172966,322165.5,5264651.5,1251.0454,1,0,0.9514124,-2.09,-0.52,0.74,2.32,2.88,20.33,pendiente fuerte: la altura del dosel se sobrestima,pendiente=20.3 > 20 grados
GEDI02_A_2025089042733_O35660_04_T01966_02_004_02_V003.h5,BEAM1000,356600800400197771,-42.750898,-71.171255,322307.9,5264560.9,1202.5752,1,0,0.9301734,-1.12,2.43,5.76,10.03,11.64,22.79,pendiente fuerte: la altura del dosel se sobrestima,pendiente=22.8 > 20 grados
GEDI02_A_2025089042733_O35660_04_T01966_02_004_02_V003.h5,BEAM1000,356600800400197772,-42.751180,-71.170686,322355.3,5264530.8,1180.5413,1,0,0.9316016,-2.65,0.22,3.4,7.86,9.09,27.53,pendiente fuerte: la altura del dosel se sobrestima,pendiente=27.5 > 20 grados
GEDI02_A_2025089042733_O35660_04_T01966_02_004_02_V003.h5,BEAM1000,356600800400197773,-42.751460,-71.170120,322402.4,5264500.9,1151.9718,1,0,0.94080335,-2.92,-0.18,2.39,6.92,8.42,26.48,pendiente fuerte: la altura del dosel se sobrestima,pendiente=26.5 > 20 grados
GEDI02_A_2025089042733_O35660_04_T01966_02_004_02_V003.h5,BEAM1000,356600800400197774,-42.751742,-71.169551,322449.8,5264470.7,1132.6272,1,0,0.9351939,-2.32,0.26,2.88,6.43,7.75,24.07,pendiente fuerte: la altura del dosel se sobrestima,pendiente=24.1 > 20 grados
GEDI02_A_2025089042733_O35660_04_T01966_02_004_02_V003.h5,BEAM1000,356600800400197776,-42.752310,-71.168407,322545.0,5264410.1,1109.0065,1,0,0.9481464,0.03,2.69,6.02,9.32,10.44,20.33,pendiente fuerte: la altura del dosel se sobrestima,pendiente=20.3 > 20 grados
GEDI02_A_2025089042733_O35660_04_T01966_02_004_02_V003.h5,BEAM1000,356600800400197777,-42.752601,-71.167827,322593.3,5264379.0,1124.4303,1,0,0.93251985,-2.24,0.82,4.08,8.19,9.62,27.21,pendiente fuerte: la altura del dosel se sobrestima,pendiente=27.2 > 20 grados
GEDI02_A_2025089042733_O35660_04_T01966_02_004_02_V003.h5,BEAM1000,356600800400197778,-42.752893,-71.167245,322641.8,5264347.8,1147.0923,1,0,0.9429926,-3.78,-0.33,3.4,8.08,9.58,29.35,pendiente fuerte: la altura del dosel se sobrestima,pendiente=29.3 > 20 grados
GEDI02_A_2025089042733_O35660_04_T01966_02_004_02_V003.h5,BEAM1000,356600800400197779,-42.753186,-71.166662,322690.4,5264316.5,1174.547,1,0,0.9411461,-4.23,-1.23,1.27,4.45,5.42,25.55,pendiente fuerte: la altura del dosel se sobrestima,pendiente=25.5 > 20 grados
GEDI02_A_2025089042733_O35660_04_T01966_02_004_02_V003.h5,BEAM1000,356600800400197780,-42.753473,-71.166085,322738.4,5264285.8,1178.2692,1,0,0.9508778,-1.16,0.93,3.33,6.36,7.3,26.34,pendiente fuerte: la altura del dosel se sobrestima,pendiente=26.3 > 20 grados
GEDI02_A_2025089042733_O35660_04_T01966_02_004_02_V003.h5,BEAM1000,356600800400197781,-42.753761,-71.165509,322786.3,5264255.1,1179.9025,1,0,0.95538825,-2.95,0.0,2.95,7.3,8.91,31.19,pendiente fuerte: la altura del dosel se sobrestima,pendiente=31.2 > 20 grados
GEDI02_A_2025089042733_O35660_04_T01966_02_004_02_V003.h5,BEAM1000,356600800400197782,-42.754048,-71.164934,322834.2,5264224.4,1180.6372,1,0,0.95054704,-1.57,1.75,5.42,10.67,12.43,31.53,pendiente fuerte: la altura del dosel se sobrestima,pendiente=31.5 > 20 grados
GEDI02_A_2025089042733_O35660_04_T01966_02_004_02_V003.h5,BEAM1000,356600800400197783,-42.754335,-71.164358,322882.2,5264193.7,1181.6724,1,0,0.94329166,-4.56,-1.64,0.71,3.44,4.56,30.70,pendiente fuerte: la altura del dosel se sobrestima,pendiente=30.7 > 20 grados
GEDI02_A_2025089042733_O35660_04_T01966_02_004_02_V003.h5,BEAM1000,356600800400197784,-42.754619,-71.163786,322929.8,5264163.3,1169.8585,1,0,0.9030042,-2.58,0.0,2.58,6.85,8.19,33.12,pendiente fuerte: la altura del dosel se sobrestima,pendiente=33.1 > 20 grados
GEDI02_A_2025089042733_O35660_04_T01966_02_004_02_V003.h5,BEAM1000,356600800400197786,-42.755186,-71.162645,323024.8,5264102.8,1137.8923,1,0,0.9594677,-3.18,-0.26,2.62,6.25,7.78,31.76,pendiente fuerte: la altura del dosel se sobrestima,pendiente=31.8 > 20 grados
GEDI02_A_2025089042733_O35660_04_T01966_02_004_02_V003.h5,BEAM1000,356600800400197787,-42.755472,-71.162071,323072.6,5264072.2,1133.692,1,0,0.9568279,-1.94,0.22,2.47,5.69,6.81,21.46,pendiente fuerte: la altura del dosel se sobrestima,pendiente=21.5 > 20 grados
GEDI02_A_2025089042733_O35660_04_T01966_02_004_02_V003.h5,BEAM1000,356600800400197788,-42.755757,-71.161499,323120.2,5264041.8,1123.4,1,0,0.95039517,-0.93,1.08,3.44,7.33,9.02,20.35,pendiente fuerte: la altura del dosel se sobrestima,pendiente=20.3 > 20 grados
GEDI02_A_2025089042733_O35660_04_T01966_02_004_02_V003.h5,BEAM1000,356600800400197789,-42.756042,-71.160925,323168.0,5264011.3,1116.2477,1,0,0.95244825,-2.39,0.22,3.07,7.67,9.13,22.49,pendiente fuerte: la altura del dosel se sobrestima,pendiente=22.5 > 20 grados
GEDI02_A_2025089042733_O35660_04_T01966_02_004_02_V003.h5,BEAM1000,356600800400197790,-42.756326,-71.160355,323215.5,5263981.1,1099.7114,1,0,0.9422735,-3.14,-0.59,1.68,4.49,5.5,23.20,pendiente fuerte: la altura del dosel se sobrestima,pendiente=23.2 > 20 grados
GEDI02_A_2025089042733_O35660_04_T01966_02_004_02_V003.h5,BEAM1000,356600800400197792,-42.756898,-71.159206,323311.1,5263920.0,1092.6653,1,0,0.95403236,-3.1,-0.07,3.14,7.03,8.46,22.12,pendiente fuerte: la altura del dosel se sobrestima,pendiente=22.1 > 20 grados
GEDI02_A_2025089042733_O35660_04_T01966_02_004_02_V003.h5,BEAM1000,356600800400197793,-42.757187,-71.158626,323359.4,5263889.0,1105.7745,1,0,0.95689595,-1.6,1.6,4.9,9.65,11.12,28.44,pendiente fuerte: la altura del dosel se sobrestima,pendiente=28.4 > 20 grados
GEDI02_A_2025089042733_O35660_04_T01966_02_004_02_V003.h5,BEAM1000,356600800400197794,-42.757477,-71.158047,323407.6,5263858.1,1117.5543,1,0,0.9561946,-1.08,2.13,5.54,10.37,12.24,29.82,pendiente fuerte: la altura del dosel se sobrestima,pendiente=29.8 > 20 grados
GEDI02_A_2025089042733_O35660_04_T01966_02_004_02_V003.h5,BEAM1000,356600800400197795,-42.757766,-71.157468,323455.8,5263827.2,1126.9572,1,0,0.95005906,-2.35,0.07,2.39,5.69,6.92,24.97,pendiente fuerte: la altura del dosel se sobrestima,pendiente=25.0 > 20 grados
GEDI02_A_2025089042733_O35660_04_T01966_02_004_02_V003.h5,BEAM1000,356600800400197796,-42.758050,-71.156895,323503.5,5263796.8,1118.2887,1,0,0.9466299,-1.01,1.23,4.04,7.82,8.98,24.18,pendiente fuerte: la altura del dosel se sobrestima,pendiente=24.2 > 20 grados
GEDI02_A_2025089042733_O35660_04_T01966_02_004_02_V003.h5,BEAM1000,356600800400197797,-42.758344,-71.156310,323552.2,5263765.4,1149.1649,1,0,0.94606304,-2.28,1.94,5.76,10.44,11.86,27.57,pendiente fuerte: la altura del dosel se sobrestima,pendiente=27.6 > 20 grados
GEDI02_A_2025089042733_O35660_04_T01966_02_004_02_V003.h5,BEAM1000,356600800400197799,-42.758922,-71.155151,323648.6,5263703.6,1171.3937,1,0,0.94111365,-1.72,0.41,2.62,5.69,6.88,21.64,pendiente fuerte: la altura del dosel se sobrestima,pendiente=21.6 > 20 grados
GEDI02_A_2025089042733_O35660_04_T01966_02_004_02_V003.h5,BEAM1000,356600800400197800,-42.759209,-71.154574,323696.7,5263673.0,1175.3507,1,0,0.9532055,-1.64,0.97,3.81,7.93,9.36,25.77,pendiente fuerte: la altura del dosel se sobrestima,pendiente=25.8 > 20 grados
GEDI02_A_2025089042733_O35660_04_T01966_02_004_02_V003.h5,BEAM1000,356600800400197801,-42.759495,-71.153998,323744.6,5263642.4,1175.1132,1,0,0.94502634,-1.46,1.23,4.11,7.75,9.17,24.70,pendiente fuerte: la altura del dosel se sobrestima,pendiente=24.7 > 20 grados
GEDI02_A_2025089042733_O35660_04_T01966_02_004_02_V003.h5,BEAM1000,356600800400197802,-42.759784,-71.153419,323792.9,5263611.5,1186.1095,1,0,0.938889,-1.34,1.12,3.96,7.82,8.87,22.45,pendiente fuerte: la altura del dosel se sobrestima,pendiente=22.5 > 20 grados
GEDI02_A_2025089042733_O35660_04_T01966_02_004_02_V003.h5,BEAM1000,356600800400197805,-42.760640,-71.151694,323936.4,5263520.1,1174.7234,1,0,0.93393904,-2.84,0.33,4.04,8.87,10.14,21.89,pendiente fuerte: la altura del dosel se sobrestima,pendiente=21.9 > 20 grados
GEDI02_A_2025089042733_O35660_04_T01966_02_004_02_V003.h5,BEAM1000,356600800400197806,-42.760923,-71.151122,323984.1,5263489.9,1162.0541,1,0,0.92949146,-1.6,1.16,4.26,8.72,9.88,26.28,pendiente fuerte: la altura del dosel se sobrestima,pendiente=26.3 > 20 grados
GEDI02_A_2025089042733_O35660_04_T01966_02_004_02_V003.h5,BEAM1000,356600800400197807,-42.761211,-71.150542,324032.3,5263459.0,1173.4359,1,0,0.9304724,-1.53,1.04,3.93,7.45,8.38,23.32,pendiente fuerte: la altura del dosel se sobrestima,pendiente=23.3 > 20 grados
GEDI02_A_2025089042733_O35660_04_T01966_02_004_02_V003.h5,BEAM1000,356600800400197808,-42.761495,-71.149969,324080.0,5263428.8,1163.4451,1,0,0.94710505,-2.58,0.41,3.44,8.08,9.65,28.93,pendiente fuerte: la altura del dosel se sobrestima,pendiente=28.9 > 20 grados
GEDI02_A_2025089042733_O35660_04_T01966_02_004_02_V003.h5,BEAM1000,356600800400197809,-42.761774,-71.149402,324127.2,5263399.0,1132.1475,1,0,0.9376705,-2.99,0.14,3.36,8.16,9.51,30.17,pendiente fuerte: la altura del dosel se sobrestima,pendiente=30.2 > 20 grados
GEDI02_A_2025089042733_O35660_04_T01966_02_004_02_V003.h5,BEAM1000,356600800400197810,-42.762052,-71.148836,324174.3,5263369.2,1100.5248,1,0,0.93564445,-3.1,-0.22,2.62,6.47,7.63,29.74,pendiente fuerte: la altura del dosel se sobrestima,pendiente=29.7 > 20 grados
GEDI02_A_2025089042733_O35660_04_T01966_02_004_02_V003.h5,BEAM1000,356600800400197811,-42.762331,-71.148269,324221.5,5263339.5,1069.9723,1,0,0.95376617,-3.7,-0.48,2.54,6.85,8.38,28.38,pendiente fuerte: la altura del dosel se sobrestima,pendiente=28.4 > 20 grados
GEDI02_A_2025089042733_O35660_04_T01966_02_004_02_V003.h5,BEAM1000,356600800400197812,-42.762611,-71.147700,324268.8,5263309.5,1045.8757,1,0,0.9543048,-2.09,-0.26,1.53,4.04,5.12,24.66,pendiente fuerte: la altura del dosel se sobrestima,pendiente=24.7 > 20 grados
GEDI02_A_2025089042733_O35660_04_T01966_02_004_02_V003.h5,BEAM1000,356600800400197813,-42.762892,-71.147130,324316.3,5263279.5,1027.0638,1,0,0.9597588,-4.0,-1.19,1.49,6.25,9.24,22.20,pendiente fuerte: la altura del dosel se sobrestima,pendiente=22.2 > 20 grados
GEDI02_A_2025089042733_O35660_04_T01966_02_004_02_V003.h5,BEAM1000,356600800400197816,-42.763751,-71.145399,324460.3,5263187.8,1034.2095,1,0,0.9506958,-2.47,0.37,3.48,7.78,8.87,24.35,pendiente fuerte: la altura del dosel se sobrestima,pendiente=24.4 > 20 grados
GEDI02_A_2025089042733_O35660_04_T01966_02_004_02_V003.h5,BEAM1000,356600800400197817,-42.764038,-71.144821,324508.5,5263157.1,1041.1412,1,0,0.9425924,-3.18,-0.63,1.72,5.27,6.51,22.80,pendiente fuerte: la altura del dosel se sobrestima,pendiente=22.8 > 20 grados
GEDI02_A_2025089042733_O35660_04_T01966_02_004_02_V003.h5,BEAM1000,356600800400197818,-42.764328,-71.144239,324556.9,5263126.1,1061.0011,1,0,0.95130515,-2.54,-0.14,2.2,5.95,7.41,26.91,pendiente fuerte: la altura del dosel se sobrestima,pendiente=26.9 > 20 grados
GEDI02_A_2025089042733_O35660_04_T01966_02_004_02_V003.h5,BEAM1000,356600800400197819,-42.764620,-71.143654,324605.6,5263094.9,1090.3143,1,0,0.95247436,-2.84,0.41,3.7,8.04,9.36,29.27,pendiente fuerte: la altura del dosel se sobrestima,pendiente=29.3 > 20 grados
GEDI02_A_2025089042733_O35660_04_T01966_02_004_02_V003.h5,BEAM1000,356600800400197820,-42.764911,-71.143069,324654.2,5263063.7,1117.3329,1,0,0.9458418,-2.69,0.33,3.48,7.56,8.83,27.08,pendiente fuerte: la altura del dosel se sobrestima,pendiente=27.1 > 20 grados
GEDI02_A_2025089042733_O35660_04_T01966_02_004_02_V003.h5,BEAM1000,356600800400197821,-42.765199,-71.142490,324702.4,5263033.0,1126.6315,1,0,0.9491275,-2.8,0.22,3.21,7.07,8.53,24.99,pendiente fuerte: la altura del dosel se sobrestima,pendiente=25.0 > 20 grados
GEDI02_A_2025089042733_O35660_04_T01966_02_004_02_V003.h5,BEAM1000,356600800400197822,-42.765480,-71.141921,324749.8,5263003.0,1106.6903,1,0,0.95365,-1.94,0.97,3.93,8.16,10.14,22.71,pendiente fuerte: la altura del dosel se sobrestima,pendiente=22.7 > 20 grados
GEDI02_A_2025089042733_O35660_04_T01966_02_004_02_V003.h5,BEAM1000,356600800400197823,-42.765768,-71.141341,324798.1,5262972.2,1118.2205,1,0,0.9464848,-2.17,1.42,5.05,9.43,11.04,24.85,pendiente fuerte: la altura del dosel se sobrestima,pendiente=24.9 > 20 grados
GEDI02_A_2025089042733_O35660_04_T01966_02_004_02_V003.h5,BEAM1000,356600800400197824,-42.766060,-71.140756,324846.7,5262940.9,1147.6422,1,0,0.95119023,-3.66,-0.86,1.75,4.97,6.14,21.94,pendiente fuerte: la altura del dosel se sobrestima,pendiente=21.9 > 20 grados
GEDI02_A_2025089042733_O35660_04_T01966_02_004_02_V003.h5,BEAM1000,356600800400197825,-42.766350,-71.140174,324895.2,5262909.9,1167.7063,1,0,0.9597079,-3.07,0.11,3.36,7.78,9.21,24.68,pendiente fuerte: la altura del dosel se sobrestima,pendiente=24.7 > 20 grados
GEDI02_A_2025089042733_O35660_04_T01966_02_004_02_V003.h5,BEAM1000,356600800400197826,-42.766639,-71.139595,324943.4,5262879.1,1180.0201,1,0,0.9559386,-2.69,-0.37,1.94,5.09,6.14,20.43,pendiente fuerte: la altura del dosel se sobrestima,pendiente=20.4 > 20 grados
GEDI02_A_2025089042733_O35660_04_T01966_02_004_02_V003.h5,BEAM1000,356600800400197827,-42.766922,-71.139022,324991.0,5262848.8,1169.0219,1,0,0.9594476,-2.32,0.03,2.5,5.99,7.15,26.29,pendiente fuerte: la altura del dosel se sobrestima,pendiente=26.3 > 20 grados
GEDI02_A_2025089042733_O35660_04_T01966_02_004_02_V003.h5,BEAM1000,356600800400197828,-42.767205,-71.138450,325038.6,5262818.6,1157.4661,1,0,0.95058936,-3.66,-0.26,2.92,7.6,9.24,28.08,pendiente fuerte: la altura del dosel se sobrestima,pendiente=28.1 > 20 grados
GEDI02_A_2025089042733_O35660_04_T01966_02_004_02_V003.h5,BEAM1000,356600800400197829,-42.767487,-71.137879,325086.2,5262788.4,1143.623,1,0,0.9418408,-2.88,-0.07,2.88,7.11,8.46,21.02,pendiente fuerte: la altura del dosel se sobrestima,pendiente=21.0 > 20 grados
GEDI02_A_2025089042733_O35660_04_T01966_02_004_02_V003.h5,BEAM1000,356600800400197830,-42.767776,-71.137300,325134.4,5262757.6,1154.7941,1,0,0.953153,-2.13,-0.18,1.75,4.68,5.65,23.13,pendiente fuerte: la altura del dosel se sobrestima,pendiente=23.1 > 20 grados
GEDI02_A_2025089042733_O35660_04_T01966_02_004_02_V003.h5,BEAM1000,356600800400197831,-42.768062,-71.136723,325182.3,5262727.0,1156.4346,1,0,0.9607778,-2.65,-0.22,2.17,5.2,6.21,24.68,pendiente fuerte: la altura del dosel se sobrestima,pendiente=24.7 > 20 grados
GEDI02_A_2025089042733_O35660_04_T01966_02_004_02_V003.h5,BEAM1000,356600800400197832,-42.768344,-71.136152,325229.8,5262696.9,1141.4038,1,0,0.9447971,-2.02,0.07,2.24,5.46,6.66,21.89,pendiente fuerte: la altura del dosel se sobrestima,pendiente=21.9 > 20 grados
GEDI02_A_2025089042733_O35660_04_T01966_02_004_02_V003.h5,BEAM1000,356600800400197834,-42.768915,-71.135002,325325.6,5262635.8,1140.6112,1,0,0.936553,-1.42,0.86,3.55,7.37,8.42,24.56,pendiente fuerte: la altura del dosel se sobrestima,pendiente=24.6 > 20 grados
GEDI02_A_2025089042733_O35660_04_T01966_02_004_02_V003.h5,BEAM1000,356600800400197835,-42.769208,-71.134417,325374.3,5262604.5,1171.4369,1,0,0.93870634,-3.55,-0.07,3.63,8.49,9.73,27.62,pendiente fuerte: la altura del dosel se sobrestima,pendiente=27.6 > 20 grados
GEDI02_A_2025089042733_O35660_04_T01966_02_004_02_V003.h5,BEAM1000,356600800400197842,-42.771221,-71.130375,325710.6,5262389.4,1219.2385,1,0,0.95211107,-1.87,0.0,1.87,4.75,5.87,21.93,pendiente fuerte: la altura del dosel se sobrestima,pendiente=21.9 > 20 grados
GEDI02_A_2025089042733_O35660_04_T01966_02_004_02_V003.h5,BEAM1000,356600800400197843,-42.771508,-71.129799,325758.6,5262358.7,1223.6508,1,0,0.95531154,-2.28,0.0,2.32,5.46,6.51,24.59,pendiente fuerte: la altura del dosel se sobrestima,pendiente=24.6 > 20 grados
GEDI02_A_2025089042733_O35660_04_T01966_02_004_02_V003.h5,BEAM1000,356600800400197844,-42.771792,-71.129225,325806.3,5262328.3,1217.7211,1,0,0.9514053,-4.3,-1.34,1.34,5.16,6.4,28.70,pendiente fuerte: la altura del dosel se sobrestima,pendiente=28.7 > 20 grados
GEDI02_A_2025089042733_O35660_04_T01966_02_004_02_V003.h5,BEAM1000,356600800400197845,-42.772073,-71.128658,325853.5,5262298.3,1193.2592,1,0,0.9479013,-0.71,2.65,6.62,12.05,13.81,27.75,pendiente fuerte: la altura del dosel se sobrestima,pendiente=27.7 > 20 grados
GEDI02_A_2025089042733_O35660_04_T01966_02_004_02_V003.h5,BEAM1000,356600800400197846,-42.772355,-71.128089,325900.8,5262268.1,1174.0729,1,0,0.942499,-3.21,-0.59,1.9,5.01,6.21,23.69,pendiente fuerte: la altura del dosel se sobrestima,pendiente=23.7 > 20 grados
GEDI02_A_2025089042733_O35660_04_T01966_02_004_02_V003.h5,BEAM1000,356600800400197847,-42.772636,-71.127520,325948.1,5262238.1,1151.8253,1,0,0.9439426,-2.88,-0.67,1.53,4.68,5.8,21.49,pendiente fuerte: la altura del dosel se sobrestima,pendiente=21.5 > 20 grados
GEDI02_A_2025089042733_O35660_04_T01966_02_004_02_V003.h5,BEAM1000,356600800400197848,-42.772917,-71.126953,325995.3,5262208.1,1127.3138,1,0,0.95390165,-1.79,0.56,2.99,6.62,7.78,21.31,pendiente fuerte: la altura del dosel se sobrestima,pendiente=21.3 > 20 grados
GEDI02_A_2025089042733_O35660_04_T01966_02_004_02_V003.h5,BEAM1000,356600800400197850,-42.773481,-71.125815,326090.0,5262147.8,1089.157,1,0,0.9573785,-2.73,-0.44,1.68,4.79,6.06,20.06,pendiente fuerte: la altura del dosel se sobrestima,pendiente=20.1 > 20 grados
GEDI02_A_2025089042733_O35660_04_T01966_02_004_02_V003.h5,BEAM1000,356600800400198018,-42.821448,-71.029127,334128.4,5257016.0,776.0499,1,0,0.9257564,-1.27,-0.22,0.74,1.98,2.43,,fuera del DEM,sin pendiente disponible
GEDI02_A_2025089042733_O35660_04_T01966_02_004_02_V003.h5,BEAM1000,356600800400198020,-42.822018,-71.027976,334224.0,5256954.8,775.9383,1,0,0.91599494,-1.12,-0.14,0.74,1.98,2.43,,fuera del DEM,sin pendiente disponible
GEDI02_A_2025089042733_O35660_04_T01966_02_004_02_V003.h5,BEAM1011,356601100400192444,-42.736698,-71.213223,318831.9,5266048.5,1283.0155,1,0,0.9508995,-3.4,-0.89,1.34,4.08,5.05,,fuera del DEM,sin pendiente disponible
GEDI02_A_2025089042733_O35660_04_T01966_02_004_02_V003.h5,BEAM1011,356601100400192445,-42.736986,-71.212646,318879.9,5266017.8,1288.79,1,0,0.95923626,-3.33,-0.67,1.87,5.54,7.15,,fuera del DEM,sin pendiente disponible
GEDI02_A_2025089042733_O35660_04_T01966_02_004_02_V003.h5,BEAM1011,356601100400192446,-42.737279,-71.212061,318928.6,5265986.5,1318.4958,1,0,0.9513056,-5.65,-2.13,0.82,4.26,5.46,,fuera del DEM,sin pendiente disponible
GEDI02_A_2025089042733_O35660_04_T01966_02_004_02_V003.h5,BEAM1011,356601100400192447,-42.737571,-71.211480,318977.1,5265955.4,1340.1688,1,0,0.9538499,-3.22,-1.04,0.78,3.03,3.85,,fuera del DEM,sin pendiente disponible
GEDI02_A_2025089042733_O35660_04_T01966_02_004_02_V003.h5,BEAM1011,356601100400192448,-42.737858,-71.210904,319025.0,5265924.7,1341.58,1,0,0.9482157,-3.55,-0.93,1.57,5.35,6.88,,fuera del DEM,sin pendiente disponible
GEDI02_A_2025089042733_O35660_04_T01966_02_004_02_V003.h5,BEAM1011,356601100400192449,-42.738144,-71.210330,319072.9,5265894.2,1339.3668,1,0,0.94600534,-0.41,2.88,5.87,9.28,10.48,,fuera del DEM,sin pendiente disponible
GEDI02_A_2025089042733_O35660_04_T01966_02_004_02_V003.h5,BEAM1011,356601100400192450,-42.738434,-71.209750,319121.2,5265863.2,1353.8588,1,0,0.9557532,-3.07,-0.33,2.17,5.46,6.7,21.10,pendiente fuerte: la altura del dosel se sobrestima,pendiente=21.1 > 20 grados
GEDI02_A_2025089042733_O35660_04_T01966_02_004_02_V003.h5,BEAM1011,356601100400192451,-42.738724,-71.209171,319169.4,5265832.3,1366.8573,1,0,0.9664151,-2.39,-0.07,2.13,5.57,6.88,23.11,pendiente fuerte: la altura del dosel se sobrestima,pendiente=23.1 > 20 grados
GEDI02_A_2025089042733_O35660_04_T01966_02_004_02_V003.h5,BEAM1011,356601100400192452,-42.739016,-71.208589,319217.9,5265801.1,1388.3091,1,0,0.95568436,-2.95,-0.07,2.73,6.44,7.75,23.52,pendiente fuerte: la altura del dosel se sobrestima,pendiente=23.5 > 20 grados
GEDI02_A_2025089042733_O35660_04_T01966_02_004_02_V003.h5,BEAM1011,356601100400192457,-42.740466,-71.205692,319459.3,5265646.3,1460.6174,1,0,0.9609725,-2.62,-0.07,2.54,6.21,7.48,23.26,pendiente fuerte: la altura del dosel se sobrestima,pendiente=23.3 > 20 grados
GEDI02_A_2025089042733_O35660_04_T01966_02_004_02_V003.h5,BEAM1011,356601100400192458,-42.740757,-71.205111,319507.6,5265615.2,1479.6519,1,0,0.94369394,-0.29,3.36,7.26,12.35,14.22,28.85,pendiente fuerte: la altura del dosel se sobrestima,pendiente=28.8 > 20 grados
GEDI02_A_2025089042733_O35660_04_T01966_02_004_02_V003.h5,BEAM1011,356601100400192459,-42.741052,-71.204525,319556.5,5265583.7,1516.3661,1,0,0.9217541,-2.13,0.48,3.25,6.51,7.63,27.59,pendiente fuerte: la altura del dosel se sobrestima,pendiente=27.6 > 20 grados
GEDI02_A_2025089042733_O35660_04_T01966_02_004_02_V003.h5,BEAM1011,356601100400192462,-42.741910,-71.202804,319699.8,5265492.1,1502.5958,1,0,0.9286963,-0.97,2.88,6.55,12.05,14.64,27.97,pendiente fuerte: la altura del dosel se sobrestima,pendiente=28.0 > 20 grados
GEDI02_A_2025089042733_O35660_04_T01966_02_004_02_V003.h5,BEAM1011,356601100400192463,-42.742192,-71.202236,319747.1,5265462.0,1479.0596,1,0,0.96014863,-1.31,1.53,5.01,8.87,10.22,28.17,pendiente fuerte: la altura del dosel se sobrestima,pendiente=28.2 > 20 grados
GEDI02_A_2025089042733_O35660_04_T01966_02_004_02_V003.h5,BEAM1011,356601100400192464,-42.742474,-71.201669,319794.4,5265431.9,1454.1636,1,0,0.9647854,-0.86,2.35,6.7,11.79,13.06,27.72,pendiente fuerte: la altura del dosel se sobrestima,pendiente=27.7 > 20 grados
GEDI02_A_2025089042733_O35660_04_T01966_02_004_02_V003.h5,BEAM1011,356601100400192465,-42.742757,-71.201100,319841.8,5265401.7,1433.9745,1,0,0.9537302,-2.95,-0.56,1.79,5.09,6.47,27.01,pendiente fuerte: la altura del dosel se sobrestima,pendiente=27.0 > 20 grados
GEDI02_A_2025089042733_O35660_04_T01966_02_004_02_V003.h5,BEAM1011,356601100400192468,-42.743610,-71.199387,319984.5,5265310.7,1394.941,1,0,0.948088,-2.32,-0.44,1.16,3.25,4.04,21.14,pendiente fuerte: la altura del dosel se sobrestima,pendiente=21.1 > 20 grados
GEDI02_A_2025089042733_O35660_04_T01966_02_004_02_V003.h5,BEAM1011,356601100400192469,-42.743891,-71.198819,320031.8,5265280.6,1370.6788,1,0,0.9670659,-6.29,-2.2,0.26,2.69,3.59,24.61,pendiente fuerte: la altura del dosel se sobrestima,pendiente=24.6 > 20 grados
GEDI02_A_2025089042733_O35660_04_T01966_02_004_02_V003.h5,BEAM1011,356601100400192470,-42.744172,-71.198253,320078.9,5265250.7,1339.5562,1,0,0.95708996,-4.3,-0.93,2.02,5.5,6.58,26.21,pendiente fuerte: la altura del dosel se sobrestima,pendiente=26.2 > 20 grados
GEDI02_A_2025089042733_O35660_04_T01966_02_004_02_V003.h5,BEAM1011,356601100400192471,-42.744454,-71.197684,320126.3,5265220.5,1320.4745,1,0,0.9375877,-2.2,0.63,3.81,8.2,9.77,25.03,pendiente fuerte: la altura del dosel se sobrestima,pendiente=25.0 > 20 grados
GEDI02_A_2025089042733_O35660_04_T01966_02_004_02_V003.h5,BEAM1011,356601100400192472,-42.744738,-71.197113,320173.8,5265190.2,1304.7139,1,0,0.9639166,0.44,4.3,6.85,10.74,12.28,26.87,pendiente fuerte: la altura del dosel se sobrestima,pendiente=26.9 > 20 grados
GEDI02_A_2025089042733_O35660_04_T01966_02_004_02_V003.h5,BEAM1011,356601100400192473,-42.745023,-71.196540,320221.6,5265159.8,1297.1317,1,0,0.9553157,-0.41,3.44,6.85,11.75,13.1,24.00,pendiente fuerte: la altura del dosel se sobrestima,pendiente=24.0 > 20 grados
GEDI02_A_2025089042733_O35660_04_T01966_02_004_02_V003.h5,BEAM1011,356601100400192474,-42.745307,-71.195968,320269.2,5265129.4,1287.3113,1,0,0.9539554,-1.9,1.72,5.42,8.64,9.88,22.76,pendiente fuerte: la altura del dosel se sobrestima,pendiente=22.8 > 20 grados
GEDI02_A_2025089042733_O35660_04_T01966_02_004_02_V003.h5,BEAM1011,356601100400192475,-42.745589,-71.195399,320316.6,5265099.3,1264.9497,1,0,0.9653065,-1.57,0.78,3.7,9.32,12.8,23.71,pendiente fuerte: la altura del dosel se sobrestima,pendiente=23.7 > 20 grados
GEDI02_A_2025089042733_O35660_04_T01966_02_004_02_V003.h5,BEAM1011,356601100400192487,-42.749015,-71.188506,320890.6,5264733.6,1218.5664,1,0,0.9491946,-2.54,0.22,2.99,6.92,8.31,20.86,pendiente fuerte: la altura del dosel se sobrestima,pendiente=20.9 > 20 grados
GEDI02_A_2025089042733_O35660_04_T01966_02_004_02_V003.h5,BEAM1011,356601100400192490,-42.749875,-71.186776,321034.7,5264641.7,1229.7472,1,0,0.9407926,-2.8,-0.48,1.64,4.19,5.12,23.49,pendiente fuerte: la altura del dosel se sobrestima,pendiente=23.5 > 20 grados
GEDI02_A_2025089042733_O35660_04_T01966_02_004_02_V003.h5,BEAM1011,356601100400192491,-42.750155,-71.186210,321081.9,5264611.9,1198.6677,1,0,0.94390935,-0.44,2.62,5.65,9.99,11.42,25.34,pendiente fuerte: la altura del dosel se sobrestima,pendiente=25.3 > 20 grados
GEDI02_A_2025089042733_O35660_04_T01966_02_004_02_V003.h5,BEAM1011,356601100400192494,-42.751016,-71.184477,321226.1,5264519.8,1215.7548,1,0,0.95119363,-2.65,0.22,3.4,7.41,9.02,24.60,pendiente fuerte: la altura del dosel se sobrestima,pendiente=24.6 > 20 grados
GEDI02_A_2025089042733_O35660_04_T01966_02_004_02_V003.h5,BEAM1011,356601100400192495,-42.751308,-71.183894,321274.7,5264488.7,1241.7013,1,0,0.9429921,-3.25,-0.03,3.29,7.48,8.76,26.12,pendiente fuerte: la altura del dosel se sobrestima,pendiente=26.1 > 20 grados
GEDI02_A_2025089042733_O35660_04_T01966_02_004_02_V003.h5,BEAM1011,356601100400192496,-42.751599,-71.183311,321323.3,5264457.6,1265.5497,1,0,0.9306735,-2.95,-0.89,0.93,3.1,3.85,23.02,pendiente fuerte: la altura del dosel se sobrestima,pendiente=23.0 > 20 grados
GEDI02_A_2025089042733_O35660_04_T01966_02_004_02_V003.h5,BEAM1011,356601100400192497,-42.751883,-71.182739,321370.9,5264427.3,1254.1233,1,0,0.9448158,-1.72,0.26,2.32,5.05,6.29,20.41,pendiente fuerte: la altura del dosel se sobrestima,pendiente=20.4 > 20 grados
GEDI02_A_2025089042733_O35660_04_T01966_02_004_02_V003.h5,BEAM1011,356601100400192498,-42.752168,-71.182164,321418.7,5264396.9,1250.638,1,0,0.9339057,-1.9,0.63,3.36,6.88,8.05,20.49,pendiente fuerte: la altura del dosel se sobrestima,pendiente=20.5 > 20 grados
GEDI02_A_2025089042733_O35660_04_T01966_02_004_02_V003.h5,BEAM1011,356601100400192499,-42.752456,-71.181586,321466.9,5264366.1,1260.424,1,0,0.9213364,-2.8,-0.67,1.34,4.08,5.05,21.07,pendiente fuerte: la altura del dosel se sobrestima,pendiente=21.1 > 20 grados
GEDI02_A_2025089042733_O35660_04_T01966_02_004_02_V003.h5,BEAM1011,356601100400192500,-42.752743,-71.181009,321515.0,5264335.4,1264.7848,1,0,0.92624164,-2.24,0.29,3.07,7.33,8.79,20.42,pendiente fuerte: la altura del dosel se sobrestima,pendiente=20.4 > 20 grados
GEDI02_A_2025089042733_O35660_04_T01966_02_004_02_V003.h5,BEAM1011,356601100400192514,-42.756754,-71.172948,322186.1,5263907.1,1278.8835,1,0,0.9439951,-1.61,0.22,2.09,4.9,5.87,20.50,pendiente fuerte: la altura del dosel se sobrestima,pendiente=20.5 > 20 grados
GEDI02_A_2025089042733_O35660_04_T01966_02_004_02_V003.h5,BEAM1011,356601100400192515,-42.757039,-71.172374,322233.9,5263876.6,1274.0951,1,0,0.9487023,-1.72,0.26,2.43,5.76,6.88,22.81,pendiente fuerte: la altura del dosel se sobrestima,pendiente=22.8 > 20 grados
GEDI02_A_2025089042733_O35660_04_T01966_02_004_02_V003.h5,BEAM1011,356601100400192516,-42.757327,-71.171797,322282.0,5263845.8,1281.1656,1,0,0.9549382,-3.74,-1.31,0.59,2.77,3.63,26.63,pendiente fuerte: la altura del dosel se sobrestima,pendiente=26.6 > 20 grados
GEDI02_A_2025089042733_O35660_04_T01966_02_004_02_V003.h5,BEAM1011,356601100400192517,-42.757612,-71.171223,322329.7,5263815.3,1274.6018,1,0,0.95450187,-2.35,0.56,3.81,7.9,8.98,31.13,pendiente fuerte: la altura del dosel se sobrestima,pendiente=31.1 > 20 grados
GEDI02_A_2025089042733_O35660_04_T01966_02_004_02_V003.h5,BEAM1011,356601100400192518,-42.757898,-71.170649,322377.5,5263784.8,1270.3381,1,0,0.94299626,-2.28,1.79,6.51,11.49,13.03,35.68,pendiente fuerte: la altura del dosel se sobrestima,pendiente=35.7 > 20 grados
GEDI02_A_2025089042733_O35660_04_T01966_02_004_02_V003.h5,BEAM1011,356601100400192519,-42.758185,-71.170073,322425.5,5263754.2,1271.7356,1,0,0.9619064,-3.55,-0.26,3.29,9.36,10.89,35.32,pendiente fuerte: la altura del dosel se sobrestima,pendiente=35.3 > 20 grados
GEDI02_A_2025089042733_O35660_04_T01966_02_004_02_V003.h5,BEAM1011,356601100400192520,-42.758473,-71.169497,322473.5,5263723.4,1276.4348,1,0,0.9536971,-3.7,-0.14,3.14,8.05,10.18,31.70,pendiente fuerte: la altura del dosel se sobrestima,pendiente=31.7 > 20 grados
GEDI02_A_2025089042733_O35660_04_T01966_02_004_02_V003.h5,BEAM1011,356601100400192521,-42.758761,-71.168919,322521.5,5263692.7,1282.8845,1,0,0.9595245,-2.95,-0.18,2.5,6.4,7.6,31.42,pendiente fuerte: la altura del dosel se sobrestima,pendiente=31.4 > 20 grados
GEDI02_A_2025089042733_O35660_04_T01966_02_004_02_V003.h5,BEAM1011,356601100400192522,-42.759046,-71.168347,322569.2,5263662.2,1273.7554,1,0,0.9578363,-1.9,1.53,5.35,9.17,10.22,29.90,pendiente fuerte: la altura del dosel se sobrestima,pendiente=29.9 > 20 grados
GEDI02_A_2025089042733_O35660_04_T01966_02_004_02_V003.h5,BEAM1011,356601100400192523,-42.759334,-71.167770,322617.3,5263631.4,1280.0298,1,0,0.96243006,-2.58,-0.14,2.2,5.01,5.91,23.30,pendiente fuerte: la altura del dosel se sobrestima,pendiente=23.3 > 20 grados
GEDI02_A_2025089042733_O35660_04_T01966_02_004_02_V003.h5,BEAM1011,356601100400192524,-42.759621,-71.167194,322665.2,5263600.8,1281.842,1,0,0.9592209,-2.05,-0.22,1.57,4.08,5.01,21.43,pendiente fuerte: la altura del dosel se sobrestima,pendiente=21.4 > 20 grados
GEDI02_A_2025089042733_O35660_04_T01966_02_004_02_V003.h5,BEAM1011,356601100400192525,-42.759903,-71.166625,322712.5,5263570.6,1258.7666,1,0,0.94832176,-2.73,0.29,3.29,7.63,9.32,25.26,pendiente fuerte: la altura del dosel se sobrestima,pendiente=25.3 > 20 grados
GEDI02_A_2025089042733_O35660_04_T01966_02_004_02_V003.h5,BEAM1011,356601100400192526,-42.760190,-71.166050,322760.5,5263539.9,1260.256,1,0,0.9502595,-2.88,-0.14,2.43,5.46,6.44,27.79,pendiente fuerte: la altura del dosel se sobrestima,pendiente=27.8 > 20 grados
GEDI02_A_2025089042733_O35660_04_T01966_02_004_02_V003.h5,BEAM1011,356601100400192527,-42.760478,-71.165473,322808.4,5263509.2,1262.6035,1,0,0.95597816,-2.32,0.26,2.95,6.66,7.75,27.59,pendiente fuerte: la altura del dosel se sobrestima,pendiente=27.6 > 20 grados
GEDI02_A_2025089042733_O35660_04_T01966_02_004_02_V003.h5,BEAM1011,356601100400192528,-42.760765,-71.164898,322856.4,5263478.5,1263.4193,1,0,0.9529216,-2.09,-0.18,1.68,4.19,5.05,25.07,pendiente fuerte: la altura del dosel se sobrestima,pendiente=25.1 > 20 grados
GEDI02_A_2025089042733_O35660_04_T01966_02_004_02_V003.h5,BEAM1011,356601100400192531,-42.761620,-71.163179,322999.4,5263387.2,1235.9698,1,0,0.9613929,-2.17,0.48,3.44,9.73,12.46,26.29,pendiente fuerte: la altura del dosel se sobrestima,pendiente=26.3 > 20 grados
GEDI02_A_2025089042733_O35660_04_T01966_02_004_02_V003.h5,BEAM1011,356601100400192532,-42.761898,-71.162617,323046.2,5263357.5,1192.8857,1,0,0.9370505,3.25,8.12,12.73,18.72,20.14,35.07,pendiente fuerte: la altura del dosel se sobrestima,pendiente=35.1 > 20 grados
GEDI02_A_2025089042733_O35660_04_T01966_02_004_02_V003.h5,BEAM1011,356601100400192533,-42.762181,-71.162047,323093.6,5263327.3,1173.1593,1,0,0.95306873,-1.75,-0.14,1.46,4.38,6.14,23.81,pendiente fuerte: la altura del dosel se sobrestima,pendiente=23.8 > 20 grados
GEDI02_A_2025089042733_O35660_04_T01966_02_004_02_V003.h5,BEAM1011,356601100400192534,-42.762464,-71.161478,323141.0,5263297.1,1151.2415,1,0,0.9602561,-1.49,0.48,2.95,7.82,9.21,20.81,pendiente fuerte: la altura del dosel se sobrestima,pendiente=20.8 > 20 grados
GEDI02_A_2025089042733_O35660_04_T01966_02_004_02_V003.h5,BEAM1011,356601100400192537,-42.763317,-71.159762,323283.8,5263205.9,1115.2897,1,0,0.95679975,-1.08,0.52,2.69,8.68,10.82,20.19,pendiente fuerte: la altura del dosel se sobrestima,pendiente=20.2 > 20 grados
GEDI02_A_2025089042733_O35660_04_T01966_02_004_02_V003.h5,BEAM1011,356601100400192538,-42.763601,-71.159190,323331.4,5263175.6,1103.2959,1,0,0.9620068,-1.04,0.33,2.02,5.87,7.37,23.43,pendiente fuerte: la altura del dosel se sobrestima,pendiente=23.4 > 20 grados
GEDI02_A_2025089042733_O35660_04_T01966_02_004_02_V003.h5,BEAM1011,356601100400192543,-42.765030,-71.156318,323570.5,5263022.9,1080.9872,1,0,0.9477486,-3.7,-0.93,1.46,5.42,6.81,25.31,pendiente fuerte: la altura del dosel se sobrestima,pendiente=25.3 > 20 grados
GEDI02_A_2025089042733_O35660_04_T01966_02_004_02_V003.h5,BEAM1011,356601100400192544,-42.765309,-71.155752,323617.6,5262993.1,1046.8057,1,0,0.947654,-3.44,-0.29,2.88,7.18,8.57,24.51,pendiente fuerte: la altura del dosel se sobrestima,pendiente=24.5 > 20 grados
GEDI02_A_2025089042733_O35660_04_T01966_02_004_02_V003.h5,BEAM1011,356601100400192548,-42.766454,-71.153448,323809.4,5262870.8,1045.9409,1,0,0.9444588,-2.47,0.89,4.97,10.29,11.83,20.98,pendiente fuerte: la altura del dosel se sobrestima,pendiente=21.0 > 20 grados
GEDI02_A_2025089042733_O35660_04_T01966_02_004_02_V003.h5,BEAM1011,356601100400192549,-42.766745,-71.152866,323857.9,5262839.7,1066.8386,1,0,0.9402506,-2.69,-0.41,1.79,5.65,6.96,21.92,pendiente fuerte: la altura del dosel se sobrestima,pendiente=21.9 > 20 grados
GEDI02_A_2025089042733_O35660_04_T01966_02_004_02_V003.h5,BEAM1011,356601100400192551,-42.767322,-71.151706,323954.4,5262778.1,1091.1577,1,0,0.9590195,-1.42,0.86,3.63,7.71,9.39,21.43,pendiente fuerte: la altura del dosel se sobrestima,pendiente=21.4 > 20 grados
GEDI02_A_2025089042733_O35660_04_T01966_02_004_02_V003.h5,BEAM1011,356601100400192552,-42.767611,-71.151124,324002.8,5262747.1,1108.8047,1,0,0.96161544,-2.69,0.11,2.88,6.85,8.27,26.57,pendiente fuerte: la altura del dosel se sobrestima,pendiente=26.6 > 20 grados
GEDI02_A_2025089042733_O35660_04_T01966_02_004_02_V003.h5,BEAM1011,356601100400192553,-42.767902,-71.150541,324051.3,5262716.1,1131.0579,1,0,0.95423007,-3.55,-0.14,3.44,7.82,9.36,31.76,pendiente fuerte: la altura del dosel se sobrestima,pendiente=31.8 > 20 grados
GEDI02_A_2025089042733_O35660_04_T01966_02_004_02_V003.h5,BEAM1011,356601100400192554,-42.768191,-71.149960,324099.7,5262685.2,1145.2423,1,0,0.94445837,4.38,9.54,13.03,18.0,19.17,30.13,pendiente fuerte: la altura del dosel se sobrestima,pendiente=30.1 > 20 grados
GEDI02_A_2025089042733_O35660_04_T01966_02_004_02_V003.h5,BEAM1011,356601100400192555,-42.768481,-71.149377,324148.2,5262654.2,1166.9528,1,0,0.93759924,-4.53,-1.04,2.32,7.33,9.24,27.98,pendiente fuerte: la altura del dosel se sobrestima,pendiente=28.0 > 20 grados
GEDI02_A_2025089042733_O35660_04_T01966_02_004_02_V003.h5,BEAM1011,356601100400192556,-42.768773,-71.148792,324196.9,5262623.0,1195.8138,1,0,0.9438288,-3.44,-0.03,3.44,8.38,10.37,31.24,pendiente fuerte: la altura del dosel se sobrestima,pendiente=31.2 > 20 grados
GEDI02_A_2025089042733_O35660_04_T01966_02_004_02_V003.h5,BEAM1011,356601100400192557,-42.769063,-71.148209,324245.4,5262591.9,1219.8737,1,0,0.9353899,6.77,10.93,14.26,18.38,19.39,30.14,pendiente fuerte: la altura del dosel se sobrestima,pendiente=30.1 > 20 grados
GEDI02_A_2025089042733_O35660_04_T01966_02_004_02_V003.h5,BEAM1011,356601100400192571,-42.773054,-71.140153,324915.8,5262165.5,1187.8759,1,0,0.93711734,-1.19,0.93,3.22,6.29,7.3,22.52,pendiente fuerte: la altura del dosel se sobrestima,pendiente=22.5 > 20 grados
GEDI02_A_2025089042733_O35660_04_T01966_02_004_02_V003.h5,BEAM1011,356601100400192572,-42.773338,-71.139580,324963.5,5262135.2,1179.6111,1,0,0.9443753,-2.13,0.07,2.39,6.17,7.6,22.14,pendiente fuerte: la altura del dosel se sobrestima,pendiente=22.1 > 20 grados
GEDI02_A_2025089042733_O35660_04_T01966_02_004_02_V003.h5,BEAM1011,356601100400192575,-42.774191,-71.137858,325106.7,5262044.0,1160.83,1,0,0.94620925,-3.07,-0.41,2.32,6.02,7.11,23.78,pendiente fuerte: la altura del dosel se sobrestima,pendiente=23.8 > 20 grados
GEDI02_A_2025089042733_O35660_04_T01966_02_004_02_V003.h5,BEAM1011,356601100400192579,-42.775332,-71.135559,325298.0,5261922.1,1150.6354,1,0,0.93340665,-1.87,1.04,4.19,7.82,9.02,26.75,pendiente fuerte: la altura del dosel se sobrestima,pendiente=26.8 > 20 grados
GEDI02_A_2025089042733_O35660_04_T01966_02_004_02_V003.h5,BEAM1011,356601100400192580,-42.775612,-71.134992,325345.2,5261892.2,1122.2164,1,0,0.94159347,-0.86,1.64,4.53,8.53,9.88,21.30,pendiente fuerte: la altura del dosel se sobrestima,pendiente=21.3 > 20 grados
GEDI02_A_2025089042733_O35660_04_T01966_02_004_02_V003.h5,BEAM1011,356601100400192581,-42.775899,-71.134415,325393.2,5261861.5,1128.0516,1,0,0.9229704,3.48,7.93,11.56,14.19,14.93,22.59,pendiente fuerte: la altura del dosel se sobrestima,pendiente=22.6 > 20 grados
GEDI02_A_2025089042733_O35660_04_T01966_02_004_02_V003.h5,BEAM1011,356601100400192582,-42.776183,-71.133842,325440.9,5261831.2,1118.795,1,0,0.93768597,-2.02,0.52,3.25,6.7,7.9,26.02,pendiente fuerte: la altura del dosel se sobrestima,pendiente=26.0 > 20 grados
GEDI02_A_2025089042733_O35660_04_T01966_02_004_02_V003.h5,BEAM1011,356601100400192583,-42.776464,-71.133273,325488.2,5261801.1,1097.8932,1,0,0.95929915,-2.88,-0.22,2.47,5.91,7.15,25.29,pendiente fuerte: la altura del dosel se sobrestima,pendiente=25.3 > 20 grados
GEDI02_A_2025089042733_O35660_04_T01966_02_004_02_V003.h5,BEAM1011,356601100400192584,-42.776745,-71.132705,325535.5,5261771.1,1074.942,1,0,0.9569179,-2.35,0.26,3.1,7.67,9.21,26.47,pendiente fuerte: la altura del dosel se sobrestima,pendiente=26.5 > 20 grados
GEDI02_A_2025089042733_O35660_04_T01966_02_004_02_V003.h5,BEAM1011,356601100400192585,-42.777025,-71.132138,325582.7,5261741.1,1047.1292,1,0,0.96041316,-0.89,0.71,2.65,6.1,7.9,23.12,pendiente fuerte: la altura del dosel se sobrestima,pendiente=23.1 > 20 grados
GEDI02_A_2025089042733_O35660_04_T01966_02_004_02_V003.h5,BEAM1011,356601100400192586,-42.777311,-71.131563,325630.5,5261710.6,1045.6924,1,0,0.9597926,-2.5,-0.14,2.2,5.69,7.0,23.62,pendiente fuerte: la altura del dosel se sobrestima,pendiente=23.6 > 20 grados
GEDI02_A_2025089042733_O35660_04_T01966_02_004_02_V003.h5,BEAM1011,356601100400192587,-42.777593,-71.130994,325677.8,5261680.5,1025.9192,1,0,0.96161485,-0.33,2.02,5.12,8.91,10.82,21.48,pendiente fuerte: la altura del dosel se sobrestima,pendiente=21.5 > 20 grados
GEDI02_A_2025089042733_O35660_04_T01966_02_004_02_V003.h5,BEAM1011,356601100400192588,-42.777877,-71.130422,325725.4,5261650.1,1015.7892,1,0,0.96446276,-0.52,1.46,4.23,8.05,9.28,24.50,pendiente fuerte: la altura del dosel se sobrestima,pendiente=24.5 > 20 grados
GEDI02_A_2025089042733_O35660_04_T01966_02_004_02_V003.h5,BEAM1011,356601100400192589,-42.778162,-71.129848,325773.2,5261619.6,1012.32635,1,0,0.9647096,-0.33,1.79,4.64,7.26,8.19,24.24,pendiente fuerte: la altura del dosel se sobrestima,pendiente=24.2 > 20 grados
GEDI02_A_2025089042733_O35660_04_T01966_02_004_02_V003.h5,BEAM1011,356601100400192593,-42.779307,-71.127548,325964.6,5261497.3,1011.3714,1,0,0.96210647,-2.58,-0.29,1.9,4.79,5.87,21.30,pendiente fuerte: la altura del dosel se sobrestima,pendiente=21.3 > 20 grados
GEDI02_A_2025089042733_O35660_04_T01966_02_004_02_V003.h5,BEAM1011,356601100400192595,-42.779878,-71.126400,326060.0,5261436.2,1002.99664,1,0,0.9579565,-2.73,-0.37,1.94,5.16,6.36,20.50,pendiente fuerte: la altura del dosel se sobrestima,pendiente=20.5 > 20 grados
GEDI02_A_2025089042733_O35660_04_T01966_02_004_02_V003.h5,BEAM1011,356601100400192615,-42.785615,-71.114885,327018.0,5260822.7,1050.8177,1,0,0.9454788,-1.72,0.44,2.8,6.4,7.75,22.03,pendiente fuerte: la altura del dosel se sobrestima,pendiente=22.0 > 20 grados
GEDI02_A_2025089042733_O35660_04_T01966_02_004_02_V003.h5,BEAM1011,356601100400192616,-42.785905,-71.114304,327066.3,5260791.7,1068.3029,1,0,0.9513514,-2.02,0.71,3.63,7.6,8.98,25.94,pendiente fuerte: la altura del dosel se sobrestima,pendiente=25.9 > 20 grados
GEDI02_A_2025089042733_O35660_04_T01966_02_004_02_V003.h5,BEAM1011,356601100400192617,-42.786196,-71.113722,327114.8,5260760.6,1092.6439,1,0,0.9409714,-3.4,-0.74,1.57,4.64,5.65,23.12,pendiente fuerte: la altura del dosel se sobrestima,pendiente=23.1 > 20 grados
GEDI02_A_2025089042733_O35660_04_T01966_02_004_02_V003.h5,BEAM1011,356601100400192761,-42.827874,-71.029668,334101.4,5256301.2,804.08844,1,0,0.95122135,-2.43,-0.18,1.87,4.6,5.72,,fuera del DEM,sin pendiente disponible
GEDI02_A_2025089042733_O35660_04_T01966_02_004_02_V003.h5,BEAM1011,356601100400192762,-42.828163,-71.029087,334149.6,5256270.3,820.52545,1,0,0.9355149,-2.5,-0.52,1.27,3.66,4.56,,fuera del DEM,sin pendiente disponible
GEDI02_A_2025089042733_O35660_04_T01966_02_004_02_V003.h5,BEAM1011,356601100400192763,-42.828450,-71.028510,334197.6,5256239.6,826.5605,1,0,0.91849375,-1.68,-0.37,0.82,2.28,2.84,,fuera del DEM,sin pendiente disponible
