shot_number,lat,lon,elev_lowestmode,fabdem_m,n_egm2008_m,delta_terreno_m,control_terreno
332030300400193455,-42.712545,-71.039862,947.53046,925.47,21.213,0.85,PASA
332030300400193460,-42.713977,-71.036996,951.6454,929.05,21.204,1.39,PASA
332030500400193388,-42.711297,-71.061601,965.8925,943.30,21.285,1.31,PASA
332030500400193389,-42.711584,-71.061028,963.399,940.96,21.283,1.15,PASA
332030500400193390,-42.711869,-71.060457,957.578,935.60,21.281,0.69,PASA
332030500400193391,-42.712154,-71.059888,947.4775,927.40,21.279,-1.20,PASA
332030500400193392,-42.712440,-71.059315,945.8152,921.48,21.277,3.06,PASA
332030500400193393,-42.712724,-71.058747,934.2229,912.70,21.275,0.25,PASA
332030500400193394,-42.713012,-71.058170,940.61426,918.25,21.273,1.09,PASA
332030500400193395,-42.713302,-71.057589,954.42194,932.95,21.271,0.20,PASA
332030500400193396,-42.713591,-71.057012,961.3544,938.29,21.269,1.79,PASA
332030500400193397,-42.713878,-71.056437,964.3358,941.52,21.266,1.55,PASA
332030500400193398,-42.714165,-71.055862,964.81976,942.54,21.264,1.02,PASA
332030500400193399,-42.714454,-71.055284,973.44305,949.43,21.262,2.76,PASA
332030500400193400,-42.714741,-71.054709,974.6449,955.36,21.260,-1.98,PASA
332030500400193401,-42.715029,-71.054132,981.3444,959.54,21.258,0.54,PASA
332030500400193402,-42.715316,-71.053557,982.068,960.29,21.256,0.52,PASA
332030500400193403,-42.715603,-71.052983,983.55334,961.08,21.254,1.22,PASA
332030500400193404,-42.715890,-71.052408,985.3727,962.56,21.252,1.56,PASA
332030500400193405,-42.716177,-71.051833,985.15826,962.60,21.249,1.31,PASA
332030500400193406,-42.716463,-71.051261,981.3389,960.48,21.247,-0.38,PASA
332030500400193407,-42.716750,-71.050685,985.0508,962.91,21.245,0.90,PASA
332030500400193408,-42.717037,-71.050111,984.314,962.35,21.243,0.72,PASA
332030500400193409,-42.717324,-71.049537,983.96906,962.22,21.241,0.51,PASA
332030500400193410,-42.717610,-71.048963,984.0344,962.03,21.239,0.76,PASA
332030500400193411,-42.717898,-71.048387,988.31067,964.53,21.237,2.54,PASA
332030500400193412,-42.718186,-71.047811,992.23676,969.97,21.235,1.04,PASA
332030500400193413,-42.718473,-71.047235,995.8692,973.36,21.233,1.28,PASA
332030500400193414,-42.718760,-71.046660,997.33374,975.74,21.231,0.36,PASA
332030500400193415,-42.719046,-71.046087,994.7689,974.36,21.228,-0.82,PASA
332030500400193416,-42.719335,-71.045509,1002.83606,977.18,21.226,4.43,PASA
332030500400193417,-42.719621,-71.044935,1002.51495,980.20,21.224,1.09,PASA
332030500400193418,-42.719909,-71.044359,1004.59406,981.21,21.222,2.16,PASA
332030500400193419,-42.720196,-71.043783,1009.2848,985.43,21.220,2.64,PASA
332030500400193421,-42.720777,-71.042618,1042.7452,1014.77,21.216,6.76,FUERA_DE_UMBRAL
332030500400193422,-42.721062,-71.042047,1035.541,1016.34,21.214,-2.01,PASA
332030500400193423,-42.721346,-71.041480,1022.0996,1005.54,21.212,-4.65,PASA
332030500400193424,-42.721632,-71.040907,1019.29626,997.29,21.210,0.80,PASA
332030500400193425,-42.721919,-71.040331,1021.9136,997.32,21.208,3.38,PASA
332030500400193426,-42.722204,-71.039759,1016.6125,996.02,21.207,-0.61,PASA
332030500400193427,-42.722491,-71.039185,1016.3348,992.45,21.205,2.68,PASA
332030500400193428,-42.722779,-71.038608,1022.23975,999.68,21.203,1.36,PASA
332030500400193429,-42.723065,-71.038035,1019.843,996.81,21.201,1.83,PASA
332030500400193430,-42.723352,-71.037460,1020.36847,996.54,21.200,2.63,PASA
332030500400193431,-42.723639,-71.036883,1025.5669,1002.18,21.198,2.19,PASA
332030500400193432,-42.723929,-71.036303,1037.4066,1013.35,21.196,2.86,PASA
332030500400193433,-42.724218,-71.035724,1048.5801,1024.33,21.195,3.06,PASA
332030500400193434,-42.724504,-71.035151,1045.1454,1024.46,21.193,-0.51,PASA
332030500400193435,-42.724789,-71.034578,1041.6035,1021.46,21.191,-1.05,PASA
332030500400193436,-42.725075,-71.034007,1036.3048,1017.03,21.189,-1.92,PASA
332030500400193437,-42.725361,-71.033434,1033.9371,1014.30,21.188,-1.55,PASA
332030500400193438,-42.725647,-71.032861,1031.2389,1011.97,21.186,-1.92,PASA
332030500400193439,-42.725933,-71.032288,1028.4894,1008.55,21.184,-1.24,PASA
332030500400193440,-42.726218,-71.031716,1023.85565,1003.43,21.183,-0.76,PASA
332030500400193441,-42.726504,-71.031143,1020.7795,999.75,21.181,-0.15,PASA
332030500400193442,-42.726791,-71.030569,1020.3368,998.67,21.179,0.49,PASA
332030500400193443,-42.727079,-71.029992,1025.9698,1001.52,21.178,3.28,PASA
332030500400193444,-42.727365,-71.029419,1024.8219,1003.42,21.176,0.22,PASA
332030500400193445,-42.727652,-71.028845,1023.4094,1002.03,21.174,0.20,PASA
332030500400193446,-42.727938,-71.028272,1022.72955,1000.51,21.173,1.05,PASA
332030500400193447,-42.728225,-71.027698,1022.6383,999.81,21.171,1.65,PASA
332030500400193448,-42.728512,-71.027123,1024.0239,1000.26,21.169,2.59,PASA
332030500400193449,-42.728799,-71.026548,1025.7443,1002.17,21.168,2.40,PASA
332030600401033899,-42.711120,-71.075620,1006.24426,984.04,21.333,0.88,PASA
332030600401033900,-42.711407,-71.075047,1007.6046,984.80,21.330,1.48,PASA
332030600401033901,-42.711694,-71.074474,1009.05066,987.05,21.328,0.67,PASA
332030600401033902,-42.711981,-71.073899,1012.97565,990.35,21.326,1.30,PASA
332030600401033903,-42.712267,-71.073331,1005.6816,985.46,21.324,-1.11,PASA
332030600401033904,-42.712552,-71.072762,998.4233,978.42,21.322,-1.32,PASA
332030600401033905,-42.712837,-71.072191,994.69354,973.68,21.320,-0.31,PASA
332030600401033906,-42.713123,-71.071620,991.3748,969.87,21.318,0.19,PASA
332030600401033907,-42.713409,-71.071050,987.334,966.86,21.316,-0.84,PASA
332030600401033908,-42.713695,-71.070479,984.5305,965.01,21.313,-1.79,PASA
332030600401033909,-42.713981,-71.069908,981.27313,961.73,21.311,-1.77,PASA
332030600401033910,-42.714267,-71.069336,978.9272,957.47,21.309,0.15,PASA
332030600401033911,-42.714554,-71.068764,978.53766,955.80,21.307,1.43,PASA
332030600401033912,-42.714840,-71.068192,976.0805,953.82,21.305,0.95,PASA
332030600401033913,-42.715126,-71.067621,972.62854,950.46,21.303,0.86,PASA
332030600401033914,-42.715412,-71.067050,968.4698,947.07,21.301,0.10,PASA
332030600401033915,-42.715697,-71.066479,964.4539,944.55,21.299,-1.40,PASA
332030600401033916,-42.715983,-71.065908,959.6121,940.38,21.297,-2.07,PASA
332030600401033917,-42.716269,-71.065337,954.1987,935.04,21.294,-2.14,PASA
332030600401033918,-42.716554,-71.064767,947.8303,927.92,21.292,-1.38,PASA
332030600401033919,-42.716842,-71.064190,954.4109,931.64,21.290,1.49,PASA
332030600401033920,-42.717130,-71.063615,958.9349,937.67,21.288,-0.03,PASA
332030600401033921,-42.717418,-71.063038,965.48425,943.56,21.286,0.64,PASA
332030600401033922,-42.717707,-71.062459,976.4441,954.03,21.284,1.13,PASA
332030600401033923,-42.717994,-71.061885,976.27435,955.35,21.282,-0.36,PASA
332030600401033924,-42.718282,-71.061308,983.8507,961.21,21.280,1.36,PASA
332030600401033925,-42.718569,-71.060734,984.0468,962.13,21.278,0.63,PASA
332030600401033926,-42.718856,-71.060159,986.6581,964.73,21.275,0.65,PASA
332030600401033927,-42.719144,-71.059582,992.0995,969.82,21.273,1.01,PASA
332030600401033928,-42.719431,-71.059007,994.57227,972.96,21.271,0.34,PASA
332030600401033930,-42.720007,-71.057856,1001.696,979.94,21.267,0.49,PASA
332030600401033931,-42.720294,-71.057281,1003.01074,980.86,21.265,0.88,PASA
332030600401033932,-42.720580,-71.056707,1002.6722,980.25,21.263,1.16,PASA
332030600401033933,-42.720868,-71.056131,1005.8644,983.21,21.261,1.39,PASA
332030600401033934,-42.721155,-71.055557,1006.6938,984.60,21.259,0.83,PASA
332030600401033935,-42.721442,-71.054982,1008.32306,985.66,21.256,1.41,PASA
332030600401033936,-42.721729,-71.054406,1010.9387,988.98,21.254,0.70,PASA
332030600401033937,-42.722017,-71.053831,1013.93024,992.97,21.252,-0.29,PASA
332030600401033938,-42.722305,-71.053254,1019.7989,997.41,21.250,1.14,PASA
332030600401033939,-42.722593,-71.052676,1026.16,1003.83,21.248,1.08,PASA
332030600401033940,-42.722880,-71.052101,1027.4827,1005.50,21.246,0.74,PASA
332030600401033941,-42.723167,-71.051527,1028.373,1006.69,21.244,0.44,PASA
332030600401033942,-42.723455,-71.050950,1034.3679,1011.74,21.242,1.38,PASA
332030600401033943,-42.723744,-71.050370,1045.9286,1022.01,21.240,2.68,PASA
332030600401033944,-42.724031,-71.049794,1049.5836,1030.34,21.237,-1.99,PASA
332030600401033945,-42.724319,-71.049216,1056.6,1033.51,21.235,1.86,PASA
332030600401033946,-42.724605,-71.048644,1051.4594,1032.46,21.233,-2.24,PASA
332030600401033947,-42.724894,-71.048064,1063.2041,1040.25,21.231,1.72,PASA
332030600401033948,-42.725182,-71.047488,1067.957,1044.79,21.229,1.94,PASA
332030600401033949,-42.725467,-71.046916,1062.1177,1042.08,21.227,-1.19,PASA
332030600401033950,-42.725754,-71.046341,1063.5406,1040.75,21.225,1.57,PASA
332030600401033953,-42.726624,-71.044595,1111.068,1087.51,21.219,2.34,PASA
332030600401033954,-42.726909,-71.044025,1103.1915,1084.79,21.216,-2.81,PASA
332030600401033958,-42.728046,-71.041751,1055.8241,1037.75,21.208,-3.13,PASA
332030600401033959,-42.728332,-71.041179,1051.1931,1032.19,21.206,-2.20,PASA
332030600401033960,-42.728618,-71.040606,1048.4683,1028.49,21.205,-1.23,PASA
332030600401033961,-42.728903,-71.040034,1043.6553,1023.37,21.203,-0.92,PASA
332030600401033962,-42.730335,-71.037164,1039.2714,1018.52,21.195,-0.44,PASA
332030600401033963,-42.730621,-71.036593,1033.4526,1014.28,21.193,-2.02,PASA
332030600401033964,-42.730907,-71.036020,1028.9987,1010.15,21.191,-2.34,PASA
332030600401033965,-42.731193,-71.035446,1027.899,1008.48,21.190,-1.77,PASA
332030600401033966,-42.731480,-71.034871,1029.1993,1009.13,21.188,-1.12,PASA
332030600401033967,-42.731767,-71.034296,1031.0145,1010.51,21.186,-0.69,PASA
332030600401033968,-42.732054,-71.033721,1032.3562,1012.85,21.185,-1.68,PASA
332030600401033969,-42.732340,-71.033148,1029.5559,1010.40,21.183,-2.03,PASA
332030600401033970,-42.732624,-71.032578,1020.4616,1001.15,21.182,-1.87,PASA
332030600401033971,-42.732913,-71.032000,1028.4937,1005.90,21.180,1.42,PASA
332030600401033972,-42.733199,-71.031426,1029.2268,1010.76,21.178,-2.71,PASA
332030600401033973,-42.733486,-71.030852,1027.3469,1008.42,21.177,-2.25,PASA
332030600401033974,-42.733772,-71.030278,1026.5436,1007.48,21.175,-2.11,PASA
332030600401033975,-42.734059,-71.029705,1025.3612,1006.05,21.173,-1.86,PASA
332030600401033976,-42.734345,-71.029132,1022.432,1003.49,21.172,-2.23,PASA
332030600401033977,-42.734631,-71.028559,1020.0787,1000.39,21.170,-1.48,PASA
332030600401033978,-42.734917,-71.027987,1016.39417,996.59,21.169,-1.37,PASA
332030600401033979,-42.735203,-71.027415,1012.3723,992.13,21.167,-0.93,PASA
332030600401033980,-42.735489,-71.026842,1009.5923,988.88,21.165,-0.45,PASA
332030800400198137,-42.710617,-71.095541,1036.9518,1017.22,21.406,-1.67,PASA
332030800400198138,-42.710904,-71.094967,1038.5002,1016.99,21.404,0.10,PASA
332030800400198139,-42.711191,-71.094393,1040.304,1019.64,21.401,-0.74,PASA
332030800400198140,-42.711479,-71.093817,1044.0396,1021.48,21.399,1.16,PASA
332030800400198141,-42.711766,-71.093243,1045.1998,1023.40,21.396,0.40,PASA
332030800400198142,-42.712054,-71.092668,1049.0048,1027.10,21.394,0.51,PASA
332030800400198143,-42.712342,-71.092092,1052.7119,1029.80,21.391,1.52,PASA
332030800400198144,-42.712629,-71.091518,1054.4294,1031.49,21.389,1.55,PASA
332030800400198145,-42.712916,-71.090943,1055.5867,1032.82,21.387,1.38,PASA
332030800400198146,-42.713204,-71.090368,1057.9758,1035.53,21.384,1.06,PASA
332030800400198147,-42.713492,-71.089790,1065.8573,1043.09,21.382,1.38,PASA
332030800400198148,-42.713782,-71.089210,1076.2584,1052.52,21.379,2.36,PASA
332030800400198149,-42.714069,-71.088636,1076.5444,1054.03,21.377,1.14,PASA
332030800400198150,-42.714353,-71.088069,1065.0011,1043.13,21.374,0.50,PASA
332030800400198151,-42.714638,-71.087500,1057.0131,1035.03,21.372,0.61,PASA
332030800400198152,-42.714925,-71.086927,1054.6062,1032.89,21.369,0.35,PASA
332030800400198153,-42.715212,-71.086351,1058.1232,1035.28,21.367,1.48,PASA
332030800400198154,-42.715500,-71.085776,1060.2764,1036.66,21.365,2.26,PASA
332030800400198155,-42.715786,-71.085204,1056.362,1033.60,21.362,1.40,PASA
332030800400198156,-42.716072,-71.084632,1052.514,1029.66,21.360,1.49,PASA
332030800400198157,-42.716357,-71.084063,1044.7988,1022.25,21.357,1.19,PASA
332030800400198158,-42.716642,-71.083494,1035.8314,1015.19,21.355,-0.71,PASA
332030800400198159,-42.716927,-71.082923,1029.7422,1008.79,21.353,-0.40,PASA
332030800400198160,-42.717213,-71.082352,1024.2798,1003.27,21.350,-0.34,PASA
332030800400198161,-42.717499,-71.081780,1021.53687,999.50,21.348,0.69,PASA
332030800400198162,-42.717786,-71.081205,1023.11066,998.41,21.346,3.35,PASA
332030800400198163,-42.718072,-71.080634,1018.5271,995.67,21.344,1.51,PASA
332030800400198164,-42.718358,-71.080061,1016.2279,993.32,21.342,1.57,PASA
332030800400198165,-42.718644,-71.079489,1012.8826,990.35,21.340,1.20,PASA
332030800400198166,-42.718930,-71.078917,1009.5369,987.30,21.338,0.90,PASA
332030800400198167,-42.719216,-71.078345,1005.2733,984.93,21.336,-0.99,PASA
332030800400198168,-42.719503,-71.077772,1003.49994,981.52,21.334,0.65,PASA
332030800400198169,-42.719788,-71.077201,998.67474,978.49,21.331,-1.15,PASA
332030800400198170,-42.720074,-71.076630,992.9199,971.19,21.329,0.40,PASA
332030800400198171,-42.720359,-71.076060,985.32605,966.75,21.327,-2.75,PASA
332030800400198172,-42.720645,-71.075487,982.963,960.71,21.325,0.93,PASA
332030800400198173,-42.720929,-71.074921,969.58,952.57,21.323,-4.31,PASA
332030800400198174,-42.721215,-71.074348,967.42035,946.97,21.321,-0.87,PASA
332030800400198175,-42.721505,-71.073767,979.90607,955.87,21.319,2.72,PASA
332030800400198176,-42.721794,-71.073188,988.66516,963.94,21.317,3.40,PASA
332030800400198177,-42.722081,-71.072611,992.7201,970.08,21.315,1.33,PASA
332030800400198178,-42.722369,-71.072034,998.51605,976.79,21.312,0.41,PASA
332030800400198179,-42.722659,-71.071453,1010.3053,985.97,21.310,3.03,PASA
332030800400198180,-42.722946,-71.070879,1010.13477,987.32,21.308,1.51,PASA
332030800400198181,-42.723232,-71.070307,1006.83124,985.05,21.306,0.48,PASA
332030800400198182,-42.723520,-71.069728,1015.2709,992.81,21.304,1.16,PASA
332030800400198183,-42.723808,-71.069151,1019.2862,996.34,21.302,1.65,PASA
332030800400198184,-42.724095,-71.068576,1021.24585,998.84,21.300,1.11,PASA
332030800400198185,-42.724383,-71.068000,1024.3403,1001.16,21.298,1.88,PASA
332030800400198186,-42.724669,-71.067426,1023.2145,1001.28,21.295,0.64,PASA
332030800400198187,-42.724956,-71.066851,1024.973,1002.49,21.293,1.19,PASA
332030800400198188,-42.725243,-71.066277,1025.3751,1003.26,21.291,0.82,PASA
332030800400198189,-42.725531,-71.065701,1028.4225,1005.69,21.289,1.44,PASA
332030800400198190,-42.725818,-71.065125,1031.561,1009.04,21.287,1.24,PASA
332030800400198191,-42.726106,-71.064549,1035.5483,1014.17,21.285,0.09,PASA
332030800400198192,-42.726394,-71.063971,1041.7683,1019.82,21.283,0.66,PASA
332030800400198193,-42.726681,-71.063397,1042.3016,1020.03,21.281,0.99,PASA
332030800400198194,-42.726967,-71.062825,1037.3307,1016.58,21.279,-0.53,PASA
332030800400198195,-42.727252,-71.062255,1031.7958,1011.08,21.277,-0.56,PASA
332030800400198196,-42.727539,-71.061681,1031.7498,1010.40,21.274,0.07,PASA
332030800400198197,-42.727826,-71.061107,1030.4755,1009.08,21.272,0.12,PASA
332030800400198198,-42.728113,-71.060533,1030.5493,1008.94,21.270,0.34,PASA
332030800400198199,-42.728400,-71.059959,1031.7816,1010.05,21.268,0.46,PASA
332030800400198200,-42.728685,-71.059389,1024.1909,1004.02,21.266,-1.09,PASA
332030800400198201,-42.728974,-71.058811,1031.7067,1009.18,21.264,1.26,PASA
332030800400198202,-42.729262,-71.058234,1036.156,1012.93,21.262,1.96,PASA
332030800400198203,-42.729549,-71.057661,1035.4633,1012.91,21.260,1.30,PASA
332030800400198204,-42.729835,-71.057090,1030.8887,1009.93,21.258,-0.30,PASA
332030800400198205,-42.730122,-71.056517,1028.3229,1007.56,21.256,-0.50,PASA
332030800400198206,-42.730409,-71.055944,1027.8717,1007.80,21.254,-1.18,PASA
332030800400198207,-42.730696,-71.055368,1031.2318,1010.25,21.251,-0.27,PASA
332030800400198208,-42.730983,-71.054795,1030.3759,1009.32,21.249,-0.19,PASA
332030800400198209,-42.731269,-71.054225,1025.1337,1004.05,21.247,-0.16,PASA
332030800400198210,-42.731555,-71.053655,1017.60754,995.75,21.245,0.62,PASA
332030800400198211,-42.731841,-71.053086,1010.68665,989.39,21.243,0.05,PASA
332030800400198212,-42.732127,-71.052514,1006.9385,986.82,21.241,-1.12,PASA
332030800400198213,-42.732414,-71.051941,1005.5516,984.98,21.239,-0.66,PASA
332030800400198214,-42.732701,-71.051367,1006.4409,984.86,21.237,0.35,PASA
332030800400198215,-42.732989,-71.050794,1006.06793,984.43,21.235,0.40,PASA
332030800400198216,-42.733276,-71.050221,1005.6254,984.00,21.233,0.39,PASA
332030800400198217,-42.733562,-71.049648,1003.73486,982.07,21.231,0.43,PASA
332030800400198218,-42.733849,-71.049077,999.44434,977.46,21.229,0.75,PASA
332030800400198219,-42.734135,-71.048506,993.8991,972.66,21.227,0.01,PASA
332030800400198220,-42.734422,-71.047933,992.8687,972.86,21.224,-1.21,PASA
332030800400198221,-42.734709,-71.047359,994.34656,973.00,21.222,0.13,PASA
332030800400198222,-42.734996,-71.046786,992.00635,970.72,21.220,0.07,PASA
332030800400198223,-42.735282,-71.046214,989.49274,968.00,21.218,0.27,PASA
332030800400198224,-42.735570,-71.045640,989.24536,968.00,21.216,0.03,PASA
332030800400198225,-42.735856,-71.045068,985.82355,964.28,21.214,0.33,PASA
332030800400198226,-42.736141,-71.044500,976.1628,954.40,21.212,0.55,PASA
332030800400198227,-42.736426,-71.043930,968.8733,948.06,21.210,-0.40,PASA
332030800400198228,-42.736713,-71.043357,966.49316,955.10,21.208,-9.81,FUERA_DE_UMBRAL
332030800400198229,-42.737005,-71.042770,989.7842,968.38,21.206,0.20,PASA
332030800400198230,-42.737292,-71.042197,988.10474,967.19,21.204,-0.29,PASA
332030800400198231,-42.737578,-71.041624,986.0958,965.11,21.202,-0.22,PASA
332030800400198232,-42.737865,-71.041050,984.8904,963.74,21.200,-0.05,PASA
332030800400198233,-42.738151,-71.040476,984.2838,962.75,21.198,0.33,PASA
332030800400198234,-42.738437,-71.039904,980.9551,959.63,21.197,0.13,PASA
332030800400198235,-42.738723,-71.039332,975.9201,954.29,21.195,0.44,PASA
332030800400198236,-42.739009,-71.038760,972.076,951.31,21.194,-0.43,PASA
332030800400198237,-42.739294,-71.038187,968.6731,947.23,21.192,0.25,PASA
332030800400198238,-42.739580,-71.037615,963.9038,942.77,21.190,-0.06,PASA
332030800400198239,-42.739866,-71.037043,960.1226,939.09,21.189,-0.15,PASA
332030800400198240,-42.740152,-71.036468,959.1192,937.30,21.187,0.63,PASA
332030800400198241,-42.740438,-71.035895,956.53265,935.22,21.186,0.13,PASA
332030800400198242,-42.740724,-71.035320,957.31586,936.61,21.184,-0.48,PASA
332030800400198243,-42.741012,-71.034741,964.5579,942.36,21.182,1.02,PASA
332030800400198244,-42.741298,-71.034165,966.15924,943.88,21.181,1.10,PASA
332030800400198245,-42.741584,-71.033590,965.62305,943.92,21.179,0.52,PASA
332030800400198246,-42.741870,-71.033015,966.0564,943.51,21.178,1.37,PASA
332030800400198247,-42.742155,-71.032442,962.2298,940.17,21.176,0.88,PASA
332030800400198248,-42.742439,-71.031873,952.69867,931.59,21.175,-0.07,PASA
332030800400198249,-42.742724,-71.031300,949.20215,927.43,21.173,0.60,PASA
332030800400198250,-42.743009,-71.030728,944.5462,923.26,21.171,0.12,PASA
332030800400198251,-42.743293,-71.030155,940.3944,919.73,21.170,-0.50,PASA
332030800400198252,-42.743578,-71.029581,938.41907,918.03,21.168,-0.78,PASA
332030800400198253,-42.743865,-71.029004,941.44183,921.73,21.167,-1.45,PASA
332030800400198254,-42.744151,-71.028427,945.1195,924.31,21.165,-0.35,PASA
332030800400198255,-42.744435,-71.027855,940.3662,918.65,21.164,0.56,PASA
332030800400198256,-42.744719,-71.027283,935.56036,914.35,21.162,0.04,PASA
332031100400192903,-42.710488,-71.109266,1073.0947,1050.47,21.459,1.17,PASA
332031100400192904,-42.710777,-71.108690,1080.8132,1054.35,21.457,5.01,FUERA_DE_UMBRAL
332031100400192905,-42.711064,-71.108116,1082.5177,1058.86,21.454,2.20,PASA
332031100400192906,-42.711351,-71.107544,1082.7307,1058.52,21.452,2.76,PASA
332031100400192907,-42.711639,-71.106970,1086.5964,1061.95,21.450,3.20,PASA
332031100400192908,-42.711927,-71.106395,1090.213,1065.86,21.447,2.91,PASA
332031100400192909,-42.712214,-71.105822,1093.1729,1069.59,21.445,2.13,PASA
332031100400192910,-42.712502,-71.105248,1094.9065,1071.41,21.442,2.06,PASA
332031100400192911,-42.712789,-71.104676,1094.8112,1071.18,21.440,2.20,PASA
332031100400192912,-42.713075,-71.104104,1094.0574,1071.17,21.438,1.45,PASA
332031100400192913,-42.713363,-71.103529,1099.9657,1076.87,21.435,1.66,PASA
332031100400192914,-42.713651,-71.102955,1101.8136,1078.59,21.433,1.80,PASA
332031100400192915,-42.713937,-71.102385,1097.938,1077.21,21.430,-0.71,PASA
332031100400192916,-42.714223,-71.101816,1092.8633,1072.02,21.428,-0.59,PASA
332031100400192917,-42.714509,-71.101245,1090.7871,1069.45,21.426,-0.09,PASA
332031100400192918,-42.714795,-71.100673,1088.6886,1067.58,21.423,-0.31,PASA
332031100400192919,-42.715082,-71.100102,1086.4531,1065.34,21.421,-0.31,PASA
332031100400192920,-42.715368,-71.099532,1081.8232,1062.40,21.418,-2.00,PASA
332031100400192921,-42.715654,-71.098961,1079.4208,1058.81,21.416,-0.80,PASA
332031100400192922,-42.715941,-71.098388,1078.7781,1057.71,21.413,-0.35,PASA
332031100400192923,-42.716227,-71.097816,1076.9215,1056.32,21.411,-0.81,PASA
332031100400192924,-42.716514,-71.097243,1077.281,1056.69,21.409,-0.82,PASA
332031100400192925,-42.716802,-71.096668,1081.4713,1059.83,21.406,0.23,PASA
332031100400192926,-42.717089,-71.096094,1082.0614,1059.37,21.404,1.29,PASA
332031100400192927,-42.717375,-71.095524,1076.261,1055.80,21.401,-0.94,PASA
332031100400192928,-42.717662,-71.094950,1077.9287,1055.82,21.399,0.71,PASA
332031100400192929,-42.717949,-71.094377,1076.7272,1054.96,21.396,0.38,PASA
332031100400192930,-42.718237,-71.093800,1084.3369,1061.55,21.394,1.40,PASA
332031100400192931,-42.718525,-71.093224,1088.1283,1067.38,21.391,-0.65,PASA
332031100400192932,-42.718811,-71.092652,1085.396,1065.02,21.389,-1.01,PASA
332031100400192933,-42.719096,-71.092084,1074.6816,1055.64,21.387,-2.35,PASA
332031100400192934,-42.719381,-71.091516,1064.7372,1045.33,21.384,-1.98,PASA
332031100400192935,-42.719667,-71.090945,1061.1748,1039.27,21.382,0.53,PASA
332031100400192936,-42.719953,-71.090373,1056.8369,1034.34,21.379,1.12,PASA
332031100400192937,-42.720238,-71.089804,1048.4882,1027.25,21.377,-0.14,PASA
332031100400192938,-42.720525,-71.089231,1047.7452,1026.39,21.374,-0.02,PASA
332031100400192939,-42.720812,-71.088656,1049.2454,1026.16,21.372,1.71,PASA
332031100400192940,-42.721096,-71.088090,1035.4182,1014.12,21.370,-0.07,PASA
332031100400192941,-42.721381,-71.087521,1027.1967,1005.71,21.367,0.12,PASA
332031100400192942,-42.721668,-71.086948,1024.8457,1002.90,21.365,0.58,PASA
332031100400192943,-42.721954,-71.086375,1023.3367,1001.16,21.362,0.81,PASA
332031100400192944,-42.722240,-71.085803,1019.1429,997.15,21.360,0.63,PASA
332031100400192945,-42.722526,-71.085232,1014.1171,992.08,21.357,0.68,PASA
332031100400192946,-42.722813,-71.084660,1011.4106,988.91,21.355,1.15,PASA
332031100400192947,-42.723099,-71.084088,1007.1894,985.01,21.352,0.83,PASA
332031100400192948,-42.723384,-71.083517,1001.46826,980.38,21.350,-0.26,PASA
332031100400192949,-42.723668,-71.082950,988.6318,970.41,21.348,-3.12,PASA
332031100400192950,-42.723956,-71.082375,991.68066,968.56,21.346,1.77,PASA
332031100400192951,-42.724246,-71.081793,1004.94855,978.69,21.343,4.91,PASA
332031100400192952,-42.724533,-71.081217,1008.3387,985.40,21.341,1.59,PASA
332031100400192953,-42.724820,-71.080643,1009.107,986.84,21.339,0.93,PASA
332031100400192954,-42.725108,-71.080065,1015.67285,991.88,21.337,2.45,PASA
332031100400192955,-42.725394,-71.079492,1012.696,991.76,21.335,-0.40,PASA
332031100400192956,-42.725683,-71.078914,1020.3409,995.66,21.333,3.35,PASA
332031100400192957,-42.725970,-71.078339,1021.70935,999.36,21.331,1.01,PASA
332031100400192958,-42.726258,-71.077762,1026.3145,1003.42,21.329,1.57,PASA
332031100400192959,-42.726546,-71.077183,1035.3478,1011.57,21.326,2.45,PASA
332031100400192960,-42.726834,-71.076607,1039.0299,1015.93,21.324,1.77,PASA
332031100400192961,-42.727120,-71.076034,1037.1907,1014.82,21.322,1.05,PASA
332031100400192962,-42.727407,-71.075459,1037.8374,1015.89,21.320,0.63,PASA
332031100400192963,-42.727696,-71.074879,1049.0417,1025.13,21.318,2.59,PASA
332031100400192964,-42.727985,-71.074301,1055.8986,1032.68,21.316,1.90,PASA
332031100400192965,-42.728270,-71.073730,1049.9111,1028.89,21.314,-0.29,PASA
332031100400192966,-42.728556,-71.073159,1044.6033,1023.30,21.312,-0.01,PASA
332031100400192967,-42.728842,-71.072586,1041.4811,1019.91,21.310,0.26,PASA
332031100400192968,-42.729128,-71.072014,1037.5225,1015.91,21.307,0.31,PASA
332031100400192969,-42.729414,-71.071442,1034.3513,1013.11,21.305,-0.07,PASA
332031100400192970,-42.729700,-71.070870,1030.6052,1009.76,21.303,-0.46,PASA
332031100400192971,-42.729986,-71.070298,1026.9917,1007.47,21.301,-1.78,PASA
332031100400192972,-42.730272,-71.069725,1025.1865,1004.29,21.299,-0.41,PASA
332031100400192973,-42.730558,-71.069154,1019.11365,997.82,21.297,-0.00,PASA
332031100400192974,-42.730844,-71.068581,1016.6789,997.44,21.295,-2.06,PASA
332031100400192975,-42.731132,-71.068005,1019.23486,1000.38,21.293,-2.44,PASA
332031100400192976,-42.731418,-71.067432,1018.02985,998.58,21.291,-1.84,PASA
332031100400192977,-42.731704,-71.066859,1015.2162,994.70,21.289,-0.77,PASA
332031100400192978,-42.731990,-71.066288,1010.26086,988.47,21.287,0.50,PASA
332031100400192979,-42.732276,-71.065715,1006.9706,985.10,21.284,0.58,PASA
332031100400192980,-42.732561,-71.065146,998.1805,978.04,21.282,-1.14,PASA
332031100400192981,-42.732847,-71.064575,992.4871,971.13,21.280,0.08,PASA
332031100400192982,-42.733132,-71.064005,985.87933,964.87,21.278,-0.26,PASA
332031100400192983,-42.733419,-71.063432,983.28845,962.07,21.276,-0.06,PASA
332031100400192984,-42.733705,-71.062859,981.56415,960.23,21.274,0.06,PASA
332031100400192985,-42.733992,-71.062286,979.73926,959.75,21.272,-1.28,PASA
332031100400192986,-42.734279,-71.061709,983.6834,963.09,21.270,-0.67,PASA
332031100400192987,-42.734566,-71.061134,985.3637,964.25,21.268,-0.15,PASA
332031100400192988,-42.734853,-71.060560,985.683,963.98,21.266,0.44,PASA
332031100400192989,-42.735140,-71.059987,983.511,962.20,21.264,0.05,PASA
332031100400192990,-42.735426,-71.059416,978.9125,958.14,21.262,-0.49,PASA
332031100400192991,-42.735714,-71.058840,982.1438,960.77,21.259,0.12,PASA
332031100400192992,-42.736001,-71.058265,983.4925,961.79,21.257,0.45,PASA
332031100400192993,-42.736288,-71.057692,983.30865,961.55,21.255,0.50,PASA
332031100400192994,-42.736575,-71.057119,981.6822,960.39,21.253,0.04,PASA
332031100400192995,-42.736862,-71.056546,979.55066,958.38,21.251,-0.08,PASA
332031100400192996,-42.737148,-71.055975,975.48315,954.61,21.249,-0.38,PASA
332031100400192997,-42.737435,-71.055400,976.5057,955.90,21.247,-0.64,PASA
332031100400192998,-42.737723,-71.054824,981.502,959.28,21.245,0.97,PASA
332031100400192999,-42.738011,-71.054249,982.7619,959.76,21.243,1.76,PASA
332031100400193000,-42.738297,-71.053678,978.2677,957.65,21.241,-0.62,PASA
332031100400193001,-42.738584,-71.053106,975.5291,954.84,21.239,-0.55,PASA
332031100400193002,-42.738870,-71.052534,972.4203,951.29,21.237,-0.10,PASA
332031100400193003,-42.739157,-71.051963,967.5839,946.35,21.235,-0.00,PASA
332031100400193004,-42.739443,-71.051391,964.4286,943.27,21.232,-0.07,PASA
332031100400193005,-42.739730,-71.050820,960.5411,939.81,21.230,-0.49,PASA
332031100400193006,-42.740017,-71.050246,961.4856,940.32,21.228,-0.07,PASA
332031100400193007,-42.740304,-71.049673,959.0432,939.15,21.226,-1.33,PASA
332031100400193008,-42.740592,-71.049098,962.8289,941.41,21.224,0.19,PASA
332031100400193009,-42.740878,-71.048527,957.1346,936.59,21.222,-0.68,PASA
332031100400193010,-42.741164,-71.047955,954.01056,931.91,21.220,0.88,PASA
332031100400193011,-42.741451,-71.047384,949.8168,928.11,21.218,0.49,PASA
332031100400193012,-42.741737,-71.046813,944.35645,923.04,21.216,0.10,PASA
332031100400193013,-42.742023,-71.046241,941.20325,919.13,21.214,0.86,PASA
332031100400193014,-42.742310,-71.045669,936.9547,915.94,21.212,-0.20,PASA
332031100400193015,-42.742596,-71.045096,935.82263,915.14,21.210,-0.53,PASA
332031100400193016,-42.742885,-71.044519,940.49866,918.23,21.208,1.06,PASA
332031100400193017,-42.743171,-71.043946,938.40704,915.94,21.206,1.26,PASA
332031100400193018,-42.743457,-71.043374,935.2357,913.81,21.204,0.23,PASA
332031100400193019,-42.743744,-71.042802,932.23865,911.72,21.202,-0.68,PASA
332031100400193020,-42.744030,-71.042228,930.73553,909.83,21.200,-0.30,PASA
332031100400193021,-42.744317,-71.041656,927.40356,907.31,21.197,-1.10,PASA
332031100400193022,-42.744603,-71.041082,925.6534,904.97,21.196,-0.52,PASA
332031100400193023,-42.744890,-71.040507,927.18567,905.15,21.194,0.84,PASA
332031100400193024,-42.745177,-71.039933,926.76373,905.06,21.193,0.51,PASA
332031100400193025,-42.745462,-71.039361,922.28986,901.67,21.191,-0.57,PASA
332031100400193026,-42.745748,-71.038789,917.93604,897.46,21.190,-0.71,PASA
332031100400193027,-42.746035,-71.038214,916.9812,896.14,21.188,-0.35,PASA
332031100400193028,-42.746320,-71.037642,913.1882,892.57,21.186,-0.56,PASA
332031100400193029,-42.746606,-71.037068,911.71423,890.73,21.185,-0.20,PASA
332031100400193030,-42.746893,-71.036494,910.4636,888.65,21.183,0.63,PASA
332031100400193031,-42.747178,-71.035922,905.3119,884.28,21.182,-0.15,PASA
332031100400193032,-42.747464,-71.035348,903.90625,882.97,21.180,-0.25,PASA
332031100400193033,-42.747750,-71.034773,903.07996,881.60,21.179,0.30,PASA
332031100400193034,-42.748036,-71.034199,901.4636,879.84,21.177,0.45,PASA
332031100400193035,-42.748322,-71.033625,901.02826,879.12,21.176,0.74,PASA
332031100400193036,-42.748607,-71.033050,899.74274,878.16,21.174,0.41,PASA
332031100400193037,-42.748893,-71.032476,899.271,877.39,21.173,0.71,PASA
332031100400193038,-42.749179,-71.031901,898.5113,876.27,21.171,1.07,PASA
332031100400193039,-42.749464,-71.031327,896.2264,874.97,21.169,0.08,PASA
332031100400193040,-42.749749,-71.030753,895.4211,874.10,21.168,0.16,PASA
332031100400193041,-42.750035,-71.030178,895.0025,873.58,21.166,0.26,PASA
332031100400193042,-42.750320,-71.029603,894.62616,872.86,21.165,0.60,PASA
332031100400193043,-42.750605,-71.029029,892.84174,871.61,21.164,0.07,PASA
332031100400193044,-42.750890,-71.028454,892.41833,870.88,21.162,0.38,PASA
332031100400193045,-42.751175,-71.027880,891.3551,869.83,21.161,0.36,PASA
332031100400193046,-42.751460,-71.027306,889.7516,868.82,21.159,-0.22,PASA
346880000100042831,-42.782737,-71.210666,1443.6694,1422.06,21.793,-0.18,PASA
346880000100042874,-42.770525,-71.186163,1102.3059,1080.99,21.728,-0.41,PASA
346880000100042922,-42.756791,-71.158518,1078.6969,1059.36,21.639,-2.30,PASA
346880000100042979,-42.740451,-71.125626,1149.6852,1127.34,21.506,0.84,PASA
346880000100042980,-42.740167,-71.125060,1138.4803,1116.54,21.504,0.44,PASA
346880000100042982,-42.739599,-71.123925,1118.8799,1096.19,21.500,1.19,PASA
346880000100042997,-42.735325,-71.115373,1019.80963,998.41,21.468,-0.07,PASA
346880000100042999,-42.734753,-71.114224,1017.29944,996.50,21.464,-0.67,PASA
346880000100043037,-42.723855,-71.092343,1021.3099,1001.15,21.384,-1.23,PASA
346880100100041756,-42.786833,-71.204888,1291.944,1264.46,21.772,5.71,FUERA_DE_UMBRAL
346880100100041757,-42.786547,-71.204312,1291.3243,1265.35,21.770,4.20,PASA
346880100100041829,-42.766006,-71.163005,1048.4017,1027.44,21.649,-0.69,PASA
346880100100041833,-42.764853,-71.160669,1085.7024,1064.42,21.640,-0.36,PASA
346880100100041881,-42.751061,-71.132851,1292.3503,1273.04,21.532,-2.22,PASA
346880100100041901,-42.745376,-71.121474,1113.9958,1094.40,21.487,-1.89,PASA
346880100100041933,-42.736235,-71.103145,1001.7102,980.65,21.419,-0.36,PASA
346880100100041970,-42.725618,-71.081833,1014.5786,993.02,21.342,0.22,PASA
346880100100042000,-42.717020,-71.064618,951.4167,930.44,21.292,-0.31,PASA
346880100100042008,-42.714727,-71.060019,947.3987,925.87,21.278,0.25,PASA
346880200100042760,-42.796325,-71.211658,1380.7781,1353.03,21.766,5.99,FUERA_DE_UMBRAL
346880200100042761,-42.796043,-71.211093,1365.2032,1347.00,21.766,-3.56,PASA
346880200100042772,-42.792907,-71.204791,1305.3914,1283.54,21.761,0.09,PASA
346880200100042773,-42.792623,-71.204219,1298.3171,1269.49,21.760,7.06,FUERA_DE_UMBRAL
346880200100042775,-42.792057,-71.203086,1270.4177,1250.08,21.758,-1.42,PASA
346880200100042776,-42.791771,-71.202511,1268.7222,1248.07,21.757,-1.10,PASA
346880200100042790,-42.787786,-71.194498,1192.5966,1171.29,21.736,-0.43,PASA
346880200100042792,-42.787216,-71.193349,1187.8071,1167.69,21.733,-1.62,PASA
346880200100042793,-42.786930,-71.192775,1185.2869,1163.79,21.731,-0.24,PASA
346880200100042794,-42.786646,-71.192202,1181.3296,1161.29,21.729,-1.69,PASA
346880200100042795,-42.786360,-71.191626,1181.3492,1159.96,21.728,-0.33,PASA
346880200100042798,-42.785499,-71.189887,1196.4685,1174.30,21.723,0.44,PASA
346880200100042799,-42.785216,-71.189318,1187.6663,1165.00,21.721,0.95,PASA
346880200100042800,-42.784932,-71.188749,1179.219,1157.39,21.720,0.11,PASA
346880200100042813,-42.781211,-71.181243,1202.6326,1177.72,21.699,3.22,PASA
346880200100042825,-42.777799,-71.174398,1107.7186,1085.29,21.679,0.75,PASA
346880200100042826,-42.777514,-71.173826,1102.1301,1080.86,21.678,-0.41,PASA
346880200100042829,-42.776369,-71.171518,1105.0728,1083.69,21.671,-0.28,PASA
346880200100042854,-42.769224,-71.157119,1098.3018,1077.08,21.621,-0.40,PASA
346880200100042862,-42.766938,-71.152524,1077.6051,1055.04,21.603,0.97,PASA
346880200100042884,-42.760634,-71.139852,1068.0225,1045.67,21.555,0.79,PASA
346880200100042890,-42.758911,-71.136379,1089.8475,1066.43,21.541,1.88,PASA
346880200100042921,-42.750037,-71.118536,1077.4906,1055.62,21.472,0.40,PASA
346880200100042932,-42.746895,-71.112237,1028.4628,1006.37,21.449,0.65,PASA
346880200100042953,-42.740882,-71.100158,1009.69025,987.72,21.404,0.56,PASA
346880200100042971,-42.735727,-71.089808,997.6012,975.51,21.366,0.73,PASA
346880200100042997,-42.728260,-71.074803,1053.7194,1031.33,21.317,1.08,PASA
346880200100043020,-42.721669,-71.061600,1006.6304,984.67,21.278,0.68,PASA
346880200100043024,-42.720522,-71.059304,997.91144,976.34,21.271,0.30,PASA
346880300100041694,-42.801811,-71.208617,1421.3312,1404.05,21.743,-4.46,PASA
346880300100041695,-42.801525,-71.208043,1417.8271,1394.01,21.743,2.08,PASA
346880300100041696,-42.801239,-71.207466,1417.3081,1388.39,21.742,7.18,FUERA_DE_UMBRAL
346880300100041697,-42.800954,-71.206894,1410.7877,1380.38,21.741,8.67,FUERA_DE_UMBRAL
346880300100041698,-42.800668,-71.206321,1405.7808,1377.82,21.741,6.22,FUERA_DE_UMBRAL
346880300100041699,-42.800384,-71.205750,1397.7487,1378.62,21.740,-2.61,PASA
346880300100041710,-42.797239,-71.199421,1372.8802,1347.23,21.730,3.92,PASA
346880300100041711,-42.796958,-71.198860,1350.6854,1327.96,21.729,1.00,PASA
346880300100041712,-42.796674,-71.198291,1340.0739,1319.14,21.728,-0.79,PASA
346880300100041713,-42.796387,-71.197712,1343.5679,1323.49,21.727,-1.65,PASA
346880300100041717,-42.795240,-71.195396,1354.1173,1331.23,21.723,1.16,PASA
346880300100041740,-42.788670,-71.182156,1334.4309,1312.81,21.693,-0.08,PASA
346880300100041741,-42.788385,-71.181584,1328.665,1307.22,21.692,-0.24,PASA
346880300100041751,-42.785538,-71.175861,1279.8096,1257.78,21.676,0.35,PASA
346880300100041769,-42.780111,-71.164938,1242.5135,1220.44,21.643,0.43,PASA
346880300100041770,-42.779827,-71.164367,1235.3425,1213.30,21.641,0.41,PASA
346880300100041771,-42.779543,-71.163798,1225.0413,1204.90,21.639,-1.50,PASA
346880300100041773,-42.778972,-71.162648,1222.2886,1198.78,21.635,1.88,PASA
346880300100041775,-42.778405,-71.161513,1198.4618,1176.16,21.630,0.67,PASA
346880300100041778,-42.777554,-71.159805,1170.4635,1150.20,21.624,-1.36,PASA
346880300100041779,-42.777265,-71.159216,1187.2665,1163.47,21.622,2.17,PASA
346880300100041780,-42.776979,-71.158641,1186.316,1163.43,21.620,1.26,PASA
346880300100041781,-42.776694,-71.158068,1182.1345,1159.08,21.618,1.44,PASA
346880300100041786,-42.775260,-71.155172,1203.3134,1181.85,21.607,-0.14,PASA
346880300100041787,-42.774974,-71.154592,1207.9816,1186.32,21.605,0.06,PASA
346880300100041788,-42.774687,-71.154013,1211.8386,1190.09,21.602,0.15,PASA
346880300100041790,-42.774113,-71.152855,1219.8827,1197.98,21.598,0.31,PASA
346880300100041791,-42.773827,-71.152278,1221.5305,1199.43,21.596,0.50,PASA
346880300100041798,-42.771823,-71.148242,1225.8066,1203.52,21.581,0.70,PASA
346880300100041806,-42.769523,-71.143604,1263.6016,1240.74,21.563,1.30,PASA
346880300100041807,-42.769237,-71.143031,1258.73,1235.95,21.561,1.22,PASA
346880300100041819,-42.765839,-71.136251,1071.6288,1053.33,21.535,-3.23,PASA
346880300100041829,-42.762992,-71.130547,991.90375,970.67,21.513,-0.27,PASA
346880300100041830,-42.762706,-71.129971,991.654,969.85,21.510,0.29,PASA
346880300100041831,-42.762420,-71.129395,991.33466,969.24,21.508,0.59,PASA
346880300100041833,-42.761846,-71.128238,998.8425,976.34,21.504,1.00,PASA
346880300100041846,-42.758104,-71.120684,1088.8348,1065.21,21.475,2.15,PASA
346880300100041849,-42.757251,-71.118976,1063.0635,1040.12,21.469,1.47,PASA
346880300100041850,-42.756966,-71.118405,1055.4645,1032.51,21.467,1.49,PASA
346880300100041860,-42.754107,-71.112669,1025.0282,1004.05,21.446,-0.47,PASA
346880300100041873,-42.750388,-71.105206,993.816,972.20,21.418,0.20,PASA
346880300100041886,-42.746659,-71.097708,1008.5517,986.49,21.390,0.67,PASA
346880300100041910,-42.739789,-71.083918,973.69763,951.36,21.339,1.00,PASA
346880300100041918,-42.737495,-71.079312,977.5293,956.70,21.325,-0.50,PASA
346880300100041925,-42.735486,-71.075277,986.76776,965.28,21.314,0.17,PASA
346880300100041934,-42.732898,-71.070076,1015.953,994.33,21.298,0.32,PASA
346880300100041937,-42.732039,-71.068354,1009.9946,988.36,21.293,0.34,PASA
346880300100041938,-42.731752,-71.067780,1007.85406,988.11,21.292,-1.55,PASA
346880300100041944,-42.730028,-71.064318,1019.90735,997.85,21.281,0.78,PASA
346880300100041946,-42.729455,-71.063169,1016.0358,994.69,21.278,0.07,PASA
346880300100041950,-42.728304,-71.060860,1026.3549,1006.16,21.271,-1.08,PASA
346880300100041952,-42.727728,-71.059701,1036.6567,1014.91,21.268,0.48,PASA
346880300100041955,-42.726864,-71.057965,1049.8804,1027.92,21.263,0.70,PASA
346880300100041958,-42.726004,-71.056242,1044.17,1022.68,21.257,0.24,PASA
346880300100041988,-42.717402,-71.039028,977.21106,955.69,21.208,0.31,PASA
346880300100041991,-42.716542,-71.037308,968.6483,946.65,21.203,0.79,PASA
346880300100041996,-42.715111,-71.034445,951.361,930.69,21.196,-0.52,PASA
346880500100041603,-42.811476,-71.212074,1296.5963,1284.27,21.716,-9.39,FUERA_DE_UMBRAL
346880500100041604,-42.811190,-71.211496,1297.9418,1276.39,21.716,-0.17,PASA
346880500100041607,-42.810326,-71.209745,1324.2009,1307.33,21.717,-4.85,PASA
346880500100041615,-42.808039,-71.205131,1328.461,1306.84,21.713,-0.09,PASA
346880500100041616,-42.807753,-71.204556,1327.8854,1305.56,21.712,0.61,PASA
346880500100041617,-42.807471,-71.203988,1317.284,1295.72,21.711,-0.14,PASA
346880500100041618,-42.807187,-71.203418,1309.0325,1292.67,21.711,-5.35,FUERA_DE_UMBRAL
346880500100041619,-42.806900,-71.202838,1313.7915,1292.91,21.710,-0.83,PASA
346880500100041620,-42.806616,-71.202267,1307.9116,1287.04,21.709,-0.84,PASA
346880500100041621,-42.806336,-71.201705,1290.2848,1270.42,21.708,-1.85,PASA
346880500100041622,-42.806052,-71.201134,1282.997,1261.68,21.707,-0.39,PASA
346880500100041629,-42.804058,-71.197119,1261.0132,1237.57,21.701,1.74,PASA
346880500100041630,-42.803775,-71.196551,1250.8463,1231.44,21.701,-2.30,PASA
346880500100041631,-42.803489,-71.195974,1251.4465,1227.24,21.700,2.51,PASA
346880500100041633,-42.802923,-71.194837,1230.8108,1216.62,21.698,-7.50,FUERA_DE_UMBRAL
346880500100041634,-42.802634,-71.194253,1240.7864,1218.00,21.697,1.09,PASA
346880500100041635,-42.802346,-71.193673,1245.8608,1223.18,21.696,0.98,PASA
346880500100041650,-42.798054,-71.185018,1252.8547,1231.29,21.682,-0.11,PASA
346880500100041651,-42.797767,-71.184440,1254.4263,1231.17,21.680,1.57,PASA
346880500100041652,-42.797482,-71.183866,1252.0216,1229.50,21.679,0.84,PASA
346880500100041653,-42.797195,-71.183286,1256.1561,1233.53,21.678,0.95,PASA
346880500100041654,-42.796909,-71.182708,1257.9791,1234.20,21.677,2.10,PASA
346880500100041660,-42.795197,-71.179256,1249.565,1228.58,21.671,-0.68,PASA
346880500100041665,-42.793776,-71.176395,1222.5966,1199.68,21.665,1.25,PASA
346880500100041666,-42.793489,-71.175816,1226.0607,1203.25,21.664,1.14,PASA
346880500100041667,-42.793204,-71.175242,1223.3164,1201.52,21.663,0.14,PASA
346880500100041668,-42.792918,-71.174665,1223.2772,1200.22,21.662,1.39,PASA
346880500100041669,-42.792635,-71.174095,1216.0164,1194.73,21.661,-0.37,PASA
346880500100041670,-42.792351,-71.173523,1210.331,1187.48,21.660,1.20,PASA
346880500100041671,-42.792067,-71.172954,1201.0178,1177.84,21.659,1.52,PASA
346880500100041672,-42.791786,-71.172390,1185.644,1163.55,21.657,0.44,PASA
346880500100041673,-42.791504,-71.171825,1170.6985,1148.14,21.656,0.90,PASA
346880500100041674,-42.791220,-71.171254,1163.9025,1141.22,21.654,1.02,PASA
346880500100041675,-42.790935,-71.170679,1161.5187,1140.67,21.653,-0.80,PASA
346880500100041676,-42.790645,-71.170093,1174.2361,1151.84,21.651,0.74,PASA
346880500100041680,-42.788890,-71.166529,1308.0505,1285.25,21.641,1.16,PASA
346880500100041681,-42.788601,-71.165944,1318.5896,1295.77,21.639,1.18,PASA
346880500100041682,-42.788314,-71.165364,1322.542,1298.99,21.637,1.91,PASA
346880500100041683,-42.788027,-71.164789,1321.0458,1298.00,21.635,1.41,PASA
346880500100041684,-42.787743,-71.164217,1314.5975,1291.89,21.633,1.07,PASA
346880500100041685,-42.787459,-71.163650,1302.4108,1280.23,21.631,0.55,PASA
346880500100041686,-42.787177,-71.163085,1287.601,1265.28,21.628,0.69,PASA
346880500100041687,-42.786895,-71.162522,1270.0552,1248.48,21.626,-0.05,PASA
346880500100041688,-42.786612,-71.161955,1257.2963,1235.36,21.624,0.31,PASA
346880500100041689,-42.786329,-71.161390,1243.339,1222.02,21.622,-0.30,PASA
346880500100041691,-42.785764,-71.160261,1211.8759,1192.55,21.618,-2.29,PASA
346880500100041692,-42.785479,-71.159687,1208.424,1186.39,21.616,0.42,PASA
346880500100041693,-42.785196,-71.159121,1194.275,1172.12,21.614,0.55,PASA
346880500100041694,-42.784913,-71.158557,1178.4933,1160.49,21.612,-3.61,PASA
346880500100041695,-42.784625,-71.157975,1185.3457,1160.90,21.610,2.84,PASA
346880500100041696,-42.784341,-71.157405,1176.0271,1153.71,21.608,0.71,PASA
346880500100041697,-42.784055,-71.156831,1173.0396,1149.90,21.605,1.54,PASA
346880500100041698,-42.783770,-71.156258,1168.3096,1147.84,21.603,-1.13,PASA
346880500100041699,-42.783479,-71.155671,1182.0817,1158.82,21.601,1.66,PASA
346880500100041700,-42.783190,-71.155085,1193.5035,1170.49,21.599,1.41,PASA
346880500100041701,-42.782901,-71.154503,1200.5059,1177.74,21.597,1.17,PASA
346880500100041702,-42.782614,-71.153924,1203.6377,1180.01,21.595,2.04,PASA
346880500100041703,-42.782326,-71.153343,1208.9858,1185.73,21.593,1.66,PASA
346880500100041704,-42.782040,-71.152768,1208.094,1184.10,21.590,2.40,PASA
346880500100041705,-42.781758,-71.152201,1195.1777,1172.18,21.588,1.41,PASA
346880500100041706,-42.781474,-71.151631,1186.8228,1163.64,21.586,1.59,PASA
346880500100041707,-42.781189,-71.151060,1180.8179,1158.00,21.584,1.24,PASA
346880500100041708,-42.780904,-71.150486,1177.2327,1154.60,21.582,1.05,PASA
346880500100041709,-42.780619,-71.149912,1174.5221,1151.97,21.580,0.97,PASA
346880500100041710,-42.780333,-71.149336,1173.455,1148.69,21.578,3.19,PASA
346880500100041711,-42.780052,-71.148775,1154.1843,1131.92,21.575,0.69,PASA
346880500100041712,-42.779771,-71.148211,1137.5216,1117.71,21.573,-1.76,PASA
346880500100041713,-42.778909,-71.146471,1151.6876,1130.09,21.567,0.03,PASA
346880500100041714,-42.778618,-71.145882,1168.1372,1144.93,21.565,1.64,PASA
346880500100041715,-42.778329,-71.145297,1179.8237,1157.33,21.562,0.93,PASA
346880500100041716,-42.778040,-71.144711,1191.4119,1169.88,21.560,-0.03,PASA
346880500100041717,-42.777751,-71.144128,1199.6495,1177.78,21.558,0.31,PASA
346880500100041718,-42.777465,-71.143550,1201.9109,1179.12,21.556,1.23,PASA
346880500100041719,-42.777179,-71.142974,1202.1495,1179.29,21.554,1.31,PASA
346880500100041720,-42.776894,-71.142401,1197.6908,1175.95,21.551,0.18,PASA
346880500100041721,-42.776610,-71.141832,1188.2285,1165.00,21.549,1.68,PASA
346880500100041724,-42.775773,-71.140165,1110.5184,1093.00,21.543,-4.02,PASA
346880500100041729,-42.774328,-71.137248,1156.8705,1136.09,21.532,-0.75,PASA
346880500100041730,-42.774037,-71.136656,1176.3309,1153.30,21.530,1.50,PASA
346880500100041731,-42.773745,-71.136067,1193.7584,1170.04,21.527,2.19,PASA
346880500100041732,-42.773456,-71.135481,1205.4182,1181.79,21.525,2.11,PASA
346880500100041733,-42.773166,-71.134897,1215.8784,1192.67,21.523,1.68,PASA
346880500100041734,-42.772877,-71.134312,1226.9335,1204.14,21.521,1.28,PASA
346880500100041735,-42.772587,-71.133729,1236.7139,1214.70,21.518,0.50,PASA
346880500100041736,-42.772298,-71.133146,1245.0214,1222.67,21.516,0.83,PASA
346880500100041737,-42.772013,-71.132573,1240.9583,1221.69,21.514,-2.24,PASA
346880500100041738,-42.771727,-71.132000,1236.6174,1216.07,21.512,-0.96,PASA
346880500100041739,-42.771444,-71.131433,1225.8612,1206.04,21.510,-1.69,PASA
346880500100041740,-42.771161,-71.130866,1213.8898,1193.73,21.507,-1.34,PASA
346880500100041742,-42.770597,-71.129741,1179.1531,1158.52,21.503,-0.87,PASA
346880500100041743,-42.770315,-71.129178,1162.2076,1141.04,21.501,-0.33,PASA
346880500100041744,-42.770033,-71.128615,1145.2505,1122.99,21.499,0.76,PASA
346880500100041745,-42.769751,-71.128052,1128.158,1106.95,21.497,-0.29,PASA
346880500100041746,-42.769468,-71.127486,1115.3506,1093.56,21.494,0.30,PASA
346880500100041748,-42.768888,-71.126314,1140.9135,1116.21,21.490,3.21,PASA
346880500100041749,-42.768605,-71.125747,1128.6382,1105.66,21.488,1.49,PASA
346880500100041750,-42.768323,-71.125185,1110.7506,1088.04,21.485,1.22,PASA
346880500100041751,-42.768042,-71.124623,1092.7828,1070.90,21.483,0.40,PASA
346880500100041752,-42.767760,-71.124060,1076.0637,1054.34,21.481,0.24,PASA
346880500100041753,-42.767478,-71.123496,1060.3794,1038.02,21.479,0.88,PASA
346880500100041754,-42.767193,-71.122926,1052.8378,1028.03,21.477,3.33,PASA
346880500100041755,-42.766910,-71.122359,1040.568,1017.88,21.475,1.21,PASA
346880500100041756,-42.766628,-71.121795,1024.5912,1002.56,21.473,0.56,PASA
346880500100041757,-42.766346,-71.121231,1009.7069,988.11,21.471,0.13,PASA
346880500100041758,-42.766061,-71.120660,1001.85785,980.00,21.469,0.39,PASA
346880500100041759,-42.765777,-71.120090,993.97174,971.63,21.467,0.88,PASA
346880500100041760,-42.765493,-71.119519,987.38184,965.16,21.465,0.75,PASA
346880500100041761,-42.765207,-71.118945,984.54333,962.71,21.463,0.37,PASA
346880500100041762,-42.764921,-71.118370,983.93243,961.86,21.461,0.61,PASA
346880500100041763,-42.764634,-71.117794,983.0541,960.79,21.459,0.81,PASA
346880500100041764,-42.764348,-71.117219,981.49084,959.59,21.457,0.44,PASA
346880500100041765,-42.764062,-71.116644,980.55145,958.56,21.454,0.54,PASA
346880500100041766,-42.763776,-71.116068,980.0,957.45,21.452,1.09,PASA
346880500100041767,-42.763491,-71.115495,975.5159,954.84,21.450,-0.77,PASA
346880500100041768,-42.763205,-71.114920,974.1593,951.95,21.448,0.76,PASA
346880500100041769,-42.762919,-71.114345,972.85693,950.84,21.446,0.57,PASA
346880500100041770,-42.762633,-71.113770,971.93726,949.83,21.444,0.66,PASA
346880500100041771,-42.762346,-71.113195,970.7961,949.07,21.442,0.29,PASA
346880500100041772,-42.762061,-71.112620,968.79254,947.79,21.440,-0.44,PASA
346880500100041773,-42.761774,-71.112045,967.98486,947.13,21.438,-0.58,PASA
346880500100041774,-42.761488,-71.111470,967.33356,946.47,21.435,-0.57,PASA
346880500100041775,-42.761202,-71.110894,967.49915,946.03,21.433,0.04,PASA
346880500100041776,-42.760915,-71.110318,967.3365,946.25,21.431,-0.34,PASA
346880500100041777,-42.760629,-71.109743,966.3953,945.30,21.429,-0.34,PASA
346880500100041778,-42.760342,-71.109166,967.62256,945.23,21.427,0.97,PASA
346880500100041779,-42.760056,-71.108589,968.3301,945.75,21.425,1.16,PASA
346880500100041780,-42.759770,-71.108015,966.6823,946.01,21.423,-0.75,PASA
346880500100041781,-42.759483,-71.107438,968.6019,945.40,21.421,1.78,PASA
346880500100041782,-42.759197,-71.106865,965.0491,942.81,21.419,0.82,PASA
346880500100041783,-42.758911,-71.106291,963.0702,941.30,21.416,0.36,PASA
346880500100041784,-42.758625,-71.105716,962.13104,940.39,21.414,0.33,PASA
346880500100041785,-42.758339,-71.105140,961.57776,939.51,21.412,0.66,PASA
346880500100041786,-42.758053,-71.104566,959.4877,938.12,21.410,-0.04,PASA
346880500100041787,-42.757766,-71.103990,959.8301,937.79,21.408,0.64,PASA
346880500100041788,-42.757480,-71.103415,959.2068,937.33,21.406,0.47,PASA
346880500100041789,-42.757193,-71.102840,958.7719,937.09,21.404,0.27,PASA
346880500100041790,-42.756907,-71.102265,957.8268,936.02,21.402,0.40,PASA
346880500100041791,-42.756621,-71.101689,958.2569,935.98,21.399,0.88,PASA
346880500100041792,-42.756333,-71.101112,960.2079,937.38,21.397,1.43,PASA
346880500100041793,-42.756047,-71.100536,960.24207,938.16,21.395,0.68,PASA
346880500100041794,-42.755761,-71.099962,958.0828,936.30,21.393,0.39,PASA
346880500100041795,-42.755474,-71.099386,957.8808,936.18,21.391,0.31,PASA
346880500100041796,-42.755187,-71.098809,959.99005,937.63,21.389,0.97,PASA
346880500100041797,-42.754901,-71.098234,958.2858,936.19,21.387,0.71,PASA
346880500100041798,-42.754614,-71.097658,958.9654,936.09,21.384,1.49,PASA
346880500100041799,-42.754329,-71.097085,955.2445,933.63,21.382,0.23,PASA
346880500100041800,-42.754042,-71.096510,955.15326,933.91,21.380,-0.13,PASA
346880500100041801,-42.753755,-71.095932,957.6846,935.53,21.378,0.77,PASA
346880500100041802,-42.753467,-71.095354,960.6137,938.56,21.376,0.67,PASA
346880500100041803,-42.753181,-71.094779,959.72406,938.51,21.374,-0.16,PASA
346880500100041804,-42.752893,-71.094199,965.3076,943.21,21.371,0.72,PASA
346880500100041805,-42.752604,-71.093619,970.4849,945.45,21.369,3.66,PASA
346880500100041806,-42.752319,-71.093046,965.99115,942.81,21.367,1.82,PASA
346880500100041807,-42.752033,-71.092473,962.5636,939.88,21.365,1.32,PASA
346880500100041808,-42.751749,-71.091904,954.6337,933.29,21.363,-0.02,PASA
346880500100041809,-42.751463,-71.091330,952.15686,930.78,21.361,0.02,PASA
346880500100041810,-42.751176,-71.090753,952.9632,932.18,21.359,-0.58,PASA
346880500100041811,-42.750888,-71.090173,958.07434,935.32,21.356,1.39,PASA
346880500100041812,-42.750602,-71.089600,955.3698,933.65,21.354,0.37,PASA
346880500100041813,-42.750315,-71.089025,954.0389,932.76,21.352,-0.07,PASA
346880500100041814,-42.750028,-71.088448,955.64056,934.27,21.350,0.02,PASA
346880500100041815,-42.749740,-71.087868,960.077,938.17,21.348,0.56,PASA
346880500100041816,-42.749454,-71.087296,956.2838,936.07,21.346,-1.14,PASA
346880500100041817,-42.749166,-71.086715,962.1503,940.23,21.343,0.57,PASA
346880500100041818,-42.748879,-71.086139,962.4675,940.79,21.341,0.34,PASA
346880500100041819,-42.748592,-71.085563,962.7294,941.16,21.339,0.23,PASA
346880500100041820,-42.748304,-71.084985,965.33325,943.56,21.337,0.44,PASA
346880500100041821,-42.748017,-71.084408,967.30304,945.53,21.335,0.44,PASA
346880500100041822,-42.747730,-71.083831,968.22784,946.14,21.333,0.75,PASA
346880500100041823,-42.747443,-71.083256,966.958,945.61,21.331,0.02,PASA
346880500100041824,-42.747156,-71.082679,968.78467,946.78,21.329,0.68,PASA
346880500100041825,-42.746867,-71.082098,975.30396,953.40,21.327,0.58,PASA
346880500100041826,-42.746579,-71.081518,980.70764,959.15,21.326,0.23,PASA
346880500100041827,-42.746292,-71.080943,980.288,959.46,21.324,-0.50,PASA
346880500100041828,-42.746003,-71.080360,988.5705,966.61,21.322,0.64,PASA
346880500100041829,-42.745714,-71.079780,993.9685,972.37,21.321,0.28,PASA
346880500100041830,-42.745427,-71.079203,995.7065,975.62,21.319,-1.23,PASA
346880500100041831,-42.745139,-71.078625,998.2742,976.56,21.317,0.40,PASA
346880500100041832,-42.744852,-71.078048,999.61945,978.43,21.316,-0.13,PASA
346880500100041833,-42.744566,-71.077476,994.81744,973.47,21.314,0.03,PASA
346880500100041834,-42.744280,-71.076904,990.3951,968.91,21.312,0.18,PASA
346880500100041835,-42.743994,-71.076328,989.9535,967.30,21.311,1.34,PASA
346880500100041836,-42.743709,-71.075760,980.2409,958.51,21.309,0.42,PASA
346880500100041837,-42.743424,-71.075189,974.3708,950.74,21.307,2.32,PASA
346880500100041838,-42.743139,-71.074621,964.4077,943.16,21.306,-0.06,PASA
346880500100041839,-42.742853,-71.074047,961.76056,940.24,21.304,0.22,PASA
346880500100041840,-42.742566,-71.073472,960.9412,938.95,21.302,0.69,PASA
346880500100041841,-42.742279,-71.072898,958.78906,937.14,21.301,0.35,PASA
346880500100041842,-42.741992,-71.072323,958.2963,935.79,21.299,1.21,PASA
346880500100041844,-42.741419,-71.071175,954.0595,932.49,21.296,0.27,PASA
346880500100041845,-42.741132,-71.070600,953.2538,931.67,21.294,0.29,PASA
346880500100041846,-42.740845,-71.070025,952.6013,930.97,21.292,0.34,PASA
346880500100041847,-42.740559,-71.069451,950.4205,929.58,21.291,-0.45,PASA
346880500100041848,-42.740271,-71.068875,950.01215,928.88,21.289,-0.15,PASA
346880500100041849,-42.739983,-71.068296,954.24713,931.35,21.287,1.61,PASA
346880500100041850,-42.739696,-71.067721,953.67896,931.98,21.286,0.42,PASA
346880500100041851,-42.739408,-71.067144,955.5699,933.92,21.284,0.37,PASA
346880500100041852,-42.739119,-71.066564,961.8223,940.55,21.282,-0.01,PASA
346880500100041853,-42.738831,-71.065985,965.1529,943.62,21.281,0.25,PASA
346880500100041854,-42.738543,-71.065409,966.17694,944.70,21.279,0.20,PASA
346880500100041855,-42.738256,-71.064833,967.1835,945.70,21.277,0.21,PASA
346880500100041856,-42.737968,-71.064256,969.10876,947.59,21.276,0.25,PASA
346880500100041857,-42.737680,-71.063678,971.8553,949.96,21.274,0.62,PASA
346880500100041858,-42.737393,-71.063102,972.2028,949.99,21.272,0.94,PASA
346880500100041859,-42.737107,-71.062531,966.37836,944.91,21.271,0.20,PASA
346880500100041860,-42.736820,-71.061956,965.8132,944.59,21.269,-0.05,PASA
346880500100041861,-42.736532,-71.061378,969.37933,947.75,21.267,0.36,PASA
346880500100041862,-42.736243,-71.060799,973.3444,951.80,21.265,0.28,PASA
346880500100041863,-42.735956,-71.060222,975.9101,954.58,21.264,0.06,PASA
346880500100041864,-42.735668,-71.059645,977.2469,956.51,21.262,-0.53,PASA
346880500100041865,-42.735380,-71.059067,979.88257,959.55,21.260,-0.93,PASA
346880500100041866,-42.735092,-71.058489,984.01086,963.28,21.259,-0.53,PASA
346880500100041867,-42.734804,-71.057910,987.4043,967.35,21.257,-1.20,PASA
346880500100041868,-42.734516,-71.057332,990.6967,970.76,21.255,-1.31,PASA
346880500100041869,-42.734228,-71.056754,994.633,974.06,21.254,-0.68,PASA
346880500100041870,-42.733940,-71.056175,998.9934,977.52,21.252,0.23,PASA
346880500100041871,-42.733651,-71.055595,1004.6466,983.09,21.250,0.31,PASA
346880500100041872,-42.733363,-71.055015,1009.5373,988.42,21.248,-0.13,PASA
346880500100041873,-42.733076,-71.054438,1012.12726,990.77,21.247,0.11,PASA
346880500100041874,-42.732788,-71.053861,1013.39087,992.00,21.245,0.14,PASA
346880500100041875,-42.732502,-71.053286,1012.64264,990.10,21.243,1.30,PASA
346880500100041876,-42.732217,-71.052716,1006.43774,985.59,21.242,-0.39,PASA
346880500100041877,-42.731928,-71.052134,1015.03314,993.33,21.240,0.47,PASA
346880500100041878,-42.731639,-71.051553,1021.13074,1000.06,21.238,-0.16,PASA
346880500100041879,-42.731351,-71.050975,1024.8737,1003.18,21.237,0.46,PASA
346880500100041880,-42.731064,-71.050399,1025.7306,1004.45,21.235,0.05,PASA
346880500100041881,-42.730777,-71.049821,1028.4554,1007.28,21.233,-0.06,PASA
346880500100041882,-42.730490,-71.049244,1030.5774,1009.24,21.231,0.11,PASA
346880500100041883,-42.730202,-71.048668,1031.7911,1009.60,21.230,0.96,PASA
346880500100041884,-42.729917,-71.048095,1028.0688,1007.49,21.228,-0.65,PASA
346880500100041885,-42.729629,-71.047517,1031.9131,1012.66,21.226,-1.98,PASA
346880500100041886,-42.729340,-71.046936,1038.261,1016.85,21.225,0.18,PASA
346880500100041887,-42.729053,-71.046360,1039.6143,1017.69,21.223,0.71,PASA
346880500100041888,-42.728766,-71.045784,1041.0719,1019.20,21.221,0.65,PASA
346880500100041889,-42.728478,-71.045206,1044.5372,1023.36,21.219,-0.04,PASA
346880500100041890,-42.728190,-71.044626,1050.8463,1030.46,21.218,-0.83,PASA
346880500100041894,-42.727028,-71.042286,1101.6377,1079.73,21.211,0.70,PASA
346880500100041895,-42.726740,-71.041708,1105.1276,1082.09,21.209,1.83,PASA
346880500100041896,-42.726455,-71.041138,1098.54,1075.52,21.208,1.81,PASA
346880500100041897,-42.726171,-71.040571,1088.5239,1066.22,21.206,1.10,PASA
346880500100041898,-42.725887,-71.040006,1075.8486,1053.28,21.205,1.36,PASA
346880500100041899,-42.725603,-71.039440,1064.8423,1041.39,21.204,2.24,PASA
346880500100041900,-42.725319,-71.038873,1054.6704,1033.06,21.202,0.41,PASA
346880500100041901,-42.725034,-71.038302,1049.419,1029.39,21.201,-1.17,PASA
346880500100041902,-42.724747,-71.037727,1049.7297,1028.70,21.200,-0.17,PASA
346880500100041903,-42.724459,-71.037152,1049.7512,1026.85,21.198,1.70,PASA
346880500100041904,-42.724175,-71.036584,1040.6958,1020.00,21.197,-0.50,PASA
346880500100041905,-42.723889,-71.036013,1036.2493,1014.30,21.195,0.75,PASA
346880500100041906,-42.723603,-71.035441,1032.8837,1010.56,21.194,1.13,PASA
346880500100041907,-42.723317,-71.034871,1026.1958,1002.42,21.193,2.58,PASA
346880500100041908,-42.723033,-71.034305,1015.2842,994.54,21.191,-0.45,PASA
346880500100041909,-42.722746,-71.033729,1016.33777,994.24,21.190,0.90,PASA
346880500100041910,-42.722460,-71.033158,1011.74176,989.56,21.189,1.00,PASA
346880500100041911,-42.722174,-71.032587,1006.2408,982.81,21.187,2.24,PASA
346880500100041912,-42.721887,-71.032014,1004.2134,981.25,21.186,1.78,PASA
346880500100041913,-42.721602,-71.031445,996.9017,974.95,21.184,0.76,PASA
346880500100041914,-42.721316,-71.030874,992.0066,968.64,21.183,2.19,PASA
346880500100041915,-42.721032,-71.030308,979.7403,958.86,21.182,-0.30,PASA
346880500100041916,-42.720746,-71.029736,975.3657,952.92,21.180,1.26,PASA
346880500100041917,-42.720461,-71.029168,966.69763,944.61,21.179,0.90,PASA
346880500100041918,-42.720175,-71.028597,961.7052,939.62,21.177,0.91,PASA
346880500100041919,-42.719889,-71.028024,958.22705,937.32,21.176,-0.27,PASA
346880500100041920,-42.719601,-71.027447,961.1223,939.32,21.175,0.62,PASA
346880500100041921,-42.719314,-71.026874,958.3631,936.43,21.173,0.76,PASA
346880500100041922,-42.719029,-71.026303,952.1688,929.96,21.172,1.03,PASA
346880600100072204,-42.817831,-71.210824,1494.1852,1472.14,21.693,0.35,PASA
346880600100072205,-42.817545,-71.210249,1492.1506,1468.26,21.693,2.20,PASA
346880600100072206,-42.817263,-71.209681,1479.0337,1454.59,21.694,2.75,PASA
346880600100072207,-42.816980,-71.209112,1467.868,1444.13,21.694,2.05,PASA
346880600100072208,-42.816696,-71.208540,1461.4287,1437.21,21.694,2.52,PASA
346880600100072209,-42.816410,-71.207966,1457.9048,1433.73,21.694,2.48,PASA
346880600100072212,-42.815567,-71.206273,1407.3899,1385.97,21.692,-0.27,PASA
346880600100072213,-42.815281,-71.205696,1406.3555,1383.50,21.691,1.17,PASA
346880600100072214,-42.814997,-71.205125,1398.8727,1375.73,21.690,1.45,PASA
346880600100072215,-42.814716,-71.204560,1383.814,1362.74,21.690,-0.62,PASA
346880600100072226,-42.811621,-71.198348,1213.5594,1191.58,21.682,0.29,PASA
346880600100072238,-42.808201,-71.191459,1182.2832,1160.86,21.672,-0.25,PASA
346880600100072242,-42.807063,-71.189168,1164.4594,1144.01,21.669,-1.22,PASA
346880600100072243,-42.806778,-71.188594,1161.3192,1139.42,21.668,0.23,PASA
346880600100072244,-42.806492,-71.188019,1159.8281,1138.85,21.667,-0.69,PASA
346880600100072245,-42.806206,-71.187440,1163.0854,1140.76,21.666,0.66,PASA
346880600100072246,-42.805922,-71.186871,1153.9398,1133.05,21.665,-0.78,PASA
346880600100072247,-42.805640,-71.186305,1140.3154,1119.99,21.664,-1.34,PASA
346880600100072249,-42.805074,-71.185169,1117.985,1096.03,21.662,0.29,PASA
346880600100072250,-42.804791,-71.184600,1108.8439,1087.95,21.661,-0.76,PASA
346880600100072251,-42.804506,-71.184025,1106.155,1086.06,21.660,-1.57,PASA
346880600100072252,-42.804219,-71.183446,1109.7488,1086.24,21.659,1.85,PASA
346880600100072253,-42.803936,-71.182878,1098.3499,1074.46,21.658,2.23,PASA
346880600100072254,-42.803654,-71.182313,1083.1571,1059.94,21.658,1.56,PASA
346880600100072255,-42.803373,-71.181750,1065.3289,1043.69,21.657,-0.02,PASA
346880600100072256,-42.803086,-71.181171,1069.2689,1046.41,21.656,1.20,PASA
346880600100072257,-42.802798,-71.180591,1073.4718,1051.99,21.655,-0.17,PASA
346880600100072258,-42.802513,-71.180015,1072.4117,1054.27,21.654,-3.51,PASA
346880600100072259,-42.802225,-71.179434,1078.4232,1055.98,21.653,0.79,PASA
346880600100072260,-42.801936,-71.178851,1086.179,1064.36,21.652,0.17,PASA
346880600100072261,-42.801648,-71.178269,1093.372,1071.26,21.651,0.46,PASA
346880600100072262,-42.801361,-71.177690,1096.9319,1073.96,21.650,1.32,PASA
346880600100072263,-42.801076,-71.177116,1093.4658,1070.52,21.648,1.29,PASA
346880600100072264,-42.800793,-71.176546,1084.3754,1063.24,21.647,-0.51,PASA
346880600100072265,-42.800508,-71.175973,1079.7839,1058.25,21.646,-0.11,PASA
346880600100072266,-42.800222,-71.175394,1082.4314,1058.85,21.645,1.94,PASA
346880600100072267,-42.799936,-71.174819,1081.1184,1058.84,21.644,0.64,PASA
346880600100072268,-42.799649,-71.174238,1086.6875,1064.40,21.643,0.64,PASA
346880600100072269,-42.799363,-71.173662,1086.1119,1064.33,21.642,0.14,PASA
346880600100072270,-42.799079,-71.173090,1080.7922,1058.82,21.641,0.33,PASA
346880600100072271,-42.798794,-71.172516,1076.561,1056.81,21.640,-1.89,PASA
346880600100072273,-42.798211,-71.171332,1118.0027,1095.02,21.638,1.34,PASA
346880600100072274,-42.797921,-71.170744,1132.3403,1109.13,21.637,1.57,PASA
346880600100072275,-42.797634,-71.170166,1135.4979,1112.02,21.635,1.84,PASA
346880600100072276,-42.797350,-71.169594,1129.7797,1106.91,21.634,1.23,PASA
346880600100072277,-42.797069,-71.169028,1116.1461,1094.44,21.633,0.08,PASA
346880600100072278,-42.796786,-71.168459,1106.4246,1082.69,21.632,2.10,PASA
346880600100072280,-42.796224,-71.167332,1072.9158,1053.53,21.630,-2.24,PASA
346880600100072283,-42.795344,-71.165544,1149.8749,1127.92,21.625,0.33,PASA
346880600100072287,-42.794177,-71.163174,1234.4054,1210.37,21.619,2.42,PASA
346880600100072288,-42.793886,-71.162585,1251.0011,1227.64,21.617,1.74,PASA
346880600100072289,-42.793598,-71.162004,1257.1056,1233.27,21.615,2.22,PASA
346880600100072290,-42.793312,-71.161428,1255.8501,1233.34,21.613,0.90,PASA
346880600100072291,-42.793026,-71.160852,1255.782,1233.57,21.612,0.60,PASA
346880600100072292,-42.792739,-71.160275,1256.9282,1234.48,21.610,0.84,PASA
346880600100072293,-42.792452,-71.159696,1258.8447,1236.15,21.608,1.08,PASA
346880600100072294,-42.792166,-71.159119,1260.5902,1237.81,21.607,1.18,PASA
346880600100072295,-42.791877,-71.158537,1266.5997,1243.65,21.605,1.34,PASA
346880600100072296,-42.791589,-71.157956,1273.1798,1250.47,21.603,1.11,PASA
346880600100072297,-42.791301,-71.157375,1278.9663,1256.18,21.601,1.18,PASA
346880600100072298,-42.791013,-71.156795,1282.9758,1260.29,21.599,1.08,PASA
346880600100072299,-42.790725,-71.156215,1287.9481,1264.33,21.597,2.02,PASA
346880600100072300,-42.790438,-71.155637,1289.2883,1265.33,21.594,2.36,PASA
346880600100072301,-42.790152,-71.155062,1287.6866,1264.59,21.592,1.50,PASA
346880600100072302,-42.789867,-71.154489,1282.0525,1259.01,21.590,1.45,PASA
346880600100072303,-42.789584,-71.153923,1268.191,1246.46,21.588,0.14,PASA
346880600100072304,-42.789299,-71.153350,1263.1727,1239.90,21.586,1.69,PASA
346880600100072305,-42.789014,-71.152779,1256.1294,1233.12,21.584,1.42,PASA
346880600100072306,-42.788729,-71.152208,1248.9812,1226.69,21.582,0.71,PASA
346880600100072307,-42.788443,-71.151633,1245.7567,1223.24,21.580,0.94,PASA
346880600100072308,-42.788159,-71.151065,1235.2634,1212.31,21.578,1.38,PASA
346880600100072309,-42.787876,-71.150496,1225.0219,1202.07,21.576,1.38,PASA
346880600100072310,-42.787592,-71.149927,1215.3147,1192.60,21.573,1.14,PASA
346880600100072311,-42.787307,-71.149356,1206.7919,1183.82,21.571,1.40,PASA
346880600100072312,-42.787024,-71.148787,1196.8441,1173.52,21.569,1.75,PASA
346880600100072313,-42.786740,-71.148219,1185.8267,1163.32,21.567,0.94,PASA
346880600100072314,-42.786456,-71.147648,1178.1718,1155.19,21.565,1.41,PASA
346880600100072315,-42.786171,-71.147077,1171.6407,1148.63,21.563,1.45,PASA
346880600100072316,-42.785887,-71.146506,1163.8666,1141.11,21.561,1.19,PASA
346880600100072317,-42.785602,-71.145934,1158.5566,1135.70,21.559,1.30,PASA
346880600100072318,-42.785317,-71.145361,1153.9634,1130.72,21.557,1.68,PASA
346880600100072319,-42.785033,-71.144791,1145.1863,1122.37,21.554,1.26,PASA
346880600100072320,-42.784751,-71.144224,1132.1768,1109.80,21.552,0.83,PASA
346880600100072321,-42.784467,-71.143654,1124.2308,1100.64,21.550,2.04,PASA
346880600100072322,-42.784185,-71.143090,1107.1825,1087.59,21.548,-1.95,PASA
346880600100072323,-42.783899,-71.142514,1107.5334,1087.30,21.546,-1.32,PASA
346880600100072324,-42.783616,-71.141945,1097.3827,1078.28,21.544,-2.44,PASA
346880600100072325,-42.783332,-71.141375,1089.3757,1068.52,21.542,-0.69,PASA
346880600100072327,-42.782769,-71.140247,1056.6915,1037.50,21.537,-2.35,PASA
346880600100072337,-42.779888,-71.134432,1125.2063,1099.33,21.515,4.36,PASA
346880600100072342,-42.778483,-71.131622,1032.3466,1011.06,21.505,-0.22,PASA
346880600100072343,-42.778198,-71.131049,1027.7096,1006.00,21.503,0.21,PASA
346880600100072349,-42.776465,-71.127553,1079.5182,1056.25,21.489,1.78,PASA
346880600100072350,-42.776177,-71.126974,1082.4886,1058.78,21.487,2.22,PASA
346880600100072351,-42.775893,-71.126406,1072.7039,1049.93,21.485,1.28,PASA
346880600100072352,-42.775609,-71.125836,1064.7589,1041.79,21.483,1.48,PASA
346880600100072353,-42.775325,-71.125267,1054.6371,1032.36,21.481,0.80,PASA
346880600100072354,-42.775040,-71.124695,1050.421,1027.46,21.478,1.48,PASA
346880600100072355,-42.774756,-71.124126,1040.8174,1018.99,21.476,0.35,PASA
346880600100072356,-42.774472,-71.123556,1032.3193,1009.67,21.474,1.18,PASA
346880600100072357,-42.774187,-71.122987,1023.9938,1001.37,21.472,1.15,PASA
346880600100072358,-42.773903,-71.122417,1015.3625,993.29,21.470,0.60,PASA
346880600100072359,-42.773617,-71.121843,1012.28094,990.11,21.468,0.70,PASA
346880600100072360,-42.773332,-71.121270,1008.2681,986.48,21.466,0.32,PASA
346880600100072361,-42.773046,-71.120696,1006.20624,983.62,21.464,1.12,PASA
346880600100072362,-42.772760,-71.120122,1002.7483,980.52,21.462,0.77,PASA
346880600100072363,-42.772474,-71.119547,1000.88965,978.66,21.460,0.77,PASA
346880600100072364,-42.772186,-71.118967,1006.32275,983.75,21.458,1.11,PASA
346880600100072365,-42.771898,-71.118387,1010.78925,988.15,21.456,1.18,PASA
346880600100072366,-42.771612,-71.117812,1009.7571,987.15,21.454,1.15,PASA
346880600100072367,-42.771326,-71.117237,1008.09064,985.42,21.452,1.22,PASA
346880600100072368,-42.771040,-71.116663,1005.7447,983.55,21.449,0.75,PASA
346880600100072369,-42.770754,-71.116088,1003.05585,980.91,21.447,0.70,PASA
346880600100072370,-42.770468,-71.115514,1000.10913,978.29,21.445,0.37,PASA
346880600100072371,-42.770182,-71.114939,998.6711,976.46,21.443,0.77,PASA
346880600100072372,-42.769897,-71.114368,992.2609,971.27,21.441,-0.45,PASA
346880600100072373,-42.769611,-71.113792,992.42786,971.34,21.439,-0.35,PASA
346880600100072374,-42.769324,-71.113214,994.86597,973.89,21.437,-0.46,PASA
346880600100072375,-42.769036,-71.112633,1000.02704,978.70,21.435,-0.11,PASA
346880600100072376,-42.768747,-71.112052,1007.06165,986.11,21.433,-0.49,PASA
346880600100072377,-42.768457,-71.111465,1020.35925,998.59,21.431,0.34,PASA
346880600100072378,-42.768167,-71.110880,1031.7766,1010.53,21.428,-0.18,PASA
346880600100072379,-42.767880,-71.110303,1033.9176,1013.28,21.426,-0.79,PASA
346880600100072381,-42.767307,-71.109150,1033.7872,1013.28,21.422,-0.92,PASA
346880600100072383,-42.766739,-71.108009,1019.0819,998.36,21.418,-0.70,PASA
346880600100072384,-42.766454,-71.107439,1011.9177,990.97,21.416,-0.47,PASA
346880600100072385,-42.766168,-71.106864,1010.40735,988.14,21.414,0.85,PASA
346880600100072386,-42.765883,-71.106291,1005.5601,984.53,21.412,-0.38,PASA
346880600100072387,-42.765597,-71.105718,1002.6022,981.59,21.410,-0.40,PASA
346880600100072388,-42.765310,-71.105141,1003.98395,982.39,21.407,0.18,PASA
346880600100072389,-42.765024,-71.104565,1003.0297,980.98,21.405,0.65,PASA
346880600100072390,-42.764738,-71.103990,1001.63336,979.14,21.403,1.09,PASA
346880600100072391,-42.764453,-71.103418,996.71405,974.78,21.401,0.53,PASA
346880600100072392,-42.764168,-71.102847,990.34454,969.66,21.399,-0.72,PASA
346880600100072393,-42.763883,-71.102274,987.1926,964.83,21.397,0.97,PASA
346880600100072394,-42.763597,-71.101701,983.7684,961.84,21.395,0.53,PASA
346880600100072395,-42.763311,-71.101126,981.6703,959.91,21.393,0.37,PASA
346880600100072396,-42.763025,-71.100551,980.52203,959.09,21.391,0.05,PASA
346880600100072397,-42.762739,-71.099976,979.6113,958.54,21.389,-0.32,PASA
346880600100072398,-42.762453,-71.099401,979.1121,958.42,21.386,-0.69,PASA
346880600100072399,-42.762164,-71.098821,984.9723,963.28,21.384,0.31,PASA
346880600100072400,-42.761876,-71.098239,993.4579,971.60,21.382,0.48,PASA
346880600100072401,-42.761586,-71.097655,1003.4808,980.07,21.380,2.03,PASA
346880600100072402,-42.761298,-71.097075,1008.8565,984.98,21.378,2.50,PASA
346880600100072403,-42.761013,-71.096504,1003.7136,981.57,21.376,0.77,PASA
346880600100072404,-42.760729,-71.095934,996.48694,974.44,21.374,0.67,PASA
346880600100072405,-42.760443,-71.095362,991.4433,968.79,21.371,1.28,PASA
346880600100072406,-42.760158,-71.094789,987.68396,965.62,21.369,0.70,PASA
346880600100072407,-42.759872,-71.094214,986.74524,964.23,21.367,1.15,PASA
346880600100072408,-42.759587,-71.093643,981.27545,959.57,21.365,0.34,PASA
346880600100072409,-42.759301,-71.093071,976.4243,954.61,21.363,0.45,PASA
346880600100072410,-42.759014,-71.092493,979.30865,956.63,21.361,1.31,PASA
346880600100072411,-42.758725,-71.091911,987.00946,962.84,21.359,2.81,PASA
346880600100072412,-42.758439,-71.091338,983.656,960.83,21.356,1.47,PASA
346880600100072413,-42.758155,-71.090769,974.9574,953.36,21.354,0.24,PASA
346880600100072414,-42.757869,-71.090193,974.2671,951.43,21.352,1.48,PASA
346880600100072415,-42.757583,-71.089621,969.4213,946.91,21.350,1.17,PASA
346880600100072416,-42.757299,-71.089050,963.4406,940.79,21.348,1.30,PASA
346880600100072417,-42.757013,-71.088478,958.07623,935.65,21.346,1.08,PASA
346880600100072418,-42.756728,-71.087906,953.05725,930.87,21.344,0.85,PASA
346880600100072419,-42.756443,-71.087334,948.3417,927.10,21.342,-0.10,PASA
346880600100072420,-42.756157,-71.086760,946.1062,924.92,21.339,-0.15,PASA
346880600100072421,-42.755870,-71.086185,944.84424,922.85,21.337,0.66,PASA
346880600100072422,-42.755585,-71.085613,940.91907,918.65,21.335,0.94,PASA
346880600100072423,-42.755299,-71.085039,938.45685,915.89,21.333,1.23,PASA
346880600100072424,-42.755013,-71.084465,936.258,914.21,21.331,0.72,PASA
346880600100072425,-42.754726,-71.083890,934.9615,913.34,21.329,0.29,PASA
346880600100072426,-42.754439,-71.083314,935.1389,912.78,21.326,1.04,PASA
346880600100072427,-42.754153,-71.082739,933.61334,912.04,21.325,0.25,PASA
346880600100072428,-42.753866,-71.082164,932.943,911.45,21.323,0.17,PASA
346880600100072429,-42.753580,-71.081588,932.4927,910.84,21.321,0.33,PASA
346880600100072430,-42.753293,-71.081013,931.6043,910.05,21.320,0.23,PASA
346880600100072431,-42.753007,-71.080438,930.48883,909.09,21.318,0.08,PASA
346880600100072432,-42.752720,-71.079862,930.3282,908.66,21.316,0.36,PASA
346880600100072433,-42.752433,-71.079287,930.1813,908.33,21.315,0.54,PASA
346880600100072434,-42.752146,-71.078711,929.7962,908.47,21.313,0.01,PASA
346880600100072435,-42.751859,-71.078133,931.8915,910.18,21.311,0.40,PASA
346880600100072436,-42.751571,-71.077555,934.97577,913.77,21.309,-0.10,PASA
346880600100072437,-42.751282,-71.076975,940.6683,919.12,21.308,0.24,PASA
346880600100072438,-42.750995,-71.076396,944.30975,925.95,21.306,-2.95,PASA
346880600100072439,-42.750705,-71.075813,955.0694,933.85,21.304,-0.08,PASA
346880600100072440,-42.750417,-71.075235,956.8854,935.19,21.303,0.39,PASA
346880600100072441,-42.750130,-71.074658,959.2213,937.60,21.301,0.32,PASA
346880600100072442,-42.749842,-71.074080,961.5402,939.31,21.299,0.93,PASA
346880600100072443,-42.749555,-71.073505,961.3057,940.55,21.298,-0.54,PASA
346880600100072444,-42.749267,-71.072927,964.0689,942.11,21.296,0.66,PASA
346880600100072445,-42.748980,-71.072350,964.575,943.14,21.294,0.14,PASA
346880600100072446,-42.748693,-71.071773,966.5929,946.12,21.293,-0.81,PASA
346880600100072447,-42.748404,-71.071192,974.0122,952.26,21.291,0.46,PASA
346880600100072448,-42.748115,-71.070613,977.6233,956.12,21.289,0.21,PASA
346880600100072449,-42.747828,-71.070036,979.7518,956.85,21.288,1.62,PASA
346880600100072450,-42.747542,-71.069462,976.8884,956.06,21.286,-0.46,PASA
346880600100072451,-42.747253,-71.068882,982.5191,961.21,21.284,0.03,PASA
346880600100072452,-42.746964,-71.068301,989.3247,967.36,21.282,0.68,PASA
346880600100072453,-42.746676,-71.067723,991.4799,968.99,21.281,1.21,PASA
346880600100072454,-42.746390,-71.067150,988.6805,966.43,21.279,0.97,PASA
346880600100072455,-42.746104,-71.066579,982.3152,960.59,21.277,0.45,PASA
346880600100072456,-42.745820,-71.066011,971.6031,949.00,21.276,1.33,PASA
346880600100072457,-42.745537,-71.065447,957.1531,934.85,21.274,1.03,PASA
346880600100072458,-42.745252,-71.064877,949.8514,928.06,21.273,0.52,PASA
346880600100072459,-42.744965,-71.064302,948.5269,927.03,21.271,0.22,PASA
346880600100072460,-42.744678,-71.063726,948.1142,926.33,21.269,0.51,PASA
346880600100072461,-42.744391,-71.063151,947.62744,925.48,21.268,0.88,PASA
346880600100072462,-42.744104,-71.062576,946.3666,924.34,21.266,0.76,PASA
346880600100072463,-42.743817,-71.062002,945.02094,922.59,21.264,1.17,PASA
346880600100072464,-42.743532,-71.061431,939.2358,917.82,21.263,0.15,PASA
346880600100072465,-42.743245,-71.060856,937.4982,916.59,21.261,-0.35,PASA
346880600100072466,-42.742958,-71.060281,936.8437,916.66,21.259,-1.07,PASA
346880600100072467,-42.742671,-71.059706,937.0131,916.29,21.257,-0.53,PASA
346880600100072468,-42.742383,-71.059128,939.19006,916.84,21.256,1.09,PASA
346880600100072469,-42.742095,-71.058553,939.2147,917.02,21.254,0.94,PASA
346880600100072470,-42.741808,-71.057978,938.2637,916.40,21.252,0.61,PASA
346880600100072471,-42.741521,-71.057403,937.7535,916.08,21.251,0.42,PASA
346880600100072472,-42.741233,-71.056826,939.6327,918.92,21.249,-0.53,PASA
346880600100072473,-42.740945,-71.056246,944.6171,923.66,21.247,-0.29,PASA
346880600100072474,-42.740656,-71.055666,950.49634,928.74,21.246,0.51,PASA
346880600100072475,-42.740368,-71.055090,951.0482,930.26,21.244,-0.45,PASA
346880600100072476,-42.740080,-71.054512,954.69635,934.69,21.242,-1.23,PASA
346880600100072477,-42.739791,-71.053933,959.52673,938.78,21.241,-0.49,PASA
346880600100072478,-42.739503,-71.053355,963.068,941.45,21.239,0.38,PASA
346880600100072479,-42.739215,-71.052777,966.012,944.48,21.237,0.30,PASA
346880600100072480,-42.738926,-71.052197,971.3071,949.66,21.235,0.41,PASA
346880600100072481,-42.738638,-71.051619,975.582,954.23,21.234,0.11,PASA
346880600100072482,-42.738350,-71.051041,977.9372,954.42,21.232,2.28,PASA
346880600100072483,-42.738066,-71.050474,967.8585,947.70,21.230,-1.07,PASA
346880600100072484,-42.737776,-71.049889,980.1542,958.33,21.229,0.60,PASA
346880600100072485,-42.737488,-71.049311,983.09955,960.45,21.227,1.42,PASA
346880600100072486,-42.737201,-71.048735,982.9376,960.85,21.225,0.86,PASA
346880600100072487,-42.736914,-71.048160,982.39233,960.10,21.224,1.07,PASA
346880600100072488,-42.736629,-71.047590,975.99493,955.01,21.222,-0.23,PASA
346880600100072489,-42.736342,-71.047015,974.51654,955.15,21.220,-1.85,PASA
346880600100072490,-42.736052,-71.046432,985.1268,963.35,21.218,0.56,PASA
346880600100072491,-42.735766,-71.045857,984.0794,963.70,21.217,-0.84,PASA
346880600100072492,-42.735477,-71.045275,992.60223,970.75,21.215,0.64,PASA
346880600100072493,-42.735189,-71.044698,994.0458,972.78,21.213,0.05,PASA
346880600100072494,-42.734902,-71.044122,995.14105,973.22,21.212,0.71,PASA
346880600100072495,-42.734616,-71.043549,991.502,968.86,21.210,1.43,PASA
346880600100072496,-42.734331,-71.042979,984.7832,963.62,21.208,-0.04,PASA
346880600100072497,-42.734042,-71.042397,992.8616,971.92,21.207,-0.26,PASA
346880600100072498,-42.733754,-71.041817,998.8656,977.15,21.205,0.52,PASA
346880600100072499,-42.733467,-71.041242,998.82965,977.71,21.203,-0.09,PASA
346880600100072500,-42.733178,-71.040660,1007.36237,984.67,21.202,1.49,PASA
346880600100072501,-42.732889,-71.040080,1013.6165,990.93,21.201,1.49,PASA
346880600100072502,-42.732603,-71.039506,1010.99493,990.30,21.199,-0.50,PASA
346880600100072503,-42.732317,-71.038933,1008.7315,989.81,21.198,-2.28,PASA
346880600100072504,-42.732029,-71.038353,1014.4916,994.09,21.197,-0.80,PASA
346880600100072505,-42.731741,-71.037776,1016.9738,996.34,21.196,-0.56,PASA
346880600100072506,-42.731453,-71.037198,1020.6008,998.58,21.194,0.82,PASA
346880600100072507,-42.731166,-71.036622,1022.0937,1001.26,21.193,-0.36,PASA
346880600100072508,-42.730876,-71.036040,1031.0238,1010.70,21.192,-0.87,PASA
346880600100072509,-42.730586,-71.035455,1043.9294,1024.20,21.190,-1.46,PASA
346880600100072511,-42.730001,-71.034276,1081.3334,1059.44,21.187,0.71,PASA
346880600100072512,-42.729714,-71.033702,1080.2932,1058.23,21.186,0.88,PASA
346880600100072513,-42.729428,-71.033129,1077.6051,1055.78,21.185,0.64,PASA
346880600100072514,-42.729142,-71.032555,1076.0283,1054.49,21.183,0.36,PASA
346880600100072515,-42.728855,-71.031982,1073.6095,1052.11,21.182,0.32,PASA
346880600100072516,-42.728570,-71.031412,1067.1659,1044.32,21.181,1.67,PASA
346880600100072517,-42.728286,-71.030845,1056.6208,1033.67,21.179,1.77,PASA
346880600100072518,-42.728002,-71.030281,1043.3245,1020.57,21.178,1.57,PASA
346880600100072519,-42.727719,-71.029716,1029.8136,1007.48,21.177,1.16,PASA
346880600100072520,-42.727434,-71.029146,1023.38837,1002.59,21.175,-0.38,PASA
346880600100072521,-42.727147,-71.028571,1023.5598,1000.22,21.174,2.17,PASA
346880600100072522,-42.726863,-71.028005,1012.518,990.29,21.173,1.05,PASA
346880600100072523,-42.726577,-71.027436,1005.10724,984.72,21.171,-0.78,PASA
346880600100072524,-42.726290,-71.026859,1007.6886,987.43,21.170,-0.91,PASA
346880800100042930,-42.826676,-71.212818,1567.6476,1544.60,21.666,1.38,PASA
346880800100042938,-42.824438,-71.208326,1421.1216,1396.18,21.668,3.27,PASA
346880800100042939,-42.824160,-71.207771,1395.0682,1380.66,21.668,-7.26,FUERA_DE_UMBRAL
346880800100042940,-42.823879,-71.207205,1382.711,1366.47,21.667,-5.43,FUERA_DE_UMBRAL
346880800100042941,-42.823597,-71.206639,1368.9379,1351.13,21.667,-3.86,PASA
346880800100042942,-42.823317,-71.206076,1353.0358,1334.47,21.666,-3.10,PASA
346880800100042943,-42.823035,-71.205511,1338.1747,1320.68,21.665,-4.17,PASA
346880800100042944,-42.822753,-71.204942,1328.7736,1306.66,21.665,0.45,PASA
346880800100042945,-42.822470,-71.204373,1319.1294,1293.99,21.664,3.47,PASA
346880800100042946,-42.822189,-71.203809,1303.3871,1284.20,21.664,-2.48,PASA
346880800100042947,-42.821905,-71.203237,1297.6052,1276.78,21.663,-0.83,PASA
346880800100042948,-42.821620,-71.202664,1292.4463,1272.06,21.662,-1.27,PASA
346880800100042949,-42.821334,-71.202086,1294.7866,1273.61,21.662,-0.48,PASA
346880800100042950,-42.821047,-71.201507,1297.1252,1273.77,21.661,1.70,PASA
346880800100042951,-42.820764,-71.200939,1286.1952,1263.26,21.660,1.27,PASA
346880800100042952,-42.820482,-71.200372,1273.823,1250.24,21.660,1.92,PASA
346880800100042953,-42.820202,-71.199808,1257.712,1233.22,21.659,2.83,PASA
346880800100042954,-42.819923,-71.199249,1235.9965,1213.18,21.659,1.16,PASA
346880800100042955,-42.819643,-71.198686,1218.9703,1209.89,21.658,-12.57,FUERA_DE_UMBRAL
346880800100042958,-42.818789,-71.196966,1205.9492,1187.44,21.656,-3.15,PASA
346880800100042970,-42.815376,-71.190083,1159.6154,1137.14,21.647,0.83,PASA
346880800100042971,-42.815092,-71.189511,1153.8351,1130.97,21.646,1.22,PASA
346880800100042972,-42.814808,-71.188940,1147.5422,1125.92,21.645,-0.02,PASA
346880800100042973,-42.814522,-71.188361,1150.0608,1128.56,21.645,-0.14,PASA
346880800100042974,-42.814235,-71.187782,1153.0597,1130.41,21.644,1.00,PASA
346880800100042975,-42.813952,-71.187211,1145.7911,1123.04,21.643,1.11,PASA
346880800100042976,-42.813671,-71.186645,1133.0137,1110.58,21.642,0.80,PASA
346880800100042977,-42.813389,-71.186079,1120.4087,1098.99,21.641,-0.22,PASA
346880800100042978,-42.813102,-71.185499,1123.9856,1100.15,21.641,2.20,PASA
346880800100042979,-42.812814,-71.184916,1132.1412,1107.94,21.640,2.56,PASA
346880800100042980,-42.812528,-71.184339,1132.8512,1109.27,21.639,1.95,PASA
346880800100042985,-42.811077,-71.181404,1196.3909,1170.20,21.634,4.55,PASA
346880800100042986,-42.810793,-71.180833,1188.4867,1165.59,21.634,1.26,PASA
346880800100042989,-42.809942,-71.179122,1165.1409,1142.78,21.631,0.73,PASA
346880800100042990,-42.809658,-71.178550,1159.4742,1137.87,21.630,-0.03,PASA
346880800100042991,-42.809371,-71.177972,1160.7723,1138.31,21.629,0.84,PASA
346880800100042992,-42.809083,-71.177392,1164.2284,1142.21,21.628,0.39,PASA
346880800100042993,-42.808793,-71.176806,1174.9891,1151.45,21.627,1.91,PASA
346880800100042994,-42.808504,-71.176224,1181.749,1159.47,21.626,0.66,PASA
346880800100042995,-42.808214,-71.175638,1192.955,1168.98,21.625,2.35,PASA
346880800100042996,-42.807929,-71.175065,1187.4315,1165.15,21.624,0.66,PASA
346880800100042997,-42.807646,-71.174498,1175.9373,1153.23,21.623,1.08,PASA
346880800100042998,-42.807362,-71.173927,1168.2354,1148.61,21.622,-2.00,PASA
346880800100043004,-42.805664,-71.170518,1103.751,1081.34,21.617,0.79,PASA
346880800100043005,-42.805380,-71.169949,1093.3684,1070.10,21.616,1.66,PASA
346880800100043006,-42.805100,-71.169387,1075.5029,1053.28,21.615,0.61,PASA
346880800100043007,-42.804816,-71.168818,1066.1315,1045.31,21.613,-0.79,PASA
346880800100043008,-42.804529,-71.168239,1068.0033,1043.35,21.612,3.04,PASA
346880800100043009,-42.804245,-71.167668,1060.3423,1036.22,21.611,2.51,PASA
346880800100043012,-42.803407,-71.165988,998.2375,977.77,21.608,-1.14,PASA
346880800100043013,-42.803120,-71.165410,1000.396,979.91,21.606,-1.12,PASA
346880800100043014,-42.802828,-71.164818,1018.82574,994.80,21.605,2.42,PASA
346880800100043015,-42.802544,-71.164248,1011.07025,988.58,21.603,0.89,PASA
346880800100043017,-42.801968,-71.163082,1025.1523,1004.91,21.600,-1.36,PASA
346880800100043018,-42.801679,-71.162499,1033.086,1013.45,21.598,-1.96,PASA
346880800100043023,-42.800228,-71.159562,1098.4135,1075.89,21.590,0.93,PASA
346880800100043024,-42.799936,-71.158972,1114.9902,1090.93,21.589,2.47,PASA
346880800100043025,-42.799648,-71.158390,1121.1244,1100.78,21.587,-1.25,PASA
346880800100043027,-42.799066,-71.157211,1152.7545,1133.15,21.584,-1.98,PASA
346880800100043028,-42.798777,-71.156627,1162.639,1143.45,21.582,-2.39,PASA
346880800100043029,-42.798486,-71.156038,1177.5516,1158.25,21.580,-2.28,PASA
346880800100043030,-42.798194,-71.155446,1195.9886,1173.74,21.578,0.67,PASA
346880800100043031,-42.797905,-71.154861,1206.1974,1183.83,21.577,0.79,PASA
346880800100043032,-42.797615,-71.154276,1217.3976,1195.04,21.575,0.78,PASA
346880800100043033,-42.797325,-71.153690,1229.2762,1206.80,21.573,0.91,PASA
346880800100043034,-42.797036,-71.153106,1238.2086,1215.93,21.572,0.70,PASA
346880800100043035,-42.796749,-71.152527,1240.9772,1219.72,21.570,-0.31,PASA
346880800100043036,-42.796461,-71.151948,1244.4475,1222.39,21.568,0.49,PASA
346880800100043037,-42.796176,-71.151374,1241.2438,1220.03,21.566,-0.36,PASA
346880800100043038,-42.795892,-71.150804,1233.0029,1211.66,21.565,-0.22,PASA
346880800100043039,-42.795609,-71.150234,1225.0612,1203.53,21.563,-0.04,PASA
346880800100043040,-42.795324,-71.149662,1220.2911,1199.00,21.561,-0.27,PASA
346880800100043041,-42.795039,-71.149088,1216.8453,1195.17,21.560,0.11,PASA
346880800100043042,-42.794753,-71.148513,1214.7498,1192.66,21.558,0.53,PASA
346880800100043043,-42.794468,-71.147940,1210.663,1189.30,21.556,-0.20,PASA
346880800100043044,-42.794183,-71.147367,1206.9637,1185.31,21.554,0.10,PASA
346880800100043045,-42.793897,-71.146793,1204.5636,1183.66,21.552,-0.65,PASA
346880800100043046,-42.793610,-71.146216,1204.5084,1184.71,21.551,-1.75,PASA
346880800100043047,-42.793324,-71.145639,1205.208,1185.43,21.549,-1.77,PASA
346880800100043048,-42.793039,-71.145067,1200.9855,1182.20,21.547,-2.76,PASA
346880800100043050,-42.792474,-71.143934,1175.8845,1162.47,21.544,-8.13,FUERA_DE_UMBRAL
346880800100043051,-42.792189,-71.143362,1171.133,1152.73,21.542,-3.13,PASA
346880800100043052,-42.791904,-71.142789,1166.5164,1147.85,21.540,-2.87,PASA
346880800100043053,-42.791619,-71.142218,1159.5836,1141.61,21.538,-3.57,PASA
346880800100043054,-42.791334,-71.141644,1156.9768,1138.87,21.536,-3.43,PASA
346880800100043055,-42.791043,-71.141059,1168.1008,1143.77,21.534,2.80,PASA
346880800100043056,-42.790761,-71.140491,1157.0009,1139.09,21.532,-3.62,PASA
346880800100043057,-42.790480,-71.139930,1139.0204,1118.65,21.530,-1.16,PASA
346880800100043058,-42.790199,-71.139366,1122.7494,1104.11,21.527,-2.89,PASA
346880800100043059,-42.789907,-71.138778,1137.3816,1111.61,21.525,4.24,PASA
346880800100043060,-42.789622,-71.138205,1133.4222,1110.16,21.523,1.74,PASA
346880800100043061,-42.789335,-71.137627,1135.6719,1111.38,21.521,2.77,PASA
346880800100043062,-42.789048,-71.137049,1137.1837,1113.06,21.519,2.61,PASA
346880800100043063,-42.788763,-71.136476,1133.1578,1110.36,21.517,1.28,PASA
346880800100043064,-42.788477,-71.135901,1131.4355,1108.33,21.515,1.59,PASA
346880800100043065,-42.788193,-71.135329,1125.1968,1101.97,21.512,1.72,PASA
346880800100043066,-42.787909,-71.134759,1117.7059,1095.10,21.510,1.10,PASA
346880800100043067,-42.787626,-71.134191,1107.276,1085.57,21.508,0.20,PASA
346880800100043068,-42.787342,-71.133620,1099.7994,1077.69,21.506,0.61,PASA
346880800100043069,-42.787057,-71.133049,1093.7863,1071.52,21.504,0.76,PASA
346880800100043070,-42.786772,-71.132476,1089.4054,1066.84,21.502,1.06,PASA
346880800100043071,-42.786488,-71.131904,1082.7915,1058.57,21.500,2.72,PASA
346880800100043077,-42.784810,-71.128544,961.65375,941.82,21.487,-1.65,PASA
346880800100043078,-42.784524,-71.127969,959.7537,940.68,21.485,-2.41,PASA
346880800100043081,-42.783650,-71.126202,1006.89307,983.71,21.478,1.71,PASA
346880800100043082,-42.783365,-71.125631,1000.4862,976.73,21.476,2.28,PASA
346880800100043083,-42.783085,-71.125069,983.31006,960.41,21.474,1.43,PASA
346880800100043084,-42.782803,-71.124504,969.3607,947.13,21.472,0.76,PASA
346880800100043085,-42.782518,-71.123931,965.1247,942.91,21.470,0.75,PASA
346880800100043086,-42.782232,-71.123356,963.09784,939.66,21.468,1.97,PASA
346880800100043087,-42.781947,-71.122783,959.273,938.50,21.466,-0.69,PASA
346880800100043088,-42.781660,-71.122206,960.7628,938.38,21.464,0.92,PASA
346880800100043089,-42.781374,-71.121631,958.93616,937.50,21.462,-0.02,PASA
346880800100043090,-42.781087,-71.121054,960.67883,938.33,21.460,0.89,PASA
346880800100043091,-42.780801,-71.120477,961.27185,939.28,21.457,0.54,PASA
346880800100043092,-42.780514,-71.119900,962.56903,940.91,21.455,0.21,PASA
346880800100043093,-42.780227,-71.119324,963.31256,941.76,21.453,0.10,PASA
346880800100043094,-42.779941,-71.118746,964.7879,943.13,21.451,0.21,PASA
346880800100043095,-42.779653,-71.118168,968.186,946.06,21.449,0.68,PASA
346880800100043096,-42.779365,-71.117589,971.7015,949.53,21.447,0.72,PASA
346880800100043097,-42.779078,-71.117010,975.62933,954.71,21.445,-0.53,PASA
346880800100043098,-42.778787,-71.116424,987.6445,966.67,21.443,-0.47,PASA
346880800100043099,-42.778498,-71.115841,996.3278,974.80,21.441,0.09,PASA
346880800100043100,-42.778209,-71.115260,1003.0442,981.28,21.439,0.32,PASA
346880800100043101,-42.777920,-71.114677,1011.6171,991.56,21.437,-1.38,PASA
346880800100043102,-42.777628,-71.114088,1027.4458,1005.50,21.435,0.51,PASA
346880800100043103,-42.777339,-71.113504,1037.112,1015.32,21.432,0.36,PASA
346880800100043104,-42.777049,-71.112920,1047.6682,1026.43,21.430,-0.19,PASA
346880800100043105,-42.776758,-71.112334,1059.7407,1038.14,21.428,0.17,PASA
346880800100043106,-42.776468,-71.111748,1071.3695,1049.10,21.426,0.85,PASA
346880800100043107,-42.776178,-71.111165,1080.5922,1058.90,21.424,0.27,PASA
346880800100043108,-42.775889,-71.110582,1087.9736,1066.09,21.422,0.46,PASA
346880800100043109,-42.775601,-71.110003,1092.6992,1070.91,21.420,0.37,PASA
346880800100043110,-42.775314,-71.109425,1094.3633,1072.14,21.418,0.81,PASA
346880800100043111,-42.775029,-71.108853,1089.0892,1066.27,21.416,1.41,PASA
346880800100043112,-42.774746,-71.108287,1077.6715,1054.99,21.414,1.27,PASA
346880800100043113,-42.774461,-71.107713,1075.1282,1052.95,21.412,0.76,PASA
346880800100043114,-42.774175,-71.107138,1073.715,1051.97,21.409,0.34,PASA
346880800100043115,-42.773889,-71.106563,1071.3561,1049.69,21.407,0.26,PASA
346880800100043116,-42.773604,-71.105992,1065.0697,1043.28,21.405,0.39,PASA
346880800100043117,-42.773319,-71.105420,1060.1031,1038.40,21.403,0.30,PASA
346880800100043118,-42.773034,-71.104847,1056.8943,1035.42,21.401,0.07,PASA
346880800100043119,-42.772748,-71.104272,1054.7217,1033.16,21.399,0.16,PASA
346880800100043120,-42.772461,-71.103696,1055.0779,1033.59,21.397,0.10,PASA
346880800100043121,-42.772173,-71.103117,1058.3877,1036.38,21.395,0.62,PASA
346880800100043122,-42.771887,-71.102541,1058.664,1036.02,21.393,1.25,PASA
346880800100043123,-42.771602,-71.101969,1053.6205,1031.30,21.391,0.93,PASA
346880800100043124,-42.771317,-71.101399,1045.8966,1023.86,21.389,0.65,PASA
346880800100043125,-42.771033,-71.100828,1039.9222,1018.46,21.386,0.08,PASA
346880800100043126,-42.770746,-71.100252,1039.4465,1017.09,21.384,0.97,PASA
346880800100043127,-42.770460,-71.099677,1037.7722,1015.53,21.382,0.86,PASA
346880800100043128,-42.770174,-71.099102,1035.7488,1013.48,21.380,0.89,PASA
346880800100043130,-42.769602,-71.097953,1031.8855,1010.41,21.376,0.10,PASA
346880800100043131,-42.769314,-71.097375,1034.0869,1011.16,21.374,1.56,PASA
346880800100043132,-42.769029,-71.096804,1028.7346,1006.12,21.372,1.25,PASA
346880800100043133,-42.768744,-71.096232,1023.40466,1001.28,21.370,0.75,PASA
346880800100043134,-42.768458,-71.095658,1020.5428,998.70,21.368,0.48,PASA
346880800100043135,-42.768173,-71.095086,1015.8837,994.09,21.365,0.42,PASA
346880800100043136,-42.767888,-71.094515,1009.50543,988.56,21.363,-0.42,PASA
346880800100043137,-42.767029,-71.092789,1006.417,985.03,21.357,0.03,PASA
346880800100043138,-42.766741,-71.092212,1008.3559,987.36,21.355,-0.36,PASA
346880800100043139,-42.766454,-71.091635,1009.5905,988.42,21.353,-0.18,PASA
346880800100043140,-42.766167,-71.091059,1009.056,988.24,21.351,-0.53,PASA
346880800100043141,-42.765879,-71.090481,1011.14197,989.59,21.348,0.20,PASA
346880800100043142,-42.765592,-71.089903,1013.5634,990.91,21.346,1.31,PASA
346880800100043143,-42.765306,-71.089330,1009.70557,987.80,21.344,0.56,PASA
346880800100043144,-42.765021,-71.088760,1002.35895,980.26,21.342,0.75,PASA
346880800100043145,-42.764737,-71.088192,993.33997,970.92,21.340,1.08,PASA
346880800100043146,-42.764453,-71.087622,985.8398,963.51,21.338,0.99,PASA
346880800100043147,-42.764167,-71.087049,982.48505,960.54,21.336,0.61,PASA
346880800100043148,-42.763880,-71.086474,980.92847,959.81,21.334,-0.22,PASA
346880800100043149,-42.763594,-71.085900,978.72577,959.30,21.332,-1.91,PASA
346880800100043150,-42.763306,-71.085323,979.65515,959.85,21.329,-1.53,PASA
346880800100043151,-42.763017,-71.084741,987.628,964.66,21.327,1.64,PASA
346880800100043152,-42.762729,-71.084164,988.958,967.02,21.325,0.61,PASA
346880800100043153,-42.762441,-71.083585,992.2741,969.72,21.323,1.24,PASA
346880800100043154,-42.762155,-71.083013,987.5242,964.38,21.321,1.82,PASA
346880800100043155,-42.761871,-71.082446,976.65607,954.37,21.319,0.96,PASA
346880800100043156,-42.761587,-71.081878,967.5984,944.94,21.318,1.34,PASA
346880800100043157,-42.761302,-71.081308,960.19635,938.18,21.316,0.70,PASA
346880800100043158,-42.761016,-71.080734,957.41907,935.84,21.314,0.26,PASA
346880800100043159,-42.760729,-71.080160,955.86163,934.83,21.313,-0.28,PASA
346880800100043160,-42.760443,-71.079585,954.56024,933.61,21.311,-0.36,PASA
346880800100043161,-42.760154,-71.079007,957.28613,935.72,21.309,0.26,PASA
346880800100043162,-42.759867,-71.078431,957.5047,934.92,21.308,1.28,PASA
346880800100043163,-42.759581,-71.077859,952.7718,931.20,21.306,0.26,PASA
346880800100043164,-42.759295,-71.077286,949.87787,928.93,21.304,-0.35,PASA
346880800100043165,-42.759008,-71.076711,948.9601,928.22,21.303,-0.56,PASA
346880800100043166,-42.758721,-71.076134,950.2279,929.53,21.301,-0.60,PASA
346880800100043167,-42.758430,-71.075550,960.4763,938.01,21.299,1.16,PASA
346880800100043168,-42.758145,-71.074979,954.25244,933.92,21.298,-0.96,PASA
346880800100043169,-42.757858,-71.074405,952.0463,931.41,21.296,-0.66,PASA
346880800100043170,-42.757573,-71.073834,946.6988,925.37,21.294,0.04,PASA
346880800100043171,-42.757288,-71.073264,939.1768,917.08,21.293,0.81,PASA
346880800100043172,-42.757004,-71.072694,932.0705,910.64,21.291,0.14,PASA
346880800100043173,-42.756718,-71.072121,928.9873,906.83,21.289,0.87,PASA
346880800100043174,-42.756432,-71.071550,923.87683,901.99,21.288,0.60,PASA
346880800100043175,-42.756146,-71.070976,921.3524,899.81,21.286,0.26,PASA
346880800100043176,-42.755859,-71.070401,920.3161,898.96,21.284,0.07,PASA
346880800100043177,-42.755573,-71.069826,919.93896,898.47,21.282,0.19,PASA
346880800100043178,-42.755286,-71.069250,919.8922,897.97,21.281,0.64,PASA
346880800100043179,-42.754999,-71.068674,919.61127,897.43,21.279,0.90,PASA
346880800100043180,-42.754712,-71.068099,918.3793,896.80,21.277,0.30,PASA
346880800100043181,-42.754426,-71.067524,918.3417,896.22,21.276,0.85,PASA
346880800100043182,-42.754139,-71.066949,917.41095,895.56,21.274,0.57,PASA
346880800100043183,-42.753852,-71.066373,917.0635,895.05,21.272,0.74,PASA
346880800100043184,-42.753566,-71.065798,916.30585,894.31,21.270,0.73,PASA
346880800100043185,-42.753280,-71.065224,914.37225,893.13,21.269,-0.03,PASA
346880800100043186,-42.752993,-71.064649,913.3095,892.36,21.267,-0.31,PASA
346880800100043187,-42.752707,-71.064073,913.3625,892.05,21.265,0.05,PASA
346880800100043188,-42.752420,-71.063497,913.8805,891.99,21.264,0.63,PASA
346880800100043189,-42.752133,-71.062921,913.35266,891.68,21.262,0.41,PASA
346880800100043190,-42.751847,-71.062345,913.2999,891.49,21.260,0.55,PASA
346880800100043191,-42.751560,-71.061770,913.38336,891.63,21.258,0.49,PASA
346880800100043192,-42.751273,-71.061193,914.025,894.85,21.257,-2.08,PASA
346880800100043193,-42.750982,-71.060608,926.46735,906.05,21.255,-0.83,PASA
346880800100043194,-42.750692,-71.060022,938.3733,915.96,21.253,1.16,PASA
346880800100043195,-42.750405,-71.059445,939.7097,917.87,21.251,0.59,PASA
346880800100043196,-42.750118,-71.058870,939.723,918.54,21.250,-0.06,PASA
346880800100043197,-42.749831,-71.058293,940.568,919.00,21.248,0.32,PASA
346880800100043198,-42.749544,-71.057718,940.87103,919.56,21.246,0.06,PASA
346880800100043199,-42.749256,-71.057139,944.9459,924.49,21.245,-0.79,PASA
346880800100043200,-42.748967,-71.056557,952.8794,930.79,21.243,0.85,PASA
346880800100043201,-42.748680,-71.055980,954.52264,933.39,21.241,-0.11,PASA
346880800100043202,-42.748391,-71.055401,958.5993,936.89,21.240,0.47,PASA
346880800100043203,-42.748104,-71.054825,959.10406,937.81,21.238,0.05,PASA
346880800100043204,-42.747817,-71.054248,961.9528,939.92,21.236,0.80,PASA
346880800100043205,-42.747530,-71.053673,960.7805,938.86,21.234,0.69,PASA
346880800100043206,-42.747246,-71.053105,951.9663,929.62,21.233,1.11,PASA
346880800100043207,-42.746961,-71.052535,945.4407,923.92,21.231,0.29,PASA
346880800100043208,-42.746677,-71.051966,938.47845,916.36,21.230,0.89,PASA
346880800100043209,-42.746392,-71.051396,931.6991,909.32,21.228,1.15,PASA
346880800100043210,-42.746106,-71.050823,928.98627,907.59,21.226,0.17,PASA
346880800100043211,-42.745820,-71.050249,927.51715,906.16,21.224,0.13,PASA
346880800100043212,-42.745533,-71.049675,926.0099,904.72,21.223,0.06,PASA
346880800100043213,-42.745246,-71.049100,925.2073,903.00,21.221,0.98,PASA
346880800100043214,-42.744961,-71.048529,920.9851,900.12,21.219,-0.36,PASA
346880800100043215,-42.744674,-71.047954,920.3948,899.33,21.218,-0.16,PASA
346880800100043216,-42.744387,-71.047380,918.7529,898.34,21.216,-0.80,PASA
346880800100043217,-42.744100,-71.046804,920.0071,898.86,21.214,-0.07,PASA
346880800100043218,-42.743811,-71.046225,924.3322,903.89,21.213,-0.77,PASA
346880800100043219,-42.743523,-71.045647,928.05853,906.54,21.211,0.31,PASA
346880800100043220,-42.743234,-71.045069,931.96075,912.32,21.209,-1.57,PASA
346880800100043221,-42.742945,-71.044488,939.41473,917.93,21.208,0.27,PASA
346880800100043222,-42.742658,-71.043913,939.1987,918.48,21.206,-0.49,PASA
346880800100043223,-42.742369,-71.043333,944.2601,922.55,21.204,0.50,PASA
346880800100043224,-42.742080,-71.042755,947.883,926.12,21.203,0.56,PASA
346880800100043225,-42.741792,-71.042177,951.19086,930.92,21.201,-0.93,PASA
346880800100043226,-42.741502,-71.041595,959.3443,936.48,21.199,1.67,PASA
346880800100043227,-42.741216,-71.041021,956.92975,936.72,21.198,-0.99,PASA
346880800100043228,-42.740927,-71.040443,960.525,939.88,21.197,-0.55,PASA
346880800100043229,-42.740639,-71.039866,962.14685,941.59,21.195,-0.63,PASA
346880800100043230,-42.740351,-71.039289,964.0647,942.57,21.194,0.30,PASA
346880800100043231,-42.740064,-71.038713,963.9386,941.86,21.193,0.89,PASA
346880800100043232,-42.739778,-71.038140,961.5764,940.80,21.192,-0.42,PASA
346880800100043233,-42.739489,-71.037561,965.1989,944.18,21.190,-0.17,PASA
346880800100043234,-42.739201,-71.036984,967.6716,946.65,21.189,-0.16,PASA
346880800100043235,-42.738912,-71.036404,972.55304,952.07,21.188,-0.71,PASA
346880800100043236,-42.738624,-71.035826,975.48944,954.34,21.186,-0.04,PASA
346880800100043237,-42.738337,-71.035251,974.84686,954.04,21.185,-0.38,PASA
346880800100043238,-42.738050,-71.034674,976.08026,955.23,21.184,-0.34,PASA
346880800100043239,-42.737761,-71.034095,980.17474,962.11,21.183,-3.12,PASA
346880800100043240,-42.737470,-71.033510,992.5526,971.45,21.181,-0.08,PASA
346880800100043241,-42.737181,-71.032930,997.521,974.67,21.180,1.67,PASA
346880800100043242,-42.736895,-71.032356,995.35016,973.96,21.179,0.21,PASA
346880800100043243,-42.736607,-71.031781,995.4969,974.97,21.177,-0.65,PASA
346880800100043244,-42.736318,-71.031201,1001.18616,979.89,21.176,0.12,PASA
346880800100043245,-42.736031,-71.030625,1001.83984,980.16,21.175,0.51,PASA
346880800100043246,-42.735745,-71.030051,999.47144,979.46,21.173,-1.16,PASA
346880800100043247,-42.735457,-71.029473,1002.37213,981.74,21.172,-0.54,PASA
346880800100043248,-42.735168,-71.028893,1008.4267,987.41,21.171,-0.15,PASA
346880800100043249,-42.734878,-71.028311,1016.83466,995.77,21.169,-0.11,PASA
346880800100043250,-42.734588,-71.027728,1026.7302,1008.05,21.168,-2.49,PASA
346881100100041489,-42.833547,-71.212823,1381.263,1365.62,21.642,-6.00,FUERA_DE_UMBRAL
346881100100041490,-42.833267,-71.212261,1362.2035,1351.60,21.643,-11.04,FUERA_DE_UMBRAL
346881100100041494,-42.832120,-71.209945,1374.8462,1357.27,21.644,-4.06,PASA
346881100100041495,-42.831837,-71.209374,1368.6108,1352.55,21.645,-5.59,FUERA_DE_UMBRAL
346881100100041496,-42.831551,-71.208797,1369.4949,1349.25,21.645,-1.40,PASA
346881100100041497,-42.831266,-71.208222,1368.49,1349.73,21.645,-2.89,PASA
346881100100041498,-42.830978,-71.207639,1375.9082,1348.33,21.645,5.93,FUERA_DE_UMBRAL
346881100100041499,-42.830697,-71.207075,1361.0205,1342.23,21.644,-2.86,PASA
346881100100041502,-42.829833,-71.205329,1383.2936,1359.60,21.643,2.06,PASA
346881100100041510,-42.827585,-71.200809,1268.9255,1245.05,21.639,2.23,PASA
346881100100041511,-42.827302,-71.200239,1260.8986,1236.91,21.638,2.35,PASA
346881100100041549,-42.816518,-71.178511,1025.4689,999.64,21.612,4.22,PASA
346881100100041550,-42.816239,-71.177950,1005.3701,981.61,21.611,2.15,PASA
346881100100041551,-42.815957,-71.177383,993.39575,970.24,21.610,1.54,PASA
346881100100041552,-42.815673,-71.176811,988.17584,966.41,21.609,0.16,PASA
346881100100041553,-42.815387,-71.176234,987.8441,965.92,21.608,0.32,PASA
346881100100041554,-42.815102,-71.175660,985.1324,964.50,21.607,-0.98,PASA
346881100100041555,-42.814817,-71.175085,982.5397,962.40,21.606,-1.46,PASA
346881100100041556,-42.814532,-71.174510,980.31146,960.50,21.606,-1.80,PASA
346881100100041557,-42.814245,-71.173933,981.3128,962.29,21.605,-2.58,PASA
346881100100041566,-42.811644,-71.168685,1052.0878,1028.24,21.596,2.25,PASA
346881100100041567,-42.811353,-71.168099,1063.5709,1040.30,21.595,1.68,PASA
346881100100041568,-42.811066,-71.167521,1064.9241,1042.76,21.594,0.57,PASA
346881100100041573,-42.809607,-71.164574,1142.8225,1117.09,21.588,4.15,PASA
346881100100041583,-42.806799,-71.158941,971.37103,950.50,21.573,-0.70,PASA
346881100100041585,-42.806216,-71.157762,1003.0325,980.66,21.570,0.80,PASA
346881100100041587,-42.805632,-71.156582,1036.4069,1018.08,21.567,-3.24,PASA
346881100100041588,-42.805339,-71.155989,1056.8164,1035.67,21.565,-0.41,PASA
346881100100041589,-42.805048,-71.155401,1071.6427,1049.20,21.563,0.88,PASA
346881100100041590,-42.804760,-71.154819,1077.7349,1057.91,21.562,-1.73,PASA
346881100100041591,-42.804468,-71.154229,1094.3774,1072.71,21.560,0.11,PASA
346881100100041592,-42.804175,-71.153637,1113.4929,1091.39,21.559,0.55,PASA
346881100100041593,-42.803884,-71.153048,1128.5759,1107.79,21.557,-0.77,PASA
346881100100041594,-42.803593,-71.152459,1144.3927,1122.04,21.555,0.80,PASA
346881100100041598,-42.802424,-71.150093,1218.9385,1196.69,21.549,0.70,PASA
346881100100041599,-42.802134,-71.149507,1230.346,1207.87,21.547,0.93,PASA
346881100100041600,-42.801847,-71.148927,1234.2787,1210.86,21.545,1.87,PASA
346881100100041601,-42.801562,-71.148354,1229.6255,1208.01,21.544,0.07,PASA
346881100100041602,-42.801280,-71.147787,1218.5021,1196.60,21.542,0.36,PASA
346881100100041603,-42.800997,-71.147218,1209.0425,1186.52,21.540,0.98,PASA
346881100100041604,-42.800712,-71.146643,1206.5825,1184.42,21.539,0.62,PASA
346881100100041605,-42.800427,-71.146070,1202.1,1180.46,21.537,0.11,PASA
346881100100041606,-42.800140,-71.145492,1203.6537,1178.76,21.535,3.36,PASA
346881100100041607,-42.799855,-71.144916,1202.8789,1179.60,21.533,1.74,PASA
346881100100041608,-42.799570,-71.144344,1197.8473,1175.59,21.532,0.73,PASA
346881100100041609,-42.799288,-71.143777,1185.6858,1165.13,21.530,-0.98,PASA
346881100100041610,-42.799006,-71.143212,1171.872,1151.43,21.528,-1.09,PASA
346881100100041611,-42.798723,-71.142644,1161.3785,1141.82,21.527,-1.97,PASA
346881100100041612,-42.798439,-71.142073,1154.1675,1134.54,21.525,-1.90,PASA
346881100100041613,-42.798154,-71.141498,1152.4509,1132.63,21.523,-1.70,PASA
346881100100041614,-42.797869,-71.140926,1146.2505,1125.53,21.521,-0.80,PASA
346881100100041616,-42.797307,-71.139799,1113.9451,1094.84,21.518,-2.41,PASA
346881100100041617,-42.797024,-71.139231,1104.1183,1087.42,21.516,-4.82,PASA
346881100100041620,-42.796158,-71.137487,1122.6464,1098.35,21.511,2.79,PASA
346881100100041621,-42.795873,-71.136913,1119.2214,1095.53,21.509,2.18,PASA
346881100100041622,-42.795588,-71.136342,1112.8029,1090.09,21.507,1.21,PASA
346881100100041623,-42.795304,-71.135771,1106.0087,1083.12,21.505,1.38,PASA
346881100100041624,-42.795018,-71.135198,1102.5065,1079.71,21.503,1.29,PASA
346881100100041625,-42.794734,-71.134627,1095.6915,1073.46,21.502,0.73,PASA
346881100100041626,-42.794450,-71.134056,1088.9719,1065.03,21.500,2.45,PASA
346881100100041627,-42.794164,-71.133481,1086.3824,1065.21,21.498,-0.33,PASA
346881100100041628,-42.793875,-71.132898,1094.8223,1071.42,21.496,1.91,PASA
346881100100041639,-42.790759,-71.126642,987.89954,964.85,21.474,1.57,PASA
346881100100041640,-42.790477,-71.126076,975.27563,952.25,21.472,1.55,PASA
346881100100041641,-42.790195,-71.125509,962.2855,939.51,21.470,1.30,PASA
346881100100041642,-42.789911,-71.124940,953.2331,930.97,21.468,0.79,PASA
346881100100041643,-42.789626,-71.124366,950.64435,927.39,21.466,1.78,PASA
346881100100041644,-42.789341,-71.123794,944.82544,922.57,21.464,0.79,PASA
346881100100041645,-42.789057,-71.123222,938.9891,916.60,21.462,0.93,PASA
346881100100041646,-42.788774,-71.122653,929.4568,909.91,21.460,-1.91,PASA
346881100100041647,-42.788486,-71.122074,932.74896,910.60,21.458,0.69,PASA
346881100100041648,-42.788200,-71.121499,930.721,909.53,21.456,-0.26,PASA
346881100100041649,-42.787914,-71.120922,931.4113,909.02,21.454,0.94,PASA
346881100100041650,-42.787628,-71.120348,928.74603,911.86,21.452,-4.57,PASA
346881100100041651,-42.787338,-71.119762,940.4378,920.26,21.450,-1.27,PASA
346881100100041652,-42.787046,-71.119173,956.1551,935.75,21.448,-1.04,PASA
346881100100041654,-42.786462,-71.117995,988.86426,967.52,21.444,-0.10,PASA
346881100100041655,-42.786173,-71.117411,998.017,976.31,21.441,0.26,PASA
346881100100041656,-42.785882,-71.116824,1011.5204,989.33,21.439,0.75,PASA
346881100100041657,-42.785589,-71.116232,1031.1744,1006.85,21.437,2.89,PASA
346881100100041658,-42.785298,-71.115647,1043.0122,1021.14,21.435,0.44,PASA
346881100100041659,-42.785008,-71.115061,1055.6216,1033.26,21.433,0.93,PASA
346881100100041661,-42.783838,-71.112700,1126.749,1103.91,21.425,1.41,PASA
346881100100041662,-42.783553,-71.112128,1122.0199,1100.41,21.423,0.19,PASA
346881100100041663,-42.783268,-71.111555,1117.5969,1095.64,21.421,0.53,PASA
346881100100041664,-42.782983,-71.110981,1114.5924,1092.10,21.419,1.07,PASA
346881100100041665,-42.782697,-71.110407,1112.8248,1090.21,21.416,1.20,PASA
346881100100041666,-42.782412,-71.109834,1109.3923,1087.54,21.414,0.43,PASA
346881100100041667,-42.782126,-71.109261,1105.6464,1084.33,21.412,-0.09,PASA
346881100100041668,-42.781840,-71.108684,1106.225,1085.33,21.410,-0.51,PASA
346881100100041669,-42.781553,-71.108107,1108.0045,1085.80,21.408,0.80,PASA
346881100100041670,-42.781267,-71.107534,1104.3538,1082.26,21.406,0.69,PASA
346881100100041671,-42.780982,-71.106961,1100.3861,1079.43,21.404,-0.44,PASA
346881100100041672,-42.780696,-71.106386,1099.3114,1077.05,21.402,0.86,PASA
346881100100041673,-42.780410,-71.105812,1097.5135,1076.04,21.400,0.07,PASA
346881100100041674,-42.780125,-71.105239,1092.9844,1071.51,21.398,0.08,PASA
346881100100041675,-42.779841,-71.104668,1086.6061,1064.28,21.396,0.93,PASA
346881100100041676,-42.779556,-71.104097,1080.7504,1059.33,21.394,0.03,PASA
346881100100041677,-42.779270,-71.103521,1079.8405,1058.34,21.392,0.11,PASA
346881100100041678,-42.778983,-71.102945,1079.8396,1058.14,21.390,0.31,PASA
346881100100041679,-42.778696,-71.102367,1082.794,1058.83,21.388,2.58,PASA
346881100100041680,-42.778410,-71.101794,1078.8278,1055.77,21.385,1.68,PASA
346881100100041681,-42.778126,-71.101223,1071.9528,1050.62,21.383,-0.05,PASA
346881100100041682,-42.777841,-71.100651,1067.9808,1046.05,21.381,0.55,PASA
346881100100041683,-42.777556,-71.100079,1062.7368,1040.80,21.379,0.56,PASA
346881100100041684,-42.777271,-71.099505,1059.2139,1038.02,21.377,-0.18,PASA
346881100100041685,-42.776984,-71.098930,1058.1467,1037.21,21.375,-0.44,PASA
346881100100041686,-42.776697,-71.098353,1059.6552,1037.73,21.373,0.56,PASA
346881100100041687,-42.776409,-71.097773,1063.9768,1040.26,21.371,2.34,PASA
346881100100041688,-42.776123,-71.097198,1063.3003,1040.44,21.369,1.49,PASA
346881100100041689,-42.775838,-71.096626,1058.2153,1036.40,21.367,0.45,PASA
346881100100041690,-42.775553,-71.096054,1051.8881,1029.44,21.365,1.08,PASA
346881100100041691,-42.775268,-71.095483,1045.61,1024.26,21.363,-0.02,PASA
346881100100041692,-42.774982,-71.094908,1045.0662,1024.07,21.360,-0.36,PASA
346881100100041693,-42.774695,-71.094331,1045.244,1024.12,21.358,-0.23,PASA
346881100100041694,-42.774408,-71.093754,1046.2222,1024.60,21.356,0.27,PASA
346881100100041695,-42.774121,-71.093177,1047.9095,1025.88,21.354,0.67,PASA
346881100100041696,-42.773834,-71.092601,1048.0587,1024.77,21.352,1.94,PASA
346881100100041697,-42.773550,-71.092030,1040.6455,1019.31,21.350,-0.01,PASA
346881100100041698,-42.773263,-71.091454,1040.8274,1019.41,21.348,0.07,PASA
346881100100041699,-42.772976,-71.090877,1041.5674,1019.37,21.346,0.86,PASA
346881100100041700,-42.772690,-71.090303,1038.7292,1016.95,21.344,0.43,PASA
346881100100041701,-42.772403,-71.089728,1037.7214,1015.65,21.342,0.73,PASA
346881100100041702,-42.772118,-71.089156,1033.0911,1011.70,21.339,0.05,PASA
346881100100041703,-42.771833,-71.088584,1027.6738,1006.17,21.337,0.17,PASA
346881100100041704,-42.771547,-71.088010,1024.9694,1003.50,21.335,0.14,PASA
346881100100041705,-42.771261,-71.087435,1023.98206,1002.75,21.333,-0.10,PASA
346881100100041706,-42.770974,-71.086859,1023.3316,1002.20,21.331,-0.20,PASA
346881100100041707,-42.770688,-71.086284,1022.11176,1001.02,21.329,-0.24,PASA
346881100100041708,-42.770401,-71.085709,1021.35956,1000.14,21.327,-0.10,PASA
346881100100041709,-42.770114,-71.085133,1020.61115,999.78,21.325,-0.50,PASA
346881100100041710,-42.769827,-71.084557,1020.73987,999.93,21.322,-0.51,PASA
346881100100041711,-42.769540,-71.083979,1022.97235,1001.99,21.320,-0.34,PASA
346881100100041712,-42.769252,-71.083402,1024.9784,1004.44,21.318,-0.78,PASA
346881100100041713,-42.768965,-71.082824,1026.5702,1005.91,21.317,-0.65,PASA
346881100100041714,-42.768677,-71.082248,1027.2593,1006.16,21.315,-0.22,PASA
346881100100041715,-42.768390,-71.081671,1028.0645,1007.26,21.313,-0.51,PASA
346881100100041716,-42.768102,-71.081094,1029.8904,1007.81,21.312,0.77,PASA
346881100100041717,-42.767818,-71.080524,1022.11273,999.29,21.310,1.52,PASA
346881100100041718,-42.767534,-71.079954,1013.8144,992.30,21.308,0.21,PASA
346881100100041719,-42.767247,-71.079378,1013.8459,992.44,21.307,0.10,PASA
346881100100041720,-42.766960,-71.078803,1013.2537,991.23,21.305,0.72,PASA
346881100100041721,-42.766674,-71.078231,1008.36017,985.97,21.303,1.09,PASA
346881100100041722,-42.766391,-71.077664,997.18744,975.34,21.302,0.55,PASA
346881100100041723,-42.766108,-71.077097,985.67267,964.14,21.300,0.23,PASA
346881100100041724,-42.765822,-71.076525,980.252,959.13,21.298,-0.18,PASA
346881100100041725,-42.765536,-71.075953,976.45325,954.23,21.297,0.93,PASA
346881100100041726,-42.765250,-71.075379,973.3787,952.58,21.295,-0.49,PASA
346881100100041727,-42.764963,-71.074803,973.57776,952.51,21.293,-0.23,PASA
346881100100041728,-42.764676,-71.074227,973.39404,952.55,21.292,-0.45,PASA
346881100100041729,-42.764388,-71.073651,973.69995,952.63,21.290,-0.22,PASA
346881100100041730,-42.764101,-71.073076,973.37744,952.57,21.288,-0.49,PASA
346881100100041731,-42.763812,-71.072496,978.8923,956.93,21.287,0.67,PASA
346881100100041732,-42.763523,-71.071915,985.69824,963.87,21.285,0.54,PASA
346881100100041733,-42.763235,-71.071337,987.895,966.46,21.283,0.15,PASA
346881100100041734,-42.762947,-71.070760,989.9633,967.95,21.282,0.73,PASA
346881100100041735,-42.762659,-71.070183,990.8883,968.54,21.280,1.07,PASA
346881100100041736,-42.762373,-71.069610,988.2588,967.00,21.278,-0.02,PASA
346881100100041737,-42.762086,-71.069036,985.05963,964.28,21.277,-0.50,PASA
346881100100041738,-42.761800,-71.068463,982.01117,960.54,21.275,0.19,PASA
346881100100041739,-42.761514,-71.067890,978.7612,956.22,21.273,1.26,PASA
346881100100041740,-42.761228,-71.067318,974.58417,952.93,21.272,0.39,PASA
346881100100041741,-42.760941,-71.066743,973.56213,952.31,21.270,-0.02,PASA
346881100100041742,-42.760653,-71.066165,975.8087,952.65,21.268,1.89,PASA
346881100100041743,-42.760368,-71.065595,969.244,945.47,21.267,2.51,PASA
346881100100041744,-42.760085,-71.065029,957.0175,936.85,21.265,-1.10,PASA
346881100100041745,-42.759799,-71.064455,955.2483,934.02,21.263,-0.03,PASA
346881100100041746,-42.759514,-71.063884,948.41327,926.79,21.261,0.36,PASA
346881100100041747,-42.759230,-71.063316,938.3487,917.61,21.260,-0.52,PASA
346881100100041748,-42.758947,-71.062748,928.92584,907.29,21.258,0.38,PASA
346881100100041749,-42.758660,-71.062174,927.1561,905.58,21.256,0.32,PASA
346881100100041750,-42.758373,-71.061597,928.94073,907.09,21.255,0.60,PASA
346881100100041752,-42.757801,-71.060449,923.6993,901.96,21.251,0.49,PASA
346881100100041753,-42.757515,-71.059876,920.31573,898.95,21.250,0.12,PASA
346881100100041754,-42.757229,-71.059303,917.5558,895.84,21.248,0.46,PASA
346881100100041755,-42.756943,-71.058729,914.5635,893.62,21.246,-0.30,PASA
346881100100041756,-42.756658,-71.058159,907.9759,885.71,21.244,1.02,PASA
346881100100041757,-42.756372,-71.057585,905.504,883.83,21.243,0.43,PASA
346881100100041758,-42.756086,-71.057010,904.253,883.11,21.241,-0.10,PASA
346881100100041759,-42.755800,-71.056435,902.7703,882.48,21.239,-0.94,PASA
346881100100041760,-42.755513,-71.055859,902.9327,882.09,21.238,-0.40,PASA
346881100100041761,-42.755226,-71.055284,902.77124,881.83,21.236,-0.29,PASA
346881100100041762,-42.754940,-71.054708,903.0275,881.57,21.234,0.23,PASA
346881100100041763,-42.754653,-71.054131,903.58234,881.73,21.232,0.62,PASA
346881100100041764,-42.754366,-71.053556,903.03436,881.87,21.231,-0.07,PASA
346881100100041765,-42.754079,-71.052980,903.55396,882.04,21.229,0.28,PASA
346881100100041766,-42.753793,-71.052404,903.77405,882.15,21.227,0.40,PASA
346881100100041767,-42.753506,-71.051828,904.3359,883.03,21.225,0.08,PASA
346881100100041768,-42.753217,-71.051248,909.9944,889.56,21.224,-0.79,PASA
346881100100041769,-42.752927,-71.050664,919.7128,899.96,21.222,-1.47,PASA
346881100100041770,-42.752637,-71.050081,930.1207,910.31,21.220,-1.41,PASA
346881100100041771,-42.752346,-71.049497,940.73566,919.54,21.218,-0.02,PASA
346881100100041772,-42.752057,-71.048916,947.64386,926.38,21.217,0.05,PASA
346881100100041773,-42.751769,-71.048336,953.0604,933.95,21.215,-2.10,PASA
346881100100041774,-42.751476,-71.047748,968.5848,946.27,21.213,1.10,PASA
346881100100041775,-42.751188,-71.047169,972.8906,953.26,21.211,-1.58,PASA
346881100100041776,-42.750901,-71.046593,974.066,950.89,21.210,1.97,PASA
346881100100041777,-42.750619,-71.046030,957.71716,936.40,21.208,0.11,PASA
346881100100041778,-42.750335,-71.045460,951.5955,930.14,21.206,0.25,PASA
346881100100041779,-42.750049,-71.044889,946.55286,925.56,21.204,-0.21,PASA
346881100100041780,-42.749763,-71.044316,943.80396,921.27,21.203,1.33,PASA
346881100100041781,-42.749478,-71.043745,937.46423,915.94,21.201,0.32,PASA
346881100100041782,-42.749192,-71.043172,935.00275,913.69,21.199,0.12,PASA
346881100100041783,-42.748906,-71.042599,931.7128,908.22,21.198,2.29,PASA
346881100100041784,-42.748622,-71.042030,924.1499,903.40,21.196,-0.44,PASA
346881100100041785,-42.748337,-71.041461,917.1601,894.79,21.194,1.18,PASA
346881100100041786,-42.748051,-71.040888,914.5832,892.66,21.193,0.73,PASA
346881100100041787,-42.747765,-71.040316,909.9152,888.06,21.192,0.66,PASA
346881100100041788,-42.747479,-71.039743,907.1836,886.81,21.191,-0.82,PASA
346881100100041789,-42.747192,-71.039169,906.2941,885.93,21.190,-0.83,PASA
346881100100041790,-42.746905,-71.038593,906.67267,885.92,21.188,-0.44,PASA
346881100100041791,-42.746617,-71.038017,908.6863,888.18,21.187,-0.68,PASA
346881100100041792,-42.746328,-71.037438,913.46277,893.13,21.186,-0.86,PASA
346881100100041793,-42.746039,-71.036858,919.2944,899.33,21.185,-1.22,PASA
346881100100041794,-42.745750,-71.036278,924.731,905.72,21.183,-2.17,PASA
346881100100041795,-42.745462,-71.035700,927.7766,908.39,21.182,-1.80,PASA
346881100100041796,-42.745173,-71.035121,932.4524,912.29,21.181,-1.02,PASA
346881100100041797,-42.744884,-71.034541,938.81683,917.11,21.180,0.53,PASA
346881100100041798,-42.744596,-71.033965,939.3312,917.27,21.178,0.88,PASA
346881100100041799,-42.744309,-71.033391,937.6464,916.79,21.177,-0.32,PASA
346881100100041800,-42.744021,-71.032813,941.25116,920.00,21.176,0.08,PASA
346881100100041801,-42.743732,-71.032233,946.24927,924.91,21.175,0.16,PASA
346881100100041802,-42.743444,-71.031657,946.7168,925.58,21.173,-0.04,PASA
346881100100041803,-42.743158,-71.031083,944.84814,923.75,21.172,-0.07,PASA
346881100100041804,-42.742871,-71.030508,944.46313,923.54,21.171,-0.25,PASA
346881100100041805,-42.742583,-71.029932,944.7891,924.35,21.170,-0.73,PASA
346881100100041806,-42.742293,-71.029350,953.6343,934.22,21.168,-1.75,PASA
346881100100041807,-42.742002,-71.028766,963.30023,941.13,21.167,1.01,PASA
346881100100041808,-42.741715,-71.028190,964.24304,943.14,21.166,-0.07,PASA
346881100100041809,-42.741427,-71.027613,965.63586,944.58,21.164,-0.11,PASA
346881100100041810,-42.741138,-71.027034,969.8714,948.21,21.163,0.50,PASA
351000000100042757,-42.766368,-71.198680,1209.0918,1190.59,21.777,-3.28,PASA
351000000100042758,-42.766083,-71.198104,1207.6167,1187.57,21.775,-1.73,PASA
351000000100042759,-42.765797,-71.197527,1207.1556,1190.47,21.774,-5.09,FUERA_DE_UMBRAL
351000000100042765,-42.764082,-71.194056,1214.0159,1194.64,21.764,-2.39,PASA
351000000100042767,-42.763514,-71.192913,1200.5853,1182.20,21.760,-3.38,PASA
351000000100042769,-42.762943,-71.191761,1197.6423,1179.54,21.757,-3.65,PASA
351000000100042796,-42.754917,-71.175518,1284.9966,1259.78,21.708,3.51,PASA
351000000100042874,-42.732346,-71.130166,1055.2198,1039.54,21.530,-5.85,FUERA_DE_UMBRAL
351000000100042884,-42.729472,-71.124374,1086.5342,1064.54,21.507,0.49,PASA
351000000100042889,-42.728033,-71.121469,1112.8385,1093.85,21.497,-2.50,PASA
351000100100041721,-42.776412,-71.204920,1230.3789,1197.39,21.786,11.20,FUERA_DE_UMBRAL
351000100100041731,-42.773566,-71.199183,1181.6079,1156.95,21.770,2.89,PASA
351000100100041732,-42.773282,-71.198611,1174.042,1147.91,21.768,4.37,PASA
351000100100041735,-42.772431,-71.196901,1148.3798,1121.74,21.763,4.88,PASA
351000100100041736,-42.772147,-71.196329,1141.0228,1113.02,21.762,6.24,FUERA_DE_UMBRAL
351000100100041737,-42.771864,-71.195761,1130.9535,1106.06,21.760,3.13,PASA
351000100100041739,-42.771294,-71.194610,1125.3107,1101.97,21.757,1.58,PASA
351000100100041740,-42.771010,-71.194036,1121.4172,1100.12,21.755,-0.46,PASA
351000100100041743,-42.770152,-71.192297,1128.2094,1115.32,21.750,-8.86,FUERA_DE_UMBRAL
351000100100041744,-42.769863,-71.191710,1139.8104,1120.59,21.748,-2.53,PASA
351000100100041745,-42.769577,-71.191128,1143.7827,1123.27,21.747,-1.23,PASA
351000100100041751,-42.767856,-71.187636,1174.8163,1158.02,21.736,-4.94,PASA
351000100100041773,-42.761574,-71.174957,1145.3153,1123.99,21.699,-0.37,PASA
351000100100041774,-42.761288,-71.174380,1146.0034,1130.24,21.697,-5.94,FUERA_DE_UMBRAL
351000100100041789,-42.756717,-71.165174,1120.3734,1096.06,21.668,2.64,PASA
351000100100041791,-42.756150,-71.164041,1098.7701,1074.16,21.663,2.94,PASA
351000200100042742,-42.785644,-71.211198,1380.2286,1361.81,21.789,-3.37,PASA
351000200100042743,-42.785361,-71.210636,1361.5565,1352.29,21.789,-12.52,FUERA_DE_UMBRAL
351000200100042744,-42.785070,-71.210040,1382.4341,1365.44,21.788,-4.79,PASA
351000200100042746,-42.784498,-71.208891,1374.9493,1366.36,21.787,-13.20,FUERA_DE_UMBRAL
351000200100042747,-42.784212,-71.208313,1374.882,1359.98,21.787,-6.88,FUERA_DE_UMBRAL
351000200100042748,-42.783923,-71.207729,1381.839,1363.74,21.785,-3.68,PASA
351000200100042749,-42.783636,-71.207148,1384.8416,1365.61,21.784,-2.55,PASA
351000200100042750,-42.783350,-71.206573,1381.5096,1366.54,21.782,-6.81,FUERA_DE_UMBRAL
351000200100042751,-42.783061,-71.205986,1391.5015,1374.59,21.780,-4.87,PASA
351000200100042756,-42.781334,-71.202488,1426.4968,1396.76,21.771,7.97,FUERA_DE_UMBRAL
351000200100042758,-42.780762,-71.201336,1421.9315,1392.08,21.768,8.09,FUERA_DE_UMBRAL
351000200100042761,-42.779911,-71.199632,1386.7793,1359.43,21.763,5.58,FUERA_DE_UMBRAL
351000200100042801,-42.768535,-71.176775,1077.6372,1058.42,21.698,-2.48,PASA
351000200100042812,-42.765387,-71.170398,1104.8898,1092.49,21.678,-9.28,FUERA_DE_UMBRAL
351000200100042816,-42.764236,-71.168059,1140.8807,1125.31,21.671,-6.10,FUERA_DE_UMBRAL
351000200100042906,-42.738207,-71.115640,1050.1702,1024.51,21.467,4.20,PASA
351000200100042970,-42.719590,-71.078233,1006.3692,984.21,21.335,0.83,PASA
351000300100041662,-42.790857,-71.207686,1322.9727,1295.21,21.775,5.99,FUERA_DE_UMBRAL
351000300100041667,-42.789436,-71.204841,1270.5068,1243.99,21.768,4.75,PASA
351000300100041668,-42.789154,-71.204281,1249.1158,1232.50,21.766,-5.15,FUERA_DE_UMBRAL
351000300100041669,-42.788871,-71.203715,1234.099,1218.50,21.765,-6.17,FUERA_DE_UMBRAL
351000300100041670,-42.788585,-71.203141,1229.4127,1208.17,21.763,-0.52,PASA
351000300100041671,-42.788299,-71.202567,1225.1613,1208.95,21.762,-5.55,FUERA_DE_UMBRAL
351000300100041675,-42.787149,-71.200242,1240.1431,1227.34,21.756,-8.95,FUERA_DE_UMBRAL
351000300100041676,-42.786863,-71.199667,1237.3997,1226.88,21.754,-11.24,FUERA_DE_UMBRAL
351000300100041677,-42.786579,-71.199097,1226.7839,1218.16,21.753,-13.13,FUERA_DE_UMBRAL
351000300100041680,-42.785428,-71.196771,1242.5898,1237.75,21.746,-16.91,FUERA_DE_UMBRAL
351000300100041681,-42.785138,-71.196180,1259.4176,1242.15,21.745,-4.48,PASA
351000300100041698,-42.780294,-71.186446,1147.937,1132.32,21.718,-6.10,FUERA_DE_UMBRAL
351000300100041699,-42.780008,-71.185872,1144.2622,1123.58,21.716,-1.03,PASA
351000300100041700,-42.779723,-71.185296,1142.4946,1121.82,21.714,-1.04,PASA
351000300100041701,-42.779437,-71.184721,1139.0072,1118.21,21.713,-0.92,PASA
351000300100041702,-42.779151,-71.184143,1139.4502,1116.67,21.711,1.07,PASA
351000300100041703,-42.778865,-71.183567,1136.302,1113.39,21.709,1.21,PASA
351000300100041718,-42.774567,-71.174878,1163.2682,1148.04,21.684,-6.45,FUERA_DE_UMBRAL
351000300100041719,-42.774281,-71.174299,1164.4033,1148.68,21.683,-5.95,FUERA_DE_UMBRAL
351000300100041909,-42.719346,-71.063741,980.92236,957.86,21.287,1.77,PASA
351000300100041911,-42.718772,-71.062589,981.9314,958.59,21.284,2.05,PASA
351000300100041913,-42.718199,-71.061437,984.20825,959.57,21.280,3.36,PASA
351000300100041915,-42.717626,-71.060289,979.42285,952.70,21.277,5.45,FUERA_DE_UMBRAL
351000300100041916,-42.717341,-71.059718,973.804,950.26,21.275,2.27,PASA
351000300100041928,-42.713897,-71.052804,981.0455,956.88,21.254,2.91,PASA
351000300100041934,-42.712181,-71.049368,956.04785,934.58,21.244,0.23,PASA
351000300100041935,-42.711895,-71.048795,952.46454,930.59,21.242,0.63,PASA
351000500100041540,-42.799527,-71.209102,1465.9427,1445.79,21.752,-1.60,PASA
351000500100041541,-42.799243,-71.208529,1459.5608,1445.58,21.752,-7.77,FUERA_DE_UMBRAL
351000500100041556,-42.794988,-71.199978,1322.1573,1301.59,21.739,-1.17,PASA
351000500100041557,-42.794708,-71.199416,1303.1294,1282.85,21.738,-1.46,PASA
351000500100041558,-42.794424,-71.198847,1292.8666,1267.29,21.737,3.84,PASA
351000500100041572,-42.790422,-71.190751,1293.9818,1264.60,21.720,7.66,FUERA_DE_UMBRAL
351000500100041573,-42.790138,-71.190178,1287.6101,1258.72,21.718,7.18,FUERA_DE_UMBRAL
351000500100041574,-42.789856,-71.189611,1274.9242,1248.70,21.717,4.51,PASA
351000500100041582,-42.787574,-71.185001,1259.8,1235.20,21.704,2.89,PASA
351000500100041584,-42.786993,-71.183813,1297.015,1272.19,21.701,3.12,PASA
351000500100041585,-42.786708,-71.183238,1294.6082,1262.47,21.699,10.44,FUERA_DE_UMBRAL
351000500100041586,-42.786427,-71.182673,1279.7284,1259.68,21.698,-1.65,PASA
351000500100041587,-42.786137,-71.182083,1293.457,1275.05,21.696,-3.29,PASA
351000500100041590,-42.785279,-71.180347,1297.8553,1272.25,21.691,3.91,PASA
351000500100041591,-42.784996,-71.179775,1291.7787,1268.07,21.690,2.02,PASA
351000500100041592,-42.784710,-71.179196,1292.9653,1270.00,21.688,1.28,PASA
351000500100041598,-42.782999,-71.175740,1282.4052,1254.39,21.678,6.34,FUERA_DE_UMBRAL
351000500100041730,-42.745269,-71.099825,1009.28986,988.50,21.399,-0.61,PASA
351000500100041731,-42.744983,-71.099249,1009.2009,988.37,21.397,-0.57,PASA
351000500100041732,-42.744697,-71.098672,1010.7228,988.49,21.395,0.84,PASA
351000500100041733,-42.744411,-71.098097,1009.22723,988.26,21.393,-0.43,PASA
351000500100041734,-42.744125,-71.097522,1008.1625,988.03,21.391,-1.26,PASA
351000500100041795,-42.726065,-71.061206,1044.0088,1021.88,21.274,0.85,PASA
351000500100041796,-42.725778,-71.060631,1042.8237,1020.48,21.272,1.07,PASA
351000500100041797,-42.725492,-71.060055,1041.4028,1017.60,21.270,2.53,PASA
351000500100041798,-42.725206,-71.059482,1038.4353,1012.80,21.269,4.36,PASA
351000500100041799,-42.724921,-71.058910,1033.4965,1010.32,21.267,1.91,PASA
351000500100041800,-42.724635,-71.058334,1033.1616,1010.75,21.265,1.15,PASA
351000500100041801,-42.724348,-71.057758,1032.6451,1008.80,21.264,2.59,PASA
351000500100041802,-42.724064,-71.057189,1024.8423,1005.03,21.262,-1.45,PASA
351000500100041803,-42.723777,-71.056610,1027.6504,1005.37,21.260,1.02,PASA
351000500100041804,-42.723491,-71.056036,1026.2855,1003.84,21.259,1.19,PASA
351000500100041805,-42.723205,-71.055462,1023.0325,1000.00,21.257,1.77,PASA
351000500100041806,-42.722920,-71.054889,1020.3012,998.60,21.255,0.45,PASA
351000500100041807,-42.722633,-71.054313,1020.1709,996.72,21.253,2.20,PASA
351000500100041808,-42.722347,-71.053736,1020.63666,995.83,21.252,3.55,PASA
351000500100041809,-42.722061,-71.053163,1017.85834,995.00,21.250,1.61,PASA
351000500100041810,-42.721775,-71.052587,1017.966,995.21,21.248,1.50,PASA
351000500100041811,-42.721489,-71.052014,1014.213,994.95,21.247,-1.98,PASA
351000500100041812,-42.721202,-71.051435,1017.10333,993.42,21.245,2.44,PASA
351000500100041813,-42.720917,-71.050864,1012.2368,990.72,21.243,0.27,PASA
351000500100041814,-42.720631,-71.050288,1011.8423,988.09,21.241,2.51,PASA
351000500100041815,-42.720345,-71.049714,1009.32196,985.58,21.240,2.50,PASA
351000500100041816,-42.720060,-71.049143,1003.9218,979.43,21.238,3.26,PASA
351000500100041817,-42.719775,-71.048569,1000.8813,977.41,21.236,2.23,PASA
351000500100041818,-42.719489,-71.047995,998.5883,974.91,21.235,2.44,PASA
351000500100041819,-42.719203,-71.047420,998.11676,975.89,21.233,1.00,PASA
351000500100041820,-42.718917,-71.046846,996.0738,975.16,21.231,-0.31,PASA
351000500100041821,-42.718630,-71.046268,998.05444,976.21,21.229,0.61,PASA
351000500100041822,-42.718345,-71.045696,993.0368,971.90,21.228,-0.09,PASA
351000500100041823,-42.718059,-71.045121,991.9998,972.33,21.226,-1.56,PASA
351000500100041824,-42.717774,-71.044547,989.14874,967.56,21.224,0.36,PASA
351000500100041825,-42.717488,-71.043973,986.93396,965.43,21.222,0.28,PASA
351000500100041826,-42.717202,-71.043398,985.87964,963.30,21.221,1.36,PASA
351000500100041827,-42.716916,-71.042824,983.9214,964.26,21.219,-1.56,PASA
351000500100041828,-42.716627,-71.042239,994.2452,969.41,21.217,3.61,PASA
351000500100041829,-42.716341,-71.041666,990.0673,961.58,21.215,7.27,FUERA_DE_UMBRAL
351000500100041830,-42.716059,-71.041104,973.9261,951.10,21.214,1.62,PASA
351000500100041831,-42.715774,-71.040532,969.6927,948.34,21.213,0.14,PASA
351000500100041832,-42.715488,-71.039956,968.94574,947.90,21.211,-0.16,PASA
351000500100041833,-42.715201,-71.039379,970.48694,946.45,21.210,2.82,PASA
351000500100041834,-42.714916,-71.038809,963.19,940.06,21.208,1.92,PASA
351000500100041835,-42.714631,-71.038236,959.22754,936.77,21.207,1.25,PASA
351000500100041836,-42.714345,-71.037663,955.8171,933.98,21.206,0.63,PASA
351000500100041837,-42.714059,-71.037088,955.40295,930.67,21.204,3.53,PASA
351000500100041838,-42.713774,-71.036517,949.6126,926.52,21.203,1.88,PASA
351000500100041839,-42.713488,-71.035943,946.69867,924.94,21.201,0.56,PASA
351000500100041840,-42.713201,-71.035368,946.0664,920.77,21.200,4.09,PASA
351000500100041841,-42.712917,-71.034799,937.95447,918.88,21.198,-2.13,PASA
351000500100041842,-42.712629,-71.034220,941.195,918.35,21.197,1.65,PASA
351000500100041843,-42.712344,-71.033647,938.1147,915.11,21.196,1.81,PASA
351000500100041844,-42.712059,-71.033076,932.11017,909.51,21.194,1.41,PASA
351000500100041845,-42.711774,-71.032506,925.8717,904.23,21.193,0.45,PASA
351000600100071976,-42.807367,-71.210944,1454.5835,1437.85,21.728,-4.99,PASA
351000600100071980,-42.806229,-71.208655,1424.9877,1411.89,21.729,-8.63,FUERA_DE_UMBRAL
351000600100071981,-42.805943,-71.208080,1421.6665,1404.62,21.729,-4.69,PASA
351000600100071982,-42.805662,-71.207519,1401.3158,1391.96,21.728,-12.38,FUERA_DE_UMBRAL
351000600100071983,-42.805377,-71.206943,1398.2421,1384.62,21.727,-8.11,FUERA_DE_UMBRAL
351000600100071986,-42.804532,-71.205251,1347.3712,1325.88,21.725,-0.23,PASA
351000600100071987,-42.804250,-71.204687,1331.0029,1317.86,21.724,-8.58,FUERA_DE_UMBRAL
351000600100071988,-42.803967,-71.204118,1319.817,1311.55,21.723,-13.46,FUERA_DE_UMBRAL
351000600100071989,-42.803677,-71.203528,1333.6676,1320.05,21.722,-8.10,FUERA_DE_UMBRAL
351000600100071990,-42.803389,-71.202947,1337.5591,1319.28,21.721,-3.44,PASA
351000600100071991,-42.803106,-71.202379,1325.4583,1312.71,21.720,-8.97,FUERA_DE_UMBRAL
351000600100071992,-42.802821,-71.201804,1322.1516,1309.58,21.720,-9.15,FUERA_DE_UMBRAL
351000600100071993,-42.802536,-71.201230,1317.1122,1309.53,21.719,-14.14,FUERA_DE_UMBRAL
351000600100071994,-42.802250,-71.200654,1315.1917,1306.03,21.718,-12.56,FUERA_DE_UMBRAL
351000600100071995,-42.801961,-71.200067,1325.3839,1313.83,21.717,-10.16,FUERA_DE_UMBRAL
351000600100071997,-42.801386,-71.198904,1333.9835,1319.66,21.715,-7.39,FUERA_DE_UMBRAL
351000600100071998,-42.801103,-71.198336,1322.3284,1319.92,21.714,-19.31,FUERA_DE_UMBRAL
351000600100072007,-42.798507,-71.193069,1398.9572,1388.01,21.706,-10.76,FUERA_DE_UMBRAL
351000600100072008,-42.798221,-71.192492,1398.6576,1384.15,21.705,-7.19,FUERA_DE_UMBRAL
351000600100072009,-42.797937,-71.191920,1391.2177,1374.48,21.704,-4.96,PASA
351000600100072010,-42.797653,-71.191350,1381.1587,1357.04,21.703,2.42,PASA
351000600100072011,-42.797373,-71.190787,1362.9722,1339.19,21.702,2.08,PASA
351000600100072012,-42.797091,-71.190222,1347.2058,1324.93,21.701,0.58,PASA
351000600100072013,-42.796808,-71.189654,1335.9438,1318.64,21.700,-4.40,PASA
351000600100072014,-42.796523,-71.189078,1332.6403,1320.27,21.699,-9.33,FUERA_DE_UMBRAL
351000600100072027,-42.792807,-71.181561,1333.2472,1321.44,21.685,-9.88,FUERA_DE_UMBRAL
351000600100072040,-42.789119,-71.174127,1241.4456,1226.40,21.666,-6.62,FUERA_DE_UMBRAL
351000600100072041,-42.788836,-71.173558,1232.0621,1211.88,21.665,-1.48,PASA
351000600100072042,-42.788553,-71.172988,1222.8462,1204.34,21.663,-3.16,PASA
351000600100072045,-42.787695,-71.171253,1225.4073,1214.28,21.658,-10.53,FUERA_DE_UMBRAL
351000600100072054,-42.785116,-71.166033,1252.3127,1224.03,21.643,6.64,FUERA_DE_UMBRAL
351000600100072055,-42.784833,-71.165463,1243.9943,1215.10,21.641,7.25,FUERA_DE_UMBRAL
351000600100072164,-42.753686,-71.102796,978.6792,955.26,21.406,2.01,PASA
351000600100072165,-42.753401,-71.102225,971.4331,953.02,21.404,-2.99,PASA
351000600100072167,-42.752826,-71.101068,976.862,955.04,21.399,0.42,PASA
351000600100072169,-42.752253,-71.099918,973.1062,953.38,21.395,-1.67,PASA
351000600100072170,-42.751966,-71.099340,974.99695,956.14,21.393,-2.54,PASA
351000600100072171,-42.751678,-71.098761,978.30304,959.20,21.391,-2.29,PASA
351000600100072172,-42.751390,-71.098181,981.9095,959.43,21.389,1.09,PASA
351000600100072174,-42.750818,-71.097033,976.9976,953.98,21.384,1.63,PASA
351000600100072175,-42.750534,-71.096462,970.0954,949.39,21.382,-0.68,PASA
351000600100072176,-42.750248,-71.095888,967.7773,948.11,21.380,-1.71,PASA
351000600100072177,-42.749962,-71.095313,966.5335,949.21,21.378,-4.05,PASA
351000600100072178,-42.749674,-71.094734,969.44684,951.56,21.376,-3.49,PASA
351000600100072179,-42.749387,-71.094155,973.383,956.22,21.374,-4.21,PASA
351000600100072180,-42.749099,-71.093575,978.3354,960.02,21.371,-3.06,PASA
351000600100072181,-42.748812,-71.092998,979.18475,960.82,21.369,-3.00,PASA
351000600100072182,-42.748526,-71.092421,980.5665,960.69,21.367,-1.49,PASA
351000600100072183,-42.748240,-71.091846,979.21906,959.27,21.365,-1.42,PASA
351000600100072185,-42.747670,-71.090702,970.6781,949.99,21.361,-0.68,PASA
351000600100072186,-42.747384,-71.090127,969.8771,950.18,21.359,-1.66,PASA
351000600100072187,-42.747098,-71.089551,969.45416,949.28,21.356,-1.18,PASA
351000600100072188,-42.746812,-71.088976,969.2791,949.52,21.354,-1.59,PASA
351000600100072189,-42.746525,-71.088397,973.07697,952.27,21.352,-0.54,PASA
351000600100072190,-42.746239,-71.087820,975.0039,954.83,21.350,-1.18,PASA
351000600100072191,-42.745952,-71.087242,976.8425,958.08,21.348,-2.58,PASA
351000600100072192,-42.745666,-71.086665,978.81934,959.84,21.346,-2.37,PASA
351000600100072193,-42.745379,-71.086088,981.0907,960.93,21.344,-1.18,PASA
351000600100072198,-42.743945,-71.083199,993.9126,976.23,21.333,-3.65,PASA
351000600100072240,-42.731899,-71.058990,1016.72107,997.80,21.263,-2.34,PASA
351000600100072242,-42.731325,-71.057834,1020.5815,998.02,21.259,1.30,PASA
351000600100072243,-42.731038,-71.057259,1019.0182,997.72,21.257,0.04,PASA
351000600100072244,-42.730751,-71.056681,1020.46515,999.66,21.256,-0.45,PASA
351000600100072245,-42.730463,-71.056100,1026.1044,1005.88,21.254,-1.03,PASA
351000600100072246,-42.730174,-71.055519,1031.6654,1011.33,21.252,-0.92,PASA
351000600100072247,-42.729312,-71.053785,1037.3522,1014.48,21.247,1.63,PASA
351000600100072248,-42.729026,-71.053211,1034.7673,1013.82,21.245,-0.30,PASA
351000600100072249,-42.728740,-71.052635,1034.2805,1014.95,21.244,-1.91,PASA
351000600100072250,-42.728451,-71.052053,1041.1882,1020.12,21.242,-0.17,PASA
351000600100072253,-42.727587,-71.050310,1057.5979,1039.37,21.237,-3.01,PASA
351000600100072254,-42.727298,-71.049727,1066.4147,1050.16,21.235,-4.98,PASA
351000600100072255,-42.727008,-71.049141,1078.285,1061.24,21.233,-4.19,PASA
351000600100072256,-42.726718,-71.048554,1091.0996,1057.83,21.232,12.04,FUERA_DE_UMBRAL
351000600100072258,-42.726151,-71.047421,1068.9768,1042.79,21.228,4.96,PASA
351000600100072259,-42.725866,-71.046849,1064.138,1041.35,21.227,1.56,PASA
351000600100072260,-42.725580,-71.046275,1061.8033,1039.74,21.225,0.84,PASA
351000600100072261,-42.725295,-71.045702,1057.9304,1036.24,21.223,0.47,PASA
351000600100072262,-42.725010,-71.045131,1052.059,1030.70,21.221,0.14,PASA
351000600100072263,-42.724726,-71.044560,1045.8862,1028.03,21.220,-3.37,PASA
351000600100072264,-42.724439,-71.043984,1046.0197,1026.35,21.218,-1.55,PASA
351000600100072265,-42.724153,-71.043408,1045.879,1026.43,21.216,-1.77,PASA
351000600100072266,-42.723866,-71.042832,1046.1198,1031.84,21.215,-6.93,FUERA_DE_UMBRAL
351000600100072267,-42.723577,-71.042247,1057.2756,1023.31,21.213,12.75,FUERA_DE_UMBRAL
351000600100072268,-42.723295,-71.041685,1040.3132,1010.79,21.211,8.31,FUERA_DE_UMBRAL
351000600100072269,-42.723012,-71.041117,1030.6165,1003.53,21.210,5.88,FUERA_DE_UMBRAL
351000600100072270,-42.722727,-71.040547,1023.5743,998.32,21.208,4.05,PASA
351000600100072271,-42.722442,-71.039976,1017.9361,995.91,21.207,0.82,PASA
351000600100072272,-42.722157,-71.039404,1012.494,991.87,21.206,-0.58,PASA
351000600100072273,-42.721872,-71.038831,1009.30786,986.88,21.204,1.23,PASA
351000600100072274,-42.721587,-71.038258,1005.78894,981.26,21.203,3.32,PASA
351000600100072275,-42.721302,-71.037687,999.74854,976.65,21.202,1.89,PASA
351000600100072276,-42.721016,-71.037113,997.4768,973.87,21.200,2.41,PASA
351000600100072277,-42.720731,-71.036542,991.829,972.87,21.199,-2.24,PASA
351000600100072278,-42.720443,-71.035961,997.5855,971.45,21.197,4.94,PASA
351000600100072279,-42.720160,-71.035394,986.87244,964.17,21.196,1.51,PASA
351000600100072280,-42.719875,-71.034822,981.5376,963.88,21.195,-3.54,PASA
351000600100072281,-42.719587,-71.034243,985.4293,965.88,21.193,-1.65,PASA
351000600100072282,-42.719301,-71.033668,983.85144,969.02,21.192,-6.36,FUERA_DE_UMBRAL
351000600100072283,-42.719013,-71.033087,989.1383,975.12,21.190,-7.17,FUERA_DE_UMBRAL
351000600100072284,-42.718725,-71.032507,994.4331,970.91,21.189,2.33,PASA
351000600100072285,-42.718442,-71.031940,983.5937,959.71,21.188,2.70,PASA
351000600100072286,-42.718159,-71.031375,970.66565,946.94,21.186,2.54,PASA
351000600100072287,-42.717875,-71.030807,960.93097,937.62,21.185,2.13,PASA
351000600100072288,-42.717590,-71.030236,954.93195,931.82,21.183,1.93,PASA
351000600100072289,-42.717305,-71.029663,950.73694,927.85,21.182,1.71,PASA
351000600100072290,-42.717019,-71.029092,945.83655,922.98,21.180,1.67,PASA
351000600100072291,-42.716734,-71.028519,941.8867,918.70,21.179,2.00,PASA
351000600100072292,-42.716449,-71.027948,936.2107,914.76,21.178,0.28,PASA
351000600100072293,-42.716163,-71.027375,932.0042,911.34,21.176,-0.51,PASA
351000600100072294,-42.715877,-71.026802,929.551,909.23,21.175,-0.85,PASA
351000600100072295,-42.715591,-71.026227,927.41077,907.42,21.173,-1.19,PASA
351000800100042853,-42.815457,-71.211447,1460.4647,1437.54,21.702,1.22,PASA
351000800100042854,-42.815170,-71.210866,1463.5159,1436.85,21.702,4.96,PASA
351000800100042856,-42.814611,-71.209745,1423.2941,1398.39,21.702,3.20,PASA
351000800100042860,-42.813494,-71.207505,1340.9276,1313.71,21.702,5.51,FUERA_DE_UMBRAL
351000800100042861,-42.813212,-71.206936,1329.8921,1302.13,21.701,6.06,FUERA_DE_UMBRAL
351000800100042862,-42.812926,-71.206357,1330.1249,1301.10,21.701,7.32,FUERA_DE_UMBRAL
351000800100042863,-42.812649,-71.205801,1305.1278,1281.76,21.700,1.67,PASA
351000800100042864,-42.812366,-71.205230,1296.8502,1267.04,21.699,8.11,FUERA_DE_UMBRAL
351000800100042875,-42.809250,-71.198942,1214.2655,1186.89,21.691,5.69,FUERA_DE_UMBRAL
351000800100042876,-42.808969,-71.198378,1198.7054,1171.92,21.690,5.10,FUERA_DE_UMBRAL
351000800100042877,-42.808689,-71.197813,1183.9528,1161.93,21.689,0.34,PASA
351000800100042878,-42.808406,-71.197244,1174.3292,1158.65,21.688,-6.01,FUERA_DE_UMBRAL
351000800100042892,-42.804423,-71.189194,1131.2614,1117.34,21.676,-7.76,FUERA_DE_UMBRAL
351000800100042893,-42.804137,-71.188617,1130.8641,1109.42,21.675,-0.23,PASA
351000800100042894,-42.803852,-71.188039,1130.4446,1109.72,21.674,-0.95,PASA
351000800100042895,-42.803567,-71.187465,1126.8772,1107.96,21.673,-2.76,PASA
351000800100042896,-42.803282,-71.186890,1123.7555,1100.11,21.673,1.98,PASA
351000800100042897,-42.802998,-71.186316,1119.1271,1097.22,21.672,0.24,PASA
351000800100042898,-42.802712,-71.185737,1120.1318,1099.23,21.671,-0.77,PASA
351000800100042906,-42.800425,-71.181113,1119.4995,1100.35,21.663,-2.52,PASA
351000800100042907,-42.800138,-71.180531,1124.3356,1108.06,21.662,-5.38,FUERA_DE_UMBRAL
351000800100042908,-42.799848,-71.179943,1134.8899,1111.81,21.661,1.42,PASA
351000800100042909,-42.799564,-71.179369,1130.9132,1113.49,21.660,-4.23,PASA
351000800100042910,-42.799275,-71.178783,1139.6526,1123.36,21.658,-5.37,FUERA_DE_UMBRAL
351000800100042911,-42.798988,-71.178203,1141.4406,1123.76,21.657,-3.97,PASA
351000800100042912,-42.798700,-71.177619,1147.774,1126.35,21.656,-0.24,PASA
351000800100042913,-42.798415,-71.177045,1143.503,1123.54,21.655,-1.69,PASA
351000800100042914,-42.798131,-71.176472,1137.9313,1123.33,21.654,-7.05,FUERA_DE_UMBRAL
351000800100042915,-42.797845,-71.175893,1139.5878,1123.45,21.653,-5.52,FUERA_DE_UMBRAL
351000800100042916,-42.797560,-71.175319,1134.5884,1116.62,21.652,-3.68,PASA
351000800100042919,-42.796701,-71.173585,1135.7787,1121.33,21.649,-7.20,FUERA_DE_UMBRAL
351000800100042920,-42.796413,-71.173000,1143.6017,1130.70,21.648,-8.75,FUERA_DE_UMBRAL
351000800100042921,-42.796123,-71.172411,1156.3577,1138.07,21.646,-3.36,PASA
351000800100042922,-42.795837,-71.171836,1153.8335,1135.74,21.645,-3.55,PASA
351000800100043044,-42.760677,-71.101057,964.1056,941.32,21.394,1.39,PASA
351000800100043045,-42.760391,-71.100481,964.1638,941.77,21.392,1.00,PASA
351000800100043046,-42.760105,-71.099905,963.7359,941.65,21.390,0.70,PASA
351000800100043047,-42.759819,-71.099329,963.6408,941.34,21.388,0.92,PASA
351000800100043048,-42.759533,-71.098754,963.4253,940.84,21.386,1.20,PASA
351000800100043049,-42.759247,-71.098178,962.98987,940.62,21.384,0.98,PASA
351000800100043050,-42.758960,-71.097602,962.9032,940.73,21.381,0.79,PASA
351000800100043051,-42.758673,-71.097025,964.7521,942.36,21.379,1.01,PASA
351000800100043053,-42.758101,-71.095873,964.1787,939.44,21.375,3.37,PASA
351000800100043054,-42.757816,-71.095301,960.3448,937.53,21.373,1.45,PASA
351000800100043055,-42.757529,-71.094726,959.1199,936.80,21.371,0.95,PASA
351000800100043056,-42.757243,-71.094151,957.81085,936.05,21.369,0.40,PASA
351000800100043057,-42.756957,-71.093575,957.55206,935.72,21.366,0.46,PASA
351000800100043058,-42.756671,-71.092999,957.12634,932.26,21.364,3.50,PASA
351000800100043059,-42.756385,-71.092427,952.4148,925.97,21.362,5.09,FUERA_DE_UMBRAL
351000800100043060,-42.756100,-71.091855,948.5326,921.89,21.360,5.28,FUERA_DE_UMBRAL
351000800100043061,-42.755816,-71.091284,941.87573,921.17,21.358,-0.65,PASA
351000800100043062,-42.755529,-71.090708,942.5962,920.82,21.356,0.42,PASA
351000800100043063,-42.755242,-71.090132,942.1825,920.43,21.354,0.40,PASA
351000800100043065,-42.754669,-71.088981,940.4519,919.02,21.349,0.08,PASA
351000800100043066,-42.754383,-71.088405,940.2018,918.02,21.347,0.84,PASA
351000800100043067,-42.754097,-71.087830,938.5919,917.32,21.345,-0.07,PASA
351000800100043068,-42.753810,-71.087255,937.3779,916.71,21.343,-0.67,PASA
351000800100043069,-42.753524,-71.086679,936.77057,916.11,21.341,-0.68,PASA
351000800100043070,-42.753237,-71.086103,936.07294,915.80,21.338,-1.07,PASA
351000800100043071,-42.752951,-71.085527,936.0202,915.63,21.336,-0.95,PASA
351000800100043072,-42.752664,-71.084949,936.7158,915.52,21.334,-0.14,PASA
351000800100043073,-42.752377,-71.084373,936.3393,915.38,21.332,-0.37,PASA
351000800100043074,-42.752090,-71.083797,936.4106,915.41,21.330,-0.33,PASA
351000800100043075,-42.751803,-71.083220,936.2023,916.20,21.328,-1.33,PASA
351000800100043076,-42.751516,-71.082641,938.655,919.05,21.326,-1.72,PASA
351000800100043077,-42.751227,-71.082060,943.7017,924.23,21.324,-1.86,PASA
351000800100043078,-42.750939,-71.081481,947.21783,925.77,21.323,0.13,PASA
351000800100043079,-42.750653,-71.080905,945.843,925.95,21.321,-1.43,PASA
351000800100043080,-42.750364,-71.080323,952.00867,934.67,21.319,-3.98,PASA
351000800100043081,-42.750075,-71.079739,959.9457,940.97,21.317,-2.35,PASA
351000800100043082,-42.749788,-71.079163,959.52124,939.99,21.316,-1.78,PASA
351000800100043083,-42.749500,-71.078582,964.6866,942.83,21.314,0.55,PASA
351000800100043084,-42.749213,-71.078006,963.2451,942.68,21.312,-0.75,PASA
351000800100043085,-42.748925,-71.077425,967.83075,949.99,21.311,-3.47,PASA
351000800100043086,-42.748637,-71.076844,973.0388,952.89,21.309,-1.16,PASA
351000800100043087,-42.748350,-71.076268,972.27563,953.12,21.307,-2.15,PASA
351000800100043088,-42.748062,-71.075688,975.5522,957.04,21.306,-2.80,PASA
351000800100043089,-42.747775,-71.075111,976.69727,957.51,21.304,-2.11,PASA
351000800100043090,-42.747487,-71.074530,981.8388,963.56,21.302,-3.03,PASA
351000800100043109,-42.742058,-71.063614,941.7079,921.56,21.271,-1.13,PASA
351000800100043113,-42.740339,-71.060151,947.80255,930.37,21.261,-3.83,PASA
351000800100043114,-42.740050,-71.059570,953.59,934.19,21.259,-1.86,PASA
351000800100043115,-42.739763,-71.058990,956.8139,939.76,21.257,-4.20,PASA
351000800100043116,-42.739474,-71.058406,965.3959,947.62,21.255,-3.48,PASA
351000800100043117,-42.739186,-71.057827,969.3527,950.99,21.254,-2.89,PASA
351000800100043118,-42.738901,-71.057253,966.2199,947.14,21.252,-2.17,PASA
351000800100043119,-42.738615,-71.056678,965.21765,947.08,21.250,-3.11,PASA
351000800100043120,-42.738326,-71.056094,973.73096,956.27,21.249,-3.79,PASA
351000800100043121,-42.738037,-71.055510,982.33624,960.37,21.247,0.72,PASA
351000800100043122,-42.737750,-71.054933,983.029,959.37,21.245,2.41,PASA
351000800100043123,-42.737465,-71.054359,979.9841,958.23,21.244,0.51,PASA
351000800100043124,-42.737179,-71.053784,978.69684,958.25,21.242,-0.79,PASA
351000800100043125,-42.736892,-71.053208,978.65155,959.29,21.240,-1.88,PASA
351000800100043126,-42.736606,-71.052631,979.3866,959.74,21.238,-1.59,PASA
351000800100043127,-42.736320,-71.052055,978.98615,958.83,21.237,-1.08,PASA
351000800100043128,-42.736033,-71.051479,978.821,959.48,21.235,-1.89,PASA
351000800100043129,-42.735746,-71.050900,981.88666,960.99,21.233,-0.34,PASA
351000800100043130,-42.735459,-71.050322,983.65717,965.36,21.232,-2.93,PASA
351000800100043143,-42.731723,-71.042806,1012.56055,992.94,21.209,-1.59,PASA
351000800100043147,-42.730567,-71.040478,1040.1047,1018.12,21.203,0.78,PASA
351000800100043148,-42.730281,-71.039904,1037.935,1012.99,21.202,3.74,PASA
351000800100043149,-42.729994,-71.039330,1035.9432,1015.23,21.201,-0.48,PASA
351000800100043150,-42.729707,-71.038752,1038.6156,1016.19,21.199,1.22,PASA
351000800100043152,-42.729130,-71.037594,1045.5315,1026.50,21.197,-2.17,PASA
351000800100043153,-42.728840,-71.037010,1054.7312,1034.06,21.195,-0.52,PASA
351000800100043154,-42.728554,-71.036436,1053.2102,1032.97,21.194,-0.95,PASA
351000800100043155,-42.728268,-71.035862,1050.8855,1032.98,21.193,-3.29,PASA
351000800100043156,-42.727980,-71.035285,1052.9946,1033.51,21.191,-1.71,PASA
351000800100043157,-42.727694,-71.034713,1048.989,1030.56,21.190,-2.76,PASA
351000800100043158,-42.727407,-71.034137,1049.0123,1031.71,21.189,-3.88,PASA
351000800100043159,-42.727120,-71.033561,1049.2635,1031.42,21.187,-3.34,PASA
351000800100043160,-42.726834,-71.032988,1046.5045,1022.39,21.186,2.93,PASA
351000800100043161,-42.726551,-71.032424,1033.0847,1009.44,21.184,2.46,PASA
351000800100043162,-42.726267,-71.031857,1023.31335,1003.68,21.183,-1.55,PASA
351000800100043163,-42.725980,-71.031282,1022.6238,1003.46,21.182,-2.02,PASA
351000800100043164,-42.725693,-71.030706,1022.35345,1003.16,21.180,-1.99,PASA
351000800100043165,-42.725406,-71.030131,1021.94794,1003.79,21.179,-3.02,PASA
351000800100043166,-42.725118,-71.029552,1026.1781,1008.14,21.178,-3.14,PASA
351000800100043167,-42.724829,-71.028971,1031.1842,1010.52,21.176,-0.51,PASA
351000800100043168,-42.724542,-71.028396,1030.4983,1010.06,21.175,-0.74,PASA
351000800100043169,-42.724255,-71.027821,1030.1206,1009.36,21.173,-0.42,PASA
351000800100043170,-42.723968,-71.027246,1030.2728,1008.94,21.172,0.16,PASA
351000800100043171,-42.723681,-71.026671,1029.6127,1008.08,21.171,0.36,PASA
351001100100041388,-42.823088,-71.213003,1557.7333,1535.16,21.678,0.90,PASA
351001100100041389,-42.822807,-71.212437,1543.617,1521.07,21.678,0.87,PASA
351001100100041390,-42.822526,-71.211874,1526.2766,1505.17,21.679,-0.57,PASA
351001100100041391,-42.822246,-71.211310,1509.8678,1489.53,21.679,-1.34,PASA
351001100100041392,-42.821966,-71.210747,1491.5082,1472.91,21.679,-3.08,PASA
351001100100041397,-42.820563,-71.207930,1407.408,1386.83,21.680,-1.11,PASA
351001100100041399,-42.820003,-71.206804,1372.1594,1346.92,21.679,3.56,PASA
351001100100041400,-42.819725,-71.206248,1346.4392,1327.31,21.678,-2.55,PASA
351001100100041401,-42.819446,-71.205688,1325.59,1309.57,21.678,-5.66,FUERA_DE_UMBRAL
351001100100041402,-42.819163,-71.205119,1315.0708,1290.72,21.677,2.68,PASA
351001100100041403,-42.818884,-71.204558,1295.3989,1281.49,21.676,-7.77,FUERA_DE_UMBRAL
351001100100041404,-42.818597,-71.203977,1298.5632,1278.81,21.676,-1.92,PASA
351001100100041405,-42.818314,-71.203406,1289.5803,1277.04,21.675,-9.13,FUERA_DE_UMBRAL
351001100100041408,-42.817450,-71.201654,1308.7177,1289.97,21.673,-2.93,PASA
351001100100041409,-42.817167,-71.201083,1299.8418,1275.29,21.672,2.88,PASA
351001100100041410,-42.816888,-71.200523,1278.6045,1262.09,21.672,-5.16,FUERA_DE_UMBRAL
351001100100041411,-42.816609,-71.199962,1258.5032,1249.22,21.671,-12.38,FUERA_DE_UMBRAL
351001100100041412,-42.816319,-71.199375,1269.1538,1247.44,21.670,0.05,PASA
351001100100041413,-42.816031,-71.198788,1278.3032,1255.52,21.669,1.12,PASA
351001100100041414,-42.815743,-71.198205,1283.2291,1264.74,21.669,-3.18,PASA
351001100100041415,-42.815454,-71.197618,1293.2976,1273.16,21.668,-1.53,PASA
351001100100041416,-42.815164,-71.197028,1306.106,1282.85,21.667,1.59,PASA
351001100100041417,-42.814875,-71.196441,1316.4932,1291.01,21.666,3.82,PASA
351001100100041418,-42.814587,-71.195858,1322.1577,1293.32,21.666,7.17,FUERA_DE_UMBRAL
351001100100041419,-42.814301,-71.195279,1322.7037,1295.91,21.665,5.13,FUERA_DE_UMBRAL
351001100100041420,-42.814014,-71.194698,1325.2151,1299.36,21.664,4.19,PASA
351001100100041421,-42.813729,-71.194119,1325.5837,1298.55,21.663,5.37,FUERA_DE_UMBRAL
351001100100041424,-42.812893,-71.192442,1260.3456,1240.07,21.661,-1.39,PASA
351001100100041425,-42.812612,-71.191876,1246.0227,1228.92,21.660,-4.56,PASA
351001100100041432,-42.810624,-71.187858,1213.7834,1202.47,21.654,-10.34,FUERA_DE_UMBRAL
351001100100041433,-42.810333,-71.187268,1228.1764,1213.63,21.654,-7.10,FUERA_DE_UMBRAL
351001100100041434,-42.810049,-71.186693,1225.102,1213.23,21.653,-9.78,FUERA_DE_UMBRAL
351001100100041435,-42.809759,-71.186105,1236.8143,1210.39,21.652,4.78,PASA
351001100100041436,-42.809479,-71.185540,1221.9822,1197.04,21.651,3.30,PASA
351001100100041437,-42.809198,-71.184975,1207.5686,1184.09,21.650,1.83,PASA
351001100100041438,-42.808915,-71.184405,1198.7286,1176.97,21.649,0.11,PASA
351001100100041445,-42.806932,-71.180403,1150.9716,1129.12,21.643,0.21,PASA
351001100100041446,-42.806646,-71.179825,1151.7501,1127.36,21.642,2.75,PASA
351001100100041447,-42.806359,-71.179244,1154.7883,1132.54,21.641,0.60,PASA
351001100100041461,-42.802394,-71.171250,1042.7877,1013.99,21.627,7.17,FUERA_DE_UMBRAL
351001100100041462,-42.802113,-71.170686,1026.2687,999.80,21.626,4.85,PASA
351001100100041463,-42.801831,-71.170118,1013.9892,995.48,21.625,-3.12,PASA
351001100100041467,-42.800684,-71.167800,1021.8935,1007.21,21.620,-6.94,FUERA_DE_UMBRAL
351001100100041614,-42.758607,-71.083078,952.18494,928.94,21.323,1.92,PASA
351001100100041615,-42.758321,-71.082504,949.25714,927.15,21.322,0.79,PASA
351001100100041616,-42.758034,-71.081928,949.1602,928.36,21.320,-0.52,PASA
351001100100041617,-42.757747,-71.081349,951.72534,928.27,21.318,2.13,PASA
351001100100041618,-42.757462,-71.080779,944.687,923.57,21.317,-0.20,PASA
351001100100041619,-42.757172,-71.080194,954.6229,927.04,21.315,6.27,FUERA_DE_UMBRAL
351001100100041620,-42.756887,-71.079621,951.0093,924.68,21.313,5.01,FUERA_DE_UMBRAL
351001100100041621,-42.756603,-71.079052,942.4334,916.74,21.312,4.38,PASA
351001100100041622,-42.756319,-71.078482,935.2941,911.17,21.310,2.82,PASA
351001100100041623,-42.756034,-71.077911,929.73206,907.29,21.308,1.13,PASA
351001100100041624,-42.755747,-71.077336,927.80634,906.43,21.306,0.07,PASA
351001100100041625,-42.755461,-71.076760,926.99445,905.62,21.305,0.07,PASA
351001100100041626,-42.755174,-71.076184,926.1043,904.90,21.303,-0.10,PASA
351001100100041627,-42.754888,-71.075608,925.58264,904.01,21.301,0.27,PASA
351001100100041628,-42.754601,-71.075032,924.6243,903.14,21.300,0.18,PASA
351001100100041629,-42.754315,-71.074457,923.05176,902.20,21.298,-0.45,PASA
351001100100041630,-42.754028,-71.073882,921.7733,901.56,21.296,-1.08,PASA
351001100100041631,-42.753742,-71.073305,921.7405,901.23,21.295,-0.78,PASA
351001100100041632,-42.753455,-71.072728,921.9585,900.92,21.293,-0.26,PASA
351001100100041633,-42.753168,-71.072152,921.4785,900.46,21.291,-0.27,PASA
351001100100041634,-42.752881,-71.071575,921.42395,900.23,21.289,-0.09,PASA
351001100100041635,-42.752595,-71.070999,920.5412,902.53,21.288,-3.28,PASA
351001100100041636,-42.752306,-71.070418,926.15436,908.30,21.286,-3.43,PASA
351001100100041637,-42.752018,-71.069839,928.3153,910.82,21.284,-3.79,PASA
351001100100041638,-42.751731,-71.069261,929.6282,912.46,21.283,-4.11,PASA
351001100100041639,-42.751443,-71.068681,933.4339,917.80,21.281,-5.64,FUERA_DE_UMBRAL
351001100100041640,-42.751153,-71.068096,943.38605,923.41,21.279,-1.30,PASA
351001100100041641,-42.750866,-71.067520,942.5835,921.93,21.277,-0.63,PASA
351001100100041642,-42.750581,-71.066946,940.3231,924.75,21.276,-5.70,FUERA_DE_UMBRAL
351001100100041643,-42.750292,-71.066364,946.5003,926.68,21.274,-1.45,PASA
351001100100041645,-42.749717,-71.065206,952.0057,929.50,21.270,1.24,PASA
351001100100041646,-42.749432,-71.064633,947.17224,927.26,21.269,-1.35,PASA
351001100100041660,-42.745425,-71.056573,937.8367,915.82,21.245,0.77,PASA
351001100100041661,-42.745139,-71.055998,936.1955,914.46,21.244,0.49,PASA
351001100100041662,-42.744281,-71.054272,932.86566,909.34,21.239,2.29,PASA
351001100100041663,-42.743996,-71.053700,928.10895,907.84,21.237,-0.97,PASA
351001100100041664,-42.743710,-71.053124,927.3161,906.88,21.235,-0.80,PASA
351001100100041665,-42.743424,-71.052549,926.52124,906.67,21.234,-1.38,PASA
351001100100041666,-42.743138,-71.051973,925.2949,905.46,21.232,-1.40,PASA
351001100100041667,-42.742852,-71.051397,925.1843,905.23,21.230,-1.27,PASA
351001100100041668,-42.742566,-71.050822,923.8304,903.92,21.229,-1.32,PASA
351001100100041669,-42.742279,-71.050243,926.7939,909.98,21.227,-4.41,PASA
351001100100041670,-42.741989,-71.049657,938.6693,920.21,21.225,-2.77,PASA
351001100100041671,-42.741701,-71.049077,942.9237,921.95,21.223,-0.25,PASA
351001100100041672,-42.741414,-71.048498,945.35895,928.36,21.222,-4.22,PASA
351001100100041673,-42.741125,-71.047916,952.56366,931.94,21.220,-0.59,PASA
351001100100041674,-42.740840,-71.047343,948.7815,929.13,21.218,-1.57,PASA
351001100100041675,-42.740555,-71.046770,944.2659,924.57,21.217,-1.53,PASA
351001100100041676,-42.740267,-71.046191,947.8813,928.48,21.215,-1.81,PASA
351001100100041677,-42.739981,-71.045615,946.7146,927.01,21.213,-1.51,PASA
351001100100041678,-42.739693,-71.045035,951.03815,931.05,21.212,-1.23,PASA
351001100100041679,-42.739400,-71.044442,970.4559,945.60,21.210,3.64,PASA
351001100100041680,-42.739111,-71.043858,979.2691,955.43,21.208,2.63,PASA
351001100100041681,-42.738825,-71.043284,976.8794,955.05,21.206,0.63,PASA
351001100100041682,-42.738539,-71.042709,975.1213,955.90,21.205,-1.99,PASA
351001100100041683,-42.738252,-71.042131,977.0042,957.83,21.203,-2.03,PASA
351001100100041684,-42.737964,-71.041551,981.507,962.28,21.201,-1.97,PASA
351001100100041685,-42.737677,-71.040972,984.26013,965.31,21.200,-2.25,PASA
351001100100041686,-42.737388,-71.040391,989.9234,967.53,21.199,1.20,PASA
351001100100041687,-42.737102,-71.039817,987.31476,965.39,21.197,0.73,PASA
351001100100041688,-42.736817,-71.039244,984.303,966.13,21.196,-3.02,PASA
351001100100041689,-42.736529,-71.038664,988.46326,971.58,21.195,-4.32,PASA
351001100100041690,-42.736240,-71.038082,994.99426,979.05,21.194,-5.25,FUERA_DE_UMBRAL
351001100100041691,-42.735950,-71.037498,1004.26105,982.25,21.192,0.82,PASA
351001100100041692,-42.735665,-71.036925,1000.3385,978.35,21.191,0.80,PASA
351001100100041695,-42.734805,-71.035200,997.08386,978.50,21.187,-2.60,PASA
351001100100041696,-42.734518,-71.034622,999.9649,979.73,21.186,-0.95,PASA
351001100100041697,-42.734230,-71.034043,1002.71735,982.42,21.184,-0.89,PASA
351001100100041698,-42.733942,-71.033466,1004.4442,985.35,21.183,-2.09,PASA
351001100100041699,-42.733652,-71.032881,1014.7023,992.87,21.182,0.65,PASA
351001100100041700,-42.733363,-71.032301,1020.1001,998.27,21.180,0.65,PASA
351001100100041701,-42.733074,-71.031719,1026.6863,1009.96,21.179,-4.46,PASA
351001100100041702,-42.732783,-71.031132,1039.4093,1016.97,21.178,1.26,PASA
351001100100041703,-42.732496,-71.030557,1038.878,1015.25,21.176,2.45,PASA
351001100100041704,-42.732206,-71.029971,1050.2919,1026.19,21.175,2.93,PASA
351001100100041705,-42.731920,-71.029398,1046.9458,1025.53,21.174,0.24,PASA
351001100100041706,-42.731634,-71.028826,1043.4092,1027.41,21.172,-5.18,FUERA_DE_UMBRAL
351001100100041707,-42.731346,-71.028248,1046.2067,1030.40,21.171,-5.37,FUERA_DE_UMBRAL
351001100100041708,-42.731056,-71.027664,1055.4546,1037.84,21.170,-3.55,PASA
351001100100041709,-42.730767,-71.027083,1061.0679,1044.52,21.168,-4.62,PASA
356600000400197576,-42.709281,-71.166129,1556.2786,1522.71,21.688,11.88,FUERA_DE_UMBRAL
356600000400197577,-42.709562,-71.165557,1535.1874,1506.42,21.686,7.08,FUERA_DE_UMBRAL
356600000400197578,-42.709844,-71.164985,1518.4921,1490.29,21.683,6.52,FUERA_DE_UMBRAL
356600000400197581,-42.710690,-71.163270,1468.0364,1451.87,21.676,-5.51,FUERA_DE_UMBRAL
356600000400197582,-42.710975,-71.162695,1463.8218,1450.83,21.674,-8.68,FUERA_DE_UMBRAL
356600000400197583,-42.711262,-71.162120,1464.194,1446.33,21.671,-3.80,PASA
356600000400197618,-42.721240,-71.142020,1289.0974,1270.47,21.585,-2.96,PASA
356600000400197631,-42.724928,-71.134555,1185.557,1161.63,21.552,2.37,PASA
356600000400197632,-42.725213,-71.133980,1182.0563,1157.86,21.550,2.65,PASA
356600000400197647,-42.729480,-71.125365,1097.6385,1069.56,21.511,6.57,FUERA_DE_UMBRAL
356600000400197648,-42.729763,-71.124792,1084.726,1063.51,21.509,-0.29,PASA
356600000400197649,-42.730049,-71.124217,1084.151,1060.41,21.506,2.24,PASA
356600000400197655,-42.731759,-71.120771,1055.6013,1033.93,21.492,0.18,PASA
356600000400197659,-42.732899,-71.118475,1034.8495,1016.25,21.482,-2.88,PASA
356600000400197660,-42.733184,-71.117901,1028.8357,1010.92,21.479,-3.57,PASA
356600000400197663,-42.734042,-71.116176,1022.5865,1001.32,21.472,-0.21,PASA
356600000400197670,-42.736046,-71.112149,1015.78436,993.36,21.455,0.97,PASA
356600000400197671,-42.736332,-71.111574,1014.81195,992.43,21.452,0.93,PASA
356600000400197727,-42.752305,-71.079348,931.2339,908.45,21.315,1.47,PASA
356600000400197729,-42.752876,-71.078198,929.64404,907.18,21.311,1.15,PASA
356600000400197757,-42.760890,-71.062087,950.66425,927.19,21.255,2.22,PASA
356600000400197775,-42.766029,-71.051714,958.05615,935.99,21.220,0.85,PASA
356600000400197778,-42.766886,-71.049984,964.1748,940.84,21.214,2.12,PASA
356600000400197790,-42.770303,-71.043074,930.28326,907.46,21.191,1.64,PASA
356600000400197792,-42.770874,-71.041922,930.1367,907.75,21.187,1.20,PASA
356600100400193028,-42.733065,-71.131820,1047.8949,1026.13,21.537,0.23,PASA
356600100400193030,-42.733637,-71.130670,1046.3903,1023.74,21.532,1.12,PASA
356600100400193032,-42.734208,-71.129519,1043.3431,1021.34,21.526,0.47,PASA
356600100400193035,-42.735066,-71.127793,1042.7006,1019.32,21.519,1.86,PASA
356600100400193036,-42.735353,-71.127217,1044.8416,1020.69,21.516,2.64,PASA
356600100400193037,-42.735640,-71.126642,1045.8953,1022.87,21.513,1.51,PASA
356600100400193040,-42.736501,-71.124913,1058.3289,1037.62,21.506,-0.80,PASA
356600100400193043,-42.737364,-71.123185,1072.0144,1046.35,21.498,4.17,PASA
356600100400193045,-42.737937,-71.122034,1072.3453,1050.52,21.493,0.33,PASA
356600100400193047,-42.738509,-71.120884,1070.0564,1044.35,21.488,4.22,PASA
356600100400193048,-42.738798,-71.120307,1078.8915,1048.93,21.486,8.47,FUERA_DE_UMBRAL
356600100400193050,-42.739376,-71.119153,1099.4562,1077.87,21.481,0.10,PASA
356600100400193051,-42.739668,-71.118574,1119.0391,1094.91,21.478,2.65,PASA
356600100400193052,-42.739957,-71.117996,1129.7224,1099.89,21.476,8.35,FUERA_DE_UMBRAL
356600100400193139,-42.764791,-71.067946,986.8212,965.71,21.272,-0.16,PASA
356600100400193167,-42.772780,-71.051818,970.93506,949.29,21.218,0.43,PASA
356600100400193168,-42.773065,-71.051242,970.8891,948.74,21.216,0.94,PASA
356600100400193204,-42.783336,-71.030506,921.52405,901.58,21.159,-1.21,PASA
356600100400193206,-42.783905,-71.029356,910.6883,889.80,21.156,-0.27,PASA
356600200400198172,-42.713695,-71.180944,1375.3242,1350.66,21.739,2.92,PASA
356600200400198173,-42.713977,-71.180372,1358.3164,1335.62,21.737,0.96,PASA
356600200400198174,-42.714260,-71.179799,1342.0103,1320.59,21.735,-0.32,PASA
356600200400198175,-42.714544,-71.179226,1332.3456,1313.02,21.733,-2.41,PASA
356600200400198176,-42.714829,-71.178651,1326.5222,1305.27,21.731,-0.48,PASA
356600200400198179,-42.715696,-71.176921,1362.3259,1340.47,21.725,0.13,PASA
356600200400198252,-42.736821,-71.134366,1144.0908,1115.48,21.546,7.06,FUERA_DE_UMBRAL
356600200400198260,-42.739108,-71.129763,1133.2532,1104.76,21.525,6.97,FUERA_DE_UMBRAL
356600200400198261,-42.739393,-71.129187,1128.9557,1099.35,21.522,8.08,FUERA_DE_UMBRAL
356600200400198262,-42.739678,-71.128612,1126.2969,1103.36,21.520,1.41,PASA
356600200400198264,-42.740257,-71.127456,1154.6826,1135.12,21.514,-1.96,PASA
356600200400198266,-42.740833,-71.126301,1173.2711,1143.89,21.509,7.88,FUERA_DE_UMBRAL
356600200400198267,-42.741117,-71.125726,1166.1979,1139.17,21.507,5.53,FUERA_DE_UMBRAL
356600200400198268,-42.741403,-71.125150,1167.0813,1141.02,21.504,4.55,PASA
356600200400198269,-42.741689,-71.124574,1166.9086,1140.50,21.501,4.91,PASA
356600200400198270,-42.741973,-71.124000,1158.99,1131.88,21.499,5.61,FUERA_DE_UMBRAL
356600200400198272,-42.742542,-71.122850,1145.474,1117.32,21.494,6.66,FUERA_DE_UMBRAL
356600200400198285,-42.746519,-71.114804,1037.9274,1015.50,21.459,0.97,PASA
356600200400198287,-42.747089,-71.113654,1030.7156,1007.52,21.454,1.74,PASA
356600200400198289,-42.747660,-71.112503,1023.4371,1000.40,21.449,1.59,PASA
356600200400198299,-42.750516,-71.106751,1002.4884,979.06,21.424,2.00,PASA
356600200400198302,-42.751371,-71.105026,988.0562,966.31,21.416,0.33,PASA
356600200400198310,-42.753660,-71.100423,977.69135,953.04,21.396,3.25,PASA
356600200400198319,-42.756230,-71.095245,949.0341,926.41,21.374,1.25,PASA
356600200400198321,-42.757091,-71.093515,958.4179,937.06,21.366,-0.01,PASA
356600200400198326,-42.758527,-71.090629,988.6191,960.56,21.354,6.70,FUERA_DE_UMBRAL
356600200400198336,-42.761382,-71.084864,993.34515,970.28,21.329,1.74,PASA
356600200400198338,-42.761954,-71.083710,997.78754,972.15,21.324,4.31,PASA
356600200400198344,-42.763659,-71.080256,973.27234,949.84,21.311,2.12,PASA
356600200400198347,-42.764516,-71.078526,977.09955,953.54,21.305,2.26,PASA
356600200400198349,-42.765087,-71.077374,978.51105,954.71,21.302,2.50,PASA
356600200400198359,-42.767943,-71.071613,986.5968,962.67,21.282,2.65,PASA
356600200400198373,-42.771947,-71.063555,999.9475,978.13,21.255,0.57,PASA
356600200400198385,-42.775384,-71.056651,1012.6386,988.41,21.231,2.99,PASA
356600200400198399,-42.779672,-71.048017,1011.14526,989.20,21.203,0.74,PASA
356600200400198405,-42.781377,-71.044565,978.0858,956.61,21.192,0.29,PASA
356600200400198406,-42.781662,-71.043989,973.50525,952.99,21.190,-0.67,PASA
356600200400198418,-42.785070,-71.037080,911.76825,890.14,21.172,0.46,PASA
356600200400198419,-42.785356,-71.036503,916.2005,892.31,21.171,2.72,PASA
356600200400198420,-42.785643,-71.035926,920.75006,896.96,21.170,2.62,PASA
356600200400198425,-42.787064,-71.033046,898.87134,877.83,21.163,-0.12,PASA
356600200400198427,-42.787633,-71.031894,890.5072,868.38,21.161,0.97,PASA
356600200400198429,-42.788203,-71.030742,886.6067,861.94,21.158,3.51,PASA
356600200400198433,-42.789340,-71.028438,867.6359,845.15,21.153,1.33,PASA
356600300400192993,-42.711817,-71.198305,1347.5032,1328.13,21.800,-2.43,PASA
356600300400192994,-42.712106,-71.197729,1358.0049,1338.57,21.798,-2.37,PASA
356600300400192995,-42.712395,-71.197154,1368.1807,1350.11,21.796,-3.72,PASA
356600300400193019,-42.719257,-71.183387,1236.999,1220.40,21.747,-5.15,FUERA_DE_UMBRAL
356600300400193028,-42.721879,-71.178181,1442.1718,1416.78,21.728,3.66,PASA
356600300400193075,-42.735239,-71.151180,1084.8251,1079.09,21.618,-15.89,FUERA_DE_UMBRAL
356600300400193115,-42.747006,-71.127569,1185.5065,1161.20,21.511,2.80,PASA
356600300400193123,-42.749288,-71.122964,1164.7356,1137.41,21.491,5.83,FUERA_DE_UMBRAL
356600300400193124,-42.749571,-71.122390,1151.1863,1128.17,21.488,1.53,PASA
356600300400193126,-42.750420,-71.120668,1112.2766,1086.62,21.481,4.18,PASA
356600300400193128,-42.750989,-71.119518,1098.6846,1072.65,21.476,4.56,PASA
356600300400193130,-42.751558,-71.118368,1087.0546,1062.12,21.470,3.46,PASA
356600300400193132,-42.752127,-71.117219,1070.3035,1043.33,21.465,5.51,FUERA_DE_UMBRAL
356600300400193140,-42.754407,-71.112618,1035.6388,1009.18,21.445,5.01,FUERA_DE_UMBRAL
356600300400193143,-42.755261,-71.110894,1017.36426,993.39,21.438,2.53,PASA
356600300400193146,-42.756116,-71.109169,1000.1563,973.22,21.430,5.51,FUERA_DE_UMBRAL
356600300400193147,-42.756400,-71.108594,993.67194,967.65,21.427,4.60,PASA
356600300400193150,-42.757256,-71.106870,977.20044,952.29,21.420,3.49,PASA
356600300400193153,-42.758111,-71.105145,962.9842,940.03,21.412,1.54,PASA
356600300400193154,-42.758397,-71.104570,961.06445,938.18,21.410,1.48,PASA
356600300400193155,-42.758683,-71.103994,960.1758,937.45,21.407,1.32,PASA
356600300400193156,-42.758970,-71.103419,959.57,936.82,21.405,1.35,PASA
356600300400193157,-42.759256,-71.102843,958.5669,936.24,21.402,0.93,PASA
356600300400193158,-42.759542,-71.102267,959.35114,936.27,21.400,1.69,PASA
356600300400193159,-42.759829,-71.101692,958.5574,936.42,21.397,0.74,PASA
356600300400193163,-42.760977,-71.099387,970.09375,947.81,21.387,0.89,PASA
356600300400193164,-42.761266,-71.098809,984.4093,962.66,21.385,0.37,PASA
356600300400193167,-42.762127,-71.097079,993.18115,973.72,21.377,-1.92,PASA
356600300400193169,-42.762699,-71.095928,991.458,970.97,21.372,-0.88,PASA
356600300400193170,-42.762986,-71.095351,993.4313,972.18,21.370,-0.12,PASA
356600300400193171,-42.763272,-71.094775,996.6795,973.71,21.367,1.60,PASA
356600300400193174,-42.764130,-71.093046,995.6984,972.76,21.360,1.58,PASA
356600300400193180,-42.765848,-71.089585,1014.28107,992.31,21.345,0.62,PASA
356600300400193183,-42.766702,-71.087857,1002.2925,980.23,21.338,0.73,PASA
356600300400193184,-42.766988,-71.087280,1002.30304,980.89,21.335,0.07,PASA
356600300400193185,-42.767274,-71.086703,1005.78125,985.70,21.333,-1.25,PASA
356600300400193187,-42.767845,-71.085549,1009.7386,989.10,21.328,-0.69,PASA
356600300400193188,-42.768132,-71.084972,1015.05347,995.19,21.325,-1.47,PASA
356600300400193191,-42.768989,-71.083241,1025.5623,1004.76,21.318,-0.51,PASA
356600300400193194,-42.769849,-71.081509,1045.4785,1022.89,21.312,1.28,PASA
356600300400193197,-42.770707,-71.079778,1058.4954,1033.01,21.306,4.18,PASA
356600300400193198,-42.770992,-71.079202,1053.2018,1029.54,21.304,2.36,PASA
356600300400193201,-42.771850,-71.077472,1063.221,1034.20,21.298,7.73,FUERA_DE_UMBRAL
356600300400193208,-42.773845,-71.073442,1050.2534,1028.34,21.284,0.63,PASA
356600300400193210,-42.774416,-71.072290,1051.5247,1027.66,21.281,2.58,PASA
356600300400193211,-42.774701,-71.071715,1047.2335,1024.05,21.279,1.90,PASA
356600300400193222,-42.777846,-71.065383,1056.0837,1034.08,21.257,0.75,PASA
356600300400193223,-42.778134,-71.064806,1065.387,1041.90,21.256,2.24,PASA
356600300400193224,-42.778422,-71.064229,1071.971,1048.12,21.254,2.60,PASA
356600300400193228,-42.779562,-71.061931,1052.4677,1031.39,21.246,-0.16,PASA
356600300400193231,-42.780418,-71.060208,1039.232,1019.04,21.240,-1.05,PASA
356600300400193232,-42.780702,-71.059634,1032.6235,1011.91,21.238,-0.53,PASA
356600300400193234,-42.781273,-71.058484,1024.6625,1002.90,21.235,0.53,PASA
356600300400193239,-42.782700,-71.055611,1006.173,986.45,21.225,-1.50,PASA
356600300400193240,-42.782985,-71.055036,1002.5677,981.51,21.223,-0.17,PASA
356600300400193243,-42.783840,-71.053312,988.1853,967.59,21.218,-0.63,PASA
356600300400193246,-42.784697,-71.051585,983.5237,962.43,21.212,-0.12,PASA
356600300400193248,-42.785264,-71.050437,963.51337,940.81,21.208,1.49,PASA
356600300400193249,-42.785830,-71.049289,936.77026,914.69,21.205,0.88,PASA
356600300400193250,-42.786114,-71.048714,930.0953,907.83,21.203,1.07,PASA
356600300400193251,-42.786399,-71.048138,928.5633,906.93,21.201,0.43,PASA
356600300400193253,-42.786971,-71.046985,932.1388,907.89,21.197,3.05,PASA
356600300400193256,-42.787830,-71.045254,944.3991,920.32,21.191,2.89,PASA
356600300400193259,-42.788688,-71.043523,952.99054,927.97,21.186,3.83,PASA
356600300400193260,-42.788972,-71.042948,949.1054,924.72,21.184,3.20,PASA
356600300400193261,-42.789255,-71.042373,934.668,913.39,21.182,0.09,PASA
356600300400193267,-42.790965,-71.038914,930.8322,907.20,21.174,2.46,PASA
356600300400193271,-42.792098,-71.036613,894.42676,872.52,21.169,0.74,PASA
356600300400193282,-42.795231,-71.030274,866.0088,844.25,21.157,0.60,PASA
356600300400193283,-42.795515,-71.029698,860.8976,838.15,21.156,1.59,PASA
356600500400192863,-42.718931,-71.203109,1226.2246,1201.44,21.816,2.97,PASA
356600500400192864,-42.719219,-71.202532,1231.989,1205.50,21.814,4.68,PASA
356600500400192873,-42.721787,-71.197356,1218.1256,1191.80,21.796,4.53,PASA
356600500400192874,-42.722072,-71.196782,1215.5155,1190.84,21.794,2.88,PASA
356600500400192875,-42.722359,-71.196205,1219.3032,1189.99,21.792,7.52,FUERA_DE_UMBRAL
356600500400192876,-42.722643,-71.195631,1211.4243,1183.55,21.790,6.08,FUERA_DE_UMBRAL
356600500400192877,-42.722928,-71.195056,1208.3722,1180.80,21.788,5.78,FUERA_DE_UMBRAL
356600500400192878,-42.723214,-71.194481,1209.1663,1181.49,21.785,5.89,FUERA_DE_UMBRAL
356600500400192888,-42.726068,-71.188729,1186.1085,1159.78,21.765,4.56,PASA
356600500400192889,-42.726354,-71.188154,1183.6174,1158.56,21.763,3.30,PASA
356600500400192890,-42.726640,-71.187579,1180.6521,1156.04,21.761,2.85,PASA
356600500400192891,-42.726926,-71.187003,1181.775,1156.76,21.758,3.26,PASA
356600500400192892,-42.727210,-71.186430,1173.179,1150.76,21.756,0.67,PASA
356600500400192893,-42.727497,-71.185853,1176.9645,1152.35,21.754,2.87,PASA
356600500400192894,-42.727785,-71.185276,1183.7404,1155.11,21.752,6.87,FUERA_DE_UMBRAL
356600500400192895,-42.728073,-71.184699,1189.3298,1159.20,21.750,8.38,FUERA_DE_UMBRAL
356600500400192896,-42.728359,-71.184124,1188.3025,1158.74,21.748,7.82,FUERA_DE_UMBRAL
356600500400192897,-42.728644,-71.183550,1181.5233,1155.50,21.746,4.27,PASA
356600500400192906,-42.731245,-71.178350,1277.5256,1248.51,21.727,7.29,FUERA_DE_UMBRAL
356600500400192907,-42.731533,-71.177774,1280.6077,1253.98,21.725,4.91,PASA
356600500400192910,-42.732379,-71.176064,1216.8809,1190.32,21.718,4.84,PASA
356600500400192911,-42.732665,-71.175490,1211.7131,1186.62,21.716,3.37,PASA
356600500400192912,-42.732952,-71.174914,1215.8828,1191.49,21.714,2.68,PASA
356600500400192917,-42.734409,-71.172016,1314.8905,1294.56,21.704,-1.37,PASA
356600500400192918,-42.734698,-71.171439,1324.1028,1302.97,21.701,-0.57,PASA
356600500400192919,-42.734987,-71.170862,1331.5243,1306.82,21.699,3.00,PASA
356600500400192928,-42.737584,-71.165668,1406.9015,1377.15,21.679,8.07,FUERA_DE_UMBRAL
356600500400192931,-42.738447,-71.163938,1420.4778,1396.29,21.672,2.52,PASA
356600500400192932,-42.738734,-71.163362,1424.1427,1398.75,21.669,3.73,PASA
356600500400192933,-42.739021,-71.162786,1426.7882,1398.78,21.667,6.34,FUERA_DE_UMBRAL
356600500400192934,-42.739307,-71.162210,1426.7035,1398.32,21.664,6.72,FUERA_DE_UMBRAL
356600500400192935,-42.739592,-71.161635,1422.4031,1393.34,21.662,7.40,FUERA_DE_UMBRAL
356600500400192936,-42.739877,-71.161061,1414.2384,1387.19,21.659,5.39,FUERA_DE_UMBRAL
356600500400192937,-42.740163,-71.160486,1415.1947,1390.37,21.656,3.17,PASA
356600500400192951,-42.744131,-71.152461,1255.9414,1230.05,21.621,4.27,PASA
356600500400192952,-42.744414,-71.151888,1242.0981,1220.10,21.618,0.38,PASA
356600500400192953,-42.744697,-71.151315,1231.3203,1216.40,21.615,-6.69,FUERA_DE_UMBRAL
356600500400192954,-42.744984,-71.150739,1233.9694,1217.89,21.613,-5.53,FUERA_DE_UMBRAL
356600500400192959,-42.746409,-71.147865,1212.0083,1191.67,21.600,-1.26,PASA
356600500400192960,-42.746691,-71.147293,1196.5197,1179.25,21.597,-4.33,PASA
356600500400192961,-42.746980,-71.146715,1207.6364,1186.41,21.595,-0.37,PASA
356600500400192962,-42.747264,-71.146141,1200.0403,1185.25,21.592,-6.80,FUERA_DE_UMBRAL
356600500400192963,-42.747550,-71.145565,1201.5116,1184.32,21.589,-4.40,PASA
356600500400192964,-42.747834,-71.144992,1192.52,1174.04,21.587,-3.11,PASA
356600500400192965,-42.748119,-71.144418,1185.5594,1166.87,21.584,-2.90,PASA
356600500400192966,-42.748405,-71.143843,1184.936,1167.37,21.582,-4.02,PASA
356600500400192967,-42.748689,-71.143270,1173.3948,1157.13,21.579,-5.32,FUERA_DE_UMBRAL
356600500400192968,-42.748974,-71.142695,1168.5265,1148.95,21.576,-2.00,PASA
356600500400192969,-42.749260,-71.142120,1170.4203,1152.39,21.574,-3.54,PASA
356600500400192970,-42.749550,-71.141541,1183.7638,1160.82,21.571,1.37,PASA
356600500400192971,-42.749837,-71.140965,1186.8007,1165.29,21.568,-0.06,PASA
356600500400192972,-42.750122,-71.140391,1181.3845,1166.65,21.566,-6.83,FUERA_DE_UMBRAL
356600500400192973,-42.750410,-71.139813,1191.2255,1171.61,21.563,-1.94,PASA
356600500400192974,-42.750697,-71.139237,1192.972,1174.49,21.560,-3.08,PASA
356600500400192975,-42.750986,-71.138660,1201.6755,1182.44,21.557,-2.32,PASA
356600500400192976,-42.751276,-71.138081,1218.4099,1200.52,21.555,-3.66,PASA
356600500400192977,-42.751565,-71.137502,1231.3862,1213.43,21.552,-3.60,PASA
356600500400192978,-42.751855,-71.136924,1245.8569,1225.93,21.549,-1.62,PASA
356600500400192979,-42.752145,-71.136345,1261.2845,1235.37,21.546,4.37,PASA
356600500400192980,-42.752436,-71.135765,1278.2847,1252.47,21.544,4.28,PASA
356600500400192981,-42.752724,-71.135188,1286.2662,1260.78,21.541,3.95,PASA
356600500400192982,-42.753013,-71.134610,1297.2185,1271.18,21.538,4.50,PASA
356600500400192983,-42.753303,-71.134032,1310.3048,1285.64,21.535,3.13,PASA
356600500400192984,-42.753590,-71.133456,1313.7448,1293.35,21.533,-1.13,PASA
356600500400192985,-42.753881,-71.132877,1328.945,1302.65,21.530,4.76,PASA
356600500400192986,-42.754171,-71.132297,1347.0142,1319.85,21.527,5.64,FUERA_DE_UMBRAL
356600500400192987,-42.754458,-71.131722,1344.7576,1325.80,21.524,-2.57,PASA
356600500400192988,-42.754743,-71.131148,1338.6354,1321.11,21.522,-4.00,PASA
356600500400192989,-42.755031,-71.130571,1343.1309,1323.45,21.519,-1.83,PASA
356600500400192990,-42.755317,-71.129995,1343.0836,1321.04,21.516,0.53,PASA
356600500400192991,-42.755601,-71.129422,1331.4626,1308.67,21.514,1.28,PASA
356600500400192992,-42.755885,-71.128849,1320.1333,1296.95,21.511,1.67,PASA
356600500400192993,-42.756169,-71.128276,1308.5809,1283.32,21.508,3.75,PASA
356600500400192994,-42.756452,-71.127704,1291.3058,1267.26,21.505,2.54,PASA
356600500400192996,-42.757017,-71.126560,1257.5579,1234.02,21.500,2.04,PASA
356600500400192997,-42.757300,-71.125988,1243.71,1218.20,21.497,4.01,PASA
356600500400192998,-42.757582,-71.125416,1223.2811,1200.42,21.495,1.37,PASA
356600500400192999,-42.757866,-71.124843,1211.1813,1186.37,21.492,3.32,PASA
356600500400193000,-42.758149,-71.124270,1199.9434,1174.88,21.489,3.58,PASA
356600500400193001,-42.758433,-71.123696,1188.2565,1161.95,21.487,4.82,PASA
356600500400193010,-42.760960,-71.118555,989.601,974.57,21.464,-6.43,FUERA_DE_UMBRAL
356600500400193011,-42.761244,-71.117980,982.39575,964.57,21.462,-3.64,PASA
356600500400193012,-42.761528,-71.117406,975.56665,955.59,21.459,-1.48,PASA
356600500400193013,-42.761813,-71.116829,975.13434,952.89,21.457,0.79,PASA
356600500400193014,-42.762098,-71.116253,974.13257,952.20,21.454,0.48,PASA
356600500400193015,-42.762383,-71.115677,973.0753,951.57,21.452,0.06,PASA
356600500400193016,-42.762669,-71.115101,973.7292,951.12,21.449,1.16,PASA
356600500400193017,-42.762954,-71.114524,974.45,951.08,21.447,1.92,PASA
356600500400193018,-42.763240,-71.113948,973.62823,950.76,21.444,1.43,PASA
356600500400193019,-42.763525,-71.113372,974.40247,950.87,21.442,2.09,PASA
356600500400193020,-42.763811,-71.112795,976.08246,952.58,21.439,2.06,PASA
356600500400193021,-42.764096,-71.112219,975.4001,952.39,21.437,1.57,PASA
356600500400193022,-42.764381,-71.111644,972.6195,950.81,21.434,0.37,PASA
356600500400193023,-42.764666,-71.111067,973.2706,951.02,21.432,0.82,PASA
356600500400193024,-42.764952,-71.110491,975.60956,951.65,21.429,2.53,PASA
356600500400193025,-42.765237,-71.109915,974.19006,951.09,21.427,1.67,PASA
356600500400193026,-42.765523,-71.109339,975.2148,951.22,21.424,2.58,PASA
356600500400193027,-42.765810,-71.108761,983.3228,958.10,21.422,3.80,PASA
356600500400193028,-42.766099,-71.108181,999.79425,974.56,21.419,3.82,PASA
356600500400193029,-42.766388,-71.107602,1013.918,987.54,21.417,4.96,PASA
356600500400193030,-42.766676,-71.107024,1023.0373,999.51,21.414,2.11,PASA
356600500400193031,-42.766963,-71.106446,1032.9027,1008.11,21.412,3.38,PASA
356600500400193032,-42.767248,-71.105872,1027.0012,1003.14,21.409,2.45,PASA
356600500400193033,-42.767532,-71.105298,1020.33575,996.93,21.407,2.00,PASA
356600500400193034,-42.767819,-71.104720,1028.5734,1004.03,21.404,3.14,PASA
356600500400193035,-42.768105,-71.104145,1027.6337,1002.89,21.402,3.34,PASA
356600500400193036,-42.768390,-71.103570,1023.95807,1000.42,21.399,2.14,PASA
356600500400193037,-42.768675,-71.102994,1024.365,1001.02,21.397,1.95,PASA
356600500400193038,-42.768962,-71.102418,1026.308,1001.71,21.394,3.21,PASA
356600500400193039,-42.769247,-71.101843,1023.493,1001.03,21.392,1.07,PASA
356600500400193040,-42.769533,-71.101267,1025.2396,1002.90,21.389,0.95,PASA
356600500400193041,-42.769820,-71.100690,1032.3025,1010.43,21.387,0.49,PASA
356600500400193042,-42.770107,-71.100114,1037.9574,1015.54,21.384,1.04,PASA
356600500400193043,-42.770394,-71.099538,1038.4202,1015.29,21.382,1.75,PASA
356600500400193044,-42.770679,-71.098964,1035.408,1012.70,21.379,1.33,PASA
356600500400193045,-42.770964,-71.098389,1032.0985,1009.05,21.377,1.68,PASA
356600500400193046,-42.771249,-71.097815,1028.8442,1005.31,21.374,2.16,PASA
356600500400193047,-42.771535,-71.097240,1025.9218,1003.50,21.372,1.05,PASA
356600500400193048,-42.771820,-71.096666,1022.95544,1002.04,21.369,-0.45,PASA
356600500400193049,-42.772106,-71.096091,1022.1093,1000.66,21.367,0.08,PASA
356600500400193050,-42.772392,-71.095516,1022.02246,1000.44,21.365,0.22,PASA
356600500400193051,-42.772679,-71.094940,1024.1144,1001.48,21.362,1.27,PASA
356600500400193052,-42.772967,-71.094362,1034.8354,1009.57,21.360,3.91,PASA
356600500400193053,-42.773256,-71.093785,1043.5188,1018.03,21.357,4.14,PASA
356600500400193054,-42.773543,-71.093209,1049.9447,1023.09,21.355,5.50,FUERA_DE_UMBRAL
356600500400193055,-42.773830,-71.092634,1051.0942,1024.87,21.352,4.87,PASA
356600500400193056,-42.774115,-71.092060,1045.4303,1022.99,21.350,1.09,PASA
356600500400193057,-42.774400,-71.091486,1041.8706,1019.77,21.347,0.75,PASA
356600500400193058,-42.774686,-71.090911,1041.0983,1018.93,21.345,0.83,PASA
356600500400193059,-42.774974,-71.090335,1046.9321,1023.55,21.342,2.04,PASA
356600500400193060,-42.775263,-71.089757,1058.726,1036.48,21.340,0.90,PASA
356600500400193061,-42.775550,-71.089181,1063.6976,1040.69,21.337,1.67,PASA
356600500400193062,-42.775836,-71.088606,1060.8732,1039.10,21.335,0.44,PASA
356600500400193063,-42.776123,-71.088031,1063.2141,1040.72,21.333,1.16,PASA
356600500400193064,-42.776409,-71.087456,1062.8823,1040.68,21.330,0.87,PASA
356600500400193065,-42.776693,-71.086883,1050.7773,1028.41,21.328,1.04,PASA
356600500400193066,-42.776978,-71.086309,1046.2015,1024.66,21.325,0.21,PASA
356600500400193067,-42.777266,-71.085732,1053.6614,1028.88,21.323,3.45,PASA
356600500400193068,-42.777555,-71.085154,1067.313,1042.72,21.320,3.27,PASA
356600500400193069,-42.777840,-71.084579,1064.075,1043.06,21.318,-0.31,PASA
356600500400193070,-42.778125,-71.084005,1059.0173,1038.76,21.315,-1.05,PASA
356600500400193071,-42.778411,-71.083430,1055.9598,1035.76,21.313,-1.11,PASA
356600500400193072,-42.778696,-71.082855,1053.4147,1033.70,21.311,-1.60,PASA
356600500400193073,-42.778982,-71.082280,1053.1655,1032.12,21.309,-0.26,PASA
356600500400193074,-42.779269,-71.081704,1054.9407,1033.87,21.307,-0.23,PASA
356600500400193075,-42.779554,-71.081128,1055.1921,1035.15,21.305,-1.27,PASA
356600500400193076,-42.779841,-71.080552,1057.1268,1036.40,21.303,-0.58,PASA
356600500400193077,-42.780126,-71.079976,1056.5616,1035.56,21.301,-0.30,PASA
356600500400193078,-42.780411,-71.079401,1052.3243,1030.59,21.299,0.44,PASA
356600500400193079,-42.780697,-71.078825,1051.047,1028.72,21.297,1.03,PASA
356600500400193080,-42.780981,-71.078251,1043.848,1022.79,21.296,-0.24,PASA
356600500400193081,-42.781265,-71.077676,1038.2472,1017.86,21.294,-0.90,PASA
356600500400193082,-42.781551,-71.077100,1037.6165,1016.70,21.292,-0.37,PASA
356600500400193083,-42.781836,-71.076525,1036.5709,1015.47,21.290,-0.19,PASA
356600500400193084,-42.782122,-71.075948,1036.7905,1014.19,21.288,1.31,PASA
356600500400193085,-42.782405,-71.075374,1027.242,1006.29,21.286,-0.33,PASA
356600500400193086,-42.782690,-71.074799,1023.5969,1002.23,21.284,0.08,PASA
356600500400193087,-42.782974,-71.074223,1020.4678,999.84,21.282,-0.65,PASA
356600500400193088,-42.783259,-71.073648,1016.9657,996.82,21.280,-1.14,PASA
356600500400193089,-42.783544,-71.073072,1013.5552,992.57,21.278,-0.29,PASA
356600500400193090,-42.783827,-71.072497,1006.00195,985.97,21.276,-1.24,PASA
356600500400193091,-42.784112,-71.071922,1000.9285,981.00,21.274,-1.34,PASA
356600500400193092,-42.784396,-71.071347,995.4511,974.13,21.273,0.05,PASA
356600500400193093,-42.784680,-71.070772,990.81805,969.54,21.271,0.01,PASA
356600500400193094,-42.784965,-71.070196,989.8255,968.69,21.269,-0.13,PASA
356600500400193095,-42.785252,-71.069618,994.2199,972.08,21.267,0.88,PASA
356600500400193096,-42.785538,-71.069041,997.52185,974.41,21.265,1.85,PASA
356600500400193097,-42.785823,-71.068464,998.1193,975.19,21.263,1.67,PASA
356600500400193098,-42.786109,-71.067888,998.37286,975.87,21.261,1.24,PASA
356600500400193099,-42.786393,-71.067312,994.8006,973.19,21.259,0.35,PASA
356600500400193100,-42.786677,-71.066737,987.8033,966.25,21.257,0.30,PASA
356600500400193101,-42.786961,-71.066163,978.59534,957.80,21.255,-0.46,PASA
356600500400193102,-42.787245,-71.065588,974.16626,953.52,21.254,-0.60,PASA
356600500400193103,-42.787530,-71.065012,972.1014,951.34,21.252,-0.49,PASA
356600500400193104,-42.787815,-71.064436,970.56647,949.48,21.250,-0.17,PASA
356600500400193105,-42.788101,-71.063859,972.2818,951.16,21.248,-0.12,PASA
356600500400193106,-42.788387,-71.063282,973.0669,951.75,21.246,0.07,PASA
356600500400193107,-42.788672,-71.062705,974.46967,952.80,21.244,0.43,PASA
356600500400193108,-42.788958,-71.062129,975.015,952.66,21.242,1.11,PASA
356600500400193109,-42.789243,-71.061553,972.4025,950.81,21.240,0.35,PASA
356600500400193110,-42.789527,-71.060978,966.36176,944.70,21.238,0.43,PASA
356600500400193111,-42.789811,-71.060403,960.0155,938.24,21.237,0.54,PASA
356600500400193112,-42.790096,-71.059827,956.5358,933.82,21.235,1.48,PASA
356600500400193113,-42.790381,-71.059251,954.97064,931.97,21.233,1.76,PASA
356600500400193114,-42.790666,-71.058676,950.49835,928.28,21.231,0.98,PASA
356600500400193115,-42.790951,-71.058100,947.08325,924.26,21.229,1.59,PASA
356600500400193116,-42.791235,-71.057525,942.5052,920.41,21.227,0.87,PASA
356600500400193117,-42.791521,-71.056949,940.2326,918.45,21.225,0.56,PASA
356600500400193118,-42.791806,-71.056372,940.5297,918.23,21.224,1.08,PASA
356600500400193119,-42.792092,-71.055796,940.3027,918.02,21.222,1.06,PASA
356600500400193120,-42.792377,-71.055220,938.9999,916.89,21.220,0.89,PASA
356600500400193121,-42.792663,-71.054644,937.88934,915.34,21.218,1.33,PASA
356600500400193122,-42.792948,-71.054069,934.81824,911.81,21.216,1.80,PASA
356600500400193123,-42.793233,-71.053494,929.8125,907.87,21.215,0.73,PASA
356600500400193124,-42.793517,-71.052918,925.02814,903.86,21.213,-0.04,PASA
356600500400193125,-42.793803,-71.052343,923.1062,901.16,21.211,0.74,PASA
356600500400193126,-42.794088,-71.051767,921.04224,898.51,21.209,1.33,PASA
356600500400193127,-42.794373,-71.051192,917.45514,894.37,21.208,1.88,PASA
356600500400193128,-42.794658,-71.050617,912.1278,890.79,21.206,0.14,PASA
356600500400193129,-42.794943,-71.050042,906.4613,885.87,21.204,-0.61,PASA
356600500400193130,-42.795227,-71.049467,900.16223,878.36,21.202,0.60,PASA
356600500400193131,-42.795512,-71.048892,894.1716,871.42,21.201,1.55,PASA
356600500400193132,-42.795795,-71.048318,884.6511,863.71,21.199,-0.26,PASA
356600500400193133,-42.796080,-71.047743,880.9206,859.78,21.197,-0.05,PASA
356600500400193134,-42.796366,-71.047167,878.8663,858.20,21.195,-0.52,PASA
356600500400193135,-42.796651,-71.046592,876.9336,855.91,21.194,-0.17,PASA
356600500400193136,-42.796937,-71.046016,874.14496,852.59,21.192,0.36,PASA
356600500400193137,-42.797223,-71.045440,874.0211,852.60,21.190,0.23,PASA
356600500400193138,-42.797509,-71.044864,874.406,852.97,21.189,0.24,PASA
356600500400193139,-42.797795,-71.044287,876.5909,853.93,21.187,1.48,PASA
356600500400193140,-42.798082,-71.043710,881.75665,857.50,21.185,3.07,PASA
356600500400193141,-42.798370,-71.043132,887.95233,864.33,21.184,2.43,PASA
356600500400193142,-42.798656,-71.042556,888.3775,865.04,21.182,2.15,PASA
356600500400193143,-42.798941,-71.041981,881.6367,858.90,21.180,1.56,PASA
356600500400193144,-42.799225,-71.041407,874.18115,852.19,21.179,0.82,PASA
356600500400193145,-42.799510,-71.040831,870.25555,848.12,21.178,0.96,PASA
356600500400193146,-42.799795,-71.040256,866.71277,844.82,21.177,0.72,PASA
356600500400193147,-42.800080,-71.039681,860.22864,838.72,21.176,0.34,PASA
356600500400193148,-42.800365,-71.039105,856.7156,835.11,21.174,0.43,PASA
356600500400193149,-42.800650,-71.038529,852.6143,831.11,21.173,0.33,PASA
356600500400193150,-42.800936,-71.037953,849.98816,827.84,21.172,0.98,PASA
356600500400193151,-42.801221,-71.037378,846.54407,825.40,21.171,-0.02,PASA
356600500400193152,-42.801507,-71.036801,844.66113,823.40,21.170,0.10,PASA
356600500400193153,-42.801794,-71.036223,850.6148,827.54,21.169,1.91,PASA
356600500400193154,-42.802082,-71.035646,855.20624,832.39,21.168,1.65,PASA
356600500400193155,-42.802368,-71.035069,854.82043,832.64,21.167,1.01,PASA
356600500400193156,-42.802652,-71.034494,845.49493,826.31,21.166,-1.98,PASA
356600500400193157,-42.802935,-71.033921,833.1482,815.14,21.165,-3.16,PASA
356600500400193158,-42.803219,-71.033345,825.76404,806.12,21.164,-1.52,PASA
356600500400193159,-42.803505,-71.032769,825.2221,803.72,21.163,0.34,PASA
356600500400193160,-42.803792,-71.032191,827.65643,804.03,21.162,2.46,PASA
356600500400193161,-42.804078,-71.031615,826.2509,803.35,21.161,1.74,PASA
356600500400193162,-42.804363,-71.031039,822.9345,801.61,21.160,0.17,PASA
356600500400193163,-42.804649,-71.030463,819.92993,799.21,21.159,-0.44,PASA
356600500400193164,-42.804934,-71.029887,817.6832,797.28,21.158,-0.76,PASA
356600500400193165,-42.805220,-71.029310,818.04956,796.54,21.157,0.35,PASA
356600600401033970,-42.722729,-71.209123,1296.7339,1273.38,21.836,1.52,PASA
356600600401033971,-42.723018,-71.208545,1310.5109,1283.48,21.835,5.19,FUERA_DE_UMBRAL
356600600401033983,-42.726452,-71.201639,1323.0088,1296.48,21.811,4.71,PASA
356600600401033989,-42.728181,-71.198171,1389.0819,1363.97,21.798,3.31,PASA
356600600401033990,-42.728463,-71.197599,1374.3855,1355.02,21.796,-2.43,PASA
356600600401033991,-42.728746,-71.197027,1358.9437,1339.23,21.794,-2.08,PASA
356600600401033999,-42.730998,-71.192459,1197.1284,1175.80,21.777,-0.45,PASA
356600600401034000,-42.731284,-71.191883,1197.5371,1173.83,21.775,1.94,PASA
356600600401034002,-42.731866,-71.190721,1241.52,1210.98,21.771,8.77,FUERA_DE_UMBRAL
356600600401034004,-42.732431,-71.189577,1210.525,1185.54,21.767,3.22,PASA
356600600401034005,-42.732718,-71.189000,1213.9702,1191.89,21.765,0.32,PASA
356600600401034026,-42.738769,-71.176879,1374.1997,1346.26,21.720,6.22,FUERA_DE_UMBRAL
356600600401034029,-42.739634,-71.175149,1394.2961,1365.30,21.714,7.29,FUERA_DE_UMBRAL
356600600401034030,-42.739923,-71.174572,1404.8578,1380.25,21.712,2.90,PASA
356600600401034038,-42.742188,-71.170003,1261.8815,1235.61,21.695,4.57,PASA
356600600401034039,-42.742473,-71.169430,1254.6842,1227.94,21.693,5.05,FUERA_DE_UMBRAL
356600600401034040,-42.742759,-71.168856,1248.9396,1220.77,21.690,6.48,FUERA_DE_UMBRAL
356600600401034042,-42.743327,-71.167711,1223.8317,1199.28,21.686,2.86,PASA
356600600401034043,-42.743608,-71.167141,1198.1998,1179.33,21.684,-2.81,PASA
356600600401034058,-42.747926,-71.158481,1310.2094,1293.05,21.646,-4.49,PASA
356600600401034059,-42.748212,-71.157904,1313.8146,1291.47,21.643,0.70,PASA
356600600401034060,-42.748496,-71.157331,1303.8821,1278.11,21.640,4.14,PASA
356600600401034061,-42.748779,-71.156758,1287.9546,1263.65,21.638,2.66,PASA
356600600401034062,-42.749064,-71.156183,1284.6302,1255.52,21.635,7.48,FUERA_DE_UMBRAL
356600600401034063,-42.749350,-71.155607,1284.8887,1255.46,21.633,7.80,FUERA_DE_UMBRAL
356600600401034064,-42.749634,-71.155034,1274.8114,1253.59,21.630,-0.41,PASA
356600600401034065,-42.749917,-71.154461,1260.5411,1239.66,21.627,-0.75,PASA
356600600401034066,-42.750200,-71.153888,1247.9988,1225.76,21.625,0.61,PASA
356600600401034067,-42.750484,-71.153315,1238.3035,1215.56,21.622,1.12,PASA
356600600401034068,-42.750768,-71.152741,1229.8627,1207.08,21.619,1.17,PASA
356600600401034069,-42.751052,-71.152167,1220.1681,1198.06,21.616,0.49,PASA
356600600401034070,-42.751336,-71.151593,1212.6392,1188.08,21.614,2.95,PASA
356600600401034075,-42.753318,-71.147586,1114.0406,1085.86,21.594,6.59,FUERA_DE_UMBRAL
356600600401034076,-42.753602,-71.147012,1106.8706,1074.91,21.592,10.37,FUERA_DE_UMBRAL
356600600401034077,-42.753886,-71.146439,1094.6969,1063.41,21.589,9.70,FUERA_DE_UMBRAL
356600600401034078,-42.754168,-71.145867,1078.6967,1050.34,21.586,6.78,FUERA_DE_UMBRAL
356600600401034079,-42.754452,-71.145295,1066.6594,1047.02,21.583,-1.94,PASA
356600600401034086,-42.756472,-71.141248,1145.3608,1126.47,21.564,-2.68,PASA
356600600401034087,-42.756761,-71.140670,1156.3123,1134.89,21.561,-0.14,PASA
356600600401034088,-42.757049,-71.140093,1163.2717,1139.44,21.559,2.27,PASA
356600600401034089,-42.757901,-71.138373,1131.1187,1106.01,21.550,3.55,PASA
356600600401034090,-42.758185,-71.137801,1119.1492,1093.30,21.548,4.30,PASA
356600600401034091,-42.758470,-71.137227,1110.1554,1083.50,21.545,5.11,FUERA_DE_UMBRAL
356600600401034092,-42.758755,-71.136654,1100.6904,1073.50,21.542,5.65,FUERA_DE_UMBRAL
356600600401034093,-42.759038,-71.136083,1083.3204,1058.98,21.540,2.80,PASA
356600600401034094,-42.759321,-71.135511,1066.1737,1043.16,21.537,1.48,PASA
356600600401034095,-42.759604,-71.134939,1050.1703,1033.05,21.534,-4.41,PASA
356600600401034096,-42.759890,-71.134364,1046.177,1027.74,21.531,-3.09,PASA
356600600401034097,-42.760175,-71.133790,1038.6844,1020.96,21.529,-3.80,PASA
356600600401034098,-42.760460,-71.133216,1032.9286,1014.86,21.526,-3.45,PASA
356600600401034099,-42.760746,-71.132641,1029.1404,1014.07,21.523,-6.45,FUERA_DE_UMBRAL
356600600401034101,-42.761315,-71.131495,1008.5877,989.84,21.518,-2.77,PASA
356600600401034102,-42.761599,-71.130922,994.93176,977.37,21.515,-3.95,PASA
356600600401034103,-42.761885,-71.130347,992.86066,972.19,21.513,-0.84,PASA
356600600401034104,-42.762172,-71.129771,992.80206,970.08,21.510,1.21,PASA
356600600401034105,-42.762458,-71.129195,991.29047,968.94,21.507,0.84,PASA
356600600401034106,-42.762745,-71.128620,990.60754,968.04,21.504,1.06,PASA
356600600401034107,-42.763031,-71.128044,989.1794,967.30,21.502,0.38,PASA
356600600401034108,-42.763317,-71.127468,988.1166,966.53,21.499,0.08,PASA
356600600401034109,-42.763604,-71.126893,987.84955,965.84,21.496,0.51,PASA
356600600401034116,-42.765618,-71.122847,1042.3184,1013.85,21.478,6.99,FUERA_DE_UMBRAL
356600600401034117,-42.765902,-71.122272,1034.7952,1010.15,21.476,3.17,PASA
356600600401034118,-42.766185,-71.121700,1017.2595,994.55,21.473,1.24,PASA
356600600401034119,-42.766470,-71.121124,1014.36115,987.63,21.471,5.26,FUERA_DE_UMBRAL
356600600401034120,-42.766754,-71.120549,1008.6849,983.62,21.468,3.60,PASA
356600600401034121,-42.767039,-71.119973,1006.1303,980.32,21.466,4.34,PASA
356600600401034122,-42.767324,-71.119398,1001.8123,977.04,21.463,3.31,PASA
356600600401034123,-42.767611,-71.118821,1005.7321,981.27,21.461,3.01,PASA
356600600401034124,-42.767898,-71.118242,1014.1592,988.22,21.458,4.48,PASA
356600600401034125,-42.768183,-71.117667,1010.87964,987.19,21.456,2.24,PASA
356600600401034126,-42.768467,-71.117091,1007.4786,984.26,21.453,1.76,PASA
356600600401034127,-42.768752,-71.116516,1002.911,981.06,21.451,0.40,PASA
356600600401034128,-42.769037,-71.115940,1001.6342,977.97,21.448,2.22,PASA
356600600401034129,-42.769322,-71.115363,1002.155,977.63,21.446,3.08,PASA
356600600401034130,-42.769607,-71.114788,998.5561,974.76,21.443,2.36,PASA
356600600401034131,-42.769891,-71.114213,993.0506,970.64,21.441,0.97,PASA
356600600401034132,-42.770751,-71.112479,1012.58276,990.33,21.433,0.82,PASA
356600600401034133,-42.771039,-71.111901,1022.78894,1000.76,21.431,0.59,PASA
356600600401034134,-42.771328,-71.111321,1038.7546,1016.21,21.428,1.12,PASA
356600600401034135,-42.771616,-71.110742,1052.4197,1029.19,21.426,1.81,PASA
356600600401034136,-42.771903,-71.110164,1061.7192,1037.83,21.423,2.47,PASA
356600600401034137,-42.772475,-71.109011,1065.0989,1041.48,21.418,2.20,PASA
356600600401034138,-42.772760,-71.108435,1065.05,1041.73,21.416,1.90,PASA
356600600401034139,-42.773046,-71.107859,1065.6969,1042.02,21.413,2.26,PASA
356600600401034140,-42.773332,-71.107282,1069.6963,1045.50,21.411,2.79,PASA
356600600401034141,-42.773619,-71.106705,1073.6461,1048.08,21.408,4.15,PASA
356600600401034142,-42.773904,-71.106130,1070.7668,1046.66,21.406,2.70,PASA
356600600401034143,-42.774189,-71.105555,1068.8019,1045.71,21.403,1.69,PASA
356600600401034144,-42.774475,-71.104979,1070.3804,1047.64,21.401,1.34,PASA
356600600401034145,-42.774761,-71.104403,1072.1055,1049.98,21.398,0.73,PASA
356600600401034146,-42.775047,-71.103827,1073.6652,1051.41,21.396,0.86,PASA
356600600401034147,-42.775333,-71.103251,1074.8439,1052.00,21.393,1.45,PASA
356600600401034148,-42.775619,-71.102675,1075.978,1052.88,21.391,1.70,PASA
356600600401034149,-42.775905,-71.102099,1076.7715,1053.37,21.388,2.01,PASA
356600600401034150,-42.776190,-71.101525,1071.7557,1049.54,21.386,0.83,PASA
356600600401034151,-42.776474,-71.100951,1064.2589,1041.88,21.383,0.99,PASA
356600600401034152,-42.776759,-71.100376,1061.3135,1038.87,21.381,1.06,PASA
356600600401034153,-42.777045,-71.099801,1060.6111,1037.95,21.379,1.28,PASA
356600600401034154,-42.777331,-71.099226,1061.7301,1038.13,21.376,2.23,PASA
356600600401034155,-42.777618,-71.098650,1065.1598,1040.41,21.374,3.38,PASA
356600600401034156,-42.777904,-71.098074,1066.8135,1041.82,21.371,3.62,PASA
356600600401034157,-42.778191,-71.097498,1070.7078,1043.89,21.369,5.45,FUERA_DE_UMBRAL
356600600401034158,-42.778478,-71.096922,1073.8215,1048.09,21.366,4.37,PASA
356600600401034159,-42.778764,-71.096346,1075.0419,1051.51,21.364,2.16,PASA
356600600401034160,-42.779049,-71.095773,1067.4359,1045.39,21.361,0.68,PASA
356600600401034161,-42.779334,-71.095199,1061.7831,1039.05,21.359,1.37,PASA
356600600401034162,-42.779620,-71.094625,1059.6385,1037.14,21.356,1.14,PASA
356600600401034163,-42.779906,-71.094050,1058.6881,1034.98,21.354,2.36,PASA
356600600401034164,-42.780191,-71.093476,1054.5356,1031.06,21.352,2.12,PASA
356600600401034165,-42.780477,-71.092901,1050.9396,1028.25,21.349,1.34,PASA
356600600401034166,-42.780763,-71.092327,1049.3893,1026.62,21.347,1.42,PASA
356600600401034167,-42.781048,-71.091752,1046.8625,1024.56,21.344,0.95,PASA
356600600401034168,-42.781905,-71.090030,1033.7631,1012.67,21.337,-0.25,PASA
356600600401034169,-42.782190,-71.089456,1030.3766,1007.71,21.335,1.33,PASA
356600600401034170,-42.782475,-71.088882,1023.4157,1001.51,21.332,0.57,PASA
356600600401034171,-42.782760,-71.088308,1019.7269,999.29,21.330,-0.90,PASA
356600600401034172,-42.783046,-71.087733,1016.7458,996.05,21.327,-0.63,PASA
356600600401034173,-42.783332,-71.087159,1014.17926,992.61,21.325,0.24,PASA
356600600401034174,-42.783617,-71.086584,1010.6303,988.57,21.322,0.74,PASA
356600600401034175,-42.783903,-71.086010,1006.33966,985.21,21.320,-0.19,PASA
356600600401034176,-42.784189,-71.085435,1006.23254,985.43,21.318,-0.52,PASA
356600600401034177,-42.784475,-71.084859,1006.0831,985.58,21.315,-0.81,PASA
356600600401034178,-42.784761,-71.084284,1006.4746,985.77,21.313,-0.61,PASA
356600600401034179,-42.785047,-71.083708,1007.8777,986.32,21.310,0.25,PASA
356600600401034180,-42.785334,-71.083132,1008.79114,986.62,21.308,0.86,PASA
356600600401034181,-42.785619,-71.082557,1006.87646,984.96,21.306,0.61,PASA
356600600401034182,-42.785904,-71.081982,1002.5436,980.08,21.304,1.16,PASA
356600600401034183,-42.786189,-71.081407,996.9438,974.94,21.302,0.70,PASA
356600600401034184,-42.786473,-71.080833,990.8328,969.79,21.300,-0.26,PASA
356600600401034185,-42.786759,-71.080257,990.976,969.70,21.298,-0.02,PASA
356600600401034186,-42.787045,-71.079681,989.05176,968.06,21.297,-0.31,PASA
356600600401034187,-42.787330,-71.079106,987.1003,965.39,21.295,0.42,PASA
356600600401034188,-42.787615,-71.078530,984.1902,962.34,21.293,0.56,PASA
356600600401034189,-42.787900,-71.077955,980.8034,959.96,21.291,-0.45,PASA
356600600401034190,-42.788186,-71.077379,981.5145,960.09,21.289,0.13,PASA
356600600401034191,-42.788471,-71.076803,981.4704,959.81,21.287,0.38,PASA
356600600401034192,-42.788756,-71.076227,977.3805,955.32,21.285,0.78,PASA
356600600401034193,-42.789040,-71.075653,968.71643,946.76,21.283,0.67,PASA
356600600401034194,-42.789323,-71.075079,959.61084,938.13,21.281,0.20,PASA
356600600401034195,-42.789607,-71.074504,953.75336,931.77,21.279,0.71,PASA
356600600401034196,-42.789892,-71.073928,950.0982,928.76,21.278,0.06,PASA
356600600401034197,-42.790177,-71.073352,948.95544,927.31,21.276,0.37,PASA
356600600401034198,-42.790462,-71.072776,947.1646,925.78,21.274,0.11,PASA
356600600401034199,-42.790748,-71.072199,947.0729,927.18,21.272,-1.38,PASA
356600600401034200,-42.791032,-71.071624,944.0576,925.66,21.270,-2.88,PASA
356600600401034201,-42.791318,-71.071047,942.67065,924.90,21.268,-3.49,PASA
356600600401034202,-42.791603,-71.070470,945.05804,927.11,21.266,-3.31,PASA
356600600401034203,-42.791890,-71.069893,949.8035,931.19,21.264,-2.65,PASA
356600600401034204,-42.792176,-71.069315,954.7997,936.44,21.262,-2.91,PASA
356600600401034205,-42.792462,-71.068738,958.5677,940.09,21.261,-2.78,PASA
356600600401034206,-42.792747,-71.068162,955.636,935.50,21.259,-1.12,PASA
356600600401034207,-42.793031,-71.067587,949.5732,928.37,21.257,-0.06,PASA
356600600401034208,-42.793315,-71.067013,939.5946,919.04,21.255,-0.70,PASA
356600600401034209,-42.793599,-71.066438,933.4087,912.67,21.253,-0.51,PASA
356600600401034210,-42.793883,-71.065862,929.21277,909.25,21.251,-1.29,PASA
356600600401034211,-42.794168,-71.065287,923.8453,904.48,21.250,-1.88,PASA
356600600401034212,-42.794452,-71.064712,917.60944,896.81,21.248,-0.45,PASA
356600600401034213,-42.794736,-71.064136,911.96716,890.82,21.246,-0.10,PASA
356600600401034214,-42.795021,-71.063560,910.79254,890.25,21.244,-0.71,PASA
356600600401034215,-42.795308,-71.062982,916.58655,893.67,21.242,1.67,PASA
356600600401034216,-42.795594,-71.062406,916.31464,893.61,21.241,1.46,PASA
356600600401034217,-42.795877,-71.061831,907.391,885.66,21.239,0.49,PASA
356600600401034218,-42.796161,-71.061257,899.5923,877.85,21.237,0.50,PASA
356600600401034219,-42.796446,-71.060681,897.71484,874.99,21.235,1.49,PASA
356600600401034220,-42.796732,-71.060104,899.5518,874.94,21.233,3.38,PASA
356600600401034221,-42.797018,-71.059528,898.17126,872.68,21.232,4.26,PASA
356600600401034222,-42.797302,-71.058953,891.1855,867.25,21.230,2.71,PASA
356600600401034223,-42.797586,-71.058378,885.57794,861.38,21.228,2.97,PASA
356600600401034224,-42.797871,-71.057802,881.4875,857.17,21.226,3.09,PASA
356600600401034225,-42.798156,-71.057227,875.7935,854.03,21.225,0.54,PASA
356600600401034226,-42.798441,-71.056651,873.1284,851.54,21.223,0.36,PASA
356600600401034227,-42.798726,-71.056075,870.7339,849.41,21.221,0.10,PASA
356600600401034228,-42.799011,-71.055500,869.2509,848.38,21.219,-0.35,PASA
356600600401034229,-42.799869,-71.053771,868.12286,845.96,21.214,0.95,PASA
356600600401034230,-42.800725,-71.052043,863.0002,841.60,21.209,0.19,PASA
356600600401034231,-42.801012,-71.051465,870.15063,845.77,21.207,3.18,PASA
356600600401034232,-42.801300,-71.050887,878.1823,854.23,21.206,2.74,PASA
356600600401034233,-42.801587,-71.050310,884.79175,862.21,21.204,1.38,PASA
356600600401034234,-42.801874,-71.049732,889.83936,867.11,21.202,1.53,PASA
356600600401034235,-42.802161,-71.049156,891.9478,868.47,21.201,2.28,PASA
356600600401034236,-42.802446,-71.048580,889.77325,867.88,21.199,0.69,PASA
356600600401034237,-42.802730,-71.048006,880.6501,859.34,21.197,0.11,PASA
356600600401034238,-42.803016,-71.047430,880.0442,857.83,21.196,1.02,PASA
356600600401034239,-42.803302,-71.046853,882.20874,859.02,21.194,2.00,PASA
356600600401034240,-42.803588,-71.046278,879.77313,858.52,21.192,0.06,PASA
356600600401034241,-42.803872,-71.045704,869.7817,850.46,21.191,-1.87,PASA
356600600401034242,-42.804156,-71.045129,862.2981,842.76,21.189,-1.65,PASA
356600600401034243,-42.804442,-71.044554,859.7411,840.55,21.187,-2.00,PASA
356600600401034244,-42.804726,-71.043979,853.70044,835.08,21.186,-2.56,PASA
356600600401034245,-42.805011,-71.043404,849.0382,828.41,21.184,-0.56,PASA
356600600401034246,-42.805297,-71.042827,849.02124,825.98,21.183,1.85,PASA
356600600401034247,-42.805584,-71.042251,849.7411,828.56,21.181,0.00,PASA
356600600401034248,-42.805868,-71.041676,841.6983,821.76,21.179,-1.24,PASA
356600600401034249,-42.806153,-71.041101,835.53406,814.31,21.178,0.04,PASA
356600600401034250,-42.806438,-71.040526,829.57477,809.22,21.177,-0.83,PASA
356600600401034251,-42.806723,-71.039950,827.76154,805.30,21.176,1.28,PASA
356600600401034252,-42.807009,-71.039374,825.00604,802.31,21.175,1.52,PASA
356600600401034253,-42.807295,-71.038798,823.0054,801.13,21.174,0.70,PASA
356600600401034254,-42.807581,-71.038221,823.14655,801.05,21.173,0.93,PASA
356600600401034255,-42.807867,-71.037644,823.05206,801.17,21.172,0.71,PASA
356600600401034256,-42.808153,-71.037067,824.95264,802.42,21.171,1.37,PASA
356600600401034257,-42.808440,-71.036490,827.7041,805.13,21.170,1.41,PASA
356600600401034258,-42.808726,-71.035913,828.3195,805.99,21.169,1.16,PASA
356600600401034259,-42.809013,-71.035336,829.0225,806.53,21.168,1.33,PASA
356600600401034260,-42.809299,-71.034759,829.15906,806.66,21.167,1.33,PASA
356600600401034261,-42.809585,-71.034182,829.199,806.64,21.166,1.39,PASA
356600600401034262,-42.809871,-71.033605,829.4411,806.66,21.165,1.62,PASA
356600600401034263,-42.810157,-71.033029,829.33984,806.01,21.164,2.16,PASA
356600600401034264,-42.810443,-71.032452,828.2058,804.95,21.163,2.10,PASA
356600600401034265,-42.810729,-71.031875,826.5911,803.73,21.162,1.70,PASA
356600600401034266,-42.811015,-71.031299,825.54395,803.23,21.161,1.15,PASA
356600600401034267,-42.811301,-71.030722,825.2431,803.21,21.160,0.87,PASA
356600600401034268,-42.811587,-71.030145,825.29,803.56,21.159,0.57,PASA
356600600401034269,-42.811873,-71.029568,826.432,804.28,21.158,0.99,PASA
356600800400197704,-42.731728,-71.209770,1309.4603,1284.87,21.837,2.75,PASA
356600800400197705,-42.732010,-71.209201,1288.0953,1264.71,21.836,1.54,PASA
356600800400197706,-42.732296,-71.208627,1285.7836,1265.00,21.835,-1.05,PASA
356600800400197707,-42.732586,-71.208048,1297.1155,1273.53,21.833,1.75,PASA
356600800400197710,-42.733434,-71.206341,1240.4689,1217.25,21.827,1.39,PASA
356600800400197711,-42.733721,-71.205765,1241.5641,1216.74,21.825,3.00,PASA
356600800400197720,-42.736325,-71.200564,1329.2473,1302.10,21.806,5.34,FUERA_DE_UMBRAL
356600800400197727,-42.738349,-71.196516,1402.67,1373.94,21.791,6.94,FUERA_DE_UMBRAL
356600800400197728,-42.738633,-71.195944,1390.4507,1364.19,21.789,4.48,PASA
356600800400197729,-42.738919,-71.195369,1388.8473,1361.26,21.787,5.80,FUERA_DE_UMBRAL
356600800400197730,-42.739205,-71.194795,1386.1951,1359.34,21.785,5.07,FUERA_DE_UMBRAL
356600800400197731,-42.739489,-71.194222,1376.3853,1352.12,21.783,2.49,PASA
356600800400197732,-42.739774,-71.193649,1369.0997,1347.54,21.781,-0.22,PASA
356600800400197733,-42.740060,-71.193074,1368.7073,1351.43,21.779,-4.50,PASA
356600800400197734,-42.740346,-71.192499,1367.1898,1348.79,21.777,-3.37,PASA
356600800400197735,-42.740631,-71.191926,1359.4221,1342.32,21.774,-4.67,PASA
356600800400197736,-42.740919,-71.191347,1369.2396,1346.47,21.772,1.00,PASA
356600800400197741,-42.742324,-71.188504,1254.5378,1239.26,21.762,-6.49,FUERA_DE_UMBRAL
356600800400197744,-42.743194,-71.186762,1305.2699,1285.21,21.755,-1.70,PASA
356600800400197745,-42.743481,-71.186185,1309.0201,1285.42,21.753,1.85,PASA
356600800400197748,-42.744325,-71.184476,1249.0898,1225.95,21.747,1.39,PASA
356600800400197749,-42.744606,-71.183907,1226.2278,1206.05,21.745,-1.57,PASA
356600800400197762,-42.748308,-71.176450,1147.3848,1126.42,21.717,-0.76,PASA
356600800400197763,-42.748594,-71.175875,1145.0533,1122.54,21.715,0.79,PASA
356600800400197769,-42.750334,-71.172394,1240.753,1217.80,21.701,1.25,PASA
356600800400197770,-42.750617,-71.171822,1228.7441,1202.40,21.699,4.64,PASA
356600800400197775,-42.752025,-71.168981,1113.878,1090.51,21.687,1.68,PASA
356600800400197791,-42.756609,-71.159784,1082.5261,1062.11,21.644,-1.22,PASA
356600800400197798,-42.758636,-71.155727,1171.7784,1144.63,21.625,5.53,FUERA_DE_UMBRAL
356600800400197803,-42.760074,-71.152838,1201.3794,1175.21,21.611,4.56,PASA
356600800400197804,-42.760358,-71.152264,1194.4867,1176.42,21.608,-3.54,PASA
356600800400197814,-42.763175,-71.146557,1014.1339,996.52,21.581,-3.96,PASA
356600800400197815,-42.763461,-71.145980,1017.48627,995.07,21.578,0.84,PASA
356600800400197833,-42.768629,-71.135577,1139.7865,1111.40,21.530,6.85,FUERA_DE_UMBRAL
356600800400197836,-42.769499,-71.133834,1194.4976,1174.85,21.521,-1.88,PASA
356600800400197837,-42.769787,-71.133257,1201.7545,1178.04,21.519,2.20,PASA
356600800400197838,-42.770072,-71.132682,1198.6962,1173.97,21.516,3.21,PASA
356600800400197839,-42.770358,-71.132107,1199.6969,1173.81,21.513,4.37,PASA
356600800400197840,-42.770646,-71.131530,1205.836,1179.22,21.511,5.11,FUERA_DE_UMBRAL
356600800400197841,-42.770933,-71.130952,1213.3207,1185.80,21.508,6.02,FUERA_DE_UMBRAL
356600800400197849,-42.773199,-71.126384,1108.1239,1085.42,21.487,1.22,PASA
356600800400197851,-42.773763,-71.125246,1069.9921,1046.71,21.482,1.80,PASA
356600800400197852,-42.774046,-71.124675,1057.401,1032.73,21.479,3.19,PASA
356600800400197853,-42.774329,-71.124104,1042.9149,1019.20,21.477,2.24,PASA
356600800400197854,-42.774614,-71.123532,1033.893,1009.11,21.474,3.31,PASA
356600800400197855,-42.774897,-71.122961,1021.47516,998.58,21.472,1.42,PASA
356600800400197856,-42.775182,-71.122388,1013.51733,990.39,21.469,1.65,PASA
356600800400197857,-42.775468,-71.121815,1009.3175,986.07,21.467,1.79,PASA
356600800400197858,-42.775753,-71.121241,1006.9547,983.30,21.464,2.19,PASA
356600800400197859,-42.776039,-71.120667,1003.23706,979.65,21.462,2.12,PASA
356600800400197860,-42.776323,-71.120095,994.39966,971.36,21.459,1.59,PASA
356600800400197861,-42.776608,-71.119522,986.2195,963.06,21.457,1.71,PASA
356600800400197862,-42.776893,-71.118950,978.27563,956.24,21.454,0.58,PASA
356600800400197863,-42.777178,-71.118376,975.32574,953.14,21.452,0.74,PASA
356600800400197864,-42.777464,-71.117802,971.5605,950.68,21.449,-0.57,PASA
356600800400197865,-42.777751,-71.117226,975.0843,953.04,21.447,0.60,PASA
356600800400197866,-42.778038,-71.116650,978.2605,956.88,21.444,-0.06,PASA
356600800400197867,-42.778327,-71.116071,990.05304,967.86,21.442,0.76,PASA
356600800400197868,-42.778617,-71.115491,1005.9927,983.57,21.439,0.98,PASA
356600800400197869,-42.778905,-71.114914,1012.58453,994.34,21.437,-3.20,PASA
356600800400197870,-42.779193,-71.114336,1021.5443,1002.86,21.434,-2.75,PASA
356600800400197871,-42.779483,-71.113756,1036.3881,1015.88,21.432,-0.92,PASA
356600800400197872,-42.779772,-71.113176,1051.1752,1030.08,21.429,-0.33,PASA
356600800400197873,-42.780062,-71.112595,1066.6714,1045.18,21.427,0.07,PASA
356600800400197874,-42.780351,-71.112015,1081.1838,1059.95,21.424,-0.19,PASA
356600800400197875,-42.780640,-71.111436,1093.2699,1072.78,21.422,-0.93,PASA
356600800400197876,-42.780928,-71.110857,1104.8813,1083.67,21.419,-0.21,PASA
356600800400197877,-42.781216,-71.110279,1111.2698,1090.52,21.417,-0.66,PASA
356600800400197878,-42.781502,-71.109702,1114.9478,1093.86,21.415,-0.33,PASA
356600800400197879,-42.781787,-71.109128,1110.3842,1089.38,21.412,-0.41,PASA
356600800400197880,-42.782071,-71.108555,1099.7257,1079.10,21.410,-0.79,PASA
356600800400197881,-42.782355,-71.107981,1092.4657,1070.80,21.407,0.26,PASA
356600800400197882,-42.782639,-71.107408,1084.7267,1062.91,21.405,0.42,PASA
356600800400197883,-42.782923,-71.106833,1079.1594,1056.49,21.402,1.27,PASA
356600800400197884,-42.783208,-71.106258,1075.8839,1053.12,21.400,1.36,PASA
356600800400197885,-42.783494,-71.105682,1075.8689,1052.15,21.397,2.32,PASA
356600800400197886,-42.783779,-71.105107,1071.497,1048.05,21.395,2.05,PASA
356600800400197887,-42.784063,-71.104533,1064.224,1041.47,21.393,1.36,PASA
356600800400197888,-42.784347,-71.103959,1055.8088,1033.42,21.390,1.00,PASA
356600800400197889,-42.784630,-71.103386,1046.1172,1024.36,21.388,0.37,PASA
356600800400197890,-42.784914,-71.102812,1038.8828,1016.33,21.385,1.17,PASA
356600800400197891,-42.785200,-71.102235,1040.2859,1014.84,21.383,4.07,PASA
356600800400197892,-42.785486,-71.101658,1043.9868,1017.40,21.380,5.21,FUERA_DE_UMBRAL
356600800400197893,-42.785771,-71.101083,1041.3688,1015.60,21.378,4.39,PASA
356600800400197894,-42.786055,-71.100508,1035.3773,1011.00,21.375,3.01,PASA
356600800400197895,-42.786340,-71.099933,1030.1102,1006.51,21.373,2.23,PASA
356600800400197896,-42.786624,-71.099359,1024.833,1002.48,21.371,0.98,PASA
356600800400197897,-42.786908,-71.098785,1018.1231,995.82,21.368,0.94,PASA
356600800400197898,-42.787192,-71.098211,1009.7949,986.67,21.366,1.76,PASA
356600800400197899,-42.787475,-71.097637,1000.2267,977.62,21.363,1.24,PASA
356600800400197900,-42.787760,-71.097063,995.6341,973.29,21.361,0.98,PASA
356600800400197901,-42.788044,-71.096488,990.3683,968.74,21.358,0.27,PASA
356600800400197902,-42.788329,-71.095913,987.4279,965.67,21.356,0.40,PASA
356600800400197903,-42.788614,-71.095337,984.9931,962.34,21.354,1.30,PASA
356600800400197904,-42.788899,-71.094762,981.8709,958.34,21.351,2.18,PASA
356600800400197905,-42.789184,-71.094186,978.5861,955.26,21.349,1.98,PASA
356600800400197906,-42.789469,-71.093611,974.3496,950.94,21.346,2.07,PASA
356600800400197907,-42.789754,-71.093036,970.53595,947.80,21.344,1.39,PASA
356600800400197908,-42.790038,-71.092461,966.3963,944.00,21.341,1.06,PASA
356600800400197909,-42.790324,-71.091885,963.9412,940.65,21.339,1.95,PASA
356600800400197910,-42.790608,-71.091311,956.21155,937.01,21.337,-2.13,PASA
356600800400197911,-42.790893,-71.090735,957.28723,939.15,21.334,-3.20,PASA
356600800400197912,-42.791180,-71.090158,958.6764,937.92,21.332,-0.58,PASA
356600800400197913,-42.791465,-71.089583,955.83496,935.59,21.329,-1.08,PASA
356600800400197914,-42.791750,-71.089007,952.6192,933.41,21.327,-2.12,PASA
356600800400197915,-42.792035,-71.088431,952.40576,932.68,21.325,-1.60,PASA
356600800400197916,-42.792321,-71.087855,953.1878,932.97,21.322,-1.11,PASA
356600800400197917,-42.792607,-71.087279,952.7439,932.58,21.320,-1.16,PASA
356600800400197918,-42.792893,-71.086703,951.2569,931.65,21.317,-1.71,PASA
356600800400197919,-42.793178,-71.086128,948.9178,928.69,21.315,-1.09,PASA
356600800400197920,-42.793463,-71.085553,945.9099,924.99,21.312,-0.39,PASA
356600800400197921,-42.793749,-71.084977,943.5684,922.55,21.310,-0.29,PASA
356600800400197922,-42.794034,-71.084401,942.86414,923.05,21.308,-1.49,PASA
356600800400197923,-42.794321,-71.083825,944.5513,925.65,21.305,-2.41,PASA
356600800400197924,-42.794607,-71.083249,944.59863,925.40,21.303,-2.10,PASA
356600800400197925,-42.794892,-71.082673,943.4943,924.18,21.301,-1.99,PASA
356600800400197926,-42.795178,-71.082098,940.13776,920.17,21.299,-1.33,PASA
356600800400197927,-42.795462,-71.081524,934.1927,914.61,21.297,-1.71,PASA
356600800400197928,-42.795748,-71.080948,931.42114,911.69,21.295,-1.57,PASA
356600800400197929,-42.796033,-71.080373,929.494,909.90,21.293,-1.70,PASA
356600800400197930,-42.796319,-71.079798,926.53577,907.16,21.292,-1.92,PASA
356600800400197931,-42.796605,-71.079222,925.8621,905.84,21.290,-1.26,PASA
356600800400197932,-42.796890,-71.078647,923.39386,902.38,21.288,-0.27,PASA
356600800400197933,-42.797176,-71.078072,919.9153,898.77,21.286,-0.14,PASA
356600800400197934,-42.797462,-71.077496,921.0783,899.18,21.284,0.61,PASA
356600800400197935,-42.797748,-71.076919,922.6888,901.27,21.282,0.14,PASA
356600800400197936,-42.798033,-71.076346,915.7781,896.13,21.281,-1.63,PASA
356600800400197937,-42.798318,-71.075771,910.76733,890.10,21.279,-0.61,PASA
356600800400197938,-42.798604,-71.075196,909.5273,888.74,21.277,-0.49,PASA
356600800400197939,-42.798891,-71.074619,911.60376,890.90,21.275,-0.57,PASA
356600800400197940,-42.799177,-71.074042,913.945,892.39,21.273,0.28,PASA
356600800400197941,-42.799463,-71.073467,911.63086,890.04,21.271,0.32,PASA
356600800400197942,-42.799749,-71.072891,911.0741,887.85,21.270,1.96,PASA
356600800400197943,-42.800034,-71.072316,906.91504,884.35,21.268,1.30,PASA
356600800400197944,-42.800320,-71.071741,902.0605,880.03,21.266,0.77,PASA
356600800400197945,-42.800605,-71.071166,897.6339,877.77,21.264,-1.40,PASA
356600800400197946,-42.800891,-71.070590,897.3236,877.07,21.262,-1.01,PASA
356600800400197947,-42.801177,-71.070014,895.3914,874.01,21.261,0.12,PASA
356600800400197948,-42.801463,-71.069438,893.7932,871.49,21.259,1.05,PASA
356600800400197949,-42.801748,-71.068863,890.35944,868.18,21.257,0.92,PASA
356600800400197950,-42.802034,-71.068287,888.39734,865.90,21.255,1.24,PASA
356600800400197951,-42.802320,-71.067711,887.38727,864.36,21.254,1.77,PASA
356600800400197952,-42.802606,-71.067135,883.839,861.68,21.252,0.90,PASA
356600800400197953,-42.802891,-71.066561,877.0487,855.52,21.250,0.28,PASA
356600800400197954,-42.803176,-71.065986,871.20135,849.15,21.248,0.81,PASA
356600800400197955,-42.803462,-71.065410,869.0678,847.19,21.247,0.63,PASA
356600800400197956,-42.803748,-71.064834,867.9405,846.20,21.245,0.50,PASA
356600800400197957,-42.804034,-71.064257,867.29346,845.62,21.243,0.43,PASA
356600800400197958,-42.804320,-71.063681,867.00946,845.19,21.241,0.58,PASA
356600800400197959,-42.804606,-71.063104,867.28827,844.96,21.240,1.09,PASA
356600800400197960,-42.804893,-71.062527,869.7681,846.15,21.238,2.38,PASA
356600800400197961,-42.805181,-71.061948,874.67365,851.38,21.236,2.06,PASA
356600800400197962,-42.805468,-71.061370,880.3243,857.45,21.235,1.64,PASA
356600800400197963,-42.805755,-71.060793,880.85944,858.43,21.233,1.19,PASA
356600800400197964,-42.806041,-71.060217,880.87463,858.21,21.231,1.43,PASA
356600800400197965,-42.806327,-71.059640,880.6303,857.93,21.230,1.47,PASA
356600800400197966,-42.806613,-71.059064,879.1658,856.87,21.228,1.07,PASA
356600800400197967,-42.806898,-71.058489,873.81396,851.37,21.226,1.22,PASA
356600800400197968,-42.807182,-71.057916,862.4156,841.34,21.224,-0.15,PASA
356600800400197969,-42.807467,-71.057341,857.5356,833.83,21.223,2.48,PASA
356600800400197970,-42.807753,-71.056764,857.2928,832.88,21.221,3.19,PASA
356600800400197971,-42.808039,-71.056187,858.1951,833.19,21.220,3.79,PASA
356600800400197972,-42.808326,-71.055610,861.39343,837.00,21.218,3.18,PASA
356600800400197973,-42.808614,-71.055031,868.06635,843.69,21.216,3.16,PASA
356600800400197974,-42.808900,-71.054455,867.4865,844.14,21.215,2.13,PASA
356600800400197975,-42.809183,-71.053882,853.6274,832.46,21.213,-0.04,PASA
356600800400197976,-42.809466,-71.053309,843.20306,820.70,21.211,1.29,PASA
356600800400197977,-42.809752,-71.052733,840.25446,817.50,21.210,1.54,PASA
356600800400197978,-42.810037,-71.052158,835.92645,814.50,21.208,0.22,PASA
356600800400197979,-42.810322,-71.051583,832.2359,809.75,21.206,1.28,PASA
356600800400197980,-42.810608,-71.051007,831.7612,809.16,21.205,1.40,PASA
356600800400197981,-42.810893,-71.050431,829.146,806.62,21.203,1.32,PASA
356600800400197982,-42.811178,-71.049856,824.1737,802.86,21.202,0.12,PASA
356600800400197983,-42.811463,-71.049280,823.5914,802.64,21.200,-0.25,PASA
356600800400197984,-42.811750,-71.048702,827.02295,805.10,21.198,0.72,PASA
356600800400197985,-42.812037,-71.048124,833.32666,810.95,21.197,1.18,PASA
356600800400197986,-42.812324,-71.047546,836.8668,815.00,21.195,0.67,PASA
356600800400197987,-42.812610,-71.046969,839.97534,817.18,21.194,1.60,PASA
356600800400197988,-42.812896,-71.046393,839.94434,817.74,21.192,1.02,PASA
356600800400197989,-42.813182,-71.045816,841.0632,818.44,21.191,1.44,PASA
356600800400197990,-42.813468,-71.045240,841.19415,818.75,21.189,1.25,PASA
356600800400197991,-42.813754,-71.044663,841.00116,818.79,21.187,1.02,PASA
356600800400197992,-42.814040,-71.044087,841.7281,818.91,21.186,1.64,PASA
356600800400197993,-42.814325,-71.043510,841.3709,818.77,21.184,1.42,PASA
356600800400197994,-42.814610,-71.042934,839.6628,817.90,21.183,0.58,PASA
356600800400197995,-42.814895,-71.042359,835.658,814.28,21.181,0.20,PASA
356600800400197996,-42.815180,-71.041784,832.21844,810.68,21.180,0.36,PASA
356600800400197997,-42.815465,-71.041208,829.1722,807.28,21.179,0.71,PASA
356600800400197998,-42.815750,-71.040633,825.8654,803.80,21.178,0.88,PASA
356600800400197999,-42.816033,-71.040060,814.3757,793.37,21.177,-0.17,PASA
356600800400198000,-42.816315,-71.039488,801.803,781.43,21.176,-0.80,PASA
356600800400198001,-42.816599,-71.038914,793.315,771.99,21.175,0.15,PASA
356600800400198002,-42.816883,-71.038339,787.7485,765.52,21.174,1.06,PASA
356600800400198003,-42.817168,-71.037764,784.10425,761.85,21.173,1.08,PASA
356600800400198004,-42.817453,-71.037189,781.57007,759.42,21.172,0.97,PASA
356600800400198005,-42.817738,-71.036613,779.6719,757.62,21.171,0.88,PASA
356600800400198006,-42.818023,-71.036037,778.4247,756.32,21.170,0.93,PASA
356600800400198007,-42.818308,-71.035461,777.51135,755.63,21.169,0.71,PASA
356600800400198008,-42.818594,-71.034885,777.2631,755.30,21.168,0.79,PASA
356600800400198009,-42.818879,-71.034309,777.0779,755.03,21.167,0.88,PASA
356600800400198010,-42.819165,-71.033733,777.0812,754.83,21.166,1.09,PASA
356600800400198011,-42.819450,-71.033157,776.8484,754.67,21.165,1.02,PASA
356600800400198012,-42.819735,-71.032581,776.5798,754.53,21.164,0.89,PASA
356600800400198013,-42.820021,-71.032005,776.3123,754.38,21.164,0.77,PASA
356600800400198017,-42.821162,-71.029703,776.2955,754.05,21.160,1.09,PASA
356601100400192453,-42.739306,-71.208009,1406.8905,1386.39,21.833,-1.34,PASA
356601100400192454,-42.739597,-71.207428,1423.4684,1400.79,21.831,0.85,PASA
356601100400192455,-42.739887,-71.206849,1437.5073,1410.93,21.829,4.75,PASA
356601100400192456,-42.740176,-71.206271,1448.0192,1419.64,21.826,6.55,FUERA_DE_UMBRAL
356601100400192460,-42.741343,-71.203944,1536.9268,1511.17,21.818,3.94,PASA
356601100400192461,-42.741629,-71.203370,1532.5753,1512.15,21.816,-1.40,PASA
356601100400192466,-42.743041,-71.200529,1419.409,1393.18,21.805,4.43,PASA
356601100400192467,-42.743325,-71.199958,1408.0529,1385.97,21.803,0.28,PASA
356601100400192476,-42.745872,-71.194830,1245.7299,1222.65,21.784,1.30,PASA
356601100400192477,-42.746155,-71.194258,1233.8058,1211.21,21.782,0.81,PASA
356601100400192478,-42.746441,-71.193684,1230.0597,1208.22,21.780,0.06,PASA
356601100400192479,-42.746728,-71.193107,1232.721,1205.37,21.778,5.57,FUERA_DE_UMBRAL
356601100400192480,-42.747012,-71.192535,1222.8356,1197.41,21.776,3.65,PASA
356601100400192481,-42.747295,-71.191964,1206.8779,1183.55,21.774,1.56,PASA
356601100400192482,-42.747580,-71.191391,1198.594,1177.25,21.772,-0.43,PASA
356601100400192483,-42.747865,-71.190817,1193.0304,1171.96,21.770,-0.70,PASA
356601100400192484,-42.748151,-71.190241,1192.9229,1169.66,21.767,1.49,PASA
356601100400192485,-42.748439,-71.189663,1202.4502,1175.80,21.765,4.88,PASA
356601100400192486,-42.748728,-71.189083,1216.9951,1186.86,21.763,8.37,FUERA_DE_UMBRAL
356601100400192488,-42.749306,-71.187923,1242.7687,1213.72,21.759,7.29,FUERA_DE_UMBRAL
356601100400192489,-42.749592,-71.187347,1245.1573,1218.68,21.757,4.73,PASA
356601100400192492,-42.750439,-71.185636,1192.3221,1168.30,21.750,2.27,PASA
356601100400192493,-42.750727,-71.185058,1198.2029,1173.05,21.747,3.41,PASA
356601100400192501,-42.753034,-71.180426,1289.3627,1262.97,21.728,4.66,PASA
356601100400192502,-42.753323,-71.179846,1301.6428,1274.02,21.725,5.90,FUERA_DE_UMBRAL
356601100400192503,-42.753610,-71.179270,1304.3988,1277.46,21.723,5.21,FUERA_DE_UMBRAL
356601100400192504,-42.753895,-71.178696,1298.6433,1274.17,21.721,2.75,PASA
356601100400192505,-42.754179,-71.178124,1288.6304,1267.56,21.718,-0.65,PASA
356601100400192506,-42.754464,-71.177550,1283.4186,1265.28,21.716,-3.57,PASA
356601100400192507,-42.754751,-71.176974,1285.6466,1265.29,21.713,-1.36,PASA
356601100400192508,-42.755036,-71.176399,1283.6512,1263.12,21.711,-1.18,PASA
356601100400192509,-42.755324,-71.175822,1287.4012,1264.43,21.709,1.26,PASA
356601100400192510,-42.755612,-71.175244,1296.5282,1270.74,21.706,4.08,PASA
356601100400192511,-42.755898,-71.174668,1297.7452,1272.77,21.704,3.28,PASA
356601100400192512,-42.756184,-71.174094,1294.0366,1267.17,21.701,5.17,FUERA_DE_UMBRAL
356601100400192513,-42.756469,-71.173521,1287.0233,1258.26,21.699,7.07,FUERA_DE_UMBRAL
356601100400192529,-42.761049,-71.164327,1246.9822,1222.67,21.660,2.66,PASA
356601100400192530,-42.761332,-71.163756,1231.907,1215.85,21.657,-5.60,FUERA_DE_UMBRAL
356601100400192535,-42.762748,-71.160906,1139.3729,1119.58,21.643,-1.85,PASA
356601100400192536,-42.763033,-71.160334,1127.9719,1109.62,21.640,-3.29,PASA
356601100400192539,-42.763886,-71.158618,1092.1388,1073.87,21.632,-3.36,PASA
356601100400192540,-42.764173,-71.158042,1093.1035,1072.63,21.629,-1.16,PASA
356601100400192541,-42.764459,-71.157467,1091.6083,1071.20,21.627,-1.21,PASA
356601100400192542,-42.764745,-71.156892,1088.4,1066.88,21.624,-0.11,PASA
356601100400192545,-42.765592,-71.155181,1031.5643,1010.07,21.616,-0.12,PASA
356601100400192546,-42.765878,-71.154606,1028.0958,1006.58,21.613,-0.10,PASA
356601100400192547,-42.766165,-71.154029,1032.3215,1009.08,21.610,1.63,PASA
356601100400192550,-42.767034,-71.152284,1084.9836,1059.34,21.602,4.04,PASA
356601100400192558,-42.769355,-71.147624,1249.7124,1223.64,21.580,4.49,PASA
356601100400192559,-42.769641,-71.147047,1251.5215,1229.26,21.577,0.68,PASA
356601100400192560,-42.769927,-71.146470,1252.4406,1231.17,21.575,-0.30,PASA
356601100400192561,-42.770213,-71.145894,1253.6362,1231.86,21.572,0.21,PASA
356601100400192562,-42.770498,-71.145317,1254.1243,1231.82,21.569,0.74,PASA
356601100400192563,-42.770782,-71.144743,1248.2539,1227.53,21.567,-0.85,PASA
356601100400192564,-42.771067,-71.144168,1244.8496,1223.85,21.564,-0.57,PASA
356601100400192565,-42.771351,-71.143594,1238.5378,1217.90,21.561,-0.92,PASA
356601100400192566,-42.771635,-71.143021,1227.855,1206.57,21.559,-0.28,PASA
356601100400192567,-42.771918,-71.142448,1218.8695,1198.66,21.556,-1.35,PASA
356601100400192568,-42.772203,-71.141873,1213.0536,1193.00,21.553,-1.50,PASA
356601100400192569,-42.772487,-71.141299,1207.4807,1187.52,21.551,-1.59,PASA
356601100400192570,-42.772771,-71.140726,1198.0505,1180.40,21.548,-3.90,PASA
356601100400192573,-42.773625,-71.139002,1188.0112,1168.75,21.540,-2.28,PASA
356601100400192574,-42.773910,-71.138427,1183.9983,1162.45,21.537,0.02,PASA
356601100400192576,-42.774474,-71.137286,1149.119,1131.76,21.532,-4.18,PASA
356601100400192577,-42.774764,-71.136704,1170.0516,1149.60,21.529,-1.08,PASA
356601100400192578,-42.775050,-71.136129,1167.649,1150.97,21.527,-4.85,PASA
356601100400192590,-42.778448,-71.129273,1010.05115,989.80,21.495,-1.24,PASA
356601100400192591,-42.778734,-71.128699,1007.5506,980.55,21.492,5.50,FUERA_DE_UMBRAL
356601100400192592,-42.779020,-71.128124,1008.18524,980.04,21.490,6.66,FUERA_DE_UMBRAL
356601100400192594,-42.779592,-71.126975,1004.89923,976.03,21.484,7.39,FUERA_DE_UMBRAL
356601100400192596,-42.780163,-71.125827,997.0131,970.93,21.479,4.61,PASA
356601100400192597,-42.780450,-71.125251,1001.7728,972.72,21.477,7.57,FUERA_DE_UMBRAL
356601100400192598,-42.780735,-71.124679,993.1465,966.99,21.474,4.68,PASA
356601100400192599,-42.781019,-71.124107,981.5364,956.22,21.472,3.84,PASA
356601100400192600,-42.781303,-71.123536,970.7713,946.09,21.469,3.21,PASA
356601100400192601,-42.781587,-71.122963,962.6235,939.39,21.467,1.77,PASA
356601100400192602,-42.781873,-71.122389,960.00604,937.92,21.464,0.62,PASA
356601100400192603,-42.782160,-71.121814,959.0469,936.24,21.462,1.35,PASA
356601100400192604,-42.782446,-71.121240,958.1042,935.66,21.459,0.98,PASA
356601100400192605,-42.782732,-71.120665,956.5157,933.96,21.457,1.10,PASA
356601100400192606,-42.783018,-71.120091,953.0575,933.56,21.454,-1.96,PASA
356601100400192607,-42.783307,-71.119513,965.2267,942.41,21.452,1.36,PASA
356601100400192608,-42.783596,-71.118933,980.80994,959.12,21.449,0.24,PASA
356601100400192609,-42.783884,-71.118356,988.25397,967.23,21.447,-0.42,PASA
356601100400192610,-42.784172,-71.117779,994.24506,972.79,21.444,0.01,PASA
356601100400192611,-42.784460,-71.117201,1001.4185,982.77,21.442,-2.79,PASA
356601100400192612,-42.784749,-71.116622,1016.38495,996.77,21.439,-1.82,PASA
356601100400192613,-42.785039,-71.116041,1033.9784,1013.09,21.437,-0.55,PASA
356601100400192614,-42.785327,-71.115463,1043.1683,1023.63,21.434,-1.90,PASA
356601100400192618,-42.786486,-71.113141,1107.5554,1089.62,21.425,-3.49,PASA
356601100400192619,-42.786774,-71.112563,1116.9691,1098.45,21.422,-2.90,PASA
356601100400192620,-42.787060,-71.111987,1118.3141,1101.61,21.420,-4.72,PASA
356601100400192621,-42.787345,-71.111412,1114.2274,1097.34,21.417,-4.53,PASA
356601100400192622,-42.787629,-71.110839,1104.4689,1086.76,21.415,-3.70,PASA
356601100400192623,-42.787912,-71.110268,1090.9783,1071.68,21.412,-2.11,PASA
356601100400192624,-42.788196,-71.109694,1082.5183,1061.11,21.410,0.00,PASA
356601100400192625,-42.788480,-71.109122,1072.0259,1050.69,21.407,-0.07,PASA
356601100400192626,-42.788762,-71.108551,1054.455,1036.01,21.405,-2.96,PASA
356601100400192627,-42.789046,-71.107978,1043.0938,1022.53,21.403,-0.84,PASA
356601100400192628,-42.789329,-71.107406,1029.7565,1009.11,21.400,-0.75,PASA
356601100400192629,-42.789612,-71.106834,1018.45654,998.39,21.398,-1.33,PASA
356601100400192630,-42.789896,-71.106260,1010.7082,990.44,21.395,-1.13,PASA
356601100400192631,-42.790751,-71.104534,999.8825,978.14,21.388,0.35,PASA
356601100400192632,-42.791036,-71.103959,998.02625,977.55,21.386,-0.91,PASA
356601100400192633,-42.791321,-71.103383,995.9853,975.42,21.383,-0.82,PASA
356601100400192634,-42.791606,-71.102808,991.58185,969.74,21.381,0.46,PASA
356601100400192635,-42.791890,-71.102233,987.19934,964.85,21.378,0.97,PASA
356601100400192636,-42.792175,-71.101658,982.7985,960.75,21.376,0.68,PASA
356601100400192637,-42.792460,-71.101083,978.47906,956.47,21.373,0.64,PASA
356601100400192638,-42.792745,-71.100508,974.424,952.50,21.371,0.56,PASA
356601100400192639,-42.793029,-71.099933,970.6701,948.03,21.368,1.27,PASA
356601100400192640,-42.793314,-71.099357,967.69507,944.32,21.366,2.01,PASA
356601100400192641,-42.793599,-71.098781,965.5176,941.88,21.363,2.27,PASA
356601100400192642,-42.793884,-71.098206,962.537,939.62,21.361,1.56,PASA
356601100400192643,-42.794169,-71.097630,960.6777,938.29,21.358,1.03,PASA
356601100400192644,-42.794455,-71.097054,960.1584,937.62,21.356,1.18,PASA
356601100400192645,-42.794740,-71.096478,959.4738,936.89,21.353,1.23,PASA
356601100400192646,-42.795025,-71.095903,954.9615,932.64,21.351,0.97,PASA
356601100400192647,-42.795309,-71.095329,946.4025,923.91,21.348,1.14,PASA
356601100400192648,-42.795593,-71.094755,939.3701,916.29,21.346,1.73,PASA
356601100400192649,-42.795878,-71.094179,936.4145,913.56,21.344,1.51,PASA
356601100400192650,-42.796163,-71.093604,934.4537,911.41,21.341,1.70,PASA
356601100400192651,-42.796449,-71.093028,932.6931,909.32,21.339,2.04,PASA
356601100400192652,-42.796734,-71.092452,930.3014,905.92,21.336,3.05,PASA
356601100400192653,-42.797019,-71.091877,926.13165,901.58,21.334,3.21,PASA
356601100400192654,-42.797303,-71.091302,921.58765,897.05,21.331,3.20,PASA
356601100400192655,-42.797588,-71.090727,917.60925,893.68,21.329,2.60,PASA
356601100400192656,-42.797873,-71.090152,913.6615,890.13,21.327,2.21,PASA
356601100400192657,-42.798157,-71.089578,905.8112,882.27,21.324,2.22,PASA
356601100400192658,-42.798442,-71.089004,898.06635,875.76,21.322,0.99,PASA
356601100400192659,-42.798726,-71.088430,892.83057,871.27,21.320,0.24,PASA
356601100400192660,-42.799011,-71.087855,888.2224,867.57,21.317,-0.67,PASA
356601100400192661,-42.799297,-71.087279,886.6334,865.73,21.315,-0.41,PASA
356601100400192662,-42.799582,-71.086704,882.94684,862.00,21.312,-0.37,PASA
356601100400192663,-42.799867,-71.086129,878.6596,857.10,21.310,0.25,PASA
356601100400192664,-42.800154,-71.085552,883.1118,863.48,21.308,-1.68,PASA
356601100400192665,-42.800441,-71.084973,892.2425,869.78,21.305,1.16,PASA
356601100400192666,-42.800727,-71.084397,890.71216,868.97,21.303,0.44,PASA
356601100400192667,-42.801013,-71.083821,889.04266,868.07,21.301,-0.33,PASA
356601100400192668,-42.801298,-71.083246,885.17114,865.45,21.299,-1.58,PASA
356601100400192669,-42.801583,-71.082671,881.5047,862.10,21.297,-1.89,PASA
356601100400192670,-42.801868,-71.082096,878.53973,857.99,21.295,-0.74,PASA
356601100400192671,-42.802154,-71.081520,877.6257,855.79,21.293,0.54,PASA
356601100400192672,-42.802440,-71.080944,877.23865,855.33,21.291,0.61,PASA
356601100400192673,-42.802726,-71.080369,875.95483,854.41,21.289,0.26,PASA
356601100400192674,-42.803012,-71.079794,872.8216,851.42,21.288,0.11,PASA
356601100400192675,-42.803297,-71.079219,869.913,848.09,21.286,0.53,PASA
356601100400192676,-42.803583,-71.078643,868.7042,847.03,21.284,0.39,PASA
356601100400192677,-42.803869,-71.078067,868.5342,846.68,21.282,0.57,PASA
356601100400192678,-42.804155,-71.077491,868.2223,846.42,21.280,0.52,PASA
356601100400192679,-42.804441,-71.076915,867.87976,846.12,21.279,0.48,PASA
356601100400192680,-42.804727,-71.076339,867.18756,845.54,21.277,0.37,PASA
356601100400192681,-42.805013,-71.075764,866.71484,844.93,21.275,0.51,PASA
356601100400192682,-42.805299,-71.075188,866.38776,844.77,21.273,0.34,PASA
356601100400192683,-42.805585,-71.074611,866.81335,844.33,21.272,1.21,PASA
356601100400192684,-42.805872,-71.074035,866.88806,844.59,21.270,1.03,PASA
356601100400192685,-42.806158,-71.073459,867.60846,845.75,21.268,0.59,PASA
356601100400192686,-42.806445,-71.072882,870.1265,846.37,21.266,2.49,PASA
356601100400192687,-42.806732,-71.072305,872.5814,848.90,21.265,2.42,PASA
356601100400192688,-42.807018,-71.071728,872.3775,850.21,21.263,0.90,PASA
356601100400192689,-42.807304,-71.071153,870.52466,848.80,21.261,0.46,PASA
356601100400192690,-42.807589,-71.070578,866.1282,844.96,21.259,-0.09,PASA
356601100400192691,-42.807875,-71.070001,865.9189,844.70,21.258,-0.04,PASA
356601100400192692,-42.808162,-71.069424,868.28625,844.93,21.256,2.10,PASA
356601100400192693,-42.808448,-71.068848,867.31635,844.40,21.254,1.66,PASA
356601100400192694,-42.808733,-71.068273,861.688,839.94,21.253,0.50,PASA
356601100400192695,-42.809019,-71.067698,856.47064,834.09,21.251,1.13,PASA
356601100400192696,-42.809305,-71.067122,854.7784,832.18,21.249,1.35,PASA
356601100400192697,-42.809590,-71.066547,850.03754,828.80,21.248,-0.01,PASA
356601100400192698,-42.809875,-71.065971,845.1926,824.80,21.246,-0.86,PASA
356601100400192699,-42.810161,-71.065396,841.93396,821.06,21.244,-0.37,PASA
356601100400192700,-42.810447,-71.064820,839.9693,818.74,21.243,-0.02,PASA
356601100400192701,-42.810733,-71.064243,838.6537,817.05,21.241,0.36,PASA
356601100400192702,-42.811019,-71.063667,838.4951,816.64,21.239,0.61,PASA
356601100400192703,-42.811306,-71.063090,838.7089,816.69,21.238,0.79,PASA
356601100400192704,-42.811592,-71.062513,838.4149,816.54,21.236,0.64,PASA
356601100400192705,-42.811878,-71.061937,836.76874,815.67,21.234,-0.14,PASA
356601100400192706,-42.812164,-71.061361,834.8929,814.23,21.233,-0.57,PASA
356601100400192707,-42.812450,-71.060784,834.02625,813.03,21.231,-0.24,PASA
356601100400192708,-42.812735,-71.060208,831.4346,809.88,21.229,0.32,PASA
356601100400192709,-42.813021,-71.059633,827.9646,806.43,21.228,0.30,PASA
356601100400192710,-42.813307,-71.059056,826.64923,805.10,21.226,0.32,PASA
356601100400192711,-42.813593,-71.058480,825.6455,804.78,21.224,-0.36,PASA
356601100400192712,-42.813879,-71.057903,826.692,805.34,21.223,0.13,PASA
356601100400192713,-42.814166,-71.057326,827.6678,805.84,21.221,0.61,PASA
356601100400192714,-42.814452,-71.056749,828.0872,805.99,21.220,0.88,PASA
356601100400192715,-42.814738,-71.056172,828.4791,805.90,21.218,1.36,PASA
356601100400192716,-42.815024,-71.055596,827.64667,805.30,21.216,1.13,PASA
356601100400192717,-42.815309,-71.055021,820.9149,796.65,21.215,3.05,PASA
356601100400192718,-42.815593,-71.054447,812.12115,791.22,21.213,-0.31,PASA
356601100400192719,-42.815882,-71.053867,826.30255,805.58,21.212,-0.48,PASA
356601100400192723,-42.817028,-71.051557,837.9575,816.11,21.205,0.64,PASA
356601100400192724,-42.817314,-71.050980,837.1222,815.50,21.204,0.42,PASA
356601100400192725,-42.817600,-71.050405,834.86536,814.25,21.202,-0.59,PASA
356601100400192726,-42.817885,-71.049829,833.4356,813.32,21.201,-1.08,PASA
356601100400192727,-42.818171,-71.049252,832.112,812.32,21.199,-1.41,PASA
356601100400192728,-42.818456,-71.048677,830.1872,810.68,21.198,-1.69,PASA
356601100400192729,-42.818742,-71.048100,829.1955,810.54,21.196,-2.54,PASA
356601100400192730,-42.819028,-71.047524,829.3354,810.67,21.195,-2.53,PASA
356601100400192731,-42.819313,-71.046948,828.6157,810.56,21.193,-3.14,PASA
356601100400192732,-42.819599,-71.046371,827.6014,810.17,21.192,-3.76,PASA
356601100400192733,-42.819884,-71.045796,825.365,808.03,21.190,-3.86,PASA
356601100400192734,-42.820169,-71.045220,821.1506,804.31,21.189,-4.35,PASA
356601100400192735,-42.820454,-71.044645,816.9481,800.13,21.187,-4.37,PASA
356601100400192736,-42.820739,-71.044070,812.58325,795.60,21.186,-4.20,PASA
356601100400192737,-42.821023,-71.043496,806.12305,787.59,21.184,-2.65,PASA
356601100400192738,-42.821307,-71.042921,800.2331,779.53,21.183,-0.48,PASA
356601100400192739,-42.821593,-71.042345,798.50635,776.55,21.181,0.78,PASA
356601100400192740,-42.821878,-71.041769,797.91907,775.78,21.180,0.96,PASA
356601100400192741,-42.822164,-71.041192,797.2518,774.99,21.179,1.09,PASA
356601100400192742,-42.822449,-71.040617,794.00867,770.77,21.178,2.06,PASA
356601100400192743,-42.822733,-71.040042,789.11975,765.83,21.177,2.11,PASA
356601100400192744,-42.823018,-71.039467,784.7723,761.95,21.176,1.65,PASA
356601100400192745,-42.823303,-71.038891,783.5047,760.51,21.175,1.82,PASA
356601100400192746,-42.823589,-71.038315,784.01135,759.81,21.174,3.03,PASA
356601100400192747,-42.823874,-71.037738,783.1882,759.06,21.173,2.96,PASA
356601100400192748,-42.824159,-71.037163,780.9374,757.97,21.172,1.79,PASA
356601100400192749,-42.824444,-71.036587,779.6955,756.94,21.171,1.59,PASA
356601100400192750,-42.824729,-71.036011,778.7067,756.26,21.171,1.27,PASA
356601100400192751,-42.825015,-71.035435,777.93774,755.76,21.170,1.01,PASA
356601100400192752,-42.825300,-71.034859,777.1332,755.48,21.169,0.49,PASA
356601100400192754,-42.825871,-71.033707,777.56494,755.43,21.167,0.97,PASA
356601100400192755,-42.826156,-71.033131,777.4305,755.71,21.166,0.55,PASA
356601100400192756,-42.826442,-71.032555,778.20135,756.30,21.165,0.73,PASA
356601100400192757,-42.826728,-71.031978,779.44385,756.92,21.164,1.36,PASA
356601100400192758,-42.827013,-71.031403,778.9975,757.03,21.164,0.81,PASA
356601100400192759,-42.827299,-71.030826,780.3035,757.54,21.163,1.60,PASA
356601100400192760,-42.827586,-71.030248,788.1118,766.39,21.162,0.56,PASA
