aoi,granule,acquisition_datetime,beam,longitude,latitude,delta_time,rgt,cycle,region,version,revision,orbit_number,sc_orient,segment_id_beg,segment_id_end,h_te_best_fit_m,h_te_uncertainty_m,h_canopy_m,h_canopy_uncertainty_m,h_max_canopy_m,canopy_openness_m,rh50_m,rh75_m,rh90_m,rh95_m,rh98_m,rh100_m,n_ca_photons,n_te_photons,segment_landcover,segment_snowcover,cloud_flag_atm,msw_flag,night_flag,terrain_flg,year,month,season,landcover_label,qa_valid_height,qa_operational,qa_uncertainty_available,qa_conservative,uncertainty_ratio,height_class,segment_key,este_utm19s,norte_utm19s,aoi_normalizado,nivel,dentro_aoi,fuera_del_borde_m,fecha,extremo_3iqr,fabdem_m,n_egm2008_m,n_geoide_ar16_m,delta_terreno_m,control_terreno
BOSQUE_NW_02(3),ATL08_20181124182732_08720113_007_02.h5,2018-11-24T18:27:32Z,gt1l,-71.54293060302734,-42.6911735534668,28319366.698607102,872.0,1.0,13.0,007,02,1073.0,1.0,1769717.0,1769720.0,1412.142822265625,,20.802978515625,,20.802978515625,4.364275932312012,,,,,,,36.0,4.0,116.0,1.0,0.0,0.0,0.0,0.0,2018,11,Primavera,Bosque cerrado desconocido,1,1,0,0,,20–30 m,872_gt1l_1769717,291689.3,5270343.5,BOSQUE_NW_02,operacional,SI,,2018-11-24,NO,1394.07,21.740,21.969,-3.66,PASA
BOSQUE_NW_02(3),ATL08_20181124182732_08720113_007_02.h5,2018-11-24T18:27:32Z,gt1l,-71.54304504394531,-42.69028091430664,28319366.712696005,872.0,1.0,13.0,007,02,1073.0,1.0,1769722.0,1769726.0,1463.5933837890625,,27.14404296875,,27.6796875,6.715799331665039,,,,,,,96.0,4.0,116.0,1.0,0.0,0.0,0.0,0.0,2018,11,Primavera,Bosque cerrado desconocido,1,1,0,0,,20–30 m,872_gt1l_1769722,291676.9,5270442.3,BOSQUE_NW_02,operacional,SI,,2018-11-24,NO,1449.58,21.738,21.967,-7.72,DESCARTADO
BOSQUE_NW_02(3),ATL08_20181124182732_08720113_007_02.h5,2018-11-24T18:27:32Z,gt1l,-71.54479217529297,-42.67686080932617,28319366.924147412,872.0,1.0,13.0,007,02,1073.0,1.0,1769797.0,1769801.0,1113.011962890625,,22.7833251953125,,22.921875,6.181380748748779,,,,,,,56.0,5.0,112.0,1.0,0.0,0.0,0.0,0.0,2018,11,Primavera,Bosque cerrado perennifolio latifolio,1,1,0,0,,20–30 m,872_gt1l_1769797,291488.9,5271928.3,BOSQUE_NW_02,operacional,SI,,2018-11-24,NO,1097.47,21.709,21.959,-6.17,DESCARTADO
BOSQUE_NW_02(3),ATL08_20181124182732_08720113_007_02.h5,2018-11-24T18:27:32Z,gt1l,-71.54491424560547,-42.675968170166016,28319366.938249398,872.0,1.0,13.0,007,02,1073.0,1.0,1769802.0,1769806.0,1102.8668212890625,,22.879150390625,,25.5819091796875,6.6544575691223145,,,,,,,60.0,2.0,116.0,1.0,0.0,0.0,0.0,0.0,2018,11,Primavera,Bosque cerrado desconocido,1,1,0,0,,20–30 m,872_gt1l_1769802,291475.9,5272027.1,BOSQUE_NW_02,operacional,SI,,2018-11-24,NO,1091.91,21.707,21.960,-10.75,DESCARTADO
BOSQUE_NW_02(3),ATL08_20181124182732_08720113_007_02.h5,2018-11-24T18:27:32Z,gt1l,-71.54502868652344,-42.675071716308594,28319366.952354357,872.0,1.0,13.0,007,02,1073.0,1.0,1769808.0,1769811.0,1103.82666015625,,22.9801025390625,,26.0291748046875,6.338873863220215,,,,,,,55.0,4.0,112.0,1.0,0.0,0.0,0.0,0.0,2018,11,Primavera,Bosque cerrado perennifolio latifolio,1,1,0,0,,20–30 m,872_gt1l_1769808,291463.5,5272126.4,BOSQUE_NW_02,operacional,SI,,2018-11-24,NO,1088.99,21.705,21.960,-6.87,DESCARTADO
BOSQUE_NW_02(3),ATL08_20181124182732_08720113_007_02.h5,2018-11-24T18:27:32Z,gt1l,-71.54537963867188,-42.67238998413086,28319366.994622063,872.0,1.0,13.0,007,02,1073.0,1.0,1769822.0,1769826.0,1088.6737060546875,,23.582763671875,,24.0050048828125,6.509729385375977,,,,,,,69.0,2.0,126.0,1.0,0.0,0.0,0.0,0.0,2018,11,Primavera,Bosque abierto desconocido,1,1,0,0,,20–30 m,872_gt1l_1769822,291425.8,5272423.4,BOSQUE_NW_02,operacional,SI,,2018-11-24,NO,1073.80,21.699,21.961,-6.82,DESCARTADO
BOSQUE_NW_02(3),ATL08_20181124182732_08720113_007_02.h5,2018-11-24T18:27:32Z,gt1l,-71.54549407958984,-42.67149353027344,28319367.008656565,872.0,1.0,13.0,007,02,1073.0,1.0,1769827.0,1769831.0,1089.466064453125,77.75824737548828,10.3958740234375,44.17817687988281,11.5216064453125,3.1328625679016113,,,,,,,34.0,14.0,20.0,1.0,0.0,0.0,0.0,0.0,2018,11,Primavera,Arbustos,1,1,1,1,4.249587555628618,10–20 m,872_gt1l_1769827,291413.4,5272522.6,BOSQUE_NW_02,operacional,SI,,2018-11-24,NO,1072.17,21.697,21.962,-4.40,PASA
BOSQUE_NW_02(3),ATL08_20181124182732_08720113_007_02.h5,2018-11-24T18:27:32Z,gt1l,-71.54561614990234,-42.67060089111328,28319367.022718955,872.0,1.0,13.0,007,02,1073.0,1.0,1769832.0,1769836.0,1087.4246826171875,,9.5958251953125,,9.764404296875,2.3465828895568848,,,,,,,51.0,2.0,30.0,1.0,0.0,0.0,0.0,0.0,2018,11,Primavera,Herbáceas,1,1,0,0,,5–10 m,872_gt1l_1769832,291400.4,5272621.4,BOSQUE_NW_02,operacional,SI,,2018-11-24,NO,1067.93,21.695,21.963,-2.20,PASA
BOSQUE_NW_02(3),ATL08_20181124182732_08720113_007_02.h5,2018-11-24T18:27:32Z,gt1l,-71.54573059082031,-42.66970443725586,28319367.03686562,872.0,1.0,13.0,007,02,1073.0,1.0,1769837.0,1769841.0,1079.499755859375,,17.4910888671875,,17.7095947265625,2.996006965637207,,,,,,,67.0,4.0,30.0,1.0,0.0,0.0,0.0,0.0,2018,11,Primavera,Herbáceas,1,1,0,0,,10–20 m,872_gt1l_1769837,291388.0,5272720.7,BOSQUE_NW_02,operacional,SI,,2018-11-24,NO,1062.97,21.693,21.963,-5.16,DESCARTADO
BOSQUE_NW_02(3),ATL08_20181124182732_08720113_007_02.h5,2018-11-24T18:27:32Z,gt1l,-71.54608154296875,-42.667022705078125,28319367.079190616,872.0,1.0,13.0,007,02,1073.0,1.0,1769852.0,1769856.0,1052.2972412109375,,19.45654296875,,21.1517333984375,4.890130043029785,,,,,,,95.0,2.0,116.0,1.0,0.0,0.0,0.0,0.0,2018,11,Primavera,Bosque cerrado desconocido,1,1,0,0,,10–20 m,872_gt1l_1769852,291350.3,5273017.7,BOSQUE_NW_02,operacional,SI,,2018-11-24,NO,1030.06,21.687,21.965,0.55,PASA
BOSQUE_NW_02(3),ATL08_20181124182732_08720113_007_02.h5,2018-11-24T18:27:32Z,gt1l,-71.54642486572266,-42.664337158203125,28319367.12140686,872.0,1.0,13.0,007,02,1073.0,1.0,1769867.0,1769871.0,1107.3487548828125,,26.916259765625,,27.4964599609375,6.9582600593566895,,,,,,,70.0,3.0,112.0,1.0,0.0,0.0,0.0,0.0,2018,11,Primavera,Bosque cerrado perennifolio latifolio,1,1,0,0,,20–30 m,872_gt1l_1769867,291313.2,5273315.0,BOSQUE_NW_02,operacional,SI,,2018-11-24,NO,1092.92,21.681,21.952,-7.25,DESCARTADO
BOSQUE_NW_02(3),ATL08_20181124182732_08720113_007_02.h5,2018-11-24T18:27:32Z,gt1l,-71.54653930664062,-42.66344451904297,28319367.135484044,872.0,1.0,13.0,007,02,1073.0,1.0,1769872.0,1769876.0,1106.947021484375,,23.86669921875,,24.706787109375,6.831926345825195,,,,,,,68.0,5.0,112.0,1.0,0.0,0.0,0.0,0.0,2018,11,Primavera,Bosque cerrado perennifolio latifolio,1,1,0,0,,20–30 m,872_gt1l_1769872,291300.8,5273413.9,BOSQUE_NW_02,operacional,SI,,2018-11-24,NO,1087.51,21.678,21.948,-2.25,PASA
BOSQUE_NW_02(3),ATL08_20181124182732_08720113_007_02.h5,2018-11-24T18:27:32Z,gt1l,-71.5466537475586,-42.66254806518555,28319367.149575923,872.0,1.0,13.0,007,02,1073.0,1.0,1769877.0,1769881.0,1102.4019775390625,39.389915466308594,16.274169921875,47.60184097290039,17.76904296875,4.194454669952393,,,,,,,56.0,28.0,112.0,1.0,0.0,0.0,0.0,0.0,2018,11,Primavera,Bosque cerrado perennifolio latifolio,1,1,1,1,2.924993483625617,10–20 m,872_gt1l_1769877,291288.4,5273513.2,BOSQUE_NW_02,operacional,SI,,2018-11-24,NO,1082.54,21.676,21.943,-1.82,PASA
BOSQUE_NW_02(3),ATL08_20181124182732_08720113_007_02.h5,2018-11-24T18:27:32Z,gt1l,-71.54712677001953,-42.65896987915039,28319367.205933284,872.0,1.0,13.0,007,02,1073.0,1.0,1769897.0,1769901.0,1219.5059814453125,,17.5361328125,,18.4571533203125,4.557549953460693,,,,,,,53.0,1.0,114.0,1.0,0.0,0.0,0.0,0.0,2018,11,Primavera,Bosque cerrado caducifolio latifolio,1,1,0,0,,10–20 m,872_gt1l_1769897,291237.7,5273909.4,BOSQUE_NW_02,operacional,SI,,2018-11-24,NO,1203.60,21.667,21.926,-5.76,DESCARTADO
BOSQUE_NW_02(3),ATL08_20181124182732_08720113_007_02.h5,2018-11-24T18:27:32Z,gt1l,-71.54735565185547,-42.65718078613281,28319367.23411214,872.0,1.0,13.0,007,02,1073.0,1.0,1769907.0,1769911.0,1199.9237060546875,,18.3970947265625,,19.2342529296875,4.636922836303711,,,,,,,41.0,1.0,112.0,1.0,0.0,0.0,0.0,0.0,2018,11,Primavera,Bosque cerrado perennifolio latifolio,1,1,0,0,,10–20 m,872_gt1l_1769907,291212.9,5274107.5,BOSQUE_NW_02,operacional,SI,,2018-11-24,NO,1178.94,21.662,21.917,-0.68,PASA
BOSQUE_NW_02(3),ATL08_20181124182732_08720113_007_02.h5,2018-11-24T18:27:32Z,gt1l,-71.54747009277344,-42.656288146972656,28319367.248281408,872.0,1.0,13.0,007,02,1073.0,1.0,1769912.0,1769916.0,1198.94140625,,16.9520263671875,,19.2449951171875,4.65606164932251,,,,,,,40.0,5.0,112.0,1.0,0.0,0.0,0.0,0.0,2018,11,Primavera,Bosque cerrado perennifolio latifolio,1,1,0,0,,10–20 m,872_gt1l_1769912,291200.6,5274206.3,BOSQUE_NW_02,operacional,SI,,2018-11-24,NO,1175.85,21.660,21.912,1.43,PASA
BOSQUE_NW_02(3),ATL08_20181124182732_08720113_007_02.h5,2018-11-24T18:27:32Z,gt1l,-71.5475845336914,-42.655391693115234,28319367.262398627,872.0,1.0,13.0,007,02,1073.0,1.0,1769917.0,1769921.0,1194.50244140625,,22.26953125,,22.8946533203125,6.4364914894104,,,,,,,48.0,4.0,112.0,1.0,0.0,0.0,0.0,0.0,2018,11,Primavera,Bosque cerrado perennifolio latifolio,1,1,0,0,,20–30 m,872_gt1l_1769917,291188.2,5274305.6,BOSQUE_NW_02,operacional,SI,,2018-11-24,NO,1177.28,21.657,21.907,-4.44,PASA
BOSQUE_NW_02(3),ATL08_20181124182732_08720113_007_02.h5,2018-11-24T18:27:32Z,gt1l,-71.54782104492188,-42.653602600097656,28319367.290620595,872.0,1.0,13.0,007,02,1073.0,1.0,1769927.0,1769931.0,1205.39990234375,,21.7169189453125,,23.2052001953125,5.205355644226074,,,,,,,53.0,4.0,112.0,1.0,0.0,0.0,0.0,0.0,2018,11,Primavera,Bosque cerrado perennifolio latifolio,1,1,0,0,,20–30 m,872_gt1l_1769927,291162.8,5274503.7,BOSQUE_NW_02,operacional,SI,,2018-11-24,NO,1182.81,21.653,21.898,0.93,PASA
BOSQUE_NW_02(3),ATL08_20181124182732_08720113_007_02.h5,2018-11-24T18:27:32Z,gt1l,-71.54793548583984,-42.6527099609375,28319367.30467512,872.0,1.0,13.0,007,02,1073.0,1.0,1769932.0,1769936.0,1186.1595458984375,,20.878662109375,,21.409423828125,5.095896244049072,,,,,,,36.0,4.0,116.0,1.0,0.0,0.0,0.0,0.0,2018,11,Primavera,Bosque cerrado desconocido,1,1,0,0,,20–30 m,872_gt1l_1769932,291150.4,5274602.5,BOSQUE_NW_02,operacional,SI,,2018-11-24,NO,1166.55,21.651,21.893,-2.04,PASA
BOSQUE_NW_02(3),ATL08_20181124182732_08720113_007_02.h5,2018-11-24T18:27:32Z,gt1l,-71.54875183105469,-42.646446228027344,28319367.40330473,872.0,1.0,13.0,007,02,1073.0,1.0,1769967.0,1769971.0,1080.816650390625,,21.894775390625,,21.894775390625,5.461467742919922,,,,,,,37.0,2.0,126.0,1.0,0.0,0.0,0.0,0.0,2018,11,Primavera,Bosque abierto desconocido,1,1,0,0,,20–30 m,872_gt1l_1769967,291062.5,5275296.1,BOSQUE_NW_02,operacional,SI,,2018-11-24,NO,1071.44,21.634,21.867,-12.25,DESCARTADO
BOSQUE_NW_02(3),ATL08_20181124182732_08720113_007_02.h5,2018-11-24T18:27:32Z,gt1l,-71.54898834228516,-42.644657135009766,28319367.431452956,872.0,1.0,13.0,007,02,1073.0,1.0,1769977.0,1769981.0,1054.567626953125,70.2439956665039,17.85791015625,62.588069915771484,17.881591796875,4.6583051681518555,,,,,,,67.0,15.0,126.0,1.0,0.0,0.0,0.0,0.0,2018,11,Primavera,Bosque abierto desconocido,1,1,1,1,3.504781319210893,10–20 m,872_gt1l_1769977,291037.2,5275494.2,BOSQUE_NW_02,operacional,SI,,2018-11-24,NO,1033.08,21.630,21.860,-0.15,PASA
BOSQUE_NW_02(3),ATL08_20181124182732_08720113_007_02.h5,2018-11-24T18:27:32Z,gt1l,-71.5492172241211,-42.64286804199219,28319367.45972635,872.0,1.0,13.0,007,02,1073.0,1.0,1769987.0,1769991.0,1021.025390625,,21.86273193359375,,22.21173095703125,4.943125247955322,,,,,,,74.0,3.0,116.0,1.0,0.0,0.0,0.0,0.0,2018,11,Primavera,Bosque cerrado desconocido,1,1,0,0,,20–30 m,872_gt1l_1769987,291012.4,5275692.3,BOSQUE_NW_02,operacional,SI,,2018-11-24,NO,1005.56,21.625,21.854,-6.16,DESCARTADO
BOSQUE_NW_02(3),ATL08_20181124182732_08720113_007_02.h5,2018-11-24T18:27:32Z,gt1l,-71.54944610595703,-42.64107894897461,28319367.487903725,872.0,1.0,13.0,007,02,1073.0,1.0,1769997.0,1770001.0,968.2887573242188,42.15372085571289,16.3182373046875,52.965641021728516,16.3182373046875,2.8460967540740967,,,,,,,46.0,23.0,126.0,1.0,0.0,0.0,0.0,0.0,2018,11,Primavera,Bosque abierto desconocido,1,1,1,1,3.2457942627488237,10–20 m,872_gt1l_1769997,290987.6,5275890.4,BOSQUE_NW_02,operacional,SI,,2018-11-24,NO,946.88,21.621,21.847,-0.21,PASA
BOSQUE_NW_02(3),ATL08_20181124182732_08720113_007_02.h5,2018-11-24T18:27:32Z,gt1l,-71.55075073242188,-42.63106155395508,28319367.64572029,872.0,1.0,13.0,007,02,1073.0,1.0,1770053.0,1770057.0,991.7835083007812,,24.53338623046875,,24.7637939453125,6.368741512298584,,,,,,,85.0,1.0,126.0,1.0,0.0,0.0,0.0,0.0,2018,11,Primavera,Bosque abierto desconocido,1,1,0,0,,20–30 m,872_gt1l_1770053,290847.1,5276999.6,BOSQUE_NW_02,operacional,SI,,2018-11-24,NO,974.87,21.596,21.823,-4.68,PASA
BOSQUE_NW_02(3),ATL08_20181124182732_08720113_007_02.h5,2018-11-24T18:27:32Z,gt1l,-71.55098724365234,-42.6292724609375,28319367.67397743,872.0,1.0,13.0,007,02,1073.0,1.0,1770063.0,1770067.0,1013.4690551757812,,27.41424560546875,,28.13775634765625,5.852789878845215,,,,,,,80.0,5.0,116.0,1.0,0.0,0.0,0.0,0.0,2018,11,Primavera,Bosque cerrado desconocido,1,1,0,0,,20–30 m,872_gt1l_1770063,290821.7,5277197.7,BOSQUE_NW_02,operacional,SI,,2018-11-24,NO,1003.31,21.591,21.823,-11.43,DESCARTADO
BOSQUE_NW_02(3),ATL08_20181124182732_08720113_007_02.h5,2018-11-24T18:27:32Z,gt1l,-71.55121612548828,-42.62748336791992,28319367.70218532,872.0,1.0,13.0,007,02,1073.0,1.0,1770074.0,1770077.0,1054.8421630859375,,18.45654296875,,19.96337890625,4.641241550445557,,,,,,,60.0,2.0,20.0,1.0,0.0,0.0,0.0,0.0,2018,11,Primavera,Arbustos,1,1,0,0,,10–20 m,872_gt1l_1770074,290797.0,5277395.8,BOSQUE_NW_02,operacional,SI,,2018-11-24,NO,1039.45,21.587,21.822,-6.20,DESCARTADO
BOSQUE_NW_02(3),ATL08_20181124182732_08720113_007_02.h5,2018-11-24T18:27:32Z,gt1l,-71.55168914794922,-42.623905181884766,28319367.758482885,872.0,1.0,13.0,007,02,1073.0,1.0,1770093.0,1770097.0,1087.3157958984375,,19.700927734375,,21.5701904296875,5.122766971588135,,,,,,,70.0,3.0,20.0,1.0,0.0,0.0,0.0,0.0,2018,11,Primavera,Arbustos,1,1,0,0,,10–20 m,872_gt1l_1770093,290746.2,5277792.0,BOSQUE_NW_02,operacional,SI,,2018-11-24,NO,1071.30,21.578,21.821,-5.56,DESCARTADO
BOSQUE_NW_02(3),ATL08_20181124182732_08720113_007_02.h5,2018-11-24T18:27:32Z,gt1l,-71.55179595947266,-42.623008728027344,28319367.772596758,872.0,1.0,13.0,007,02,1073.0,1.0,1770098.0,1770102.0,1073.2000732421875,,23.0035400390625,,24.413818359375,5.487968921661377,,,,,,,70.0,3.0,20.0,1.0,0.0,0.0,0.0,0.0,2018,11,Primavera,Arbustos,1,1,0,0,,20–30 m,872_gt1l_1770098,290734.4,5277891.3,BOSQUE_NW_02,operacional,SI,,2018-11-24,NO,1058.40,21.575,21.821,-6.77,DESCARTADO
BOSQUE_NW_02(3),ATL08_20181124182732_08720113_007_02.h5,2018-11-24T18:27:32Z,gt1l,-71.55226135253906,-42.61943054199219,28319367.828952406,872.0,1.0,13.0,007,02,1073.0,1.0,1770118.0,1770122.0,1110.766357421875,111.52867126464844,20.450927734375,75.54380798339844,24.3807373046875,5.393912315368652,,,,,,,68.0,10.0,30.0,1.0,0.0,0.0,0.0,0.0,2018,11,Primavera,Herbáceas,1,1,1,1,3.693906162331228,20–30 m,872_gt1l_1770118,290684.2,5278287.5,BOSQUE_NW_02,operacional,SI,,2018-11-24,NO,1095.36,21.566,21.818,-6.16,DESCARTADO
BOSQUE_NW_02(3),ATL08_20181124182732_08720113_007_02.h5,2018-11-24T18:27:32Z,gt1l,-71.5530776977539,-42.61316680908203,28319367.92763703,872.0,1.0,13.0,007,02,1073.0,1.0,1770153.0,1770157.0,1147.808837890625,,25.0439453125,,26.0875244140625,5.737881183624268,,,,,,,51.0,3.0,112.0,1.0,0.0,0.0,0.0,0.0,2018,11,Primavera,Bosque cerrado perennifolio latifolio,1,1,0,0,,20–30 m,872_gt1l_1770153,290596.3,5278981.1,BOSQUE_NW_02,operacional,SI,,2018-11-24,NO,1127.86,21.551,21.796,-1.60,PASA
BOSQUE_NW_02(3),ATL08_20181124182732_08720113_007_02.h5,2018-11-24T18:27:32Z,gt1l,-71.55365753173828,-42.60869598388672,28319367.99808223,872.0,1.0,13.0,007,02,1073.0,1.0,1770178.0,1770182.0,1176.975341796875,,24.2593994140625,,24.2593994140625,4.888314247131348,,,,,,,39.0,3.0,112.0,1.0,0.0,0.0,0.0,0.0,2018,11,Primavera,Bosque cerrado perennifolio latifolio,1,1,0,0,,20–30 m,872_gt1l_1770178,290533.7,5279476.1,BOSQUE_NW_02,operacional,SI,,2018-11-24,NO,1160.57,21.540,21.773,-5.13,DESCARTADO
BOSQUE_NW_02(3),ATL08_20181124182732_08720113_007_02.h5,2018-11-24T18:27:32Z,gt1l,-71.55377197265625,-42.6077995300293,28319368.012093112,872.0,1.0,13.0,007,02,1073.0,1.0,1770183.0,1770187.0,1186.89990234375,,26.8958740234375,,28.589111328125,6.490381717681885,,,,,,,74.0,3.0,112.0,1.0,0.0,0.0,0.0,0.0,2018,11,Primavera,Bosque cerrado perennifolio latifolio,1,1,0,0,,20–30 m,872_gt1l_1770183,290521.3,5279575.4,BOSQUE_NW_02,operacional,SI,,2018-11-24,NO,1169.80,21.538,21.769,-4.43,PASA
BOSQUE_NW_02(3),ATL08_20181124182732_08720113_007_02.h5,2018-11-24T18:27:32Z,gt1l,-71.55388641357422,-42.60690689086914,28319368.02624927,872.0,1.0,13.0,007,02,1073.0,1.0,1770188.0,1770192.0,1199.2908935546875,,26.1207275390625,,27.6468505859375,5.548825740814209,,,,,,,51.0,5.0,112.0,1.0,0.0,0.0,0.0,0.0,2018,11,Primavera,Bosque cerrado perennifolio latifolio,1,1,0,0,,20–30 m,872_gt1l_1770188,290509.0,5279674.2,BOSQUE_NW_02,operacional,SI,,2018-11-24,NO,1183.28,21.536,21.764,-5.53,DESCARTADO
BOSQUE_NW_02(3),ATL08_20181124182732_08720113_007_02.h5,2018-11-24T18:27:32Z,gt1l,-71.55400085449219,-42.60601043701172,28319368.04040843,872.0,1.0,13.0,007,02,1073.0,1.0,1770193.0,1770197.0,1215.896240234375,110.33078002929688,21.76123046875,82.46868896484375,23.02392578125,5.5621018409729,,,,,,,53.0,11.0,112.0,1.0,0.0,0.0,0.0,0.0,2018,11,Primavera,Bosque cerrado perennifolio latifolio,1,1,1,1,3.789707070253775,20–30 m,872_gt1l_1770193,290496.6,5279773.5,BOSQUE_NW_02,operacional,SI,,2018-11-24,NO,1195.55,21.534,21.760,-1.18,PASA
BOSQUE_NW_02(3),ATL08_20181124182732_08720113_007_02.h5,2018-11-24T18:27:32Z,gt1l,-71.55423736572266,-42.60422134399414,28319368.06848542,872.0,1.0,13.0,007,02,1073.0,1.0,1770203.0,1770207.0,1238.862060546875,,18.8028564453125,,23.100341796875,4.196558475494385,,,,,,,35.0,2.0,112.0,1.0,0.0,0.0,0.0,0.0,2018,11,Primavera,Bosque cerrado perennifolio latifolio,1,1,0,0,,10–20 m,872_gt1l_1770203,290471.2,5279971.6,BOSQUE_NW_02,operacional,SI,,2018-11-24,NO,1219.91,21.529,21.751,-2.58,PASA
BOSQUE_NW_02(3),ATL08_20181124182732_08720113_007_02.h5,2018-11-24T18:27:32Z,gt1l,-71.55435180664062,-42.603328704833984,28319368.08261043,872.0,1.0,13.0,007,02,1073.0,1.0,1770208.0,1770212.0,1271.6639404296875,,18.1478271484375,,19.73583984375,4.482692718505859,,,,,,,47.0,3.0,112.0,1.0,0.0,0.0,0.0,0.0,2018,11,Primavera,Bosque cerrado perennifolio latifolio,1,1,0,0,,10–20 m,872_gt1l_1770208,290458.8,5280070.4,BOSQUE_NW_02,operacional,SI,,2018-11-24,NO,1245.22,21.527,21.746,4.91,PASA
BOSQUE_NW_02(3),ATL08_20181124182732_08720113_007_02.h5,2018-11-24T18:27:32Z,gt1l,-71.55458068847656,-42.601539611816406,28319368.110805206,872.0,1.0,13.0,007,02,1073.0,1.0,1770218.0,1770222.0,1323.758056640625,,15.7327880859375,,17.93408203125,4.312488555908203,,,,,,,41.0,5.0,112.0,1.0,0.0,0.0,0.0,0.0,2018,11,Primavera,Bosque cerrado perennifolio latifolio,1,1,0,0,,10–20 m,872_gt1l_1770218,290434.0,5280268.6,BOSQUE_NW_02,operacional,SI,,2018-11-24,NO,1305.11,21.523,21.737,-2.87,PASA
BOSQUE_NW_02(3),ATL08_20181124182732_08720113_007_02.h5,2018-11-24T18:27:32Z,gt1l,-71.55470275878906,-42.600643157958984,28319368.12484324,872.0,1.0,13.0,007,02,1073.0,1.0,1770223.0,1770227.0,1339.5484619140625,,20.9239501953125,,23.073974609375,5.012484550476074,,,,,,,52.0,5.0,112.0,1.0,0.0,0.0,0.0,0.0,2018,11,Primavera,Bosque cerrado perennifolio latifolio,1,1,0,0,,20–30 m,872_gt1l_1770223,290421.0,5280367.8,BOSQUE_NW_02,operacional,SI,,2018-11-24,NO,1321.09,21.521,21.732,-3.06,PASA
BOSQUE_NW_02(3),ATL08_20181124182732_08720113_007_02.h5,2018-11-24T18:27:32Z,gt1l,-71.55482482910156,-42.59975051879883,28319368.138893608,872.0,1.0,13.0,007,02,1073.0,1.0,1770228.0,1770232.0,1357.8822021484375,,27.0302734375,,27.9617919921875,6.272075653076172,,,,,,,55.0,4.0,114.0,1.0,0.0,0.0,0.0,0.0,2018,11,Primavera,Bosque cerrado caducifolio latifolio,1,1,0,0,,20–30 m,872_gt1l_1770228,290408.0,5280466.6,BOSQUE_NW_02,operacional,SI,,2018-11-24,NO,1335.22,21.519,21.730,1.14,PASA
BOSQUE_NW_02(3),ATL08_20181124182732_08720113_007_02.h5,2018-11-24T18:27:32Z,gt1l,-71.554931640625,-42.598854064941406,28319368.15304994,872.0,1.0,13.0,007,02,1073.0,1.0,1770233.0,1770237.0,1358.0369873046875,,27.3306884765625,,27.693359375,6.6929168701171875,,,,,,,78.0,3.0,112.0,1.0,0.0,0.0,0.0,0.0,2018,11,Primavera,Bosque cerrado perennifolio latifolio,1,1,0,0,,20–30 m,872_gt1l_1770233,290396.2,5280565.9,BOSQUE_NW_02,operacional,SI,,2018-11-24,NO,1343.68,21.517,21.727,-7.16,DESCARTADO
BOSQUE_NW_02(3),ATL08_20181124182732_08720113_007_02.h5,2018-11-24T18:27:32Z,gt1l,-71.55504608154297,-42.59796142578125,28319368.167141117,872.0,1.0,13.0,007,02,1073.0,1.0,1770238.0,1770242.0,1371.1759033203125,228.1967315673828,24.468017578125,130.14479064941406,25.0181884765625,5.164793014526367,,,,,,,60.0,6.0,112.0,1.0,0.0,0.0,0.0,0.0,2018,11,Primavera,Bosque cerrado perennifolio latifolio,1,1,1,1,5.318975688727911,20–30 m,872_gt1l_1770238,290383.8,5280664.8,BOSQUE_NW_02,operacional,SI,,2018-11-24,NO,1349.32,21.514,21.725,0.34,PASA
BOSQUE_NW_02(3),ATL08_20181124182732_08720113_007_02.h5,2018-11-24T18:27:32Z,gt1l,-71.55516815185547,-42.59706497192383,28319368.181229193,872.0,1.0,13.0,007,02,1073.0,1.0,1770243.0,1770247.0,1372.837646484375,,19.173828125,,21.5318603515625,4.799830913543701,,,,,,,61.0,2.0,112.0,1.0,0.0,0.0,0.0,0.0,2018,11,Primavera,Bosque cerrado perennifolio latifolio,1,1,0,0,,10–20 m,872_gt1l_1770243,290370.8,5280764.0,BOSQUE_NW_02,operacional,SI,,2018-11-24,NO,1352.84,21.512,21.723,-1.51,PASA
BOSQUE_NW_02(3),ATL08_20181124182732_08720113_007_02.h5,2018-11-24T18:27:32Z,gt1l,-71.55528259277344,-42.59617233276367,28319368.195375662,872.0,1.0,13.0,007,02,1073.0,1.0,1770248.0,1770252.0,1359.41455078125,226.9383544921875,24.14599609375,102.03079223632812,24.9130859375,6.396184921264648,,,,,,,60.0,6.0,112.0,1.0,0.0,0.0,0.0,0.0,2018,11,Primavera,Bosque cerrado perennifolio latifolio,1,1,1,1,4.225578097510667,20–30 m,872_gt1l_1770248,290358.4,5280862.9,BOSQUE_NW_02,operacional,SI,,2018-11-24,NO,1340.76,21.510,21.721,-2.85,PASA
BOSQUE_NW_02(3),ATL08_20181124182732_08720113_007_02.h5,2018-11-24T18:27:32Z,gt1l,-71.5553970336914,-42.59527587890625,28319368.20941406,872.0,1.0,13.0,007,02,1073.0,1.0,1770253.0,1770257.0,1355.1715087890625,,17.3709716796875,,18.543701171875,4.647012233734131,,,,,,,39.0,2.0,112.0,1.0,0.0,0.0,0.0,0.0,2018,11,Primavera,Bosque cerrado perennifolio latifolio,1,1,0,0,,10–20 m,872_gt1l_1770253,290346.0,5280962.1,BOSQUE_NW_02,operacional,SI,,2018-11-24,NO,1327.33,21.508,21.719,6.33,DESCARTADO
BOSQUE_NW_02(3),ATL08_20181124182732_08720113_007_02.h5,2018-11-24T18:27:32Z,gt1l,-71.55597686767578,-42.59080123901367,28319368.279902652,872.0,1.0,13.0,007,02,1073.0,1.0,1770278.0,1770282.0,1272.7861328125,,25.307373046875,,25.307373046875,6.7790608406066895,,,,,,,40.0,3.0,116.0,1.0,0.0,0.0,0.0,0.0,2018,11,Primavera,Bosque cerrado desconocido,1,1,0,0,,20–30 m,872_gt1l_1770278,290283.4,5281457.6,BOSQUE_NW_02,operacional,SI,,2018-11-24,NO,1250.22,21.498,21.708,1.06,PASA
BOSQUE_NW_02(3),ATL08_20181124182732_08720113_007_02.h5,2018-11-24T18:27:32Z,gt1l,-71.55609130859375,-42.589908599853516,28319368.294015028,872.0,1.0,13.0,007,02,1073.0,1.0,1770283.0,1770287.0,1249.7032470703125,,27.50634765625,,28.7545166015625,6.377020835876465,,,,,,,61.0,5.0,116.0,1.0,0.0,0.0,0.0,0.0,2018,11,Primavera,Bosque cerrado desconocido,1,1,0,0,,20–30 m,872_gt1l_1770283,290271.1,5281556.4,BOSQUE_NW_02,operacional,SI,,2018-11-24,NO,1230.70,21.496,21.706,-2.49,PASA
BOSQUE_NW_02(3),ATL08_20181124182732_08720113_007_02.h5,2018-11-24T18:27:32Z,gt1l,-71.55621337890625,-42.58901596069336,28319368.308040153,872.0,1.0,13.0,007,02,1073.0,1.0,1770288.0,1770291.0,1237.667724609375,,25.8570556640625,,26.31396484375,6.690540313720703,,,,,,,48.0,4.0,112.0,1.0,0.0,0.0,0.0,0.0,2018,11,Primavera,Bosque cerrado perennifolio latifolio,1,1,0,0,,20–30 m,872_gt1l_1770288,290258.0,5281655.3,BOSQUE_NW_02,operacional,SI,,2018-11-24,NO,1212.04,21.494,21.704,4.13,PASA
BOSQUE_NW_02(3),ATL08_20181124182732_08720113_007_02.h5,2018-11-24T18:27:32Z,gt1l,-71.55679321289062,-42.58454132080078,28319368.378514364,872.0,1.0,13.0,007,02,1073.0,1.0,1770313.0,1770317.0,1118.013916015625,,27.68017578125,,29.22021484375,7.814892292022705,,,,,,,55.0,4.0,114.0,1.0,0.0,0.0,0.0,0.0,2018,11,Primavera,Bosque cerrado caducifolio latifolio,1,1,0,0,,20–30 m,872_gt1l_1770313,290195.4,5282150.7,BOSQUE_NW_02,operacional,SI,,2018-11-24,NO,1105.83,21.484,21.694,-9.30,DESCARTADO
BOSQUE_NW_02(3),ATL08_20181124182732_08720113_007_02.h5,2018-11-24T18:27:32Z,gt1l,-71.55690002441406,-42.58364486694336,28319368.392696396,872.0,1.0,13.0,007,02,1073.0,1.0,1770318.0,1770322.0,1121.4144287109375,,22.03466796875,,22.98388671875,5.4826579093933105,,,,,,,53.0,1.0,112.0,1.0,0.0,0.0,0.0,0.0,2018,11,Primavera,Bosque cerrado perennifolio latifolio,1,1,0,0,,20–30 m,872_gt1l_1770318,290183.7,5282250.0,BOSQUE_NW_02,operacional,SI,,2018-11-24,NO,1093.93,21.482,21.693,6.00,DESCARTADO
BOSQUE_NW_02(3),ATL08_20181124182732_08720113_007_02.h5,2018-11-24T18:27:32Z,gt1l,-71.5572509765625,-42.580963134765625,28319368.434911273,872.0,1.0,13.0,007,02,1073.0,1.0,1770333.0,1770337.0,1069.8631591796875,134.4349365234375,21.1427001953125,69.50657653808594,23.6610107421875,5.297640323638916,,,,,,,70.0,8.0,116.0,1.0,0.0,0.0,0.0,0.0,2018,11,Primavera,Bosque cerrado desconocido,1,1,1,1,3.2874976183740277,20–30 m,872_gt1l_1770333,290145.9,5282547.0,BOSQUE_NW_02,operacional,SI,,2018-11-24,NO,1054.83,21.475,21.692,-6.44,DESCARTADO
BOSQUE_NW_02(3),ATL08_20181124182732_08720113_007_02.h5,2018-11-24T18:27:32Z,gt1l,-71.55760192871094,-42.578277587890625,28319368.477247547,872.0,1.0,13.0,007,02,1073.0,1.0,1770348.0,1770352.0,1000.5059814453125,77.1568374633789,19.58343505859375,54.915340423583984,19.90325927734375,4.910488605499268,,,,,,,62.0,13.0,116.0,1.0,0.0,0.0,0.0,0.0,2018,11,Primavera,Bosque cerrado desconocido,1,1,1,1,2.8041730298733074,10–20 m,872_gt1l_1770348,290108.1,5282844.3,BOSQUE_NW_02,operacional,SI,,2018-11-24,NO,980.89,21.469,21.692,-1.85,PASA
BOSQUE_NW_02(3),ATL08_20181124182732_08720113_007_02.h5,2018-11-24T18:27:32Z,gt1l,-71.5577163696289,-42.57738494873047,28319368.49138116,872.0,1.0,13.0,007,02,1073.0,1.0,1770353.0,1770357.0,983.3414306640625,140.20877075195312,18.3858642578125,69.89256286621094,18.50531005859375,4.27969217300415,,,,,,,56.0,7.0,116.0,1.0,0.0,0.0,0.0,0.0,2018,11,Primavera,Bosque cerrado desconocido,1,1,1,1,3.801429287530624,10–20 m,872_gt1l_1770353,290095.7,5282943.2,BOSQUE_NW_02,operacional,SI,,2018-11-24,NO,961.92,21.467,21.691,-0.04,PASA
BOSQUE_NW_02(3),ATL08_20181124182732_08720113_007_02.h5,2018-11-24T18:27:32Z,gt1l,-71.55786895751953,-42.57622146606445,28319368.511073757,872.0,1.0,13.0,007,02,1073.0,1.0,1770358.0,1770362.0,966.408203125,,18.99127197265625,,18.99127197265625,3.990396738052368,,,,,,,22.0,4.0,112.0,1.0,0.0,0.0,0.0,0.0,2018,11,Primavera,Bosque cerrado perennifolio latifolio,1,1,0,0,,10–20 m,872_gt1l_1770358,290079.2,5283072.0,BOSQUE_NW_02,operacional,SI,,2018-11-24,NO,939.47,21.465,21.691,5.47,DESCARTADO
BOSQUE_NW_02(3),ATL08_20181124182732_08720113_007_02.h5,2018-11-24T18:27:32Z,gt1l,-71.55887603759766,-42.56843948364258,28319368.632340543,872.0,1.0,13.0,007,02,1073.0,1.0,1770403.0,1770407.0,810.544677734375,115.59920501708984,24.4208984375,57.95063400268555,27.19677734375,6.671922206878662,,,,,,,56.0,7.0,112.0,1.0,0.0,0.0,0.0,0.0,2018,11,Primavera,Bosque cerrado perennifolio latifolio,1,1,1,1,2.372993530561443,20–30 m,872_gt1l_1770403,289970.5,5283933.7,BOSQUE_NW_02,operacional,SI,,2018-11-24,NO,792.24,21.448,21.691,-3.15,PASA
BOSQUE_NW_02(3),ATL08_20181124182732_08720113_007_02.h5,2018-11-24T18:27:32Z,gt1l,-71.55899810791016,-42.567543029785156,28319368.646429047,872.0,1.0,13.0,007,02,1073.0,1.0,1770408.0,1770412.0,794.9555053710938,,24.13507080078125,,26.4415283203125,5.474291801452637,,,,,,,78.0,4.0,112.0,1.0,0.0,0.0,0.0,0.0,2018,11,Primavera,Bosque cerrado perennifolio latifolio,1,1,0,0,,20–30 m,872_gt1l_1770408,289957.4,5284032.9,BOSQUE_NW_02,operacional,SI,,2018-11-24,NO,783.06,21.446,21.691,-9.55,DESCARTADO
BOSQUE_NW_02(3),ATL08_20181124182732_08720113_007_02.h5,2018-11-24T18:27:32Z,gt1l,-71.55980682373047,-42.561283111572266,28319368.745053485,872.0,1.0,13.0,007,02,1073.0,1.0,1770443.0,1770447.0,784.0175170898438,,22.1839599609375,,24.3123779296875,5.614875793457031,,,,,,,86.0,2.0,116.0,1.0,0.0,0.0,0.0,0.0,2018,11,Primavera,Bosque cerrado desconocido,1,1,0,0,,20–30 m,872_gt1l_1770443,289870.0,5284726.1,BOSQUE_NW_02,operacional,SI,,2018-11-24,NO,762.83,21.432,21.694,-0.24,PASA
BOSQUE_NW_02(3),ATL08_20181124182732_08720113_007_02.h5,2018-11-24T18:27:32Z,gt1l,-71.56027221679688,-42.557701110839844,28319368.801429577,872.0,1.0,13.0,007,02,1073.0,1.0,1770463.0,1770467.0,705.6160278320312,46.83731460571289,18.272705078125,37.31521987915039,18.8634033203125,5.378894329071045,,,,,,,51.0,15.0,112.0,1.0,0.0,0.0,0.0,0.0,2018,11,Primavera,Bosque cerrado perennifolio latifolio,1,1,1,1,2.042128941479057,10–20 m,872_gt1l_1770463,289819.8,5285122.7,BOSQUE_NW_02,operacional,SI,,2018-11-24,NO,683.23,21.424,21.696,0.96,PASA
BOSQUE_NW_02(3),ATL08_20181124182732_08720113_007_02.h5,2018-11-24T18:27:32Z,gt1r,-71.54169464111328,-42.691810607910156,28319367.037829943,872.0,1.0,13.0,007,02,1073.0,1.0,1769713.0,1769717.0,1432.43310546875,,18.505859375,,22.664306640625,4.543849945068359,,,,,,,167.0,4.0,116.0,1.0,0.0,0.0,0.0,0.0,2018,11,Primavera,Bosque cerrado desconocido,1,1,0,0,,10–20 m,872_gt1r_1769713,291792.7,5270275.8,BOSQUE_NW_02,operacional,SI,,2018-11-24,NO,1416.08,21.743,21.972,-5.39,DESCARTADO
BOSQUE_NW_02(3),ATL08_20181124182732_08720113_007_02.h5,2018-11-24T18:27:32Z,gt1r,-71.54192352294922,-42.69002151489258,28319367.065898694,872.0,1.0,13.0,007,02,1073.0,1.0,1769725.0,1769727.0,1525.1131591796875,,18.4393310546875,,21.9244384765625,4.341397285461426,,,,,,,85.0,6.0,60.0,1.0,0.0,0.0,0.0,0.0,2018,11,Primavera,Vegetación escasa/suelo desnudo,1,1,0,0,,10–20 m,872_gt1r_1769725,291767.9,5270473.9,BOSQUE_NW_02,operacional,SI,,2018-11-24,NO,1508.65,21.739,21.969,-5.28,DESCARTADO
BOSQUE_NW_02(3),ATL08_20181124182732_08720113_007_02.h5,2018-11-24T18:27:32Z,gt1r,-71.54251098632812,-42.685546875,28319367.136545196,872.0,1.0,13.0,007,02,1073.0,1.0,1769748.0,1769752.0,1353.719482421875,96.6812973022461,15.8990478515625,36.93881607055664,23.4569091796875,3.929018974304199,,,,,,,149.0,14.0,112.0,1.0,0.0,0.0,0.0,0.0,2018,11,Primavera,Bosque cerrado perennifolio latifolio,1,1,1,1,2.3233351088333527,10–20 m,872_gt1r_1769748,291704.8,5270969.3,BOSQUE_NW_02,operacional,SI,,2018-11-24,NO,1330.69,21.730,21.962,1.30,PASA
BOSQUE_NW_02(3),ATL08_20181124182732_08720113_007_02.h5,2018-11-24T18:27:32Z,gt1r,-71.5426254272461,-42.684654235839844,28319367.150610227,872.0,1.0,13.0,007,02,1073.0,1.0,1769753.0,1769757.0,1338.21630859375,,14.2164306640625,,17.9573974609375,3.7769577503204346,,,,,,,176.0,9.0,116.0,1.0,0.0,0.0,0.0,0.0,2018,11,Primavera,Bosque cerrado desconocido,1,1,0,0,,10–20 m,872_gt1r_1769753,291692.5,5271068.2,BOSQUE_NW_02,operacional,SI,,2018-11-24,NO,1320.58,21.728,21.961,-4.09,PASA
BOSQUE_NW_02(3),ATL08_20181124182732_08720113_007_02.h5,2018-11-24T18:27:32Z,gt1r,-71.54285430908203,-42.682865142822266,28319367.178888164,872.0,1.0,13.0,007,02,1073.0,1.0,1769763.0,1769767.0,1294.6654052734375,,24.4427490234375,,25.2574462890625,6.885338306427002,,,,,,,77.0,5.0,112.0,1.0,0.0,0.0,0.0,0.0,2018,11,Primavera,Bosque cerrado perennifolio latifolio,1,1,0,0,,20–30 m,872_gt1r_1769763,291667.7,5271266.3,BOSQUE_NW_02,operacional,SI,,2018-11-24,NO,1278.16,21.724,21.959,-5.21,DESCARTADO
BOSQUE_NW_02(3),ATL08_20181124182732_08720113_007_02.h5,2018-11-24T18:27:32Z,gt1r,-71.5433120727539,-42.679283142089844,28319367.23537585,872.0,1.0,13.0,007,02,1073.0,1.0,1769783.0,1769787.0,1182.1031494140625,74.25855255126953,24.3363037109375,39.35541915893555,29.3614501953125,7.637585639953613,,,,,,,193.0,16.0,116.0,1.0,0.0,0.0,0.0,0.0,2018,11,Primavera,Bosque cerrado desconocido,1,1,1,1,1.6171485869995936,20–30 m,872_gt1r_1769783,291618.3,5271663.0,BOSQUE_NW_02,operacional,SI,,2018-11-24,NO,1168.59,21.716,21.960,-8.21,DESCARTADO
BOSQUE_NW_02(3),ATL08_20181124182732_08720113_007_02.h5,2018-11-24T18:27:32Z,gt1r,-71.54389953613281,-42.67481231689453,28319367.305890143,872.0,1.0,13.0,007,02,1073.0,1.0,1769808.0,1769812.0,1100.540283203125,25.563499450683594,18.3193359375,24.8723087310791,21.898681640625,5.295594215393066,,,,,,,167.0,43.0,116.0,1.0,0.0,0.0,0.0,0.0,2018,11,Primavera,Bosque cerrado desconocido,1,1,1,1,1.3577079876659204,10–20 m,872_gt1r_1769808,291555.2,5272158.0,BOSQUE_NW_02,operacional,SI,,2018-11-24,NO,1078.51,21.707,21.960,0.33,PASA
BOSQUE_NW_02(3),ATL08_20181124182732_08720113_007_02.h5,2018-11-24T18:27:32Z,gt1r,-71.54401397705078,-42.67391586303711,28319367.320024434,872.0,1.0,13.0,007,02,1073.0,1.0,1769813.0,1769817.0,1094.8056640625,68.45594787597656,14.461181640625,19.93052101135254,17.313232421875,3.5821871757507324,,,,,,,132.0,16.0,112.0,1.0,0.0,0.0,0.0,0.0,2018,11,Primavera,Bosque cerrado perennifolio latifolio,1,1,1,1,1.378208330871305,10–20 m,872_gt1r_1769813,291542.8,5272257.3,BOSQUE_NW_02,operacional,SI,,2018-11-24,NO,1074.65,21.705,21.961,-1.55,PASA
BOSQUE_NW_02(3),ATL08_20181124182732_08720113_007_02.h5,2018-11-24T18:27:32Z,gt1r,-71.54413604736328,-42.67302322387695,28319367.334146447,872.0,1.0,13.0,007,02,1073.0,1.0,1769818.0,1769822.0,1092.09521484375,13.812433242797852,9.8369140625,10.678224563598633,10.9559326171875,2.362755537033081,,,,,,,94.0,79.0,116.0,1.0,0.0,0.0,0.0,0.0,2018,11,Primavera,Bosque cerrado desconocido,1,1,1,1,1.0855258565596149,5–10 m,872_gt1r_1769818,291529.8,5272356.1,BOSQUE_NW_02,operacional,SI,,2018-11-24,NO,1069.00,21.703,21.961,1.40,PASA
BOSQUE_NW_02(3),ATL08_20181124182732_08720113_007_02.h5,2018-11-24T18:27:32Z,gt1r,-71.54588317871094,-42.65960693359375,28319367.545403335,872.0,1.0,13.0,007,02,1073.0,1.0,1769893.0,1769897.0,1221.2850341796875,93.869384765625,21.4765625,23.816207885742188,24.2166748046875,6.038104057312012,,,,,,,144.0,13.0,112.0,1.0,0.0,0.0,0.0,0.0,2018,11,Primavera,Bosque cerrado perennifolio latifolio,1,1,1,1,1.108939472308112,20–30 m,872_gt1r_1769893,291341.7,5273841.7,BOSQUE_NW_02,operacional,SI,,2018-11-24,NO,1204.06,21.670,21.930,-4.45,PASA
BOSQUE_NW_02(3),ATL08_20181124182732_08720113_007_02.h5,2018-11-24T18:27:32Z,gt1r,-71.54623413085938,-42.65692138671875,28319367.587700352,872.0,1.0,13.0,007,02,1073.0,1.0,1769908.0,1769912.0,1232.6363525390625,,16.7076416015625,,18.6171875,3.7378287315368652,,,,,,,121.0,7.0,112.0,1.0,0.0,0.0,0.0,0.0,2018,11,Primavera,Bosque cerrado perennifolio latifolio,1,1,0,0,,10–20 m,872_gt1r_1769908,291304.0,5274139.0,BOSQUE_NW_02,operacional,SI,,2018-11-24,NO,1214.45,21.663,21.917,-3.48,PASA
BOSQUE_NW_02(3),ATL08_20181124182732_08720113_007_02.h5,2018-11-24T18:27:32Z,gt1r,-71.54657745361328,-42.65423583984375,28319367.62996916,872.0,1.0,13.0,007,02,1073.0,1.0,1769923.0,1769927.0,1212.915771484375,,23.4537353515625,,24.0869140625,6.579819202423096,,,,,,,153.0,9.0,112.0,1.0,0.0,0.0,0.0,0.0,2018,11,Primavera,Bosque cerrado perennifolio latifolio,1,1,0,0,,20–30 m,872_gt1r_1769923,291266.9,5274436.4,BOSQUE_NW_02,operacional,SI,,2018-11-24,NO,1199.57,21.657,21.903,-8.32,DESCARTADO
BOSQUE_NW_02(3),ATL08_20181124182732_08720113_007_02.h5,2018-11-24T18:27:32Z,gt1r,-71.54669189453125,-42.653343200683594,28319367.644078843,872.0,1.0,13.0,007,02,1073.0,1.0,1769928.0,1769932.0,1223.298828125,,27.0545654296875,,29.156005859375,8.320712089538574,,,,,,,220.0,8.0,112.0,1.0,0.0,0.0,0.0,0.0,2018,11,Primavera,Bosque cerrado perennifolio latifolio,1,1,0,0,,20–30 m,872_gt1r_1769928,291254.5,5274535.3,BOSQUE_NW_02,operacional,SI,,2018-11-24,NO,1211.23,21.654,21.899,-9.59,DESCARTADO
BOSQUE_NW_02(3),ATL08_20181124182732_08720113_007_02.h5,2018-11-24T18:27:32Z,gt1r,-71.54832458496094,-42.64081954956055,28319367.84178639,872.0,1.0,13.0,007,02,1073.0,1.0,1769998.0,1770002.0,980.2339477539062,21.80375099182129,6.71441650390625,9.207088470458984,8.29620361328125,1.8264373540878296,,,,,,,97.0,45.0,126.0,1.0,0.0,0.0,0.0,0.0,2018,11,Primavera,Bosque abierto desconocido,1,1,1,1,1.371241784763065,5–10 m,872_gt1r_1769998,291078.7,5275922.0,BOSQUE_NW_02,operacional,SI,,2018-11-24,NO,959.84,21.622,21.849,-1.23,PASA
BOSQUE_NW_02(3),ATL08_20181124182732_08720113_007_02.h5,2018-11-24T18:27:32Z,gt1r,-71.54890441894531,-42.63634490966797,28319367.91216025,872.0,1.0,13.0,007,02,1073.0,1.0,1770023.0,1770027.0,913.5882568359375,2.9542577266693115,12.4466552734375,4.037491798400879,12.84576416015625,2.7416157722473145,,,,,,,72.0,309.0,20.0,1.0,0.0,0.0,0.0,0.0,2018,11,Primavera,Arbustos,1,1,1,1,0.3243836765542403,10–20 m,872_gt1r_1770023,291016.2,5276417.5,BOSQUE_NW_02,operacional,SI,,2018-11-24,NO,892.62,21.611,21.833,-0.65,PASA
BOSQUE_NW_02(3),ATL08_20181124182732_08720113_007_02.h5,2018-11-24T18:27:32Z,gt1r,-71.54901885986328,-42.63545227050781,28319367.926139105,872.0,1.0,13.0,007,02,1073.0,1.0,1770028.0,1770032.0,914.7325439453125,3.53183913230896,10.911376953125,4.965506553649902,10.911376953125,3.580579996109009,,,,,,,17.0,259.0,20.0,1.0,0.0,0.0,0.0,0.0,2018,11,Primavera,Arbustos,1,1,1,1,0.4550760710569888,10–20 m,872_gt1r_1770028,291003.8,5276516.3,BOSQUE_NW_02,operacional,SI,,2018-11-24,NO,893.17,21.608,21.830,-0.05,PASA
BOSQUE_NW_02(3),ATL08_20181124182732_08720113_007_02.h5,2018-11-24T18:27:32Z,gt1r,-71.5507583618164,-42.622032165527344,28319368.137486625,872.0,1.0,13.0,007,02,1073.0,1.0,1770103.0,1770107.0,1027.977783203125,64.38567352294922,18.850341796875,13.792251586914062,21.350830078125,5.573302268981934,,,,,,,140.0,16.0,20.0,1.0,0.0,0.0,0.0,0.0,2018,11,Primavera,Arbustos,1,1,1,1,0.7316711673207186,10–20 m,872_gt1r_1770103,290816.2,5278002.3,BOSQUE_NW_02,operacional,SI,,2018-11-24,NO,1011.74,21.574,21.821,-5.34,DESCARTADO
BOSQUE_NW_02(3),ATL08_20181124182732_08720113_007_02.h5,2018-11-24T18:27:32Z,gt1r,-71.55123138427734,-42.61845397949219,28319368.193851475,872.0,1.0,13.0,007,02,1073.0,1.0,1770123.0,1770127.0,1089.8006591796875,57.286781311035156,20.954345703125,23.516386032104492,23.2908935546875,5.546644687652588,,,,,,,185.0,19.0,20.0,1.0,0.0,0.0,0.0,0.0,2018,11,Primavera,Arbustos,1,1,1,1,1.1222677322058978,20–30 m,872_gt1r_1770123,290765.4,5278398.5,BOSQUE_NW_02,operacional,SI,,2018-11-24,NO,1073.02,21.565,21.819,-4.79,PASA
BOSQUE_NW_02(3),ATL08_20181124182732_08720113_007_02.h5,2018-11-24T18:27:32Z,gt1r,-71.55145263671875,-42.61666488647461,28319368.222007424,872.0,1.0,13.0,007,02,1073.0,1.0,1770133.0,1770137.0,1156.30029296875,,24.8892822265625,,28.993896484375,5.2969512939453125,,,,,,,51.0,4.0,112.0,1.0,0.0,0.0,0.0,0.0,2018,11,Primavera,Bosque cerrado perennifolio latifolio,1,1,0,0,,20–30 m,872_gt1r_1770133,290741.3,5278596.6,BOSQUE_NW_02,operacional,SI,,2018-11-24,NO,1108.67,21.561,21.816,26.07,DESCARTADO
BOSQUE_NW_02(3),ATL08_20181124182732_08720113_007_02.h5,2018-11-24T18:27:32Z,gt1r,-71.55204772949219,-42.61219024658203,28319368.292536892,872.0,1.0,13.0,007,02,1073.0,1.0,1770158.0,1770162.0,1131.0596923828125,,26.8310546875,,29.4298095703125,6.191074371337891,,,,,,,107.0,7.0,112.0,1.0,0.0,0.0,0.0,0.0,2018,11,Primavera,Bosque cerrado perennifolio latifolio,1,1,0,0,,20–30 m,872_gt1r_1770158,290677.5,5279092.1,BOSQUE_NW_02,operacional,SI,,2018-11-24,NO,1109.80,21.550,21.793,-0.29,PASA
BOSQUE_NW_02(3),ATL08_20181124182732_08720113_007_02.h5,2018-11-24T18:27:32Z,gt1r,-71.55529022216797,-42.58714294433594,28319368.687097173,872.0,1.0,13.0,007,02,1073.0,1.0,1770298.0,1770302.0,1190.1824951171875,47.464534759521484,21.81787109375,25.271690368652344,23.3558349609375,5.688023567199707,,,,,,,143.0,25.0,114.0,1.0,0.0,0.0,0.0,0.0,2018,11,Primavera,Bosque cerrado caducifolio latifolio,1,1,1,1,1.1583023045677328,20–30 m,872_gt1r_1770298,290327.5,5281865.5,BOSQUE_NW_02,operacional,SI,,2018-11-24,NO,1168.31,21.490,21.700,0.38,PASA
BOSQUE_NW_02(3),ATL08_20181124182732_08720113_007_02.h5,2018-11-24T18:27:32Z,gt1r,-71.55667877197266,-42.57640838623047,28319368.856291514,872.0,1.0,13.0,007,02,1073.0,1.0,1770358.0,1770362.0,986.89697265625,11.459774017333984,9.20709228515625,10.84125804901123,12.82635498046875,2.1512348651885986,,,,,,,101.0,86.0,116.0,1.0,0.0,0.0,0.0,0.0,2018,11,Primavera,Bosque cerrado desconocido,1,1,1,1,1.1774898864095884,5–10 m,872_gt1r_1770358,290177.6,5283054.2,BOSQUE_NW_02,operacional,SI,,2018-11-24,NO,963.24,21.466,21.691,2.19,PASA
BOSQUE_NW_02(3),ATL08_20181124182732_08720113_007_02.h5,2018-11-24T18:27:32Z,gt1r,-71.55703735351562,-42.57372283935547,28319368.898751915,872.0,1.0,13.0,007,02,1073.0,1.0,1770373.0,1770377.0,944.69482421875,26.93161964416504,7.48333740234375,9.098695755004883,8.31201171875,1.6598833799362183,,,,,,,113.0,35.0,116.0,1.0,0.0,0.0,0.0,0.0,2018,11,Primavera,Bosque cerrado desconocido,1,1,1,1,1.2158606869917705,5–10 m,872_gt1r_1770373,290139.1,5283351.5,BOSQUE_NW_02,operacional,SI,,2018-11-24,NO,921.52,21.459,21.691,1.71,PASA
BOSQUE_NW_02(3),ATL08_20181124182732_08720113_007_02.h5,2018-11-24T18:27:32Z,gt1r,-71.55806732177734,-42.565673828125,28319369.025546744,872.0,1.0,13.0,007,02,1073.0,1.0,1770418.0,1770422.0,782.9630737304688,12.401533126831055,7.42041015625,9.725691795349121,7.98577880859375,1.456618070602417,,,,,,,98.0,63.0,126.0,1.0,0.0,0.0,0.0,0.0,2018,11,Primavera,Bosque abierto desconocido,1,1,1,1,1.3106676842057643,5–10 m,872_gt1r_1770418,290027.6,5284242.8,BOSQUE_NW_02,operacional,SI,,2018-11-24,NO,760.13,21.442,21.690,1.39,PASA
BOSQUE_NW_02(3),ATL08_20181124182732_08720113_007_02.h5,2018-11-24T18:27:32Z,gt1r,-71.55866241455078,-42.56119918823242,28319369.096054554,872.0,1.0,13.0,007,02,1073.0,1.0,1770443.0,1770447.0,790.0269775390625,,19.23358154296875,,20.24468994140625,4.336901664733887,,,,,,,202.0,6.0,116.0,1.0,0.0,0.0,0.0,0.0,2018,11,Primavera,Bosque cerrado desconocido,1,1,0,0,,10–20 m,872_gt1r_1770443,289963.7,5284738.2,BOSQUE_NW_02,operacional,SI,,2018-11-24,NO,776.71,21.432,21.693,-8.11,DESCARTADO
BOSQUE_NW_02(3),ATL08_20181124182732_08720113_007_02.h5,2018-11-24T18:27:32Z,gt1r,-71.55876922607422,-42.560306549072266,28319369.110154893,872.0,1.0,13.0,007,02,1073.0,1.0,1770448.0,1770452.0,769.7138671875,64.3355941772461,15.52410888671875,15.478903770446777,18.2734375,4.20370626449585,,,,,,,222.0,12.0,116.0,1.0,0.0,0.0,0.0,0.0,2018,11,Primavera,Bosque cerrado desconocido,1,1,1,1,0.9970880701364672,10–20 m,872_gt1r_1770448,289951.9,5284837.1,BOSQUE_NW_02,operacional,SI,,2018-11-24,NO,750.91,21.430,21.693,-2.63,PASA
BOSQUE_NW_02(3),ATL08_20181124182732_08720113_007_02.h5,2018-11-24T18:27:32Z,gt2l,-71.50240325927734,-42.6929931640625,28319366.60794106,872.0,1.0,13.0,007,02,1073.0,1.0,1769691.0,1769695.0,1350.8016357421875,,21.7325439453125,,21.7325439453125,5.428510665893555,,,,,,,35.0,5.0,116.0,1.0,0.0,0.0,0.0,0.0,2018,11,Primavera,Bosque cerrado desconocido,1,1,0,0,,20–30 m,872_gt2l_1769691,295015.3,5270240.6,BOSQUE_NW_02,operacional,SI,,2018-11-24,NO,1304.77,21.781,22.022,24.25,DESCARTADO
BOSQUE_NW_02(3),ATL08_20181124182732_08720113_007_02.h5,2018-11-24T18:27:32Z,gt2l,-71.50275421142578,-42.6903076171875,28319366.650233466,872.0,1.0,13.0,007,02,1073.0,1.0,1769706.0,1769710.0,1267.478271484375,,22.024169921875,,22.2550048828125,5.71454381942749,,,,,,,45.0,2.0,116.0,1.0,0.0,0.0,0.0,0.0,2018,11,Primavera,Bosque cerrado desconocido,1,1,0,0,,20–30 m,872_gt2l_1769706,294977.7,5270538.0,BOSQUE_NW_02,operacional,SI,,2018-11-24,NO,1254.85,21.778,22.018,-9.15,DESCARTADO
BOSQUE_NW_02(3),ATL08_20181124182732_08720113_007_02.h5,2018-11-24T18:27:32Z,gt2l,-71.50286102294922,-42.689414978027344,28319366.664376426,872.0,1.0,13.0,007,02,1073.0,1.0,1769711.0,1769715.0,1266.7823486328125,,21.2896728515625,,24.0765380859375,5.545469284057617,,,,,,,53.0,5.0,116.0,1.0,0.0,0.0,0.0,0.0,2018,11,Primavera,Bosque cerrado desconocido,1,1,0,0,,20–30 m,872_gt2l_1769711,294966.1,5270636.8,BOSQUE_NW_02,operacional,SI,,2018-11-24,NO,1239.27,21.776,22.016,5.74,DESCARTADO
BOSQUE_NW_02(3),ATL08_20181124182732_08720113_007_02.h5,2018-11-24T18:27:32Z,gt2l,-71.50333404541016,-42.68583679199219,28319366.72073661,872.0,1.0,13.0,007,02,1073.0,1.0,1769731.0,1769735.0,1284.2266845703125,,14.8314208984375,,16.7939453125,3.874450445175171,,,,,,,36.0,5.0,116.0,1.0,0.0,0.0,0.0,0.0,2018,11,Primavera,Bosque cerrado desconocido,1,1,0,0,,10–20 m,872_gt2l_1769731,294915.5,5271033.0,BOSQUE_NW_02,operacional,SI,,2018-11-24,NO,1262.18,21.771,22.010,0.28,PASA
BOSQUE_NW_02(3),ATL08_20181124182732_08720113_007_02.h5,2018-11-24T18:27:32Z,gt2l,-71.50345611572266,-42.684940338134766,28319366.734776933,872.0,1.0,13.0,007,02,1073.0,1.0,1769736.0,1769740.0,1293.61328125,144.02171325683594,21.8701171875,115.35826873779297,23.3731689453125,5.860285758972168,,,,,,,56.0,9.0,116.0,1.0,0.0,0.0,0.0,0.0,2018,11,Primavera,Bosque cerrado desconocido,1,1,1,1,5.274698244585845,20–30 m,872_gt2l_1769736,294902.6,5271132.3,BOSQUE_NW_02,operacional,SI,,2018-11-24,NO,1276.42,21.770,22.008,-4.58,PASA
BOSQUE_NW_02(3),ATL08_20181124182732_08720113_007_02.h5,2018-11-24T18:27:32Z,gt2l,-71.50370025634766,-42.68315124511719,28319366.763007432,872.0,1.0,13.0,007,02,1073.0,1.0,1769747.0,1769750.0,1310.2774658203125,,21.11865234375,,21.291748046875,5.021460056304932,,,,,,,43.0,3.0,112.0,1.0,0.0,0.0,0.0,0.0,2018,11,Primavera,Bosque cerrado perennifolio latifolio,1,1,0,0,,20–30 m,872_gt2l_1769747,294876.7,5271330.4,BOSQUE_NW_02,operacional,SI,,2018-11-24,NO,1290.30,21.768,22.005,-1.79,PASA
BOSQUE_NW_02(3),ATL08_20181124182732_08720113_007_02.h5,2018-11-24T18:27:32Z,gt2l,-71.50392150878906,-42.68136215209961,28319366.791225784,872.0,1.0,13.0,007,02,1073.0,1.0,1769756.0,1769760.0,1323.9207763671875,,24.4385986328125,,24.8370361328125,5.4575934410095215,,,,,,,68.0,4.0,112.0,1.0,0.0,0.0,0.0,0.0,2018,11,Primavera,Bosque cerrado perennifolio latifolio,1,1,0,0,,20–30 m,872_gt2l_1769756,294852.7,5271528.5,BOSQUE_NW_02,operacional,SI,,2018-11-24,NO,1309.89,21.765,22.002,-7.73,DESCARTADO
BOSQUE_NW_02(3),ATL08_20181124182732_08720113_007_02.h5,2018-11-24T18:27:32Z,gt2l,-71.50438690185547,-42.67778396606445,28319366.84758099,872.0,1.0,13.0,007,02,1073.0,1.0,1769776.0,1769778.0,1239.7249755859375,,24.9615478515625,,24.9615478515625,6.908514499664307,,,,,,,40.0,1.0,116.0,1.0,0.0,0.0,0.0,0.0,2018,11,Primavera,Bosque cerrado desconocido,1,1,0,0,,20–30 m,872_gt2l_1769776,294802.8,5271924.7,BOSQUE_NW_02,operacional,SI,,2018-11-24,NO,1235.13,21.760,21.995,-17.17,DESCARTADO
BOSQUE_NW_02(3),ATL08_20181124182732_08720113_007_02.h5,2018-11-24T18:27:32Z,gt2l,-71.50543212890625,-42.66973114013672,28319366.97441643,872.0,1.0,13.0,007,02,1073.0,1.0,1769821.0,1769825.0,1131.6993408203125,,24.7088623046875,,25.7452392578125,5.5070695877075195,,,,,,,50.0,4.0,112.0,1.0,0.0,0.0,0.0,0.0,2018,11,Primavera,Bosque cerrado perennifolio latifolio,1,1,0,0,,20–30 m,872_gt2l_1769821,294690.6,5272816.5,BOSQUE_NW_02,operacional,SI,,2018-11-24,NO,1107.20,21.748,21.981,2.75,PASA
BOSQUE_NW_02(3),ATL08_20181124182732_08720113_007_02.h5,2018-11-24T18:27:32Z,gt2l,-71.50554656982422,-42.66883850097656,28319366.988510348,872.0,1.0,13.0,007,02,1073.0,1.0,1769826.0,1769830.0,1151.5672607421875,,28.99609375,,29.8095703125,7.856992721557617,,,,,,,53.0,3.0,112.0,1.0,0.0,0.0,0.0,0.0,2018,11,Primavera,Bosque cerrado perennifolio latifolio,1,1,0,0,,20–30 m,872_gt2l_1769826,294678.3,5272915.3,BOSQUE_NW_02,operacional,SI,,2018-11-24,NO,1140.69,21.747,21.979,-10.87,DESCARTADO
BOSQUE_NW_02(3),ATL08_20181124182732_08720113_007_02.h5,2018-11-24T18:27:32Z,gt2l,-71.50566864013672,-42.66794204711914,28319367.002619155,872.0,1.0,13.0,007,02,1073.0,1.0,1769831.0,1769834.0,1163.1671142578125,,23.5775146484375,,23.5775146484375,6.7652740478515625,,,,,,,32.0,4.0,112.0,1.0,0.0,0.0,0.0,0.0,2018,11,Primavera,Bosque cerrado perennifolio latifolio,1,1,0,0,,20–30 m,872_gt2l_1769831,294665.3,5273014.6,BOSQUE_NW_02,operacional,SI,,2018-11-24,NO,1145.83,21.746,21.977,-4.41,PASA
BOSQUE_NW_02(3),ATL08_20181124182732_08720113_007_02.h5,2018-11-24T18:27:32Z,gt2l,-71.50589752197266,-42.66615295410156,28319367.03076449,872.0,1.0,13.0,007,02,1073.0,1.0,1769841.0,1769845.0,1142.104736328125,,27.4415283203125,,27.5439453125,6.4012131690979,,,,,,,57.0,4.0,112.0,1.0,0.0,0.0,0.0,0.0,2018,11,Primavera,Bosque cerrado perennifolio latifolio,1,1,0,0,,20–30 m,872_gt2l_1769841,294640.7,5273212.7,BOSQUE_NW_02,operacional,SI,,2018-11-24,NO,1126.19,21.743,21.972,-5.83,DESCARTADO
BOSQUE_NW_02(3),ATL08_20181124182732_08720113_007_02.h5,2018-11-24T18:27:32Z,gt2l,-71.50659942626953,-42.66078567504883,28319367.1154012,872.0,1.0,13.0,007,02,1073.0,1.0,1769871.0,1769875.0,1102.8675537109375,,24.89697265625,,26.8128662109375,7.6783952713012695,,,,,,,52.0,3.0,112.0,1.0,0.0,0.0,0.0,0.0,2018,11,Primavera,Bosque cerrado perennifolio latifolio,1,1,0,0,,20–30 m,872_gt2l_1769871,294565.5,5273807.0,BOSQUE_NW_02,operacional,SI,,2018-11-24,NO,1086.18,21.730,21.952,-5.04,DESCARTADO
BOSQUE_NW_02(3),ATL08_20181124182732_08720113_007_02.h5,2018-11-24T18:27:32Z,gt2l,-71.507080078125,-42.65720748901367,28319367.171693992,872.0,1.0,13.0,007,02,1073.0,1.0,1769891.0,1769895.0,1187.537109375,,22.980224609375,,23.5045166015625,5.09357213973999,,,,,,,56.0,5.0,112.0,1.0,0.0,0.0,0.0,0.0,2018,11,Primavera,Bosque cerrado perennifolio latifolio,1,1,0,0,,20–30 m,872_gt2l_1769891,294514.3,5274203.2,BOSQUE_NW_02,operacional,SI,,2018-11-24,NO,1166.38,21.721,21.939,-0.56,PASA
BOSQUE_NW_02(3),ATL08_20181124182732_08720113_007_02.h5,2018-11-24T18:27:32Z,gt2l,-71.50718688964844,-42.656314849853516,28319367.18577304,872.0,1.0,13.0,007,02,1073.0,1.0,1769896.0,1769900.0,1203.630859375,,17.06884765625,,17.392333984375,4.289418697357178,,,,,,,60.0,4.0,112.0,1.0,0.0,0.0,0.0,0.0,2018,11,Primavera,Bosque cerrado perennifolio latifolio,1,1,0,0,,10–20 m,872_gt2l_1769896,294502.6,5274302.1,BOSQUE_NW_02,operacional,SI,,2018-11-24,NO,1179.94,21.719,21.935,1.97,PASA
BOSQUE_NW_02(3),ATL08_20181124182732_08720113_007_02.h5,2018-11-24T18:27:32Z,gt2l,-71.50788879394531,-42.651126861572266,28319367.26751544,872.0,1.0,13.0,007,02,1073.0,1.0,1769926.0,1769930.0,1437.614990234375,119.67716217041016,20.6240234375,113.67591857910156,21.207275390625,5.943402290344238,,,,,,,44.0,12.0,116.0,1.0,0.0,0.0,0.0,0.0,2018,11,Primavera,Bosque cerrado desconocido,1,1,1,1,5.5118206650409585,20–30 m,872_gt2l_1769926,294427.9,5274876.5,BOSQUE_NW_02,operacional,SI,,2018-11-24,NO,1420.38,21.707,21.916,-4.47,PASA
BOSQUE_NW_02(3),ATL08_20181124182732_08720113_007_02.h5,2018-11-24T18:27:32Z,gt2l,-71.50802612304688,-42.650054931640625,28319367.28442254,872.0,1.0,13.0,007,02,1073.0,1.0,1769931.0,1769935.0,1416.095703125,118.04348754882812,24.7509765625,87.76336669921875,25.05224609375,6.299110412597656,,,,,,,57.0,12.0,116.0,1.0,0.0,0.0,0.0,0.0,2018,11,Primavera,Bosque cerrado desconocido,1,1,1,1,3.5458547050700338,20–30 m,872_gt2l_1769931,294413.2,5274995.2,BOSQUE_NW_02,operacional,SI,,2018-11-24,NO,1399.20,21.704,21.912,-4.81,PASA
BOSQUE_NW_02(3),ATL08_20181124182732_08720113_007_02.h5,2018-11-24T18:27:32Z,gt2l,-71.50861358642578,-42.64558029174805,28319367.354810566,872.0,1.0,13.0,007,02,1073.0,1.0,1769956.0,1769960.0,1392.7882080078125,,17.7559814453125,,18.5775146484375,4.173511981964111,,,,,,,59.0,5.0,126.0,1.0,0.0,0.0,0.0,0.0,2018,11,Primavera,Bosque abierto desconocido,1,1,0,0,,10–20 m,872_gt2l_1769956,294350.2,5275490.7,BOSQUE_NW_02,operacional,SI,,2018-11-24,NO,1375.16,21.693,21.899,-4.07,PASA
BOSQUE_NW_02(3),ATL08_20181124182732_08720113_007_02.h5,2018-11-24T18:27:32Z,gt2l,-71.50872802734375,-42.64468765258789,28319367.36894849,872.0,1.0,13.0,007,02,1073.0,1.0,1769961.0,1769965.0,1396.5120849609375,,16.5980224609375,,19.644287109375,4.047837257385254,,,,,,,53.0,2.0,114.0,1.0,0.0,0.0,0.0,0.0,2018,11,Primavera,Bosque cerrado caducifolio latifolio,1,1,0,0,,10–20 m,872_gt2l_1769961,294337.9,5275589.6,BOSQUE_NW_02,operacional,SI,,2018-11-24,NO,1376.02,21.691,21.897,-1.20,PASA
BOSQUE_NW_02(3),ATL08_20181124182732_08720113_007_02.h5,2018-11-24T18:27:32Z,gt2l,-71.50884246826172,-42.64379119873047,28319367.383073688,872.0,1.0,13.0,007,02,1073.0,1.0,1769966.0,1769970.0,1395.9033203125,,15.630615234375,,15.8897705078125,3.943878650665283,,,,,,,46.0,4.0,112.0,1.0,0.0,0.0,0.0,0.0,2018,11,Primavera,Bosque cerrado perennifolio latifolio,1,1,0,0,,10–20 m,872_gt2l_1769966,294325.6,5275688.8,BOSQUE_NW_02,operacional,SI,,2018-11-24,NO,1375.62,21.689,21.894,-1.40,PASA
BOSQUE_NW_02(3),ATL08_20181124182732_08720113_007_02.h5,2018-11-24T18:27:32Z,gt2l,-71.50919342041016,-42.641109466552734,28319367.425366487,872.0,1.0,13.0,007,02,1073.0,1.0,1769981.0,1769985.0,1360.7918701171875,,15.08935546875,,15.08935546875,3.733384609222412,,,,,,,26.0,3.0,114.0,1.0,0.0,0.0,0.0,0.0,2018,11,Primavera,Bosque cerrado caducifolio latifolio,1,1,0,0,,10–20 m,872_gt2l_1769981,294288.0,5275985.8,BOSQUE_NW_02,operacional,SI,,2018-11-24,NO,1338.37,21.683,21.886,0.73,PASA
BOSQUE_NW_02(3),ATL08_20181124182732_08720113_007_02.h5,2018-11-24T18:27:32Z,gt2l,-71.50942993164062,-42.63931655883789,28319367.453592334,872.0,1.0,13.0,007,02,1073.0,1.0,1769991.0,1769995.0,1364.36962890625,,22.28173828125,,22.5101318359375,5.999704837799072,,,,,,,54.0,5.0,112.0,1.0,0.0,0.0,0.0,0.0,2018,11,Primavera,Bosque cerrado perennifolio latifolio,1,1,0,0,,20–30 m,872_gt2l_1769991,294262.7,5276184.3,BOSQUE_NW_02,operacional,SI,,2018-11-24,NO,1345.14,21.678,21.881,-2.45,PASA
BOSQUE_NW_02(3),ATL08_20181124182732_08720113_007_02.h5,2018-11-24T18:27:32Z,gt2l,-71.5096664428711,-42.63753128051758,28319367.48174843,872.0,1.0,13.0,007,02,1073.0,1.0,1770001.0,1770005.0,1379.0687255859375,,17.4595947265625,,17.707275390625,4.839985370635986,,,,,,,61.0,5.0,112.0,1.0,0.0,0.0,0.0,0.0,2018,11,Primavera,Bosque cerrado perennifolio latifolio,1,1,0,0,,10–20 m,872_gt2l_1770001,294237.4,5276382.0,BOSQUE_NW_02,operacional,SI,,2018-11-24,NO,1360.29,21.674,21.876,-2.90,PASA
BOSQUE_NW_02(3),ATL08_20181124182732_08720113_007_02.h5,2018-11-24T18:27:32Z,gt2l,-71.50989532470703,-42.635738372802734,28319367.509985674,872.0,1.0,13.0,007,02,1073.0,1.0,1770011.0,1770015.0,1377.9796142578125,,20.2559814453125,,20.666015625,5.32079553604126,,,,,,,50.0,4.0,114.0,1.0,0.0,0.0,0.0,0.0,2018,11,Primavera,Bosque cerrado caducifolio latifolio,1,1,0,0,,20–30 m,872_gt2l_1770011,294212.7,5276580.5,BOSQUE_NW_02,operacional,SI,,2018-11-24,NO,1352.61,21.670,21.870,3.70,PASA
BOSQUE_NW_02(3),ATL08_20181124182732_08720113_007_02.h5,2018-11-24T18:27:32Z,gt2l,-71.51001739501953,-42.63484573364258,28319367.52404983,872.0,1.0,13.0,007,02,1073.0,1.0,1770016.0,1770020.0,1357.9625244140625,,25.0235595703125,,25.3253173828125,6.188480377197266,,,,,,,69.0,4.0,112.0,1.0,0.0,0.0,0.0,0.0,2018,11,Primavera,Bosque cerrado perennifolio latifolio,1,1,0,0,,20–30 m,872_gt2l_1770016,294199.8,5276679.4,BOSQUE_NW_02,operacional,SI,,2018-11-24,NO,1338.43,21.667,21.868,-2.14,PASA
BOSQUE_NW_02(3),ATL08_20181124182732_08720113_007_02.h5,2018-11-24T18:27:32Z,gt2l,-71.5101318359375,-42.633949279785156,28319367.53813079,872.0,1.0,13.0,007,02,1073.0,1.0,1770021.0,1770025.0,1339.2474365234375,,25.811767578125,,25.9559326171875,6.196141242980957,,,,,,,47.0,2.0,112.0,1.0,0.0,0.0,0.0,0.0,2018,11,Primavera,Bosque cerrado perennifolio latifolio,1,1,0,0,,20–30 m,872_gt2l_1770021,294187.4,5276778.6,BOSQUE_NW_02,operacional,SI,,2018-11-24,NO,1318.90,21.665,21.865,-1.32,PASA
BOSQUE_NW_02(3),ATL08_20181124182732_08720113_007_02.h5,2018-11-24T18:27:32Z,gt2l,-71.5103530883789,-42.63216018676758,28319367.566310987,872.0,1.0,13.0,007,02,1073.0,1.0,1770031.0,1770035.0,1320.0655517578125,,19.7142333984375,,20.4195556640625,4.637366771697998,,,,,,,49.0,4.0,112.0,1.0,0.0,0.0,0.0,0.0,2018,11,Primavera,Bosque cerrado perennifolio latifolio,1,1,0,0,,10–20 m,872_gt2l_1770031,294163.4,5276976.8,BOSQUE_NW_02,operacional,SI,,2018-11-24,NO,1295.91,21.661,21.860,2.49,PASA
BOSQUE_NW_02(3),ATL08_20181124182732_08720113_007_02.h5,2018-11-24T18:27:32Z,gt2l,-71.51048278808594,-42.63126754760742,28319367.580359615,872.0,1.0,13.0,007,02,1073.0,1.0,1770036.0,1770040.0,1309.9306640625,,24.1051025390625,,25.086669921875,5.640783309936523,,,,,,,58.0,2.0,112.0,1.0,0.0,0.0,0.0,0.0,2018,11,Primavera,Bosque cerrado perennifolio latifolio,1,1,0,0,,20–30 m,872_gt2l_1770036,294149.8,5277075.6,BOSQUE_NW_02,operacional,SI,,2018-11-24,NO,1285.64,21.659,21.857,2.63,PASA
BOSQUE_NW_02(3),ATL08_20181124182732_08720113_007_02.h5,2018-11-24T18:27:32Z,gt2l,-71.51082611083984,-42.62858200073242,28319367.62272501,872.0,1.0,13.0,007,02,1073.0,1.0,1770051.0,1770055.0,1275.3553466796875,159.33914184570312,26.857666015625,82.58641052246094,27.6866455078125,7.013859272003174,,,,,,,63.0,8.0,112.0,1.0,0.0,0.0,0.0,0.0,2018,11,Primavera,Bosque cerrado perennifolio latifolio,1,1,1,1,3.074966025507004,20–30 m,872_gt2l_1770051,294112.8,5277373.0,BOSQUE_NW_02,operacional,SI,,2018-11-24,NO,1254.76,21.652,21.850,-1.06,PASA
BOSQUE_NW_02(3),ATL08_20181124182732_08720113_007_02.h5,2018-11-24T18:27:32Z,gt2l,-71.51152038574219,-42.62321472167969,28319367.70731737,872.0,1.0,13.0,007,02,1073.0,1.0,1770081.0,1770083.0,1237.6815185546875,,21.5673828125,,21.5673828125,5.064298152923584,,,,,,,33.0,3.0,112.0,1.0,0.0,0.0,0.0,0.0,2018,11,Primavera,Bosque cerrado perennifolio latifolio,1,1,0,0,,20–30 m,872_gt2l_1770081,294038.2,5277967.3,BOSQUE_NW_02,operacional,SI,,2018-11-24,NO,1223.91,21.638,21.834,-7.87,DESCARTADO
BOSQUE_NW_02(3),ATL08_20181124182732_08720113_007_02.h5,2018-11-24T18:27:32Z,gt2l,-71.51175689697266,-42.62142562866211,28319367.735554345,872.0,1.0,13.0,007,02,1073.0,1.0,1770091.0,1770095.0,1230.402587890625,,18.36279296875,,24.3994140625,5.056793212890625,,,,,,,47.0,2.0,112.0,1.0,0.0,0.0,0.0,0.0,2018,11,Primavera,Bosque cerrado perennifolio latifolio,1,1,0,0,,10–20 m,872_gt2l_1770091,294012.9,5278165.4,BOSQUE_NW_02,operacional,SI,,2018-11-24,NO,1211.02,21.632,21.828,-2.25,PASA
BOSQUE_NW_02(3),ATL08_20181124182732_08720113_007_02.h5,2018-11-24T18:27:32Z,gt2l,-71.51280212402344,-42.613372802734375,28319367.86236987,872.0,1.0,13.0,007,02,1073.0,1.0,1770136.0,1770140.0,1102.942626953125,,29.6751708984375,,29.6751708984375,8.225615501403809,,,,,,,29.0,5.0,126.0,1.0,0.0,0.0,0.0,0.0,2018,11,Primavera,Bosque abierto desconocido,1,1,0,0,,20–30 m,872_gt2l_1770136,293900.6,5279057.2,BOSQUE_NW_02,operacional,SI,,2018-11-24,NO,1088.79,21.608,21.811,-7.46,DESCARTADO
BOSQUE_NW_02(3),ATL08_20181124182732_08720113_007_02.h5,2018-11-24T18:27:32Z,gt2l,-71.51302337646484,-42.6115837097168,28319367.890508115,872.0,1.0,13.0,007,02,1073.0,1.0,1770146.0,1770150.0,1050.2779541015625,74.99748992919922,9.6358642578125,64.78913116455078,16.18603515625,2.7598233222961426,,,,,,,45.0,14.0,116.0,1.0,0.0,0.0,0.0,0.0,2018,11,Primavera,Bosque cerrado desconocido,1,1,1,1,6.723748844014847,5–10 m,872_gt2l_1770146,293876.5,5279255.3,BOSQUE_NW_02,operacional,SI,,2018-11-24,NO,1026.60,21.602,21.809,2.07,PASA
BOSQUE_NW_02(3),ATL08_20181124182732_08720113_007_02.h5,2018-11-24T18:27:32Z,gt2l,-71.51326751708984,-42.60979461669922,28319367.918756977,872.0,1.0,13.0,007,02,1073.0,1.0,1770156.0,1770160.0,1077.12158203125,,19.2452392578125,,19.7744140625,4.816413879394531,,,,,,,50.0,3.0,116.0,1.0,0.0,0.0,0.0,0.0,2018,11,Primavera,Bosque cerrado desconocido,1,1,0,0,,10–20 m,872_gt2l_1770156,293850.6,5279453.4,BOSQUE_NW_02,operacional,SI,,2018-11-24,NO,1056.59,21.597,21.806,-1.07,PASA
BOSQUE_NW_02(3),ATL08_20181124182732_08720113_007_02.h5,2018-11-24T18:27:32Z,gt2l,-71.51372528076172,-42.60621643066406,28319367.975108847,872.0,1.0,13.0,007,02,1073.0,1.0,1770176.0,1770180.0,1008.0928344726562,48.11382293701172,24.45947265625,45.07366943359375,25.00128173828125,7.4897308349609375,,,,,,,60.0,21.0,20.0,1.0,0.0,0.0,0.0,0.0,2018,11,Primavera,Arbustos,1,1,1,1,1.8427899107659753,20–30 m,872_gt2l_1770176,293801.2,5279849.6,BOSQUE_NW_02,operacional,SI,,2018-11-24,NO,986.06,21.586,21.802,0.45,PASA
BOSQUE_NW_02(3),ATL08_20181124182732_08720113_007_02.h5,2018-11-24T18:27:32Z,gt2l,-71.51487731933594,-42.59727096557617,28319368.116055656,872.0,1.0,13.0,007,02,1073.0,1.0,1770226.0,1770230.0,915.6098022460938,,18.07171630859375,,18.86993408203125,4.859992504119873,,,,,,,56.0,2.0,126.0,1.0,0.0,0.0,0.0,0.0,2018,11,Primavera,Bosque abierto desconocido,1,1,0,0,,10–20 m,872_gt2l_1770226,293677.2,5280840.2,BOSQUE_NW_02,operacional,SI,,2018-11-24,NO,902.92,21.558,21.785,-8.87,DESCARTADO
BOSQUE_NW_02(3),ATL08_20181124182732_08720113_007_02.h5,2018-11-24T18:27:32Z,gt2l,-71.51534271240234,-42.593692779541016,28319368.172425803,872.0,1.0,13.0,007,02,1073.0,1.0,1770246.0,1770250.0,933.2962646484375,,11.8822021484375,,13.5382080078125,2.8669583797454834,,,,,,,39.0,4.0,116.0,1.0,0.0,0.0,0.0,0.0,2018,11,Primavera,Bosque cerrado desconocido,1,1,0,0,,10–20 m,872_gt2l_1770246,293627.2,5281236.4,BOSQUE_NW_02,operacional,SI,,2018-11-24,NO,914.73,21.548,21.775,-2.98,PASA
BOSQUE_NW_02(3),ATL08_20181124182732_08720113_007_02.h5,2018-11-24T18:27:32Z,gt2l,-71.51570129394531,-42.591007232666016,28319368.214656755,872.0,1.0,13.0,007,02,1073.0,1.0,1770261.0,1770265.0,917.9401245117188,,13.19781494140625,,13.45733642578125,2.5472331047058105,,,,,,,35.0,3.0,126.0,1.0,0.0,0.0,0.0,0.0,2018,11,Primavera,Bosque abierto desconocido,1,1,0,0,,10–20 m,872_gt2l_1770261,293588.9,5281533.8,BOSQUE_NW_02,operacional,SI,,2018-11-24,NO,901.66,21.539,21.767,-5.26,DESCARTADO
BOSQUE_NW_02(3),ATL08_20181124182732_08720113_007_02.h5,2018-11-24T18:27:32Z,gt2l,-71.51592254638672,-42.58921813964844,28319368.242840458,872.0,1.0,13.0,007,02,1073.0,1.0,1770271.0,1770275.0,898.4837036132812,,14.74798583984375,,14.99603271484375,3.9252214431762695,,,,,,,40.0,4.0,116.0,1.0,0.0,0.0,0.0,0.0,2018,11,Primavera,Bosque cerrado desconocido,1,1,0,0,,10–20 m,872_gt2l_1770271,293564.8,5281731.9,BOSQUE_NW_02,operacional,SI,,2018-11-24,NO,880.39,21.534,21.761,-3.44,PASA
BOSQUE_NW_02(3),ATL08_20181124182732_08720113_007_02.h5,2018-11-24T18:27:32Z,gt2l,-71.51604461669922,-42.58832550048828,28319368.256910723,872.0,1.0,13.0,007,02,1073.0,1.0,1770276.0,1770280.0,907.0435180664062,,15.69073486328125,,15.70751953125,3.605780839920044,,,,,,,40.0,2.0,116.0,1.0,0.0,0.0,0.0,0.0,2018,11,Primavera,Bosque cerrado desconocido,1,1,0,0,,10–20 m,872_gt2l_1770276,293551.9,5281830.7,BOSQUE_NW_02,operacional,SI,,2018-11-24,NO,890.58,21.531,21.759,-5.07,DESCARTADO
BOSQUE_NW_02(3),ATL08_20181124182732_08720113_007_02.h5,2018-11-24T18:27:32Z,gt2l,-71.51627349853516,-42.5865364074707,28319368.285097204,872.0,1.0,13.0,007,02,1073.0,1.0,1770286.0,1770290.0,925.098876953125,115.51463317871094,12.87298583984375,87.70924377441406,14.03082275390625,3.290621757507324,,,,,,,55.0,8.0,126.0,1.0,0.0,0.0,0.0,0.0,2018,11,Primavera,Bosque abierto desconocido,1,1,1,1,6.813434339602961,10–20 m,872_gt2l_1770286,293527.2,5282028.9,BOSQUE_NW_02,operacional,SI,,2018-11-24,NO,903.46,21.526,21.753,0.11,PASA
BOSQUE_NW_02(3),ATL08_20181124182732_08720113_007_02.h5,2018-11-24T18:27:32Z,gt2l,-71.51685333251953,-42.582061767578125,28319368.35550195,872.0,1.0,13.0,007,02,1073.0,1.0,1770311.0,1770315.0,885.042236328125,38.49928665161133,11.60980224609375,38.1405143737793,11.9573974609375,3.264352560043335,,,,,,,42.0,23.0,126.0,1.0,0.0,0.0,0.0,0.0,2018,11,Primavera,Bosque abierto desconocido,1,1,1,1,3.2851993139342324,10–20 m,872_gt2l_1770311,293464.8,5282524.3,BOSQUE_NW_02,operacional,SI,,2018-11-24,NO,865.18,21.512,21.739,-1.65,PASA
BOSQUE_NW_02(3),ATL08_20181124182732_08720113_007_02.h5,2018-11-24T18:27:32Z,gt2l,-71.51708984375,-42.58027267456055,28319368.383800894,872.0,1.0,13.0,007,02,1073.0,1.0,1770321.0,1770325.0,882.01123046875,,9.98004150390625,,12.25579833984375,2.1398305892944336,,,,,,,40.0,3.0,126.0,1.0,0.0,0.0,0.0,0.0,2018,11,Primavera,Bosque abierto desconocido,1,1,0,0,,5–10 m,872_gt2l_1770321,293439.5,5282722.4,BOSQUE_NW_02,operacional,SI,,2018-11-24,NO,863.04,21.507,21.733,-2.54,PASA
BOSQUE_NW_02(3),ATL08_20181124182732_08720113_007_02.h5,2018-11-24T18:27:32Z,gt2l,-71.51720428466797,-42.579376220703125,28319368.397830006,872.0,1.0,13.0,007,02,1073.0,1.0,1770326.0,1770330.0,871.5023193359375,,13.324462890625,,13.51177978515625,2.8882369995117188,,,,,,,53.0,1.0,126.0,1.0,0.0,0.0,0.0,0.0,2018,11,Primavera,Bosque abierto desconocido,1,1,0,0,,10–20 m,872_gt2l_1770326,293427.1,5282821.7,BOSQUE_NW_02,operacional,SI,,2018-11-24,NO,855.28,21.504,21.730,-5.28,DESCARTADO
BOSQUE_NW_02(3),ATL08_20181124182732_08720113_007_02.h5,2018-11-24T18:27:32Z,gt2l,-71.51731872558594,-42.57848358154297,28319368.411957722,872.0,1.0,13.0,007,02,1073.0,1.0,1770331.0,1770335.0,868.3140258789062,62.005977630615234,12.243896484375,68.67303466796875,12.53729248046875,3.163342237472534,,,,,,,47.0,14.0,126.0,1.0,0.0,0.0,0.0,0.0,2018,11,Primavera,Bosque abierto desconocido,1,1,1,1,5.608756555203286,10–20 m,872_gt2l_1770331,293414.8,5282920.6,BOSQUE_NW_02,operacional,SI,,2018-11-24,NO,847.60,21.501,21.727,-0.79,PASA
BOSQUE_NW_02(3),ATL08_20181124182732_08720113_007_02.h5,2018-11-24T18:27:32Z,gt2l,-71.51825714111328,-42.571327209472656,28319368.524670247,872.0,1.0,13.0,007,02,1073.0,1.0,1770371.0,1770375.0,846.4930419921875,,8.61785888671875,,11.1878662109375,2.2118754386901855,,,,,,,38.0,5.0,116.0,1.0,0.0,0.0,0.0,0.0,2018,11,Primavera,Bosque cerrado desconocido,1,1,0,0,,5–10 m,872_gt2l_1770371,293314.1,5283713.0,BOSQUE_NW_02,operacional,SI,,2018-11-24,NO,826.60,21.479,21.706,-1.59,PASA
BOSQUE_NW_02(3),ATL08_20181124182732_08720113_007_02.h5,2018-11-24T18:27:32Z,gt2l,-71.51837158203125,-42.570430755615234,28319368.538789462,872.0,1.0,13.0,007,02,1073.0,1.0,1770376.0,1770380.0,841.8595581054688,,8.9437255859375,,8.991943359375,2.162397861480713,,,,,,,33.0,3.0,116.0,1.0,0.0,0.0,0.0,0.0,2018,11,Primavera,Bosque cerrado desconocido,1,1,0,0,,5–10 m,872_gt2l_1770376,293301.8,5283812.3,BOSQUE_NW_02,operacional,SI,,2018-11-24,NO,823.73,21.476,21.703,-3.35,PASA
BOSQUE_NW_02(3),ATL08_20181124182732_08720113_007_02.h5,2018-11-24T18:27:32Z,gt2l,-71.51848602294922,-42.56953811645508,28319368.552960057,872.0,1.0,13.0,007,02,1073.0,1.0,1770381.0,1770385.0,845.4382934570312,49.64139938354492,6.39691162109375,32.366024017333984,6.39691162109375,1.4209787845611572,,,,,,,26.0,17.0,116.0,1.0,0.0,0.0,0.0,0.0,2018,11,Primavera,Bosque cerrado desconocido,1,1,1,1,5.059632825097561,5–10 m,872_gt2l_1770381,293289.4,5283911.1,BOSQUE_NW_02,operacional,SI,,2018-11-24,NO,824.27,21.473,21.701,-0.31,PASA
BOSQUE_NW_02(3),ATL08_20181124182732_08720113_007_02.h5,2018-11-24T18:27:32Z,gt2l,-71.51883697509766,-42.56685256958008,28319368.5951565,872.0,1.0,13.0,007,02,1073.0,1.0,1770396.0,1770400.0,819.2420043945312,43.35014343261719,18.0987548828125,48.817142486572266,18.0987548828125,4.53216028213501,,,,,,,32.0,19.0,20.0,1.0,0.0,0.0,0.0,0.0,2018,11,Primavera,Arbustos,1,1,1,1,2.697265242977102,10–20 m,872_gt2l_1770396,293251.8,5284208.5,BOSQUE_NW_02,operacional,SI,,2018-11-24,NO,799.79,21.465,21.693,-2.01,PASA
BOSQUE_NW_02(3),ATL08_20181124182732_08720113_007_02.h5,2018-11-24T18:27:32Z,gt2r,-71.50152587890625,-42.69094467163086,28319366.98975552,872.0,1.0,13.0,007,02,1073.0,1.0,1769702.0,1769706.0,1244.3460693359375,,17.610107421875,,19.402099609375,4.900706768035889,,,,,,,105.0,6.0,114.0,1.0,0.0,0.0,0.0,0.0,2018,11,Primavera,Bosque cerrado caducifolio latifolio,1,1,0,0,,10–20 m,872_gt2r_1769702,295080.5,5270470.2,BOSQUE_NW_02,operacional,SI,,2018-11-24,NO,1225.98,21.780,22.019,-3.41,PASA
BOSQUE_NW_02(3),ATL08_20181124182732_08720113_007_02.h5,2018-11-24T18:27:32Z,gt2r,-71.50235748291016,-42.6846809387207,28319367.088434447,872.0,1.0,13.0,007,02,1073.0,1.0,1769737.0,1769741.0,1344.3409423828125,103.26610565185547,19.752685546875,31.81435203552246,21.95166015625,4.6924333572387695,,,,,,,108.0,13.0,116.0,1.0,0.0,0.0,0.0,0.0,2018,11,Primavera,Bosque cerrado desconocido,1,1,1,1,1.6106342583151025,10–20 m,872_gt2r_1769737,294991.7,5271163.8,BOSQUE_NW_02,operacional,SI,,2018-11-24,NO,1326.43,21.771,22.008,-3.86,PASA
BOSQUE_NW_02(3),ATL08_20181124182732_08720113_007_02.h5,2018-11-24T18:27:32Z,gt2r,-71.50282287597656,-42.68110275268555,28319367.144748446,872.0,1.0,13.0,007,02,1073.0,1.0,1769757.0,1769761.0,1337.13671875,88.98853302001953,20.4500732421875,25.32040786743164,21.3193359375,5.891517162322998,,,,,,,128.0,15.0,116.0,1.0,0.0,0.0,0.0,0.0,2018,11,Primavera,Bosque cerrado desconocido,1,1,1,1,1.2381573194171687,20–30 m,872_gt2r_1769757,294941.8,5271560.0,BOSQUE_NW_02,operacional,SI,,2018-11-24,NO,1318.31,21.766,22.002,-2.94,PASA
BOSQUE_NW_02(3),ATL08_20181124182732_08720113_007_02.h5,2018-11-24T18:27:32Z,gt2r,-71.50293731689453,-42.68021011352539,28319367.158871353,872.0,1.0,13.0,007,02,1073.0,1.0,1769762.0,1769766.0,1307.237060546875,,24.9732666015625,,25.6002197265625,5.8936591148376465,,,,,,,51.0,5.0,116.0,1.0,0.0,0.0,0.0,0.0,2018,11,Primavera,Bosque cerrado desconocido,1,1,0,0,,20–30 m,872_gt2r_1769762,294929.5,5271658.8,BOSQUE_NW_02,operacional,SI,,2018-11-24,NO,1289.46,21.765,22.000,-3.99,PASA
BOSQUE_NW_02(3),ATL08_20181124182732_08720113_007_02.h5,2018-11-24T18:27:32Z,gt2r,-71.503173828125,-42.67842102050781,28319367.187092718,872.0,1.0,13.0,007,02,1073.0,1.0,1769772.0,1769776.0,1257.27197265625,39.43061065673828,20.834716796875,33.22660827636719,22.91162109375,5.7358078956604,,,,,,,89.0,32.0,116.0,1.0,0.0,0.0,0.0,0.0,2018,11,Primavera,Bosque cerrado desconocido,1,1,1,1,1.5947712944843506,20–30 m,872_gt2r_1769772,294904.2,5271856.9,BOSQUE_NW_02,operacional,SI,,2018-11-24,NO,1240.57,21.762,21.997,-5.06,DESCARTADO
BOSQUE_NW_02(3),ATL08_20181124182732_08720113_007_02.h5,2018-11-24T18:27:32Z,gt2r,-71.50350952148438,-42.67573547363281,28319367.229467552,872.0,1.0,13.0,007,02,1073.0,1.0,1769787.0,1769790.0,1157.30078125,,23.6690673828125,,24.9754638671875,5.485866069793701,,,,,,,87.0,8.0,116.0,1.0,0.0,0.0,0.0,0.0,2018,11,Primavera,Bosque cerrado desconocido,1,1,0,0,,20–30 m,872_gt2r_1769787,294867.9,5272154.4,BOSQUE_NW_02,operacional,SI,,2018-11-24,NO,1143.55,21.758,21.992,-8.00,DESCARTADO
BOSQUE_NW_02(3),ATL08_20181124182732_08720113_007_02.h5,2018-11-24T18:27:32Z,gt2r,-71.50445556640625,-42.6685791015625,28319367.3422398,872.0,1.0,13.0,007,02,1073.0,1.0,1769827.0,1769831.0,1185.64013671875,,36.1129150390625,,37.499755859375,9.421991348266602,,,,,,,140.0,4.0,112.0,1.0,0.0,0.0,0.0,0.0,2018,11,Primavera,Bosque cerrado perennifolio latifolio,1,1,0,0,,>30 m,872_gt2r_1769827,294766.8,5272946.8,BOSQUE_NW_02,operacional,SI,,2018-11-24,NO,1174.78,21.748,21.979,-10.89,DESCARTADO
BOSQUE_NW_02(3),ATL08_20181124182732_08720113_007_02.h5,2018-11-24T18:27:32Z,gt2r,-71.50468444824219,-42.66679000854492,28319367.37034074,872.0,1.0,13.0,007,02,1073.0,1.0,1769837.0,1769841.0,1195.254150390625,,20.2132568359375,,21.658935546875,4.658909320831299,,,,,,,92.0,9.0,112.0,1.0,0.0,0.0,0.0,0.0,2018,11,Primavera,Bosque cerrado perennifolio latifolio,1,1,0,0,,20–30 m,872_gt2r_1769837,294742.2,5273144.9,BOSQUE_NW_02,operacional,SI,,2018-11-24,NO,1178.57,21.745,21.975,-5.06,DESCARTADO
BOSQUE_NW_02(3),ATL08_20181124182732_08720113_007_02.h5,2018-11-24T18:27:32Z,gt2r,-71.50608825683594,-42.65605545043945,28319367.53954095,872.0,1.0,13.0,007,02,1073.0,1.0,1769897.0,1769901.0,1202.447509765625,,20.5172119140625,,24.2239990234375,5.6206583976745605,,,,,,,69.0,7.0,112.0,1.0,0.0,0.0,0.0,0.0,2018,11,Primavera,Bosque cerrado perennifolio latifolio,1,1,0,0,,20–30 m,872_gt2r_1769897,294591.8,5274333.6,BOSQUE_NW_02,operacional,SI,,2018-11-24,NO,1184.71,21.720,21.934,-3.98,PASA
BOSQUE_NW_02(3),ATL08_20181124182732_08720113_007_02.h5,2018-11-24T18:27:32Z,gt2r,-71.50621032714844,-42.65515899658203,28319367.553660344,872.0,1.0,13.0,007,02,1073.0,1.0,1769902.0,1769906.0,1243.9405517578125,,20.4134521484375,,20.8759765625,4.847250938415527,,,,,,,101.0,9.0,112.0,1.0,0.0,0.0,0.0,0.0,2018,11,Primavera,Bosque cerrado perennifolio latifolio,1,1,0,0,,20–30 m,872_gt2r_1769902,294578.8,5274432.8,BOSQUE_NW_02,operacional,SI,,2018-11-24,NO,1221.50,21.718,21.931,0.72,PASA
BOSQUE_NW_02(3),ATL08_20181124182732_08720113_007_02.h5,2018-11-24T18:27:32Z,gt2r,-71.50633239746094,-42.654266357421875,28319367.56756914,872.0,1.0,13.0,007,02,1073.0,1.0,1769907.0,1769911.0,1287.6129150390625,71.42533874511719,20.453857421875,25.785873413085938,22.14208984375,5.361084461212158,,,,,,,106.0,18.0,112.0,1.0,0.0,0.0,0.0,0.0,2018,11,Primavera,Bosque cerrado perennifolio latifolio,1,1,1,1,1.2606851060528295,20–30 m,872_gt2r_1769907,294565.9,5274531.7,BOSQUE_NW_02,operacional,SI,,2018-11-24,NO,1265.64,21.716,21.928,0.26,PASA
BOSQUE_NW_02(3),ATL08_20181124182732_08720113_007_02.h5,2018-11-24T18:27:32Z,gt2r,-71.50774383544922,-42.643531799316406,28319367.736681394,872.0,1.0,13.0,007,02,1073.0,1.0,1769967.0,1769971.0,1376.251953125,,21.98193359375,,24.1624755859375,5.92828369140625,,,,,,,135.0,6.0,114.0,1.0,0.0,0.0,0.0,0.0,2018,11,Primavera,Bosque cerrado caducifolio latifolio,1,1,0,0,,20–30 m,872_gt2r_1769967,294414.8,5275720.3,BOSQUE_NW_02,operacional,SI,,2018-11-24,NO,1361.50,21.690,21.893,-6.94,DESCARTADO
BOSQUE_NW_02(3),ATL08_20181124182732_08720113_007_02.h5,2018-11-24T18:27:32Z,gt2r,-71.50786590576172,-42.64263916015625,28319367.750872403,872.0,1.0,13.0,007,02,1073.0,1.0,1769972.0,1769976.0,1383.2420654296875,51.18228530883789,15.0858154296875,30.65558624267578,16.100341796875,3.7594380378723145,,,,,,,100.0,27.0,116.0,1.0,0.0,0.0,0.0,0.0,2018,11,Primavera,Bosque cerrado desconocido,1,1,1,1,2.0320801607017147,10–20 m,872_gt2r_1769972,294401.9,5275819.1,BOSQUE_NW_02,operacional,SI,,2018-11-24,NO,1360.54,21.688,21.891,1.01,PASA
BOSQUE_NW_02(3),ATL08_20181124182732_08720113_007_02.h5,2018-11-24T18:27:32Z,gt2r,-71.50798034667969,-42.64174270629883,28319367.764923044,872.0,1.0,13.0,007,02,1073.0,1.0,1769977.0,1769981.0,1376.4056396484375,52.979591369628906,13.9085693359375,16.856037139892578,15.0076904296875,3.3474416732788086,,,,,,,73.0,26.0,114.0,1.0,0.0,0.0,0.0,0.0,2018,11,Primavera,Bosque cerrado caducifolio latifolio,1,1,1,1,1.211917396589403,10–20 m,872_gt2r_1769977,294389.5,5275918.4,BOSQUE_NW_02,operacional,SI,,2018-11-24,NO,1354.75,21.686,21.888,-0.03,PASA
BOSQUE_NW_02(3),ATL08_20181124182732_08720113_007_02.h5,2018-11-24T18:27:32Z,gt2r,-71.50809478759766,-42.64085006713867,28319367.778969884,872.0,1.0,13.0,007,02,1073.0,1.0,1769982.0,1769986.0,1367.1768798828125,124.23290252685547,16.3861083984375,27.74250602722168,17.00830078125,4.2779693603515625,,,,,,,89.0,11.0,114.0,1.0,0.0,0.0,0.0,0.0,2018,11,Primavera,Bosque cerrado caducifolio latifolio,1,1,1,1,1.6930503175401348,10–20 m,872_gt2r_1769982,294377.2,5276017.3,BOSQUE_NW_02,operacional,SI,,2018-11-24,NO,1346.28,21.684,21.886,-0.78,PASA
BOSQUE_NW_02(3),ATL08_20181124182732_08720113_007_02.h5,2018-11-24T18:27:32Z,gt2r,-71.5083236694336,-42.639060974121094,28319367.807315618,872.0,1.0,13.0,007,02,1073.0,1.0,1769992.0,1769996.0,1363.4945068359375,,21.1910400390625,,22.0885009765625,5.56816291809082,,,,,,,94.0,6.0,114.0,1.0,0.0,0.0,0.0,0.0,2018,11,Primavera,Bosque cerrado caducifolio latifolio,1,1,0,0,,20–30 m,872_gt2r_1769992,294352.5,5276215.4,BOSQUE_NW_02,operacional,SI,,2018-11-24,NO,1347.40,21.679,21.880,-5.59,DESCARTADO
BOSQUE_NW_02(3),ATL08_20181124182732_08720113_007_02.h5,2018-11-24T18:27:32Z,gt2r,-71.50856018066406,-42.637271881103516,28319367.83518508,872.0,1.0,13.0,007,02,1073.0,1.0,1770002.0,1770006.0,1382.7230224609375,55.300270080566406,15.42431640625,31.170982360839844,16.3572998046875,4.519487380981445,,,,,,,85.0,25.0,112.0,1.0,0.0,0.0,0.0,0.0,2018,11,Primavera,Bosque cerrado perennifolio latifolio,1,1,1,1,2.020898789926873,10–20 m,872_gt2r_1770002,294327.2,5276413.5,BOSQUE_NW_02,operacional,SI,,2018-11-24,NO,1362.02,21.675,21.875,-0.97,PASA
BOSQUE_NW_02(3),ATL08_20181124182732_08720113_007_02.h5,2018-11-24T18:27:32Z,gt2r,-71.50868225097656,-42.636375427246094,28319367.84926406,872.0,1.0,13.0,007,02,1073.0,1.0,1770007.0,1770011.0,1376.1036376953125,,15.644775390625,,19.527587890625,3.850323438644409,,,,,,,94.0,6.0,112.0,1.0,0.0,0.0,0.0,0.0,2018,11,Primavera,Bosque cerrado perennifolio latifolio,1,1,0,0,,10–20 m,872_gt2r_1770007,294314.3,5276512.7,BOSQUE_NW_02,operacional,SI,,2018-11-24,NO,1357.35,21.673,21.872,-2.92,PASA
BOSQUE_NW_02(3),ATL08_20181124182732_08720113_007_02.h5,2018-11-24T18:27:32Z,gt2r,-71.5089111328125,-42.634586334228516,28319367.877631586,872.0,1.0,13.0,007,02,1073.0,1.0,1770017.0,1770021.0,1370.4117431640625,,20.867431640625,,22.231689453125,5.009654521942139,,,,,,,118.0,7.0,112.0,1.0,0.0,0.0,0.0,0.0,2018,11,Primavera,Bosque cerrado perennifolio latifolio,1,1,0,0,,20–30 m,872_gt2r_1770017,294289.6,5276710.9,BOSQUE_NW_02,operacional,SI,,2018-11-24,NO,1352.17,21.669,21.867,-3.42,PASA
BOSQUE_NW_02(3),ATL08_20181124182732_08720113_007_02.h5,2018-11-24T18:27:32Z,gt2r,-71.5092544555664,-42.631900787353516,28319367.91997275,872.0,1.0,13.0,007,02,1073.0,1.0,1770032.0,1770036.0,1322.1358642578125,,19.3780517578125,,19.8143310546875,4.178282260894775,,,,,,,117.0,4.0,112.0,1.0,0.0,0.0,0.0,0.0,2018,11,Primavera,Bosque cerrado perennifolio latifolio,1,1,0,0,,10–20 m,872_gt2r_1770032,294252.6,5277008.3,BOSQUE_NW_02,operacional,SI,,2018-11-24,NO,1305.58,21.662,21.859,-5.11,DESCARTADO
BOSQUE_NW_02(3),ATL08_20181124182732_08720113_007_02.h5,2018-11-24T18:27:32Z,gt2r,-71.51017761230469,-42.6247444152832,28319368.032649983,872.0,1.0,13.0,007,02,1073.0,1.0,1770072.0,1770076.0,1241.45166015625,,22.2962646484375,,23.3670654296875,5.446536540985107,,,,,,,123.0,7.0,114.0,1.0,0.0,0.0,0.0,0.0,2018,11,Primavera,Bosque cerrado caducifolio latifolio,1,1,0,0,,20–30 m,872_gt2r_1770072,294153.3,5277800.7,BOSQUE_NW_02,operacional,SI,,2018-11-24,NO,1226.93,21.645,21.839,-7.12,DESCARTADO
BOSQUE_NW_02(3),ATL08_20181124182732_08720113_007_02.h5,2018-11-24T18:27:32Z,gt2r,-71.51087951660156,-42.61937713623047,28319368.11719981,872.0,1.0,13.0,007,02,1073.0,1.0,1770102.0,1770106.0,1199.6068115234375,,29.4100341796875,,31.2711181640625,6.072232246398926,,,,,,,98.0,8.0,112.0,1.0,0.0,0.0,0.0,0.0,2018,11,Primavera,Bosque cerrado perennifolio latifolio,1,1,0,0,,20–30 m,872_gt2r_1770102,294078.1,5278395.1,BOSQUE_NW_02,operacional,SI,,2018-11-24,NO,1185.51,21.628,21.823,-7.53,DESCARTADO
BOSQUE_NW_02(3),ATL08_20181124182732_08720113_007_02.h5,2018-11-24T18:27:32Z,gt2r,-71.5111083984375,-42.61758804321289,28319368.145461626,872.0,1.0,13.0,007,02,1073.0,1.0,1770112.0,1770116.0,1193.4913330078125,,25.702880859375,,28.3861083984375,8.055367469787598,,,,,,,96.0,8.0,112.0,1.0,0.0,0.0,0.0,0.0,2018,11,Primavera,Bosque cerrado perennifolio latifolio,1,1,0,0,,20–30 m,872_gt2r_1770112,294053.4,5278593.2,BOSQUE_NW_02,operacional,SI,,2018-11-24,NO,1176.47,21.622,21.817,-4.60,PASA
BOSQUE_NW_02(3),ATL08_20181124182732_08720113_007_02.h5,2018-11-24T18:27:32Z,gt2r,-71.51191711425781,-42.611324310302734,28319368.24420842,872.0,1.0,13.0,007,02,1073.0,1.0,1770147.0,1770151.0,1066.5560302734375,22.183412551879883,6.15673828125,13.722247123718262,6.539794921875,1.2026594877243042,,,,,,,79.0,48.0,116.0,1.0,0.0,0.0,0.0,0.0,2018,11,Primavera,Bosque cerrado desconocido,1,1,1,1,2.228817678592672,5–10 m,872_gt2r_1770147,293966.4,5279286.8,BOSQUE_NW_02,operacional,SI,,2018-11-24,NO,1043.74,21.603,21.809,1.21,PASA
BOSQUE_NW_02(3),ATL08_20181124182732_08720113_007_02.h5,2018-11-24T18:27:32Z,gt2r,-71.51261138916016,-42.60595703125,28319368.328914158,872.0,1.0,13.0,007,02,1073.0,1.0,1770177.0,1770181.0,1021.6048583984375,17.874849319458008,5.22125244140625,13.021535873413086,7.0096435546875,1.310538649559021,,,,,,,44.0,57.0,126.0,1.0,0.0,0.0,0.0,0.0,2018,11,Primavera,Bosque abierto desconocido,1,1,1,1,2.4939487258168214,5–10 m,872_gt2r_1770177,293891.7,5279881.1,BOSQUE_NW_02,operacional,SI,,2018-11-24,NO,999.34,21.586,21.803,0.68,PASA
BOSQUE_NW_02(3),ATL08_20181124182732_08720113_007_02.h5,2018-11-24T18:27:32Z,gt2r,-71.51283264160156,-42.60416793823242,28319368.35707229,872.0,1.0,13.0,007,02,1073.0,1.0,1770188.0,1770191.0,926.9718627929688,,10.89990234375,,12.8856201171875,2.2253518104553223,,,,,,,61.0,7.0,20.0,1.0,0.0,0.0,0.0,0.0,2018,11,Primavera,Arbustos,1,1,0,0,,10–20 m,872_gt2r_1770188,293867.7,5280079.3,BOSQUE_NW_02,operacional,SI,,2018-11-24,NO,906.56,21.581,21.801,-1.17,PASA
BOSQUE_NW_02(3),ATL08_20181124182732_08720113_007_02.h5,2018-11-24T18:27:32Z,gt2r,-71.51341247558594,-42.599693298339844,28319368.427479237,872.0,1.0,13.0,007,02,1073.0,1.0,1770212.0,1770216.0,880.9121704101562,,12.23541259765625,,14.0076904296875,2.8763620853424072,,,,,,,94.0,2.0,126.0,1.0,0.0,0.0,0.0,0.0,2018,11,Primavera,Bosque abierto desconocido,1,1,0,0,,10–20 m,872_gt2r_1770212,293805.4,5280574.8,BOSQUE_NW_02,operacional,SI,,2018-11-24,NO,866.54,21.567,21.794,-7.20,DESCARTADO
BOSQUE_NW_02(3),ATL08_20181124182732_08720113_007_02.h5,2018-11-24T18:27:32Z,gt2r,-71.5136489868164,-42.597904205322266,28319368.455743525,872.0,1.0,13.0,007,02,1073.0,1.0,1770222.0,1770226.0,878.9727172851562,46.151119232177734,9.0419921875,13.681468963623047,11.05059814453125,2.117546796798706,,,,,,,97.0,19.0,126.0,1.0,0.0,0.0,0.0,0.0,2018,11,Primavera,Bosque abierto desconocido,1,1,1,1,1.5131033825197107,5–10 m,872_gt2r_1770222,293780.0,5280772.9,BOSQUE_NW_02,operacional,SI,,2018-11-24,NO,857.94,21.562,21.788,-0.53,PASA
BOSQUE_NW_02(3),ATL08_20181124182732_08720113_007_02.h5,2018-11-24T18:27:32Z,gt2r,-71.51411437988281,-42.59432601928711,28319368.512128852,872.0,1.0,13.0,007,02,1073.0,1.0,1770242.0,1770246.0,895.5449829101562,49.9658088684082,17.71270751953125,16.603132247924805,18.40692138671875,5.507941722869873,,,,,,,97.0,18.0,126.0,1.0,0.0,0.0,0.0,0.0,2018,11,Primavera,Bosque abierto desconocido,1,1,1,1,0.9373571053220999,10–20 m,872_gt2r_1770242,293730.1,5281169.1,BOSQUE_NW_02,operacional,SI,,2018-11-24,NO,882.28,21.551,21.778,-8.28,DESCARTADO
BOSQUE_NW_02(3),ATL08_20181124182732_08720113_007_02.h5,2018-11-24T18:27:32Z,gt2r,-71.51458740234375,-42.59074783325195,28319368.568559717,872.0,1.0,13.0,007,02,1073.0,1.0,1770262.0,1770266.0,894.41259765625,,12.5098876953125,,14.43609619140625,2.9606215953826904,,,,,,,109.0,7.0,126.0,1.0,0.0,0.0,0.0,0.0,2018,11,Primavera,Bosque abierto desconocido,1,1,0,0,,10–20 m,872_gt2r_1770262,293679.4,5281565.3,BOSQUE_NW_02,operacional,SI,,2018-11-24,NO,878.46,21.540,21.767,-5.59,DESCARTADO
BOSQUE_NW_02(3),ATL08_20181124182732_08720113_007_02.h5,2018-11-24T18:27:32Z,gt2r,-71.51481628417969,-42.588958740234375,28319368.596855856,872.0,1.0,13.0,007,02,1073.0,1.0,1770272.0,1770276.0,869.6339111328125,,18.59381103515625,,19.7745361328125,4.253155708312988,,,,,,,88.0,5.0,116.0,1.0,0.0,0.0,0.0,0.0,2018,11,Primavera,Bosque cerrado desconocido,1,1,0,0,,10–20 m,872_gt2r_1770272,293654.7,5281763.4,BOSQUE_NW_02,operacional,SI,,2018-11-24,NO,860.71,21.535,21.761,-12.61,DESCARTADO
BOSQUE_NW_02(3),ATL08_20181124182732_08720113_007_02.h5,2018-11-24T18:27:32Z,gt2r,-71.51505279541016,-42.5871696472168,28319368.62489493,872.0,1.0,13.0,007,02,1073.0,1.0,1770282.0,1770286.0,899.55029296875,,8.36151123046875,,9.6702880859375,2.034512758255005,,,,,,,92.0,9.0,126.0,1.0,0.0,0.0,0.0,0.0,2018,11,Primavera,Bosque abierto desconocido,1,1,0,0,,5–10 m,872_gt2r_1770282,293629.4,5281961.5,BOSQUE_NW_02,operacional,SI,,2018-11-24,NO,883.30,21.529,21.756,-5.28,DESCARTADO
BOSQUE_NW_02(3),ATL08_20181124182732_08720113_007_02.h5,2018-11-24T18:27:32Z,gt2r,-71.51516723632812,-42.586273193359375,28319368.639094558,872.0,1.0,13.0,007,02,1073.0,1.0,1770287.0,1770291.0,911.1912841796875,23.872896194458008,8.652587890625,20.46255874633789,11.89019775390625,1.6329190731048584,,,,,,,123.0,38.0,20.0,1.0,0.0,0.0,0.0,0.0,2018,11,Primavera,Arbustos,1,1,1,1,2.3649061997404135,5–10 m,872_gt2r_1770287,293617.1,5282060.8,BOSQUE_NW_02,operacional,SI,,2018-11-24,NO,888.84,21.527,21.753,0.83,PASA
BOSQUE_NW_02(3),ATL08_20181124182732_08720113_007_02.h5,2018-11-24T18:27:32Z,gt2r,-71.51528930664062,-42.58538055419922,28319368.65312066,872.0,1.0,13.0,007,02,1073.0,1.0,1770292.0,1770296.0,893.2850952148438,29.812950134277344,6.23272705078125,16.892820358276367,8.129638671875,1.572512149810791,,,,,,,95.0,30.0,20.0,1.0,0.0,0.0,0.0,0.0,2018,11,Primavera,Arbustos,1,1,1,1,2.7103417525975106,5–10 m,872_gt2r_1770292,293604.1,5282159.6,BOSQUE_NW_02,operacional,SI,,2018-11-24,NO,873.11,21.524,21.751,-1.35,PASA
BOSQUE_NW_02(3),ATL08_20181124182732_08720113_007_02.h5,2018-11-24T18:27:32Z,gt2r,-71.5154037475586,-42.5844841003418,28319368.667165946,872.0,1.0,13.0,007,02,1073.0,1.0,1770297.0,1770301.0,887.3982543945312,,8.53326416015625,,10.189697265625,1.9055503606796265,,,,,,,80.0,4.0,116.0,1.0,0.0,0.0,0.0,0.0,2018,11,Primavera,Bosque cerrado desconocido,1,1,0,0,,5–10 m,872_gt2r_1770297,293591.8,5282258.9,BOSQUE_NW_02,operacional,SI,,2018-11-24,NO,868.33,21.521,21.748,-2.45,PASA
BOSQUE_NW_02(3),ATL08_20181124182732_08720113_007_02.h5,2018-11-24T18:27:32Z,gt2r,-71.51551818847656,-42.58359146118164,28319368.681245077,872.0,1.0,13.0,007,02,1073.0,1.0,1770302.0,1770306.0,885.5086669921875,74.06542205810547,9.4190673828125,11.982603073120117,10.34906005859375,2.2965517044067383,,,,,,,69.0,12.0,126.0,1.0,0.0,0.0,0.0,0.0,2018,11,Primavera,Bosque abierto desconocido,1,1,1,1,1.2721644921009319,5–10 m,872_gt2r_1770302,293579.4,5282357.7,BOSQUE_NW_02,operacional,SI,,2018-11-24,NO,869.59,21.518,21.745,-5.60,DESCARTADO
BOSQUE_NW_02(3),ATL08_20181124182732_08720113_007_02.h5,2018-11-24T18:27:32Z,gt2r,-71.51564025878906,-42.58269500732422,28319368.695301514,872.0,1.0,13.0,007,02,1073.0,1.0,1770307.0,1770311.0,896.1640014648438,20.823230743408203,7.267333984375,12.952550888061523,7.53271484375,1.4743602275848389,,,,,,,72.0,43.0,126.0,1.0,0.0,0.0,0.0,0.0,2018,11,Primavera,Bosque abierto desconocido,1,1,1,1,1.7822974581751605,5–10 m,872_gt2r_1770307,293566.5,5282457.0,BOSQUE_NW_02,operacional,SI,,2018-11-24,NO,874.12,21.516,21.742,0.53,PASA
BOSQUE_NW_02(3),ATL08_20181124182732_08720113_007_02.h5,2018-11-24T18:27:32Z,gt2r,-71.51598358154297,-42.580013275146484,28319368.737733725,872.0,1.0,13.0,007,02,1073.0,1.0,1770322.0,1770326.0,893.5755004882812,27.05406951904297,8.77447509765625,13.05668830871582,10.42596435546875,2.0033390522003174,,,,,,,80.0,33.0,126.0,1.0,0.0,0.0,0.0,0.0,2018,11,Primavera,Bosque abierto desconocido,1,1,1,1,1.488030698520461,5–10 m,872_gt2r_1770322,293529.4,5282754.0,BOSQUE_NW_02,operacional,SI,,2018-11-24,NO,872.52,21.507,21.734,-0.45,PASA
BOSQUE_NW_02(3),ATL08_20181124182732_08720113_007_02.h5,2018-11-24T18:27:32Z,gt2r,-71.51679992675781,-42.57374954223633,28319368.836372625,872.0,1.0,13.0,007,02,1073.0,1.0,1770357.0,1770361.0,854.2838745117188,19.41931915283203,15.73126220703125,13.180731773376465,16.70770263671875,3.6788740158081055,,,,,,,132.0,44.0,126.0,1.0,0.0,0.0,0.0,0.0,2018,11,Primavera,Bosque abierto desconocido,1,1,1,1,0.8378686719419883,10–20 m,872_gt2r_1770357,293441.7,5283447.5,BOSQUE_NW_02,operacional,SI,,2018-11-24,NO,833.11,21.487,21.714,-0.32,PASA
BOSQUE_NW_02(3),ATL08_20181124182732_08720113_007_02.h5,2018-11-24T18:27:32Z,gt3l,-71.46239471435547,-42.69049835205078,28319366.58460372,872.0,1.0,13.0,007,02,1073.0,1.0,1769689.0,1769693.0,1043.4609375,30.678089141845703,12.896728515625,32.961463928222656,13.1651611328125,3.6305811405181885,,,,,,,49.0,34.0,30.0,1.0,0.0,0.0,0.0,0.0,2018,11,Primavera,Herbáceas,1,1,1,1,2.5558004022716516,10–20 m,872_gt3l_1769689,298284.7,5270614.0,BOSQUE_NW_02,operacional,SI,,2018-11-24,NO,1021.82,21.794,22.009,-0.16,PASA
BOSQUE_NW_02(3),ATL08_20181124182732_08720113_007_02.h5,2018-11-24T18:27:32Z,gt3l,-71.46250915527344,-42.68960189819336,28319366.598688602,872.0,1.0,13.0,007,02,1073.0,1.0,1769694.0,1769698.0,1032.5924072265625,47.06717300415039,14.87548828125,46.00303649902344,15.6434326171875,4.160534381866455,,,,,,,68.0,22.0,20.0,1.0,0.0,0.0,0.0,0.0,2018,11,Primavera,Arbustos,1,1,1,1,3.0925395946167735,10–20 m,872_gt3l_1769694,298272.5,5270713.2,BOSQUE_NW_02,operacional,SI,,2018-11-24,NO,1013.00,21.793,22.009,-2.20,PASA
BOSQUE_NW_02(3),ATL08_20181124182732_08720113_007_02.h5,2018-11-24T18:27:32Z,gt3l,-71.4627456665039,-42.68781280517578,28319366.626906253,872.0,1.0,13.0,007,02,1073.0,1.0,1769704.0,1769708.0,1029.66943359375,41.14255905151367,11.18536376953125,48.74810028076172,12.19189453125,2.829730987548828,,,,,,,47.0,25.0,20.0,1.0,0.0,0.0,0.0,0.0,2018,11,Primavera,Arbustos,1,1,1,1,4.358204282416881,10–20 m,872_gt3l_1769704,298247.3,5270911.4,BOSQUE_NW_02,operacional,SI,,2018-11-24,NO,1009.11,21.792,22.010,-1.23,PASA
BOSQUE_NW_02(3),ATL08_20181124182732_08720113_007_02.h5,2018-11-24T18:27:32Z,gt3l,-71.46286010742188,-42.686920166015625,28319366.641001772,872.0,1.0,13.0,007,02,1073.0,1.0,1769709.0,1769713.0,1031.5079345703125,,16.8740234375,,17.156982421875,3.8928680419921875,,,,,,,56.0,4.0,126.0,1.0,0.0,0.0,0.0,0.0,2018,11,Primavera,Bosque abierto desconocido,1,1,0,0,,10–20 m,872_gt3l_1769709,298235.0,5271010.2,BOSQUE_NW_02,operacional,SI,,2018-11-24,NO,1018.76,21.792,22.010,-9.04,DESCARTADO
BOSQUE_NW_02(3),ATL08_20181124182732_08720113_007_02.h5,2018-11-24T18:27:32Z,gt3l,-71.46333312988281,-42.68334197998047,28319366.697338205,872.0,1.0,13.0,007,02,1073.0,1.0,1769729.0,1769733.0,1018.2865600585938,,10.73919677734375,,13.0035400390625,2.203907012939453,,,,,,,27.0,5.0,20.0,1.0,0.0,0.0,0.0,0.0,2018,11,Primavera,Arbustos,1,1,0,0,,10–20 m,872_gt3l_1769729,298184.7,5271406.4,BOSQUE_NW_02,operacional,SI,,2018-11-24,NO,1000.79,21.790,22.010,-4.29,PASA
BOSQUE_NW_02(3),ATL08_20181124182732_08720113_007_02.h5,2018-11-24T18:27:32Z,gt3l,-71.46404266357422,-42.677974700927734,28319366.78204243,872.0,1.0,13.0,007,02,1073.0,1.0,1769759.0,1769763.0,1058.763671875,176.7853546142578,10.7452392578125,48.46749496459961,11.555419921875,2.4263079166412354,,,,,,,47.0,6.0,116.0,1.0,0.0,0.0,0.0,0.0,2018,11,Primavera,Bosque cerrado desconocido,1,1,1,1,4.51060174666288,10–20 m,872_gt3l_1769759,298109.2,5272000.8,BOSQUE_NW_02,operacional,SI,,2018-11-24,NO,1039.02,21.788,22.006,-2.04,PASA
BOSQUE_NW_02(3),ATL08_20181124182732_08720113_007_02.h5,2018-11-24T18:27:32Z,gt3l,-71.46475219726562,-42.672607421875,28319366.86653994,872.0,1.0,13.0,007,02,1073.0,1.0,1769789.0,1769793.0,1081.8974609375,72.09666442871094,11.2677001953125,58.993770599365234,12.256591796875,2.8031320571899414,,,,,,,43.0,15.0,116.0,1.0,0.0,0.0,0.0,0.0,2018,11,Primavera,Bosque cerrado desconocido,1,1,1,1,5.235653201343372,10–20 m,872_gt3l_1769789,298033.6,5272595.1,BOSQUE_NW_02,operacional,SI,,2018-11-24,NO,1059.38,21.785,22.002,0.73,PASA
BOSQUE_NW_02(3),ATL08_20181124182732_08720113_007_02.h5,2018-11-24T18:27:32Z,gt3l,-71.4649887084961,-42.67081832885742,28319366.894749492,872.0,1.0,13.0,007,02,1073.0,1.0,1769799.0,1769803.0,1087.6812744140625,57.208168029785156,11.5357666015625,44.02858352661133,11.5357666015625,2.180821180343628,,,,,,,28.0,19.0,116.0,1.0,0.0,0.0,0.0,0.0,2018,11,Primavera,Bosque cerrado desconocido,1,1,1,1,3.8167020057988803,10–20 m,872_gt3l_1769799,298008.4,5272793.2,BOSQUE_NW_02,operacional,SI,,2018-11-24,NO,1067.58,21.784,22.000,-1.69,PASA
BOSQUE_NW_02(3),ATL08_20181124182732_08720113_007_02.h5,2018-11-24T18:27:32Z,gt3l,-71.46558380126953,-42.66634750366211,28319366.96516066,872.0,1.0,13.0,007,02,1073.0,1.0,1769824.0,1769828.0,1099.173828125,,24.5767822265625,,26.6868896484375,8.472915649414062,,,,,,,56.0,4.0,112.0,1.0,0.0,0.0,0.0,0.0,2018,11,Primavera,Bosque cerrado perennifolio latifolio,1,1,0,0,,20–30 m,872_gt3l_1769824,297945.2,5273288.3,BOSQUE_NW_02,operacional,SI,,2018-11-24,NO,1082.08,21.781,21.996,-4.69,PASA
BOSQUE_NW_02(3),ATL08_20181124182732_08720113_007_02.h5,2018-11-24T18:27:32Z,gt3l,-71.46629333496094,-42.660980224609375,28319367.04967701,872.0,1.0,13.0,007,02,1073.0,1.0,1769854.0,1769858.0,1120.05859375,86.09786224365234,15.5294189453125,83.86686706542969,15.5294189453125,4.45997953414917,,,,,,,41.0,13.0,112.0,1.0,0.0,0.0,0.0,0.0,2018,11,Primavera,Bosque cerrado perennifolio latifolio,1,1,1,1,5.400515457839754,10–20 m,872_gt3l_1769854,297869.6,5273882.6,BOSQUE_NW_02,operacional,SI,,2018-11-24,NO,1100.35,21.771,21.989,-2.06,PASA
BOSQUE_NW_02(3),ATL08_20181124182732_08720113_007_02.h5,2018-11-24T18:27:32Z,gt3l,-71.46829223632812,-42.64577102661133,28319367.28931894,872.0,1.0,13.0,007,02,1073.0,1.0,1769939.0,1769943.0,1127.66015625,,26.8387451171875,,26.8387451171875,7.183667182922363,,,,,,,37.0,5.0,112.0,1.0,0.0,0.0,0.0,0.0,2018,11,Primavera,Bosque cerrado perennifolio latifolio,1,1,0,0,,20–30 m,872_gt3l_1769939,297656.5,5275566.8,BOSQUE_NW_02,operacional,SI,,2018-11-24,NO,1108.40,21.744,21.965,-2.48,PASA
BOSQUE_NW_02(3),ATL08_20181124182732_08720113_007_02.h5,2018-11-24T18:27:32Z,gt3l,-71.46923065185547,-42.638614654541016,28319367.40206963,872.0,1.0,13.0,007,02,1073.0,1.0,1769979.0,1769983.0,1124.011474609375,,18.400634765625,,18.577880859375,5.403529644012451,,,,,,,45.0,5.0,112.0,1.0,0.0,0.0,0.0,0.0,2018,11,Primavera,Bosque cerrado perennifolio latifolio,1,1,0,0,,10–20 m,872_gt3l_1769979,297556.3,5276359.3,BOSQUE_NW_02,operacional,SI,,2018-11-24,NO,1098.37,21.731,21.950,3.91,PASA
BOSQUE_NW_02(3),ATL08_20181124182732_08720113_007_02.h5,2018-11-24T18:27:32Z,gt3l,-71.46935272216797,-42.637718200683594,28319367.416131683,872.0,1.0,13.0,007,02,1073.0,1.0,1769984.0,1769988.0,1125.846923828125,,17.755615234375,,19.2274169921875,5.5467352867126465,,,,,,,51.0,2.0,116.0,1.0,0.0,0.0,0.0,0.0,2018,11,Primavera,Bosque cerrado desconocido,1,1,0,0,,10–20 m,872_gt3l_1769984,297543.4,5276458.6,BOSQUE_NW_02,operacional,SI,,2018-11-24,NO,1106.84,21.730,21.948,-2.73,PASA
BOSQUE_NW_02(3),ATL08_20181124182732_08720113_007_02.h5,2018-11-24T18:27:32Z,gt3l,-71.46946716308594,-42.63682556152344,28319367.43021007,872.0,1.0,13.0,007,02,1073.0,1.0,1769989.0,1769993.0,1116.47509765625,101.48595428466797,16.44873046875,113.49297332763672,16.44873046875,4.897679328918457,,,,,,,28.0,11.0,112.0,1.0,0.0,0.0,0.0,0.0,2018,11,Primavera,Bosque cerrado perennifolio latifolio,1,1,1,1,6.899801388517826,10–20 m,872_gt3l_1769989,297531.1,5276557.4,BOSQUE_NW_02,operacional,SI,,2018-11-24,NO,1092.26,21.728,21.946,2.48,PASA
BOSQUE_NW_02(3),ATL08_20181124182732_08720113_007_02.h5,2018-11-24T18:27:32Z,gt3l,-71.46994018554688,-42.63324737548828,28319367.486705005,872.0,1.0,13.0,007,02,1073.0,1.0,1770009.0,1770013.0,1141.210693359375,,24.423583984375,,24.803466796875,6.97044563293457,,,,,,,44.0,2.0,112.0,1.0,0.0,0.0,0.0,0.0,2018,11,Primavera,Bosque cerrado perennifolio latifolio,1,1,0,0,,20–30 m,872_gt3l_1770009,297480.7,5276953.7,BOSQUE_NW_02,operacional,SI,,2018-11-24,NO,1125.50,21.721,21.938,-6.01,DESCARTADO
BOSQUE_NW_02(3),ATL08_20181124182732_08720113_007_02.h5,2018-11-24T18:27:32Z,gt3l,-71.47064971923828,-42.62788009643555,28319367.57108826,872.0,1.0,13.0,007,02,1073.0,1.0,1770039.0,1770043.0,1132.3939208984375,,10.6365966796875,,10.7691650390625,2.8362183570861816,,,,,,,37.0,3.0,112.0,1.0,0.0,0.0,0.0,0.0,2018,11,Primavera,Bosque cerrado perennifolio latifolio,1,1,0,0,,10–20 m,872_gt3l_1770039,297405.1,5277548.0,BOSQUE_NW_02,operacional,SI,,2018-11-24,NO,1116.34,21.711,21.922,-5.66,DESCARTADO
BOSQUE_NW_02(3),ATL08_20181124182732_08720113_007_02.h5,2018-11-24T18:27:32Z,gt3l,-71.47076416015625,-42.626983642578125,28319367.585276607,872.0,1.0,13.0,007,02,1073.0,1.0,1770044.0,1770048.0,1130.65869140625,37.67430877685547,12.9984130859375,43.343441009521484,12.9984130859375,2.85841703414917,,,,,,,28.0,30.0,112.0,1.0,0.0,0.0,0.0,0.0,2018,11,Primavera,Bosque cerrado perennifolio latifolio,1,1,1,1,3.3345178925274457,10–20 m,872_gt3l_1770044,297392.8,5277647.3,BOSQUE_NW_02,operacional,SI,,2018-11-24,NO,1108.26,21.709,21.919,0.69,PASA
BOSQUE_NW_02(3),ATL08_20181124182732_08720113_007_02.h5,2018-11-24T18:27:32Z,gt3l,-71.47111511230469,-42.62430191040039,28319367.627486326,872.0,1.0,13.0,007,02,1073.0,1.0,1770059.0,1770063.0,1117.10791015625,46.5679817199707,13.581787109375,58.87729263305664,14.343505859375,3.3320963382720947,,,,,,,56.0,24.0,116.0,1.0,0.0,0.0,0.0,0.0,2018,11,Primavera,Bosque cerrado desconocido,1,1,1,1,4.3350180767018385,10–20 m,872_gt3l_1770059,297355.4,5277944.2,BOSQUE_NW_02,operacional,SI,,2018-11-24,NO,1093.65,21.703,21.911,1.76,PASA
BOSQUE_NW_02(3),ATL08_20181124182732_08720113_007_02.h5,2018-11-24T18:27:32Z,gt3l,-71.47122955322266,-42.62340545654297,28319367.641653392,872.0,1.0,13.0,007,02,1073.0,1.0,1770064.0,1770068.0,1108.65478515625,42.650081634521484,16.2454833984375,40.467227935791016,17.3306884765625,5.087524890899658,,,,,,,40.0,26.0,114.0,1.0,0.0,0.0,0.0,0.0,2018,11,Primavera,Bosque cerrado caducifolio latifolio,1,1,1,1,2.4909833055311346,10–20 m,872_gt3l_1770064,297343.1,5278043.5,BOSQUE_NW_02,operacional,SI,,2018-11-24,NO,1083.93,21.701,21.908,3.02,PASA
BOSQUE_NW_02(3),ATL08_20181124182732_08720113_007_02.h5,2018-11-24T18:27:32Z,gt3l,-71.4714584350586,-42.62161636352539,28319367.66987837,872.0,1.0,13.0,007,02,1073.0,1.0,1770074.0,1770078.0,1082.542236328125,,10.5355224609375,,12.5992431640625,2.3563449382781982,,,,,,,42.0,4.0,112.0,1.0,0.0,0.0,0.0,0.0,2018,11,Primavera,Bosque cerrado perennifolio latifolio,1,1,0,0,,10–20 m,872_gt3l_1770074,297318.5,5278241.6,BOSQUE_NW_02,operacional,SI,,2018-11-24,NO,1063.02,21.695,21.903,-2.17,PASA
BOSQUE_NW_02(3),ATL08_20181124182732_08720113_007_02.h5,2018-11-24T18:27:32Z,gt3l,-71.4720458984375,-42.61714553833008,28319367.740335885,872.0,1.0,13.0,007,02,1073.0,1.0,1770099.0,1770103.0,1104.861083984375,61.43907165527344,10.54638671875,43.502689361572266,10.54638671875,1.9781256914138794,,,,,,,27.0,18.0,116.0,1.0,0.0,0.0,0.0,0.0,2018,11,Primavera,Bosque cerrado desconocido,1,1,1,1,4.124890402912172,10–20 m,872_gt3l_1770099,297255.8,5278736.7,BOSQUE_NW_02,operacional,SI,,2018-11-24,NO,1082.61,21.681,21.890,0.57,PASA
BOSQUE_NW_02(3),ATL08_20181124182732_08720113_007_02.h5,2018-11-24T18:27:32Z,gt3l,-71.47216796875,-42.616249084472656,28319367.754464433,872.0,1.0,13.0,007,02,1073.0,1.0,1770104.0,1770108.0,1103.8013916015625,,12.0755615234375,,13.032470703125,3.3173489570617676,,,,,,,46.0,4.0,116.0,1.0,0.0,0.0,0.0,0.0,2018,11,Primavera,Bosque cerrado desconocido,1,1,0,0,,10–20 m,872_gt3l_1770104,297242.9,5278836.0,BOSQUE_NW_02,operacional,SI,,2018-11-24,NO,1085.33,21.678,21.887,-3.21,PASA
BOSQUE_NW_02(3),ATL08_20181124182732_08720113_007_02.h5,2018-11-24T18:27:32Z,gt3l,-71.4722900390625,-42.6153564453125,28319367.768515687,872.0,1.0,13.0,007,02,1073.0,1.0,1770109.0,1770113.0,1100.0291748046875,,9.38525390625,,10.1744384765625,2.185342311859131,,,,,,,26.0,3.0,116.0,1.0,0.0,0.0,0.0,0.0,2018,11,Primavera,Bosque cerrado desconocido,1,1,0,0,,5–10 m,872_gt3l_1770109,297230.0,5278934.8,BOSQUE_NW_02,operacional,SI,,2018-11-24,NO,1080.36,21.675,21.884,-2.01,PASA
BOSQUE_NW_02(3),ATL08_20181124182732_08720113_007_02.h5,2018-11-24T18:27:32Z,gt3l,-71.47240447998047,-42.61445999145508,28319367.78258218,872.0,1.0,13.0,007,02,1073.0,1.0,1770114.0,1770118.0,1088.7799072265625,31.140220642089844,9.630126953125,39.5940055847168,9.630126953125,1.8495694398880005,,,,,,,23.0,35.0,116.0,1.0,0.0,0.0,0.0,0.0,2018,11,Primavera,Bosque cerrado desconocido,1,1,1,1,4.111472857776651,5–10 m,872_gt3l_1770114,297217.7,5279034.1,BOSQUE_NW_02,operacional,SI,,2018-11-24,NO,1063.90,21.672,21.881,3.21,PASA
BOSQUE_NW_02(3),ATL08_20181124182732_08720113_007_02.h5,2018-11-24T18:27:32Z,gt3l,-71.4726333618164,-42.6126708984375,28319367.810802083,872.0,1.0,13.0,007,02,1073.0,1.0,1770124.0,1770128.0,1087.1868896484375,,11.6312255859375,,13.44287109375,3.110668659210205,,,,,,,36.0,3.0,112.0,1.0,0.0,0.0,0.0,0.0,2018,11,Primavera,Bosque cerrado perennifolio latifolio,1,1,0,0,,10–20 m,872_gt3l_1770124,297193.1,5279232.2,BOSQUE_NW_02,operacional,SI,,2018-11-24,NO,1065.87,21.667,21.876,-0.35,PASA
BOSQUE_NW_02(3),ATL08_20181124182732_08720113_007_02.h5,2018-11-24T18:27:32Z,gt3l,-71.47298431396484,-42.609989166259766,28319367.8531165,872.0,1.0,13.0,007,02,1073.0,1.0,1770139.0,1770143.0,1084.641357421875,,13.3411865234375,,14.69970703125,3.003220796585083,,,,,,,36.0,5.0,126.0,1.0,0.0,0.0,0.0,0.0,2018,11,Primavera,Bosque abierto desconocido,1,1,0,0,,10–20 m,872_gt3l_1770139,297155.6,5279529.2,BOSQUE_NW_02,operacional,SI,,2018-11-24,NO,1068.57,21.658,21.867,-5.59,DESCARTADO
BOSQUE_NW_02(3),ATL08_20181124182732_08720113_007_02.h5,2018-11-24T18:27:32Z,gt3l,-71.47344970703125,-42.606407165527344,28319367.9094908,872.0,1.0,13.0,007,02,1073.0,1.0,1770159.0,1770163.0,1059.3370361328125,,12.6317138671875,,13.93505859375,3.159109592437744,,,,,,,44.0,5.0,116.0,1.0,0.0,0.0,0.0,0.0,2018,11,Primavera,Bosque cerrado desconocido,1,1,0,0,,10–20 m,872_gt3l_1770159,297105.8,5279925.8,BOSQUE_NW_02,operacional,SI,,2018-11-24,NO,1039.75,21.647,21.856,-2.06,PASA
BOSQUE_NW_02(3),ATL08_20181124182732_08720113_007_02.h5,2018-11-24T18:27:32Z,gt3l,-71.47404479980469,-42.60193634033203,28319367.979929607,872.0,1.0,13.0,007,02,1073.0,1.0,1770184.0,1770187.0,1060.9793701171875,48.25503921508789,8.54150390625,65.51948547363281,8.54150390625,2.3926851749420166,,,,,,,25.0,22.0,126.0,1.0,0.0,0.0,0.0,0.0,2018,11,Primavera,Bosque abierto desconocido,1,1,1,1,7.670720073743783,5–10 m,872_gt3l_1770184,297042.4,5280420.9,BOSQUE_NW_02,operacional,SI,,2018-11-24,NO,1039.42,21.632,21.841,-0.07,PASA
BOSQUE_NW_02(3),ATL08_20181124182732_08720113_007_02.h5,2018-11-24T18:27:32Z,gt3l,-71.4748764038086,-42.59567642211914,28319368.078626383,872.0,1.0,13.0,007,02,1073.0,1.0,1770219.0,1770223.0,1149.67138671875,,17.7061767578125,,17.7061767578125,4.700395584106445,,,,,,,36.0,5.0,112.0,1.0,0.0,0.0,0.0,0.0,2018,11,Primavera,Bosque cerrado perennifolio latifolio,1,1,0,0,,10–20 m,872_gt3l_1770219,296953.9,5281114.1,BOSQUE_NW_02,operacional,SI,,2018-11-24,NO,1124.92,21.613,21.817,3.14,PASA
BOSQUE_NW_02(3),ATL08_20181124182732_08720113_007_02.h5,2018-11-24T18:27:32Z,gt3l,-71.47499084472656,-42.59477996826172,28319368.09270597,872.0,1.0,13.0,007,02,1073.0,1.0,1770224.0,1770227.0,1151.03369140625,,17.691162109375,,17.691162109375,4.312509536743164,,,,,,,26.0,3.0,112.0,1.0,0.0,0.0,0.0,0.0,2018,11,Primavera,Bosque cerrado perennifolio latifolio,1,1,0,0,,10–20 m,872_gt3l_1770224,296941.6,5281213.3,BOSQUE_NW_02,operacional,SI,,2018-11-24,NO,1124.68,21.610,21.813,4.74,PASA
BOSQUE_NW_02(3),ATL08_20181124182732_08720113_007_02.h5,2018-11-24T18:27:32Z,gt3l,-71.47510528564453,-42.59388732910156,28319368.106712792,872.0,1.0,13.0,007,02,1073.0,1.0,1770229.0,1770233.0,1138.0985107421875,,21.2056884765625,,23.7332763671875,5.859900951385498,,,,,,,34.0,4.0,112.0,1.0,0.0,0.0,0.0,0.0,2018,11,Primavera,Bosque cerrado perennifolio latifolio,1,1,0,0,,20–30 m,872_gt3l_1770229,296929.3,5281312.2,BOSQUE_NW_02,operacional,SI,,2018-11-24,NO,1120.83,21.607,21.810,-4.34,PASA
BOSQUE_NW_02(3),ATL08_20181124182732_08720113_007_02.h5,2018-11-24T18:27:32Z,gt3l,-71.47545623779297,-42.59120178222656,28319368.149019603,872.0,1.0,13.0,007,02,1073.0,1.0,1770244.0,1770248.0,1137.167236328125,94.91068267822266,15.551025390625,59.82787322998047,16.78271484375,3.7038705348968506,,,,,,,59.0,12.0,126.0,1.0,0.0,0.0,0.0,0.0,2018,11,Primavera,Bosque abierto desconocido,1,1,1,1,3.8471979645823193,10–20 m,872_gt3l_1770244,296891.8,5281609.6,BOSQUE_NW_02,operacional,SI,,2018-11-24,NO,1116.87,21.598,21.798,-1.30,PASA
BOSQUE_NW_02(3),ATL08_20181124182732_08720113_007_02.h5,2018-11-24T18:27:32Z,gt3l,-71.4758071899414,-42.58851623535156,28319368.19132906,872.0,1.0,13.0,007,02,1073.0,1.0,1770259.0,1770263.0,1127.2591552734375,,14.64208984375,,17.2076416015625,4.151437759399414,,,,,,,67.0,4.0,126.0,1.0,0.0,0.0,0.0,0.0,2018,11,Primavera,Bosque abierto desconocido,1,1,0,0,,10–20 m,872_gt3l_1770259,296854.2,5281907.0,BOSQUE_NW_02,operacional,SI,,2018-11-24,NO,1105.87,21.590,21.787,-0.20,PASA
BOSQUE_NW_02(3),ATL08_20181124182732_08720113_007_02.h5,2018-11-24T18:27:32Z,gt3l,-71.47616577148438,-42.58583450317383,28319368.23354092,872.0,1.0,13.0,007,02,1073.0,1.0,1770274.0,1770278.0,1129.1004638671875,,16.3541259765625,,20.114013671875,3.191250801086426,,,,,,,34.0,2.0,20.0,1.0,0.0,0.0,0.0,0.0,2018,11,Primavera,Arbustos,1,1,0,0,,10–20 m,872_gt3l_1770274,296816.1,5282203.9,BOSQUE_NW_02,operacional,SI,,2018-11-24,NO,1112.56,21.581,21.776,-5.04,DESCARTADO
BOSQUE_NW_02(3),ATL08_20181124182732_08720113_007_02.h5,2018-11-24T18:27:32Z,gt3l,-71.47650909423828,-42.582969665527344,28319368.278664306,872.0,1.0,13.0,007,02,1073.0,1.0,1770290.0,1770293.0,990.35302734375,36.68870162963867,20.3675537109375,42.841400146484375,21.7454833984375,6.008644104003906,,,,,,,44.0,27.0,20.0,1.0,0.0,0.0,0.0,0.0,2018,11,Primavera,Arbustos,1,1,1,1,2.1034141239788795,20–30 m,872_gt3l_1770290,296778.6,5282521.2,BOSQUE_NW_02,operacional,SI,,2018-11-24,NO,967.16,21.572,21.765,1.62,PASA
BOSQUE_NW_02(3),ATL08_20181124182732_08720113_007_02.h5,2018-11-24T18:27:32Z,gt3l,-71.47705841064453,-42.57867431640625,28319368.34638615,872.0,1.0,13.0,007,02,1073.0,1.0,1770314.0,1770318.0,915.3160400390625,,18.8597412109375,,19.30804443359375,4.821512699127197,,,,,,,53.0,4.0,20.0,1.0,0.0,0.0,0.0,0.0,2018,11,Primavera,Arbustos,1,1,0,0,,10–20 m,872_gt3l_1770314,296719.6,5282996.9,BOSQUE_NW_02,operacional,SI,,2018-11-24,NO,902.73,21.556,21.751,-8.97,DESCARTADO
BOSQUE_NW_02(3),ATL08_20181124182732_08720113_007_02.h5,2018-11-24T18:27:32Z,gt3l,-71.47798156738281,-42.57151794433594,28319368.45912292,872.0,1.0,13.0,007,02,1073.0,1.0,1770354.0,1770358.0,861.7471313476562,26.953641891479492,11.00250244140625,28.51154899597168,11.4185791015625,3.318183660507202,,,,,,,43.0,32.0,20.0,1.0,0.0,0.0,0.0,0.0,2018,11,Primavera,Arbustos,1,1,1,1,2.5913694768812583,10–20 m,872_gt3l_1770354,296620.6,5283789.4,BOSQUE_NW_02,operacional,SI,,2018-11-24,NO,840.53,21.530,21.729,-0.31,PASA
BOSQUE_NW_02(3),ATL08_20181124182732_08720113_007_02.h5,2018-11-24T18:27:32Z,gt3l,-71.47833251953125,-42.56883239746094,28319368.501416147,872.0,1.0,13.0,007,02,1073.0,1.0,1770369.0,1770373.0,842.0697021484375,,8.357177734375,,9.5885009765625,1.9564471244812012,,,,,,,37.0,4.0,126.0,1.0,0.0,0.0,0.0,0.0,2018,11,Primavera,Bosque abierto desconocido,1,1,0,0,,5–10 m,872_gt3l_1770369,296583.0,5284086.8,BOSQUE_NW_02,operacional,SI,,2018-11-24,NO,822.24,21.520,21.721,-1.69,PASA
BOSQUE_NW_02(3),ATL08_20181124182732_08720113_007_02.h5,2018-11-24T18:27:32Z,gt3l,-71.47868347167969,-42.5661506652832,28319368.543662895,872.0,1.0,13.0,007,02,1073.0,1.0,1770384.0,1770388.0,827.948486328125,,12.13983154296875,,15.94097900390625,2.7303013801574707,,,,,,,39.0,2.0,126.0,1.0,0.0,0.0,0.0,0.0,2018,11,Primavera,Bosque abierto desconocido,1,1,0,0,,10–20 m,872_gt3l_1770384,296545.5,5284383.7,BOSQUE_NW_02,operacional,SI,,2018-11-24,NO,811.99,21.510,21.713,-5.55,DESCARTADO
BOSQUE_NW_02(3),ATL08_20181124182732_08720113_007_02.h5,2018-11-24T18:27:32Z,gt3l,-71.4790267944336,-42.5634651184082,28319368.585959155,872.0,1.0,13.0,007,02,1073.0,1.0,1770399.0,1770403.0,813.176513671875,90.33970642089844,9.859375,32.97922134399414,10.87835693359375,2.4128787517547607,,,,,,,39.0,9.0,126.0,1.0,0.0,0.0,0.0,0.0,2018,11,Primavera,Bosque abierto desconocido,1,1,1,1,3.3449606434479002,5–10 m,872_gt3l_1770399,296508.6,5284681.1,BOSQUE_NW_02,operacional,SI,,2018-11-24,NO,794.11,21.500,21.704,-2.43,PASA
BOSQUE_NW_02(3),ATL08_20181124182732_08720113_007_02.h5,2018-11-24T18:27:32Z,gt3l,-71.4791488647461,-42.56256866455078,28319368.600058645,872.0,1.0,13.0,007,02,1073.0,1.0,1770404.0,1770408.0,814.8046264648438,,9.39483642578125,,10.20562744140625,2.3240416049957275,,,,,,,36.0,5.0,126.0,1.0,0.0,0.0,0.0,0.0,2018,11,Primavera,Bosque abierto desconocido,1,1,0,0,,5–10 m,872_gt3l_1770404,296495.6,5284780.4,BOSQUE_NW_02,operacional,SI,,2018-11-24,NO,794.19,21.497,21.701,-0.88,PASA
BOSQUE_NW_02(3),ATL08_20181124182732_08720113_007_02.h5,2018-11-24T18:27:32Z,gt3r,-71.46127319335938,-42.6904182434082,28319366.935046982,872.0,1.0,13.0,007,02,1073.0,1.0,1769689.0,1769693.0,1039.7874755859375,13.874659538269043,5.6221923828125,9.097268104553223,7.7357177734375,1.459049940109253,,,,,,,88.0,75.0,30.0,1.0,0.0,0.0,0.0,0.0,2018,11,Primavera,Herbáceas,1,1,1,1,1.6180997527520247,5–10 m,872_gt3r_1769689,298376.3,5270625.5,BOSQUE_NW_02,operacional,SI,,2018-11-24,NO,1019.26,21.794,22.008,-1.27,PASA
BOSQUE_NW_02(3),ATL08_20181124182732_08720113_007_02.h5,2018-11-24T18:27:32Z,gt3r,-71.46234130859375,-42.68236541748047,28319367.061995197,872.0,1.0,13.0,007,02,1073.0,1.0,1769734.0,1769738.0,1033.2698974609375,4.132876873016357,10.80078125,5.780725479125977,10.8946533203125,2.6093506813049316,,,,,,,63.0,250.0,116.0,1.0,0.0,0.0,0.0,0.0,2018,11,Primavera,Bosque cerrado desconocido,1,1,1,1,0.5352136429136528,10–20 m,872_gt3r_1769734,298262.8,5271517.3,BOSQUE_NW_02,operacional,SI,,2018-11-24,NO,1011.54,21.790,22.008,-0.06,PASA
BOSQUE_NW_02(3),ATL08_20181124182732_08720113_007_02.h5,2018-11-24T18:27:32Z,gt3r,-71.46305847167969,-42.677001953125,28319367.146472644,872.0,1.0,13.0,007,02,1073.0,1.0,1769764.0,1769768.0,1068.072998046875,10.781854629516602,3.5545654296875,11.198505401611328,4.259765625,0.7199345827102661,,,,,,,148.0,99.0,116.0,1.0,0.0,0.0,0.0,0.0,2018,11,Primavera,Bosque cerrado desconocido,1,1,1,1,3.150456961090697,2–5 m,872_gt3r_1769764,298186.6,5272111.2,BOSQUE_NW_02,operacional,SI,,2018-11-24,NO,1045.73,21.788,22.004,0.56,PASA
BOSQUE_NW_02(3),ATL08_20181124182732_08720113_007_02.h5,2018-11-24T18:27:32Z,gt3r,-71.46328735351562,-42.675209045410156,28319367.1746383,872.0,1.0,13.0,007,02,1073.0,1.0,1769774.0,1769778.0,1075.9674072265625,10.447638511657715,5.01513671875,9.959814071655273,6.4224853515625,1.0450512170791626,,,,,,,139.0,103.0,116.0,1.0,0.0,0.0,0.0,0.0,2018,11,Primavera,Bosque cerrado desconocido,1,1,1,1,1.9859506590156752,5–10 m,872_gt3r_1769774,298162.1,5272309.7,BOSQUE_NW_02,operacional,SI,,2018-11-24,NO,1054.07,21.787,22.003,0.11,PASA
BOSQUE_NW_02(3),ATL08_20181124182732_08720113_007_02.h5,2018-11-24T18:27:32Z,gt3r,-71.4634017944336,-42.67431640625,28319367.188713796,872.0,1.0,13.0,007,02,1073.0,1.0,1769779.0,1769783.0,1078.912109375,9.807942390441895,3.7408447265625,9.792929649353027,5.2222900390625,0.8984578251838684,,,,,,,110.0,110.0,116.0,1.0,0.0,0.0,0.0,0.0,2018,11,Primavera,Bosque cerrado desconocido,1,1,1,1,2.6178391152716594,2–5 m,872_gt3r_1769779,298149.8,5272408.6,BOSQUE_NW_02,operacional,SI,,2018-11-24,NO,1057.24,21.786,22.002,-0.11,PASA
BOSQUE_NW_02(3),ATL08_20181124182732_08720113_007_02.h5,2018-11-24T18:27:32Z,gt3r,-71.4635238647461,-42.673423767089844,28319367.202848047,872.0,1.0,13.0,007,02,1073.0,1.0,1769784.0,1769788.0,1082.70458984375,9.66612720489502,3.588134765625,10.795487403869629,5.3856201171875,0.7615827918052673,,,,,,,115.0,112.0,116.0,1.0,0.0,0.0,0.0,0.0,2018,11,Primavera,Bosque cerrado desconocido,1,1,1,1,3.0086627479247467,2–5 m,872_gt3r_1769784,298136.9,5272507.4,BOSQUE_NW_02,operacional,SI,,2018-11-24,NO,1061.30,21.786,22.001,-0.38,PASA
BOSQUE_NW_02(3),ATL08_20181124182732_08720113_007_02.h5,2018-11-24T18:27:32Z,gt3r,-71.4636459350586,-42.67252731323242,28319367.21698477,872.0,1.0,13.0,007,02,1073.0,1.0,1769789.0,1769793.0,1086.2113037109375,11.43546199798584,5.5653076171875,8.892748832702637,5.8173828125,1.2080819606781006,,,,,,,94.0,95.0,116.0,1.0,0.0,0.0,0.0,0.0,2018,11,Primavera,Bosque cerrado desconocido,1,1,1,1,1.5978899001447655,5–10 m,872_gt3r_1769789,298124.0,5272606.7,BOSQUE_NW_02,operacional,SI,,2018-11-24,NO,1063.92,21.786,22.001,0.51,PASA
BOSQUE_NW_02(3),ATL08_20181124182732_08720113_007_02.h5,2018-11-24T18:27:32Z,gt3r,-71.46376037597656,-42.671634674072266,28319367.231055316,872.0,1.0,13.0,007,02,1073.0,1.0,1769794.0,1769798.0,1091.767333984375,22.259164810180664,5.1632080078125,12.464984893798828,5.976806640625,1.2980972528457642,,,,,,,101.0,49.0,116.0,1.0,0.0,0.0,0.0,0.0,2018,11,Primavera,Bosque cerrado desconocido,1,1,1,1,2.4141938258032485,5–10 m,872_gt3r_1769794,298111.7,5272705.5,BOSQUE_NW_02,operacional,SI,,2018-11-24,NO,1068.29,21.785,22.000,1.69,PASA
BOSQUE_NW_02(3),ATL08_20181124182732_08720113_007_02.h5,2018-11-24T18:27:32Z,gt3r,-71.46446228027344,-42.66626739501953,28319367.315509304,872.0,1.0,13.0,007,02,1073.0,1.0,1769824.0,1769828.0,1098.4781494140625,11.095349311828613,4.5960693359375,9.971929550170898,6.7930908203125,1.1183346509933472,,,,,,,113.0,99.0,116.0,1.0,0.0,0.0,0.0,0.0,2018,11,Primavera,Bosque cerrado desconocido,1,1,1,1,2.169664733340416,2–5 m,872_gt3r_1769824,298036.8,5273299.9,BOSQUE_NW_02,operacional,SI,,2018-11-24,NO,1077.08,21.782,21.995,-0.38,PASA
BOSQUE_NW_02(3),ATL08_20181124182732_08720113_007_02.h5,2018-11-24T18:27:32Z,gt3r,-71.46846771240234,-42.6358528137207,28319367.794947483,872.0,1.0,13.0,007,02,1073.0,1.0,1769994.0,1769998.0,1131.5028076171875,28.27950668334961,20.0115966796875,17.524221420288086,20.799072265625,5.000833034515381,,,,,,,141.0,40.0,112.0,1.0,0.0,0.0,0.0,0.0,2018,11,Primavera,Bosque cerrado perennifolio latifolio,1,1,1,1,0.8757033084759204,20–30 m,872_gt3r_1769994,297609.9,5276667.8,BOSQUE_NW_02,operacional,SI,,2018-11-24,NO,1109.06,21.728,21.946,0.72,PASA
BOSQUE_NW_02(3),ATL08_20181124182732_08720113_007_02.h5,2018-11-24T18:27:32Z,gt3r,-71.46952819824219,-42.62779998779297,28319367.921573076,872.0,1.0,13.0,007,02,1073.0,1.0,1770039.0,1770043.0,1143.7152099609375,16.32410430908203,17.543701171875,15.305469512939453,22.3916015625,4.971524238586426,,,,,,,137.0,70.0,112.0,1.0,0.0,0.0,0.0,0.0,2018,11,Primavera,Bosque cerrado perennifolio latifolio,1,1,1,1,0.8724196429813941,10–20 m,872_gt3r_1770039,297496.9,5277559.6,BOSQUE_NW_02,operacional,SI,,2018-11-24,NO,1119.54,21.713,21.923,2.46,PASA
BOSQUE_NW_02(3),ATL08_20181124182732_08720113_007_02.h5,2018-11-24T18:27:32Z,gt3r,-71.47010803222656,-42.62332534790039,28319367.992061343,872.0,1.0,13.0,007,02,1073.0,1.0,1770064.0,1770068.0,1102.7000732421875,16.007352828979492,9.03076171875,12.418497085571289,10.8018798828125,2.5679121017456055,,,,,,,120.0,69.0,114.0,1.0,0.0,0.0,0.0,0.0,2018,11,Primavera,Bosque cerrado caducifolio latifolio,1,1,1,1,1.3751328484049743,5–10 m,872_gt3r_1770064,297434.8,5278055.1,BOSQUE_NW_02,operacional,SI,,2018-11-24,NO,1078.20,21.702,21.910,2.80,PASA
BOSQUE_NW_02(3),ATL08_20181124182732_08720113_007_02.h5,2018-11-24T18:27:32Z,gt3r,-71.47022247314453,-42.622432708740234,28319368.006182797,872.0,1.0,13.0,007,02,1073.0,1.0,1770069.0,1770073.0,1092.6693115234375,15.600823402404785,9.1331787109375,14.89766788482666,10.2601318359375,2.146977186203003,,,,,,,142.0,70.0,112.0,1.0,0.0,0.0,0.0,0.0,2018,11,Primavera,Bosque cerrado perennifolio latifolio,1,1,1,1,1.631159134878841,5–10 m,872_gt3r_1770069,297422.5,5278153.9,BOSQUE_NW_02,operacional,SI,,2018-11-24,NO,1069.65,21.699,21.907,1.32,PASA
BOSQUE_NW_02(3),ATL08_20181124182732_08720113_007_02.h5,2018-11-24T18:27:32Z,gt3r,-71.470458984375,-42.620643615722656,28319368.034348387,872.0,1.0,13.0,007,02,1073.0,1.0,1770079.0,1770083.0,1116.0596923828125,79.77622985839844,22.2271728515625,17.85658836364746,23.76806640625,5.382552146911621,,,,,,,140.0,14.0,112.0,1.0,0.0,0.0,0.0,0.0,2018,11,Primavera,Bosque cerrado perennifolio latifolio,1,1,1,1,0.8033675035011121,20–30 m,872_gt3r_1770079,297397.3,5278352.1,BOSQUE_NW_02,operacional,SI,,2018-11-24,NO,1099.16,21.694,21.902,-4.80,PASA
BOSQUE_NW_02(3),ATL08_20181124182732_08720113_007_02.h5,2018-11-24T18:27:32Z,gt3r,-71.47139739990234,-42.613487243652344,28319368.147031672,872.0,1.0,13.0,007,02,1073.0,1.0,1770119.0,1770123.0,1096.3846435546875,23.353185653686523,3.609619140625,15.080401420593262,4.5421142578125,0.8161680698394775,,,,,,,115.0,47.0,116.0,1.0,0.0,0.0,0.0,0.0,2018,11,Primavera,Bosque cerrado desconocido,1,1,1,1,4.177837282296246,2–5 m,872_gt3r_1770119,297297.1,5279144.5,BOSQUE_NW_02,operacional,SI,,2018-11-24,NO,1072.53,21.671,21.879,2.18,PASA
BOSQUE_NW_02(3),ATL08_20181124182732_08720113_007_02.h5,2018-11-24T18:27:32Z,gt3r,-71.47163391113281,-42.611698150634766,28319368.17530705,872.0,1.0,13.0,007,02,1073.0,1.0,1770129.0,1770133.0,1092.874755859375,15.607794761657715,3.5657958984375,14.876766204833984,4.658935546875,0.7481815814971924,,,,,,,130.0,70.0,114.0,1.0,0.0,0.0,0.0,0.0,2018,11,Primavera,Bosque cerrado caducifolio latifolio,1,1,1,1,4.172074518160967,2–5 m,872_gt3r_1770129,297271.9,5279342.6,BOSQUE_NW_02,operacional,SI,,2018-11-24,NO,1068.00,21.665,21.874,3.21,PASA
BOSQUE_NW_02(3),ATL08_20181124182732_08720113_007_02.h5,2018-11-24T18:27:32Z,gt3r,-71.47232818603516,-42.606327056884766,28319368.259746376,872.0,1.0,13.0,007,02,1073.0,1.0,1770159.0,1770163.0,1065.8360595703125,106.74104309082031,7.898681640625,7.998655796051025,8.350341796875,1.9273515939712524,,,,,,,46.0,10.0,116.0,1.0,0.0,0.0,0.0,0.0,2018,11,Primavera,Bosque cerrado desconocido,1,1,1,1,1.0126570686064662,5–10 m,872_gt3r_1770159,297197.5,5279937.4,BOSQUE_NW_02,operacional,SI,,2018-11-24,NO,1044.25,21.648,21.857,-0.06,PASA
BOSQUE_NW_02(3),ATL08_20181124182732_08720113_007_02.h5,2018-11-24T18:27:32Z,gt3r,-71.473388671875,-42.5982780456543,28319368.386766046,872.0,1.0,13.0,007,02,1073.0,1.0,1770204.0,1770208.0,1116.3646240234375,39.87668228149414,21.67529296875,18.08625030517578,25.381591796875,5.438714504241943,,,,,,,146.0,28.0,112.0,1.0,0.0,0.0,0.0,0.0,2018,11,Primavera,Bosque cerrado perennifolio latifolio,1,1,1,1,0.8344178014687662,20–30 m,872_gt3r_1770204,297084.4,5280828.7,BOSQUE_NW_02,operacional,SI,,2018-11-24,NO,1096.55,21.623,21.829,-1.81,PASA
BOSQUE_NW_02(3),ATL08_20181124182732_08720113_007_02.h5,2018-11-24T18:27:32Z,gt3r,-71.47421264648438,-42.59201431274414,28319368.48538869,872.0,1.0,13.0,007,02,1073.0,1.0,1770239.0,1770243.0,1134.8896484375,8.79608154296875,2.9552001953125,10.711414337158203,6.233154296875,0.7591214776039124,,,,,,,132.0,129.0,126.0,1.0,0.0,0.0,0.0,0.0,2018,11,Primavera,Bosque abierto desconocido,1,1,1,1,3.6245985480606384,2–5 m,872_gt3r_1770239,296996.5,5281522.3,BOSQUE_NW_02,operacional,SI,,2018-11-24,NO,1114.49,21.603,21.803,-1.21,PASA
BOSQUE_NW_02(3),ATL08_20181124182732_08720113_007_02.h5,2018-11-24T18:27:32Z,gt3r,-71.47433471679688,-42.591121673583984,28319368.499420755,872.0,1.0,13.0,007,02,1073.0,1.0,1770244.0,1770248.0,1137.70849609375,8.429634094238281,6.300048828125,8.903088569641113,7.620361328125,1.3716391324996948,,,,,,,67.0,135.0,126.0,1.0,0.0,0.0,0.0,0.0,2018,11,Primavera,Bosque abierto desconocido,1,1,1,1,1.4131777090195698,5–10 m,872_gt3r_1770244,296983.5,5281621.2,BOSQUE_NW_02,operacional,SI,,2018-11-24,NO,1116.60,21.600,21.799,-0.49,PASA
BOSQUE_NW_02(3),ATL08_20181124182732_08720113_007_02.h5,2018-11-24T18:27:32Z,gt3r,-71.47492218017578,-42.586647033691406,28319368.569788832,872.0,1.0,13.0,007,02,1073.0,1.0,1770269.0,1770273.0,1130.3614501953125,10.85281753540039,9.932373046875,13.458066940307617,10.9656982421875,1.8871890306472778,,,,,,,144.0,104.0,20.0,1.0,0.0,0.0,0.0,0.0,2018,11,Primavera,Arbustos,1,1,1,1,1.354969942912273,5–10 m,872_gt3r_1770269,296920.8,5282116.7,BOSQUE_NW_02,operacional,SI,,2018-11-24,NO,1107.75,21.586,21.781,1.03,PASA
BOSQUE_NW_02(3),ATL08_20181124182732_08720113_007_02.h5,2018-11-24T18:27:32Z,gt3r,-71.47582244873047,-42.579490661621094,28319368.68272184,872.0,1.0,13.0,007,02,1073.0,1.0,1770309.0,1770313.0,924.1859130859375,,15.596435546875,,17.34429931640625,3.913949966430664,,,,,,,88.0,9.0,20.0,1.0,0.0,0.0,0.0,0.0,2018,11,Primavera,Arbustos,1,1,0,0,,10–20 m,872_gt3r_1770309,296823.7,5282909.2,BOSQUE_NW_02,operacional,SI,,2018-11-24,NO,909.00,21.561,21.755,-6.38,DESCARTADO
BOSQUE_NW_02(3),ATL08_20181124182732_08720113_007_02.h5,2018-11-24T18:27:32Z,gt3r,-71.47791290283203,-42.563385009765625,28319368.936547663,872.0,1.0,13.0,007,02,1073.0,1.0,1770399.0,1770403.0,827.8890380859375,13.155315399169922,9.97137451171875,10.052421569824219,10.8204345703125,2.3845536708831787,,,,,,,138.0,63.0,126.0,1.0,0.0,0.0,0.0,0.0,2018,11,Primavera,Bosque abierto desconocido,1,1,1,1,1.0081279725287842,5–10 m,872_gt3r_1770399,296599.8,5284692.7,BOSQUE_NW_02,operacional,SI,,2018-11-24,NO,807.79,21.502,21.705,-1.41,PASA
BOSQUE_NW_02(3),ATL08_20181124182732_08720113_007_02.h5,2018-11-24T18:27:32Z,gt3r,-71.47803497314453,-42.5624885559082,28319368.950608294,872.0,1.0,13.0,007,02,1073.0,1.0,1770404.0,1770408.0,825.42822265625,5.128689765930176,11.2327880859375,7.037951946258545,12.25665283203125,2.75872802734375,,,,,,,95.0,161.0,126.0,1.0,0.0,0.0,0.0,0.0,2018,11,Primavera,Bosque abierto desconocido,1,1,1,1,0.6265543240390572,10–20 m,872_gt3r_1770404,296586.8,5284791.9,BOSQUE_NW_02,operacional,SI,,2018-11-24,NO,802.70,21.498,21.702,1.22,PASA
BOSQUE_NW_02(3),ATL08_20181124182732_08720113_007_02.h5,2018-11-24T18:27:32Z,gt3r,-71.47838592529297,-42.55980682373047,28319368.99282794,872.0,1.0,13.0,007,02,1073.0,1.0,1770419.0,1770423.0,802.4064331054688,4.664090156555176,10.4259033203125,6.409050941467285,10.4259033203125,2.9169681072235107,,,,,,,34.0,172.0,20.0,1.0,0.0,0.0,0.0,0.0,2018,11,Primavera,Arbustos,1,1,1,1,0.6147238032584388,10–20 m,872_gt3r_1770419,296549.3,5285088.9,BOSQUE_NW_02,operacional,SI,,2018-11-24,NO,778.52,21.489,21.694,2.40,PASA
BOSQUE_NW_02(3),ATL08_20190223140731_08720213_007_01.h5,2019-02-23T14:07:31Z,gt1l,-71.5916748046875,-42.58130645751953,36166168.48769102,872.0,2.0,13.0,007,01,2460.0,0.0,1770347.0,1770348.0,916.8180541992188,,15.4525146484375,,16.33990478515625,4.002106666564941,,,,,,,80.0,7.0,112.0,1.0,0.0,0.0,0.0,0.0,2019,2,Verano,Bosque cerrado perennifolio latifolio,1,1,0,0,,10–20 m,872_gt1l_1770347,287322.0,5282422.9,BOSQUE_NW_02,operacional,SI,,2019-02-23,NO,897.77,21.470,21.730,-2.42,PASA
BOSQUE_NW_02(3),ATL08_20190223140731_08720213_007_01.h5,2019-02-23T14:07:31Z,gt1l,-71.59223175048828,-42.57693862915039,36166168.555213146,872.0,2.0,13.0,007,01,2460.0,0.0,1770369.0,1770373.0,847.5233764648438,24.93335723876953,14.62042236328125,14.71288013458252,17.32537841796875,3.8186283111572266,,,,,,,180.0,34.0,116.0,1.0,0.0,0.0,0.0,0.0,2019,2,Verano,Bosque cerrado desconocido,1,1,1,1,1.0063238782713606,10–20 m,872_gt1l_1770369,287261.4,5282906.5,BOSQUE_NW_02,operacional,SI,,2019-02-23,NO,826.01,21.464,21.741,0.05,PASA
BOSQUE_NW_02(3),ATL08_20190223140731_08720213_007_01.h5,2019-02-23T14:07:31Z,gt1l,-71.59245300292969,-42.57514953613281,36166168.58344219,872.0,2.0,13.0,007,01,2460.0,0.0,1770379.0,1770383.0,815.48193359375,50.97933578491211,14.9471435546875,17.064577102661133,15.5628662109375,4.148510932922363,,,,,,,104.0,16.0,112.0,1.0,0.0,0.0,0.0,0.0,2019,2,Verano,Bosque cerrado perennifolio latifolio,1,1,1,1,1.1416614177970876,10–20 m,872_gt1l_1770379,287237.2,5283104.6,BOSQUE_NW_02,operacional,SI,,2019-02-23,NO,795.88,21.462,21.745,-1.86,PASA
BOSQUE_NW_02(3),ATL08_20190223140731_08720213_007_01.h5,2019-02-23T14:07:31Z,gt1r,-71.59039306640625,-42.58204650878906,36166168.82438081,872.0,2.0,13.0,007,01,2460.0,0.0,1770340.0,1770344.0,907.2846069335938,,24.24468994140625,,24.7659912109375,5.420629024505615,,,,,,,65.0,2.0,116.0,1.0,0.0,0.0,0.0,0.0,2019,2,Verano,Bosque cerrado desconocido,1,1,0,0,,20–30 m,872_gt1r_1770340,287429.7,5282343.9,BOSQUE_NW_02,operacional,SI,,2019-02-23,NO,891.21,21.471,21.725,-5.39,DESCARTADO
BOSQUE_NW_02(3),ATL08_20190223140731_08720213_007_01.h5,2019-02-23T14:07:31Z,gt1r,-71.59085083007812,-42.578468322753906,36166168.88073767,872.0,2.0,13.0,007,01,2460.0,0.0,1770360.0,1770364.0,881.0015258789062,,18.8194580078125,,20.18975830078125,5.0047607421875,,,,,,,51.0,5.0,112.0,1.0,0.0,0.0,0.0,0.0,2019,2,Verano,Bosque cerrado perennifolio latifolio,1,1,0,0,,10–20 m,872_gt1r_1770360,287379.9,5282740.1,BOSQUE_NW_02,operacional,SI,,2019-02-23,NO,859.91,21.466,21.733,-0.38,PASA
BOSQUE_NW_02(3),ATL08_20190223140731_08720213_007_01.h5,2019-02-23T14:07:31Z,gt1r,-71.5909652709961,-42.577571868896484,36166168.894783214,872.0,2.0,13.0,007,01,2460.0,0.0,1770365.0,1770369.0,869.1124877929688,,26.14849853515625,,26.7000732421875,5.764382362365723,,,,,,,61.0,4.0,112.0,1.0,0.0,0.0,0.0,0.0,2019,2,Verano,Bosque cerrado perennifolio latifolio,1,1,0,0,,20–30 m,872_gt1r_1770365,287367.5,5282839.4,BOSQUE_NW_02,operacional,SI,,2019-02-23,NO,850.11,21.464,21.736,-2.46,PASA
BOSQUE_NW_02(3),ATL08_20190223140731_08720213_007_01.h5,2019-02-23T14:07:31Z,gt1r,-71.59109497070312,-42.57667922973633,36166168.9089316,872.0,2.0,13.0,007,01,2460.0,0.0,1770370.0,1770374.0,847.1800537109375,,22.44036865234375,,24.63214111328125,5.020965099334717,,,,,,,86.0,1.0,112.0,1.0,0.0,0.0,0.0,0.0,2019,2,Verano,Bosque cerrado perennifolio latifolio,1,1,0,0,,20–30 m,872_gt1r_1770370,287353.8,5282938.2,BOSQUE_NW_02,operacional,SI,,2019-02-23,NO,836.20,21.463,21.738,-10.48,DESCARTADO
BOSQUE_NW_02(3),ATL08_20190223140731_08720213_007_01.h5,2019-02-23T14:07:31Z,gt1r,-71.59156036376953,-42.57310104370117,36166168.96534052,872.0,2.0,13.0,007,01,2460.0,0.0,1770390.0,1770394.0,797.211669921875,,21.98638916015625,,22.54766845703125,4.438068866729736,,,,,,,71.0,4.0,112.0,1.0,0.0,0.0,0.0,0.0,2019,2,Verano,Bosque cerrado perennifolio latifolio,1,1,0,0,,20–30 m,872_gt1r_1770390,287303.5,5283334.4,BOSQUE_NW_02,operacional,SI,,2019-02-23,NO,781.07,21.458,21.747,-5.32,DESCARTADO
BOSQUE_NW_02(3),ATL08_20190223140731_08720213_007_01.h5,2019-02-23T14:07:31Z,gt2l,-71.53719329833984,-42.690589904785156,36166166.70255646,872.0,2.0,13.0,007,01,2460.0,0.0,1769718.0,1769722.0,1491.352783203125,,17.9176025390625,,18.6322021484375,3.7268741130828857,,,,,,,65.0,7.0,122.0,1.0,0.0,0.0,0.0,0.0,2019,2,Verano,Bosque abierto perennifolio latifolio,1,1,0,0,,10–20 m,872_gt2l_1769718,292157.3,5270422.4,BOSQUE_NW_02,operacional,SI,,2019-02-23,NO,1474.49,21.745,21.979,-4.89,PASA
BOSQUE_NW_02(3),ATL08_20190223140731_08720213_007_01.h5,2019-02-23T14:07:31Z,gt2l,-71.53753662109375,-42.687904357910156,36166166.744769335,872.0,2.0,13.0,007,01,2460.0,0.0,1769733.0,1769737.0,1452.5919189453125,,18.689453125,,19.7069091796875,4.124239921569824,,,,,,,70.0,5.0,112.0,1.0,0.0,0.0,0.0,0.0,2019,2,Verano,Bosque cerrado perennifolio latifolio,1,1,0,0,,10–20 m,872_gt2l_1769733,292120.2,5270719.8,BOSQUE_NW_02,operacional,SI,,2019-02-23,NO,1434.51,21.740,21.974,-3.66,PASA
BOSQUE_NW_02(3),ATL08_20190223140731_08720213_007_01.h5,2019-02-23T14:07:31Z,gt2l,-71.5379867553711,-42.684326171875,36166166.801126994,872.0,2.0,13.0,007,01,2460.0,0.0,1769753.0,1769757.0,1372.254150390625,,18.930419921875,,21.3602294921875,4.637911796569824,,,,,,,57.0,9.0,116.0,1.0,0.0,0.0,0.0,0.0,2019,2,Verano,Bosque cerrado desconocido,1,1,0,0,,10–20 m,872_gt2l_1769753,292071.4,5271116.1,BOSQUE_NW_02,operacional,SI,,2019-02-23,NO,1353.56,21.733,21.968,-3.04,PASA
BOSQUE_NW_02(3),ATL08_20190223140731_08720213_007_01.h5,2019-02-23T14:07:31Z,gt2l,-71.538330078125,-42.681640625,36166166.84334167,872.0,2.0,13.0,007,01,2460.0,0.0,1769768.0,1769771.0,1301.4482421875,118.82421112060547,23.997802734375,44.23554611206055,25.834228515625,5.601846694946289,,,,,,,61.0,11.0,116.0,1.0,0.0,0.0,0.0,0.0,2019,2,Verano,Bosque cerrado desconocido,1,1,1,1,1.8433165153364872,20–30 m,872_gt2l_1769768,292034.3,5271413.4,BOSQUE_NW_02,operacional,SI,,2019-02-23,NO,1287.92,21.727,21.966,-8.20,DESCARTADO
BOSQUE_NW_02(3),ATL08_20190223140731_08720213_007_01.h5,2019-02-23T14:07:31Z,gt2l,-71.53844451904297,-42.68074417114258,36166166.85739252,872.0,2.0,13.0,007,01,2460.0,0.0,1769773.0,1769777.0,1265.830078125,,22.3707275390625,,23.9820556640625,6.482814788818359,,,,,,,96.0,5.0,116.0,1.0,0.0,0.0,0.0,0.0,2019,2,Verano,Bosque cerrado desconocido,1,1,0,0,,20–30 m,872_gt2l_1769773,292022.0,5271512.7,BOSQUE_NW_02,operacional,SI,,2019-02-23,NO,1256.43,21.726,21.965,-12.32,DESCARTADO
BOSQUE_NW_02(3),ATL08_20190223140731_08720213_007_01.h5,2019-02-23T14:07:31Z,gt2l,-71.53913116455078,-42.675376892089844,36166166.94174313,872.0,2.0,13.0,007,01,2460.0,0.0,1769803.0,1769807.0,1117.8226318359375,,30.3314208984375,,30.548828125,7.360950946807861,,,,,,,65.0,5.0,116.0,1.0,0.0,0.0,0.0,0.0,2019,2,Verano,Bosque cerrado desconocido,1,1,0,0,,>30 m,872_gt2l_1769803,291947.8,5272107.1,BOSQUE_NW_02,operacional,SI,,2019-02-23,NO,1104.99,21.715,21.962,-8.88,DESCARTADO
BOSQUE_NW_02(3),ATL08_20190223140731_08720213_007_01.h5,2019-02-23T14:07:31Z,gt2l,-71.53937530517578,-42.673587799072266,36166166.97008567,872.0,2.0,13.0,007,01,2460.0,0.0,1769813.0,1769817.0,1098.260986328125,14.256265640258789,8.9913330078125,12.255475997924805,11.0972900390625,2.2400529384613037,,,,,,,69.0,77.0,116.0,1.0,0.0,0.0,0.0,0.0,2019,2,Verano,Bosque cerrado desconocido,1,1,1,1,1.363032154106195,5–10 m,872_gt2l_1769813,291921.8,5272305.1,BOSQUE_NW_02,operacional,SI,,2019-02-23,NO,1077.36,21.711,21.961,-0.81,PASA
BOSQUE_NW_02(3),ATL08_20190223140731_08720213_007_01.h5,2019-02-23T14:07:31Z,gt2l,-71.53948974609375,-42.67269515991211,36166166.98413883,872.0,2.0,13.0,007,01,2460.0,0.0,1769818.0,1769822.0,1105.5938720703125,,26.4014892578125,,26.4676513671875,7.159789085388184,,,,,,,64.0,7.0,116.0,1.0,0.0,0.0,0.0,0.0,2019,2,Verano,Bosque cerrado desconocido,1,1,0,0,,20–30 m,872_gt2l_1769818,291909.5,5272404.0,BOSQUE_NW_02,operacional,SI,,2019-02-23,NO,1092.71,21.709,21.961,-8.82,DESCARTADO
BOSQUE_NW_02(3),ATL08_20190223140731_08720213_007_01.h5,2019-02-23T14:07:31Z,gt2l,-71.53958892822266,-42.67197799682617,36166166.99530879,872.0,2.0,13.0,007,01,2460.0,0.0,1769823.0,1769827.0,1116.3873291015625,35.982818603515625,16.1795654296875,16.307714462280273,24.4627685546875,3.6628201007843018,,,,,,,113.0,31.0,112.0,1.0,0.0,0.0,0.0,0.0,2019,2,Verano,Bosque cerrado perennifolio latifolio,1,1,1,1,1.007920424880982,10–20 m,872_gt2l_1769823,291898.9,5272483.4,BOSQUE_NW_02,operacional,SI,,2019-02-23,NO,1091.37,21.708,21.960,3.31,PASA
BOSQUE_NW_02(3),ATL08_20190223140731_08720213_007_01.h5,2019-02-23T14:07:31Z,gt2l,-71.54338836669922,-42.6431770324707,36166167.44926804,872.0,2.0,13.0,007,01,2460.0,0.0,1769983.0,1769987.0,1156.1971435546875,24.55701446533203,6.353515625,16.872472763061523,7.26171875,1.6078298091888428,,,,,,,64.0,47.0,20.0,1.0,0.0,0.0,0.0,0.0,2019,2,Verano,Arbustos,1,1,1,1,2.6556120672264063,5–10 m,872_gt2l_1769983,291491.3,5275672.4,BOSQUE_NW_02,operacional,SI,,2019-02-23,NO,1133.47,21.636,21.869,1.09,PASA
BOSQUE_NW_02(3),ATL08_20190223140731_08720213_007_01.h5,2019-02-23T14:07:31Z,gt2l,-71.54350280761719,-42.64228439331055,36166167.4633212,872.0,2.0,13.0,007,01,2460.0,0.0,1769988.0,1769992.0,1139.2216796875,13.700874328613281,4.3692626953125,10.964248657226562,5.6605224609375,0.9996500611305237,,,,,,,109.0,83.0,30.0,1.0,0.0,0.0,0.0,0.0,2019,2,Verano,Herbáceas,1,1,1,1,2.5094047718827706,2–5 m,872_gt2l_1769988,291478.9,5275771.2,BOSQUE_NW_02,operacional,SI,,2019-02-23,NO,1116.53,21.633,21.865,1.05,PASA
BOSQUE_NW_02(3),ATL08_20190223140731_08720213_007_01.h5,2019-02-23T14:07:31Z,gt2l,-71.54396057128906,-42.638702392578125,36166167.5196464,872.0,2.0,13.0,007,01,2460.0,0.0,1770008.0,1770012.0,1064.7244873046875,17.457042694091797,9.475830078125,13.367060661315918,10.6534423828125,2.3307371139526367,,,,,,,83.0,61.0,126.0,1.0,0.0,0.0,0.0,0.0,2019,2,Verano,Bosque abierto desconocido,1,1,1,1,1.4106479908471388,5–10 m,872_gt2l_1770008,291429.4,5276167.9,BOSQUE_NW_02,operacional,SI,,2019-02-23,NO,1045.73,21.624,21.853,-2.63,PASA
BOSQUE_NW_02(3),ATL08_20190223140731_08720213_007_01.h5,2019-02-23T14:07:31Z,gt2l,-71.54464721679688,-42.63333511352539,36166167.60416941,872.0,2.0,13.0,007,01,2460.0,0.0,1770038.0,1770042.0,970.913818359375,,22.7100830078125,,24.836669921875,6.806917190551758,,,,,,,97.0,6.0,126.0,1.0,0.0,0.0,0.0,0.0,2019,2,Verano,Bosque abierto desconocido,1,1,0,0,,20–30 m,872_gt2l_1770038,291355.2,5276762.2,BOSQUE_NW_02,operacional,SI,,2019-02-23,NO,951.00,21.610,21.834,-1.70,PASA
BOSQUE_NW_02(3),ATL08_20190223140731_08720213_007_01.h5,2019-02-23T14:07:31Z,gt2l,-71.54475402832031,-42.63243865966797,36166167.61824547,872.0,2.0,13.0,007,01,2460.0,0.0,1770043.0,1770047.0,939.2156982421875,,16.60986328125,,18.03228759765625,3.840521812438965,,,,,,,99.0,9.0,126.0,1.0,0.0,0.0,0.0,0.0,2019,2,Verano,Bosque abierto desconocido,1,1,0,0,,10–20 m,872_gt2l_1770043,291343.4,5276861.5,BOSQUE_NW_02,operacional,SI,,2019-02-23,NO,920.15,21.608,21.833,-2.54,PASA
BOSQUE_NW_02(3),ATL08_20190223140731_08720213_007_01.h5,2019-02-23T14:07:31Z,gt2l,-71.54566955566406,-42.625282287597656,36166167.73089067,872.0,2.0,13.0,007,01,2460.0,0.0,1770083.0,1770087.0,898.1923217773438,5.346940994262695,16.3255615234375,6.747997283935547,17.626220703125,3.24955153465271,,,,,,,73.0,168.0,116.0,1.0,0.0,0.0,0.0,0.0,2019,2,Verano,Bosque cerrado desconocido,1,1,1,1,0.41333936809756316,10–20 m,872_gt2l_1770083,291244.4,5277654.0,BOSQUE_NW_02,operacional,SI,,2019-02-23,NO,877.42,21.590,21.824,-0.82,PASA
BOSQUE_NW_02(3),ATL08_20190223140731_08720213_007_01.h5,2019-02-23T14:07:31Z,gt2l,-71.54601287841797,-42.622596740722656,36166167.773209564,872.0,2.0,13.0,007,01,2460.0,0.0,1770098.0,1770102.0,897.6802368164062,8.015447616577148,16.1947021484375,10.943758010864258,16.1947021484375,4.8466925621032715,,,,,,,44.0,112.0,20.0,1.0,0.0,0.0,0.0,0.0,2019,2,Verano,Arbustos,1,1,1,1,0.6757616108376612,10–20 m,872_gt2l_1770098,291207.3,5277951.4,BOSQUE_NW_02,operacional,SI,,2019-02-23,NO,876.96,21.583,21.822,-0.86,PASA
BOSQUE_NW_02(3),ATL08_20190223140731_08720213_007_01.h5,2019-02-23T14:07:31Z,gt2l,-71.5463638305664,-42.61991500854492,36166167.81556661,872.0,2.0,13.0,007,01,2460.0,0.0,1770113.0,1770117.0,929.19873046875,27.231355667114258,9.7095947265625,9.602375984191895,10.72076416015625,2.627293348312378,,,,,,,69.0,34.0,116.0,1.0,0.0,0.0,0.0,0.0,2019,2,Verano,Bosque cerrado desconocido,1,1,1,1,0.9889574441168706,5–10 m,872_gt2l_1770113,291169.6,5278248.3,BOSQUE_NW_02,operacional,SI,,2019-02-23,NO,908.71,21.575,21.820,-1.08,PASA
BOSQUE_NW_02(3),ATL08_20190223140731_08720213_007_01.h5,2019-02-23T14:07:31Z,gt2l,-71.54706573486328,-42.61454772949219,36166167.900271684,872.0,2.0,13.0,007,01,2460.0,0.0,1770143.0,1770147.0,1037.5731201171875,51.79557418823242,11.135498046875,18.374414443969727,16.13427734375,2.2061879634857178,,,,,,,107.0,20.0,116.0,1.0,0.0,0.0,0.0,0.0,2019,2,Verano,Bosque cerrado desconocido,1,1,1,1,1.6500756739054177,10–20 m,872_gt2l_1770143,291094.0,5278842.6,BOSQUE_NW_02,operacional,SI,,2019-02-23,NO,1016.68,21.561,21.806,-0.66,PASA
BOSQUE_NW_02(3),ATL08_20190223140731_08720213_007_01.h5,2019-02-23T14:07:31Z,gt2l,-71.54730224609375,-42.61275863647461,36166167.928374104,872.0,2.0,13.0,007,01,2460.0,0.0,1770153.0,1770157.0,1046.3592529296875,,21.35693359375,,23.1019287109375,4.070395469665527,,,,,,,141.0,7.0,20.0,1.0,0.0,0.0,0.0,0.0,2019,2,Verano,Arbustos,1,1,0,0,,20–30 m,872_gt2l_1770153,291068.7,5279040.7,BOSQUE_NW_02,operacional,SI,,2019-02-23,NO,1033.22,21.557,21.798,-8.41,DESCARTADO
BOSQUE_NW_02(3),ATL08_20190223140731_08720213_007_01.h5,2019-02-23T14:07:31Z,gt2l,-71.54753112792969,-42.61096954345703,36166167.95667606,872.0,2.0,13.0,007,01,2460.0,0.0,1770163.0,1770167.0,1035.6689453125,,27.445068359375,,38.4093017578125,6.802693843841553,,,,,,,67.0,5.0,112.0,1.0,0.0,0.0,0.0,0.0,2019,2,Verano,Bosque cerrado perennifolio latifolio,1,1,0,0,,20–30 m,872_gt2l_1770163,291043.9,5279238.8,BOSQUE_NW_02,operacional,SI,,2019-02-23,NO,1024.74,21.552,21.790,-10.62,DESCARTADO
BOSQUE_NW_02(3),ATL08_20190223140731_08720213_007_01.h5,2019-02-23T14:07:31Z,gt2l,-71.54813385009766,-42.60649871826172,36166168.02721628,872.0,2.0,13.0,007,01,2460.0,0.0,1770188.0,1770192.0,1162.9954833984375,,18.712890625,,21.28125,4.736443042755127,,,,,,,105.0,4.0,112.0,1.0,0.0,0.0,0.0,0.0,2019,2,Verano,Bosque cerrado perennifolio latifolio,1,1,0,0,,10–20 m,872_gt2l_1770188,290979.5,5279733.8,BOSQUE_NW_02,operacional,SI,,2019-02-23,NO,1137.83,21.541,21.769,3.63,PASA
BOSQUE_NW_02(3),ATL08_20190223140731_08720213_007_01.h5,2019-02-23T14:07:31Z,gt2l,-71.5488510131836,-42.601131439208984,36166168.11196133,872.0,2.0,13.0,007,01,2460.0,0.0,1770218.0,1770222.0,1280.736328125,67.66523742675781,17.6434326171875,28.082698822021484,18.3028564453125,4.638113021850586,,,,,,,102.0,19.0,114.0,1.0,0.0,0.0,0.0,0.0,2019,2,Verano,Bosque cerrado caducifolio latifolio,1,1,1,1,1.591679999654063,10–20 m,872_gt2l_1770218,290902.7,5280328.1,BOSQUE_NW_02,operacional,SI,,2019-02-23,NO,1264.77,21.527,21.743,-5.56,DESCARTADO
BOSQUE_NW_02(3),ATL08_20190223140731_08720213_007_01.h5,2019-02-23T14:07:31Z,gt2l,-71.5489730834961,-42.60023880004883,36166168.12612389,872.0,2.0,13.0,007,01,2460.0,0.0,1770223.0,1770227.0,1301.5556640625,45.0323600769043,18.902587890625,31.4599609375,21.62158203125,5.291471004486084,,,,,,,88.0,29.0,114.0,1.0,0.0,0.0,0.0,0.0,2019,2,Verano,Bosque cerrado caducifolio latifolio,1,1,1,1,1.6643203099773975,10–20 m,872_gt2l_1770223,290889.7,5280426.9,BOSQUE_NW_02,operacional,SI,,2019-02-23,NO,1284.92,21.525,21.739,-4.89,PASA
BOSQUE_NW_02(3),ATL08_20190223140731_08720213_007_01.h5,2019-02-23T14:07:31Z,gt2l,-71.5492172241211,-42.59844970703125,36166168.1541169,872.0,2.0,13.0,007,01,2460.0,0.0,1770233.0,1770237.0,1301.4483642578125,34.31975555419922,19.2030029296875,25.048288345336914,23.3350830078125,5.137688159942627,,,,,,,99.0,38.0,114.0,1.0,0.0,0.0,0.0,0.0,2019,2,Verano,Bosque cerrado caducifolio latifolio,1,1,1,1,1.3043943406691203,10–20 m,872_gt2l_1770233,290863.7,5280625.0,BOSQUE_NW_02,operacional,SI,,2019-02-23,NO,1287.50,21.520,21.734,-7.57,DESCARTADO
BOSQUE_NW_02(3),ATL08_20190223140731_08720213_007_01.h5,2019-02-23T14:07:31Z,gt2l,-71.55086517333984,-42.5859260559082,36166168.351384215,872.0,2.0,13.0,007,01,2460.0,0.0,1770303.0,1770306.0,1139.2099609375,,22.749267578125,,23.873779296875,6.260468006134033,,,,,,,67.0,9.0,116.0,1.0,0.0,0.0,0.0,0.0,2019,2,Verano,Bosque cerrado desconocido,1,1,0,0,,20–30 m,872_gt2l_1770303,290686.6,5282011.6,BOSQUE_NW_02,operacional,SI,,2019-02-23,NO,1126.42,21.490,21.699,-8.69,DESCARTADO
BOSQUE_NW_02(3),ATL08_20190223140731_08720213_007_01.h5,2019-02-23T14:07:31Z,gt2l,-71.55097961425781,-42.58503341674805,36166168.36549464,872.0,2.0,13.0,007,01,2460.0,0.0,1770308.0,1770312.0,1135.968994140625,,21.088623046875,,26.511474609375,5.658404350280762,,,,,,,137.0,9.0,116.0,1.0,0.0,0.0,0.0,0.0,2019,2,Verano,Bosque cerrado desconocido,1,1,0,0,,20–30 m,872_gt2l_1770308,290674.2,5282110.5,BOSQUE_NW_02,operacional,SI,,2019-02-23,NO,1118.81,21.487,21.696,-4.33,PASA
BOSQUE_NW_02(3),ATL08_20190223140731_08720213_007_01.h5,2019-02-23T14:07:31Z,gt2l,-71.55107116699219,-42.58431625366211,36166168.37680308,872.0,2.0,13.0,007,01,2460.0,0.0,1770313.0,1770316.0,1129.2476806640625,53.70369338989258,22.72802734375,33.520713806152344,23.086669921875,6.574226379394531,,,,,,,101.0,21.0,116.0,1.0,0.0,0.0,0.0,0.0,2019,2,Verano,Bosque cerrado desconocido,1,1,1,1,1.4748624374288353,20–30 m,872_gt2l_1770313,290664.3,5282189.9,BOSQUE_NW_02,operacional,SI,,2019-02-23,NO,1108.48,21.486,21.694,-0.72,PASA
BOSQUE_NW_02(3),ATL08_20190223140731_08720213_007_01.h5,2019-02-23T14:07:31Z,gt2l,-71.55143737792969,-42.581451416015625,36166168.42170067,872.0,2.0,13.0,007,01,2460.0,0.0,1770328.0,1770332.0,1086.8131103515625,98.61862182617188,19.10302734375,12.947937965393066,23.17236328125,4.6816325187683105,,,,,,,98.0,11.0,40.0,1.0,0.0,0.0,0.0,0.0,2019,2,Verano,Cultivos/manejo,1,1,1,1,0.6777950809785803,10–20 m,872_gt2l_1770328,290624.6,5282507.1,BOSQUE_NW_02,operacional,SI,,2019-02-23,NO,1067.53,21.479,21.692,-2.20,PASA
BOSQUE_NW_02(3),ATL08_20190223140731_08720213_007_01.h5,2019-02-23T14:07:31Z,gt2l,-71.55167388916016,-42.57966232299805,36166168.45000923,872.0,2.0,13.0,007,01,2460.0,0.0,1770338.0,1770342.0,1024.7509765625,27.597957611083984,8.81494140625,13.546414375305176,9.031494140625,1.9278069734573364,,,,,,,60.0,37.0,116.0,1.0,0.0,0.0,0.0,0.0,2019,2,Verano,Bosque cerrado desconocido,1,1,1,1,1.536756031719105,5–10 m,872_gt2l_1770338,290599.2,5282705.2,BOSQUE_NW_02,operacional,SI,,2019-02-23,NO,1000.53,21.474,21.691,2.75,PASA
BOSQUE_NW_02(3),ATL08_20190223140731_08720213_007_01.h5,2019-02-23T14:07:31Z,gt2l,-71.55189514160156,-42.57787322998047,36166168.47801171,872.0,2.0,13.0,007,01,2460.0,0.0,1770348.0,1770352.0,982.851806640625,33.865596771240234,5.66278076171875,11.410489082336426,6.88262939453125,1.3662443161010742,,,,,,,80.0,29.0,116.0,1.0,0.0,0.0,0.0,0.0,2019,2,Verano,Bosque cerrado desconocido,1,1,1,1,2.0149975007814267,5–10 m,872_gt2l_1770348,290575.1,5282903.4,BOSQUE_NW_02,operacional,SI,,2019-02-23,NO,961.16,21.470,21.691,0.22,PASA
BOSQUE_NW_02(3),ATL08_20190223140731_08720213_007_01.h5,2019-02-23T14:07:31Z,gt2l,-71.552001953125,-42.57697677612305,36166168.49218169,872.0,2.0,13.0,007,01,2460.0,0.0,1770353.0,1770357.0,965.602783203125,33.39301681518555,4.44879150390625,12.01543140411377,6.03387451171875,1.086920976638794,,,,,,,70.0,29.0,126.0,1.0,0.0,0.0,0.0,0.0,2019,2,Verano,Bosque abierto desconocido,1,1,1,1,2.7008304150832085,2–5 m,872_gt2l_1770353,290563.3,5283002.6,BOSQUE_NW_02,operacional,SI,,2019-02-23,NO,944.64,21.468,21.690,-0.51,PASA
BOSQUE_NW_02(3),ATL08_20190223140731_08720213_007_01.h5,2019-02-23T14:07:31Z,gt2l,-71.55209350585938,-42.576263427734375,36166168.50341051,872.0,2.0,13.0,007,01,2460.0,0.0,1770358.0,1770362.0,957.1331787109375,45.817203521728516,12.42523193359375,14.031532287597656,13.66656494140625,3.119152307510376,,,,,,,98.0,21.0,126.0,1.0,0.0,0.0,0.0,0.0,2019,2,Verano,Bosque abierto desconocido,1,1,1,1,1.129277293380818,10–20 m,872_gt2l_1770358,290553.4,5283081.6,BOSQUE_NW_02,operacional,SI,,2019-02-23,NO,941.88,21.466,21.690,-6.21,DESCARTADO
BOSQUE_NW_02(3),ATL08_20190223140731_08720213_007_01.h5,2019-02-23T14:07:31Z,gt2l,-71.55235290527344,-42.57429504394531,36166168.53442885,872.0,2.0,13.0,007,01,2460.0,0.0,1770368.0,1770372.0,941.03759765625,31.404726028442383,6.47625732421875,14.660806655883789,13.56109619140625,1.8634679317474365,,,,,,,87.0,30.0,126.0,1.0,0.0,0.0,0.0,0.0,2019,2,Verano,Bosque abierto desconocido,1,1,1,1,2.2637776607575373,5–10 m,872_gt2l_1770368,290525.5,5283299.6,BOSQUE_NW_02,operacional,SI,,2019-02-23,NO,920.81,21.462,21.689,-1.23,PASA
BOSQUE_NW_02(3),ATL08_20190223140731_08720213_007_01.h5,2019-02-23T14:07:31Z,gt2l,-71.55245971679688,-42.57339859008789,36166168.548494376,872.0,2.0,13.0,007,01,2460.0,0.0,1770373.0,1770377.0,927.4750366210938,18.171661376953125,5.02423095703125,14.277997970581055,6.1444091796875,1.1728349924087524,,,,,,,92.0,51.0,126.0,1.0,0.0,0.0,0.0,0.0,2019,2,Verano,Bosque abierto desconocido,1,1,1,1,2.8418275538467146,5–10 m,872_gt2l_1770373,290513.7,5283398.9,BOSQUE_NW_02,operacional,SI,,2019-02-23,NO,905.80,21.460,21.689,0.21,PASA
BOSQUE_NW_02(3),ATL08_20190223140731_08720213_007_01.h5,2019-02-23T14:07:31Z,gt2l,-71.55450439453125,-42.55729293823242,36166168.802066974,872.0,2.0,13.0,007,01,2460.0,0.0,1770463.0,1770467.0,729.2559204101562,9.361515045166016,9.74505615234375,11.40927791595459,15.16680908203125,2.682394504547119,,,,,,,100.0,78.0,116.0,1.0,0.0,0.0,0.0,0.0,2019,2,Verano,Bosque cerrado desconocido,1,1,1,1,1.1707760055554512,5–10 m,872_gt2l_1770463,290291.9,5285182.3,BOSQUE_NW_02,operacional,SI,,2019-02-23,NO,709.10,21.422,21.689,-1.27,PASA
BOSQUE_NW_02(3),ATL08_20190223140731_08720213_007_01.h5,2019-02-23T14:07:31Z,gt2r,-71.53573608398438,-42.69247055053711,36166167.02254186,872.0,2.0,13.0,007,01,2460.0,0.0,1769707.0,1769711.0,1519.763427734375,,25.083984375,,25.4940185546875,5.04414176940918,,,,,,,59.0,5.0,30.0,1.0,0.0,0.0,0.0,0.0,2019,2,Verano,Herbáceas,1,1,0,0,,20–30 m,872_gt2r_1769707,292283.0,5270217.1,BOSQUE_NW_02,operacional,SI,,2019-02-23,NO,1500.98,21.750,21.984,-2.97,PASA
BOSQUE_NW_02(3),ATL08_20190223140731_08720213_007_01.h5,2019-02-23T14:07:31Z,gt2r,-71.53633117675781,-42.6879997253418,36166167.093019016,872.0,2.0,13.0,007,01,2460.0,0.0,1769732.0,1769736.0,1454.6236572265625,,25.50390625,,25.50390625,6.277496337890625,,,,,,,40.0,3.0,112.0,1.0,0.0,0.0,0.0,0.0,2019,2,Verano,Bosque cerrado perennifolio latifolio,1,1,0,0,,20–30 m,872_gt2r_1769732,292219.3,5270712.2,BOSQUE_NW_02,operacional,SI,,2019-02-23,NO,1435.78,21.741,21.977,-2.90,PASA
BOSQUE_NW_02(3),ATL08_20190223140731_08720213_007_01.h5,2019-02-23T14:07:31Z,gt2r,-71.53644561767578,-42.687103271484375,36166167.10704926,872.0,2.0,13.0,007,01,2460.0,0.0,1769737.0,1769739.0,1427.256103515625,,26.5263671875,,26.5263671875,7.716355800628662,,,,,,,25.0,3.0,112.0,1.0,0.0,0.0,0.0,0.0,2019,2,Verano,Bosque cerrado perennifolio latifolio,1,1,0,0,,20–30 m,872_gt2r_1769737,292207.0,5270811.4,BOSQUE_NW_02,operacional,SI,,2019-02-23,NO,1418.48,21.739,21.975,-12.96,DESCARTADO
BOSQUE_NW_02(3),ATL08_20190223140731_08720213_007_01.h5,2019-02-23T14:07:31Z,gt2r,-71.53715515136719,-42.68173599243164,36166167.191642694,872.0,2.0,13.0,007,01,2460.0,0.0,1769768.0,1769771.0,1303.9849853515625,,27.1171875,,27.1171875,6.162815570831299,,,,,,,32.0,4.0,116.0,1.0,0.0,0.0,0.0,0.0,2019,2,Verano,Bosque cerrado desconocido,1,1,0,0,,20–30 m,872_gt2r_1769768,292130.9,5271405.7,BOSQUE_NW_02,operacional,SI,,2019-02-23,NO,1292.37,21.729,21.968,-10.11,DESCARTADO
BOSQUE_NW_02(3),ATL08_20190223140731_08720213_007_01.h5,2019-02-23T14:07:31Z,gt2r,-71.53727722167969,-42.680843353271484,36166167.2057071,872.0,2.0,13.0,007,01,2460.0,0.0,1769773.0,1769776.0,1278.2696533203125,,29.9700927734375,,29.9700927734375,7.733709812164307,,,,,,,30.0,5.0,116.0,1.0,0.0,0.0,0.0,0.0,2019,2,Verano,Bosque cerrado desconocido,1,1,0,0,,20–30 m,872_gt2r_1769773,292117.9,5271504.6,BOSQUE_NW_02,operacional,SI,,2019-02-23,NO,1255.70,21.727,21.967,0.84,PASA
BOSQUE_NW_02(3),ATL08_20190223140731_08720213_007_01.h5,2019-02-23T14:07:31Z,gt2r,-71.53762817382812,-42.67816162109375,36166167.24803293,872.0,2.0,13.0,007,01,2460.0,0.0,1769787.0,1769791.0,1178.486083984375,,23.9129638671875,,24.0050048828125,6.157325744628906,,,,,,,44.0,2.0,116.0,1.0,0.0,0.0,0.0,0.0,2019,2,Verano,Bosque cerrado desconocido,1,1,0,0,,20–30 m,872_gt2r_1769787,292080.2,5271801.5,BOSQUE_NW_02,operacional,SI,,2019-02-23,NO,1163.01,21.722,21.964,-6.25,DESCARTADO
BOSQUE_NW_02(3),ATL08_20190223140731_08720213_007_01.h5,2019-02-23T14:07:31Z,gt2r,-71.53797912597656,-42.67547607421875,36166167.29028376,872.0,2.0,13.0,007,01,2460.0,0.0,1769802.0,1769806.0,1111.904541015625,,28.0482177734375,,28.0482177734375,7.462041854858398,,,,,,,39.0,2.0,114.0,1.0,0.0,0.0,0.0,0.0,2019,2,Verano,Bosque cerrado caducifolio latifolio,1,1,0,0,,20–30 m,872_gt2r_1769802,292042.5,5272098.9,BOSQUE_NW_02,operacional,SI,,2019-02-23,NO,1099.61,21.716,21.962,-9.42,DESCARTADO
BOSQUE_NW_02(3),ATL08_20190223140731_08720213_007_01.h5,2019-02-23T14:07:31Z,gt2r,-71.53810119628906,-42.674583435058594,36166167.304417074,872.0,2.0,13.0,007,01,2460.0,0.0,1769807.0,1769811.0,1103.3431396484375,,19.58544921875,,19.58544921875,4.2229084968566895,,,,,,,31.0,5.0,116.0,1.0,0.0,0.0,0.0,0.0,2019,2,Verano,Bosque cerrado desconocido,1,1,0,0,,10–20 m,872_gt2r_1769807,292029.5,5272197.7,BOSQUE_NW_02,operacional,SI,,2019-02-23,NO,1082.78,21.715,21.962,-1.15,PASA
BOSQUE_NW_02(3),ATL08_20190223140731_08720213_007_01.h5,2019-02-23T14:07:31Z,gt2r,-71.53821563720703,-42.67368698120117,36166167.31851219,872.0,2.0,13.0,007,01,2460.0,0.0,1769812.0,1769816.0,1094.17041015625,,16.333984375,,17.939697265625,3.7779183387756348,,,,,,,39.0,4.0,116.0,1.0,0.0,0.0,0.0,0.0,2019,2,Verano,Bosque cerrado desconocido,1,1,0,0,,10–20 m,872_gt2r_1769812,292017.2,5272297.0,BOSQUE_NW_02,operacional,SI,,2019-02-23,NO,1077.90,21.713,21.961,-5.45,DESCARTADO
BOSQUE_NW_02(3),ATL08_20190223140731_08720213_007_01.h5,2019-02-23T14:07:31Z,gt2r,-71.5384521484375,-42.671897888183594,36166167.34665222,872.0,2.0,13.0,007,01,2460.0,0.0,1769822.0,1769826.0,1123.314453125,,22.572509765625,,27.144775390625,6.074816703796387,,,,,,,43.0,3.0,112.0,1.0,0.0,0.0,0.0,0.0,2019,2,Verano,Bosque cerrado perennifolio latifolio,1,1,0,0,,20–30 m,872_gt2r_1769822,291991.8,5272495.1,BOSQUE_NW_02,operacional,SI,,2019-02-23,NO,1108.52,21.709,21.960,-6.92,DESCARTADO
BOSQUE_NW_02(3),ATL08_20190223140731_08720213_007_01.h5,2019-02-23T14:07:31Z,gt2r,-71.53857421875,-42.67100524902344,36166167.3607404,872.0,2.0,13.0,007,01,2460.0,0.0,1769827.0,1769831.0,1122.683837890625,74.7701644897461,18.930908203125,76.17415618896484,19.4263916015625,5.540698528289795,,,,,,,51.0,15.0,126.0,1.0,0.0,0.0,0.0,0.0,2019,2,Verano,Bosque abierto desconocido,1,1,1,1,4.023798297029958,10–20 m,872_gt2r_1769827,291978.8,5272593.9,BOSQUE_NW_02,operacional,SI,,2019-02-23,NO,1102.44,21.707,21.960,-1.47,PASA
BOSQUE_NW_02(3),ATL08_20190223140731_08720213_007_01.h5,2019-02-23T14:07:31Z,gt2r,-71.53938293457031,-42.66474151611328,36166167.459505565,872.0,2.0,13.0,007,01,2460.0,0.0,1769862.0,1769866.0,1065.34716796875,,17.6317138671875,,21.966064453125,3.625613212585449,,,,,,,27.0,1.0,20.0,1.0,0.0,0.0,0.0,0.0,2019,2,Verano,Arbustos,1,1,0,0,,10–20 m,872_gt2r_1769862,291891.7,5273287.5,BOSQUE_NW_02,operacional,SI,,2019-02-23,NO,1047.57,21.694,21.950,-3.92,PASA
BOSQUE_NW_02(3),ATL08_20190223140731_08720213_007_01.h5,2019-02-23T14:07:31Z,gt2r,-71.53949737548828,-42.663848876953125,36166167.4735608,872.0,2.0,13.0,007,01,2460.0,0.0,1769867.0,1769871.0,1073.1190185546875,35.764278411865234,19.93359375,33.19331359863281,19.9554443359375,5.747489929199219,,,,,,,65.0,30.0,30.0,1.0,0.0,0.0,0.0,0.0,2019,2,Verano,Herbáceas,1,1,1,1,1.665194646531452,10–20 m,872_gt2r_1769867,291879.3,5273386.4,BOSQUE_NW_02,operacional,SI,,2019-02-23,NO,1051.55,21.691,21.947,-0.12,PASA
BOSQUE_NW_02(3),ATL08_20190223140731_08720213_007_01.h5,2019-02-23T14:07:31Z,gt2r,-71.53961181640625,-42.6629524230957,36166167.487673186,872.0,2.0,13.0,007,01,2460.0,0.0,1769872.0,1769876.0,1088.776611328125,51.849273681640625,15.3043212890625,59.56083297729492,15.3043212890625,4.262757301330566,,,,,,,25.0,21.0,112.0,1.0,0.0,0.0,0.0,0.0,2019,2,Verano,Bosque cerrado perennifolio latifolio,1,1,1,1,3.8917657210882726,10–20 m,872_gt2r_1769872,291866.9,5273485.6,BOSQUE_NW_02,operacional,SI,,2019-02-23,NO,1066.56,21.689,21.944,0.53,PASA
BOSQUE_NW_02(3),ATL08_20190223140731_08720213_007_01.h5,2019-02-23T14:07:31Z,gt2r,-71.54248809814453,-42.640586853027344,36166167.840069056,872.0,2.0,13.0,007,01,2460.0,0.0,1769997.0,1770001.0,1135.973388671875,,25.6328125,,28.0692138671875,6.08144998550415,,,,,,,52.0,4.0,30.0,1.0,0.0,0.0,0.0,0.0,2019,2,Verano,Herbáceas,1,1,0,0,,20–30 m,872_gt2r_1769997,291556.5,5275962.2,BOSQUE_NW_02,operacional,SI,,2019-02-23,NO,1119.43,21.631,21.862,-5.09,DESCARTADO
BOSQUE_NW_02(3),ATL08_20190223140731_08720213_007_01.h5,2019-02-23T14:07:31Z,gt2r,-71.5429458618164,-42.63700866699219,36166167.89643578,872.0,2.0,13.0,007,01,2460.0,0.0,1770017.0,1770021.0,1068.61376953125,,29.2523193359375,,29.6533203125,6.79086971282959,,,,,,,71.0,5.0,126.0,1.0,0.0,0.0,0.0,0.0,2019,2,Verano,Bosque abierto desconocido,1,1,0,0,,20–30 m,872_gt2r_1770017,291507.0,5276358.5,BOSQUE_NW_02,operacional,SI,,2019-02-23,NO,1044.44,21.622,21.850,2.55,PASA
BOSQUE_NW_02(3),ATL08_20190223140731_08720213_007_01.h5,2019-02-23T14:07:31Z,gt2r,-71.5430679321289,-42.636112213134766,36166167.91050888,872.0,2.0,13.0,007,01,2460.0,0.0,1770022.0,1770025.0,1022.8394165039062,,24.74127197265625,,24.74127197265625,4.831428527832031,,,,,,,31.0,4.0,20.0,1.0,0.0,0.0,0.0,0.0,2019,2,Verano,Arbustos,1,1,0,0,,20–30 m,872_gt2r_1770022,291494.0,5276457.7,BOSQUE_NW_02,operacional,SI,,2019-02-23,NO,1004.11,21.619,21.846,-2.89,PASA
BOSQUE_NW_02(3),ATL08_20190223140731_08720213_007_01.h5,2019-02-23T14:07:31Z,gt2r,-71.54329681396484,-42.63432312011719,36166167.93876438,872.0,2.0,13.0,007,01,2460.0,0.0,1770032.0,1770036.0,973.6985473632812,,23.33380126953125,,25.2073974609375,6.065438747406006,,,,,,,57.0,2.0,126.0,1.0,0.0,0.0,0.0,0.0,2019,2,Verano,Bosque abierto desconocido,1,1,0,0,,20–30 m,872_gt2r_1770032,291469.2,5276655.8,BOSQUE_NW_02,operacional,SI,,2019-02-23,NO,954.16,21.615,21.840,-2.08,PASA
BOSQUE_NW_02(3),ATL08_20190223140731_08720213_007_01.h5,2019-02-23T14:07:31Z,gt2r,-71.54341888427734,-42.63343048095703,36166167.9527969,872.0,2.0,13.0,007,01,2460.0,0.0,1770037.0,1770041.0,972.9640502929688,,26.76971435546875,,28.7183837890625,7.177788734436035,,,,,,,65.0,4.0,116.0,1.0,0.0,0.0,0.0,0.0,2019,2,Verano,Bosque cerrado desconocido,1,1,0,0,,20–30 m,872_gt2r_1770037,291456.2,5276754.7,BOSQUE_NW_02,operacional,SI,,2019-02-23,NO,957.48,21.612,21.837,-6.13,DESCARTADO
BOSQUE_NW_02(3),ATL08_20190223140731_08720213_007_01.h5,2019-02-23T14:07:31Z,gt2r,-71.54353332519531,-42.63253402709961,36166167.966834925,872.0,2.0,13.0,007,01,2460.0,0.0,1770042.0,1770046.0,974.0426025390625,,24.9227294921875,,25.20684814453125,5.629078388214111,,,,,,,43.0,5.0,116.0,1.0,0.0,0.0,0.0,0.0,2019,2,Verano,Bosque cerrado desconocido,1,1,0,0,,20–30 m,872_gt2r_1770042,291443.9,5276853.9,BOSQUE_NW_02,operacional,SI,,2019-02-23,NO,957.73,21.610,21.836,-5.30,DESCARTADO
BOSQUE_NW_02(3),ATL08_20190223140731_08720213_007_01.h5,2019-02-23T14:07:31Z,gt2r,-71.54532623291016,-42.619117736816406,36166168.17834419,872.0,2.0,13.0,007,01,2460.0,0.0,1770117.0,1770121.0,896.3705444335938,,28.207275390625,,28.207275390625,6.446920871734619,,,,,,,42.0,1.0,126.0,1.0,0.0,0.0,0.0,0.0,2019,2,Verano,Bosque abierto desconocido,1,1,0,0,,20–30 m,872_gt2r_1770117,291252.0,5278339.4,BOSQUE_NW_02,operacional,SI,,2019-02-23,NO,882.33,21.575,21.818,-7.54,DESCARTADO
BOSQUE_NW_02(3),ATL08_20190223140731_08720213_007_01.h5,2019-02-23T14:07:31Z,gt2r,-71.54544067382812,-42.61822509765625,36166168.19247211,872.0,2.0,13.0,007,01,2460.0,0.0,1770122.0,1770126.0,912.594970703125,56.780784606933594,20.981201171875,68.44939422607422,23.9796142578125,6.034316062927246,,,,,,,55.0,16.0,116.0,1.0,0.0,0.0,0.0,0.0,2019,2,Verano,Bosque cerrado desconocido,1,1,1,1,3.2624154196581294,20–30 m,872_gt2r_1770122,291239.6,5278438.2,BOSQUE_NW_02,operacional,SI,,2019-02-23,NO,887.02,21.572,21.818,4.00,PASA
BOSQUE_NW_02(3),ATL08_20190223140731_08720213_007_01.h5,2019-02-23T14:07:31Z,gt2r,-71.54568481445312,-42.61643600463867,36166168.22056476,872.0,2.0,13.0,007,01,2460.0,0.0,1770132.0,1770135.0,912.6959228515625,,28.90631103515625,,30.89312744140625,7.573641300201416,,,,,,,59.0,4.0,126.0,1.0,0.0,0.0,0.0,0.0,2019,2,Verano,Bosque abierto desconocido,1,1,0,0,,20–30 m,872_gt2r_1770132,291213.6,5278636.3,BOSQUE_NW_02,operacional,SI,,2019-02-23,NO,907.14,21.568,21.814,-16.02,DESCARTADO
BOSQUE_NW_02(3),ATL08_20190223140731_08720213_007_01.h5,2019-02-23T14:07:31Z,gt2r,-71.5457992553711,-42.61553955078125,36166168.23468549,872.0,2.0,13.0,007,01,2460.0,0.0,1770137.0,1770141.0,960.167236328125,120.4803466796875,18.7510986328125,137.19345092773438,18.7510986328125,4.229013919830322,,,,,,,39.0,8.0,126.0,1.0,0.0,0.0,0.0,0.0,2019,2,Verano,Bosque abierto desconocido,1,1,1,1,7.316555345064417,10–20 m,872_gt2r_1770137,291201.2,5278735.6,BOSQUE_NW_02,operacional,SI,,2019-02-23,NO,935.85,21.565,21.810,2.75,PASA
BOSQUE_NW_02(3),ATL08_20190223140731_08720213_007_01.h5,2019-02-23T14:07:31Z,gt2r,-71.54615783691406,-42.612857818603516,36166168.276966624,872.0,2.0,13.0,007,01,2460.0,0.0,1770152.0,1770156.0,1012.0550537109375,,20.984130859375,,22.2801513671875,5.05350923538208,,,,,,,51.0,1.0,112.0,1.0,0.0,0.0,0.0,0.0,2019,2,Verano,Bosque cerrado perennifolio latifolio,1,1,0,0,,20–30 m,872_gt2r_1770152,291162.9,5279032.5,BOSQUE_NW_02,operacional,SI,,2019-02-23,NO,990.78,21.558,21.798,-0.28,PASA
BOSQUE_NW_02(3),ATL08_20190223140731_08720213_007_01.h5,2019-02-23T14:07:31Z,gt2r,-71.5465087890625,-42.61017608642578,36166168.31926454,872.0,2.0,13.0,007,01,2460.0,0.0,1770169.0,1770171.0,1082.4046630859375,,30.9266357421875,,30.9266357421875,7.081617832183838,,,,,,,31.0,1.0,112.0,1.0,0.0,0.0,0.0,0.0,2019,2,Verano,Bosque cerrado perennifolio latifolio,1,1,0,0,,>30 m,872_gt2r_1770169,291125.1,5279329.4,BOSQUE_NW_02,operacional,SI,,2019-02-23,NO,1056.50,21.551,21.786,4.35,PASA
BOSQUE_NW_02(3),ATL08_20190223140731_08720213_007_01.h5,2019-02-23T14:07:31Z,gt2r,-71.54686737060547,-42.60749053955078,36166168.36153273,872.0,2.0,13.0,007,01,2460.0,0.0,1770182.0,1770186.0,1157.1937255859375,,33.77294921875,,33.94482421875,9.033790588378906,,,,,,,62.0,3.0,112.0,1.0,0.0,0.0,0.0,0.0,2019,2,Verano,Bosque cerrado perennifolio latifolio,1,1,0,0,,>30 m,872_gt2r_1770182,291086.7,5279626.8,BOSQUE_NW_02,operacional,SI,,2019-02-23,NO,1142.74,21.544,21.774,-7.09,DESCARTADO
BOSQUE_NW_02(3),ATL08_20190223140731_08720213_007_01.h5,2019-02-23T14:07:31Z,gt2r,-71.54779815673828,-42.60033416748047,36166168.47428611,872.0,2.0,13.0,007,01,2460.0,0.0,1770222.0,1770226.0,1302.3824462890625,,33.8140869140625,,33.9310302734375,7.90981388092041,,,,,,,72.0,1.0,112.0,1.0,0.0,0.0,0.0,0.0,2019,2,Verano,Bosque cerrado perennifolio latifolio,1,1,0,0,,>30 m,872_gt2r_1770222,290986.4,5280419.2,BOSQUE_NW_02,operacional,SI,,2019-02-23,NO,1285.17,21.526,21.740,-4.31,PASA
BOSQUE_NW_02(3),ATL08_20190223140731_08720213_007_01.h5,2019-02-23T14:07:31Z,gt2r,-71.54790496826172,-42.59943771362305,36166168.48843833,872.0,2.0,13.0,007,01,2460.0,0.0,1770227.0,1770231.0,1313.5423583984375,,29.6748046875,,30.20703125,6.548341751098633,,,,,,,47.0,2.0,112.0,1.0,0.0,0.0,0.0,0.0,2019,2,Verano,Bosque cerrado perennifolio latifolio,1,1,0,0,,20–30 m,872_gt2r_1770227,290974.7,5280518.5,BOSQUE_NW_02,operacional,SI,,2019-02-23,NO,1297.43,21.524,21.738,-5.41,DESCARTADO
BOSQUE_NW_02(3),ATL08_20190223140731_08720213_007_01.h5,2019-02-23T14:07:31Z,gt2r,-71.54801940917969,-42.59854507446289,36166168.50250188,872.0,2.0,13.0,007,01,2460.0,0.0,1770232.0,1770236.0,1316.0260009765625,,26.6312255859375,,27.798095703125,6.287595272064209,,,,,,,59.0,5.0,112.0,1.0,0.0,0.0,0.0,0.0,2019,2,Verano,Bosque cerrado perennifolio latifolio,1,1,0,0,,20–30 m,872_gt2r_1770232,290962.3,5280617.3,BOSQUE_NW_02,operacional,SI,,2019-02-23,NO,1296.99,21.521,21.735,-2.49,PASA
BOSQUE_NW_02(3),ATL08_20190223140731_08720213_007_01.h5,2019-02-23T14:07:31Z,gt2r,-71.54824829101562,-42.59675598144531,36166168.53070316,872.0,2.0,13.0,007,01,2460.0,0.0,1770243.0,1770246.0,1290.7138671875,,26.3128662109375,,26.3128662109375,5.520747184753418,,,,,,,37.0,5.0,112.0,1.0,0.0,0.0,0.0,0.0,2019,2,Verano,Bosque cerrado perennifolio latifolio,1,1,0,0,,20–30 m,872_gt2r_1770243,290937.5,5280815.5,BOSQUE_NW_02,operacional,SI,,2019-02-23,NO,1274.39,21.517,21.730,-5.20,DESCARTADO
BOSQUE_NW_02(3),ATL08_20190223140731_08720213_007_01.h5,2019-02-23T14:07:31Z,gt2r,-71.54846954345703,-42.594966888427734,36166168.55888352,872.0,2.0,13.0,007,01,2460.0,0.0,1770253.0,1770256.0,1275.607177734375,70.89119720458984,23.162109375,79.021240234375,23.162109375,5.356226921081543,,,,,,,42.0,18.0,112.0,1.0,0.0,0.0,0.0,0.0,2019,2,Verano,Bosque cerrado perennifolio latifolio,1,1,1,1,3.4116599207353064,20–30 m,872_gt2r_1770253,290913.4,5281013.6,BOSQUE_NW_02,operacional,SI,,2019-02-23,NO,1253.79,21.512,21.725,0.31,PASA
BOSQUE_NW_02(3),ATL08_20190223140731_08720213_007_01.h5,2019-02-23T14:07:31Z,gt2r,-71.54869842529297,-42.59317398071289,36166168.58713414,872.0,2.0,13.0,007,01,2460.0,0.0,1770262.0,1770266.0,1260.187744140625,,24.400390625,,24.400390625,4.2507429122924805,,,,,,,24.0,3.0,112.0,1.0,0.0,0.0,0.0,0.0,2019,2,Verano,Bosque cerrado perennifolio latifolio,1,1,0,0,,20–30 m,872_gt2r_1770262,290888.6,5281212.1,BOSQUE_NW_02,operacional,SI,,2019-02-23,NO,1248.28,21.508,21.720,-9.60,DESCARTADO
BOSQUE_NW_02(3),ATL08_20190223140731_08720213_007_01.h5,2019-02-23T14:07:31Z,gt2r,-71.54881286621094,-42.592281341552734,36166168.60119249,872.0,2.0,13.0,007,01,2460.0,0.0,1770267.0,1770271.0,1266.007080078125,,21.7320556640625,,21.7320556640625,6.1205668449401855,,,,,,,36.0,5.0,112.0,1.0,0.0,0.0,0.0,0.0,2019,2,Verano,Bosque cerrado perennifolio latifolio,1,1,0,0,,20–30 m,872_gt2r_1770267,290876.2,5281311.0,BOSQUE_NW_02,operacional,SI,,2019-02-23,NO,1242.78,21.506,21.717,1.72,PASA
BOSQUE_NW_02(3),ATL08_20190223140731_08720213_007_01.h5,2019-02-23T14:07:31Z,gt2r,-71.54960632324219,-42.58601760864258,36166168.69987682,872.0,2.0,13.0,007,01,2460.0,0.0,1770302.0,1770306.0,1134.8870849609375,,22.3651123046875,,22.3651123046875,6.370053768157959,,,,,,,25.0,5.0,112.0,1.0,0.0,0.0,0.0,0.0,2019,2,Verano,Bosque cerrado perennifolio latifolio,1,1,0,0,,20–30 m,872_gt2r_1770302,290790.2,5282004.6,BOSQUE_NW_02,operacional,SI,,2019-02-23,NO,1115.30,21.490,21.699,-1.91,PASA
BOSQUE_NW_02(3),ATL08_20190223140731_08720213_007_01.h5,2019-02-23T14:07:31Z,gt2r,-71.54971313476562,-42.585121154785156,36166168.71403008,872.0,2.0,13.0,007,01,2460.0,0.0,1770307.0,1770310.0,1117.503662109375,,25.74072265625,,27.29248046875,7.0880537033081055,,,,,,,46.0,3.0,116.0,1.0,0.0,0.0,0.0,0.0,2019,2,Verano,Bosque cerrado desconocido,1,1,0,0,,20–30 m,872_gt2r_1770307,290778.4,5282103.9,BOSQUE_NW_02,operacional,SI,,2019-02-23,NO,1099.61,21.488,21.697,-3.60,PASA
BOSQUE_NW_02(3),ATL08_20190223140731_08720213_007_01.h5,2019-02-23T14:07:31Z,gt2r,-71.5498275756836,-42.584228515625,36166168.72811714,872.0,2.0,13.0,007,01,2460.0,0.0,1770312.0,1770316.0,1105.5325927734375,,20.5975341796875,,23.481201171875,5.359946250915527,,,,,,,58.0,4.0,116.0,1.0,0.0,0.0,0.0,0.0,2019,2,Verano,Bosque cerrado desconocido,1,1,0,0,,20–30 m,872_gt2r_1770312,290766.0,5282202.7,BOSQUE_NW_02,operacional,SI,,2019-02-23,NO,1085.15,21.486,21.694,-1.11,PASA
BOSQUE_NW_02(3),ATL08_20190223140731_08720213_007_01.h5,2019-02-23T14:07:31Z,gt2r,-71.54994201660156,-42.58333206176758,36166168.7421787,872.0,2.0,13.0,007,01,2460.0,0.0,1770317.0,1770321.0,1092.217529296875,,24.4146728515625,,24.9957275390625,6.1688551902771,,,,,,,66.0,1.0,116.0,1.0,0.0,0.0,0.0,0.0,2019,2,Verano,Bosque cerrado desconocido,1,1,0,0,,20–30 m,872_gt2r_1770317,290753.6,5282302.0,BOSQUE_NW_02,operacional,SI,,2019-02-23,NO,1068.03,21.484,21.693,2.71,PASA
BOSQUE_NW_02(3),ATL08_20190223140731_08720213_007_01.h5,2019-02-23T14:07:31Z,gt2r,-71.5501708984375,-42.58154296875,36166168.77033198,872.0,2.0,13.0,007,01,2460.0,0.0,1770327.0,1770331.0,1077.4189453125,89.73055267333984,22.4501953125,96.17649841308594,23.0313720703125,6.789676189422607,,,,,,,49.0,12.0,116.0,1.0,0.0,0.0,0.0,0.0,2019,2,Verano,Bosque cerrado desconocido,1,1,1,1,4.2839938394449515,20–30 m,872_gt2r_1770327,290728.9,5282500.1,BOSQUE_NW_02,operacional,SI,,2019-02-23,NO,1055.79,21.479,21.692,0.15,PASA
BOSQUE_NW_02(3),ATL08_20190223140731_08720213_007_01.h5,2019-02-23T14:07:31Z,gt2r,-71.55028533935547,-42.580650329589844,36166168.784467526,872.0,2.0,13.0,007,01,2460.0,0.0,1770332.0,1770334.0,1063.5670166015625,,24.8809814453125,,26.400634765625,6.663746356964111,,,,,,,49.0,4.0,30.0,1.0,0.0,0.0,0.0,0.0,2019,2,Verano,Herbáceas,1,1,0,0,,20–30 m,872_gt2r_1770332,290716.5,5282598.9,BOSQUE_NW_02,operacional,SI,,2019-02-23,NO,1046.40,21.477,21.692,-4.31,PASA
BOSQUE_NW_02(3),ATL08_20190223140731_08720213_007_01.h5,2019-02-23T14:07:31Z,gt2r,-71.55120849609375,-42.573490142822266,36166168.89715346,872.0,2.0,13.0,007,01,2460.0,0.0,1770372.0,1770376.0,924.379638671875,54.225990295410156,15.77117919921875,57.16791915893555,19.30633544921875,3.842789649963379,,,,,,,73.0,17.0,126.0,1.0,0.0,0.0,0.0,0.0,2019,2,Verano,Bosque abierto desconocido,1,1,1,1,3.6248347974999517,10–20 m,872_gt2r_1770372,290616.7,5283391.8,BOSQUE_NW_02,operacional,SI,,2019-02-23,NO,902.10,21.460,21.689,0.82,PASA
BOSQUE_NW_02(3),ATL08_20190223140731_08720213_007_01.h5,2019-02-23T14:07:31Z,gt2r,-71.55155944824219,-42.57080841064453,36166168.93948316,872.0,2.0,13.0,007,01,2460.0,0.0,1770387.0,1770391.0,843.1884765625,49.340301513671875,30.06231689453125,54.681663513183594,31.0078125,6.255481719970703,,,,,,,58.0,17.0,116.0,1.0,0.0,0.0,0.0,0.0,2019,2,Verano,Bosque cerrado desconocido,1,1,1,1,1.8189437529058494,>30 m,872_gt2r_1770387,290579.0,5283688.7,BOSQUE_NW_02,operacional,SI,,2019-02-23,NO,821.84,21.454,21.688,-0.11,PASA
BOSQUE_NW_02(3),ATL08_20190223140731_08720213_007_01.h5,2019-02-23T14:07:31Z,gt2r,-71.55226135253906,-42.5654411315918,36166169.0240681,872.0,2.0,13.0,007,01,2460.0,0.0,1770417.0,1770421.0,755.26025390625,20.98233985900879,24.4012451171875,26.465808868408203,24.7828369140625,6.528926372528076,,,,,,,66.0,36.0,126.0,1.0,0.0,0.0,0.0,0.0,2019,2,Verano,Bosque abierto desconocido,1,1,1,1,1.0846089509492483,20–30 m,872_gt2r_1770417,290503.4,5284283.0,BOSQUE_NW_02,operacional,SI,,2019-02-23,NO,734.01,21.441,21.686,-0.19,PASA
BOSQUE_NW_02(3),ATL08_20190223140731_08720213_007_01.h5,2019-02-23T14:07:31Z,gt2r,-71.55250549316406,-42.56365203857422,36166169.0521282,872.0,2.0,13.0,007,01,2460.0,0.0,1770427.0,1770431.0,740.5197143554688,74.15312194824219,23.52728271484375,53.077598571777344,24.27105712890625,5.997023105621338,,,,,,,53.0,10.0,20.0,1.0,0.0,0.0,0.0,0.0,2019,2,Verano,Arbustos,1,1,1,1,2.2560020727888737,20–30 m,872_gt2r_1770427,290477.3,5284481.1,BOSQUE_NW_02,operacional,SI,,2019-02-23,NO,719.33,21.437,21.686,-0.25,PASA
BOSQUE_NW_02(3),ATL08_20190223140731_08720213_007_01.h5,2019-02-23T14:07:31Z,gt2r,-71.55286407470703,-42.560970306396484,36166169.09444178,872.0,2.0,13.0,007,01,2460.0,0.0,1770443.0,1770446.0,738.2139892578125,,25.318603515625,,26.87554931640625,7.291186809539795,,,,,,,56.0,5.0,126.0,1.0,0.0,0.0,0.0,0.0,2019,2,Verano,Bosque abierto desconocido,1,1,0,0,,20–30 m,872_gt2r_1770443,290438.9,5284778.0,BOSQUE_NW_02,operacional,SI,,2019-02-23,NO,718.84,21.431,21.687,-2.06,PASA
BOSQUE_NW_02(3),ATL08_20190223140731_08720213_007_01.h5,2019-02-23T14:07:31Z,gt3l,-71.49747467041016,-42.68614196777344,36166166.71042087,872.0,2.0,13.0,007,01,2460.0,0.0,1769728.0,1769732.0,1331.44970703125,,21.78125,,25.2652587890625,4.93656587600708,,,,,,,89.0,7.0,112.0,1.0,0.0,0.0,0.0,0.0,2019,2,Verano,Bosque cerrado perennifolio latifolio,1,1,0,0,,20–30 m,872_gt3l_1769728,295396.6,5271013.4,BOSQUE_NW_02,operacional,SI,,2019-02-23,NO,1312.73,21.776,22.014,-3.05,PASA
BOSQUE_NW_02(3),ATL08_20190223140731_08720213_007_01.h5,2019-02-23T14:07:31Z,gt3l,-71.49909210205078,-42.67343521118164,36166166.91040923,872.0,2.0,13.0,007,01,2460.0,0.0,1769798.0,1769802.0,1206.9896240234375,38.91755676269531,13.279541015625,18.40766716003418,15.3154296875,3.744934558868408,,,,,,,175.0,31.0,112.0,1.0,0.0,0.0,0.0,0.0,2019,2,Verano,Bosque cerrado perennifolio latifolio,1,1,1,1,1.386167423887265,10–20 m,872_gt3l_1769798,295222.3,5272420.5,BOSQUE_NW_02,operacional,SI,,2019-02-23,NO,1185.05,21.760,21.991,0.18,PASA
BOSQUE_NW_02(3),ATL08_20190223140731_08720213_007_01.h5,2019-02-23T14:07:31Z,gt3l,-71.5003890991211,-42.66368865966797,36166167.06215107,872.0,2.0,13.0,007,01,2460.0,0.0,1769853.0,1769854.0,1154.8255615234375,,34.3514404296875,,43.6982421875,8.440203666687012,,,,,,,61.0,9.0,116.0,1.0,0.0,0.0,0.0,0.0,2019,2,Verano,Bosque cerrado desconocido,1,1,0,0,,>30 m,872_gt3l_1769853,295084.0,5273499.7,BOSQUE_NW_02,operacional,SI,,2019-02-23,NO,1173.73,21.745,21.965,-40.65,DESCARTADO
BOSQUE_NW_02(3),ATL08_20190223140731_08720213_007_01.h5,2019-02-23T14:07:31Z,gt3l,-71.5029296875,-42.644813537597656,36166167.36174248,872.0,2.0,13.0,007,01,2460.0,0.0,1769958.0,1769962.0,1407.6761474609375,,27.3963623046875,,29.4012451171875,6.047836780548096,,,,,,,131.0,3.0,112.0,1.0,0.0,0.0,0.0,0.0,2019,2,Verano,Bosque cerrado perennifolio latifolio,1,1,0,0,,20–30 m,872_gt3l_1769958,294813.7,5275589.7,BOSQUE_NW_02,operacional,SI,,2019-02-23,NO,1401.30,21.700,21.898,-15.33,DESCARTADO
BOSQUE_NW_02(3),ATL08_20190223140731_08720213_007_01.h5,2019-02-23T14:07:31Z,gt3l,-71.50385284423828,-42.637657165527344,36166167.47440639,872.0,2.0,13.0,007,01,2460.0,0.0,1769998.0,1770002.0,1339.7618408203125,,14.466796875,,14.9979248046875,3.525902271270752,,,,,,,113.0,4.0,112.0,1.0,0.0,0.0,0.0,0.0,2019,2,Verano,Bosque cerrado perennifolio latifolio,1,1,0,0,,10–20 m,872_gt3l_1769998,294714.5,5276382.1,BOSQUE_NW_02,operacional,SI,,2019-02-23,NO,1321.73,21.683,21.877,-3.65,PASA
BOSQUE_NW_02(3),ATL08_20190223140731_08720213_007_01.h5,2019-02-23T14:07:31Z,gt3l,-71.50444030761719,-42.633182525634766,36166167.544937156,872.0,2.0,13.0,007,01,2460.0,0.0,1770023.0,1770027.0,1386.6356201171875,20.391998291015625,7.8944091796875,14.447525024414062,8.6610107421875,2.076075792312622,,,,,,,72.0,68.0,116.0,1.0,0.0,0.0,0.0,0.0,2019,2,Verano,Bosque cerrado desconocido,1,1,1,1,1.8300957925499837,5–10 m,872_gt3l_1770023,294651.6,5276877.6,BOSQUE_NW_02,operacional,SI,,2019-02-23,NO,1366.44,21.672,21.864,-1.47,PASA
BOSQUE_NW_02(3),ATL08_20190223140731_08720213_007_01.h5,2019-02-23T14:07:31Z,gt3l,-71.50477600097656,-42.63050079345703,36166167.58727241,872.0,2.0,13.0,007,01,2460.0,0.0,1770038.0,1770042.0,1373.27294921875,37.18423080444336,17.9344482421875,18.96823501586914,18.633056640625,4.142396450042725,,,,,,,77.0,37.0,112.0,1.0,0.0,0.0,0.0,0.0,2019,2,Verano,Bosque cerrado perennifolio latifolio,1,1,1,1,1.057642519007072,10–20 m,872_gt3l_1770038,294615.2,5277174.6,BOSQUE_NW_02,operacional,SI,,2019-02-23,NO,1354.81,21.666,21.857,-3.20,PASA
BOSQUE_NW_02(3),ATL08_20190223140731_08720213_007_01.h5,2019-02-23T14:07:31Z,gt3l,-71.5050048828125,-42.62871170043945,36166167.61532477,872.0,2.0,13.0,007,01,2460.0,0.0,1770050.0,1770052.0,1327.31787109375,,19.4957275390625,,22.2908935546875,5.2695465087890625,,,,,,,37.0,8.0,112.0,1.0,0.0,0.0,0.0,0.0,2019,2,Verano,Bosque cerrado perennifolio latifolio,1,1,0,0,,10–20 m,872_gt3l_1770050,294590.6,5277372.7,BOSQUE_NW_02,operacional,SI,,2019-02-23,NO,1310.51,21.662,21.852,-4.85,PASA
BOSQUE_NW_02(3),ATL08_20190223140731_08720213_007_01.h5,2019-02-23T14:07:31Z,gt3r,-71.49557495117188,-42.69124221801758,36166166.9796142,872.0,2.0,13.0,007,01,2460.0,0.0,1769698.0,1769702.0,1149.5006103515625,,27.2818603515625,,28.7606201171875,7.127333641052246,,,,,,,58.0,1.0,112.0,1.0,0.0,0.0,0.0,0.0,2019,2,Verano,Bosque cerrado perennifolio latifolio,1,1,0,0,,20–30 m,872_gt3r_1769698,295569.0,5270451.6,BOSQUE_NW_02,operacional,SI,,2019-02-23,NO,1126.11,21.783,22.024,1.61,PASA
BOSQUE_NW_02(3),ATL08_20190223140731_08720213_007_01.h5,2019-02-23T14:07:31Z,gt3r,-71.49606323242188,-42.68766403198242,36166167.03600538,872.0,2.0,13.0,007,01,2460.0,0.0,1769718.0,1769721.0,1264.49267578125,,30.118408203125,,30.118408203125,8.888063430786133,,,,,,,32.0,2.0,112.0,1.0,0.0,0.0,0.0,0.0,2019,2,Verano,Bosque cerrado perennifolio latifolio,1,1,0,0,,>30 m,872_gt3r_1769718,295517.2,5270847.7,BOSQUE_NW_02,operacional,SI,,2019-02-23,NO,1257.75,21.779,22.018,-15.04,DESCARTADO
BOSQUE_NW_02(3),ATL08_20190223140731_08720213_007_01.h5,2019-02-23T14:07:31Z,gt3r,-71.49761199951172,-42.6760368347168,36166167.219200745,872.0,2.0,13.0,007,01,2460.0,0.0,1769785.0,1769787.0,1143.6790771484375,,53.9595947265625,,53.9595947265625,11.327035903930664,,,,,,,33.0,2.0,116.0,1.0,0.0,0.0,0.0,0.0,2019,2,Verano,Bosque cerrado desconocido,1,1,0,0,,>30 m,872_gt3r_1769785,295352.1,5272135.2,BOSQUE_NW_02,operacional,SI,,2019-02-23,NO,1147.23,21.765,21.997,-25.31,DESCARTADO
BOSQUE_NW_02(3),ATL08_20190223140731_08720213_007_01.h5,2019-02-23T14:07:31Z,gt3r,-71.49820709228516,-42.671566009521484,36166167.28970861,872.0,2.0,13.0,007,01,2460.0,0.0,1769808.0,1769812.0,1245.6007080078125,,21.919677734375,,21.919677734375,4.756450653076172,,,,,,,24.0,4.0,112.0,1.0,0.0,0.0,0.0,0.0,2019,2,Verano,Bosque cerrado perennifolio latifolio,1,1,0,0,,20–30 m,872_gt3r_1769808,295288.7,5272630.3,BOSQUE_NW_02,operacional,SI,,2019-02-23,NO,1225.56,21.759,21.989,-1.71,PASA
BOSQUE_NW_02(3),ATL08_20190223140731_08720213_007_01.h5,2019-02-23T14:07:31Z,gt3r,-71.49880981445312,-42.66709518432617,36166167.36025765,872.0,2.0,13.0,007,01,2460.0,0.0,1769833.0,1769837.0,1275.4693603515625,,26.4246826171875,,26.4246826171875,6.297898769378662,,,,,,,33.0,5.0,112.0,1.0,0.0,0.0,0.0,0.0,2019,2,Verano,Bosque cerrado perennifolio latifolio,1,1,0,0,,20–30 m,872_gt3r_1769833,295224.6,5273125.3,BOSQUE_NW_02,operacional,SI,,2019-02-23,NO,1249.83,21.753,21.981,3.89,PASA
BOSQUE_NW_02(3),ATL08_20190223140731_08720213_007_01.h5,2019-02-23T14:07:31Z,gt3r,-71.4991455078125,-42.66450881958008,36166167.3996706,872.0,2.0,13.0,007,01,2460.0,0.0,1769848.0,1769849.0,1207.1749267578125,,49.6431884765625,,49.6431884765625,11.944235801696777,,,,,,,27.0,2.0,126.0,1.0,0.0,0.0,0.0,0.0,2019,2,Verano,Bosque abierto desconocido,1,1,0,0,,>30 m,872_gt3r_1769848,295188.6,5273411.7,BOSQUE_NW_02,operacional,SI,,2019-02-23,NO,1236.66,21.748,21.970,-51.24,DESCARTADO
BOSQUE_NW_02(3),ATL08_20190223140731_08720213_007_01.h5,2019-02-23T14:07:31Z,gt3r,-71.50113677978516,-42.649200439453125,36166167.64215063,872.0,2.0,13.0,007,01,2460.0,0.0,1769933.0,1769937.0,1433.419921875,130.26754760742188,16.6549072265625,127.2751693725586,16.6549072265625,4.237630844116211,,,,,,,30.0,11.0,112.0,1.0,0.0,0.0,0.0,0.0,2019,2,Verano,Bosque cerrado perennifolio latifolio,1,1,1,1,7.641902031706942,10–20 m,872_gt3r_1769933,294975.1,5275106.9,BOSQUE_NW_02,operacional,SI,,2019-02-23,NO,1413.04,21.712,21.910,-1.33,PASA
BOSQUE_NW_02(3),ATL08_20190223140731_08720213_007_01.h5,2019-02-23T14:07:31Z,gt3r,-71.50125122070312,-42.64830780029297,36166167.65624074,872.0,2.0,13.0,007,01,2460.0,0.0,1769938.0,1769942.0,1419.97802734375,,18.34228515625,,23.68408203125,4.643263339996338,,,,,,,46.0,4.0,112.0,1.0,0.0,0.0,0.0,0.0,2019,2,Verano,Bosque cerrado perennifolio latifolio,1,1,0,0,,10–20 m,872_gt3r_1769938,294962.8,5275205.7,BOSQUE_NW_02,operacional,SI,,2019-02-23,NO,1399.96,21.710,21.908,-1.69,PASA
BOSQUE_NW_02(3),ATL08_20190223140731_08720213_007_01.h5,2019-02-23T14:07:31Z,gt3r,-71.50159454345703,-42.64562225341797,36166167.69854597,872.0,2.0,13.0,007,01,2460.0,0.0,1769953.0,1769957.0,1410.5662841796875,108.63358306884766,23.4390869140625,118.18368530273438,23.4390869140625,4.957742214202881,,,,,,,41.0,13.0,114.0,1.0,0.0,0.0,0.0,0.0,2019,2,Verano,Bosque cerrado caducifolio latifolio,1,1,1,1,5.042162509830064,20–30 m,872_gt3r_1769953,294925.8,5275503.1,BOSQUE_NW_02,operacional,SI,,2019-02-23,NO,1389.25,21.704,21.900,-0.38,PASA
BOSQUE_NW_02(3),ATL08_20190223140731_08720213_007_01.h5,2019-02-23T14:07:31Z,gt3r,-71.50171661376953,-42.64472961425781,36166167.71271424,872.0,2.0,13.0,007,01,2460.0,0.0,1769958.0,1769962.0,1423.695556640625,,19.1204833984375,,19.1204833984375,3.9409005641937256,,,,,,,35.0,3.0,114.0,1.0,0.0,0.0,0.0,0.0,2019,2,Verano,Bosque cerrado caducifolio latifolio,1,1,0,0,,10–20 m,872_gt3r_1769958,294912.9,5275601.9,BOSQUE_NW_02,operacional,SI,,2019-02-23,NO,1401.54,21.702,21.897,0.45,PASA
BOSQUE_NW_02(3),ATL08_20190223140731_08720213_007_01.h5,2019-02-23T14:07:31Z,gt3r,-71.5018310546875,-42.64383316040039,36166167.72680838,872.0,2.0,13.0,007,01,2460.0,0.0,1769963.0,1769967.0,1423.582275390625,,14.6961669921875,,14.6961669921875,3.5584046840667725,,,,,,,31.0,3.0,114.0,1.0,0.0,0.0,0.0,0.0,2019,2,Verano,Bosque cerrado caducifolio latifolio,1,1,0,0,,10–20 m,872_gt3r_1769963,294900.5,5275701.2,BOSQUE_NW_02,operacional,SI,,2019-02-23,NO,1404.33,21.700,21.895,-2.45,PASA
BOSQUE_NW_02(3),ATL08_20190223140731_08720213_007_01.h5,2019-02-23T14:07:31Z,gt3r,-71.50194549560547,-42.64293670654297,36166167.74087976,872.0,2.0,13.0,007,01,2460.0,0.0,1769968.0,1769972.0,1400.452880859375,,24.2344970703125,,24.2344970703125,4.432387828826904,,,,,,,33.0,5.0,114.0,1.0,0.0,0.0,0.0,0.0,2019,2,Verano,Bosque cerrado caducifolio latifolio,1,1,0,0,,20–30 m,872_gt3r_1769968,294888.2,5275800.5,BOSQUE_NW_02,operacional,SI,,2019-02-23,NO,1380.14,21.697,21.892,-1.39,PASA
BOSQUE_NW_02(3),ATL08_20190223140731_08720213_007_01.h5,2019-02-23T14:07:31Z,gt3r,-71.50205993652344,-42.64204406738281,36166167.7549649,872.0,2.0,13.0,007,01,2460.0,0.0,1769973.0,1769977.0,1386.6636962890625,,21.3873291015625,,25.4219970703125,5.587531566619873,,,,,,,44.0,5.0,112.0,1.0,0.0,0.0,0.0,0.0,2019,2,Verano,Bosque cerrado perennifolio latifolio,1,1,0,0,,20–30 m,872_gt3r_1769973,294875.9,5275899.3,BOSQUE_NW_02,operacional,SI,,2019-02-23,NO,1360.80,21.695,21.890,4.17,PASA
BOSQUE_NW_02(3),ATL08_20190223140731_08720213_007_01.h5,2019-02-23T14:07:31Z,gt3r,-71.50263214111328,-42.637569427490234,36166167.82543237,872.0,2.0,13.0,007,01,2460.0,0.0,1769998.0,1770002.0,1326.1627197265625,,24.2725830078125,,24.2725830078125,6.412126541137695,,,,,,,39.0,5.0,114.0,1.0,0.0,0.0,0.0,0.0,2019,2,Verano,Bosque cerrado caducifolio latifolio,1,1,0,0,,20–30 m,872_gt3r_1769998,294814.3,5276394.9,BOSQUE_NW_02,operacional,SI,,2019-02-23,NO,1307.85,21.685,21.877,-3.37,PASA
BOSQUE_NW_02(3),ATL08_20190223140731_08720213_007_01.h5,2019-02-23T14:07:31Z,gt3r,-71.50301361083984,-42.634708404541016,36166167.870546184,872.0,2.0,13.0,007,01,2460.0,0.0,1770014.0,1770018.0,1360.033935546875,,28.63623046875,,28.63623046875,7.608832836151123,,,,,,,28.0,3.0,116.0,1.0,0.0,0.0,0.0,0.0,2019,2,Verano,Bosque cerrado desconocido,1,1,0,0,,20–30 m,872_gt3r_1770014,294773.6,5276711.6,BOSQUE_NW_02,operacional,SI,,2019-02-23,NO,1346.48,21.678,21.868,-8.12,DESCARTADO
BOSQUE_NW_02(3),ATL08_20190223140731_08720213_007_01.h5,2019-02-23T14:07:31Z,gt3r,-71.50312805175781,-42.633811950683594,36166167.88460632,872.0,2.0,13.0,007,01,2460.0,0.0,1770019.0,1770023.0,1383.0867919921875,76.93447875976562,29.35888671875,94.10529327392578,29.35888671875,7.399991512298584,,,,,,,41.0,18.0,126.0,1.0,0.0,0.0,0.0,0.0,2019,2,Verano,Bosque abierto desconocido,1,1,1,1,3.2053427016980724,20–30 m,872_gt3r_1770019,294761.3,5276810.9,BOSQUE_NW_02,operacional,SI,,2019-02-23,NO,1362.83,21.676,21.866,-1.42,PASA
BOSQUE_NW_02(3),ATL08_20190223140731_08720213_007_01.h5,2019-02-23T14:07:31Z,gt3r,-71.50348663330078,-42.63113021850586,36166167.9269271,872.0,2.0,13.0,007,01,2460.0,0.0,1770035.0,1770038.0,1398.372314453125,,20.1873779296875,,20.1873779296875,5.657516956329346,,,,,,,25.0,2.0,114.0,1.0,0.0,0.0,0.0,0.0,2019,2,Verano,Bosque cerrado caducifolio latifolio,1,1,0,0,,20–30 m,872_gt3r_1770035,294723.0,5277107.9,BOSQUE_NW_02,operacional,SI,,2019-02-23,NO,1373.32,21.669,21.859,3.38,PASA
BOSQUE_NW_02(3),ATL08_20190223140731_08720213_007_01.h5,2019-02-23T14:07:31Z,gt3r,-71.50360870361328,-42.63023376464844,36166167.941006556,872.0,2.0,13.0,007,01,2460.0,0.0,1770039.0,1770043.0,1383.501953125,,27.7777099609375,,27.7777099609375,6.9284563064575195,,,,,,,32.0,1.0,112.0,1.0,0.0,0.0,0.0,0.0,2019,2,Verano,Bosque cerrado perennifolio latifolio,1,1,0,0,,20–30 m,872_gt3r_1770039,294710.1,5277207.1,BOSQUE_NW_02,operacional,SI,,2019-02-23,NO,1363.80,21.667,21.856,-1.96,PASA
BOSQUE_NW_02(3),ATL08_20200221204631_08720613_007_01.h5,2020-02-21T20:46:31Z,gt1l,-71.52194213867188,-42.68878173828125,67553307.03893621,872.0,6.0,13.0,007,01,8008.0,1.0,1769722.0,1769726.0,1557.9853515625,38.904273986816406,9.1044921875,51.37164306640625,11.1953125,2.504415273666382,,,,,,,54.0,40.0,30.0,1.0,0.0,0.0,0.0,0.0,2020,2,Verano,Herbáceas,1,1,1,1,5.642450123350852,5–10 m,872_gt1l_1769722,293400.8,5270660.6,BOSQUE_NW_02,operacional,SI,,2020-02-21,NO,1534.88,21.757,22.000,1.35,PASA
BOSQUE_NW_02(3),ATL08_20200221204631_08720613_007_01.h5,2020-02-21T20:46:31Z,gt1l,-71.52298736572266,-42.68073272705078,67553307.16571535,872.0,6.0,13.0,007,01,8008.0,1.0,1769767.0,1769771.0,1379.497802734375,,23.9962158203125,,24.39013671875,6.086902618408203,,,,,,,52.0,5.0,116.0,1.0,0.0,0.0,0.0,0.0,2020,2,Verano,Bosque cerrado desconocido,1,1,0,0,,20–30 m,872_gt1l_1769767,293288.4,5271551.9,BOSQUE_NW_02,operacional,SI,,2020-02-21,NO,1358.35,21.743,21.987,-0.59,PASA
BOSQUE_NW_02(3),ATL08_20200221204631_08720613_007_01.h5,2020-02-21T20:46:31Z,gt1l,-71.52320861816406,-42.6789436340332,67553307.19393961,872.0,6.0,13.0,007,01,8008.0,1.0,1769777.0,1769781.0,1321.012939453125,,33.0958251953125,,33.36328125,8.273648262023926,,,,,,,51.0,5.0,116.0,1.0,0.0,0.0,0.0,0.0,2020,2,Verano,Bosque cerrado desconocido,1,1,0,0,,>30 m,872_gt1l_1769777,293264.4,5271750.1,BOSQUE_NW_02,operacional,SI,,2020-02-21,NO,1306.52,21.740,21.983,-7.25,DESCARTADO
BOSQUE_NW_02(3),ATL08_20200221204631_08720613_007_01.h5,2020-02-21T20:46:31Z,gt1l,-71.52332305908203,-42.67804718017578,67553307.20802478,872.0,6.0,13.0,007,01,8008.0,1.0,1769782.0,1769786.0,1300.4169921875,130.08724975585938,35.2247314453125,132.87767028808594,35.2247314453125,8.471975326538086,,,,,,,32.0,10.0,112.0,1.0,0.0,0.0,0.0,0.0,2020,2,Verano,Bosque cerrado perennifolio latifolio,1,1,1,1,3.7722834166779293,>30 m,872_gt1l_1769782,293252.0,5271849.3,BOSQUE_NW_02,operacional,SI,,2020-02-21,NO,1280.62,21.738,21.982,-1.94,PASA
BOSQUE_NW_02(3),ATL08_20200221204631_08720613_007_01.h5,2020-02-21T20:46:31Z,gt1l,-71.52344512939453,-42.677154541015625,67553307.22208446,872.0,6.0,13.0,007,01,8008.0,1.0,1769787.0,1769791.0,1298.8199462890625,,23.8951416015625,,23.8951416015625,5.187650203704834,,,,,,,37.0,3.0,116.0,1.0,0.0,0.0,0.0,0.0,2020,2,Verano,Bosque cerrado desconocido,1,1,0,0,,20–30 m,872_gt1l_1769787,293239.0,5271948.2,BOSQUE_NW_02,operacional,SI,,2020-02-21,NO,1281.55,21.737,21.980,-4.47,PASA
BOSQUE_NW_02(3),ATL08_20200221204631_08720613_007_01.h5,2020-02-21T20:46:31Z,gt1l,-71.52367401123047,-42.67536544799805,67553307.25026053,872.0,6.0,13.0,007,01,8008.0,1.0,1769797.0,1769801.0,1240.156982421875,,27.81787109375,,27.81787109375,5.62649393081665,,,,,,,32.0,2.0,20.0,1.0,0.0,0.0,0.0,0.0,2020,2,Verano,Arbustos,1,1,0,0,,20–30 m,872_gt1l_1769797,293214.4,5272146.3,BOSQUE_NW_02,operacional,SI,,2020-02-21,NO,1226.19,21.734,21.976,-7.77,DESCARTADO
BOSQUE_NW_02(3),ATL08_20200221204631_08720613_007_01.h5,2020-02-21T20:46:31Z,gt1l,-71.52401733398438,-42.67267990112305,67553307.29256034,872.0,6.0,13.0,007,01,8008.0,1.0,1769812.0,1769816.0,1115.96533203125,111.5821762084961,21.5677490234375,106.15271759033203,24.05859375,5.505251407623291,,,,,,,50.0,10.0,126.0,1.0,0.0,0.0,0.0,0.0,2020,2,Verano,Bosque abierto desconocido,1,1,1,1,4.9218264490641435,20–30 m,872_gt1l_1769812,293177.3,5272443.7,BOSQUE_NW_02,operacional,SI,,2020-02-21,NO,1094.64,21.729,21.971,-0.40,PASA
BOSQUE_NW_02(3),ATL08_20200221204631_08720613_007_01.h5,2020-02-21T20:46:31Z,gt1l,-71.52436065673828,-42.66999435424805,67553307.33482964,872.0,6.0,13.0,007,01,8008.0,1.0,1769827.0,1769831.0,1067.6402587890625,6.317258358001709,20.87353515625,8.861760139465332,20.87353515625,7.307068347930908,,,,,,,27.0,169.0,30.0,1.0,0.0,0.0,0.0,0.0,2020,2,Verano,Herbáceas,1,1,1,1,0.4245452470379424,20–30 m,872_gt1l_1769827,293140.3,5272741.1,BOSQUE_NW_02,operacional,SI,,2020-02-21,NO,1046.26,21.724,21.966,-0.34,PASA
BOSQUE_NW_02(3),ATL08_20200221204631_08720613_007_01.h5,2020-02-21T20:46:31Z,gt1l,-71.52540588378906,-42.66194534301758,67553307.46166807,872.0,6.0,13.0,007,01,8008.0,1.0,1769872.0,1769875.0,1118.173095703125,,24.31005859375,,24.31005859375,5.280192852020264,,,,,,,27.0,2.0,112.0,1.0,0.0,0.0,0.0,0.0,2020,2,Verano,Bosque cerrado perennifolio latifolio,1,1,0,0,,20–30 m,872_gt1l_1769872,293027.9,5273632.4,BOSQUE_NW_02,operacional,SI,,2020-02-21,NO,1097.59,21.706,21.946,-1.12,PASA
BOSQUE_NW_02(3),ATL08_20200221204631_08720613_007_01.h5,2020-02-21T20:46:31Z,gt1l,-71.52565002441406,-42.66015625,67553307.48985885,872.0,6.0,13.0,007,01,8008.0,1.0,1769882.0,1769886.0,1144.81298828125,,21.749755859375,,21.749755859375,5.0206708908081055,,,,,,,37.0,4.0,112.0,1.0,0.0,0.0,0.0,0.0,2020,2,Verano,Bosque cerrado perennifolio latifolio,1,1,0,0,,20–30 m,872_gt1l_1769882,293001.9,5273830.4,BOSQUE_NW_02,operacional,SI,,2020-02-21,NO,1121.14,21.702,21.941,1.97,PASA
BOSQUE_NW_02(3),ATL08_20200221204631_08720613_007_01.h5,2020-02-21T20:46:31Z,gt1l,-71.52587890625,-42.65836715698242,67553307.51804292,872.0,6.0,13.0,007,01,8008.0,1.0,1769892.0,1769896.0,1150.463623046875,115.30474853515625,18.482177734375,102.6172866821289,25.4193115234375,4.514749526977539,,,,,,,47.0,10.0,112.0,1.0,0.0,0.0,0.0,0.0,2020,2,Verano,Bosque cerrado perennifolio latifolio,1,1,1,1,5.5522291884073285,10–20 m,872_gt1l_1769892,292977.2,5274028.6,BOSQUE_NW_02,operacional,SI,,2020-02-21,NO,1130.30,21.697,21.936,-1.53,PASA
BOSQUE_NW_02(3),ATL08_20200221204631_08720613_007_01.h5,2020-02-21T20:46:31Z,gt1l,-71.52599334716797,-42.657470703125,67553307.53214425,872.0,6.0,13.0,007,01,8008.0,1.0,1769897.0,1769901.0,1158.7591552734375,,26.5008544921875,,26.5008544921875,4.596614837646484,,,,,,,34.0,3.0,112.0,1.0,0.0,0.0,0.0,0.0,2020,2,Verano,Bosque cerrado perennifolio latifolio,1,1,0,0,,20–30 m,872_gt1l_1769897,292964.9,5274127.8,BOSQUE_NW_02,operacional,SI,,2020-02-21,NO,1141.12,21.695,21.934,-4.06,PASA
BOSQUE_NW_02(3),ATL08_20200221204631_08720613_007_01.h5,2020-02-21T20:46:31Z,gt1l,-71.5263442993164,-42.654788970947266,67553307.57441741,872.0,6.0,13.0,007,01,8008.0,1.0,1769912.0,1769916.0,1184.56591796875,,24.4730224609375,,24.4730224609375,5.664660930633545,,,,,,,39.0,4.0,112.0,1.0,0.0,0.0,0.0,0.0,2020,2,Verano,Bosque cerrado perennifolio latifolio,1,1,0,0,,20–30 m,872_gt1l_1769912,292927.2,5274424.8,BOSQUE_NW_02,operacional,SI,,2020-02-21,NO,1158.83,21.688,21.926,4.05,PASA
BOSQUE_NW_02(3),ATL08_20200221204631_08720613_007_01.h5,2020-02-21T20:46:31Z,gt1l,-71.52667999267578,-42.65228271484375,67553307.61389378,872.0,6.0,13.0,007,01,8008.0,1.0,1769926.0,1769930.0,1298.4219970703125,,23.97802734375,,23.97802734375,5.474506378173828,,,,,,,37.0,4.0,112.0,1.0,0.0,0.0,0.0,0.0,2020,2,Verano,Bosque cerrado perennifolio latifolio,1,1,0,0,,20–30 m,872_gt1l_1769926,292891.4,5274702.3,BOSQUE_NW_02,operacional,SI,,2020-02-21,NO,1273.59,21.682,21.920,3.15,PASA
BOSQUE_NW_02(3),ATL08_20200221204631_08720613_007_01.h5,2020-02-21T20:46:31Z,gt1l,-71.52679443359375,-42.651390075683594,67553307.62798496,872.0,6.0,13.0,007,01,8008.0,1.0,1769931.0,1769935.0,1320.2113037109375,,25.792236328125,,26.576904296875,6.275935649871826,,,,,,,52.0,4.0,112.0,1.0,0.0,0.0,0.0,0.0,2020,2,Verano,Bosque cerrado perennifolio latifolio,1,1,0,0,,20–30 m,872_gt1l_1769931,292879.0,5274801.1,BOSQUE_NW_02,operacional,SI,,2020-02-21,NO,1299.73,21.680,21.917,-1.19,PASA
BOSQUE_NW_02(3),ATL08_20200221204631_08720613_007_01.h5,2020-02-21T20:46:31Z,gt1l,-71.52877044677734,-42.63618087768555,67553307.8674707,872.0,6.0,13.0,007,01,8008.0,1.0,1770016.0,1770020.0,1273.4156494140625,,15.160888671875,,19.899169921875,3.7271361351013184,,,,,,,38.0,3.0,112.0,1.0,0.0,0.0,0.0,0.0,2020,2,Verano,Bosque cerrado perennifolio latifolio,1,1,0,0,,10–20 m,872_gt1l_1770016,292666.5,5276485.3,BOSQUE_NW_02,operacional,SI,,2020-02-21,NO,1258.23,21.642,21.871,-6.45,DESCARTADO
BOSQUE_NW_02(3),ATL08_20200221204631_08720613_007_01.h5,2020-02-21T20:46:31Z,gt1l,-71.52958679199219,-42.62991714477539,67553307.96609701,872.0,6.0,13.0,007,01,8008.0,1.0,1770052.0,1770055.0,1345.9361572265625,,26.6502685546875,,26.8568115234375,7.045621395111084,,,,,,,48.0,3.0,112.0,1.0,0.0,0.0,0.0,0.0,2020,2,Verano,Bosque cerrado perennifolio latifolio,1,1,0,0,,20–30 m,872_gt1l_1770052,292578.8,5277178.9,BOSQUE_NW_02,operacional,SI,,2020-02-21,NO,1324.92,21.626,21.850,-0.61,PASA
BOSQUE_NW_02(3),ATL08_20200221204631_08720613_007_01.h5,2020-02-21T20:46:31Z,gt1l,-71.52982330322266,-42.62812805175781,67553307.99435647,872.0,6.0,13.0,007,01,8008.0,1.0,1770061.0,1770065.0,1339.2208251953125,,18.3114013671875,,21.11474609375,4.392189979553223,,,,,,,46.0,2.0,112.0,1.0,0.0,0.0,0.0,0.0,2020,2,Verano,Bosque cerrado perennifolio latifolio,1,1,0,0,,10–20 m,872_gt1l_1770061,292553.4,5277377.0,BOSQUE_NW_02,operacional,SI,,2020-02-21,NO,1325.14,21.621,21.844,-7.54,DESCARTADO
BOSQUE_NW_02(3),ATL08_20200221204631_08720613_007_01.h5,2020-02-21T20:46:31Z,gt1l,-71.53016662597656,-42.62544631958008,67553308.0366006,872.0,6.0,13.0,007,01,8008.0,1.0,1770076.0,1770080.0,1345.659423828125,,28.2857666015625,,28.2857666015625,7.447166919708252,,,,,,,29.0,2.0,114.0,1.0,0.0,0.0,0.0,0.0,2020,2,Verano,Bosque cerrado caducifolio latifolio,1,1,0,0,,20–30 m,872_gt1l_1770076,292516.4,5277673.9,BOSQUE_NW_02,operacional,SI,,2020-02-21,NO,1327.59,21.614,21.834,-3.55,PASA
BOSQUE_NW_02(3),ATL08_20200221204631_08720613_007_01.h5,2020-02-21T20:46:31Z,gt1l,-71.53028869628906,-42.624549865722656,67553308.05066733,872.0,6.0,13.0,007,01,8008.0,1.0,1770081.0,1770085.0,1342.3345947265625,,25.5625,,25.5625,8.501683235168457,,,,,,,25.0,2.0,112.0,1.0,0.0,0.0,0.0,0.0,2020,2,Verano,Bosque cerrado perennifolio latifolio,1,1,0,0,,20–30 m,872_gt1l_1770081,292503.4,5277773.2,BOSQUE_NW_02,operacional,SI,,2020-02-21,NO,1330.51,21.612,21.831,-9.78,DESCARTADO
BOSQUE_NW_02(3),ATL08_20200221204631_08720613_007_01.h5,2020-02-21T20:46:31Z,gt1l,-71.53142547607422,-42.615604400634766,67553308.1915399,872.0,6.0,13.0,007,01,8008.0,1.0,1770131.0,1770135.0,1016.4246215820312,44.262298583984375,6.9722900390625,49.70499038696289,6.9722900390625,1.3444151878356934,,,,,,,22.0,23.0,126.0,1.0,0.0,0.0,0.0,0.0,2020,2,Verano,Bosque abierto desconocido,1,1,1,1,7.12893326417704,5–10 m,872_gt1l_1770131,292380.4,5278763.8,BOSQUE_NW_02,operacional,SI,,2020-02-21,NO,993.54,21.586,21.800,1.30,PASA
BOSQUE_NW_02(3),ATL08_20200221204631_08720613_007_01.h5,2020-02-21T20:46:31Z,gt1l,-71.53211975097656,-42.610233306884766,67553308.27601103,872.0,6.0,13.0,007,01,8008.0,1.0,1770161.0,1770165.0,874.2006225585938,124.78331756591797,12.4483642578125,49.63678741455078,12.76123046875,2.6649367809295654,,,,,,,37.0,7.0,116.0,1.0,0.0,0.0,0.0,0.0,2020,2,Verano,Bosque cerrado desconocido,1,1,1,1,3.9874144414917088,10–20 m,872_gt1l_1770161,292305.6,5279358.5,BOSQUE_NW_02,operacional,SI,,2020-02-21,NO,854.95,21.571,21.784,-2.32,PASA
BOSQUE_NW_02(3),ATL08_20200221204631_08720613_007_01.h5,2020-02-21T20:46:31Z,gt1l,-71.53457641601562,-42.59144973754883,67553308.57202084,872.0,6.0,13.0,007,01,8008.0,1.0,1770266.0,1770270.0,1184.979736328125,,26.9022216796875,,27.4591064453125,7.459963798522949,,,,,,,45.0,3.0,116.0,1.0,0.0,0.0,0.0,0.0,2020,2,Verano,Bosque cerrado desconocido,1,1,0,0,,20–30 m,872_gt1l_1770266,292041.6,5281438.4,BOSQUE_NW_02,operacional,SI,,2020-02-21,NO,1168.93,21.517,21.723,-5.47,DESCARTADO
BOSQUE_NW_02(3),ATL08_20200221204631_08720613_007_01.h5,2020-02-21T20:46:31Z,gt1l,-71.53469848632812,-42.59055709838867,67553308.58615878,872.0,6.0,13.0,007,01,8008.0,1.0,1770271.0,1770275.0,1165.80029296875,194.07330322265625,16.8128662109375,237.0952606201172,16.8128662109375,3.5665974617004395,,,,,,,25.0,6.0,116.0,1.0,0.0,0.0,0.0,0.0,2020,2,Verano,Bosque cerrado desconocido,1,1,1,1,14.102013163340134,10–20 m,872_gt1l_1770271,292028.6,5281537.2,BOSQUE_NW_02,operacional,SI,,2020-02-21,NO,1139.19,21.515,21.720,5.10,DESCARTADO
BOSQUE_NW_02(3),ATL08_20200221204631_08720613_007_01.h5,2020-02-21T20:46:31Z,gt1l,-71.53504180908203,-42.58787155151367,67553308.62836057,872.0,6.0,13.0,007,01,8008.0,1.0,1770286.0,1770290.0,1082.3665771484375,,21.881591796875,,21.881591796875,5.243551254272461,,,,,,,39.0,5.0,30.0,1.0,0.0,0.0,0.0,0.0,2020,2,Verano,Herbáceas,1,1,0,0,,20–30 m,872_gt1l_1770286,291991.5,5281834.6,BOSQUE_NW_02,operacional,SI,,2020-02-21,NO,1070.73,21.507,21.712,-9.87,DESCARTADO
BOSQUE_NW_02(3),ATL08_20200221204631_08720613_007_01.h5,2020-02-21T20:46:31Z,gt1l,-71.53515625,-42.58697509765625,67553308.64245813,872.0,6.0,13.0,007,01,8008.0,1.0,1770291.0,1770295.0,1065.4578857421875,81.55076599121094,24.9853515625,75.93167114257812,24.9853515625,7.230994701385498,,,,,,,37.0,13.0,30.0,1.0,0.0,0.0,0.0,0.0,2020,2,Verano,Herbáceas,1,1,1,1,3.039047537619699,20–30 m,872_gt1l_1770291,291979.1,5281933.9,BOSQUE_NW_02,operacional,SI,,2020-02-21,NO,1043.04,21.505,21.709,0.92,PASA
BOSQUE_NW_02(3),ATL08_20200221204631_08720613_007_01.h5,2020-02-21T20:46:31Z,gt1l,-71.53527069091797,-42.586082458496094,67553308.65655348,872.0,6.0,13.0,007,01,8008.0,1.0,1770296.0,1770300.0,1036.171630859375,173.38739013671875,20.8392333984375,123.48367309570312,22.8388671875,5.568614959716797,,,,,,,62.0,6.0,30.0,1.0,0.0,0.0,0.0,0.0,2020,2,Verano,Herbáceas,1,1,1,1,5.925538177664529,20–30 m,872_gt1l_1770296,291966.8,5282032.7,BOSQUE_NW_02,operacional,SI,,2020-02-21,NO,1017.98,21.502,21.706,-3.31,PASA
BOSQUE_NW_02(3),ATL08_20200221204631_08720613_007_01.h5,2020-02-21T20:46:31Z,gt1l,-71.53561401367188,-42.583396911621094,67553308.69885491,872.0,6.0,13.0,007,01,8008.0,1.0,1770311.0,1770315.0,977.036865234375,108.3796157836914,20.63201904296875,116.1259536743164,20.63201904296875,4.561556339263916,,,,,,,46.0,9.0,116.0,1.0,0.0,0.0,0.0,0.0,2020,2,Verano,Bosque cerrado desconocido,1,1,1,1,5.628433816024968,20–30 m,872_gt1l_1770311,291929.7,5282330.1,BOSQUE_NW_02,operacional,SI,,2020-02-21,NO,954.57,21.495,21.699,0.97,PASA
BOSQUE_NW_02(3),ATL08_20200221204631_08720613_007_01.h5,2020-02-21T20:46:31Z,gt1l,-71.53607177734375,-42.57981872558594,67553308.75525075,872.0,6.0,13.0,007,01,8008.0,1.0,1770331.0,1770335.0,877.09912109375,44.01176071166992,21.05303955078125,48.33679962158203,22.0386962890625,6.217052936553955,,,,,,,47.0,20.0,20.0,1.0,0.0,0.0,0.0,0.0,2020,2,Verano,Arbustos,1,1,1,1,2.2959534895182543,20–30 m,872_gt1l_1770331,291880.2,5282726.3,BOSQUE_NW_02,operacional,SI,,2020-02-21,NO,857.53,21.484,21.697,-1.92,PASA
BOSQUE_NW_02(3),ATL08_20200221204631_08720613_007_01.h5,2020-02-21T20:46:31Z,gt1l,-71.53641510009766,-42.57713317871094,67553308.79751316,872.0,6.0,13.0,007,01,8008.0,1.0,1770346.0,1770350.0,849.1636352539062,,18.559326171875,,19.40380859375,4.675500392913818,,,,,,,54.0,2.0,126.0,1.0,0.0,0.0,0.0,0.0,2020,2,Verano,Bosque abierto desconocido,1,1,0,0,,10–20 m,872_gt1l_1770346,291843.1,5283023.7,BOSQUE_NW_02,operacional,SI,,2020-02-21,NO,828.69,21.477,21.696,-1.01,PASA
BOSQUE_NW_02(3),ATL08_20200221204631_08720613_007_01.h5,2020-02-21T20:46:31Z,gt1l,-71.53746032714844,-42.56908416748047,67553308.92434327,872.0,6.0,13.0,007,01,8008.0,1.0,1770391.0,1770395.0,790.5140991210938,,14.0562744140625,,14.7767333984375,3.1848230361938477,,,,,,,29.0,3.0,116.0,1.0,0.0,0.0,0.0,0.0,2020,2,Verano,Bosque cerrado desconocido,1,1,0,0,,10–20 m,872_gt1l_1770391,291730.5,5283915.0,BOSQUE_NW_02,operacional,SI,,2020-02-21,NO,775.86,21.454,21.692,-6.80,DESCARTADO
BOSQUE_NW_02(3),ATL08_20200221204631_08720613_007_01.h5,2020-02-21T20:46:31Z,gt1l,-71.53792572021484,-42.56550598144531,67553308.9808023,872.0,6.0,13.0,007,01,8008.0,1.0,1770411.0,1770415.0,781.5100708007812,,23.73406982421875,,24.58905029296875,7.010775089263916,,,,,,,59.0,5.0,116.0,1.0,0.0,0.0,0.0,0.0,2020,2,Verano,Bosque cerrado desconocido,1,1,0,0,,20–30 m,872_gt1l_1770411,291680.4,5284311.2,BOSQUE_NW_02,operacional,SI,,2020-02-21,NO,760.67,21.445,21.688,-0.60,PASA
BOSQUE_NW_02(3),ATL08_20200221204631_08720613_007_01.h5,2020-02-21T20:46:31Z,gt1l,-71.53816223144531,-42.563716888427734,67553309.00893468,872.0,6.0,13.0,007,01,8008.0,1.0,1770421.0,1770425.0,774.95703125,,26.7327880859375,,27.02691650390625,7.467643737792969,,,,,,,45.0,5.0,126.0,1.0,0.0,0.0,0.0,0.0,2020,2,Verano,Bosque abierto desconocido,1,1,0,0,,20–30 m,872_gt1l_1770421,291655.0,5284509.3,BOSQUE_NW_02,operacional,SI,,2020-02-21,NO,754.96,21.440,21.686,-1.45,PASA
BOSQUE_NW_02(3),ATL08_20200221204631_08720613_007_01.h5,2020-02-21T20:46:31Z,gt1l,-71.53884887695312,-42.558345794677734,67553309.0935656,872.0,6.0,13.0,007,01,8008.0,1.0,1770451.0,1770455.0,763.4203491210938,31.81437873840332,18.92071533203125,36.399471282958984,19.4349365234375,5.143335342407227,,,,,,,50.0,24.0,126.0,1.0,0.0,0.0,0.0,0.0,2020,2,Verano,Bosque abierto desconocido,1,1,1,1,1.9237893834456463,10–20 m,872_gt1l_1770451,291580.7,5285104.1,BOSQUE_NW_02,operacional,SI,,2020-02-21,NO,742.53,21.425,21.678,-0.53,PASA
BOSQUE_NW_02(3),ATL08_20200221204631_08720613_007_01.h5,2020-02-21T20:46:31Z,gt1l,-71.53897094726562,-42.55745315551758,67553309.10760522,872.0,6.0,13.0,007,01,8008.0,1.0,1770456.0,1770460.0,762.90380859375,,17.1953125,,18.399658203125,4.562384128570557,,,,,,,48.0,5.0,126.0,1.0,0.0,0.0,0.0,0.0,2020,2,Verano,Bosque abierto desconocido,1,1,0,0,,10–20 m,872_gt1l_1770456,291567.7,5285202.9,BOSQUE_NW_02,operacional,NO,2.9,2020-02-21,NO,743.96,21.423,21.677,-2.48,PASA
BOSQUE_NW_02(3),ATL08_20200221204631_08720613_007_01.h5,2020-02-21T20:46:31Z,gt1r,-71.5215835571289,-42.682979583740234,67553307.48021919,872.0,6.0,13.0,007,01,8008.0,1.0,1769754.0,1769758.0,1403.8629150390625,,14.775390625,,15.791015625,3.589991807937622,,,,,,,87.0,9.0,126.0,1.0,0.0,0.0,0.0,0.0,2020,2,Verano,Bosque abierto desconocido,1,1,0,0,,10–20 m,872_gt1r_1769754,293410.9,5271305.8,BOSQUE_NW_02,operacional,SI,,2020-02-21,NO,1392.31,21.748,21.993,-10.19,DESCARTADO
BOSQUE_NW_02(3),ATL08_20200221204631_08720613_007_01.h5,2020-02-21T20:46:31Z,gt1r,-71.52216339111328,-42.678504943847656,67553307.5506512,872.0,6.0,13.0,007,01,8008.0,1.0,1769779.0,1769783.0,1287.3782958984375,,22.1175537109375,,22.9608154296875,5.424575328826904,,,,,,,96.0,5.0,112.0,1.0,0.0,0.0,0.0,0.0,2020,2,Verano,Bosque cerrado perennifolio latifolio,1,1,0,0,,20–30 m,872_gt1r_1769779,293348.5,5271801.3,BOSQUE_NW_02,operacional,SI,,2020-02-21,NO,1273.56,21.740,21.984,-7.92,DESCARTADO
BOSQUE_NW_02(3),ATL08_20200221204631_08720613_007_01.h5,2020-02-21T20:46:31Z,gt1r,-71.52227783203125,-42.6776123046875,67553307.5647524,872.0,6.0,13.0,007,01,8008.0,1.0,1769784.0,1769788.0,1272.8687744140625,,18.1856689453125,,19.01904296875,4.5129523277282715,,,,,,,103.0,6.0,112.0,1.0,0.0,0.0,0.0,0.0,2020,2,Verano,Bosque cerrado perennifolio latifolio,1,1,0,0,,10–20 m,872_gt1r_1769784,293336.2,5271900.2,BOSQUE_NW_02,operacional,SI,,2020-02-21,NO,1255.96,21.739,21.982,-4.83,PASA
BOSQUE_NW_02(3),ATL08_20200221204631_08720613_007_01.h5,2020-02-21T20:46:31Z,gt1r,-71.5228500366211,-42.67313766479492,67553307.63518725,872.0,6.0,13.0,007,01,8008.0,1.0,1769809.0,1769813.0,1135.2509765625,30.68869400024414,7.058349609375,12.376341819763184,8.16064453125,1.6608389616012573,,,,,,,86.0,37.0,116.0,1.0,0.0,0.0,0.0,0.0,2020,2,Verano,Bosque cerrado desconocido,1,1,1,1,1.7534328142834907,5–10 m,872_gt1r_1769809,293274.5,5272395.7,BOSQUE_NW_02,operacional,SI,,2020-02-21,NO,1114.41,21.731,21.974,-0.89,PASA
BOSQUE_NW_02(3),ATL08_20200221204631_08720613_007_01.h5,2020-02-21T20:46:31Z,gt1r,-71.52447509765625,-42.660614013671875,67553307.83258879,872.0,6.0,13.0,007,01,8008.0,1.0,1769879.0,1769883.0,1151.3238525390625,21.677112579345703,14.6500244140625,15.566547393798828,15.84033203125,3.523005247116089,,,,,,,60.0,53.0,112.0,1.0,0.0,0.0,0.0,0.0,2020,2,Verano,Bosque cerrado perennifolio latifolio,1,1,1,1,1.0625611912876105,10–20 m,872_gt1r_1769879,293099.8,5273782.5,BOSQUE_NW_02,operacional,SI,,2020-02-21,NO,1127.81,21.705,21.943,1.80,PASA
BOSQUE_NW_02(3),ATL08_20200221204631_08720613_007_01.h5,2020-02-21T20:46:31Z,gt1r,-71.52494812011719,-42.65703582763672,67553307.88898267,872.0,6.0,13.0,007,01,8008.0,1.0,1769899.0,1769903.0,1189.9359130859375,,22.1378173828125,,24.0836181640625,4.957213401794434,,,,,,,109.0,3.0,112.0,1.0,0.0,0.0,0.0,0.0,2020,2,Verano,Bosque cerrado perennifolio latifolio,1,1,0,0,,20–30 m,872_gt1r_1769899,293049.1,5274178.7,BOSQUE_NW_02,operacional,SI,,2020-02-21,NO,1175.82,21.696,21.933,-7.58,DESCARTADO
BOSQUE_NW_02(3),ATL08_20200221204631_08720613_007_01.h5,2020-02-21T20:46:31Z,gt1r,-71.52517700195312,-42.65524673461914,67553307.91700767,872.0,6.0,13.0,007,01,8008.0,1.0,1769909.0,1769913.0,1189.426025390625,,23.4293212890625,,23.8543701171875,6.212274074554443,,,,,,,112.0,3.0,112.0,1.0,0.0,0.0,0.0,0.0,2020,2,Verano,Bosque cerrado perennifolio latifolio,1,1,0,0,,20–30 m,872_gt1r_1769909,293024.4,5274376.8,BOSQUE_NW_02,operacional,SI,,2020-02-21,NO,1171.73,21.691,21.928,-4.00,PASA
BOSQUE_NW_02(3),ATL08_20200221204631_08720613_007_01.h5,2020-02-21T20:46:31Z,gt1r,-71.5255355834961,-42.65256118774414,67553307.95919977,872.0,6.0,13.0,007,01,8008.0,1.0,1769924.0,1769928.0,1259.8231201171875,,17.6614990234375,,17.91552734375,4.079645156860352,,,,,,,70.0,7.0,112.0,1.0,0.0,0.0,0.0,0.0,2020,2,Verano,Bosque cerrado perennifolio latifolio,1,1,0,0,,10–20 m,872_gt1r_1769924,292986.1,5274674.2,BOSQUE_NW_02,operacional,SI,,2020-02-21,NO,1236.03,21.684,21.920,2.11,PASA
BOSQUE_NW_02(3),ATL08_20200221204631_08720613_007_01.h5,2020-02-21T20:46:31Z,gt1r,-71.5278549194336,-42.63467025756836,67553308.24109928,872.0,6.0,13.0,007,01,8008.0,1.0,1770024.0,1770028.0,1250.3115234375,,20.5107421875,,24.412353515625,5.560029029846191,,,,,,,87.0,7.0,112.0,1.0,0.0,0.0,0.0,0.0,2020,2,Verano,Bosque cerrado perennifolio latifolio,1,1,0,0,,20–30 m,872_gt1r_1770024,292736.6,5276655.3,BOSQUE_NW_02,operacional,SI,,2020-02-21,NO,1228.12,21.640,21.866,0.55,PASA
BOSQUE_NW_02(3),ATL08_20200221204631_08720613_007_01.h5,2020-02-21T20:46:31Z,gt1r,-71.52796936035156,-42.6337776184082,67553308.25523369,872.0,6.0,13.0,007,01,8008.0,1.0,1770029.0,1770033.0,1243.7513427734375,,27.6849365234375,,28.4307861328125,5.89046049118042,,,,,,,83.0,7.0,112.0,1.0,0.0,0.0,0.0,0.0,2020,2,Verano,Bosque cerrado perennifolio latifolio,1,1,0,0,,20–30 m,872_gt1r_1770029,292724.2,5276754.1,BOSQUE_NW_02,operacional,SI,,2020-02-21,NO,1223.23,21.637,21.863,-1.12,PASA
BOSQUE_NW_02(3),ATL08_20200221204631_08720613_007_01.h5,2020-02-21T20:46:31Z,gt1r,-71.52855682373047,-42.629302978515625,67553308.32554027,872.0,6.0,13.0,007,01,8008.0,1.0,1770054.0,1770058.0,1346.988525390625,96.11952209472656,14.115966796875,31.856260299682617,14.8818359375,3.7687933444976807,,,,,,,123.0,14.0,112.0,1.0,0.0,0.0,0.0,0.0,2020,2,Verano,Bosque cerrado perennifolio latifolio,1,1,1,1,2.2567537001245266,10–20 m,872_gt1r_1770054,292661.2,5277249.6,BOSQUE_NW_02,operacional,SI,,2020-02-21,NO,1325.52,21.626,21.848,-0.15,PASA
BOSQUE_NW_02(3),ATL08_20200221204631_08720613_007_01.h5,2020-02-21T20:46:31Z,gt1r,-71.5289077758789,-42.62662124633789,67553308.36782765,872.0,6.0,13.0,007,01,8008.0,1.0,1770069.0,1770073.0,1344.7255859375,8.907966613769531,15.810546875,11.643269538879395,16.2449951171875,3.489452838897705,,,,,,,52.0,151.0,112.0,1.0,0.0,0.0,0.0,0.0,2020,2,Verano,Bosque cerrado perennifolio latifolio,1,1,1,1,0.7364242129593885,10–20 m,872_gt1r_1770069,292623.5,5277546.5,BOSQUE_NW_02,operacional,SI,,2020-02-21,NO,1324.23,21.619,21.839,-1.12,PASA
BOSQUE_NW_02(3),ATL08_20200221204631_08720613_007_01.h5,2020-02-21T20:46:31Z,gt1r,-71.53108978271484,-42.609619140625,67553308.63584399,872.0,6.0,13.0,007,01,8008.0,1.0,1770164.0,1770168.0,874.62451171875,7.594459533691406,10.780029296875,8.103272438049316,18.5528564453125,2.613011598587036,,,,,,,111.0,115.0,114.0,1.0,0.0,0.0,0.0,0.0,2020,2,Verano,Bosque cerrado caducifolio latifolio,1,1,1,1,0.7516929884780885,10–20 m,872_gt1r_1770164,292388.1,5279429.3,BOSQUE_NW_02,operacional,SI,,2020-02-21,NO,853.79,21.570,21.784,-0.74,PASA
BOSQUE_NW_02(3),ATL08_20200221204631_08720613_007_01.h5,2020-02-21T20:46:31Z,gt1r,-71.53168487548828,-42.60514831542969,67553308.70625526,872.0,6.0,13.0,007,01,8008.0,1.0,1770190.0,1770193.0,1053.805419921875,,19.441650390625,,20.2618408203125,5.035902500152588,,,,,,,39.0,5.0,112.0,1.0,0.0,0.0,0.0,0.0,2020,2,Verano,Bosque cerrado perennifolio latifolio,1,1,0,0,,10–20 m,872_gt1r_1770190,292324.4,5279924.3,BOSQUE_NW_02,operacional,SI,,2020-02-21,NO,1025.82,21.558,21.770,6.43,DESCARTADO
BOSQUE_NW_02(3),ATL08_20200221204631_08720613_007_01.h5,2020-02-21T20:46:31Z,gt1r,-71.53180694580078,-42.60425567626953,67553308.72025186,872.0,6.0,13.0,007,01,8008.0,1.0,1770194.0,1770198.0,1102.8121337890625,,19.3472900390625,,21.9276123046875,4.786522388458252,,,,,,,76.0,8.0,112.0,1.0,0.0,0.0,0.0,0.0,2020,2,Verano,Bosque cerrado perennifolio latifolio,1,1,0,0,,10–20 m,872_gt1r_1770194,292311.4,5280023.1,BOSQUE_NW_02,operacional,SI,,2020-02-21,NO,1081.79,21.555,21.767,-0.53,PASA
BOSQUE_NW_02(3),ATL08_20200221204631_08720613_007_01.h5,2020-02-21T20:46:31Z,gt1r,-71.53192138671875,-42.60335922241211,67553308.73436658,872.0,6.0,13.0,007,01,8008.0,1.0,1770199.0,1770201.0,1189.045654296875,,11.86181640625,,23.580810546875,3.3310768604278564,,,,,,,38.0,8.0,112.0,1.0,0.0,0.0,0.0,0.0,2020,2,Verano,Bosque cerrado perennifolio latifolio,1,1,0,0,,10–20 m,872_gt1r_1770199,292299.0,5280122.4,BOSQUE_NW_02,operacional,SI,,2020-02-21,NO,1157.73,21.552,21.764,9.76,DESCARTADO
BOSQUE_NW_02(3),ATL08_20200221204631_08720613_007_01.h5,2020-02-21T20:46:31Z,gt1r,-71.53331756591797,-42.59262466430664,67553308.90364827,872.0,6.0,13.0,007,01,8008.0,1.0,1770259.0,1770263.0,1197.1546630859375,18.454784393310547,18.9576416015625,21.314258575439453,21.7601318359375,5.326794624328613,,,,,,,108.0,65.0,30.0,1.0,0.0,0.0,0.0,0.0,2020,2,Verano,Herbáceas,1,1,1,1,1.1243096068280307,10–20 m,872_gt1r_1770259,292148.8,5281311.0,BOSQUE_NW_02,operacional,SI,,2020-02-21,NO,1180.29,21.522,21.728,-4.65,PASA
BOSQUE_NW_02(3),ATL08_20200221204631_08720613_007_01.h5,2020-02-21T20:46:31Z,gt1r,-71.5336685180664,-42.58993911743164,67553308.94583237,872.0,6.0,13.0,007,01,8008.0,1.0,1770275.0,1770277.0,1129.682373046875,,20.714599609375,,21.6878662109375,5.362278938293457,,,,,,,68.0,8.0,116.0,1.0,0.0,0.0,0.0,0.0,2020,2,Verano,Bosque cerrado desconocido,1,1,0,0,,20–30 m,872_gt1r_1770275,292111.1,5281608.4,BOSQUE_NW_02,operacional,SI,,2020-02-21,NO,1110.73,21.514,21.719,-2.56,PASA
BOSQUE_NW_02(3),ATL08_20200221204631_08720613_007_01.h5,2020-02-21T20:46:31Z,gt1r,-71.53389739990234,-42.58815002441406,67553308.97405751,872.0,6.0,13.0,007,01,8008.0,1.0,1770284.0,1770288.0,1087.641357421875,,18.9337158203125,,22.877685546875,5.431021213531494,,,,,,,103.0,5.0,126.0,1.0,0.0,0.0,0.0,0.0,2020,2,Verano,Bosque abierto desconocido,1,1,0,0,,10–20 m,872_gt1r_1770284,292086.3,5281806.5,BOSQUE_NW_02,operacional,SI,,2020-02-21,NO,1062.65,21.509,21.713,3.49,PASA
BOSQUE_NW_02(3),ATL08_20200221204631_08720613_007_01.h5,2020-02-21T20:46:31Z,gt1r,-71.53401184082031,-42.587257385253906,67553308.98820722,872.0,6.0,13.0,007,01,8008.0,1.0,1770289.0,1770293.0,1063.502685546875,42.471675872802734,9.7384033203125,11.85716438293457,11.100830078125,1.9445157051086426,,,,,,,93.0,25.0,116.0,1.0,0.0,0.0,0.0,0.0,2020,2,Verano,Bosque cerrado desconocido,1,1,1,1,1.2175676025044813,5–10 m,872_gt1r_1770289,292074.0,5281905.4,BOSQUE_NW_02,operacional,SI,,2020-02-21,NO,1040.55,21.507,21.710,1.45,PASA
BOSQUE_NW_02(3),ATL08_20200221204631_08720613_007_01.h5,2020-02-21T20:46:31Z,gt1r,-71.53412628173828,-42.586360931396484,67553309.00233318,872.0,6.0,13.0,007,01,8008.0,1.0,1770294.0,1770298.0,1034.8726806640625,54.369537353515625,9.7391357421875,18.107572555541992,12.2669677734375,2.751997709274292,,,,,,,97.0,19.0,116.0,1.0,0.0,0.0,0.0,0.0,2020,2,Verano,Bosque cerrado desconocido,1,1,1,1,1.8592586688266923,5–10 m,872_gt1r_1770294,292061.6,5282004.6,BOSQUE_NW_02,operacional,SI,,2020-02-21,NO,1013.58,21.504,21.708,-0.21,PASA
BOSQUE_NW_02(3),ATL08_20200221204631_08720613_007_01.h5,2020-02-21T20:46:31Z,gt1r,-71.53469848632812,-42.581886291503906,67553309.0729168,872.0,6.0,13.0,007,01,8008.0,1.0,1770319.0,1770323.0,914.955078125,30.507038116455078,6.3076171875,16.01728057861328,7.254638671875,1.6284043788909912,,,,,,,129.0,30.0,20.0,1.0,0.0,0.0,0.0,0.0,2020,2,Verano,Arbustos,1,1,1,1,2.5393552117200806,5–10 m,872_gt1r_1770319,291999.8,5282500.1,BOSQUE_NW_02,operacional,SI,,2020-02-21,NO,895.12,21.492,21.699,-1.65,PASA
BOSQUE_NW_02(3),ATL08_20200221204631_08720613_007_01.h5,2020-02-21T20:46:31Z,gt1r,-71.53551483154297,-42.575626373291016,67553309.17153051,872.0,6.0,13.0,007,01,8008.0,1.0,1770354.0,1770358.0,833.4849243164062,16.653881072998047,11.4473876953125,15.154065132141113,13.00970458984375,2.1429014205932617,,,,,,,135.0,50.0,126.0,1.0,0.0,0.0,0.0,0.0,2020,2,Verano,Bosque abierto desconocido,1,1,1,1,1.3238011619320302,10–20 m,872_gt1r_1770354,291911.9,5283193.3,BOSQUE_NW_02,operacional,SI,,2020-02-21,NO,810.99,21.474,21.696,1.02,PASA
BOSQUE_NW_02(3),ATL08_20200221204631_08720613_007_01.h5,2020-02-21T20:46:31Z,gt1r,-71.53585815429688,-42.572940826416016,67553309.21385464,872.0,6.0,13.0,007,01,8008.0,1.0,1770369.0,1770373.0,829.4544677734375,16.874839782714844,7.22259521484375,8.830048561096191,7.83709716796875,1.8989704847335815,,,,,,,77.0,49.0,126.0,1.0,0.0,0.0,0.0,0.0,2020,2,Verano,Bosque abierto desconocido,1,1,1,1,1.22255896923987,5–10 m,872_gt1r_1770369,291874.8,5283490.7,BOSQUE_NW_02,operacional,SI,,2020-02-21,NO,805.94,21.466,21.694,2.04,PASA
BOSQUE_NW_02(3),ATL08_20200221204631_08720613_007_01.h5,2020-02-21T20:46:31Z,gt1r,-71.53597259521484,-42.57204818725586,67553309.22785112,872.0,6.0,13.0,007,01,8008.0,1.0,1770374.0,1770378.0,819.0499267578125,4.550707817077637,7.13897705078125,5.89398717880249,8.27239990234375,1.4734249114990234,,,,,,,67.0,180.0,126.0,1.0,0.0,0.0,0.0,0.0,2020,2,Verano,Bosque abierto desconocido,1,1,1,1,0.8256066852263497,5–10 m,872_gt1r_1770374,291862.5,5283589.5,BOSQUE_NW_02,operacional,SI,,2020-02-21,NO,797.77,21.464,21.694,-0.18,PASA
BOSQUE_NW_02(3),ATL08_20200221204631_08720613_007_01.h5,2020-02-21T20:46:31Z,gt1r,-71.53643035888672,-42.56846618652344,67553309.28447483,872.0,6.0,13.0,007,01,8008.0,1.0,1770394.0,1770398.0,789.2391357421875,41.53342819213867,15.86639404296875,11.817978858947754,18.92437744140625,3.848253011703491,,,,,,,141.0,19.0,116.0,1.0,0.0,0.0,0.0,0.0,2020,2,Verano,Bosque cerrado desconocido,1,1,1,1,0.7448433983766422,10–20 m,872_gt1r_1770394,291813.0,5283986.2,BOSQUE_NW_02,operacional,SI,,2020-02-21,NO,771.15,21.454,21.692,-3.37,PASA
BOSQUE_NW_02(3),ATL08_20200221204631_08720613_007_01.h5,2020-02-21T20:46:31Z,gt1r,-71.53749084472656,-42.56041717529297,67553309.41119649,872.0,6.0,13.0,007,01,8008.0,1.0,1770439.0,1770443.0,767.9114379882812,13.714583396911621,10.65899658203125,12.001577377319336,12.627685546875,3.0774011611938477,,,,,,,96.0,56.0,116.0,1.0,0.0,0.0,0.0,0.0,2020,2,Verano,Bosque cerrado desconocido,1,1,1,1,1.1259575218882596,10–20 m,872_gt1r_1770439,291699.1,5284877.4,BOSQUE_NW_02,operacional,SI,,2020-02-21,NO,747.71,21.431,21.680,-1.23,PASA
BOSQUE_NW_02(3),ATL08_20200221204631_08720613_007_01.h5,2020-02-21T20:46:31Z,gt1r,-71.53759765625,-42.55952072143555,67553309.42528835,872.0,6.0,13.0,007,01,8008.0,1.0,1770444.0,1770448.0,766.48876953125,13.687871932983398,11.87652587890625,10.380488395690918,13.72369384765625,3.116507053375244,,,,,,,125.0,56.0,126.0,1.0,0.0,0.0,0.0,0.0,2020,2,Verano,Bosque abierto desconocido,1,1,1,1,0.8740340821491893,10–20 m,872_gt1r_1770444,291687.4,5284976.7,BOSQUE_NW_02,operacional,SI,,2020-02-21,NO,747.21,21.429,21.679,-2.15,PASA
BOSQUE_NW_02(3),ATL08_20200221204631_08720613_007_01.h5,2020-02-21T20:46:31Z,gt1r,-71.53771209716797,-42.55862808227539,67553309.4395183,872.0,6.0,13.0,007,01,8008.0,1.0,1770449.0,1770453.0,768.1617431640625,5.409496784210205,10.42059326171875,6.86289644241333,11.01953125,2.6602041721343994,,,,,,,93.0,142.0,90.0,1.0,0.0,0.0,0.0,0.0,2020,2,Verano,Humedal herbáceo,1,1,1,1,0.658589800988104,10–20 m,872_gt1r_1770449,291675.0,5285075.5,BOSQUE_NW_02,operacional,SI,,2020-02-21,NO,747.00,21.427,21.678,-0.27,PASA
BOSQUE_NW_02(3),ATL08_20200221204631_08720613_007_01.h5,2020-02-21T20:46:31Z,gt2l,-71.48119354248047,-42.69184112548828,67553306.929002,872.0,6.0,13.0,007,01,8008.0,1.0,1769689.0,1769693.0,1073.6400146484375,,13.8280029296875,,15.1217041015625,2.7832822799682617,,,,,,,33.0,3.0,116.0,1.0,0.0,0.0,0.0,0.0,2020,2,Verano,Bosque cerrado desconocido,1,1,0,0,,10–20 m,872_gt2l_1769689,296749.1,5270419.8,BOSQUE_NW_02,operacional,SI,,2020-02-21,NO,1056.59,21.788,22.030,-4.74,PASA
BOSQUE_NW_02(3),ATL08_20200221204631_08720613_007_01.h5,2020-02-21T20:46:31Z,gt2l,-71.48153686523438,-42.68915557861328,67553306.97126429,872.0,6.0,13.0,007,01,8008.0,1.0,1769704.0,1769708.0,1072.0546875,59.53639221191406,14.51953125,63.55259704589844,16.21044921875,3.9458844661712646,,,,,,,45.0,18.0,116.0,1.0,0.0,0.0,0.0,0.0,2020,2,Verano,Bosque cerrado desconocido,1,1,1,1,4.377041927293516,10–20 m,872_gt2l_1769704,296712.2,5270717.2,BOSQUE_NW_02,operacional,SI,,2020-02-21,NO,1051.11,21.786,22.029,-0.84,PASA
BOSQUE_NW_02(3),ATL08_20200221204631_08720613_007_01.h5,2020-02-21T20:46:31Z,gt2l,-71.48177337646484,-42.6873664855957,67553306.9994733,872.0,6.0,13.0,007,01,8008.0,1.0,1769714.0,1769718.0,1067.1060791015625,76.23377227783203,11.0966796875,63.036373138427734,11.6153564453125,2.280888319015503,,,,,,,42.0,14.0,114.0,1.0,0.0,0.0,0.0,0.0,2020,2,Verano,Bosque cerrado caducifolio latifolio,1,1,1,1,5.680651772749274,10–20 m,872_gt2l_1769714,296687.0,5270915.3,BOSQUE_NW_02,operacional,SI,,2020-02-21,NO,1046.32,21.784,22.028,-1.00,PASA
BOSQUE_NW_02(3),ATL08_20200221204631_08720613_007_01.h5,2020-02-21T20:46:31Z,gt2l,-71.48188781738281,-42.68647384643555,67553307.01360857,872.0,6.0,13.0,007,01,8008.0,1.0,1769719.0,1769723.0,1063.3203125,75.97169494628906,11.6207275390625,65.62689208984375,11.6207275390625,2.5303235054016113,,,,,,,40.0,14.0,116.0,1.0,0.0,0.0,0.0,0.0,2020,2,Verano,Bosque cerrado desconocido,1,1,1,1,5.6473996029286635,10–20 m,872_gt2l_1769719,296674.7,5271014.1,BOSQUE_NW_02,operacional,SI,,2020-02-21,NO,1042.96,21.784,22.028,-1.43,PASA
BOSQUE_NW_02(3),ATL08_20200221204631_08720613_007_01.h5,2020-02-21T20:46:31Z,gt2l,-71.48200225830078,-42.685577392578125,67553307.02765076,872.0,6.0,13.0,007,01,8008.0,1.0,1769724.0,1769728.0,1059.6207275390625,58.88409423828125,12.873046875,48.459938049316406,12.873046875,2.273651361465454,,,,,,,19.0,18.0,116.0,1.0,0.0,0.0,0.0,0.0,2020,2,Verano,Bosque cerrado desconocido,1,1,1,1,3.764449746813837,10–20 m,872_gt2l_1769724,296662.4,5271113.4,BOSQUE_NW_02,operacional,SI,,2020-02-21,NO,1038.32,21.783,22.027,-0.49,PASA
BOSQUE_NW_02(3),ATL08_20200221204631_08720613_007_01.h5,2020-02-21T20:46:31Z,gt2l,-71.48235321044922,-42.68289566040039,67553307.07000728,872.0,6.0,13.0,007,01,8008.0,1.0,1769739.0,1769743.0,1058.115478515625,105.83050537109375,15.2423095703125,94.13578033447266,15.2423095703125,4.413910388946533,,,,,,,41.0,10.0,20.0,1.0,0.0,0.0,0.0,0.0,2020,2,Verano,Arbustos,1,1,1,1,6.175952528731029,10–20 m,872_gt2l_1769739,296624.9,5271410.4,BOSQUE_NW_02,operacional,SI,,2020-02-21,NO,1037.21,21.780,22.025,-0.88,PASA
BOSQUE_NW_02(3),ATL08_20200221204631_08720613_007_01.h5,2020-02-21T20:46:31Z,gt2l,-71.48246765136719,-42.68199920654297,67553307.08404012,872.0,6.0,13.0,007,01,8008.0,1.0,1769744.0,1769748.0,1054.5216064453125,87.89615631103516,15.5294189453125,88.22126770019531,15.5294189453125,3.817779779434204,,,,,,,26.0,12.0,20.0,1.0,0.0,0.0,0.0,0.0,2020,2,Verano,Arbustos,1,1,1,1,5.680912338759757,10–20 m,872_gt2l_1769744,296612.6,5271509.7,BOSQUE_NW_02,operacional,SI,,2020-02-21,NO,1033.86,21.780,22.024,-1.12,PASA
BOSQUE_NW_02(3),ATL08_20200221204631_08720613_007_01.h5,2020-02-21T20:46:31Z,gt2l,-71.48281860351562,-42.679317474365234,67553307.12637441,872.0,6.0,13.0,007,01,8008.0,1.0,1769759.0,1769763.0,1067.6937255859375,,17.6627197265625,,17.6627197265625,3.623380661010742,,,,,,,33.0,2.0,116.0,1.0,0.0,0.0,0.0,0.0,2020,2,Verano,Bosque cerrado desconocido,1,1,0,0,,10–20 m,872_gt2l_1769759,296575.1,5271806.6,BOSQUE_NW_02,operacional,SI,,2020-02-21,NO,1048.19,21.777,22.022,-2.27,PASA
BOSQUE_NW_02(3),ATL08_20200221204631_08720613_007_01.h5,2020-02-21T20:46:31Z,gt2l,-71.48294067382812,-42.67842102050781,67553307.14045705,872.0,6.0,13.0,007,01,8008.0,1.0,1769764.0,1769768.0,1071.1741943359375,107.12601470947266,15.80615234375,101.71125793457031,15.80615234375,4.906692028045654,,,,,,,32.0,10.0,116.0,1.0,0.0,0.0,0.0,0.0,2020,2,Verano,Bosque cerrado desconocido,1,1,1,1,6.4349157038707485,10–20 m,872_gt2l_1769764,296562.1,5271905.9,BOSQUE_NW_02,operacional,SI,,2020-02-21,NO,1047.82,21.776,22.021,1.58,PASA
BOSQUE_NW_02(3),ATL08_20200221204631_08720613_007_01.h5,2020-02-21T20:46:31Z,gt2l,-71.4830551147461,-42.677528381347656,67553307.15454367,872.0,6.0,13.0,007,01,8008.0,1.0,1769769.0,1769773.0,1068.8240966796875,71.24180603027344,15.4776611328125,89.51753234863281,15.4776611328125,3.968355894088745,,,,,,,37.0,15.0,116.0,1.0,0.0,0.0,0.0,0.0,2020,2,Verano,Bosque cerrado desconocido,1,1,1,1,5.783660178401016,10–20 m,872_gt2l_1769769,296549.8,5272004.7,BOSQUE_NW_02,operacional,SI,,2020-02-21,NO,1048.00,21.775,22.020,-0.95,PASA
BOSQUE_NW_02(3),ATL08_20200221204631_08720613_007_01.h5,2020-02-21T20:46:31Z,gt2l,-71.48363494873047,-42.67305374145508,67553307.22500591,872.0,6.0,13.0,007,01,8008.0,1.0,1769794.0,1769798.0,1060.3802490234375,,8.1529541015625,,8.5185546875,1.7399855852127075,,,,,,,33.0,2.0,116.0,1.0,0.0,0.0,0.0,0.0,2020,2,Verano,Bosque cerrado desconocido,1,1,0,0,,5–10 m,872_gt2l_1769794,296487.7,5272500.2,BOSQUE_NW_02,operacional,SI,,2020-02-21,NO,1040.65,21.771,22.014,-2.04,PASA
BOSQUE_NW_02(3),ATL08_20200221204631_08720613_007_01.h5,2020-02-21T20:46:31Z,gt2l,-71.48375701904297,-42.67216110229492,67553307.23906969,872.0,6.0,13.0,007,01,8008.0,1.0,1769799.0,1769803.0,1061.33203125,,12.8966064453125,,12.8966064453125,2.223186731338501,,,,,,,13.0,3.0,40.0,1.0,0.0,0.0,0.0,0.0,2020,2,Verano,Cultivos/manejo,1,1,0,0,,10–20 m,872_gt2l_1769799,296474.8,5272599.1,BOSQUE_NW_02,operacional,SI,,2020-02-21,NO,1042.27,21.770,22.013,-2.71,PASA
BOSQUE_NW_02(3),ATL08_20200221204631_08720613_007_01.h5,2020-02-21T20:46:31Z,gt2l,-71.48434448242188,-42.667686462402344,67553307.30956446,872.0,6.0,13.0,007,01,8008.0,1.0,1769824.0,1769828.0,1080.995849609375,,20.228759765625,,20.228759765625,5.466667652130127,,,,,,,29.0,5.0,112.0,1.0,0.0,0.0,0.0,0.0,2020,2,Verano,Bosque cerrado perennifolio latifolio,1,1,0,0,,20–30 m,872_gt2l_1769824,296412.0,5273094.6,BOSQUE_NW_02,operacional,SI,,2020-02-21,NO,1061.04,21.766,22.007,-1.81,PASA
BOSQUE_NW_02(3),ATL08_20200221204631_08720613_007_01.h5,2020-02-21T20:46:31Z,gt2l,-71.48446655273438,-42.66679382324219,67553307.32368813,872.0,6.0,13.0,007,01,8008.0,1.0,1769829.0,1769833.0,1077.99755859375,119.80055236816406,23.90771484375,85.50428009033203,23.90771484375,5.176345348358154,,,,,,,33.0,9.0,112.0,1.0,0.0,0.0,0.0,0.0,2020,2,Verano,Bosque cerrado perennifolio latifolio,1,1,1,1,3.5764304806690768,20–30 m,872_gt2l_1769829,296399.1,5273193.4,BOSQUE_NW_02,operacional,SI,,2020-02-21,NO,1060.99,21.765,22.005,-4.76,PASA
BOSQUE_NW_02(3),ATL08_20200221204631_08720613_007_01.h5,2020-02-21T20:46:31Z,gt2l,-71.48470306396484,-42.66500473022461,67553307.3518416,872.0,6.0,13.0,007,01,8008.0,1.0,1769839.0,1769843.0,1100.0867919921875,,26.025390625,,26.025390625,7.6289143562316895,,,,,,,33.0,2.0,112.0,1.0,0.0,0.0,0.0,0.0,2020,2,Verano,Bosque cerrado perennifolio latifolio,1,1,0,0,,20–30 m,872_gt2l_1769839,296373.9,5273391.5,BOSQUE_NW_02,operacional,SI,,2020-02-21,NO,1079.68,21.762,21.999,-1.36,PASA
BOSQUE_NW_02(3),ATL08_20200221204631_08720613_007_01.h5,2020-02-21T20:46:31Z,gt2l,-71.48482513427734,-42.66410827636719,67553307.36596495,872.0,6.0,13.0,007,01,8008.0,1.0,1769844.0,1769848.0,1126.9215087890625,,23.7032470703125,,23.7032470703125,6.076699256896973,,,,,,,38.0,5.0,112.0,1.0,0.0,0.0,0.0,0.0,2020,2,Verano,Bosque cerrado perennifolio latifolio,1,1,0,0,,20–30 m,872_gt2l_1769844,296361.0,5273490.8,BOSQUE_NW_02,operacional,SI,,2020-02-21,NO,1114.05,21.760,21.996,-8.89,DESCARTADO
BOSQUE_NW_02(3),ATL08_20200221204631_08720613_007_01.h5,2020-02-21T20:46:31Z,gt2l,-71.49333190917969,-42.59880065917969,67553308.39451675,872.0,6.0,13.0,007,01,8008.0,1.0,1770209.0,1770213.0,986.5048217773438,163.7998504638672,20.71612548828125,60.846065521240234,20.71612548828125,3.9122812747955322,,,,,,,32.0,6.0,116.0,1.0,0.0,0.0,0.0,0.0,2020,2,Verano,Bosque cerrado desconocido,1,1,1,1,2.9371353999404857,20–30 m,872_gt2l_1770209,295449.9,5280722.6,BOSQUE_NW_02,operacional,SI,,2020-02-21,NO,966.10,21.593,21.810,-1.19,PASA
BOSQUE_NW_02(3),ATL08_20200221204631_08720613_007_01.h5,2020-02-21T20:46:31Z,gt2l,-71.49402618408203,-42.59343338012695,67553308.479165,872.0,6.0,13.0,007,01,8008.0,1.0,1770239.0,1770243.0,901.8436889648438,,21.40057373046875,,21.7052001953125,4.969295024871826,,,,,,,24.0,2.0,116.0,1.0,0.0,0.0,0.0,0.0,2020,2,Verano,Bosque cerrado desconocido,1,1,0,0,,20–30 m,872_gt2l_1770239,295375.4,5281317.0,BOSQUE_NW_02,operacional,SI,,2020-02-21,NO,894.59,21.576,21.791,-14.32,DESCARTADO
BOSQUE_NW_02(3),ATL08_20200221204631_08720613_007_01.h5,2020-02-21T20:46:31Z,gt2l,-71.49507904052734,-42.58538055419922,67553308.60592534,872.0,6.0,13.0,007,01,8008.0,1.0,1770284.0,1770288.0,922.1167602539062,92.13165283203125,12.39813232421875,40.8512077331543,12.49163818359375,2.5429115295410156,,,,,,,33.0,10.0,116.0,1.0,0.0,0.0,0.0,0.0,2020,2,Verano,Bosque cerrado desconocido,1,1,1,1,3.294948518443763,10–20 m,872_gt2l_1770284,295262.6,5282208.7,BOSQUE_NW_02,operacional,SI,,2020-02-21,NO,900.10,21.550,21.764,0.47,PASA
BOSQUE_NW_02(3),ATL08_20200221204631_08720613_007_01.h5,2020-02-21T20:46:31Z,gt2l,-71.49519348144531,-42.58448791503906,67553308.62008862,872.0,6.0,13.0,007,01,8008.0,1.0,1770289.0,1770293.0,926.0996704101562,,20.212158203125,,20.212158203125,3.235684394836426,,,,,,,41.0,1.0,116.0,1.0,0.0,0.0,0.0,0.0,2020,2,Verano,Bosque cerrado desconocido,1,1,0,0,,20–30 m,872_gt2l_1770289,295250.3,5282307.6,BOSQUE_NW_02,operacional,SI,,2020-02-21,NO,906.57,21.547,21.761,-2.02,PASA
BOSQUE_NW_02(3),ATL08_20200221204631_08720613_007_01.h5,2020-02-21T20:46:31Z,gt2l,-71.49530792236328,-42.58359146118164,67553308.6341168,872.0,6.0,13.0,007,01,8008.0,1.0,1770294.0,1770298.0,925.6915283203125,84.13298797607422,18.8843994140625,82.61227416992188,19.856689453125,4.986978530883789,,,,,,,48.0,11.0,30.0,1.0,0.0,0.0,0.0,0.0,2020,2,Verano,Herbáceas,1,1,1,1,4.374630739297095,10–20 m,872_gt2l_1770294,295238.0,5282406.8,BOSQUE_NW_02,operacional,SI,,2020-02-21,NO,904.65,21.544,21.758,-0.50,PASA
BOSQUE_NW_02(3),ATL08_20200221204631_08720613_007_01.h5,2020-02-21T20:46:31Z,gt2r,-71.47993469238281,-42.69265365600586,67553307.26652026,872.0,6.0,13.0,007,01,8008.0,1.0,1769684.0,1769688.0,1075.8018798828125,14.154995918273926,7.6505126953125,14.947883605957031,7.9971923828125,1.9733710289001465,,,,,,,57.0,76.0,116.0,1.0,0.0,0.0,0.0,0.0,2020,2,Verano,Bosque cerrado desconocido,1,1,1,1,1.9538407687520942,5–10 m,872_gt2r_1769684,296854.8,5270332.6,BOSQUE_NW_02,operacional,SI,,2020-02-21,NO,1055.20,21.789,22.029,-1.18,PASA
BOSQUE_NW_02(3),ATL08_20200221204631_08720613_007_01.h5,2020-02-21T20:46:31Z,gt2r,-71.48004913330078,-42.6917610168457,67553307.28063488,872.0,6.0,13.0,007,01,8008.0,1.0,1769689.0,1769693.0,1074.981201171875,14.72279167175293,8.837890625,14.105772018432617,9.814697265625,2.1738624572753906,,,,,,,71.0,73.0,116.0,1.0,0.0,0.0,0.0,0.0,2020,2,Verano,Bosque cerrado desconocido,1,1,1,1,1.596056414019337,5–10 m,872_gt2r_1769689,296842.6,5270431.4,BOSQUE_NW_02,operacional,SI,,2020-02-21,NO,1054.23,21.788,22.029,-1.04,PASA
BOSQUE_NW_02(3),ATL08_20200221204631_08720613_007_01.h5,2020-02-21T20:46:31Z,gt2r,-71.48051452636719,-42.68818283081055,67553307.33703223,872.0,6.0,13.0,007,01,8008.0,1.0,1769709.0,1769713.0,1067.378173828125,24.259126663208008,6.010498046875,15.914687156677246,8.3167724609375,1.3628747463226318,,,,,,,52.0,44.0,116.0,1.0,0.0,0.0,0.0,0.0,2020,2,Verano,Bosque cerrado desconocido,1,1,1,1,2.6478150450363542,5–10 m,872_gt2r_1769709,296792.8,5270827.7,BOSQUE_NW_02,operacional,SI,,2020-02-21,NO,1046.44,21.786,22.027,-0.84,PASA
BOSQUE_NW_02(3),ATL08_20200221204631_08720613_007_01.h5,2020-02-21T20:46:31Z,gt2r,-71.48062896728516,-42.687286376953125,67553307.35112995,872.0,6.0,13.0,007,01,8008.0,1.0,1769714.0,1769718.0,1062.618896484375,23.111312866210938,5.049072265625,15.055846214294434,6.083251953125,1.3604865074157715,,,,,,,59.0,46.0,116.0,1.0,0.0,0.0,0.0,0.0,2020,2,Verano,Bosque cerrado desconocido,1,1,1,1,2.981903490824912,5–10 m,872_gt2r_1769714,296780.5,5270926.9,BOSQUE_NW_02,operacional,SI,,2020-02-21,NO,1042.18,21.785,22.027,-1.35,PASA
BOSQUE_NW_02(3),ATL08_20200221204631_08720613_007_01.h5,2020-02-21T20:46:31Z,gt2r,-71.4811019897461,-42.68370819091797,67553307.40745863,872.0,6.0,13.0,007,01,8008.0,1.0,1769734.0,1769738.0,1059.3419189453125,18.921466827392578,5.7342529296875,15.012247085571289,6.9576416015625,1.525121808052063,,,,,,,86.0,56.0,40.0,1.0,0.0,0.0,0.0,0.0,2020,2,Verano,Cultivos/manejo,1,1,1,1,2.617995276742948,5–10 m,872_gt2r_1769734,296730.0,5271323.2,BOSQUE_NW_02,operacional,SI,,2020-02-21,NO,1038.10,21.782,22.025,-0.54,PASA
BOSQUE_NW_02(3),ATL08_20200221204631_08720613_007_01.h5,2020-02-21T20:46:31Z,gt2r,-71.48121643066406,-42.68281173706055,67553307.42154495,872.0,6.0,13.0,007,01,8008.0,1.0,1769739.0,1769743.0,1057.1214599609375,20.723344802856445,5.1318359375,13.490274429321289,5.946044921875,1.3373663425445557,,,,,,,62.0,51.0,20.0,1.0,0.0,0.0,0.0,0.0,2020,2,Verano,Arbustos,1,1,1,1,2.628742343601332,5–10 m,872_gt2r_1769739,296717.7,5271422.4,BOSQUE_NW_02,operacional,SI,,2020-02-21,NO,1036.35,21.781,22.024,-1.01,PASA
BOSQUE_NW_02(3),ATL08_20200221204631_08720613_007_01.h5,2020-02-21T20:46:31Z,gt2r,-71.481689453125,-42.67923355102539,67553307.4779595,872.0,6.0,13.0,007,01,8008.0,1.0,1769759.0,1769763.0,1065.310546875,34.342933654785156,5.1630859375,24.33194923400879,8.2952880859375,1.2744184732437134,,,,,,,85.0,31.0,116.0,1.0,0.0,0.0,0.0,0.0,2020,2,Verano,Bosque cerrado desconocido,1,1,1,1,4.712675622399281,5–10 m,872_gt2r_1769759,296667.3,5271818.7,BOSQUE_NW_02,operacional,SI,,2020-02-21,NO,1042.69,21.778,22.021,0.84,PASA
BOSQUE_NW_02(3),ATL08_20200221204631_08720613_007_01.h5,2020-02-21T20:46:31Z,gt2r,-71.4820327758789,-42.676551818847656,67553307.52017982,872.0,6.0,13.0,007,01,8008.0,1.0,1769774.0,1769778.0,1058.9091796875,19.604764938354492,6.4049072265625,18.30101203918457,6.900146484375,1.632206678390503,,,,,,,100.0,54.0,126.0,1.0,0.0,0.0,0.0,0.0,2020,2,Verano,Bosque abierto desconocido,1,1,1,1,2.857342252091711,5–10 m,872_gt2r_1769774,296630.4,5272115.6,BOSQUE_NW_02,operacional,SI,,2020-02-21,NO,1038.64,21.775,22.018,-1.50,PASA
BOSQUE_NW_02(3),ATL08_20200221204631_08720613_007_01.h5,2020-02-21T20:46:31Z,gt2r,-71.4821548461914,-42.675655364990234,67553307.53429523,872.0,6.0,13.0,007,01,8008.0,1.0,1769779.0,1769783.0,1057.8250732421875,28.605998992919922,5.28759765625,21.724031448364258,5.94189453125,1.2931861877441406,,,,,,,76.0,37.0,126.0,1.0,0.0,0.0,0.0,0.0,2020,2,Verano,Bosque abierto desconocido,1,1,1,1,4.10848798654077,5–10 m,872_gt2r_1769779,296617.5,5272214.9,BOSQUE_NW_02,operacional,SI,,2020-02-21,NO,1036.25,21.774,22.017,-0.20,PASA
BOSQUE_NW_02(3),ATL08_20200221204631_08720613_007_01.h5,2020-02-21T20:46:31Z,gt2r,-71.48226928710938,-42.67476272583008,67553307.54844981,872.0,6.0,13.0,007,01,8008.0,1.0,1769784.0,1769788.0,1059.2396240234375,10.184711456298828,3.6002197265625,13.272974967956543,3.889404296875,0.6591694951057434,,,,,,,85.0,104.0,30.0,1.0,0.0,0.0,0.0,0.0,2020,2,Verano,Herbáceas,1,1,1,1,3.686712472027261,2–5 m,872_gt2r_1769784,296605.2,5272313.8,BOSQUE_NW_02,operacional,SI,,2020-02-21,NO,1037.61,21.774,22.016,-0.15,PASA
BOSQUE_NW_02(3),ATL08_20200221204631_08720613_007_01.h5,2020-02-21T20:46:31Z,gt2r,-71.48262786865234,-42.67207717895508,67553307.59069532,872.0,6.0,13.0,007,01,8008.0,1.0,1769799.0,1769803.0,1065.26318359375,11.837785720825195,5.3153076171875,15.24070930480957,6.16796875,1.0639958381652832,,,,,,,64.0,90.0,30.0,1.0,0.0,0.0,0.0,0.0,2020,2,Verano,Herbáceas,1,1,1,1,2.867324038881106,5–10 m,872_gt2r_1769799,296567.1,5272611.1,BOSQUE_NW_02,operacional,SI,,2020-02-21,NO,1043.84,21.771,22.013,-0.35,PASA
BOSQUE_NW_02(3),ATL08_20200221204631_08720613_007_01.h5,2020-02-21T20:46:31Z,gt2r,-71.48307037353516,-42.668678283691406,67553307.64424242,872.0,6.0,13.0,007,01,8008.0,1.0,1769819.0,1769823.0,1068.970458984375,34.56284713745117,12.6220703125,13.300904273986816,13.359375,2.3110287189483643,,,,,,,85.0,31.0,116.0,1.0,0.0,0.0,0.0,0.0,2020,2,Verano,Bosque cerrado desconocido,1,1,1,1,1.0537815068907157,10–20 m,872_gt2r_1769819,296519.7,5272987.5,BOSQUE_NW_02,operacional,SI,,2020-02-21,NO,1049.96,21.768,22.010,-2.76,PASA
BOSQUE_NW_02(3),ATL08_20200221204631_08720613_007_01.h5,2020-02-21T20:46:31Z,gt2r,-71.48332214355469,-42.666709899902344,67553307.67520219,872.0,6.0,13.0,007,01,8008.0,1.0,1769829.0,1769833.0,1072.7733154296875,1.8182151317596436,25.752685546875,2.5734100341796875,26.632568359375,6.075389862060547,,,,,,,53.0,590.0,112.0,1.0,0.0,0.0,0.0,0.0,2020,2,Verano,Bosque cerrado perennifolio latifolio,1,1,1,1,0.09992783197292454,20–30 m,872_gt2r_1769829,296492.6,5273205.5,BOSQUE_NW_02,operacional,SI,,2020-02-21,NO,1053.05,21.766,22.007,-2.04,PASA
BOSQUE_NW_02(3),ATL08_20200221204631_08720613_007_01.h5,2020-02-21T20:46:31Z,gt2r,-71.4926528930664,-42.59514236450195,67553308.80275494,872.0,6.0,13.0,007,01,8008.0,1.0,1770229.0,1770233.0,883.3181762695312,33.97500228881836,8.326171875,14.403793334960938,9.295654296875,2.0921435356140137,,,,,,,73.0,26.0,116.0,1.0,0.0,0.0,0.0,0.0,2020,2,Verano,Bosque cerrado desconocido,1,1,1,1,1.729941868988975,5–10 m,872_gt2r_1770229,295493.6,5281130.5,BOSQUE_NW_02,operacional,SI,,2020-02-21,NO,862.29,21.583,21.798,-0.56,PASA
BOSQUE_NW_02(3),ATL08_20200221204631_08720613_007_01.h5,2020-02-21T20:46:31Z,gt2r,-71.49301147460938,-42.59245681762695,67553308.8447746,872.0,6.0,13.0,007,01,8008.0,1.0,1770244.0,1770248.0,927.5942993164062,23.757781982421875,5.81268310546875,12.875792503356934,7.12176513671875,1.126070499420166,,,,,,,78.0,39.0,112.0,1.0,0.0,0.0,0.0,0.0,2020,2,Verano,Bosque cerrado perennifolio latifolio,1,1,1,1,2.215120327348139,5–10 m,872_gt2r_1770244,295455.4,5281427.9,BOSQUE_NW_02,operacional,SI,,2020-02-21,NO,904.09,21.574,21.789,1.93,PASA
BOSQUE_NW_02(3),ATL08_20200221204631_08720613_007_01.h5,2020-02-21T20:46:31Z,gt2r,-71.49348449707031,-42.5888786315918,67553308.90137948,872.0,6.0,13.0,007,01,8008.0,1.0,1770264.0,1770268.0,934.2626342773438,66.80396270751953,8.0521240234375,13.804455757141113,8.3822021484375,1.762133002281189,,,,,,,61.0,14.0,126.0,1.0,0.0,0.0,0.0,0.0,2020,2,Verano,Bosque abierto desconocido,1,1,1,1,1.7143868769234267,5–10 m,872_gt2r_1770264,295404.9,5281824.1,BOSQUE_NW_02,operacional,SI,,2020-02-21,NO,913.83,21.563,21.776,-1.13,PASA
BOSQUE_NW_02(3),ATL08_20200221204631_08720613_007_01.h5,2020-02-21T20:46:31Z,gt2r,-71.49406433105469,-42.584407806396484,67553308.97178534,872.0,6.0,13.0,007,01,8008.0,1.0,1770289.0,1770293.0,911.0067138671875,39.59836196899414,6.1160888671875,14.183396339416504,7.501953125,1.4422508478164673,,,,,,,71.0,23.0,116.0,1.0,0.0,0.0,0.0,0.0,2020,2,Verano,Bosque cerrado desconocido,1,1,1,1,2.3190304535157575,5–10 m,872_gt2r_1770289,295342.7,5282319.2,BOSQUE_NW_02,operacional,SI,,2020-02-21,NO,889.40,21.548,21.760,0.05,PASA
BOSQUE_NW_02(3),ATL08_20200221204631_08720613_007_01.h5,2020-02-21T20:46:31Z,gt3l,-71.44147491455078,-42.68701171875,67553306.9433059,872.0,6.0,13.0,007,01,8008.0,1.0,1769700.0,1769704.0,1001.1714477539062,18.541179656982422,12.01995849609375,24.98478889465332,12.01995849609375,4.32205867767334,,,,,,,8.0,54.0,30.0,1.0,0.0,0.0,0.0,0.0,2020,2,Verano,Herbáceas,1,1,1,1,2.0786085827811207,10–20 m,872_gt3l_1769700,299987.3,5271050.9,BOSQUE_NW_02,operacional,SI,,2020-02-21,NO,979.11,21.801,21.986,0.26,PASA
BOSQUE_NW_02(3),ATL08_20200221204631_08720613_007_01.h5,2020-02-21T20:46:31Z,gt3l,-71.44230651855469,-42.68075180053711,67553307.0420392,872.0,6.0,13.0,007,01,8008.0,1.0,1769735.0,1769739.0,1006.46630859375,,15.84027099609375,,16.4337158203125,3.6983838081359863,,,,,,,33.0,1.0,30.0,1.0,0.0,0.0,0.0,0.0,2020,2,Verano,Herbáceas,1,1,0,0,,10–20 m,872_gt3l_1769735,299899.1,5271744.1,BOSQUE_NW_02,operacional,SI,,2020-02-21,NO,993.31,21.800,21.986,-8.64,DESCARTADO
BOSQUE_NW_02(3),ATL08_20200221204631_08720613_007_01.h5,2020-02-21T20:46:31Z,gt3l,-71.44254302978516,-42.67896270751953,67553307.07027732,872.0,6.0,13.0,007,01,8008.0,1.0,1769745.0,1769749.0,1033.1361083984375,,14.2010498046875,,14.2010498046875,2.8032891750335693,,,,,,,33.0,3.0,116.0,1.0,0.0,0.0,0.0,0.0,2020,2,Verano,Bosque cerrado desconocido,1,1,0,0,,10–20 m,872_gt3l_1769745,299874.0,5271942.2,BOSQUE_NW_02,operacional,SI,,2020-02-21,NO,1017.59,21.800,21.985,-6.25,DESCARTADO
BOSQUE_NW_02(3),ATL08_20200221204631_08720613_007_01.h5,2020-02-21T20:46:31Z,gt3l,-71.44266510009766,-42.67806625366211,67553307.08433902,872.0,6.0,13.0,007,01,8008.0,1.0,1769750.0,1769754.0,1049.3514404296875,175.7673797607422,13.6575927734375,39.32095718383789,13.6973876953125,3.8406333923339844,,,,,,,23.0,6.0,126.0,1.0,0.0,0.0,0.0,0.0,2020,2,Verano,Bosque abierto desconocido,1,1,1,1,2.8790547379852165,10–20 m,872_gt3l_1769750,299861.1,5272041.5,BOSQUE_NW_02,operacional,SI,,2020-02-21,NO,1037.20,21.800,21.985,-9.65,DESCARTADO
BOSQUE_NW_02(3),ATL08_20200221204631_08720613_007_01.h5,2020-02-21T20:46:31Z,gt3l,-71.4431381225586,-42.67448806762695,67553307.14070483,872.0,6.0,13.0,007,01,8008.0,1.0,1769770.0,1769774.0,1079.61767578125,,12.67333984375,,12.67333984375,2.3374383449554443,,,,,,,29.0,5.0,116.0,1.0,0.0,0.0,0.0,0.0,2020,2,Verano,Bosque cerrado desconocido,1,1,0,0,,10–20 m,872_gt3l_1769770,299810.8,5272437.7,BOSQUE_NW_02,operacional,SI,,2020-02-21,NO,1058.51,21.799,21.984,-0.69,PASA
BOSQUE_NW_02(3),ATL08_20200221204631_08720613_007_01.h5,2020-02-21T20:46:31Z,gt3l,-71.4432601928711,-42.6735954284668,67553307.15483187,872.0,6.0,13.0,007,01,8008.0,1.0,1769775.0,1769779.0,1087.8162841796875,,12.575927734375,,13.5316162109375,3.1346781253814697,,,,,,,45.0,3.0,116.0,1.0,0.0,0.0,0.0,0.0,2020,2,Verano,Bosque cerrado desconocido,1,1,0,0,,10–20 m,872_gt3l_1769775,299798.0,5272536.6,BOSQUE_NW_02,operacional,SI,,2020-02-21,NO,1066.38,21.799,21.983,-0.36,PASA
BOSQUE_NW_02(3),ATL08_20200221204631_08720613_007_01.h5,2020-02-21T20:46:31Z,gt3l,-71.44337463378906,-42.67270278930664,67553307.16894402,872.0,6.0,13.0,007,01,8008.0,1.0,1769780.0,1769784.0,1087.9609375,,12.771728515625,,13.5048828125,3.577441453933716,,,,,,,49.0,5.0,116.0,1.0,0.0,0.0,0.0,0.0,2020,2,Verano,Bosque cerrado desconocido,1,1,0,0,,10–20 m,872_gt3l_1769780,299785.7,5272635.4,BOSQUE_NW_02,operacional,SI,,2020-02-21,NO,1065.94,21.799,21.983,0.23,PASA
BOSQUE_NW_02(3),ATL08_20200221204631_08720613_007_01.h5,2020-02-21T20:46:31Z,gt3l,-71.44349670410156,-42.67180633544922,67553307.18303172,872.0,6.0,13.0,007,01,8008.0,1.0,1769785.0,1769789.0,1089.636962890625,,12.1102294921875,,12.3990478515625,2.4959452152252197,,,,,,,21.0,3.0,116.0,1.0,0.0,0.0,0.0,0.0,2020,2,Verano,Bosque cerrado desconocido,1,1,0,0,,10–20 m,872_gt3l_1769785,299772.9,5272734.7,BOSQUE_NW_02,operacional,SI,,2020-02-21,NO,1070.32,21.799,21.982,-2.48,PASA
BOSQUE_NW_02(3),ATL08_20200221204631_08720613_007_01.h5,2020-02-21T20:46:31Z,gt3l,-71.44549560546875,-42.65659713745117,67553307.42267632,872.0,6.0,13.0,007,01,8008.0,1.0,1769870.0,1769874.0,1073.4454345703125,,14.5789794921875,,15.326171875,3.442478895187378,,,,,,,60.0,4.0,30.0,1.0,0.0,0.0,0.0,0.0,2020,2,Verano,Herbáceas,1,1,0,0,,10–20 m,872_gt3l_1769870,299560.2,5274418.9,BOSQUE_NW_02,operacional,SI,,2020-02-21,NO,1055.56,21.784,21.981,-3.90,PASA
BOSQUE_NW_02(3),ATL08_20200221204631_08720613_007_01.h5,2020-02-21T20:46:31Z,gt3l,-71.4461898803711,-42.65122985839844,67553307.50717911,872.0,6.0,13.0,007,01,8008.0,1.0,1769900.0,1769904.0,1065.1943359375,66.73695373535156,9.91015625,32.16558074951172,10.1292724609375,2.0325582027435303,,,,,,,38.0,16.0,30.0,1.0,0.0,0.0,0.0,0.0,2020,2,Verano,Herbáceas,1,1,1,1,3.2457188300650373,5–10 m,872_gt3l_1769900,299486.0,5275013.3,BOSQUE_NW_02,operacional,SI,,2020-02-21,NO,1047.58,21.776,21.982,-4.16,PASA
BOSQUE_NW_02(3),ATL08_20200221204631_08720613_007_01.h5,2020-02-21T20:46:31Z,gt3l,-71.44725799560547,-42.64318084716797,67553307.63402551,872.0,6.0,13.0,007,01,8008.0,1.0,1769945.0,1769949.0,1069.636962890625,62.93738555908203,9.356201171875,52.291969299316406,9.356201171875,1.7170754671096802,,,,,,,37.0,17.0,126.0,1.0,0.0,0.0,0.0,0.0,2020,2,Verano,Bosque abierto desconocido,1,1,1,1,5.589017202463273,5–10 m,872_gt3l_1769945,299372.6,5275904.6,BOSQUE_NW_02,operacional,SI,,2020-02-21,NO,1047.56,21.764,21.972,0.32,PASA
BOSQUE_NW_02(3),ATL08_20200221204631_08720613_007_01.h5,2020-02-21T20:46:31Z,gt3l,-71.4474868774414,-42.64139175415039,67553307.66218433,872.0,6.0,13.0,007,01,8008.0,1.0,1769955.0,1769959.0,1074.0234375,32.545955657958984,13.5423583984375,40.18202209472656,13.5423583984375,3.65461802482605,,,,,,,29.0,33.0,30.0,1.0,0.0,0.0,0.0,0.0,2020,2,Verano,Herbáceas,1,1,1,1,2.967136219003236,10–20 m,872_gt3l_1769955,299348.0,5276102.8,BOSQUE_NW_02,operacional,SI,,2020-02-21,NO,1052.75,21.762,21.969,-0.49,PASA
BOSQUE_NW_02(3),ATL08_20200221204631_08720613_007_01.h5,2020-02-21T20:46:31Z,gt3l,-71.44784545898438,-42.63870620727539,67553307.70448323,872.0,6.0,13.0,007,01,8008.0,1.0,1769970.0,1769974.0,1079.6904296875,,12.3135986328125,,19.642333984375,2.5998542308807373,,,,,,,20.0,2.0,126.0,1.0,0.0,0.0,0.0,0.0,2020,2,Verano,Bosque abierto desconocido,1,1,0,0,,10–20 m,872_gt3l_1769970,299310.0,5276400.1,BOSQUE_NW_02,operacional,SI,,2020-02-21,NO,1065.51,21.758,21.965,-7.57,DESCARTADO
BOSQUE_NW_02(3),ATL08_20200221204631_08720613_007_01.h5,2020-02-21T20:46:31Z,gt3l,-71.44819641113281,-42.636024475097656,67553307.74674514,872.0,6.0,13.0,007,01,8008.0,1.0,1769985.0,1769989.0,1087.006103515625,38.811405181884766,13.4110107421875,49.86577606201172,13.4110107421875,3.397963285446167,,,,,,,33.0,28.0,116.0,1.0,0.0,0.0,0.0,0.0,2020,2,Verano,Bosque cerrado desconocido,1,1,1,1,3.718271278774474,10–20 m,872_gt3l_1769985,299272.6,5276697.1,BOSQUE_NW_02,operacional,SI,,2020-02-21,NO,1065.06,21.754,21.961,0.20,PASA
BOSQUE_NW_02(3),ATL08_20200221204631_08720613_007_01.h5,2020-02-21T20:46:31Z,gt3l,-71.44866943359375,-42.6324462890625,67553307.80311581,872.0,6.0,13.0,007,01,8008.0,1.0,1770005.0,1770009.0,1092.16943359375,,14.366943359375,,15.2196044921875,4.408625602722168,,,,,,,34.0,5.0,116.0,1.0,0.0,0.0,0.0,0.0,2020,2,Verano,Bosque cerrado desconocido,1,1,0,0,,10–20 m,872_gt3l_1770005,299222.3,5277093.4,BOSQUE_NW_02,operacional,SI,,2020-02-21,NO,1073.45,21.748,21.953,-3.02,PASA
BOSQUE_NW_02(3),ATL08_20200221204631_08720613_007_01.h5,2020-02-21T20:46:31Z,gt3l,-71.44915008544922,-42.628868103027344,67553307.85945377,872.0,6.0,13.0,007,01,8008.0,1.0,1770025.0,1770029.0,1125.5992431640625,,14.4140625,,14.6292724609375,3.603789806365967,,,,,,,65.0,3.0,20.0,1.0,0.0,0.0,0.0,0.0,2020,2,Verano,Arbustos,1,1,0,0,,10–20 m,872_gt3l_1770025,299171.4,5277489.6,BOSQUE_NW_02,operacional,SI,,2020-02-21,NO,1105.46,21.743,21.941,-1.61,PASA
BOSQUE_NW_02(3),ATL08_20200221204631_08720613_007_01.h5,2020-02-21T20:46:31Z,gt3l,-71.44961547851562,-42.62528991699219,67553307.91584584,872.0,6.0,13.0,007,01,8008.0,1.0,1770045.0,1770049.0,1134.00732421875,49.321468353271484,13.9527587890625,57.578189849853516,13.9527587890625,3.818448066711426,,,,,,,34.0,23.0,116.0,1.0,0.0,0.0,0.0,0.0,2020,2,Verano,Bosque cerrado desconocido,1,1,1,1,4.12665270863772,10–20 m,872_gt3l_1770045,299121.7,5277885.8,BOSQUE_NW_02,operacional,SI,,2020-02-21,NO,1111.78,21.737,21.929,0.49,PASA
BOSQUE_NW_02(3),ATL08_20200221204631_08720613_007_01.h5,2020-02-21T20:46:31Z,gt3l,-71.450439453125,-42.61902618408203,67553308.01451696,872.0,6.0,13.0,007,01,8008.0,1.0,1770080.0,1770084.0,1151.7728271484375,,15.882568359375,,16.7308349609375,4.05483341217041,,,,,,,45.0,3.0,126.0,1.0,0.0,0.0,0.0,0.0,2020,2,Verano,Bosque abierto desconocido,1,1,0,0,,10–20 m,872_gt3l_1770080,299034.0,5278579.4,BOSQUE_NW_02,operacional,SI,,2020-02-21,NO,1139.46,21.719,21.908,-9.41,DESCARTADO
BOSQUE_NW_02(3),ATL08_20200221204631_08720613_007_01.h5,2020-02-21T20:46:31Z,gt3l,-71.45091247558594,-42.615447998046875,67553308.07082176,872.0,6.0,13.0,007,01,8008.0,1.0,1770100.0,1770104.0,1144.0357666015625,31.784114837646484,10.7384033203125,34.530033111572266,10.76123046875,2.486701011657715,,,,,,,39.0,36.0,126.0,1.0,0.0,0.0,0.0,0.0,2020,2,Verano,Bosque abierto desconocido,1,1,1,1,3.2155649291227593,10–20 m,872_gt3l_1770100,298983.7,5278975.7,BOSQUE_NW_02,operacional,SI,,2020-02-21,NO,1123.94,21.708,21.897,-1.61,PASA
BOSQUE_NW_02(3),ATL08_20200221204631_08720613_007_01.h5,2020-02-21T20:46:31Z,gt3l,-71.45231628417969,-42.604713439941406,67553308.23987268,872.0,6.0,13.0,007,01,8008.0,1.0,1770160.0,1770164.0,1144.937744140625,,19.0010986328125,,19.0010986328125,4.594013214111328,,,,,,,37.0,5.0,112.0,1.0,0.0,0.0,0.0,0.0,2020,2,Verano,Bosque cerrado perennifolio latifolio,1,1,0,0,,10–20 m,872_gt3l_1770160,298834.0,5280164.4,BOSQUE_NW_02,operacional,SI,,2020-02-21,NO,1124.68,21.674,21.869,-1.42,PASA
BOSQUE_NW_02(3),ATL08_20200221204631_08720613_007_01.h5,2020-02-21T20:46:31Z,gt3l,-71.45256042480469,-42.60292434692383,67553308.26812153,872.0,6.0,13.0,007,01,8008.0,1.0,1770170.0,1770174.0,1146.4071044921875,,21.8963623046875,,22.3201904296875,4.863343715667725,,,,,,,37.0,1.0,116.0,1.0,0.0,0.0,0.0,0.0,2020,2,Verano,Bosque cerrado desconocido,1,1,0,0,,20–30 m,872_gt3l_1770170,298808.2,5280362.5,BOSQUE_NW_02,operacional,SI,,2020-02-21,NO,1129.57,21.669,21.864,-4.84,PASA
BOSQUE_NW_02(3),ATL08_20200221204631_08720613_007_01.h5,2020-02-21T20:46:31Z,gt3l,-71.45442199707031,-42.58860778808594,67553308.49358045,872.0,6.0,13.0,007,01,8008.0,1.0,1770250.0,1770254.0,1108.985595703125,,18.6217041015625,,18.6217041015625,4.803983688354492,,,,,,,17.0,3.0,116.0,1.0,0.0,0.0,0.0,0.0,2020,2,Verano,Bosque cerrado desconocido,1,1,0,0,,10–20 m,872_gt3l_1770250,298609.3,5281947.9,BOSQUE_NW_02,operacional,SI,,2020-02-21,NO,1089.48,21.624,21.809,-2.12,PASA
BOSQUE_NW_02(3),ATL08_20200221204631_08720613_007_01.h5,2020-02-21T20:46:31Z,gt3l,-71.45454406738281,-42.58771514892578,67553308.5076583,872.0,6.0,13.0,007,01,8008.0,1.0,1770255.0,1770259.0,1127.9239501953125,80.45159912109375,17.6312255859375,59.3935546875,17.6312255859375,5.250311374664307,,,,,,,34.0,14.0,126.0,1.0,0.0,0.0,0.0,0.0,2020,2,Verano,Bosque abierto desconocido,1,1,1,1,3.3686571814310935,10–20 m,872_gt3l_1770255,298596.4,5282046.7,BOSQUE_NW_02,operacional,SI,,2020-02-21,NO,1104.86,21.622,21.806,1.45,PASA
BOSQUE_NW_02(3),ATL08_20200221204631_08720613_007_01.h5,2020-02-21T20:46:31Z,gt3l,-71.45466613769531,-42.58681869506836,67553308.52179028,872.0,6.0,13.0,007,01,8008.0,1.0,1770260.0,1770264.0,1123.9652099609375,,8.3355712890625,,12.3118896484375,2.2076687812805176,,,,,,,33.0,4.0,126.0,1.0,0.0,0.0,0.0,0.0,2020,2,Verano,Bosque abierto desconocido,1,1,0,0,,5–10 m,872_gt3l_1770260,298583.5,5282146.0,BOSQUE_NW_02,operacional,SI,,2020-02-21,NO,1103.29,21.619,21.802,-0.94,PASA
BOSQUE_NW_02(3),ATL08_20200221204631_08720613_007_01.h5,2020-02-21T20:46:31Z,gt3l,-71.45545959472656,-42.5805549621582,67553308.62035382,872.0,6.0,13.0,007,01,8008.0,1.0,1770295.0,1770299.0,1002.56689453125,52.6898078918457,13.26190185546875,47.44499969482422,13.26190185546875,3.105318069458008,,,,,,,30.0,19.0,20.0,1.0,0.0,0.0,0.0,0.0,2020,2,Verano,Arbustos,1,1,1,1,3.577541156003921,10–20 m,872_gt3l_1770295,298498.2,5282839.7,BOSQUE_NW_02,operacional,SI,,2020-02-21,NO,979.67,21.597,21.779,1.30,PASA
BOSQUE_NW_02(3),ATL08_20200221204631_08720613_007_01.h5,2020-02-21T20:46:31Z,gt3r,-71.43973541259766,-42.691585540771484,67553307.22098845,872.0,6.0,13.0,007,01,8008.0,1.0,1769674.0,1769678.0,998.0877685546875,12.48090934753418,9.3607177734375,15.752537727355957,10.4053955078125,2.4935178756713867,,,,,,,98.0,80.0,30.0,1.0,0.0,0.0,0.0,0.0,2020,2,Verano,Herbáceas,1,1,1,1,1.682834383924729,5–10 m,872_gt3r_1769674,300144.5,5270547.1,BOSQUE_NW_02,operacional,SI,,2020-02-21,NO,975.38,21.801,21.982,0.91,PASA
BOSQUE_NW_02(3),ATL08_20200221204631_08720613_007_01.h5,2020-02-21T20:46:31Z,gt3r,-71.43986511230469,-42.69068908691406,67553307.23500231,872.0,6.0,13.0,007,01,8008.0,1.0,1769679.0,1769683.0,1003.7134399414062,9.939515113830566,5.69012451171875,7.185400009155273,6.265380859375,1.6502046585083008,,,,,,,72.0,101.0,20.0,1.0,0.0,0.0,0.0,0.0,2020,2,Verano,Arbustos,1,1,1,1,1.2627843194568098,5–10 m,872_gt3r_1769679,300131.0,5270646.4,BOSQUE_NW_02,operacional,SI,,2020-02-21,NO,983.29,21.801,21.983,-1.38,PASA
BOSQUE_NW_02(3),ATL08_20200221204631_08720613_007_01.h5,2020-02-21T20:46:31Z,gt3r,-71.44068908691406,-42.68442916870117,67553307.33365251,872.0,6.0,13.0,007,01,8008.0,1.0,1769714.0,1769718.0,1018.6039428710938,7.718714714050293,2.09716796875,10.695679664611816,6.0921630859375,0.6662932634353638,,,,,,,153.0,132.0,20.0,1.0,0.0,0.0,0.0,0.0,2020,2,Verano,Arbustos,1,1,1,1,5.100058661961583,2–5 m,872_gt3r_1769714,300043.4,5271339.6,BOSQUE_NW_02,operacional,SI,,2020-02-21,NO,996.16,21.801,21.985,0.65,PASA
BOSQUE_NW_02(3),ATL08_20200221204631_08720613_007_01.h5,2020-02-21T20:46:31Z,gt3r,-71.44163513183594,-42.67727279663086,67553307.44658497,872.0,6.0,13.0,007,01,8008.0,1.0,1769754.0,1769758.0,1070.74755859375,17.559843063354492,4.3365478515625,12.853296279907227,6.416259765625,1.06626296043396,,,,,,,100.0,61.0,30.0,1.0,0.0,0.0,0.0,0.0,2020,2,Verano,Herbáceas,1,1,1,1,2.9639466045038705,2–5 m,872_gt3r_1769754,299942.9,5272132.1,BOSQUE_NW_02,operacional,SI,,2020-02-21,NO,1049.60,21.800,21.983,-0.66,PASA
BOSQUE_NW_02(3),ATL08_20200221204631_08720613_007_01.h5,2020-02-21T20:46:31Z,gt3r,-71.44329833984375,-42.66474914550781,67553307.6437973,872.0,6.0,13.0,007,01,8008.0,1.0,1769824.0,1769828.0,1105.8411865234375,8.44053840637207,2.5263671875,11.103219032287598,2.935546875,0.52817302942276,,,,,,,147.0,131.0,20.0,1.0,0.0,0.0,0.0,0.0,2020,2,Verano,Arbustos,1,1,1,1,4.394934785103402,2–5 m,872_gt3r_1769824,299766.4,5273518.9,BOSQUE_NW_02,operacional,SI,,2020-02-21,NO,1084.17,21.796,21.980,-0.12,PASA
BOSQUE_NW_02(3),ATL08_20200221204631_08720613_007_01.h5,2020-02-21T20:46:31Z,gt3r,-71.44575500488281,-42.64596176147461,67553307.93970141,872.0,6.0,13.0,007,01,8008.0,1.0,1769929.0,1769933.0,1063.2596435546875,11.673261642456055,5.481201171875,12.141742706298828,6.3223876953125,1.2606909275054932,,,,,,,109.0,91.0,126.0,1.0,0.0,0.0,0.0,0.0,2020,2,Verano,Bosque abierto desconocido,1,1,1,1,2.2151609338114113,5–10 m,872_gt3r_1769929,299504.7,5275599.4,BOSQUE_NW_02,operacional,SI,,2020-02-21,NO,1040.13,21.770,21.975,1.36,PASA
BOSQUE_NW_02(3),ATL08_20200221204631_08720613_007_01.h5,2020-02-21T20:46:31Z,gt3r,-71.44776916503906,-42.63075256347656,67553308.17915842,872.0,6.0,13.0,007,01,8008.0,1.0,1770014.0,1770018.0,1131.1888427734375,9.123629570007324,3.7457275390625,9.477399826049805,4.28857421875,0.8284572958946228,,,,,,,92.0,124.0,20.0,1.0,0.0,0.0,0.0,0.0,2020,2,Verano,Arbustos,1,1,1,1,2.5301893229591004,2–5 m,872_gt3r_1770014,299290.7,5277283.6,BOSQUE_NW_02,operacional,SI,,2020-02-21,NO,1109.88,21.747,21.948,-0.44,PASA
BOSQUE_NW_02(3),ATL08_20200221204631_08720613_007_01.h5,2020-02-21T20:46:31Z,gt3r,-71.44941711425781,-42.618228912353516,67553308.37637657,872.0,6.0,13.0,007,01,8008.0,1.0,1770084.0,1770088.0,1165.75634765625,15.965953826904297,3.912841796875,12.995871543884277,4.6705322265625,0.9025425910949707,,,,,,,139.0,73.0,126.0,1.0,0.0,0.0,0.0,0.0,2020,2,Verano,Bosque abierto desconocido,1,1,1,1,3.321338356757347,2–5 m,872_gt3r_1770084,299115.3,5278670.4,BOSQUE_NW_02,operacional,SI,,2020-02-21,NO,1142.52,21.718,21.906,1.52,PASA
BOSQUE_NW_02(3),ATL08_20200221204631_08720613_007_01.h5,2020-02-21T20:46:31Z,gt3r,-71.4507064819336,-42.60839080810547,67553308.53151157,872.0,6.0,13.0,007,01,8008.0,1.0,1770139.0,1770143.0,1113.4322509765625,24.787155151367188,3.8140869140625,20.230344772338867,4.38134765625,0.7904765009880066,,,,,,,129.0,45.0,20.0,1.0,0.0,0.0,0.0,0.0,2020,2,Verano,Arbustos,1,1,1,1,5.304112157945271,2–5 m,872_gt3r_1770139,298977.9,5279759.9,BOSQUE_NW_02,operacional,SI,,2020-02-21,NO,1091.78,21.688,21.879,-0.04,PASA
BOSQUE_NW_02(3),ATL08_20200221204631_08720613_007_01.h5,2020-02-21T20:46:31Z,gt3r,-71.45093536376953,-42.60660171508789,67553308.55961917,872.0,6.0,13.0,007,01,8008.0,1.0,1770149.0,1770153.0,1117.64306640625,53.14346694946289,19.38427734375,13.42039680480957,22.3548583984375,5.127313137054443,,,,,,,103.0,21.0,116.0,1.0,0.0,0.0,0.0,0.0,2020,2,Verano,Bosque cerrado desconocido,1,1,1,1,0.692334130740069,10–20 m,872_gt3r_1770149,298953.3,5279958.0,BOSQUE_NW_02,operacional,SI,,2020-02-21,NO,1099.40,21.682,21.875,-3.44,PASA
BOSQUE_NW_02(3),ATL08_20200221204631_08720613_007_01.h5,2020-02-21T20:46:31Z,gt3r,-71.45398712158203,-42.58333969116211,67553308.92619425,872.0,6.0,13.0,007,01,8008.0,1.0,1770279.0,1770283.0,1071.6300048828125,16.749046325683594,5.42578125,13.928597450256348,6.2276611328125,1.3091859817504883,,,,,,,81.0,64.0,126.0,1.0,0.0,0.0,0.0,0.0,2020,2,Verano,Bosque abierto desconocido,1,1,1,1,2.567113712934215,5–10 m,872_gt3r_1770279,298628.1,5282534.0,BOSQUE_NW_02,operacional,SI,,2020-02-21,NO,1048.10,21.610,21.789,1.92,PASA
BOSQUE_NW_02(3),ATL08_20200221204631_08720613_007_01.h5,2020-02-21T20:46:31Z,gt3r,-71.4541015625,-42.58244705200195,67553308.94022858,872.0,6.0,13.0,007,01,8008.0,1.0,1770284.0,1770288.0,1056.9176025390625,14.894452095031738,3.22119140625,13.24714469909668,5.8031005859375,0.7568442225456238,,,,,,,141.0,71.0,20.0,1.0,0.0,0.0,0.0,0.0,2020,2,Verano,Arbustos,1,1,1,1,4.112498460474458,2–5 m,872_gt3r_1770284,298615.8,5282632.8,BOSQUE_NW_02,operacional,SI,,2020-02-21,NO,1034.39,21.606,21.786,0.92,PASA
BOSQUE_NW_02(3),ATL08_20200221204631_08720613_007_01.h5,2020-02-21T20:46:31Z,gt3r,-71.45420837402344,-42.58155059814453,67553308.95433378,872.0,6.0,13.0,007,01,8008.0,1.0,1770289.0,1770293.0,1032.725341796875,18.812854766845703,4.4600830078125,11.348311424255371,5.6904296875,0.981954038143158,,,,,,,91.0,55.0,20.0,1.0,0.0,0.0,0.0,0.0,2020,2,Verano,Arbustos,1,1,1,1,2.5444170891835673,2–5 m,872_gt3r_1770289,298604.1,5282732.1,BOSQUE_NW_02,operacional,SI,,2020-02-21,NO,1010.18,21.603,21.783,0.94,PASA
BOSQUE_NW_02(3),ATL08_20200221204631_08720613_007_01.h5,2020-02-21T20:46:31Z,gt3r,-71.45431518554688,-42.58065414428711,67553308.96854347,872.0,6.0,13.0,007,01,8008.0,1.0,1770294.0,1770298.0,1010.258544921875,12.497498512268066,4.6348876953125,10.08585262298584,6.11724853515625,1.0221365690231323,,,,,,,92.0,81.0,20.0,1.0,0.0,0.0,0.0,0.0,2020,2,Verano,Arbustos,1,1,1,1,2.176072708986278,2–5 m,872_gt3r_1770294,298592.5,5282831.4,BOSQUE_NW_02,operacional,SI,,2020-02-21,NO,988.27,21.599,21.780,0.38,PASA
BOSQUE_NW_02(3),ATL08_20200522162622_08720713_007_01.h5,2020-05-22T16:26:22Z,gt3l,-71.5750961303711,-42.6600456237793,75400097.59782921,872.0,7.0,13.0,007,01,9395.0,0.0,1769902.0,1769906.0,856.6156616210938,,25.84637451171875,,27.1090087890625,6.246006965637207,,,,,,,79.0,7.0,116.0,1.0,0.0,0.0,0.0,0.0,2020,5,Otoño,Bosque cerrado desconocido,1,1,0,0,,20–30 m,872_gt3l_1769902,288948.8,5273720.4,BOSQUE_NW_02,operacional,SI,,2020-05-22,NO,840.23,21.618,21.920,-5.23,DESCARTADO
BOSQUE_NW_02(3),ATL08_20200821120606_08720813_007_01.h5,2020-08-21T12:06:06Z,gt1l,-71.55646514892578,-42.67317581176758,83246882.0332845,872.0,8.0,13.0,007,01,10782.0,0.0,1769822.0,1769826.0,1046.10107421875,31.705089569091797,8.7572021484375,7.76306676864624,10.0343017578125,1.9792909622192383,,,,,,,218.0,33.0,126.0,1.0,0.0,0.0,0.0,0.0,2020,8,Invierno,Bosque abierto desconocido,1,1,1,1,0.8864779683122151,5–10 m,872_gt1l_1769822,290520.0,5272308.7,BOSQUE_NW_02,operacional,SI,,2020-08-21,NO,1024.71,21.680,21.950,-0.29,PASA
BOSQUE_NW_02(3),ATL08_20200821120606_08720813_007_01.h5,2020-08-21T12:06:06Z,gt1l,-71.5577392578125,-42.663333892822266,83246882.18831575,872.0,8.0,13.0,007,01,10782.0,0.0,1769877.0,1769881.0,1058.94677734375,3.0812785625457764,4.2825927734375,2.8484301567077637,5.6650390625,1.042008638381958,,,,,,,430.0,343.0,116.0,1.0,0.0,0.0,0.0,0.0,2020,8,Invierno,Bosque cerrado desconocido,1,1,1,1,0.6651181439372346,2–5 m,872_gt1l_1769877,290382.5,5273398.4,BOSQUE_NW_02,operacional,SI,,2020-08-21,NO,1034.30,21.657,21.944,2.99,PASA
BOSQUE_NW_02(3),ATL08_20200821120606_08720813_007_01.h5,2020-08-21T12:06:06Z,gt1l,-71.55855560302734,-42.65707015991211,83246882.28682263,872.0,8.0,13.0,007,01,10782.0,0.0,1769912.0,1769916.0,988.1620483398438,12.34398365020752,7.98626708984375,4.059300422668457,10.60382080078125,2.257974624633789,,,,,,,294.0,80.0,116.0,1.0,0.0,0.0,0.0,0.0,2020,8,Invierno,Bosque cerrado desconocido,1,1,1,1,0.5082850820041728,5–10 m,872_gt1l_1769912,290294.5,5274092.0,BOSQUE_NW_02,operacional,SI,,2020-08-21,NO,967.98,21.642,21.921,-1.46,PASA
BOSQUE_NW_02(3),ATL08_20200821120606_08720813_007_01.h5,2020-08-21T12:06:06Z,gt1l,-71.55877685546875,-42.65528106689453,83246882.31504828,872.0,8.0,13.0,007,01,10782.0,0.0,1769922.0,1769926.0,993.9613647460938,4.060725688934326,5.76751708984375,2.6634559631347656,8.43182373046875,1.4816536903381348,,,,,,,289.0,245.0,30.0,1.0,0.0,0.0,0.0,0.0,2020,8,Invierno,Herbáceas,1,1,1,1,0.4618028731678925,5–10 m,872_gt1l_1769922,290270.4,5274290.1,BOSQUE_NW_02,operacional,SI,,2020-08-21,NO,974.02,21.637,21.915,-1.70,PASA
BOSQUE_NW_02(3),ATL08_20200821120606_08720813_007_01.h5,2020-08-21T12:06:06Z,gt1l,-71.56006622314453,-42.645442962646484,83246882.47000283,872.0,8.0,13.0,007,01,10782.0,0.0,1769977.0,1769981.0,920.9340209960938,3.2049245834350586,3.77655029296875,4.048999786376953,4.68524169921875,0.6972414255142212,,,,,,,404.0,287.0,30.0,1.0,0.0,0.0,0.0,0.0,2020,8,Invierno,Herbáceas,1,1,1,1,1.0721424242424242,2–5 m,872_gt1l_1769977,290131.6,5275379.5,BOSQUE_NW_02,operacional,SI,,2020-08-21,NO,899.37,21.613,21.884,-0.05,PASA
BOSQUE_NW_02(3),ATL08_20200821120606_08720813_007_01.h5,2020-08-21T12:06:06Z,gt1l,-71.56063842773438,-42.640968322753906,83246882.54056285,872.0,8.0,13.0,007,01,10782.0,0.0,1770002.0,1770006.0,949.47265625,5.420888900756836,5.760009765625,3.897244453430176,7.53948974609375,1.217804193496704,,,,,,,480.0,175.0,116.0,1.0,0.0,0.0,0.0,0.0,2020,8,Invierno,Bosque cerrado desconocido,1,1,1,1,0.6766037927033443,5–10 m,872_gt1l_1770002,290069.6,5275875.0,BOSQUE_NW_02,operacional,SI,,2020-08-21,NO,928.40,21.602,21.869,-0.53,PASA
BOSQUE_NW_02(3),ATL08_20200821120606_08720813_007_01.h5,2020-08-21T12:06:06Z,gt1l,-71.5623779296875,-42.6275520324707,83246882.75199531,872.0,8.0,13.0,007,01,10782.0,0.0,1770077.0,1770081.0,1129.460205078125,10.869002342224121,10.4232177734375,4.307610511779785,14.9622802734375,3.0285675525665283,,,,,,,312.0,104.0,112.0,1.0,0.0,0.0,0.0,0.0,2020,8,Invierno,Bosque cerrado perennifolio latifolio,1,1,1,1,0.41327070060430743,10–20 m,872_gt1l_1770077,289881.9,5277360.5,BOSQUE_NW_02,operacional,SI,,2020-08-21,NO,1108.32,21.570,21.829,-0.43,PASA
BOSQUE_NW_02(3),ATL08_20200821120606_08720813_007_01.h5,2020-08-21T12:06:06Z,gt1l,-71.56249237060547,-42.62665557861328,83246882.7661172,872.0,8.0,13.0,007,01,10782.0,0.0,1770082.0,1770086.0,1136.20947265625,2.7926812171936035,2.8587646484375,3.6236507892608643,4.03662109375,0.5783541202545166,,,,,,,337.0,407.0,112.0,1.0,0.0,0.0,0.0,0.0,2020,8,Invierno,Bosque cerrado perennifolio latifolio,1,1,1,1,1.2675582759991888,2–5 m,872_gt1l_1770082,289869.4,5277459.8,BOSQUE_NW_02,operacional,SI,,2020-08-21,NO,1117.64,21.568,21.826,-3.00,PASA
BOSQUE_NW_02(3),ATL08_20200821120606_08720813_007_01.h5,2020-08-21T12:06:06Z,gt1l,-71.56272888183594,-42.6248664855957,83246882.79416798,872.0,8.0,13.0,007,01,10782.0,0.0,1770092.0,1770096.0,1137.8758544921875,3.260143995285034,4.09521484375,2.1892125606536865,5.270751953125,1.0350826978683472,,,,,,,382.0,349.0,112.0,1.0,0.0,0.0,0.0,0.0,2020,8,Invierno,Bosque cerrado perennifolio latifolio,1,1,1,1,0.5345781953283355,2–5 m,872_gt1l_1770092,289844.0,5277657.9,BOSQUE_NW_02,operacional,SI,,2020-08-21,NO,1119.38,21.564,21.821,-3.06,PASA
BOSQUE_NW_02(3),ATL08_20200821120606_08720813_007_01.h5,2020-08-21T12:06:06Z,gt1l,-71.56366729736328,-42.61771011352539,83246882.9069755,872.0,8.0,13.0,007,01,10782.0,0.0,1770132.0,1770136.0,1206.898193359375,20.06096649169922,6.4691162109375,4.677032947540283,10.475341796875,1.4762632846832275,,,,,,,266.0,60.0,112.0,1.0,0.0,0.0,0.0,0.0,2020,8,Invierno,Bosque cerrado perennifolio latifolio,1,1,1,1,0.7229786565949617,5–10 m,872_gt1l_1770132,289743.0,5278450.3,BOSQUE_NW_02,operacional,SI,,2020-08-21,NO,1188.90,21.548,21.799,-3.54,PASA
BOSQUE_NW_02(3),ATL08_20200821120606_08720813_007_01.h5,2020-08-21T12:06:06Z,gt1l,-71.56492614746094,-42.60786819458008,83246883.06202413,872.0,8.0,13.0,007,01,10782.0,0.0,1770187.0,1770191.0,1407.83544921875,14.36921501159668,4.8414306640625,4.603726387023926,6.2625732421875,1.0890965461730957,,,,,,,421.0,98.0,112.0,1.0,0.0,0.0,0.0,0.0,2020,8,Invierno,Bosque cerrado perennifolio latifolio,1,1,1,1,0.950902059012632,2–5 m,872_gt1l_1770187,289606.6,5279540.1,BOSQUE_NW_02,operacional,SI,,2020-08-21,NO,1388.01,21.526,21.751,-1.70,PASA
BOSQUE_NW_02(3),ATL08_20200821120606_08720813_007_01.h5,2020-08-21T12:06:06Z,gt1l,-71.5650405883789,-42.60697555541992,83246883.07612309,872.0,8.0,13.0,007,01,10782.0,0.0,1770192.0,1770196.0,1417.8106689453125,15.774083137512207,6.0093994140625,4.576132774353027,8.028564453125,1.3755300045013428,,,,,,,356.0,90.0,112.0,1.0,0.0,0.0,0.0,0.0,2020,8,Invierno,Bosque cerrado perennifolio latifolio,1,1,1,1,0.7614958599098093,5–10 m,872_gt1l_1770192,289594.2,5279638.9,BOSQUE_NW_02,operacional,SI,,2020-08-21,NO,1402.35,21.524,21.746,-6.06,DESCARTADO
BOSQUE_NW_02(3),ATL08_20200821120606_08720813_007_01.h5,2020-08-21T12:06:06Z,gt1l,-71.56597137451172,-42.59981918334961,83246883.18875325,872.0,8.0,13.0,007,01,10782.0,0.0,1770232.0,1770236.0,1389.3800048828125,22.763629913330078,12.1998291015625,6.856311798095703,16.495849609375,2.4339356422424316,,,,,,,339.0,61.0,114.0,1.0,0.0,0.0,0.0,0.0,2020,8,Invierno,Bosque cerrado caducifolio latifolio,1,1,1,1,0.5620006428792987,10–20 m,872_gt1l_1770232,289493.7,5280431.3,BOSQUE_NW_02,operacional,SI,,2020-08-21,NO,1366.50,21.509,21.713,1.37,PASA
BOSQUE_NW_02(3),ATL08_20200821120606_08720813_007_01.h5,2020-08-21T12:06:06Z,gt1l,-71.56620025634766,-42.59803009033203,83246883.21703285,872.0,8.0,13.0,007,01,10782.0,0.0,1770242.0,1770246.0,1368.63916015625,19.26796531677246,5.898681640625,6.310816287994385,12.03515625,1.3548721075057983,,,,,,,284.0,71.0,112.0,1.0,0.0,0.0,0.0,0.0,2020,8,Invierno,Bosque cerrado perennifolio latifolio,1,1,1,1,1.0698689423295806,5–10 m,872_gt1l_1770242,289468.9,5280629.4,BOSQUE_NW_02,operacional,SI,,2020-08-21,NO,1346.33,21.506,21.710,0.81,PASA
BOSQUE_NW_02(3),ATL08_20200821120606_08720813_007_01.h5,2020-08-21T12:06:06Z,gt1l,-71.5693359375,-42.573875427246094,83246883.5973771,872.0,8.0,13.0,007,01,10782.0,0.0,1770377.0,1770381.0,935.7279663085938,19.785663604736328,8.27325439453125,11.211994171142578,9.03826904296875,1.8198984861373901,,,,,,,105.0,47.0,116.0,1.0,0.0,0.0,0.0,0.0,2020,8,Invierno,Bosque cerrado desconocido,1,1,1,1,1.3552096474337694,5–10 m,872_gt1l_1770377,289130.2,5283304.0,BOSQUE_NW_02,operacional,SI,,2020-08-21,NO,910.68,21.457,21.698,3.59,PASA
BOSQUE_NW_02(3),ATL08_20200821120606_08720813_007_01.h5,2020-08-21T12:06:06Z,gt1l,-71.5694580078125,-42.57297897338867,83246883.6115072,872.0,8.0,13.0,007,01,10782.0,0.0,1770382.0,1770386.0,896.4653930664062,11.053346633911133,10.98480224609375,9.424543380737305,13.348388671875,2.8017122745513916,,,,,,,170.0,81.0,112.0,1.0,0.0,0.0,0.0,0.0,2020,8,Invierno,Bosque cerrado perennifolio latifolio,1,1,1,1,0.8579620433393527,10–20 m,872_gt1l_1770382,289117.2,5283403.2,BOSQUE_NW_02,operacional,SI,,2020-08-21,NO,874.36,21.456,21.698,0.65,PASA
BOSQUE_NW_02(3),ATL08_20200821120606_08720813_007_01.h5,2020-08-21T12:06:06Z,gt1l,-71.57026672363281,-42.56671905517578,83246883.71019208,872.0,8.0,13.0,007,01,10782.0,0.0,1770417.0,1770421.0,822.7892456054688,5.056822776794434,11.637451171875,6.582136154174805,14.14996337890625,2.839752674102783,,,,,,,141.0,163.0,126.0,1.0,0.0,0.0,0.0,0.0,2020,8,Invierno,Bosque abierto desconocido,1,1,1,1,0.56559946477647,10–20 m,872_gt1l_1770417,289029.7,5284096.4,BOSQUE_NW_02,operacional,SI,,2020-08-21,NO,803.17,21.443,21.701,-1.83,PASA
BOSQUE_NW_02(3),ATL08_20200821120606_08720813_007_01.h5,2020-08-21T12:06:06Z,gt1l,-71.57061004638672,-42.56403350830078,83246883.75236756,872.0,8.0,13.0,007,01,10782.0,0.0,1770432.0,1770436.0,739.787841796875,,15.46875,,16.12335205078125,3.2007548809051514,,,,,,,153.0,9.0,112.0,1.0,0.0,0.0,0.0,0.0,2020,8,Invierno,Bosque cerrado perennifolio latifolio,1,1,0,0,,10–20 m,872_gt1l_1770432,288992.4,5284393.8,BOSQUE_NW_02,operacional,SI,,2020-08-21,NO,717.62,21.438,21.705,0.73,PASA
BOSQUE_NW_02(3),ATL08_20200821120606_08720813_007_01.h5,2020-08-21T12:06:06Z,gt1l,-71.57081604003906,-42.56242370605469,83246883.77776664,872.0,8.0,13.0,007,01,10782.0,0.0,1770442.0,1770446.0,700.6959838867188,9.559844970703125,17.6845703125,10.992391586303711,18.7159423828125,5.03170919418335,,,,,,,136.0,73.0,116.0,1.0,0.0,0.0,0.0,0.0,2020,8,Invierno,Bosque cerrado desconocido,1,1,1,1,0.6215809257482467,10–20 m,872_gt1l_1770442,288970.1,5284572.0,BOSQUE_NW_02,operacional,SI,,2020-08-21,NO,680.25,21.435,21.708,-0.99,PASA
BOSQUE_NW_02(3),ATL08_20200821120606_08720813_007_01.h5,2020-08-21T12:06:06Z,gt1l,-71.57108306884766,-42.560455322265625,83246883.80870664,872.0,8.0,13.0,007,01,10782.0,0.0,1770452.0,1770456.0,672.1986083984375,37.38270568847656,11.78582763671875,22.286603927612305,12.9759521484375,3.035860061645508,,,,,,,160.0,18.0,112.0,1.0,0.0,0.0,0.0,0.0,2020,8,Invierno,Bosque cerrado perennifolio latifolio,1,1,1,1,1.8909663890025323,10–20 m,872_gt1l_1770452,288941.5,5284789.9,BOSQUE_NW_02,operacional,SI,,2020-08-21,NO,650.63,21.432,21.711,0.13,PASA
BOSQUE_NW_02(3),ATL08_20200821120606_08720813_007_01.h5,2020-08-21T12:06:06Z,gt1r,-71.55496215820312,-42.675777435302734,83246882.34271401,872.0,8.0,13.0,007,01,10782.0,0.0,1769807.0,1769811.0,1156.9862060546875,21.87504768371582,5.0345458984375,13.12178897857666,5.4110107421875,1.1045129299163818,,,,,,,83.0,53.0,20.0,1.0,0.0,0.0,0.0,0.0,2020,8,Invierno,Arbustos,1,1,1,1,2.6063500548577943,5–10 m,872_gt1r_1769807,290651.9,5272023.5,BOSQUE_NW_02,operacional,SI,,2020-08-21,NO,1137.25,21.688,21.949,-1.95,PASA
BOSQUE_NW_02(3),ATL08_20200821120606_08720813_007_01.h5,2020-08-21T12:06:06Z,gt1r,-71.55508422851562,-42.67488098144531,83246882.35687599,872.0,8.0,13.0,007,01,10782.0,0.0,1769812.0,1769816.0,1121.744384765625,38.557861328125,6.8463134765625,26.018938064575195,6.8663330078125,1.538337230682373,,,,,,,45.0,29.0,126.0,1.0,0.0,0.0,0.0,0.0,2020,8,Invierno,Bosque abierto desconocido,1,1,1,1,3.80043042925916,5–10 m,872_gt1r_1769812,290638.9,5272122.7,BOSQUE_NW_02,operacional,SI,,2020-08-21,NO,1101.85,21.686,21.950,-1.79,PASA
BOSQUE_NW_02(3),ATL08_20200821120606_08720813_007_01.h5,2020-08-21T12:06:06Z,gt1r,-71.55636596679688,-42.665042877197266,83246882.51186645,872.0,8.0,13.0,007,01,10782.0,0.0,1769867.0,1769871.0,1070.60595703125,23.284021377563477,6.3663330078125,13.666037559509277,7.2454833984375,1.3849633932113647,,,,,,,95.0,46.0,112.0,1.0,0.0,0.0,0.0,0.0,2020,8,Invierno,Bosque cerrado perennifolio latifolio,1,1,1,1,2.146610543736698,5–10 m,872_gt1r_1769867,290500.8,5273212.1,BOSQUE_NW_02,operacional,SI,,2020-08-21,NO,1046.91,21.663,21.951,2.04,PASA
BOSQUE_NW_02(3),ATL08_20200821120606_08720813_007_01.h5,2020-08-21T12:06:06Z,gt1r,-71.55683135986328,-42.66146469116211,83246882.5682185,872.0,8.0,13.0,007,01,10782.0,0.0,1769887.0,1769891.0,1054.04736328125,14.673726081848145,8.17333984375,18.244178771972656,9.2552490234375,1.8016575574874878,,,,,,,58.0,72.0,116.0,1.0,0.0,0.0,0.0,0.0,2020,8,Invierno,Bosque cerrado desconocido,1,1,1,1,2.2321571255750046,5–10 m,872_gt1r_1769887,290450.6,5273608.3,BOSQUE_NW_02,operacional,SI,,2020-08-21,NO,1033.47,21.655,21.937,-1.08,PASA
BOSQUE_NW_02(3),ATL08_20200821120606_08720813_007_01.h5,2020-08-21T12:06:06Z,gt1r,-71.55706024169922,-42.65967559814453,83246882.59642792,872.0,8.0,13.0,007,01,10782.0,0.0,1769897.0,1769901.0,1042.83447265625,16.374788284301758,11.032958984375,21.504894256591797,11.032958984375,2.2133657932281494,,,,,,,43.0,64.0,116.0,1.0,0.0,0.0,0.0,0.0,2020,8,Invierno,Bosque cerrado desconocido,1,1,1,1,1.9491502041335664,10–20 m,872_gt1r_1769897,290425.9,5273806.4,BOSQUE_NW_02,operacional,SI,,2020-08-21,NO,1022.14,21.650,21.930,-0.96,PASA
BOSQUE_NW_02(3),ATL08_20200821120606_08720813_007_01.h5,2020-08-21T12:06:06Z,gt1r,-71.55752563476562,-42.656097412109375,83246882.65278982,872.0,8.0,13.0,007,01,10782.0,0.0,1769917.0,1769921.0,1003.1983032226562,25.741291046142578,7.7733154296875,16.35218048095703,9.616455078125,1.9168583154678345,,,,,,,94.0,39.0,30.0,1.0,0.0,0.0,0.0,0.0,2020,8,Invierno,Herbáceas,1,1,1,1,2.1036301213900974,5–10 m,872_gt1r_1769917,290375.7,5274202.6,BOSQUE_NW_02,operacional,SI,,2020-08-21,NO,983.83,21.641,21.917,-2.27,PASA
BOSQUE_NW_02(3),ATL08_20200821120606_08720813_007_01.h5,2020-08-21T12:06:06Z,gt1r,-71.55891418457031,-42.64535903930664,83246882.82194655,872.0,8.0,13.0,007,01,10782.0,0.0,1769977.0,1769981.0,919.1435546875,18.02031898498535,7.330322265625,20.690227508544922,8.96282958984375,1.537548542022705,,,,,,,116.0,51.0,20.0,1.0,0.0,0.0,0.0,0.0,2020,8,Invierno,Arbustos,1,1,1,1,2.822553601165695,5–10 m,872_gt1r_1769977,290225.8,5275391.7,BOSQUE_NW_02,operacional,SI,,2020-08-21,NO,898.65,21.615,21.881,-1.12,PASA
BOSQUE_NW_02(3),ATL08_20200821120606_08720813_007_01.h5,2020-08-21T12:06:06Z,gt1r,-71.55903625488281,-42.644466400146484,83246882.83605422,872.0,8.0,13.0,007,01,10782.0,0.0,1769982.0,1769986.0,911.9754028320312,12.665032386779785,4.56951904296875,13.318185806274414,6.11077880859375,1.1425961256027222,,,,,,,55.0,72.0,126.0,1.0,0.0,0.0,0.0,0.0,2020,8,Invierno,Bosque abierto desconocido,1,1,1,1,2.9145705885102915,2–5 m,872_gt1r_1769982,290212.8,5275490.5,BOSQUE_NW_02,operacional,SI,,2020-08-21,NO,889.85,21.613,21.878,0.51,PASA
BOSQUE_NW_02(3),ATL08_20200821120606_08720813_007_01.h5,2020-08-21T12:06:06Z,gt1r,-71.55937957763672,-42.64178466796875,83246882.87828928,872.0,8.0,13.0,007,01,10782.0,0.0,1769997.0,1770001.0,930.8789672851562,15.972602844238281,4.83123779296875,11.642922401428223,5.042236328125,1.1101759672164917,,,,,,,37.0,58.0,126.0,1.0,0.0,0.0,0.0,0.0,2020,8,Invierno,Bosque abierto desconocido,1,1,1,1,2.4099253442612594,2–5 m,872_gt1r_1769997,290175.6,5275787.4,BOSQUE_NW_02,operacional,SI,,2020-08-21,NO,905.55,21.606,21.869,3.72,PASA
BOSQUE_NW_02(3),ATL08_20200821120606_08720813_007_01.h5,2020-08-21T12:06:06Z,gt1r,-71.55973052978516,-42.63909912109375,83246882.92056444,872.0,8.0,13.0,007,01,10782.0,0.0,1770012.0,1770016.0,967.237548828125,40.23416519165039,4.79998779296875,10.779598236083984,6.14678955078125,1.0618877410888672,,,,,,,76.0,24.0,116.0,1.0,0.0,0.0,0.0,0.0,2020,8,Invierno,Bosque cerrado desconocido,1,1,1,1,2.245755343768676,2–5 m,872_gt1r_1770012,290137.8,5276084.8,BOSQUE_NW_02,operacional,SI,,2020-08-21,NO,946.81,21.600,21.860,-1.17,PASA
BOSQUE_NW_02(3),ATL08_20200821120606_08720813_007_01.h5,2020-08-21T12:06:06Z,gt1r,-71.560302734375,-42.63462448120117,83246882.99089046,872.0,8.0,13.0,007,01,10782.0,0.0,1770037.0,1770041.0,1113.801513671875,,15.751708984375,,21.4093017578125,4.142528533935547,,,,,,,105.0,5.0,112.0,1.0,0.0,0.0,0.0,0.0,2020,8,Invierno,Bosque cerrado perennifolio latifolio,1,1,0,0,,10–20 m,872_gt1r_1770037,290075.8,5276580.3,BOSQUE_NW_02,operacional,SI,,2020-08-21,NO,1099.79,21.589,21.846,-7.57,DESCARTADO
BOSQUE_NW_02(3),ATL08_20200821120606_08720813_007_01.h5,2020-08-21T12:06:06Z,gt1r,-71.56123352050781,-42.62746810913086,83246883.1036612,872.0,8.0,13.0,007,01,10782.0,0.0,1770077.0,1770081.0,1134.6497802734375,12.755439758300781,14.65673828125,16.822593688964844,15.860107421875,3.6736035346984863,,,,,,,123.0,89.0,112.0,1.0,0.0,0.0,0.0,0.0,2020,8,Invierno,Bosque cerrado perennifolio latifolio,1,1,1,1,1.1477719917047007,10–20 m,872_gt1r_1770077,289975.4,5277372.7,BOSQUE_NW_02,operacional,SI,,2020-08-21,NO,1114.71,21.571,21.828,-1.63,PASA
BOSQUE_NW_02(3),ATL08_20200821120606_08720813_007_01.h5,2020-08-21T12:06:06Z,gt1r,-71.56157684326172,-42.624786376953125,83246883.14592947,872.0,8.0,13.0,007,01,10782.0,0.0,1770092.0,1770096.0,1141.7708740234375,10.48076057434082,16.1641845703125,14.026265144348145,23.213623046875,4.618359088897705,,,,,,,117.0,109.0,112.0,1.0,0.0,0.0,0.0,0.0,2020,8,Invierno,Bosque cerrado perennifolio latifolio,1,1,1,1,0.8677372547520333,10–20 m,872_gt1r_1770092,289938.2,5277669.6,BOSQUE_NW_02,operacional,SI,,2020-08-21,NO,1121.87,21.565,21.821,-1.66,PASA
BOSQUE_NW_02(3),ATL08_20200821120606_08720813_007_01.h5,2020-08-21T12:06:06Z,gt1r,-71.56181335449219,-42.62299728393555,83246883.17405896,872.0,8.0,13.0,007,01,10782.0,0.0,1770102.0,1770106.0,1147.891845703125,11.2530517578125,14.0948486328125,15.905248641967773,21.0228271484375,4.301324844360352,,,,,,,60.0,102.0,112.0,1.0,0.0,0.0,0.0,0.0,2020,8,Invierno,Bosque cerrado perennifolio latifolio,1,1,1,1,1.1284440902004937,10–20 m,872_gt1r_1770102,289912.8,5277867.7,BOSQUE_NW_02,operacional,SI,,2020-08-21,NO,1130.34,21.561,21.816,-4.01,PASA
BOSQUE_NW_02(3),ATL08_20200821120606_08720813_007_01.h5,2020-08-21T12:06:06Z,gt1r,-71.56413269042969,-42.6051025390625,83246883.45580365,872.0,8.0,13.0,007,01,10782.0,0.0,1770202.0,1770206.0,1423.60791015625,71.47205352783203,11.142822265625,18.213159561157227,12.4468994140625,3.2225708961486816,,,,,,,77.0,20.0,112.0,1.0,0.0,0.0,0.0,0.0,2020,8,Invierno,Bosque cerrado perennifolio latifolio,1,1,1,1,1.634519435649964,10–20 m,872_gt1r_1770202,289662.4,5279849.2,BOSQUE_NW_02,operacional,SI,,2020-08-21,NO,1409.79,21.522,21.739,-7.70,DESCARTADO
BOSQUE_NW_02(3),ATL08_20200821120606_08720813_007_01.h5,2020-08-21T12:06:06Z,gt1r,-71.5645980834961,-42.601524353027344,83246883.5121503,872.0,8.0,13.0,007,01,10782.0,0.0,1770222.0,1770226.0,1462.2083740234375,133.26983642578125,10.6358642578125,28.051532745361328,12.1014404296875,2.6421446800231934,,,,,,,121.0,11.0,112.0,1.0,0.0,0.0,0.0,0.0,2020,8,Invierno,Bosque cerrado perennifolio latifolio,1,1,1,1,2.6374474199175935,10–20 m,872_gt1r_1770222,289612.1,5280245.4,BOSQUE_NW_02,operacional,SI,,2020-08-21,NO,1447.61,21.514,21.721,-6.92,DESCARTADO
BOSQUE_NW_02(3),ATL08_20200821120606_08720813_007_01.h5,2020-08-21T12:06:06Z,gt1r,-71.56726837158203,-42.58095169067383,83246883.83650908,872.0,8.0,13.0,007,01,10782.0,0.0,1770337.0,1770341.0,1133.50146484375,35.40280532836914,18.1712646484375,42.48393630981445,19.760009765625,5.27037239074707,,,,,,,54.0,32.0,30.0,1.0,0.0,0.0,0.0,0.0,2020,8,Invierno,Herbáceas,1,1,1,1,2.337973560550588,10–20 m,872_gt1r_1770337,289323.7,5282523.3,BOSQUE_NW_02,operacional,SI,,2020-08-21,NO,1117.40,21.472,21.693,-5.37,DESCARTADO
BOSQUE_NW_02(3),ATL08_20200821120606_08720813_007_01.h5,2020-08-21T12:06:06Z,gt1r,-71.56761169433594,-42.57826614379883,83246883.87879406,872.0,8.0,13.0,007,01,10782.0,0.0,1770352.0,1770356.0,1098.1134033203125,45.63393020629883,18.648193359375,38.96654510498047,26.1185302734375,4.208906650543213,,,,,,,166.0,24.0,20.0,1.0,0.0,0.0,0.0,0.0,2020,8,Invierno,Arbustos,1,1,1,1,2.0895614043700825,10–20 m,872_gt1r_1770352,289286.5,5282820.7,BOSQUE_NW_02,operacional,SI,,2020-08-21,NO,1075.80,21.466,21.694,0.85,PASA
BOSQUE_NW_02(3),ATL08_20200821120606_08720813_007_01.h5,2020-08-21T12:06:06Z,gt1r,-71.56808471679688,-42.57468795776367,83246883.93525216,872.0,8.0,13.0,007,01,10782.0,0.0,1770372.0,1770376.0,971.7416381835938,23.695924758911133,17.616943359375,27.069299697875977,19.25775146484375,4.356846809387207,,,,,,,59.0,41.0,20.0,1.0,0.0,0.0,0.0,0.0,2020,8,Invierno,Arbustos,1,1,1,1,1.5365491700619465,10–20 m,872_gt1r_1770372,289235.6,5283216.9,BOSQUE_NW_02,operacional,SI,,2020-08-21,NO,950.35,21.459,21.696,-0.07,PASA
BOSQUE_NW_02(3),ATL08_20200821120606_08720813_007_01.h5,2020-08-21T12:06:06Z,gt2l,-71.5140609741211,-42.68894577026367,83246881.72387426,872.0,8.0,13.0,007,01,10782.0,0.0,1769718.0,1769722.0,1396.4559326171875,16.041950225830078,5.262939453125,5.567934513092041,6.745361328125,1.2077834606170654,,,,,,,374.0,87.0,116.0,1.0,0.0,0.0,0.0,0.0,2020,8,Invierno,Bosque cerrado desconocido,1,1,1,1,1.0579514666059748,5–10 m,872_gt2l_1769718,294047.0,5270661.7,BOSQUE_NW_02,operacional,SI,,2020-08-21,NO,1377.24,21.765,22.009,-2.54,PASA
BOSQUE_NW_02(3),ATL08_20200821120606_08720813_007_01.h5,2020-08-21T12:06:06Z,gt2l,-71.514404296875,-42.68626022338867,83246881.76614381,872.0,8.0,13.0,007,01,10782.0,0.0,1769733.0,1769737.0,1351.021484375,13.656861305236816,4.302978515625,5.923849105834961,6.646240234375,0.9481831789016724,,,,,,,397.0,99.0,116.0,1.0,0.0,0.0,0.0,0.0,2020,8,Invierno,Bosque cerrado desconocido,1,1,1,1,1.3766857269503545,2–5 m,872_gt2l_1769733,294010.0,5270959.1,BOSQUE_NW_02,operacional,SI,,2020-08-21,NO,1334.47,21.761,22.006,-5.21,DESCARTADO
BOSQUE_NW_02(3),ATL08_20200821120606_08720813_007_01.h5,2020-08-21T12:06:06Z,gt2l,-71.51475524902344,-42.68357849121094,83246881.80852804,872.0,8.0,13.0,007,01,10782.0,0.0,1769748.0,1769752.0,1339.791748046875,4.336880683898926,10.1883544921875,6.04579496383667,15.1546630859375,2.1630401611328125,,,,,,,396.0,309.0,112.0,1.0,0.0,0.0,0.0,0.0,2020,8,Invierno,Bosque cerrado perennifolio latifolio,1,1,1,1,0.5934024938445779,10–20 m,872_gt2l_1769748,293972.3,5271256.0,BOSQUE_NW_02,operacional,SI,,2020-08-21,NO,1318.36,21.756,22.002,-0.33,PASA
BOSQUE_NW_02(3),ATL08_20200821120606_08720813_007_01.h5,2020-08-21T12:06:06Z,gt2l,-71.51487731933594,-42.682682037353516,83246881.82247497,872.0,8.0,13.0,007,01,10782.0,0.0,1769753.0,1769757.0,1337.42724609375,10.798912048339844,13.7098388671875,8.101722717285156,16.0419921875,3.149860143661499,,,,,,,308.0,124.0,112.0,1.0,0.0,0.0,0.0,0.0,2020,8,Invierno,Bosque cerrado perennifolio latifolio,1,1,1,1,0.5909422273864536,10–20 m,872_gt2l_1769753,293959.4,5271355.3,BOSQUE_NW_02,operacional,SI,,2020-08-21,NO,1320.09,21.755,22.000,-4.41,PASA
BOSQUE_NW_02(3),ATL08_20200821120606_08720813_007_01.h5,2020-08-21T12:06:06Z,gt2l,-71.51988983154297,-42.64421463012695,83246882.428625,872.0,8.0,13.0,007,01,10782.0,0.0,1769968.0,1769972.0,1315.921875,4.586301803588867,12.6571044921875,6.010664463043213,13.38232421875,3.5879106521606445,,,,,,,203.0,287.0,112.0,1.0,0.0,0.0,0.0,0.0,2020,8,Invierno,Bosque cerrado perennifolio latifolio,1,1,1,1,0.4748846362731104,10–20 m,872_gt2l_1769968,293421.3,5275614.9,BOSQUE_NW_02,operacional,SI,,2020-08-21,NO,1297.20,21.674,21.895,-2.95,PASA
BOSQUE_NW_02(3),ATL08_20200821120606_08720813_007_01.h5,2020-08-21T12:06:06Z,gt2l,-71.52059173583984,-42.63884735107422,83246882.51337898,872.0,8.0,13.0,007,01,10782.0,0.0,1769998.0,1770002.0,1298.9578857421875,6.331218242645264,14.177734375,8.548699378967285,17.9573974609375,3.6675169467926025,,,,,,,301.0,205.0,116.0,1.0,0.0,0.0,0.0,0.0,2020,8,Invierno,Bosque cerrado desconocido,1,1,1,1,0.6029665356152707,10–20 m,872_gt2l_1769998,293346.0,5276209.2,BOSQUE_NW_02,operacional,SI,,2020-08-21,NO,1279.98,21.660,21.879,-2.69,PASA
BOSQUE_NW_02(3),ATL08_20200821120606_08720813_007_01.h5,2020-08-21T12:06:06Z,gt2l,-71.52082061767578,-42.63705825805664,83246882.54124054,872.0,8.0,13.0,007,01,10782.0,0.0,1770008.0,1770012.0,1307.501708984375,12.085524559020996,5.89892578125,4.59071683883667,7.0311279296875,1.4050853252410889,,,,,,,309.0,108.0,116.0,1.0,0.0,0.0,0.0,0.0,2020,8,Invierno,Bosque cerrado desconocido,1,1,1,1,0.7782292927686036,5–10 m,872_gt2l_1770008,293321.3,5276407.3,BOSQUE_NW_02,operacional,SI,,2020-08-21,NO,1283.31,21.656,21.874,2.54,PASA
BOSQUE_NW_02(3),ATL08_20200821120606_08720813_007_01.h5,2020-08-21T12:06:06Z,gt2l,-71.52140045166016,-42.63258743286133,83246882.6119158,872.0,8.0,13.0,007,01,10782.0,0.0,1770033.0,1770037.0,1312.6505126953125,15.222972869873047,6.0240478515625,3.899507522583008,9.2222900390625,1.2421379089355469,,,,,,,296.0,86.0,116.0,1.0,0.0,0.0,0.0,0.0,2020,8,Invierno,Bosque cerrado desconocido,1,1,1,1,0.6473234640012969,5–10 m,872_gt2l_1770033,293258.9,5276902.4,BOSQUE_NW_02,operacional,SI,,2020-08-21,NO,1290.49,21.645,21.860,0.52,PASA
BOSQUE_NW_02(3),ATL08_20200821120606_08720813_007_01.h5,2020-08-21T12:06:06Z,gt2l,-71.5228042602539,-42.62185287475586,83246882.78084865,872.0,8.0,13.0,007,01,10782.0,0.0,1770093.0,1770097.0,1288.8929443359375,10.466721534729004,14.3629150390625,12.895764350891113,15.6279296875,3.302560567855835,,,,,,,347.0,123.0,114.0,1.0,0.0,0.0,0.0,0.0,2020,8,Invierno,Bosque cerrado caducifolio latifolio,1,1,1,1,0.897851467882306,10–20 m,872_gt2l_1770093,293108.2,5278091.0,BOSQUE_NW_02,operacional,SI,,2020-08-21,NO,1266.84,21.616,21.825,0.44,PASA
BOSQUE_NW_02(3),ATL08_20200821120606_08720813_007_01.h5,2020-08-21T12:06:06Z,gt2l,-71.52535247802734,-42.602169036865234,83246883.09077404,872.0,8.0,13.0,007,01,10782.0,0.0,1770203.0,1770207.0,1133.953125,7.897571086883545,17.6903076171875,8.755409240722656,23.0291748046875,3.275268077850342,,,,,,,297.0,144.0,112.0,1.0,0.0,0.0,0.0,0.0,2020,8,Invierno,Bosque cerrado perennifolio latifolio,1,1,1,1,0.4949269074448485,10–20 m,872_gt2l_1770203,292834.0,5280270.7,BOSQUE_NW_02,operacional,SI,,2020-08-21,NO,1117.74,21.558,21.775,-5.35,DESCARTADO
BOSQUE_NW_02(3),ATL08_20200821120606_08720813_007_01.h5,2020-08-21T12:06:06Z,gt2l,-71.52546691894531,-42.60127639770508,83246883.10501513,872.0,8.0,13.0,007,01,10782.0,0.0,1770208.0,1770212.0,1160.3486328125,5.943517208099365,4.0238037109375,7.824930191040039,11.4188232421875,1.0319887399673462,,,,,,,354.0,195.0,112.0,1.0,0.0,0.0,0.0,0.0,2020,8,Invierno,Bosque cerrado perennifolio latifolio,1,1,1,1,1.9446600165336894,2–5 m,872_gt2l_1770208,292821.6,5280369.5,BOSQUE_NW_02,operacional,SI,,2020-08-21,NO,1144.12,21.556,21.773,-5.33,DESCARTADO
BOSQUE_NW_02(3),ATL08_20200821120606_08720813_007_01.h5,2020-08-21T12:06:06Z,gt2l,-71.52651977539062,-42.593223571777344,83246883.23167023,872.0,8.0,13.0,007,01,10782.0,0.0,1770253.0,1770257.0,1167.8560791015625,12.707326889038086,7.794189453125,7.196249485015869,14.763916015625,1.7553144693374634,,,,,,,392.0,92.0,126.0,1.0,0.0,0.0,0.0,0.0,2020,8,Invierno,Bosque abierto desconocido,1,1,1,1,0.9232838806773689,5–10 m,872_gt2l_1770253,292708.5,5281261.2,BOSQUE_NW_02,operacional,SI,,2020-08-21,NO,1149.06,21.532,21.747,-2.73,PASA
BOSQUE_NW_02(3),ATL08_20200821120606_08720813_007_01.h5,2020-08-21T12:06:06Z,gt2l,-71.52709197998047,-42.588748931884766,83246883.30224608,872.0,8.0,13.0,007,01,10782.0,0.0,1770278.0,1770282.0,1041.541748046875,12.096540451049805,5.0042724609375,5.897244453430176,5.930419921875,1.1268929243087769,,,,,,,184.0,86.0,126.0,1.0,0.0,0.0,0.0,0.0,2020,8,Invierno,Bosque abierto desconocido,1,1,1,1,1.1784419212708868,5–10 m,872_gt2l_1770278,292646.8,5281756.7,BOSQUE_NW_02,operacional,SI,,2020-08-21,NO,1018.73,21.519,21.732,1.29,PASA
BOSQUE_NW_02(3),ATL08_20200821120606_08720813_007_01.h5,2020-08-21T12:06:06Z,gt2l,-71.52721405029297,-42.58785629272461,83246883.31630722,872.0,8.0,13.0,007,01,10782.0,0.0,1770283.0,1770287.0,1023.2633056640625,10.037969589233398,4.026123046875,8.839241981506348,5.62408447265625,0.9054008722305298,,,,,,,215.0,102.0,126.0,1.0,0.0,0.0,0.0,0.0,2020,8,Invierno,Bosque abierto desconocido,1,1,1,1,2.19547238834819,2–5 m,872_gt2l_1770283,292633.8,5281855.5,BOSQUE_NW_02,operacional,SI,,2020-08-21,NO,999.50,21.516,21.729,2.25,PASA
BOSQUE_NW_02(3),ATL08_20200821120606_08720813_007_01.h5,2020-08-21T12:06:06Z,gt2l,-71.52918243408203,-42.57264709472656,83246883.5558419,872.0,8.0,13.0,007,01,10782.0,0.0,1770368.0,1770372.0,902.6455078125,32.16606140136719,4.97314453125,11.01242733001709,6.309326171875,1.1674771308898926,,,,,,,95.0,28.0,116.0,1.0,0.0,0.0,0.0,0.0,2020,8,Invierno,Bosque cerrado desconocido,1,1,1,1,2.214379103767796,2–5 m,872_gt2l_1770368,292421.8,5283539.7,BOSQUE_NW_02,operacional,SI,,2020-08-21,NO,880.94,21.472,21.699,0.24,PASA
BOSQUE_NW_02(3),ATL08_20200821120606_08720813_007_01.h5,2020-08-21T12:06:06Z,gt2l,-71.5298843383789,-42.56727981567383,83246883.64030991,872.0,8.0,13.0,007,01,10782.0,0.0,1770398.0,1770402.0,840.1065673828125,32.295738220214844,6.10272216796875,15.265670776367188,6.19439697265625,1.3410803079605103,,,,,,,75.0,26.0,126.0,1.0,0.0,0.0,0.0,0.0,2020,8,Invierno,Bosque abierto desconocido,1,1,1,1,2.5014526888495503,5–10 m,872_gt2l_1770398,292346.3,5284134.0,BOSQUE_NW_02,operacional,SI,,2020-08-21,NO,820.52,21.456,21.693,-1.87,PASA
BOSQUE_NW_02(3),ATL08_20200821120606_08720813_007_01.h5,2020-08-21T12:06:06Z,gt2l,-71.53079986572266,-42.560123443603516,83246883.75320566,872.0,8.0,13.0,007,01,10782.0,0.0,1770438.0,1770442.0,768.5397338867188,2.6499266624450684,20.51751708984375,3.7076516151428223,20.51751708984375,3.9094960689544678,,,,,,,24.0,290.0,20.0,1.0,0.0,0.0,0.0,0.0,2020,8,Invierno,Arbustos,1,1,1,1,0.18070664198340666,20–30 m,872_gt2l_1770438,292247.4,5284926.4,BOSQUE_NW_02,operacional,SI,,2020-08-21,NO,747.51,21.436,21.678,-0.41,PASA
BOSQUE_NW_02(3),ATL08_20200821120606_08720813_007_01.h5,2020-08-21T12:06:06Z,gt2r,-71.5129165649414,-42.68940734863281,83246882.06656463,872.0,8.0,13.0,007,01,10782.0,0.0,1769715.0,1769719.0,1391.5791015625,22.75107192993164,10.06494140625,14.798118591308594,11.173095703125,1.887624740600586,,,,,,,70.0,61.0,116.0,1.0,0.0,0.0,0.0,0.0,2020,8,Invierno,Bosque cerrado desconocido,1,1,1,1,1.4702637595206909,10–20 m,872_gt2r_1769715,294142.2,5270613.2,BOSQUE_NW_02,operacional,SI,,2020-08-21,NO,1370.54,21.767,22.011,-0.72,PASA
BOSQUE_NW_02(3),ATL08_20200821120606_08720813_007_01.h5,2020-08-21T12:06:06Z,gt2r,-71.51373291015625,-42.683143615722656,83246882.1652513,872.0,8.0,13.0,007,01,10782.0,0.0,1769750.0,1769754.0,1332.8345947265625,17.315467834472656,14.092041015625,21.76685333251953,16.08154296875,3.5449395179748535,,,,,,,89.0,77.0,112.0,1.0,0.0,0.0,0.0,0.0,2020,8,Invierno,Bosque cerrado perennifolio latifolio,1,1,1,1,1.5446203504790283,10–20 m,872_gt2r_1769750,294054.7,5271306.8,BOSQUE_NW_02,operacional,SI,,2020-08-21,NO,1313.01,21.757,22.002,-1.93,PASA
BOSQUE_NW_02(3),ATL08_20200821120606_08720813_007_01.h5,2020-08-21T12:06:06Z,gt2r,-71.51863861083984,-42.645572662353516,83246882.7571124,872.0,8.0,13.0,007,01,10782.0,0.0,1769960.0,1769964.0,1327.0869140625,82.9111328125,8.1256103515625,22.64242935180664,11.401123046875,1.7041596174240112,,,,,,,82.0,16.0,112.0,1.0,0.0,0.0,0.0,0.0,2020,8,Invierno,Bosque cerrado perennifolio latifolio,1,1,1,1,2.78655120934425,5–10 m,872_gt2r_1769960,293528.3,5275467.1,BOSQUE_NW_02,operacional,SI,,2020-08-21,NO,1304.04,21.679,21.899,1.37,PASA
BOSQUE_NW_02(3),ATL08_20200821120606_08720813_007_01.h5,2020-08-21T12:06:06Z,gt2r,-71.51910400390625,-42.64199447631836,83246882.81344146,872.0,8.0,13.0,007,01,10782.0,0.0,1769980.0,1769984.0,1314.4776611328125,18.780630111694336,17.6959228515625,25.66094970703125,22.311279296875,3.922744035720825,,,,,,,104.0,70.0,112.0,1.0,0.0,0.0,0.0,0.0,2020,8,Invierno,Bosque cerrado perennifolio latifolio,1,1,1,1,1.450105197806367,10–20 m,872_gt2r_1769980,293478.4,5275863.3,BOSQUE_NW_02,operacional,SI,,2020-08-21,NO,1291.54,21.670,21.888,1.26,PASA
BOSQUE_NW_02(3),ATL08_20200821120606_08720813_007_01.h5,2020-08-21T12:06:06Z,gt2r,-71.5199203491211,-42.6357307434082,83246882.91207741,872.0,8.0,13.0,007,01,10782.0,0.0,1770015.0,1770019.0,1341.6923828125,26.823657989501953,8.453369140625,32.81244659423828,11.596435546875,2.1333675384521484,,,,,,,101.0,50.0,112.0,1.0,0.0,0.0,0.0,0.0,2020,8,Invierno,Bosque cerrado perennifolio latifolio,1,1,1,1,3.881582129963899,5–10 m,872_gt2r_1770015,293390.7,5276556.9,BOSQUE_NW_02,operacional,SI,,2020-08-21,NO,1320.18,21.654,21.870,-0.15,PASA
BOSQUE_NW_02(3),ATL08_20200821120606_08720813_007_01.h5,2020-08-21T12:06:06Z,gt2r,-71.52003479003906,-42.63483810424805,83246882.92614575,872.0,8.0,13.0,007,01,10782.0,0.0,1770020.0,1770024.0,1340.9539794921875,41.88383483886719,6.051025390625,25.3146915435791,11.875244140625,1.5490840673446655,,,,,,,85.0,32.0,112.0,1.0,0.0,0.0,0.0,0.0,2020,8,Invierno,Bosque cerrado perennifolio latifolio,1,1,1,1,4.183537484869881,5–10 m,872_gt2r_1770020,293378.3,5276655.8,BOSQUE_NW_02,operacional,SI,,2020-08-21,NO,1320.58,21.652,21.867,-1.28,PASA
BOSQUE_NW_02(3),ATL08_20200821120606_08720813_007_01.h5,2020-08-21T12:06:06Z,gt2r,-71.5232925415039,-42.6096076965332,83246883.32370365,872.0,8.0,13.0,007,01,10782.0,0.0,1770161.0,1770164.0,883.1557006835938,30.462976455688477,9.409912109375,37.97824478149414,9.409912109375,1.7085384130477905,,,,,,,43.0,29.0,126.0,1.0,0.0,0.0,0.0,0.0,2020,8,Invierno,Bosque abierto desconocido,1,1,1,1,4.035982944373816,5–10 m,872_gt2r_1770161,293027.6,5279449.6,BOSQUE_NW_02,operacional,SI,,2020-08-21,NO,862.33,21.582,21.794,-0.76,PASA
BOSQUE_NW_02(3),ATL08_20200821120606_08720813_007_01.h5,2020-08-21T12:06:06Z,gt2r,-71.52338409423828,-42.608890533447266,83246883.33501856,872.0,8.0,13.0,007,01,10782.0,0.0,1770165.0,1770169.0,869.0069580078125,12.967866897583008,16.56951904296875,17.453048706054688,16.56951904296875,3.7913012504577637,,,,,,,41.0,67.0,126.0,1.0,0.0,0.0,0.0,0.0,2020,8,Invierno,Bosque abierto desconocido,1,1,1,1,1.0533225895570495,10–20 m,872_gt2r_1770165,293017.7,5279529.1,BOSQUE_NW_02,operacional,SI,,2020-08-21,NO,847.50,21.579,21.793,-0.08,PASA
BOSQUE_NW_02(3),ATL08_20200821120606_08720813_007_01.h5,2020-08-21T12:06:06Z,gt2r,-71.52373504638672,-42.60620880126953,83246883.37728828,872.0,8.0,13.0,007,01,10782.0,0.0,1770180.0,1770184.0,904.5484619140625,31.514602661132812,8.69775390625,20.478288650512695,8.85693359375,2.261042356491089,,,,,,,60.0,29.0,116.0,1.0,0.0,0.0,0.0,0.0,2020,8,Invierno,Bosque cerrado desconocido,1,1,1,1,2.3544341299191602,5–10 m,872_gt2r_1770180,292980.1,5279826.0,BOSQUE_NW_02,operacional,SI,,2020-08-21,NO,887.86,21.572,21.787,-4.89,PASA
BOSQUE_NW_02(3),ATL08_20200821120606_08720813_007_01.h5,2020-08-21T12:06:06Z,gt2r,-71.5252685546875,-42.59457778930664,83246883.56033623,872.0,8.0,13.0,007,01,10782.0,0.0,1770245.0,1770249.0,1213.938232421875,32.73313522338867,4.704833984375,19.078264236450195,6.211669921875,1.0924795866012573,,,,,,,98.0,37.0,116.0,1.0,0.0,0.0,0.0,0.0,2020,8,Invierno,Bosque cerrado desconocido,1,1,1,1,4.055034524025738,2–5 m,872_gt2r_1770245,292815.7,5281113.9,BOSQUE_NW_02,operacional,SI,,2020-08-21,NO,1193.02,21.537,21.754,-0.62,PASA
BOSQUE_NW_02(3),ATL08_20200821120606_08720813_007_01.h5,2020-08-21T12:06:06Z,gt2r,-71.52584075927734,-42.59010696411133,83246883.6308692,872.0,8.0,13.0,007,01,10782.0,0.0,1770270.0,1770274.0,1081.0106201171875,30.97080421447754,4.5087890625,26.434167861938477,5.25732421875,1.002934217453003,,,,,,,49.0,35.0,126.0,1.0,0.0,0.0,0.0,0.0,2020,8,Invierno,Bosque abierto desconocido,1,1,1,1,5.862808726581113,2–5 m,872_gt2r_1770270,292753.9,5281609.0,BOSQUE_NW_02,operacional,SI,,2020-08-21,NO,1061.39,21.524,21.739,-1.91,PASA
BOSQUE_NW_02(3),ATL08_20200821120606_08720813_007_01.h5,2020-08-21T12:06:06Z,gt2r,-71.52804565429688,-42.5731086730957,83246883.89874958,872.0,8.0,13.0,007,01,10782.0,0.0,1770365.0,1770369.0,915.0606689453125,31.561695098876953,4.2215576171875,18.00231170654297,9.2432861328125,1.0067377090454102,,,,,,,91.0,29.0,116.0,1.0,0.0,0.0,0.0,0.0,2020,8,Invierno,Bosque cerrado desconocido,1,1,1,1,4.264376644594165,2–5 m,872_gt2r_1770365,292516.6,5283491.2,BOSQUE_NW_02,operacional,SI,,2020-08-21,NO,895.19,21.474,21.701,-1.60,PASA
BOSQUE_NW_02(3),ATL08_20200821120606_08720813_007_01.h5,2020-08-21T12:06:06Z,gt2r,-71.52863311767578,-42.568634033203125,83246883.9692431,872.0,8.0,13.0,007,01,10782.0,0.0,1770390.0,1770394.0,879.4968872070312,17.568096160888672,19.689208984375,23.66496467590332,19.689208984375,3.724871873855591,,,,,,,46.0,50.0,126.0,1.0,0.0,0.0,0.0,0.0,2020,8,Invierno,Bosque abierto desconocido,1,1,1,1,1.2019256179709104,10–20 m,872_gt2r_1770390,292453.5,5283986.7,BOSQUE_NW_02,operacional,SI,,2020-08-21,NO,857.33,21.461,21.695,0.71,PASA
BOSQUE_NW_02(3),ATL08_20200821120606_08720813_007_01.h5,2020-08-21T12:06:06Z,gt3l,-71.48587036132812,-42.595741271972656,83246883.1307207,872.0,8.0,13.0,007,01,10782.0,0.0,1770223.0,1770227.0,982.4458618164062,16.883541107177734,5.610595703125,7.594990253448486,7.15252685546875,1.3950884342193604,,,,,,,144.0,58.0,112.0,1.0,0.0,0.0,0.0,0.0,2020,8,Invierno,Bosque cerrado perennifolio latifolio,1,1,1,1,1.353686962191593,5–10 m,872_gt3l_1770223,296052.1,5281080.4,BOSQUE_NW_02,operacional,SI,,2020-08-21,NO,958.28,21.595,21.806,2.57,PASA
BOSQUE_NW_02(3),ATL08_20200821120606_08720813_007_01.h5,2020-08-21T12:06:06Z,gt3l,-71.48657989501953,-42.59037399291992,83246883.21529762,872.0,8.0,13.0,007,01,10782.0,0.0,1770253.0,1770257.0,1011.4072875976562,6.8322434425354,4.60589599609375,6.281598091125488,5.5302734375,0.9903268218040466,,,,,,,190.0,148.0,116.0,1.0,0.0,0.0,0.0,0.0,2020,8,Invierno,Bosque cerrado desconocido,1,1,1,1,1.3638167462862596,2–5 m,872_gt3l_1770253,295976.3,5281674.7,BOSQUE_NW_02,operacional,SI,,2020-08-21,NO,989.62,21.578,21.784,0.21,PASA
BOSQUE_NW_02(3),ATL08_20200821120606_08720813_007_01.h5,2020-08-21T12:06:06Z,gt3l,-71.48680877685547,-42.588584899902344,83246883.24340756,872.0,8.0,13.0,007,01,10782.0,0.0,1770263.0,1770267.0,980.1882934570312,7.668395042419434,4.67767333984375,6.120456695556641,6.228271484375,1.0260132551193237,,,,,,,284.0,128.0,126.0,1.0,0.0,0.0,0.0,0.0,2020,8,Invierno,Bosque abierto desconocido,1,1,1,1,1.3084403828338051,2–5 m,872_gt3l_1770263,295951.7,5281872.9,BOSQUE_NW_02,operacional,SI,,2020-08-21,NO,959.91,21.573,21.777,-1.30,PASA
BOSQUE_NW_02(3),ATL08_20200821120606_08720813_007_01.h5,2020-08-21T12:06:06Z,gt3l,-71.48692321777344,-42.58768844604492,83246883.2574923,872.0,8.0,13.0,007,01,10782.0,0.0,1770268.0,1770272.0,965.1622924804688,10.615959167480469,4.5985107421875,7.313724040985107,5.94940185546875,0.8743043541908264,,,,,,,410.0,91.0,126.0,1.0,0.0,0.0,0.0,0.0,2020,8,Invierno,Bosque abierto desconocido,1,1,1,1,1.5904549213917867,2–5 m,872_gt3l_1770268,295939.4,5281972.1,BOSQUE_NW_02,operacional,SI,,2020-08-21,NO,943.39,21.570,21.774,0.20,PASA
BOSQUE_NW_02(3),ATL08_20200821120606_08720813_007_01.h5,2020-08-21T12:06:06Z,gt3l,-71.48773956298828,-42.581424713134766,83246883.35620755,872.0,8.0,13.0,007,01,10782.0,0.0,1770303.0,1770307.0,917.2400512695312,29.572439193725586,5.708984375,10.072907447814941,7.2779541015625,1.2979382276535034,,,,,,,98.0,31.0,20.0,1.0,0.0,0.0,0.0,0.0,2020,8,Invierno,Arbustos,1,1,1,1,1.7643956939039513,5–10 m,872_gt3l_1770303,295852.0,5282665.7,BOSQUE_NW_02,operacional,SI,,2020-08-21,NO,894.21,21.549,21.752,1.48,PASA
BOSQUE_NW_02(3),ATL08_20200821120606_08720813_007_01.h5,2020-08-21T12:06:06Z,gt3l,-71.48785400390625,-42.58053207397461,83246883.37029324,872.0,8.0,13.0,007,01,10782.0,0.0,1770308.0,1770312.0,902.46533203125,22.573299407958984,5.0059814453125,12.1807279586792,5.9166259765625,1.127924919128418,,,,,,,150.0,40.0,126.0,1.0,0.0,0.0,0.0,0.0,2020,8,Invierno,Bosque abierto desconocido,1,1,1,1,2.433234739630325,5–10 m,872_gt3l_1770308,295839.7,5282764.6,BOSQUE_NW_02,operacional,SI,,2020-08-21,NO,881.00,21.546,21.749,-0.08,PASA
BOSQUE_NW_02(3),ATL08_20200821120606_08720813_007_01.h5,2020-08-21T12:06:06Z,gt3l,-71.4886703491211,-42.57426834106445,83246883.46883625,872.0,8.0,13.0,007,01,10782.0,0.0,1770343.0,1770347.0,872.8095703125,14.078824996948242,4.10260009765625,9.158858299255371,5.3951416015625,1.0270100831985474,,,,,,,102.0,62.0,126.0,1.0,0.0,0.0,0.0,0.0,2020,8,Invierno,Bosque abierto desconocido,1,1,1,1,2.2324521233467722,2–5 m,872_gt3l_1770343,295752.2,5283458.2,BOSQUE_NW_02,operacional,SI,,2020-08-21,NO,851.87,21.523,21.729,-0.58,PASA
BOSQUE_NW_02(3),ATL08_20200821120606_08720813_007_01.h5,2020-08-21T12:06:06Z,gt3r,-71.47654724121094,-42.65882110595703,83246882.48691732,872.0,8.0,13.0,007,01,10782.0,0.0,1769870.0,1769874.0,1130.28173828125,15.93655776977539,15.9361572265625,20.917266845703125,17.241455078125,4.254469871520996,,,,,,,107.0,71.0,112.0,1.0,0.0,0.0,0.0,0.0,2020,8,Invierno,Bosque cerrado perennifolio latifolio,1,1,1,1,1.312566545894645,10–20 m,872_gt3r_1769870,297022.2,5274097.8,BOSQUE_NW_02,operacional,SI,,2020-08-21,NO,1113.14,21.758,21.984,-4.61,PASA
BOSQUE_NW_02(3),ATL08_20200821120606_08720813_007_01.h5,2020-08-21T12:06:06Z,gt3r,-71.47702026367188,-42.655242919921875,83246882.54326116,872.0,8.0,13.0,007,01,10782.0,0.0,1769890.0,1769894.0,1161.1376953125,17.884607315063477,16.668701171875,22.353111267089844,17.7889404296875,4.0227370262146,,,,,,,133.0,65.0,112.0,1.0,0.0,0.0,0.0,0.0,2020,8,Invierno,Bosque cerrado perennifolio latifolio,1,1,1,1,1.341022976931527,10–20 m,872_gt3r_1769890,296971.8,5274494.1,BOSQUE_NW_02,operacional,SI,,2020-08-21,NO,1142.78,21.751,21.975,-3.40,PASA
BOSQUE_NW_02(3),ATL08_20200821120606_08720813_007_01.h5,2020-08-21T12:06:06Z,gt3r,-71.48475646972656,-42.59601974487305,83246883.47612315,872.0,8.0,13.0,007,01,10782.0,0.0,1770221.0,1770224.0,996.9965209960938,36.91477584838867,22.45159912109375,25.266504287719727,24.9246826171875,5.032087802886963,,,,,,,50.0,27.0,112.0,1.0,0.0,0.0,0.0,0.0,2020,8,Invierno,Bosque cerrado perennifolio latifolio,1,1,1,1,1.1253766001897527,20–30 m,872_gt3r_1770221,296144.4,5281052.2,BOSQUE_NW_02,operacional,SI,,2020-08-21,NO,971.32,21.598,21.808,4.08,PASA
BOSQUE_NW_02(3),ATL08_20200821120606_08720813_007_01.h5,2020-08-21T12:06:06Z,gt3r,-71.48543548583984,-42.5908317565918,83246883.5578818,872.0,8.0,13.0,007,01,10782.0,0.0,1770250.0,1770254.0,1027.96728515625,35.43312072753906,5.3486328125,20.22512435913086,6.22491455078125,1.3412612676620483,,,,,,,52.0,29.0,116.0,1.0,0.0,0.0,0.0,0.0,2020,8,Invierno,Bosque cerrado desconocido,1,1,1,1,3.7813634003560344,5–10 m,872_gt3r_1770250,296071.7,5281626.7,BOSQUE_NW_02,operacional,SI,,2020-08-21,NO,1005.14,21.581,21.787,1.25,PASA
BOSQUE_NW_02(3),ATL08_20200821120606_08720813_007_01.h5,2020-08-21T12:06:06Z,gt3r,-71.48648071289062,-42.58277893066406,83246883.68475994,872.0,8.0,13.0,007,01,10782.0,0.0,1770295.0,1770299.0,939.0131225585938,19.94207763671875,4.55224609375,22.529560089111328,5.87939453125,0.9628521800041199,,,,,,,79.0,47.0,126.0,1.0,0.0,0.0,0.0,0.0,2020,8,Invierno,Bosque abierto desconocido,1,1,1,1,4.949108555454253,2–5 m,872_gt3r_1770295,295959.7,5282518.4,BOSQUE_NW_02,operacional,SI,,2020-08-21,NO,916.31,21.555,21.756,1.15,PASA
BOSQUE_NW_02(3),ATL08_20200821120606_08720813_007_01.h5,2020-08-21T12:06:06Z,gt3r,-71.4867172241211,-42.580989837646484,83246883.71300219,872.0,8.0,13.0,007,01,10782.0,0.0,1770305.0,1770309.0,934.2398071289062,25.928220748901367,10.84454345703125,26.02712631225586,11.435791015625,3.1587371826171875,,,,,,,77.0,36.0,20.0,1.0,0.0,0.0,0.0,0.0,2020,8,Invierno,Arbustos,1,1,1,1,2.400020472542873,10–20 m,872_gt3r_1770305,295934.4,5282716.5,BOSQUE_NW_02,operacional,SI,,2020-08-21,NO,911.99,21.549,21.750,0.70,PASA
BOSQUE_NW_02(3),ATL08_20200821120606_08720813_007_01.h5,2020-08-21T12:06:06Z,gt3r,-71.48682403564453,-42.58009719848633,83246883.72709693,872.0,8.0,13.0,007,01,10782.0,0.0,1770310.0,1770314.0,918.3172607421875,,10.31243896484375,,11.16473388671875,2.4931046962738037,,,,,,,30.0,3.0,20.0,1.0,0.0,0.0,0.0,0.0,2020,8,Invierno,Arbustos,1,1,0,0,,10–20 m,872_gt3r_1770310,295922.8,5282815.4,BOSQUE_NW_02,operacional,SI,,2020-08-21,NO,900.62,21.546,21.748,-3.85,PASA
BOSQUE_NW_02(3),ATL08_20200821120606_08720813_007_01.h5,2020-08-21T12:06:06Z,gt3r,-71.487060546875,-42.57830810546875,83246883.75530748,872.0,8.0,13.0,007,01,10782.0,0.0,1770320.0,1770324.0,904.2080688476562,,5.933349609375,,11.27435302734375,1.8169711828231812,,,,,,,47.0,4.0,20.0,1.0,0.0,0.0,0.0,0.0,2020,8,Invierno,Arbustos,1,1,0,0,,5–10 m,872_gt3r_1770320,295897.5,5283013.5,BOSQUE_NW_02,operacional,SI,,2020-08-21,NO,887.24,21.539,21.742,-4.57,PASA
BOSQUE_NW_02(3),ATL08_20200821120606_08720813_007_01.h5,2020-08-21T12:06:06Z,gt3r,-71.4874038696289,-42.57562255859375,83246883.79754448,872.0,8.0,13.0,007,01,10782.0,0.0,1770335.0,1770339.0,872.6629638671875,72.89667510986328,20.1463623046875,69.30915069580078,24.3551025390625,4.895190238952637,,,,,,,50.0,12.0,126.0,1.0,0.0,0.0,0.0,0.0,2020,8,Invierno,Bosque abierto desconocido,1,1,1,1,3.4402811608165345,20–30 m,872_gt3r_1770335,295860.6,5283310.9,BOSQUE_NW_02,operacional,SI,,2020-08-21,NO,851.34,21.530,21.734,-0.21,PASA
BOSQUE_NW_02(3),ATL08_20200821120606_08720813_007_01.h5,2020-08-21T12:06:06Z,gt3r,-71.48880004882812,-42.56488800048828,83246883.96674186,872.0,8.0,13.0,007,01,10782.0,0.0,1770395.0,1770399.0,796.777099609375,15.32359790802002,19.28424072265625,20.732730865478516,19.28424072265625,5.845044136047363,,,,,,,29.0,52.0,20.0,1.0,0.0,0.0,0.0,0.0,2020,8,Invierno,Arbustos,1,1,1,1,1.0751126354236231,10–20 m,872_gt3r_1770395,295710.9,5284499.6,BOSQUE_NW_02,operacional,SI,,2020-08-21,NO,775.51,21.491,21.701,-0.22,PASA
BOSQUE_NW_02(3),ATL08_20200821120606_08720813_007_01.h5,2020-08-21T12:06:06Z,gt3r,-71.4890365600586,-42.5630989074707,83246883.99494565,872.0,8.0,13.0,007,01,10782.0,0.0,1770405.0,1770409.0,794.7246704101562,9.810356140136719,15.568115234375,13.8403902053833,15.568115234375,3.705735206604004,,,,,,,22.0,81.0,20.0,1.0,0.0,0.0,0.0,0.0,2020,8,Invierno,Arbustos,1,1,1,1,0.8890215672879389,10–20 m,872_gt3r_1770405,295685.7,5284697.7,BOSQUE_NW_02,operacional,SI,,2020-08-21,NO,772.55,21.485,21.695,0.69,PASA
BOSQUE_NW_02(3),ATL08_20200821120606_08720813_007_01.h5,2020-08-21T12:06:06Z,gt3r,-71.48915100097656,-42.56220245361328,83246884.00902408,872.0,8.0,13.0,007,01,10782.0,0.0,1770410.0,1770414.0,793.5621337890625,9.122918128967285,14.71478271484375,12.583908081054688,14.71478271484375,5.038713455200195,,,,,,,21.0,87.0,20.0,1.0,0.0,0.0,0.0,0.0,2020,8,Invierno,Arbustos,1,1,1,1,0.8551881685864439,10–20 m,872_gt3r_1770410,295673.4,5284796.9,BOSQUE_NW_02,operacional,SI,,2020-08-21,NO,771.40,21.482,21.693,0.68,PASA
BOSQUE_NW_02(3),ATL08_20200821120606_08720813_007_01.h5,2020-08-21T12:06:06Z,gt3r,-71.48927307128906,-42.561309814453125,83246884.02315056,872.0,8.0,13.0,007,01,10782.0,0.0,1770415.0,1770419.0,793.2992553710938,46.648895263671875,16.1875,49.234092712402344,16.1875,2.3964579105377197,,,,,,,27.0,17.0,20.0,1.0,0.0,0.0,0.0,0.0,2020,8,Invierno,Arbustos,1,1,1,1,3.04148835288972,10–20 m,872_gt3r_1770415,295660.4,5284895.8,BOSQUE_NW_02,operacional,SI,,2020-08-21,NO,770.68,21.479,21.690,1.14,PASA
BOSQUE_NW_02(3),ATL08_20210216151542_08341009_007_01.h5,2021-02-16T15:15:42Z,gt1l,-71.48152160644531,-42.56005859375,98723986.2894983,834.0,10.0,9.0,007,01,13518.0,1.0,1238472.0,1238476.0,782.1422729492188,30.083681106567383,17.619873046875,32.868553161621094,17.88482666015625,5.499486446380615,,,,,,,52.0,26.0,20.0,1.0,0.0,0.0,0.0,0.0,2021,2,Verano,Arbustos,1,1,1,1,1.8654250841750841,10–20 m,834_gt1l_1238472,296292.7,5285053.4,BOSQUE_NW_02,operacional,SI,,2021-02-16,NO,762.20,21.485,21.692,-1.54,PASA
BOSQUE_NW_02(3),ATL08_20210216151542_08341009_007_01.h5,2021-02-16T15:15:42Z,gt1l,-71.48178100585938,-42.56184768676758,98723986.31768502,834.0,10.0,9.0,007,01,13518.0,1.0,1238482.0,1238486.0,793.87451171875,,11.85589599609375,,11.85589599609375,2.384038209915161,,,,,,,35.0,3.0,20.0,1.0,0.0,0.0,0.0,0.0,2021,2,Verano,Arbustos,1,1,0,0,,10–20 m,834_gt1l_1238482,296277.2,5284854.1,BOSQUE_NW_02,operacional,SI,,2021-02-16,NO,774.85,21.491,21.697,-2.46,PASA
BOSQUE_NW_02(3),ATL08_20210216151542_08341009_007_01.h5,2021-02-16T15:15:42Z,gt1l,-71.4822998046875,-42.56542205810547,98723986.37410372,834.0,10.0,9.0,007,01,13518.0,1.0,1238502.0,1238506.0,820.7825927734375,90.9422378540039,16.633056640625,61.53551483154297,16.75152587890625,4.1339192390441895,,,,,,,55.0,9.0,126.0,1.0,0.0,0.0,0.0,0.0,2021,2,Verano,Bosque abierto desconocido,1,1,1,1,3.6995914918757062,10–20 m,834_gt1l_1238502,296246.3,5284455.9,BOSQUE_NW_02,operacional,SI,,2021-02-16,NO,799.53,21.502,21.708,-0.25,PASA
BOSQUE_NW_02(3),ATL08_20210216151542_08341009_007_01.h5,2021-02-16T15:15:42Z,gt1l,-71.48242950439453,-42.566314697265625,98723986.38818306,834.0,10.0,9.0,007,01,13518.0,1.0,1238507.0,1238511.0,816.0912475585938,62.77849578857422,16.264892578125,61.24130630493164,16.264892578125,3.954240083694458,,,,,,,39.0,13.0,126.0,1.0,0.0,0.0,0.0,0.0,2021,2,Verano,Bosque abierto desconocido,1,1,1,1,3.7652450522357817,10–20 m,834_gt1l_1238507,296238.5,5284356.5,BOSQUE_NW_02,operacional,SI,,2021-02-16,NO,796.32,21.505,21.710,-1.73,PASA
BOSQUE_NW_02(3),ATL08_20210216151542_08341009_007_01.h5,2021-02-16T15:15:42Z,gt1l,-71.48307800292969,-42.57078170776367,98723986.45861806,834.0,10.0,9.0,007,01,13518.0,1.0,1238532.0,1238536.0,840.7789306640625,42.042606353759766,14.73516845703125,42.765438079833984,14.73516845703125,4.000369548797607,,,,,,,38.0,20.0,126.0,1.0,0.0,0.0,0.0,0.0,2021,2,Verano,Bosque abierto desconocido,1,1,1,1,2.9022700490015367,10–20 m,834_gt1l_1238532,296199.8,5283858.9,BOSQUE_NW_02,operacional,SI,,2021-02-16,NO,820.28,21.520,21.722,-1.02,PASA
BOSQUE_NW_02(3),ATL08_20210216151542_08341009_007_01.h5,2021-02-16T15:15:42Z,gt1l,-71.48360443115234,-42.57435989379883,98723986.51499562,834.0,10.0,9.0,007,01,13518.0,1.0,1238552.0,1238556.0,855.931640625,,16.53094482421875,,16.56781005859375,3.6717264652252197,,,,,,,56.0,3.0,126.0,1.0,0.0,0.0,0.0,0.0,2021,2,Verano,Bosque abierto desconocido,1,1,0,0,,10–20 m,834_gt1l_1238552,296168.3,5283460.3,BOSQUE_NW_02,operacional,SI,,2021-02-16,NO,837.42,21.531,21.732,-3.02,PASA
BOSQUE_NW_02(3),ATL08_20210216151542_08341009_007_01.h5,2021-02-16T15:15:42Z,gt1l,-71.4838638305664,-42.57614517211914,98723986.5432429,834.0,10.0,9.0,007,01,13518.0,1.0,1238562.0,1238566.0,894.7153930664062,,11.52587890625,,15.0802001953125,2.662564277648926,,,,,,,37.0,3.0,126.0,1.0,0.0,0.0,0.0,0.0,2021,2,Verano,Bosque abierto desconocido,1,1,0,0,,10–20 m,834_gt1l_1238562,296152.8,5283261.4,BOSQUE_NW_02,operacional,SI,,2021-02-16,NO,875.86,21.537,21.737,-2.68,PASA
BOSQUE_NW_02(3),ATL08_20210216151542_08341009_007_01.h5,2021-02-16T15:15:42Z,gt1l,-71.48399353027344,-42.5770378112793,98723986.55731846,834.0,10.0,9.0,007,01,13518.0,1.0,1238567.0,1238571.0,905.5673217773438,,16.57080078125,,18.5975341796875,4.3279194831848145,,,,,,,46.0,5.0,20.0,1.0,0.0,0.0,0.0,0.0,2021,2,Verano,Arbustos,1,1,0,0,,10–20 m,834_gt1l_1238567,296145.1,5283161.9,BOSQUE_NW_02,operacional,SI,,2021-02-16,NO,894.61,21.540,21.740,-10.58,DESCARTADO
BOSQUE_NW_02(3),ATL08_20210216151542_08341009_007_01.h5,2021-02-16T15:15:42Z,gt1l,-71.48519134521484,-42.585079193115234,98723986.68415208,834.0,10.0,9.0,007,01,13518.0,1.0,1238612.0,1238616.0,952.2056274414062,,13.186279296875,,14.90069580078125,2.5958051681518555,,,,,,,46.0,3.0,126.0,1.0,0.0,0.0,0.0,0.0,2021,2,Verano,Bosque abierto desconocido,1,1,0,0,,10–20 m,834_gt1l_1238612,296073.0,5282266.1,BOSQUE_NW_02,operacional,SI,,2021-02-16,NO,933.86,21.565,21.764,-3.22,PASA
BOSQUE_NW_02(3),ATL08_20210216151542_08341009_007_01.h5,2021-02-16T15:15:42Z,gt1l,-71.48532104492188,-42.585975646972656,98723986.69833769,834.0,10.0,9.0,007,01,13518.0,1.0,1238617.0,1238621.0,961.162109375,137.7362518310547,14.17181396484375,76.0296630859375,15.07244873046875,3.126826763153076,,,,,,,47.0,7.0,20.0,1.0,0.0,0.0,0.0,0.0,2021,2,Verano,Arbustos,1,1,1,1,5.364850489467723,10–20 m,834_gt1l_1238617,296065.3,5282166.2,BOSQUE_NW_02,operacional,SI,,2021-02-16,NO,942.95,21.567,21.768,-3.35,PASA
BOSQUE_NW_02(3),ATL08_20210216151542_08341009_007_01.h5,2021-02-16T15:15:42Z,gt1l,-71.48558044433594,-42.58776092529297,98723986.72648396,834.0,10.0,9.0,007,01,13518.0,1.0,1238627.0,1238631.0,992.7686157226562,142.0402069091797,12.72265625,39.19660186767578,13.962158203125,2.7413482666015625,,,,,,,63.0,7.0,20.0,1.0,0.0,0.0,0.0,0.0,2021,2,Verano,Arbustos,1,1,1,1,3.0808504998848636,10–20 m,834_gt1l_1238627,296049.8,5281967.3,BOSQUE_NW_02,operacional,SI,,2021-02-16,NO,976.78,21.572,21.775,-5.58,DESCARTADO
BOSQUE_NW_02(3),ATL08_20210216151542_08341009_007_01.h5,2021-02-16T15:15:42Z,gt1l,-71.48584747314453,-42.58955001831055,98723986.75472082,834.0,10.0,9.0,007,01,13518.0,1.0,1238637.0,1238641.0,1023.7657470703125,,13.355224609375,,16.952880859375,3.589341163635254,,,,,,,31.0,2.0,126.0,1.0,0.0,0.0,0.0,0.0,2021,2,Verano,Bosque abierto desconocido,1,1,0,0,,10–20 m,834_gt1l_1238637,296033.7,5281768.0,BOSQUE_NW_02,operacional,SI,,2021-02-16,NO,1003.01,21.577,21.781,-0.83,PASA
BOSQUE_NW_02(3),ATL08_20210216151542_08341009_007_01.h5,2021-02-16T15:15:42Z,gt1l,-71.48597717285156,-42.5904426574707,98723986.76879206,834.0,10.0,9.0,007,01,13518.0,1.0,1238642.0,1238646.0,1017.87451171875,,17.3626708984375,,17.8826904296875,3.6117727756500244,,,,,,,54.0,5.0,116.0,1.0,0.0,0.0,0.0,0.0,2021,2,Verano,Bosque cerrado desconocido,1,1,0,0,,10–20 m,834_gt1l_1238642,296026.0,5281668.6,BOSQUE_NW_02,operacional,SI,,2021-02-16,NO,996.37,21.579,21.785,-0.07,PASA
BOSQUE_NW_02(3),ATL08_20210216151542_08341009_007_01.h5,2021-02-16T15:15:42Z,gt1l,-71.48650360107422,-42.594017028808594,98723986.82522547,834.0,10.0,9.0,007,01,13518.0,1.0,1238662.0,1238666.0,984.7327270507812,,11.39739990234375,,13.21533203125,2.744290828704834,,,,,,,36.0,4.0,112.0,1.0,0.0,0.0,0.0,0.0,2021,2,Verano,Bosque cerrado perennifolio latifolio,1,1,0,0,,10–20 m,834_gt1l_1238662,295994.5,5281270.4,BOSQUE_NW_02,operacional,SI,,2021-02-16,NO,965.46,21.589,21.799,-2.31,PASA
BOSQUE_NW_02(3),ATL08_20210216151542_08341009_007_01.h5,2021-02-16T15:15:42Z,gt1l,-71.48663330078125,-42.59490966796875,98723986.83929886,834.0,10.0,9.0,007,01,13518.0,1.0,1238667.0,1238671.0,974.7546997070312,162.37025451660156,7.301513671875,46.076297760009766,8.8505859375,1.9028340578079224,,,,,,,28.0,6.0,112.0,1.0,0.0,0.0,0.0,0.0,2021,2,Verano,Bosque cerrado perennifolio latifolio,1,1,1,1,6.310513111478918,5–10 m,834_gt1l_1238667,295986.8,5281170.9,BOSQUE_NW_02,operacional,SI,,2021-02-16,NO,952.85,21.592,21.802,0.32,PASA
BOSQUE_NW_02(3),ATL08_20210216151542_08341009_007_01.h5,2021-02-16T15:15:42Z,gt1l,-71.4871597290039,-42.59848403930664,98723986.89552467,834.0,10.0,9.0,007,01,13518.0,1.0,1238687.0,1238691.0,926.9830322265625,48.76900863647461,13.2015380859375,50.740577697753906,15.7938232421875,3.681084394454956,,,,,,,50.0,19.0,126.0,1.0,0.0,0.0,0.0,0.0,2021,2,Verano,Bosque abierto desconocido,1,1,1,1,3.843535303799458,10–20 m,834_gt1l_1238687,295955.2,5280772.7,BOSQUE_NW_02,operacional,SI,,2021-02-16,NO,905.85,21.602,21.815,-0.47,PASA
BOSQUE_NW_02(3),ATL08_20210216151542_08341009_007_01.h5,2021-02-16T15:15:42Z,gt1l,-71.4872817993164,-42.59938049316406,98723986.90968238,834.0,10.0,9.0,007,01,13518.0,1.0,1238692.0,1238696.0,938.5640258789062,,19.2144775390625,,20.0216064453125,3.6266143321990967,,,,,,,53.0,5.0,30.0,1.0,0.0,0.0,0.0,0.0,2021,2,Verano,Herbáceas,1,1,0,0,,10–20 m,834_gt1l_1238692,295948.1,5280672.9,BOSQUE_NW_02,operacional,SI,,2021-02-16,NO,916.13,21.604,21.819,0.83,PASA
BOSQUE_NW_02(3),ATL08_20210216151542_08341009_007_01.h5,2021-02-16T15:15:42Z,gt1l,-71.48741149902344,-42.60027313232422,98723986.9238431,834.0,10.0,9.0,007,01,13518.0,1.0,1238697.0,1238701.0,951.143310546875,,17.86590576171875,,19.0294189453125,3.412986993789673,,,,,,,55.0,5.0,126.0,1.0,0.0,0.0,0.0,0.0,2021,2,Verano,Bosque abierto desconocido,1,1,0,0,,10–20 m,834_gt1l_1238697,295940.4,5280573.4,BOSQUE_NW_02,operacional,SI,,2021-02-16,NO,930.26,21.607,21.822,-0.73,PASA
BOSQUE_NW_02(3),ATL08_20210216151542_08341009_007_01.h5,2021-02-16T15:15:42Z,gt1l,-71.48777770996094,-42.60295486450195,98723986.96609136,834.0,10.0,9.0,007,01,13518.0,1.0,1238712.0,1238716.0,1003.1195068359375,,14.58251953125,,15.47296142578125,3.3127377033233643,,,,,,,49.0,4.0,116.0,1.0,0.0,0.0,0.0,0.0,2021,2,Verano,Bosque cerrado desconocido,1,1,0,0,,10–20 m,834_gt1l_1238712,295919.1,5280274.7,BOSQUE_NW_02,operacional,SI,,2021-02-16,NO,984.20,21.614,21.828,-2.70,PASA
BOSQUE_NW_02(3),ATL08_20210216151542_08341009_007_01.h5,2021-02-16T15:15:42Z,gt1l,-71.48789978027344,-42.603851318359375,98723986.9801854,834.0,10.0,9.0,007,01,13518.0,1.0,1238717.0,1238721.0,1006.7974853515625,62.874542236328125,14.85931396484375,55.00637435913086,14.85931396484375,3.954193592071533,,,,,,,38.0,16.0,126.0,1.0,0.0,0.0,0.0,0.0,2021,2,Verano,Bosque abierto desconocido,1,1,1,1,3.701811166334641,10–20 m,834_gt1l_1238717,295912.1,5280174.9,BOSQUE_NW_02,operacional,SI,,2021-02-16,NO,986.26,21.617,21.830,-1.08,PASA
BOSQUE_NW_02(3),ATL08_20210216151542_08341009_007_01.h5,2021-02-16T15:15:42Z,gt1l,-71.48814392089844,-42.60564041137695,98723987.0084375,834.0,10.0,9.0,007,01,13518.0,1.0,1238727.0,1238731.0,1032.11474609375,93.78960418701172,7.572509765625,34.828369140625,8.7921142578125,1.8257595300674438,,,,,,,22.0,11.0,126.0,1.0,0.0,0.0,0.0,0.0,2021,2,Verano,Bosque abierto desconocido,1,1,1,1,4.599316503852726,5–10 m,834_gt1l_1238727,295897.9,5279975.6,BOSQUE_NW_02,operacional,SI,,2021-02-16,NO,1011.41,21.622,21.834,-0.92,PASA
BOSQUE_NW_02(3),ATL08_20210216151542_08341009_007_01.h5,2021-02-16T15:15:42Z,gt1l,-71.4882583618164,-42.60653305053711,98723987.02249745,834.0,10.0,9.0,007,01,13518.0,1.0,1238732.0,1238736.0,1040.1309814453125,,12.691650390625,,12.756103515625,3.04681134223938,,,,,,,54.0,3.0,126.0,1.0,0.0,0.0,0.0,0.0,2021,2,Verano,Bosque abierto desconocido,1,1,0,0,,10–20 m,834_gt1l_1238732,295891.4,5279876.2,BOSQUE_NW_02,operacional,SI,,2021-02-16,NO,1024.48,21.624,21.836,-5.98,DESCARTADO
BOSQUE_NW_02(3),ATL08_20210216151542_08341009_007_01.h5,2021-02-16T15:15:42Z,gt1l,-71.48849487304688,-42.60832214355469,98723987.05072585,834.0,10.0,9.0,007,01,13518.0,1.0,1238742.0,1238746.0,1091.0172119140625,99.28952026367188,10.2257080078125,64.54507446289062,10.312744140625,2.574906587600708,,,,,,,44.0,11.0,116.0,1.0,0.0,0.0,0.0,0.0,2021,2,Verano,Bosque cerrado desconocido,1,1,1,1,6.312039656674903,10–20 m,834_gt1l_1238742,295877.8,5279677.0,BOSQUE_NW_02,operacional,SI,,2021-02-16,NO,1073.98,21.629,21.840,-4.59,PASA
BOSQUE_NW_02(3),ATL08_20210216151542_08341009_007_01.h5,2021-02-16T15:15:42Z,gt1l,-71.48884582519531,-42.61100769042969,98723987.09297265,834.0,10.0,9.0,007,01,13518.0,1.0,1238757.0,1238761.0,1099.838134765625,,15.018798828125,,17.712890625,2.683567762374878,,,,,,,26.0,3.0,116.0,1.0,0.0,0.0,0.0,0.0,2021,2,Verano,Bosque cerrado desconocido,1,1,0,0,,10–20 m,834_gt1l_1238757,295857.8,5279377.9,BOSQUE_NW_02,operacional,SI,,2021-02-16,NO,1077.06,21.637,21.845,1.14,PASA
BOSQUE_NW_02(3),ATL08_20210216151542_08341009_007_01.h5,2021-02-16T15:15:42Z,gt1l,-71.48929595947266,-42.614585876464844,98723987.14939058,834.0,10.0,9.0,007,01,13518.0,1.0,1238777.0,1238781.0,1084.753173828125,154.97665405273438,14.117431640625,81.06364440917969,19.2840576171875,3.9929821491241455,,,,,,,49.0,7.0,112.0,1.0,0.0,0.0,0.0,0.0,2021,2,Verano,Bosque cerrado perennifolio latifolio,1,1,1,1,5.742095763078253,10–20 m,834_gt1l_1238777,295832.6,5278979.5,BOSQUE_NW_02,operacional,SI,,2021-02-16,NO,1060.54,21.647,21.852,2.56,PASA
BOSQUE_NW_02(3),ATL08_20210216151542_08341009_007_01.h5,2021-02-16T15:15:42Z,gt1l,-71.4895248413086,-42.61637496948242,98723987.17756721,834.0,10.0,9.0,007,01,13518.0,1.0,1238787.0,1238791.0,1078.822998046875,,18.918701171875,,18.918701171875,5.450314998626709,,,,,,,46.0,5.0,116.0,1.0,0.0,0.0,0.0,0.0,2021,2,Verano,Bosque cerrado desconocido,1,1,0,0,,10–20 m,834_gt1l_1238787,295819.7,5278780.2,BOSQUE_NW_02,operacional,SI,,2021-02-16,NO,1053.21,21.652,21.855,3.96,PASA
BOSQUE_NW_02(3),ATL08_20210216151542_08341009_007_01.h5,2021-02-16T15:15:42Z,gt1l,-71.49063873291016,-42.62622833251953,98723987.33256833,834.0,10.0,9.0,007,01,13518.0,1.0,1238842.0,1238846.0,1206.248291015625,,34.2835693359375,,34.2835693359375,8.683124542236328,,,,,,,45.0,5.0,116.0,1.0,0.0,0.0,0.0,0.0,2021,2,Verano,Bosque cerrado desconocido,1,1,0,0,,>30 m,834_gt1l_1238842,295760.5,5277683.3,BOSQUE_NW_02,operacional,SI,,2021-02-16,NO,1195.07,21.678,21.876,-10.50,DESCARTADO
BOSQUE_NW_02(3),ATL08_20210216151542_08341009_007_01.h5,2021-02-16T15:15:42Z,gt1l,-71.4908447265625,-42.62820053100586,98723987.36366636,834.0,10.0,9.0,007,01,13518.0,1.0,1238853.0,1238856.0,1262.736083984375,,37.13134765625,,37.13134765625,9.389695167541504,,,,,,,20.0,4.0,112.0,1.0,0.0,0.0,0.0,0.0,2021,2,Verano,Bosque cerrado perennifolio latifolio,1,1,0,0,,>30 m,834_gt1l_1238853,295750.1,5277463.8,BOSQUE_NW_02,operacional,SI,,2021-02-16,NO,1251.84,21.682,21.880,-10.79,DESCARTADO
BOSQUE_NW_02(3),ATL08_20210216151542_08341009_007_01.h5,2021-02-16T15:15:42Z,gt1l,-71.49120330810547,-42.63160705566406,98723987.41727813,834.0,10.0,9.0,007,01,13518.0,1.0,1238872.0,1238876.0,1291.860595703125,,24.08642578125,,24.08642578125,5.52218770980835,,,,,,,42.0,2.0,112.0,1.0,0.0,0.0,0.0,0.0,2021,2,Verano,Bosque cerrado perennifolio latifolio,1,1,0,0,,20–30 m,834_gt1l_1238872,295731.8,5277084.7,BOSQUE_NW_02,operacional,SI,,2021-02-16,NO,1272.11,21.688,21.887,-1.93,PASA
BOSQUE_NW_02(3),ATL08_20210216151542_08341009_007_01.h5,2021-02-16T15:15:42Z,gt1l,-71.49359130859375,-42.65581512451172,98723987.79786234,834.0,10.0,9.0,007,01,13518.0,1.0,1239007.0,1239011.0,1340.2080078125,,21.323486328125,,21.323486328125,5.186689376831055,,,,,,,25.0,4.0,112.0,1.0,0.0,0.0,0.0,0.0,2021,2,Verano,Bosque cerrado perennifolio latifolio,1,1,0,0,,20–30 m,834_gt1l_1239007,295615.3,5274390.6,BOSQUE_NW_02,operacional,SI,,2021-02-16,NO,1317.93,21.735,21.949,0.54,PASA
BOSQUE_NW_02(3),ATL08_20210216151542_08341009_007_01.h5,2021-02-16T15:15:42Z,gt1l,-71.49407196044922,-42.66029739379883,98723987.86816385,834.0,10.0,9.0,007,01,13518.0,1.0,1239032.0,1239036.0,1160.0321044921875,165.92855834960938,17.8017578125,183.79100036621094,17.8017578125,4.34065055847168,,,,,,,36.0,7.0,112.0,1.0,0.0,0.0,0.0,0.0,2021,2,Verano,Bosque cerrado perennifolio latifolio,1,1,1,1,10.324317536617478,10–20 m,834_gt1l_1239032,295590.6,5273891.6,BOSQUE_NW_02,operacional,SI,,2021-02-16,NO,1131.06,21.744,21.964,7.23,DESCARTADO
BOSQUE_NW_02(3),ATL08_20210216151542_08341009_007_01.h5,2021-02-16T15:15:42Z,gt1l,-71.49415588378906,-42.66119384765625,98723987.88235776,834.0,10.0,9.0,007,01,13518.0,1.0,1239037.0,1239041.0,1164.28173828125,,23.3193359375,,23.3193359375,6.832515716552734,,,,,,,25.0,4.0,112.0,1.0,0.0,0.0,0.0,0.0,2021,2,Verano,Bosque cerrado perennifolio latifolio,1,1,0,0,,20–30 m,834_gt1l_1239037,295586.7,5273791.9,BOSQUE_NW_02,operacional,SI,,2021-02-16,NO,1146.36,21.745,21.967,-3.82,PASA
BOSQUE_NW_02(3),ATL08_20210216151542_08341009_007_01.h5,2021-02-16T15:15:42Z,gt1l,-71.49488067626953,-42.668365478515625,98723987.99512182,834.0,10.0,9.0,007,01,13518.0,1.0,1239077.0,1239081.0,1266.609130859375,,26.6954345703125,,26.6954345703125,6.6861796379089355,,,,,,,27.0,4.0,112.0,1.0,0.0,0.0,0.0,0.0,2021,2,Verano,Bosque cerrado perennifolio latifolio,1,1,0,0,,20–30 m,834_gt1l_1239077,295550.8,5272993.7,BOSQUE_NW_02,operacional,SI,,2021-02-16,NO,1254.07,21.758,21.990,-9.22,DESCARTADO
BOSQUE_NW_02(3),ATL08_20210216151542_08341009_007_01.h5,2021-02-16T15:15:42Z,gt1l,-71.49497985839844,-42.66926193237305,98723988.00917952,834.0,10.0,9.0,007,01,13518.0,1.0,1239082.0,1239086.0,1245.029541015625,,24.899658203125,,35.6568603515625,6.989359378814697,,,,,,,47.0,5.0,112.0,1.0,0.0,0.0,0.0,0.0,2021,2,Verano,Bosque cerrado perennifolio latifolio,1,1,0,0,,20–30 m,834_gt1l_1239082,295545.6,5272893.9,BOSQUE_NW_02,operacional,SI,,2021-02-16,NO,1223.82,21.759,21.991,-0.55,PASA
BOSQUE_NW_02(3),ATL08_20210216151542_08341009_007_01.h5,2021-02-16T15:15:42Z,gt1l,-71.49527740478516,-42.67195129394531,98723988.05141501,834.0,10.0,9.0,007,01,13518.0,1.0,1239097.0,1239101.0,1188.1947021484375,,23.79541015625,,23.7955322265625,6.306590557098389,,,,,,,53.0,4.0,112.0,1.0,0.0,0.0,0.0,0.0,2021,2,Verano,Bosque cerrado perennifolio latifolio,1,1,0,0,,20–30 m,834_gt1l_1239097,295530.0,5272594.6,BOSQUE_NW_02,operacional,SI,,2021-02-16,NO,1167.77,21.762,21.994,-1.34,PASA
BOSQUE_NW_02(3),ATL08_20210216151542_08341009_007_01.h5,2021-02-16T15:15:42Z,gt1l,-71.49536895751953,-42.672847747802734,98723988.06554462,834.0,10.0,9.0,007,01,13518.0,1.0,1239102.0,1239104.0,1185.7926025390625,,27.924072265625,,27.924072265625,7.800650119781494,,,,,,,32.0,3.0,116.0,1.0,0.0,0.0,0.0,0.0,2021,2,Verano,Bosque cerrado desconocido,1,1,0,0,,20–30 m,834_gt1l_1239102,295525.5,5272494.8,BOSQUE_NW_02,operacional,SI,,2021-02-16,NO,1179.93,21.763,21.996,-15.90,DESCARTADO
BOSQUE_NW_02(3),ATL08_20210216151542_08341009_007_01.h5,2021-02-16T15:15:42Z,gt1l,-71.49546813964844,-42.673744201660156,98723988.07970616,834.0,10.0,9.0,007,01,13518.0,1.0,1239107.0,1239111.0,1184.3709716796875,,58.8623046875,,64.7706298828125,12.282201766967773,,,,,,,60.0,2.0,116.0,1.0,0.0,0.0,0.0,0.0,2021,2,Verano,Bosque cerrado desconocido,1,1,0,0,,>30 m,834_gt1l_1239107,295520.3,5272395.0,BOSQUE_NW_02,operacional,SI,,2021-02-16,SI,1174.00,21.763,21.997,-11.39,DESCARTADO
BOSQUE_NW_02(3),ATL08_20210216151542_08341009_007_01.h5,2021-02-16T15:15:42Z,gt1l,-71.49668884277344,-42.68449020385742,98723988.24880902,834.0,10.0,9.0,007,01,13518.0,1.0,1239167.0,1239171.0,1291.9564208984375,,18.935791015625,,18.935791015625,4.846084117889404,,,,,,,33.0,5.0,126.0,1.0,0.0,0.0,0.0,0.0,2021,2,Verano,Bosque abierto desconocido,1,1,0,0,,10–20 m,834_gt1l_1239167,295455.5,5271198.7,BOSQUE_NW_02,operacional,SI,,2021-02-16,NO,1270.58,21.775,22.012,-0.40,PASA
BOSQUE_NW_02(3),ATL08_20210216151542_08341009_007_01.h5,2021-02-16T15:15:42Z,gt1l,-71.49690246582031,-42.686283111572266,98723988.27700914,834.0,10.0,9.0,007,01,13518.0,1.0,1239177.0,1239181.0,1299.9736328125,,25.5673828125,,25.881103515625,6.590153217315674,,,,,,,58.0,4.0,112.0,1.0,0.0,0.0,0.0,0.0,2021,2,Verano,Bosque cerrado perennifolio latifolio,1,1,0,0,,20–30 m,834_gt1l_1239177,295443.9,5270999.1,BOSQUE_NW_02,operacional,SI,,2021-02-16,NO,1283.13,21.777,22.015,-4.93,PASA
BOSQUE_NW_02(3),ATL08_20210216151542_08341009_007_01.h5,2021-02-16T15:15:42Z,gt1l,-71.49700927734375,-42.68717575073242,98723988.29114899,834.0,10.0,9.0,007,01,13518.0,1.0,1239183.0,1239186.0,1297.0303955078125,,24.483154296875,,24.483154296875,6.545193672180176,,,,,,,44.0,1.0,112.0,1.0,0.0,0.0,0.0,0.0,2021,2,Verano,Bosque cerrado perennifolio latifolio,1,1,0,0,,20–30 m,834_gt1l_1239183,295438.1,5270899.7,BOSQUE_NW_02,operacional,SI,,2021-02-16,NO,1278.82,21.778,22.016,-3.56,PASA
BOSQUE_NW_02(3),ATL08_20210216151542_08341009_007_01.h5,2021-02-16T15:15:42Z,gt1r,-71.48302459716797,-42.56013107299805,98723986.6436656,834.0,10.0,9.0,007,01,13518.0,1.0,1238473.0,1238477.0,794.0332641601562,,13.55902099609375,,14.57891845703125,3.466536283493042,,,,,,,125.0,4.0,20.0,1.0,0.0,0.0,0.0,0.0,2021,2,Verano,Arbustos,1,1,0,0,,10–20 m,834_gt1r_1238473,296169.5,5285041.7,BOSQUE_NW_02,operacional,SI,,2021-02-16,NO,778.71,21.483,21.691,-6.16,DESCARTADO
BOSQUE_NW_02(3),ATL08_20210216151542_08341009_007_01.h5,2021-02-16T15:15:42Z,gt1r,-71.48486328125,-42.5726432800293,98723986.8409309,834.0,10.0,9.0,007,01,13518.0,1.0,1238543.0,1238547.0,865.3441772460938,19.666990280151367,5.42279052734375,7.710763454437256,5.5325927734375,1.0856035947799683,,,,,,,86.0,44.0,126.0,1.0,0.0,0.0,0.0,0.0,2021,2,Verano,Bosque abierto desconocido,1,1,1,1,1.4219179987787995,5–10 m,834_gt1r_1238543,296059.4,5283647.8,BOSQUE_NW_02,operacional,SI,,2021-02-16,NO,844.30,21.523,21.727,-0.48,PASA
BOSQUE_NW_02(3),ATL08_20210216151542_08341009_007_01.h5,2021-02-16T15:15:42Z,gt1r,-71.48648071289062,-42.584266662597656,98723987.02426395,834.0,10.0,9.0,007,01,13518.0,1.0,1238608.0,1238612.0,934.9092407226562,20.725265502929688,8.46331787109375,11.22087574005127,9.0628662109375,2.0232014656066895,,,,,,,103.0,45.0,126.0,1.0,0.0,0.0,0.0,0.0,2021,2,Verano,Bosque abierto desconocido,1,1,1,1,1.3258246837656764,5–10 m,834_gt1r_1238608,295964.5,5282353.2,BOSQUE_NW_02,operacional,SI,,2021-02-16,NO,912.45,21.560,21.761,0.90,PASA
BOSQUE_NW_02(3),ATL08_20210216151542_08341009_007_01.h5,2021-02-16T15:15:42Z,gt1r,-71.48672485351562,-42.586055755615234,98723987.05234961,834.0,10.0,9.0,007,01,13518.0,1.0,1238618.0,1238622.0,947.7377319335938,63.02824401855469,7.3289794921875,10.244206428527832,7.85101318359375,1.7246341705322266,,,,,,,88.0,15.0,116.0,1.0,0.0,0.0,0.0,0.0,2021,2,Verano,Bosque cerrado desconocido,1,1,1,1,1.3977671024250904,5–10 m,834_gt1r_1238618,295950.4,5282153.9,BOSQUE_NW_02,operacional,SI,,2021-02-16,NO,926.59,21.565,21.768,-0.42,PASA
BOSQUE_NW_02(3),ATL08_20210216151542_08341009_007_01.h5,2021-02-16T15:15:42Z,gt1r,-71.48695373535156,-42.58784484863281,98723987.08055441,834.0,10.0,9.0,007,01,13518.0,1.0,1238628.0,1238632.0,966.7031860351562,13.442733764648438,7.4493408203125,9.721065521240234,8.6260986328125,1.6562272310256958,,,,,,,111.0,72.0,126.0,1.0,0.0,0.0,0.0,0.0,2021,2,Verano,Bosque abierto desconocido,1,1,1,1,1.3049564727570668,5–10 m,834_gt1r_1238628,295937.4,5281954.7,BOSQUE_NW_02,operacional,SI,,2021-02-16,NO,945.40,21.570,21.774,-0.26,PASA
BOSQUE_NW_02(3),ATL08_20210216151542_08341009_007_01.h5,2021-02-16T15:15:42Z,gt1r,-71.4880599975586,-42.59679412841797,98723987.22158965,834.0,10.0,9.0,007,01,13518.0,1.0,1238678.0,1238682.0,933.1033935546875,,18.2664794921875,,18.70849609375,4.752899646759033,,,,,,,81.0,1.0,112.0,1.0,0.0,0.0,0.0,0.0,2021,2,Verano,Bosque cerrado perennifolio latifolio,1,1,0,0,,10–20 m,834_gt1r_1238678,295875.9,5280958.2,BOSQUE_NW_02,operacional,SI,,2021-02-16,NO,919.66,21.595,21.808,-8.16,DESCARTADO
BOSQUE_NW_02(3),ATL08_20210216151542_08341009_007_01.h5,2021-02-16T15:15:42Z,gt1r,-71.48828887939453,-42.59858322143555,98723987.24972467,834.0,10.0,9.0,007,01,13518.0,1.0,1238688.0,1238692.0,928.1435546875,13.060410499572754,7.6903076171875,11.84522819519043,10.9595947265625,1.7034934759140015,,,,,,,107.0,71.0,126.0,1.0,0.0,0.0,0.0,0.0,2021,2,Verano,Bosque abierto desconocido,1,1,1,1,1.540280153256401,5–10 m,834_gt1r_1238688,295862.9,5280759.0,BOSQUE_NW_02,operacional,SI,,2021-02-16,NO,906.07,21.600,21.815,0.47,PASA
BOSQUE_NW_02(3),ATL08_20210216151542_08341009_007_01.h5,2021-02-16T15:15:42Z,gt1r,-71.4886703491211,-42.602169036865234,98723987.30604367,834.0,10.0,9.0,007,01,13518.0,1.0,1238708.0,1238712.0,995.9630737304688,38.173439025878906,9.46429443359375,12.941791534423828,10.17230224609375,2.4175429344177246,,,,,,,115.0,26.0,30.0,1.0,0.0,0.0,0.0,0.0,2021,2,Verano,Herbáceas,1,1,1,1,1.3674333174258204,5–10 m,834_gt1r_1238708,295843.3,5280359.9,BOSQUE_NW_02,operacional,SI,,2021-02-16,NO,973.67,21.610,21.825,0.69,PASA
BOSQUE_NW_02(3),ATL08_20210216151542_08341009_007_01.h5,2021-02-16T15:15:42Z,gt1r,-71.4891586303711,-42.606651306152344,98723987.37651949,834.0,10.0,9.0,007,01,13518.0,1.0,1238733.0,1238737.0,1047.2509765625,,13.082275390625,,14.5029296875,3.161991834640503,,,,,,,89.0,8.0,116.0,1.0,0.0,0.0,0.0,0.0,2021,2,Verano,Bosque cerrado desconocido,1,1,0,0,,10–20 m,834_gt1r_1238733,295817.9,5279860.9,BOSQUE_NW_02,operacional,SI,,2021-02-16,NO,1031.83,21.623,21.835,-6.21,DESCARTADO
BOSQUE_NW_02(3),ATL08_20210216151542_08341009_007_01.h5,2021-02-16T15:15:42Z,gt1r,-71.48989868164062,-42.61381912231445,98723987.48933154,834.0,10.0,9.0,007,01,13518.0,1.0,1238773.0,1238777.0,1080.481201171875,22.553688049316406,6.3719482421875,14.184967994689941,6.700927734375,1.3483048677444458,,,,,,,79.0,48.0,116.0,1.0,0.0,0.0,0.0,0.0,2021,2,Verano,Bosque cerrado desconocido,1,1,1,1,2.2261586967662215,5–10 m,834_gt1r_1238773,295780.7,5279063.2,BOSQUE_NW_02,operacional,SI,,2021-02-16,NO,1059.08,21.643,21.849,-0.24,PASA
BOSQUE_NW_02(3),ATL08_20210216151542_08341009_007_01.h5,2021-02-16T15:15:42Z,gt1r,-71.49016571044922,-42.616512298583984,98723987.5315943,834.0,10.0,9.0,007,01,13518.0,1.0,1238788.0,1238792.0,1072.2464599609375,,10.1343994140625,,10.9193115234375,2.067420482635498,,,,,,,70.0,4.0,116.0,1.0,0.0,0.0,0.0,0.0,2021,2,Verano,Bosque cerrado desconocido,1,1,0,0,,10–20 m,834_gt1r_1238788,295767.6,5278763.4,BOSQUE_NW_02,operacional,SI,,2021-02-16,NO,1052.55,21.651,21.854,-1.96,PASA
BOSQUE_NW_02(3),ATL08_20210216151542_08341009_007_01.h5,2021-02-16T15:15:42Z,gt1r,-71.4902572631836,-42.617408752441406,98723987.54562554,834.0,10.0,9.0,007,01,13518.0,1.0,1238793.0,1238797.0,1085.7203369140625,25.857004165649414,4.51416015625,13.731600761413574,5.4359130859375,1.1502407789230347,,,,,,,98.0,42.0,116.0,1.0,0.0,0.0,0.0,0.0,2021,2,Verano,Bosque cerrado desconocido,1,1,1,1,3.0418949009599783,2–5 m,834_gt1r_1238793,295763.0,5278663.7,BOSQUE_NW_02,operacional,SI,,2021-02-16,NO,1061.35,21.654,21.855,2.71,PASA
BOSQUE_NW_02(3),ATL08_20210216151542_08341009_007_01.h5,2021-02-16T15:15:42Z,gt1r,-71.49067687988281,-42.621891021728516,98723987.61602491,834.0,10.0,9.0,007,01,13518.0,1.0,1238818.0,1238822.0,1133.2049560546875,,24.626220703125,,26.31494140625,7.607394695281982,,,,,,,133.0,5.0,112.0,1.0,0.0,0.0,0.0,0.0,2021,2,Verano,Bosque cerrado perennifolio latifolio,1,1,0,0,,20–30 m,834_gt1r_1238818,295743.2,5278164.9,BOSQUE_NW_02,operacional,SI,,2021-02-16,NO,1120.69,21.666,21.865,-9.15,DESCARTADO
BOSQUE_NW_02(3),ATL08_20210216151542_08341009_007_01.h5,2021-02-16T15:15:42Z,gt1r,-71.49085998535156,-42.62368392944336,98723987.64425725,834.0,10.0,9.0,007,01,13518.0,1.0,1238828.0,1238832.0,1167.1103515625,,20.957763671875,,24.1087646484375,5.867108345031738,,,,,,,128.0,8.0,112.0,1.0,0.0,0.0,0.0,0.0,2021,2,Verano,Bosque cerrado perennifolio latifolio,1,1,0,0,,20–30 m,834_gt1r_1238828,295734.1,5277965.3,BOSQUE_NW_02,operacional,SI,,2021-02-16,NO,1152.49,21.672,21.869,-7.05,DESCARTADO
BOSQUE_NW_02(3),ATL08_20210216151542_08341009_007_01.h5,2021-02-16T15:15:42Z,gt1r,-71.49127197265625,-42.628170013427734,98723987.71450755,834.0,10.0,9.0,007,01,13518.0,1.0,1238853.0,1238857.0,1259.7354736328125,,27.8863525390625,,29.697021484375,7.523430824279785,,,,,,,125.0,5.0,116.0,1.0,0.0,0.0,0.0,0.0,2021,2,Verano,Bosque cerrado desconocido,1,1,0,0,,20–30 m,834_gt1r_1238853,295715.0,5277466.2,BOSQUE_NW_02,operacional,SI,,2021-02-16,NO,1249.39,21.681,21.878,-11.34,DESCARTADO
BOSQUE_NW_02(3),ATL08_20210216151542_08341009_007_01.h5,2021-02-16T15:15:42Z,gt1r,-71.49153137207031,-42.630859375,98723987.7566936,834.0,10.0,9.0,007,01,13518.0,1.0,1238868.0,1238872.0,1291.9884033203125,,28.079833984375,,29.076171875,7.720426559448242,,,,,,,90.0,2.0,112.0,1.0,0.0,0.0,0.0,0.0,2021,2,Verano,Bosque cerrado perennifolio latifolio,1,1,0,0,,20–30 m,834_gt1r_1238868,295702.5,5277166.9,BOSQUE_NW_02,operacional,SI,,2021-02-16,NO,1283.06,21.686,21.884,-12.76,DESCARTADO
BOSQUE_NW_02(3),ATL08_20210216151542_08341009_007_01.h5,2021-02-16T15:15:42Z,gt1r,-71.49181365966797,-42.633548736572266,98723987.79898354,834.0,10.0,9.0,007,01,13518.0,1.0,1238883.0,1238887.0,1240.3394775390625,77.26934814453125,24.9866943359375,40.09928512573242,26.620361328125,6.516980171203613,,,,,,,133.0,16.0,112.0,1.0,0.0,0.0,0.0,0.0,2021,2,Verano,Bosque cerrado perennifolio latifolio,1,1,1,1,1.604825535807632,20–30 m,834_gt1r_1238883,295688.1,5276867.6,BOSQUE_NW_02,operacional,SI,,2021-02-16,NO,1215.19,21.691,21.890,3.46,PASA
BOSQUE_NW_02(3),ATL08_20210216151542_08341009_007_01.h5,2021-02-16T15:15:42Z,gt1r,-71.49223327636719,-42.63803482055664,98723987.8694449,834.0,10.0,9.0,007,01,13518.0,1.0,1238908.0,1238912.0,1390.29345703125,19.30028533935547,9.9375,20.101791381835938,13.0067138671875,2.4079978466033936,,,,,,,144.0,72.0,116.0,1.0,0.0,0.0,0.0,0.0,2021,2,Verano,Bosque cerrado desconocido,1,1,1,1,2.0228217742727987,5–10 m,834_gt1r_1238908,295668.4,5276368.4,BOSQUE_NW_02,operacional,SI,,2021-02-16,NO,1366.57,21.700,21.900,2.02,PASA
BOSQUE_NW_02(3),ATL08_20210216151542_08341009_007_01.h5,2021-02-16T15:15:42Z,gt1r,-71.4942626953125,-42.6568489074707,98723988.16558504,834.0,10.0,9.0,007,01,13518.0,1.0,1239015.0,1239017.0,1263.823486328125,,16.565673828125,,16.6246337890625,4.7266926765441895,,,,,,,46.0,6.0,112.0,1.0,0.0,0.0,0.0,0.0,2021,2,Verano,Bosque cerrado perennifolio latifolio,1,1,0,0,,10–20 m,834_gt1r_1239015,295563.7,5274274.1,BOSQUE_NW_02,operacional,SI,,2021-02-16,NO,1247.66,21.736,21.951,-5.57,DESCARTADO
BOSQUE_NW_02(3),ATL08_20210216151542_08341009_007_01.h5,2021-02-16T15:15:42Z,gt1r,-71.4943618774414,-42.65774917602539,98723988.17949033,834.0,10.0,9.0,007,01,13518.0,1.0,1239019.0,1239020.0,1221.2894287109375,,23.48486328125,,27.15380859375,6.000974655151367,,,,,,,56.0,6.0,112.0,1.0,0.0,0.0,0.0,0.0,2021,2,Verano,Bosque cerrado perennifolio latifolio,1,1,0,0,,20–30 m,834_gt1r_1239019,295558.5,5274173.9,BOSQUE_NW_02,operacional,SI,,2021-02-16,NO,1191.85,21.738,21.955,7.71,DESCARTADO
BOSQUE_NW_02(3),ATL08_20210216151542_08341009_007_01.h5,2021-02-16T15:15:42Z,gt1r,-71.49459075927734,-42.65953826904297,98723988.2079365,834.0,10.0,9.0,007,01,13518.0,1.0,1239028.0,1239032.0,1167.04736328125,96.78093719482422,18.90478515625,20.47079849243164,19.2279052734375,4.671160697937012,,,,,,,71.0,12.0,112.0,1.0,0.0,0.0,0.0,0.0,2021,2,Verano,Bosque cerrado perennifolio latifolio,1,1,1,1,1.0828368755972828,10–20 m,834_gt1r_1239028,295545.6,5273974.7,BOSQUE_NW_02,operacional,SI,,2021-02-16,NO,1143.80,21.742,21.961,1.51,PASA
BOSQUE_NW_02(3),ATL08_20210216151542_08341009_007_01.h5,2021-02-16T15:15:42Z,gt1r,-71.49565887451172,-42.66849136352539,98723988.34870361,834.0,10.0,9.0,007,01,13518.0,1.0,1239079.0,1239082.0,1306.3302001953125,,24.27783203125,,27.0849609375,5.39494514465332,,,,,,,88.0,8.0,116.0,1.0,0.0,0.0,0.0,0.0,2021,2,Verano,Bosque cerrado desconocido,1,1,0,0,,20–30 m,834_gt1r_1239079,295487.4,5272977.9,BOSQUE_NW_02,operacional,SI,,2021-02-16,NO,1284.73,21.757,21.989,-0.16,PASA
BOSQUE_NW_02(3),ATL08_20210216151542_08341009_007_01.h5,2021-02-16T15:15:42Z,gt1r,-71.49577331542969,-42.66938781738281,98723988.36281665,834.0,10.0,9.0,007,01,13518.0,1.0,1239083.0,1239087.0,1275.16357421875,105.98506927490234,19.3270263671875,42.09620666503906,26.6927490234375,4.526166915893555,,,,,,,119.0,12.0,112.0,1.0,0.0,0.0,0.0,0.0,2021,2,Verano,Bosque cerrado perennifolio latifolio,1,1,1,1,2.1781005450744346,10–20 m,834_gt1r_1239083,295481.0,5272878.0,BOSQUE_NW_02,operacional,SI,,2021-02-16,NO,1250.53,21.758,21.990,2.88,PASA
BOSQUE_NW_02(3),ATL08_20210216151542_08341009_007_01.h5,2021-02-16T15:15:42Z,gt1r,-71.49588775634766,-42.67028045654297,98723988.37691346,834.0,10.0,9.0,007,01,13518.0,1.0,1239089.0,1239092.0,1241.6629638671875,,24.293212890625,,24.411865234375,6.2363176345825195,,,,,,,62.0,7.0,116.0,1.0,0.0,0.0,0.0,0.0,2021,2,Verano,Bosque cerrado desconocido,1,1,0,0,,20–30 m,834_gt1r_1239089,295474.5,5272778.6,BOSQUE_NW_02,operacional,SI,,2021-02-16,NO,1230.33,21.759,21.991,-10.43,DESCARTADO
BOSQUE_NW_02(3),ATL08_20210216151542_08341009_007_01.h5,2021-02-16T15:15:42Z,gt1r,-71.49601745605469,-42.67117691040039,98723988.39104986,834.0,10.0,9.0,007,01,13518.0,1.0,1239093.0,1239097.0,1227.3548583984375,,23.2724609375,,24.62353515625,5.638586521148682,,,,,,,126.0,6.0,114.0,1.0,0.0,0.0,0.0,0.0,2021,2,Verano,Bosque cerrado caducifolio latifolio,1,1,0,0,,20–30 m,834_gt1r_1239093,295466.9,5272678.8,BOSQUE_NW_02,operacional,SI,,2021-02-16,NO,1211.62,21.760,21.992,-6.03,DESCARTADO
BOSQUE_NW_02(3),ATL08_20210216151542_08341009_007_01.h5,2021-02-16T15:15:42Z,gt1r,-71.49636840820312,-42.673858642578125,98723988.43334162,834.0,10.0,9.0,007,01,13518.0,1.0,1239108.0,1239112.0,1238.5787353515625,,21.663818359375,,23.0452880859375,6.097420692443848,,,,,,,158.0,6.0,126.0,1.0,0.0,0.0,0.0,0.0,2021,2,Verano,Bosque abierto desconocido,1,1,0,0,,20–30 m,834_gt1r_1239108,295446.9,5272380.1,BOSQUE_NW_02,operacional,SI,,2021-02-16,NO,1232.10,21.763,21.996,-15.29,DESCARTADO
BOSQUE_NW_02(3),ATL08_20210216151542_08341009_007_01.h5,2021-02-16T15:15:42Z,gt1r,-71.49662017822266,-42.6756477355957,98723988.46156259,834.0,10.0,9.0,007,01,13518.0,1.0,1239118.0,1239121.0,1151.405029296875,,48.1351318359375,,51.6741943359375,13.37988567352295,,,,,,,51.0,5.0,112.0,1.0,0.0,0.0,0.0,0.0,2021,2,Verano,Bosque cerrado perennifolio latifolio,1,1,0,0,,>30 m,834_gt1r_1239118,295432.1,5272180.8,BOSQUE_NW_02,operacional,SI,,2021-02-16,NO,1109.08,21.765,21.998,20.56,DESCARTADO
BOSQUE_NW_02(3),ATL08_20210216151542_08341009_007_01.h5,2021-02-16T15:15:42Z,gt1r,-71.49893951416016,-42.691734313964844,98723988.7152072,834.0,10.0,9.0,007,01,13518.0,1.0,1239209.0,1239212.0,1230.54931640625,,26.2352294921875,,27.6595458984375,6.423511505126953,,,,,,,77.0,5.0,116.0,1.0,0.0,0.0,0.0,0.0,2021,2,Verano,Bosque cerrado desconocido,1,1,0,0,,20–30 m,834_gt1r_1239209,295294.9,5270388.8,BOSQUE_NW_02,operacional,SI,,2021-02-16,NO,1207.37,21.782,22.022,1.40,PASA
BOSQUE_NW_02(3),ATL08_20210216151542_08341009_007_01.h5,2021-02-16T15:15:42Z,gt1r,-71.49906158447266,-42.692630767822266,98723988.72923565,834.0,10.0,9.0,007,01,13518.0,1.0,1239213.0,1239217.0,1236.1865234375,,25.787841796875,,27.5518798828125,6.350759029388428,,,,,,,118.0,7.0,116.0,1.0,0.0,0.0,0.0,0.0,2021,2,Verano,Bosque cerrado desconocido,1,1,0,0,,20–30 m,834_gt1r_1239213,295287.9,5270288.9,BOSQUE_NW_02,operacional,SI,,2021-02-16,NO,1224.72,21.783,22.024,-10.31,DESCARTADO
BOSQUE_NW_02(3),ATL08_20210216151542_08341009_007_01.h5,2021-02-16T15:15:42Z,gt2l,-71.52149200439453,-42.557918548583984,98723986.283994,834.0,10.0,9.0,007,01,13518.0,1.0,1238476.0,1238480.0,771.5294799804688,15.744123458862305,12.75921630859375,19.990234375,12.75921630859375,3.7269058227539062,,,,,,,27.0,49.0,126.0,1.0,0.0,0.0,0.0,0.0,2021,2,Verano,Bosque abierto desconocido,1,1,1,1,1.5667290130927494,10–20 m,834_gt2l_1238476,293004.3,5285194.1,BOSQUE_NW_02,operacional,SI,,2021-02-16,NO,750.74,21.437,21.672,-0.65,PASA
BOSQUE_NW_02(3),ATL08_20210216151542_08341009_007_01.h5,2021-02-16T15:15:42Z,gt2l,-71.5217514038086,-42.5597038269043,98723986.31221303,834.0,10.0,9.0,007,01,13518.0,1.0,1238486.0,1238490.0,771.8456420898438,77.33738708496094,13.16943359375,45.86892318725586,14.77667236328125,4.449838638305664,,,,,,,51.0,10.0,126.0,1.0,0.0,0.0,0.0,0.0,2021,2,Verano,Bosque abierto desconocido,1,1,1,1,3.482983748748656,10–20 m,834_gt2l_1238486,292988.9,5284995.2,BOSQUE_NW_02,operacional,SI,,2021-02-16,NO,752.22,21.442,21.676,-1.82,PASA
BOSQUE_NW_02(3),ATL08_20210216151542_08341009_007_01.h5,2021-02-16T15:15:42Z,gt2l,-71.52188110351562,-42.56060028076172,98723986.32630387,834.0,10.0,9.0,007,01,13518.0,1.0,1238491.0,1238495.0,773.57568359375,35.178916931152344,13.04931640625,34.41599655151367,13.04931640625,3.767214298248291,,,,,,,35.0,22.0,126.0,1.0,0.0,0.0,0.0,0.0,2021,2,Verano,Bosque abierto desconocido,1,1,1,1,2.6373792680074835,10–20 m,834_gt2l_1238491,292981.2,5284895.3,BOSQUE_NW_02,operacional,SI,,2021-02-16,NO,752.78,21.444,21.679,-0.65,PASA
BOSQUE_NW_02(3),ATL08_20210216151542_08341009_007_01.h5,2021-02-16T15:15:42Z,gt2l,-71.52356719970703,-42.57221984863281,98723986.50955819,834.0,10.0,9.0,007,01,13518.0,1.0,1238556.0,1238560.0,909.0986938476562,,12.68408203125,,13.9111328125,2.581688642501831,,,,,,,39.0,5.0,126.0,1.0,0.0,0.0,0.0,0.0,2021,2,Verano,Bosque abierto desconocido,1,1,0,0,,10–20 m,834_gt2l_1238556,292881.2,5283600.9,BOSQUE_NW_02,operacional,SI,,2021-02-16,NO,886.86,21.476,21.704,0.77,PASA
BOSQUE_NW_02(3),ATL08_20210216151542_08341009_007_01.h5,2021-02-16T15:15:42Z,gt2l,-71.52369689941406,-42.57311248779297,98723986.52365576,834.0,10.0,9.0,007,01,13518.0,1.0,1238561.0,1238565.0,895.650390625,,18.418212890625,,18.8773193359375,4.0747809410095215,,,,,,,53.0,3.0,126.0,1.0,0.0,0.0,0.0,0.0,2021,2,Verano,Bosque abierto desconocido,1,1,0,0,,10–20 m,834_gt2l_1238561,292873.6,5283501.4,BOSQUE_NW_02,operacional,SI,,2021-02-16,NO,882.21,21.479,21.705,-8.04,DESCARTADO
BOSQUE_NW_02(3),ATL08_20210216151542_08341009_007_01.h5,2021-02-16T15:15:42Z,gt2l,-71.5238265991211,-42.574005126953125,98723986.53773646,834.0,10.0,9.0,007,01,13518.0,1.0,1238566.0,1238570.0,885.924560546875,,15.65692138671875,,16.386962890625,3.373521566390991,,,,,,,45.0,4.0,116.0,1.0,0.0,0.0,0.0,0.0,2021,2,Verano,Bosque cerrado desconocido,1,1,0,0,,10–20 m,834_gt2l_1238566,292865.9,5283402.0,BOSQUE_NW_02,operacional,SI,,2021-02-16,NO,866.76,21.481,21.707,-2.32,PASA
BOSQUE_NW_02(3),ATL08_20210216151542_08341009_007_01.h5,2021-02-16T15:15:42Z,gt2l,-71.52396392822266,-42.57489776611328,98723986.55181387,834.0,10.0,9.0,007,01,13518.0,1.0,1238571.0,1238575.0,869.37451171875,,16.9083251953125,,17.1707763671875,2.776909112930298,,,,,,,35.0,4.0,116.0,1.0,0.0,0.0,0.0,0.0,2021,2,Verano,Bosque cerrado desconocido,1,1,0,0,,10–20 m,834_gt2l_1238571,292857.6,5283302.5,BOSQUE_NW_02,operacional,SI,,2021-02-16,NO,855.63,21.484,21.708,-7.74,DESCARTADO
BOSQUE_NW_02(3),ATL08_20210216151542_08341009_007_01.h5,2021-02-16T15:15:42Z,gt2l,-71.52410125732422,-42.57579040527344,98723986.56590262,834.0,10.0,9.0,007,01,13518.0,1.0,1238576.0,1238580.0,863.2230834960938,,14.30108642578125,,14.420166015625,2.892099142074585,,,,,,,29.0,2.0,126.0,1.0,0.0,0.0,0.0,0.0,2021,2,Verano,Bosque abierto desconocido,1,1,0,0,,10–20 m,834_gt2l_1238576,292849.2,5283203.1,BOSQUE_NW_02,operacional,SI,,2021-02-16,NO,848.83,21.486,21.710,-7.09,DESCARTADO
BOSQUE_NW_02(3),ATL08_20210216151542_08341009_007_01.h5,2021-02-16T15:15:42Z,gt2l,-71.52423858642578,-42.57668685913086,98723986.57998614,834.0,10.0,9.0,007,01,13518.0,1.0,1238581.0,1238585.0,862.5491943359375,,12.97039794921875,,14.81390380859375,2.7799766063690186,,,,,,,44.0,4.0,126.0,1.0,0.0,0.0,0.0,0.0,2021,2,Verano,Bosque abierto desconocido,1,1,0,0,,10–20 m,834_gt2l_1238581,292840.9,5283103.2,BOSQUE_NW_02,operacional,SI,,2021-02-16,NO,844.02,21.488,21.711,-2.96,PASA
BOSQUE_NW_02(3),ATL08_20210216151542_08341009_007_01.h5,2021-02-16T15:15:42Z,gt2l,-71.52437591552734,-42.577579498291016,98723986.59408438,834.0,10.0,9.0,007,01,13518.0,1.0,1238586.0,1238590.0,859.0845336914062,143.0779571533203,13.070556640625,101.88452911376953,13.2691650390625,3.7634458541870117,,,,,,,46.0,6.0,126.0,1.0,0.0,0.0,0.0,0.0,2021,2,Verano,Bosque abierto desconocido,1,1,1,1,7.794964814053832,10–20 m,834_gt2l_1238586,292832.6,5283003.7,BOSQUE_NW_02,operacional,SI,,2021-02-16,NO,840.83,21.491,21.713,-3.24,PASA
BOSQUE_NW_02(3),ATL08_20210216151542_08341009_007_01.h5,2021-02-16T15:15:42Z,gt2l,-71.52448272705078,-42.57829284667969,98723986.60540932,834.0,10.0,9.0,007,01,13518.0,1.0,1238591.0,1238595.0,853.9617919921875,,17.57208251953125,,18.59765625,4.299569606781006,,,,,,,72.0,3.0,126.0,1.0,0.0,0.0,0.0,0.0,2021,2,Verano,Bosque abierto desconocido,1,1,0,0,,10–20 m,834_gt2l_1238591,292826.2,5282924.2,BOSQUE_NW_02,operacional,SI,,2021-02-16,NO,842.86,21.493,21.714,-10.39,DESCARTADO
BOSQUE_NW_02(3),ATL08_20210216151542_08341009_007_01.h5,2021-02-16T15:15:42Z,gt2l,-71.52464294433594,-42.57936477661133,98723986.62232815,834.0,10.0,9.0,007,01,13518.0,1.0,1238596.0,1238600.0,862.0802001953125,,14.9896240234375,,16.03118896484375,3.888303756713867,,,,,,,46.0,3.0,126.0,1.0,0.0,0.0,0.0,0.0,2021,2,Verano,Bosque abierto desconocido,1,1,0,0,,10–20 m,834_gt2l_1238596,292816.6,5282804.8,BOSQUE_NW_02,operacional,SI,,2021-02-16,NO,843.32,21.496,21.715,-2.74,PASA
BOSQUE_NW_02(3),ATL08_20210216151542_08341009_007_01.h5,2021-02-16T15:15:42Z,gt2l,-71.5247802734375,-42.580257415771484,98723986.63633619,834.0,10.0,9.0,007,01,13518.0,1.0,1238601.0,1238605.0,863.3330078125,86.33352661132812,11.94329833984375,72.29573822021484,13.8502197265625,3.6779158115386963,,,,,,,46.0,10.0,126.0,1.0,0.0,0.0,0.0,0.0,2021,2,Verano,Bosque abierto desconocido,1,1,1,1,6.053247282539261,10–20 m,834_gt2l_1238601,292808.3,5282705.3,BOSQUE_NW_02,operacional,SI,,2021-02-16,NO,843.23,21.498,21.717,-1.39,PASA
BOSQUE_NW_02(3),ATL08_20210216151542_08341009_007_01.h5,2021-02-16T15:15:42Z,gt2l,-71.52529907226562,-42.583831787109375,98723986.69276154,834.0,10.0,9.0,007,01,13518.0,1.0,1238621.0,1238625.0,903.9118041992188,69.72777557373047,14.07696533203125,41.5009880065918,17.5885009765625,3.285330295562744,,,,,,,42.0,13.0,126.0,1.0,0.0,0.0,0.0,0.0,2021,2,Verano,Bosque abierto desconocido,1,1,1,1,2.948148768410966,10–20 m,834_gt2l_1238621,292777.6,5282307.1,BOSQUE_NW_02,operacional,SI,,2021-02-16,NO,884.31,21.508,21.722,-1.91,PASA
BOSQUE_NW_02(3),ATL08_20210216151542_08341009_007_01.h5,2021-02-16T15:15:42Z,gt2l,-71.53590393066406,-42.67518615722656,98723988.1304842,834.0,10.0,9.0,007,01,13518.0,1.0,1239131.0,1239135.0,1113.7867431640625,,29.609130859375,,30.94873046875,7.12682580947876,,,,,,,59.0,5.0,114.0,1.0,0.0,0.0,0.0,0.0,2021,2,Verano,Bosque cerrado caducifolio latifolio,1,1,0,0,,20–30 m,834_gt2l_1239131,292211.6,5272136.2,BOSQUE_NW_02,operacional,SI,,2021-02-16,NO,1091.27,21.718,21.963,0.80,PASA
BOSQUE_NW_02(3),ATL08_20210216151542_08341009_007_01.h5,2021-02-16T15:15:42Z,gt2l,-71.53600311279297,-42.676082611083984,98723988.14455666,834.0,10.0,9.0,007,01,13518.0,1.0,1239136.0,1239140.0,1125.6064453125,,22.5347900390625,,22.5347900390625,5.512502670288086,,,,,,,41.0,5.0,112.0,1.0,0.0,0.0,0.0,0.0,2021,2,Verano,Bosque cerrado perennifolio latifolio,1,1,0,0,,20–30 m,834_gt2l_1239136,292206.5,5272036.4,BOSQUE_NW_02,operacional,SI,,2021-02-16,NO,1109.92,21.720,21.964,-6.04,DESCARTADO
BOSQUE_NW_02(3),ATL08_20210216151542_08341009_007_01.h5,2021-02-16T15:15:42Z,gt2l,-71.53608703613281,-42.67679977416992,98723988.15587293,834.0,10.0,9.0,007,01,13518.0,1.0,1239141.0,1239145.0,1156.493408203125,,21.8475341796875,,21.8475341796875,5.945597171783447,,,,,,,40.0,5.0,116.0,1.0,0.0,0.0,0.0,0.0,2021,2,Verano,Bosque cerrado desconocido,1,1,0,0,,20–30 m,834_gt2l_1239141,292202.0,5271956.5,BOSQUE_NW_02,operacional,SI,,2021-02-16,NO,1126.64,21.721,21.964,8.13,DESCARTADO
BOSQUE_NW_02(3),ATL08_20210216151542_08341009_007_01.h5,2021-02-16T15:15:42Z,gt2l,-71.53629302978516,-42.678768157958984,98723988.18690932,834.0,10.0,9.0,007,01,13518.0,1.0,1239153.0,1239155.0,1195.587158203125,,29.0479736328125,,29.0479736328125,6.70438814163208,,,,,,,30.0,4.0,116.0,1.0,0.0,0.0,0.0,0.0,2021,2,Verano,Bosque cerrado desconocido,1,1,0,0,,20–30 m,834_gt2l_1239153,292191.7,5271737.4,BOSQUE_NW_02,operacional,SI,,2021-02-16,NO,1184.23,21.724,21.966,-10.37,DESCARTADO
BOSQUE_NW_02(3),ATL08_20210216151542_08341009_007_01.h5,2021-02-16T15:15:42Z,gt2l,-71.53668975830078,-42.68235397338867,98723988.24332611,834.0,10.0,9.0,007,01,13518.0,1.0,1239171.0,1239174.0,1336.37939453125,,29.0064697265625,,29.0064697265625,7.384169101715088,,,,,,,41.0,5.0,116.0,1.0,0.0,0.0,0.0,0.0,2021,2,Verano,Bosque cerrado desconocido,1,1,0,0,,20–30 m,834_gt2l_1239171,292171.1,5271338.3,BOSQUE_NW_02,operacional,SI,,2021-02-16,NO,1324.90,21.731,21.969,-10.25,DESCARTADO
BOSQUE_NW_02(3),ATL08_20210216151542_08341009_007_01.h5,2021-02-16T15:15:42Z,gt2l,-71.53679656982422,-42.683250427246094,98723988.25743556,834.0,10.0,9.0,007,01,13518.0,1.0,1239176.0,1239180.0,1369.605712890625,,22.4031982421875,,22.4031982421875,5.357113361358643,,,,,,,26.0,2.0,114.0,1.0,0.0,0.0,0.0,0.0,2021,2,Verano,Bosque cerrado caducifolio latifolio,1,1,0,0,,20–30 m,834_gt2l_1239176,292165.4,5271238.4,BOSQUE_NW_02,operacional,SI,,2021-02-16,NO,1344.85,21.732,21.969,3.02,PASA
BOSQUE_NW_02(3),ATL08_20210216151542_08341009_007_01.h5,2021-02-16T15:15:42Z,gt2l,-71.53700256347656,-42.68503952026367,98723988.28564402,834.0,10.0,9.0,007,01,13518.0,1.0,1239186.0,1239190.0,1398.2877197265625,,21.6795654296875,,21.7158203125,4.904836177825928,,,,,,,38.0,3.0,112.0,1.0,0.0,0.0,0.0,0.0,2021,2,Verano,Bosque cerrado perennifolio latifolio,1,1,0,0,,20–30 m,834_gt2l_1239186,292154.4,5271039.3,BOSQUE_NW_02,operacional,SI,,2021-02-16,NO,1379.28,21.735,21.971,-2.73,PASA
BOSQUE_NW_02(3),ATL08_20210216151542_08341009_007_01.h5,2021-02-16T15:15:42Z,gt2l,-71.53789520263672,-42.69219970703125,98723988.39849763,834.0,10.0,9.0,007,01,13518.0,1.0,1239226.0,1239230.0,1527.002197265625,152.7539825439453,23.8326416015625,167.20550537109375,23.8326416015625,5.157342910766602,,,,,,,37.0,10.0,20.0,1.0,0.0,0.0,0.0,0.0,2021,2,Verano,Arbustos,1,1,1,1,7.015819235083514,20–30 m,834_gt2l_1239226,292105.2,5270241.9,BOSQUE_NW_02,operacional,SI,,2021-02-16,NO,1506.32,21.747,21.979,-1.06,PASA
BOSQUE_NW_02(3),ATL08_20210216151542_08341009_007_01.h5,2021-02-16T15:15:42Z,gt2r,-71.523681640625,-42.56263732910156,98723986.7112636,834.0,10.0,9.0,007,01,13518.0,1.0,1238503.0,1238507.0,799.2952880859375,37.99116134643555,10.32928466796875,8.654959678649902,11.26361083984375,2.5044941902160645,,,,,,,87.0,21.0,126.0,1.0,0.0,0.0,0.0,0.0,2021,2,Verano,Bosque abierto desconocido,1,1,1,1,0.8379050395899194,10–20 m,834_gt2r_1238503,292840.1,5284664.7,BOSQUE_NW_02,operacional,SI,,2021-02-16,NO,776.79,21.449,21.683,1.06,PASA
BOSQUE_NW_02(3),ATL08_20210216151542_08341009_007_01.h5,2021-02-16T15:15:42Z,gt2r,-71.52381896972656,-42.56352996826172,98723986.72542593,834.0,10.0,9.0,007,01,13518.0,1.0,1238508.0,1238512.0,791.0568237304688,8.328944206237793,7.4515380859375,7.896487712860107,7.97216796875,1.4677237272262573,,,,,,,70.0,95.0,116.0,1.0,0.0,0.0,0.0,0.0,2021,2,Verano,Bosque cerrado desconocido,1,1,1,1,1.0597124542330816,5–10 m,834_gt2r_1238508,292831.8,5284565.3,BOSQUE_NW_02,operacional,SI,,2021-02-16,NO,770.64,21.451,21.685,-1.04,PASA
BOSQUE_NW_02(3),ATL08_20210216151542_08341009_007_01.h5,2021-02-16T15:15:42Z,gt2r,-71.52510833740234,-42.57246780395508,98723986.86625573,834.0,10.0,9.0,007,01,13518.0,1.0,1238558.0,1238562.0,889.7050170898438,29.758275985717773,6.3018798828125,12.760396003723145,7.06378173828125,1.542798399925232,,,,,,,58.0,30.0,126.0,1.0,0.0,0.0,0.0,0.0,2021,2,Verano,Bosque abierto desconocido,1,1,1,1,2.0248554782082326,5–10 m,834_gt2r_1238558,292755.6,5283569.6,BOSQUE_NW_02,operacional,SI,,2021-02-16,NO,869.66,21.476,21.703,-1.43,PASA
BOSQUE_NW_02(3),ATL08_20210216151542_08341009_007_01.h5,2021-02-16T15:15:42Z,gt2r,-71.52588653564453,-42.57783126831055,98723986.95080489,834.0,10.0,9.0,007,01,13518.0,1.0,1238588.0,1238592.0,853.891357421875,14.015889167785645,15.29913330078125,16.682313919067383,16.588623046875,3.9254612922668457,,,,,,,110.0,61.0,116.0,1.0,0.0,0.0,0.0,0.0,2021,2,Verano,Bosque cerrado desconocido,1,1,1,1,1.090409083383534,10–20 m,834_gt2r_1238588,292709.5,5282972.1,BOSQUE_NW_02,operacional,SI,,2021-02-16,NO,832.64,21.490,21.710,-0.24,PASA
BOSQUE_NW_02(3),ATL08_20210216151542_08341009_007_01.h5,2021-02-16T15:15:42Z,gt2r,-71.5264892578125,-42.58230209350586,98723987.0213112,834.0,10.0,9.0,007,01,13518.0,1.0,1238613.0,1238617.0,882.2589721679688,21.55023765563965,6.68975830078125,11.375014305114746,7.3758544921875,1.4304066896438599,,,,,,,80.0,41.0,126.0,1.0,0.0,0.0,0.0,0.0,2021,2,Verano,Bosque abierto desconocido,1,1,1,1,1.700362523379408,5–10 m,834_gt2r_1238613,292674.8,5282474.1,BOSQUE_NW_02,operacional,SI,,2021-02-16,NO,861.56,21.502,21.716,-0.80,PASA
BOSQUE_NW_02(3),ATL08_20210216151542_08341009_007_01.h5,2021-02-16T15:15:42Z,gt2r,-71.52694702148438,-42.58588409423828,98723987.07760906,834.0,10.0,9.0,007,01,13518.0,1.0,1238633.0,1238637.0,970.324951171875,74.80884552001953,10.29888916015625,13.247878074645996,11.3167724609375,2.4859001636505127,,,,,,,89.0,13.0,30.0,1.0,0.0,0.0,0.0,0.0,2021,2,Verano,Herbáceas,1,1,1,1,1.2863404847484547,10–20 m,834_gt2r_1238633,292649.1,5282075.2,BOSQUE_NW_02,operacional,SI,,2021-02-16,NO,949.04,21.511,21.723,-0.22,PASA
BOSQUE_NW_02(3),ATL08_20210216151542_08341009_007_01.h5,2021-02-16T15:15:42Z,gt2r,-71.52716827392578,-42.58767318725586,98723987.105806,834.0,10.0,9.0,007,01,13518.0,1.0,1238643.0,1238647.0,1020.9296875,44.4079704284668,5.85357666015625,13.272012710571289,6.9732666015625,1.3409498929977417,,,,,,,80.0,23.0,126.0,1.0,0.0,0.0,0.0,0.0,2021,2,Verano,Bosque abierto desconocido,1,1,1,1,2.267333885094625,5–10 m,834_gt2r_1238643,292636.9,5281876.0,BOSQUE_NW_02,operacional,SI,,2021-02-16,NO,996.56,21.516,21.728,2.85,PASA
BOSQUE_NW_02(3),ATL08_20210216151542_08341009_007_01.h5,2021-02-16T15:15:42Z,gt2r,-71.5277099609375,-42.5921516418457,98723987.17614196,834.0,10.0,9.0,007,01,13518.0,1.0,1238668.0,1238672.0,1152.243896484375,16.930755615234375,18.5216064453125,20.75776481628418,22.5184326171875,4.731647491455078,,,,,,,95.0,68.0,20.0,1.0,0.0,0.0,0.0,0.0,2021,2,Verano,Arbustos,1,1,1,1,1.1207324201372184,10–20 m,834_gt2r_1238668,292607.3,5281377.3,BOSQUE_NW_02,operacional,SI,,2021-02-16,NO,1131.32,21.528,21.740,-0.60,PASA
BOSQUE_NW_02(3),ATL08_20210216151542_08341009_007_01.h5,2021-02-16T15:15:42Z,gt2r,-71.5278091430664,-42.59304428100586,98723987.19025095,834.0,10.0,9.0,007,01,13518.0,1.0,1238673.0,1238677.0,1165.761474609375,43.18962478637695,23.2333984375,37.79188537597656,24.1571044921875,7.297512054443359,,,,,,,111.0,27.0,40.0,1.0,0.0,0.0,0.0,0.0,2021,2,Verano,Cultivos/manejo,1,1,1,1,1.6266189157664663,20–30 m,834_gt2r_1238673,292602.2,5281277.9,BOSQUE_NW_02,operacional,SI,,2021-02-16,NO,1150.12,21.530,21.743,-5.89,DESCARTADO
BOSQUE_NW_02(3),ATL08_20210216151542_08341009_007_01.h5,2021-02-16T15:15:42Z,gt2r,-71.52812194824219,-42.595733642578125,98723987.23261535,834.0,10.0,9.0,007,01,13518.0,1.0,1238688.0,1238692.0,1224.5540771484375,,23.708251953125,,25.438720703125,6.221337795257568,,,,,,,94.0,7.0,112.0,1.0,0.0,0.0,0.0,0.0,2021,2,Verano,Bosque cerrado perennifolio latifolio,1,1,0,0,,20–30 m,834_gt2r_1238688,292585.4,5280978.5,BOSQUE_NW_02,operacional,SI,,2021-02-16,NO,1203.94,21.537,21.750,-0.93,PASA
BOSQUE_NW_02(3),ATL08_20210216151542_08341009_007_01.h5,2021-02-16T15:15:42Z,gt2r,-71.52883911132812,-42.60200119018555,98723987.33129281,834.0,10.0,9.0,007,01,13518.0,1.0,1238723.0,1238725.0,1182.9036865234375,,34.8446044921875,,39.382568359375,9.315918922424316,,,,,,,54.0,4.0,112.0,1.0,0.0,0.0,0.0,0.0,2021,2,Verano,Bosque cerrado perennifolio latifolio,1,1,0,0,,>30 m,834_gt2r_1238723,292547.4,5280280.8,BOSQUE_NW_02,operacional,SI,,2021-02-16,NO,1168.66,21.553,21.767,-7.31,DESCARTADO
BOSQUE_NW_02(3),ATL08_20210216151542_08341009_007_01.h5,2021-02-16T15:15:42Z,gt2r,-71.52909851074219,-42.60405731201172,98723987.36519037,834.0,10.0,9.0,007,01,13518.0,1.0,1238733.0,1238737.0,1079.096435546875,,38.572998046875,,38.572998046875,9.397621154785156,,,,,,,40.0,2.0,112.0,1.0,0.0,0.0,0.0,0.0,2021,2,Verano,Bosque cerrado perennifolio latifolio,1,1,0,0,,>30 m,834_gt2r_1238733,292532.9,5280051.8,BOSQUE_NW_02,operacional,SI,,2021-02-16,NO,1050.03,21.558,21.772,7.51,DESCARTADO
BOSQUE_NW_02(3),ATL08_20210216151542_08341009_007_01.h5,2021-02-16T15:15:42Z,gt2r,-71.5297622680664,-42.61006546020508,98723987.45822673,834.0,10.0,9.0,007,01,13518.0,1.0,1238768.0,1238772.0,889.8507690429688,,17.55120849609375,,19.8631591796875,4.725173473358154,,,,,,,74.0,5.0,114.0,1.0,0.0,0.0,0.0,0.0,2021,2,Verano,Bosque cerrado caducifolio latifolio,1,1,0,0,,10–20 m,834_gt2r_1238768,292498.4,5279383.0,BOSQUE_NW_02,operacional,SI,,2021-02-16,NO,871.67,21.574,21.787,-3.39,PASA
BOSQUE_NW_02(3),ATL08_20210216151542_08341009_007_01.h5,2021-02-16T15:15:42Z,gt2r,-71.52985382080078,-42.6109619140625,98723987.47226425,834.0,10.0,9.0,007,01,13518.0,1.0,1238773.0,1238777.0,917.704833984375,,10.22540283203125,,11.40869140625,2.6728153228759766,,,,,,,71.0,8.0,116.0,1.0,0.0,0.0,0.0,0.0,2021,2,Verano,Bosque cerrado desconocido,1,1,0,0,,10–20 m,834_gt2r_1238773,292493.9,5279283.2,BOSQUE_NW_02,operacional,SI,,2021-02-16,NO,894.72,21.576,21.789,1.41,PASA
BOSQUE_NW_02(3),ATL08_20210216151542_08341009_007_01.h5,2021-02-16T15:15:42Z,gt2r,-71.53010559082031,-42.613651275634766,98723987.51468219,834.0,10.0,9.0,007,01,13518.0,1.0,1238788.0,1238792.0,990.66943359375,29.039098739624023,8.21624755859375,14.914216041564941,12.00335693359375,1.8528774976730347,,,,,,,72.0,34.0,126.0,1.0,0.0,0.0,0.0,0.0,2021,2,Verano,Bosque abierto desconocido,1,1,1,1,1.8152101595290273,5–10 m,834_gt2r_1238788,292482.2,5278983.9,BOSQUE_NW_02,operacional,SI,,2021-02-16,NO,967.76,21.583,21.796,1.33,PASA
BOSQUE_NW_02(3),ATL08_20210216151542_08341009_007_01.h5,2021-02-16T15:15:42Z,gt2r,-71.53018951416016,-42.61454772949219,98723987.52872689,834.0,10.0,9.0,007,01,13518.0,1.0,1238793.0,1238797.0,1014.8613891601562,50.703407287597656,7.0859375,18.92404556274414,10.44439697265625,1.8307963609695435,,,,,,,93.0,20.0,126.0,1.0,0.0,0.0,0.0,0.0,2021,2,Verano,Bosque abierto desconocido,1,1,1,1,2.6706481058778944,5–10 m,834_gt2r_1238793,292478.3,5278884.2,BOSQUE_NW_02,operacional,SI,,2021-02-16,NO,993.92,21.585,21.798,-0.64,PASA
BOSQUE_NW_02(3),ATL08_20210216151542_08341009_007_01.h5,2021-02-16T15:15:42Z,gt2r,-71.53044128417969,-42.61724090576172,98723987.57078978,834.0,10.0,9.0,007,01,13518.0,1.0,1238808.0,1238812.0,1070.530517578125,,17.458251953125,,18.816162109375,5.265182971954346,,,,,,,49.0,8.0,116.0,1.0,0.0,0.0,0.0,0.0,2021,2,Verano,Bosque cerrado desconocido,1,1,0,0,,10–20 m,834_gt2r_1238808,292466.6,5278584.5,BOSQUE_NW_02,operacional,SI,,2021-02-16,NO,1047.19,21.592,21.806,1.75,PASA
BOSQUE_NW_02(3),ATL08_20210216151542_08341009_007_01.h5,2021-02-16T15:15:42Z,gt2r,-71.53053283691406,-42.61813735961914,98723987.58497527,834.0,10.0,9.0,007,01,13518.0,1.0,1238813.0,1238817.0,1059.6363525390625,44.2344856262207,10.48095703125,14.896475791931152,12.7862548828125,2.765535831451416,,,,,,,81.0,24.0,112.0,1.0,0.0,0.0,0.0,0.0,2021,2,Verano,Bosque cerrado perennifolio latifolio,1,1,1,1,1.4212896539424644,10–20 m,834_gt2r_1238813,292462.0,5278484.7,BOSQUE_NW_02,operacional,SI,,2021-02-16,NO,1036.76,21.594,21.809,1.28,PASA
BOSQUE_NW_02(3),ATL08_20210216151542_08341009_007_01.h5,2021-02-16T15:15:42Z,gt2r,-71.53092193603516,-42.622623443603516,98723987.65542546,834.0,10.0,9.0,007,01,13518.0,1.0,1238838.0,1238841.0,1297.4937744140625,,18.0638427734375,,18.8709716796875,3.806164264678955,,,,,,,98.0,8.0,20.0,1.0,0.0,0.0,0.0,0.0,2021,2,Verano,Arbustos,1,1,0,0,,10–20 m,834_gt2r_1238838,292445.0,5277985.5,BOSQUE_NW_02,operacional,SI,,2021-02-16,NO,1280.12,21.606,21.824,-4.24,PASA
BOSQUE_NW_02(3),ATL08_20210216151542_08341009_007_01.h5,2021-02-16T15:15:42Z,gt2r,-71.53116607666016,-42.62531661987305,98723987.69776708,834.0,10.0,9.0,007,01,13518.0,1.0,1238853.0,1238857.0,1363.3338623046875,,17.5146484375,,18.091552734375,3.911374807357788,,,,,,,76.0,8.0,116.0,1.0,0.0,0.0,0.0,0.0,2021,2,Verano,Bosque cerrado desconocido,1,1,0,0,,10–20 m,834_gt2r_1238853,292434.0,5277685.9,BOSQUE_NW_02,operacional,SI,,2021-02-16,NO,1338.71,21.612,21.834,3.02,PASA
BOSQUE_NW_02(3),ATL08_20210216151542_08341009_007_01.h5,2021-02-16T15:15:42Z,gt2r,-71.5313491821289,-42.62710952758789,98723987.72579198,834.0,10.0,9.0,007,01,13518.0,1.0,1238863.0,1238867.0,1363.20751953125,,19.0296630859375,,20.2706298828125,4.9635114669799805,,,,,,,76.0,7.0,112.0,1.0,0.0,0.0,0.0,0.0,2021,2,Verano,Bosque cerrado perennifolio latifolio,1,1,0,0,,10–20 m,834_gt2r_1238863,292424.9,5277486.3,BOSQUE_NW_02,operacional,SI,,2021-02-16,NO,1345.96,21.616,21.840,-4.37,PASA
BOSQUE_NW_02(3),ATL08_20210216151542_08341009_007_01.h5,2021-02-16T15:15:42Z,gt2r,-71.53153228759766,-42.628902435302734,98723987.75412457,834.0,10.0,9.0,007,01,13518.0,1.0,1238873.0,1238877.0,1346.11083984375,46.369537353515625,14.80712890625,37.472381591796875,15.1458740234375,4.393111705780029,,,,,,,80.0,29.0,112.0,1.0,0.0,0.0,0.0,0.0,2021,2,Verano,Bosque cerrado perennifolio latifolio,1,1,1,1,2.5306986809563066,10–20 m,834_gt2r_1238873,292415.9,5277286.8,BOSQUE_NW_02,operacional,SI,,2021-02-16,NO,1323.37,21.620,21.846,1.13,PASA
BOSQUE_NW_02(3),ATL08_20210216151542_08341009_007_01.h5,2021-02-16T15:15:42Z,gt2r,-71.53172302246094,-42.63069534301758,98723987.78228842,834.0,10.0,9.0,007,01,13518.0,1.0,1238883.0,1238887.0,1305.594970703125,,24.41064453125,,25.98876953125,4.868778705596924,,,,,,,54.0,5.0,112.0,1.0,0.0,0.0,0.0,0.0,2021,2,Verano,Bosque cerrado perennifolio latifolio,1,1,0,0,,20–30 m,834_gt2r_1238883,292406.2,5277087.2,BOSQUE_NW_02,operacional,SI,,2021-02-16,NO,1286.66,21.624,21.852,-2.69,PASA
BOSQUE_NW_02(3),ATL08_20210216151542_08341009_007_01.h5,2021-02-16T15:15:42Z,gt2r,-71.53191375732422,-42.632484436035156,98723987.81054193,834.0,10.0,9.0,007,01,13518.0,1.0,1238893.0,1238897.0,1221.069580078125,,22.0958251953125,,23.290283203125,5.045796871185303,,,,,,,103.0,7.0,112.0,1.0,0.0,0.0,0.0,0.0,2021,2,Verano,Bosque cerrado perennifolio latifolio,1,1,0,0,,20–30 m,834_gt2r_1238893,292396.5,5276888.0,BOSQUE_NW_02,operacional,SI,,2021-02-16,NO,1197.28,21.628,21.859,2.16,PASA
BOSQUE_NW_02(3),ATL08_20210216151542_08341009_007_01.h5,2021-02-16T15:15:42Z,gt2r,-71.53201293945312,-42.63338088989258,98723987.82467586,834.0,10.0,9.0,007,01,13518.0,1.0,1238898.0,1238902.0,1197.77685546875,,18.75,,20.419921875,4.334970474243164,,,,,,,70.0,2.0,112.0,1.0,0.0,0.0,0.0,0.0,2021,2,Verano,Bosque cerrado perennifolio latifolio,1,1,0,0,,10–20 m,834_gt2r_1238898,292391.3,5276788.3,BOSQUE_NW_02,operacional,SI,,2021-02-16,NO,1181.19,21.630,21.862,-5.04,DESCARTADO
BOSQUE_NW_02(3),ATL08_20210216151542_08341009_007_01.h5,2021-02-16T15:15:42Z,gt2r,-71.5321044921875,-42.63427734375,98723987.83869576,834.0,10.0,9.0,007,01,13518.0,1.0,1238903.0,1238907.0,1194.439208984375,,20.254150390625,,26.496826171875,4.140315532684326,,,,,,,82.0,7.0,112.0,1.0,0.0,0.0,0.0,0.0,2021,2,Verano,Bosque cerrado perennifolio latifolio,1,1,0,0,,20–30 m,834_gt2r_1238903,292386.8,5276688.5,BOSQUE_NW_02,operacional,SI,,2021-02-16,NO,1169.57,21.632,21.865,3.24,PASA
BOSQUE_NW_02(3),ATL08_20210216151542_08341009_007_01.h5,2021-02-16T15:15:42Z,gt2r,-71.53366088867188,-42.64952087402344,98723988.07836318,834.0,10.0,9.0,007,01,13518.0,1.0,1238988.0,1238992.0,1342.358154296875,103.10320281982422,23.9151611328125,45.45128631591797,24.0670166015625,5.199029445648193,,,,,,,102.0,13.0,112.0,1.0,0.0,0.0,0.0,0.0,2021,2,Verano,Bosque cerrado perennifolio latifolio,1,1,1,1,1.900521851536141,20–30 m,834_gt2r_1238988,292309.9,5274991.9,BOSQUE_NW_02,operacional,SI,,2021-02-16,NO,1322.98,21.666,21.912,-2.28,PASA
BOSQUE_NW_02(3),ATL08_20210216151542_08341009_007_01.h5,2021-02-16T15:15:42Z,gt2r,-71.53376007080078,-42.650413513183594,98723988.09237951,834.0,10.0,9.0,007,01,13518.0,1.0,1238993.0,1238997.0,1350.4537353515625,,21.0277099609375,,22.9251708984375,4.863772869110107,,,,,,,113.0,8.0,112.0,1.0,0.0,0.0,0.0,0.0,2021,2,Verano,Bosque cerrado perennifolio latifolio,1,1,0,0,,20–30 m,834_gt2r_1238993,292304.8,5274892.5,BOSQUE_NW_02,operacional,SI,,2021-02-16,NO,1341.83,21.668,21.915,-13.04,DESCARTADO
BOSQUE_NW_02(3),ATL08_20210216151542_08341009_007_01.h5,2021-02-16T15:15:42Z,gt2r,-71.53427124023438,-42.65489196777344,98723988.16278137,834.0,10.0,9.0,007,01,13518.0,1.0,1239018.0,1239022.0,1339.3623046875,,23.5228271484375,,26.9925537109375,6.3373823165893555,,,,,,,82.0,5.0,112.0,1.0,0.0,0.0,0.0,0.0,2021,2,Verano,Bosque cerrado perennifolio latifolio,1,1,0,0,,20–30 m,834_gt2r_1239018,292277.8,5274393.9,BOSQUE_NW_02,operacional,SI,,2021-02-16,NO,1318.05,21.677,21.924,-0.37,PASA
BOSQUE_NW_02(3),ATL08_20210216151542_08341009_007_01.h5,2021-02-16T15:15:42Z,gt2r,-71.53471374511719,-42.65847396850586,98723988.21926129,834.0,10.0,9.0,007,01,13518.0,1.0,1239038.0,1239042.0,1238.315673828125,,28.7147216796875,,30.0841064453125,7.737541675567627,,,,,,,113.0,9.0,112.0,1.0,0.0,0.0,0.0,0.0,2021,2,Verano,Bosque cerrado perennifolio latifolio,1,1,0,0,,20–30 m,834_gt2r_1239038,292253.5,5273995.0,BOSQUE_NW_02,operacional,SI,,2021-02-16,NO,1217.20,21.685,21.932,-0.57,PASA
BOSQUE_NW_02(3),ATL08_20210216151542_08341009_007_01.h5,2021-02-16T15:15:42Z,gt2r,-71.53482818603516,-42.65937042236328,98723988.23340812,834.0,10.0,9.0,007,01,13518.0,1.0,1239043.0,1239047.0,1207.5865478515625,,33.095947265625,,36.68310546875,6.759809970855713,,,,,,,75.0,8.0,112.0,1.0,0.0,0.0,0.0,0.0,2021,2,Verano,Bosque cerrado perennifolio latifolio,1,1,0,0,,>30 m,834_gt2r_1239043,292247.1,5273895.2,BOSQUE_NW_02,operacional,SI,,2021-02-16,NO,1185.48,21.687,21.934,0.42,PASA
BOSQUE_NW_02(3),ATL08_20210216151542_08341009_007_01.h5,2021-02-16T15:15:42Z,gt2r,-71.53494262695312,-42.66026306152344,98723988.2473258,834.0,10.0,9.0,007,01,13518.0,1.0,1239048.0,1239052.0,1184.969482421875,,22.52880859375,,25.70556640625,5.490067005157471,,,,,,,81.0,3.0,112.0,1.0,0.0,0.0,0.0,0.0,2021,2,Verano,Bosque cerrado perennifolio latifolio,1,1,0,0,,20–30 m,834_gt2r_1239048,292240.7,5273795.8,BOSQUE_NW_02,operacional,SI,,2021-02-16,NO,1159.19,21.689,21.937,4.09,PASA
BOSQUE_NW_02(3),ATL08_20210216151542_08341009_007_01.h5,2021-02-16T15:15:42Z,gt2r,-71.53573608398438,-42.666526794433594,98723988.34607111,834.0,10.0,9.0,007,01,13518.0,1.0,1239083.0,1239087.0,1058.9998779296875,,11.7786865234375,,13.4979248046875,3.0772385597229004,,,,,,,67.0,6.0,20.0,1.0,0.0,0.0,0.0,0.0,2021,2,Verano,Arbustos,1,1,0,0,,10–20 m,834_gt2r_1239083,292196.5,5273098.2,BOSQUE_NW_02,operacional,SI,,2021-02-16,NO,1044.46,21.703,21.953,-7.16,DESCARTADO
BOSQUE_NW_02(3),ATL08_20210216151542_08341009_007_01.h5,2021-02-16T15:15:42Z,gt2r,-71.53680419921875,-42.67457962036133,98723988.47301345,834.0,10.0,9.0,007,01,13518.0,1.0,1239128.0,1239132.0,1107.07470703125,,11.4014892578125,,11.508544921875,2.488359212875366,,,,,,,72.0,3.0,116.0,1.0,0.0,0.0,0.0,0.0,2021,2,Verano,Bosque cerrado desconocido,1,1,0,0,,10–20 m,834_gt2r_1239128,292135.8,5272201.3,BOSQUE_NW_02,operacional,SI,,2021-02-16,NO,1084.66,21.716,21.962,0.70,PASA
BOSQUE_NW_02(3),ATL08_20210216151542_08341009_007_01.h5,2021-02-16T15:15:42Z,gt2r,-71.53692626953125,-42.675472259521484,98723988.48696652,834.0,10.0,9.0,007,01,13518.0,1.0,1239133.0,1239137.0,1108.1690673828125,,18.8499755859375,,19.338134765625,4.825998783111572,,,,,,,90.0,9.0,114.0,1.0,0.0,0.0,0.0,0.0,2021,2,Verano,Bosque cerrado caducifolio latifolio,1,1,0,0,,10–20 m,834_gt2r_1239133,292128.8,5272101.9,BOSQUE_NW_02,operacional,SI,,2021-02-16,NO,1092.78,21.718,21.963,-6.32,DESCARTADO
BOSQUE_NW_02(3),ATL08_20210216151542_08341009_007_01.h5,2021-02-16T15:15:42Z,gt2r,-71.53777313232422,-42.68173599243164,98723988.5856496,834.0,10.0,9.0,007,01,13518.0,1.0,1239168.0,1239172.0,1299.755126953125,,27.2430419921875,,29.1409912109375,7.411281585693359,,,,,,,92.0,7.0,116.0,1.0,0.0,0.0,0.0,0.0,2021,2,Verano,Bosque cerrado desconocido,1,1,0,0,,20–30 m,834_gt2r_1239168,292080.3,5271404.2,BOSQUE_NW_02,operacional,SI,,2021-02-16,NO,1293.28,21.728,21.967,-15.25,DESCARTADO
BOSQUE_NW_02(3),ATL08_20210216151542_08341009_007_01.h5,2021-02-16T15:15:42Z,gt3l,-71.56185913085938,-42.55790328979492,98723986.31296518,834.0,10.0,9.0,007,01,13518.0,1.0,1238492.0,1238496.0,704.069091796875,117.66683959960938,19.417724609375,50.37836456298828,20.6533203125,4.822307586669922,,,,,,,56.0,6.0,116.0,1.0,0.0,0.0,0.0,0.0,2021,2,Verano,Bosque cerrado desconocido,1,1,1,1,2.594452520902747,10–20 m,834_gt3l_1238492,289690.2,5285096.3,BOSQUE_NW_02,operacional,SI,,2021-02-16,NO,685.61,21.425,21.698,-2.97,PASA
BOSQUE_NW_02(3),ATL08_20210216151542_08341009_007_01.h5,2021-02-16T15:15:42Z,gt3l,-71.56273651123047,-42.56415939331055,98723986.41161405,834.0,10.0,9.0,007,01,13518.0,1.0,1238527.0,1238531.0,841.54150390625,105.87330627441406,26.427978515625,71.20265197753906,26.832275390625,6.970994472503662,,,,,,,64.0,8.0,126.0,1.0,0.0,0.0,0.0,0.0,2021,2,Verano,Bosque abierto desconocido,1,1,1,1,2.694214842631341,20–30 m,834_gt3l_1238527,289639.2,5284399.4,BOSQUE_NW_02,operacional,SI,,2021-02-16,NO,826.44,21.438,21.695,-6.34,DESCARTADO
BOSQUE_NW_02(3),ATL08_20210216151542_08341009_007_01.h5,2021-02-16T15:15:42Z,gt3l,-71.56299591064453,-42.565948486328125,98723986.43996385,834.0,10.0,9.0,007,01,13518.0,1.0,1238537.0,1238541.0,858.0134887695312,,20.37591552734375,,21.70697021484375,3.915001630783081,,,,,,,59.0,1.0,20.0,1.0,0.0,0.0,0.0,0.0,2021,2,Verano,Arbustos,1,1,0,0,,20–30 m,834_gt3l_1238537,289623.9,5284200.1,BOSQUE_NW_02,operacional,SI,,2021-02-16,NO,837.45,21.442,21.694,-0.88,PASA
BOSQUE_NW_02(3),ATL08_20210216151542_08341009_007_01.h5,2021-02-16T15:15:42Z,gt3l,-71.56353759765625,-42.569522857666016,98723986.4962242,834.0,10.0,9.0,007,01,13518.0,1.0,1238557.0,1238561.0,825.3504028320312,,23.0550537109375,,23.7025146484375,5.084008693695068,,,,,,,69.0,4.0,126.0,1.0,0.0,0.0,0.0,0.0,2021,2,Verano,Bosque abierto desconocido,1,1,0,0,,20–30 m,834_gt3l_1238557,289591.5,5283801.8,BOSQUE_NW_02,operacional,SI,,2021-02-16,NO,803.42,21.449,21.693,0.48,PASA
BOSQUE_NW_02(3),ATL08_20210216151542_08341009_007_01.h5,2021-02-16T15:15:42Z,gt3l,-71.56367492675781,-42.57041549682617,98723986.51027587,834.0,10.0,9.0,007,01,13518.0,1.0,1238562.0,1238566.0,832.5767822265625,,22.667236328125,,23.17877197265625,5.024228572845459,,,,,,,70.0,5.0,126.0,1.0,0.0,0.0,0.0,0.0,2021,2,Verano,Bosque abierto desconocido,1,1,0,0,,20–30 m,834_gt3l_1238562,289583.2,5283702.3,BOSQUE_NW_02,operacional,SI,,2021-02-16,NO,815.54,21.451,21.693,-4.42,PASA
BOSQUE_NW_02(3),ATL08_20210216151542_08341009_007_01.h5,2021-02-16T15:15:42Z,gt3l,-71.56379699707031,-42.57130813598633,98723986.52436393,834.0,10.0,9.0,007,01,13518.0,1.0,1238567.0,1238570.0,849.0611572265625,,18.63507080078125,,18.68609619140625,4.134479999542236,,,,,,,49.0,4.0,116.0,1.0,0.0,0.0,0.0,0.0,2021,2,Verano,Bosque cerrado desconocido,1,1,0,0,,10–20 m,834_gt3l_1238567,289576.2,5283602.9,BOSQUE_NW_02,operacional,SI,,2021-02-16,NO,828.45,21.453,21.693,-0.84,PASA
BOSQUE_NW_02(3),ATL08_20210216151542_08341009_007_01.h5,2021-02-16T15:15:42Z,gt3l,-71.56404876708984,-42.573097229003906,98723986.55263071,834.0,10.0,9.0,007,01,13518.0,1.0,1238577.0,1238581.0,895.0354614257812,,23.26043701171875,,23.26043701171875,6.938268184661865,,,,,,,36.0,5.0,112.0,1.0,0.0,0.0,0.0,0.0,2021,2,Verano,Bosque cerrado perennifolio latifolio,1,1,0,0,,20–30 m,834_gt3l_1238577,289561.5,5283403.6,BOSQUE_NW_02,operacional,SI,,2021-02-16,NO,877.53,21.457,21.693,-3.95,PASA
BOSQUE_NW_02(3),ATL08_20210216151542_08341009_007_01.h5,2021-02-16T15:15:42Z,gt3l,-71.5644302368164,-42.57577896118164,98723986.59497945,834.0,10.0,9.0,007,01,13518.0,1.0,1238592.0,1238596.0,960.5310668945312,60.20433807373047,22.8336181640625,65.55155181884766,24.8258056640625,6.731318950653076,,,,,,,54.0,16.0,30.0,1.0,0.0,0.0,0.0,0.0,2021,2,Verano,Herbáceas,1,1,1,1,2.870835070808808,20–30 m,834_gt3l_1238592,289539.2,5283104.8,BOSQUE_NW_02,operacional,SI,,2021-02-16,NO,941.42,21.462,21.693,-2.36,PASA
BOSQUE_NW_02(3),ATL08_20210216151542_08341009_007_01.h5,2021-02-16T15:15:42Z,gt3l,-71.56481170654297,-42.57838439941406,98723986.63428688,834.0,10.0,9.0,007,01,13518.0,1.0,1238607.0,1238608.0,1012.5042114257812,,22.0897216796875,,22.0897216796875,4.964566707611084,,,,,,,24.0,4.0,20.0,1.0,0.0,0.0,0.0,0.0,2021,2,Verano,Arbustos,1,1,0,0,,20–30 m,834_gt3l_1238607,289516.7,5282814.5,BOSQUE_NW_02,operacional,SI,,2021-02-16,NO,1000.25,21.467,21.693,-9.21,DESCARTADO
BOSQUE_NW_02(3),ATL08_20210216151542_08341009_007_01.h5,2021-02-16T15:15:42Z,gt3l,-71.5650634765625,-42.58024978637695,98723986.66545404,834.0,10.0,9.0,007,01,13518.0,1.0,1238617.0,1238621.0,1093.5506591796875,,25.487548828125,,25.878173828125,6.646920204162598,,,,,,,76.0,4.0,126.0,1.0,0.0,0.0,0.0,0.0,2021,2,Verano,Bosque abierto desconocido,1,1,0,0,,20–30 m,834_gt3l_1238617,289502.3,5282606.8,BOSQUE_NW_02,operacional,SI,,2021-02-16,NO,1073.92,21.471,21.693,-1.84,PASA
BOSQUE_NW_02(3),ATL08_20210216151542_08341009_007_01.h5,2021-02-16T15:15:42Z,gt3l,-71.5654525756836,-42.58293151855469,98723986.70776422,834.0,10.0,9.0,007,01,13518.0,1.0,1238632.0,1238635.0,1150.9169921875,,26.16455078125,,26.16455078125,6.0124077796936035,,,,,,,29.0,3.0,116.0,1.0,0.0,0.0,0.0,0.0,2021,2,Verano,Bosque cerrado desconocido,1,1,0,0,,20–30 m,834_gt3l_1238632,289479.4,5282308.0,BOSQUE_NW_02,operacional,SI,,2021-02-16,NO,1135.73,21.476,21.692,-6.29,DESCARTADO
BOSQUE_NW_02(3),ATL08_20210216151542_08341009_007_01.h5,2021-02-16T15:15:42Z,gt3l,-71.56610870361328,-42.587398529052734,98723986.77827427,834.0,10.0,9.0,007,01,13518.0,1.0,1238657.0,1238661.0,1200.1199951171875,,20.066650390625,,20.066650390625,4.849145889282227,,,,,,,25.0,1.0,116.0,1.0,0.0,0.0,0.0,0.0,2021,2,Verano,Bosque cerrado desconocido,1,1,0,0,,20–30 m,834_gt3l_1238657,289440.6,5281810.3,BOSQUE_NW_02,operacional,SI,,2021-02-16,NO,1174.52,21.485,21.697,4.11,PASA
BOSQUE_NW_02(3),ATL08_20210216151542_08341009_007_01.h5,2021-02-16T15:15:42Z,gt3l,-71.56664276123047,-42.590972900390625,98723986.83461861,834.0,10.0,9.0,007,01,13518.0,1.0,1238677.0,1238681.0,1198.9638671875,,23.260986328125,,23.260986328125,6.839642524719238,,,,,,,38.0,5.0,116.0,1.0,0.0,0.0,0.0,0.0,2021,2,Verano,Bosque cerrado desconocido,1,1,0,0,,20–30 m,834_gt3l_1238677,289408.8,5281412.0,BOSQUE_NW_02,operacional,SI,,2021-02-16,NO,1172.18,21.492,21.701,5.29,DESCARTADO
BOSQUE_NW_02(3),ATL08_20210216151542_08341009_007_01.h5,2021-02-16T15:15:42Z,gt3l,-71.56675720214844,-42.59186935424805,98723986.84869674,834.0,10.0,9.0,007,01,13518.0,1.0,1238682.0,1238686.0,1215.4410400390625,,22.4195556640625,,22.4195556640625,6.046877384185791,,,,,,,30.0,5.0,116.0,1.0,0.0,0.0,0.0,0.0,2021,2,Verano,Bosque cerrado desconocido,1,1,0,0,,20–30 m,834_gt3l_1238682,289402.5,5281312.2,BOSQUE_NW_02,operacional,SI,,2021-02-16,NO,1191.62,21.493,21.702,2.33,PASA
BOSQUE_NW_02(3),ATL08_20210216151542_08341009_007_01.h5,2021-02-16T15:15:42Z,gt3l,-71.56855773925781,-42.60528564453125,98723987.06030415,834.0,10.0,9.0,007,01,13518.0,1.0,1238757.0,1238761.0,1517.8245849609375,,22.3599853515625,,24.208984375,5.450663089752197,,,,,,,41.0,3.0,30.0,1.0,0.0,0.0,0.0,0.0,2021,2,Verano,Herbáceas,1,1,0,0,,20–30 m,834_gt3l_1238757,289300.0,5279817.8,BOSQUE_NW_02,operacional,SI,,2021-02-16,NO,1500.56,21.518,21.733,-4.25,PASA
BOSQUE_NW_02(3),ATL08_20210216151542_08341009_007_01.h5,2021-02-16T15:15:42Z,gt3l,-71.56867218017578,-42.60618209838867,98723987.07435359,834.0,10.0,9.0,007,01,13518.0,1.0,1238762.0,1238766.0,1520.8431396484375,,27.729736328125,,28.1795654296875,6.233897686004639,,,,,,,66.0,4.0,30.0,1.0,0.0,0.0,0.0,0.0,2021,2,Verano,Herbáceas,1,1,0,0,,20–30 m,834_gt3l_1238762,289293.6,5279718.0,BOSQUE_NW_02,operacional,SI,,2021-02-16,NO,1503.26,21.519,21.737,-3.93,PASA
BOSQUE_NW_02(3),ATL08_20210216151542_08341009_007_01.h5,2021-02-16T15:15:42Z,gt3l,-71.56903839111328,-42.608863830566406,98723987.1165571,834.0,10.0,9.0,007,01,13518.0,1.0,1238777.0,1238781.0,1472.3759765625,,22.42138671875,,22.42138671875,5.552493095397949,,,,,,,39.0,4.0,112.0,1.0,0.0,0.0,0.0,0.0,2021,2,Verano,Bosque cerrado perennifolio latifolio,1,1,0,0,,20–30 m,834_gt3l_1238777,289272.6,5279419.3,BOSQUE_NW_02,operacional,SI,,2021-02-16,NO,1446.61,21.524,21.748,4.25,PASA
BOSQUE_NW_02(3),ATL08_20210216151542_08341009_007_01.h5,2021-02-16T15:15:42Z,gt3l,-71.56916046142578,-42.60967254638672,98723987.12789547,834.0,10.0,9.0,007,01,13518.0,1.0,1238782.0,1238783.0,1414.746826171875,,33.887451171875,,33.887451171875,9.052106857299805,,,,,,,27.0,3.0,112.0,1.0,0.0,0.0,0.0,0.0,2021,2,Verano,Bosque cerrado perennifolio latifolio,1,1,0,0,,>30 m,834_gt3l_1238782,289265.3,5279329.2,BOSQUE_NW_02,operacional,SI,,2021-02-16,NO,1419.46,21.525,21.751,-26.24,DESCARTADO
BOSQUE_NW_02(3),ATL08_20210216151542_08341009_007_01.h5,2021-02-16T15:15:42Z,gt3l,-71.56974792480469,-42.61423110961914,98723987.20115905,834.0,10.0,9.0,007,01,13518.0,1.0,1238807.0,1238811.0,1363.732421875,,23.82470703125,,23.82470703125,5.010820388793945,,,,,,,33.0,4.0,112.0,1.0,0.0,0.0,0.0,0.0,2021,2,Verano,Bosque cerrado perennifolio latifolio,1,1,0,0,,20–30 m,834_gt3l_1238807,289232.5,5278821.5,BOSQUE_NW_02,operacional,SI,,2021-02-16,NO,1346.53,21.533,21.769,-4.33,PASA
BOSQUE_NW_02(3),ATL08_20210216151542_08341009_007_01.h5,2021-02-16T15:15:42Z,gt3l,-71.57006072998047,-42.61691665649414,98723987.24337755,834.0,10.0,9.0,007,01,13518.0,1.0,1238822.0,1238825.0,1347.2296142578125,,19.013916015625,,19.013916015625,4.108432769775391,,,,,,,33.0,1.0,112.0,1.0,0.0,0.0,0.0,0.0,2021,2,Verano,Bosque cerrado perennifolio latifolio,1,1,0,0,,10–20 m,834_gt3l_1238822,289215.9,5278522.5,BOSQUE_NW_02,operacional,SI,,2021-02-16,NO,1327.08,21.538,21.779,-1.39,PASA
BOSQUE_NW_02(3),ATL08_20210216151542_08341009_007_01.h5,2021-02-16T15:15:42Z,gt3l,-71.57049560546875,-42.62049865722656,98723987.29972146,834.0,10.0,9.0,007,01,13518.0,1.0,1238842.0,1238846.0,1299.3060302734375,,23.18115234375,,24.2611083984375,6.328582763671875,,,,,,,61.0,4.0,112.0,1.0,0.0,0.0,0.0,0.0,2021,2,Verano,Bosque cerrado perennifolio latifolio,1,1,0,0,,20–30 m,834_gt3l_1238842,289192.3,5278123.6,BOSQUE_NW_02,operacional,SI,,2021-02-16,NO,1287.39,21.544,21.791,-9.63,DESCARTADO
BOSQUE_NW_02(3),ATL08_20210216151542_08341009_007_01.h5,2021-02-16T15:15:42Z,gt3l,-71.57059478759766,-42.621395111083984,98723987.31378499,834.0,10.0,9.0,007,01,13518.0,1.0,1238847.0,1238851.0,1299.29833984375,,26.1005859375,,27.7293701171875,6.149871826171875,,,,,,,45.0,5.0,114.0,1.0,0.0,0.0,0.0,0.0,2021,2,Verano,Bosque cerrado caducifolio latifolio,1,1,0,0,,20–30 m,834_gt3l_1238847,289187.2,5278023.8,BOSQUE_NW_02,operacional,SI,,2021-02-16,NO,1279.53,21.545,21.794,-1.77,PASA
BOSQUE_NW_02(3),ATL08_20210216151542_08341009_007_01.h5,2021-02-16T15:15:42Z,gt3l,-71.5707015991211,-42.622291564941406,98723987.3279108,834.0,10.0,9.0,007,01,13518.0,1.0,1238852.0,1238856.0,1281.64453125,85.56282806396484,20.4835205078125,83.0150375366211,20.4835205078125,5.341432571411133,,,,,,,36.0,15.0,112.0,1.0,0.0,0.0,0.0,0.0,2021,2,Verano,Bosque cerrado perennifolio latifolio,1,1,1,1,4.052771959046728,20–30 m,834_gt3l_1238852,289181.5,5277924.0,BOSQUE_NW_02,operacional,SI,,2021-02-16,NO,1256.93,21.547,21.797,3.16,PASA
BOSQUE_NW_02(3),ATL08_20210216151542_08341009_007_01.h5,2021-02-16T15:15:42Z,gt3l,-71.57079315185547,-42.62318801879883,98723987.34207995,834.0,10.0,9.0,007,01,13518.0,1.0,1238857.0,1238859.0,1280.9107666015625,,20.7550048828125,,20.7550048828125,5.848030090332031,,,,,,,26.0,2.0,112.0,1.0,0.0,0.0,0.0,0.0,2021,2,Verano,Bosque cerrado perennifolio latifolio,1,1,0,0,,20–30 m,834_gt3l_1238857,289177.0,5277824.2,BOSQUE_NW_02,operacional,SI,,2021-02-16,NO,1265.88,21.549,21.800,-6.52,DESCARTADO
BOSQUE_NW_02(3),ATL08_20210216151542_08341009_007_01.h5,2021-02-16T15:15:42Z,gt3l,-71.5708999633789,-42.62408447265625,98723987.3561701,834.0,10.0,9.0,007,01,13518.0,1.0,1238862.0,1238866.0,1283.7149658203125,,21.2738037109375,,23.459228515625,5.014049530029297,,,,,,,53.0,5.0,112.0,1.0,0.0,0.0,0.0,0.0,2021,2,Verano,Bosque cerrado perennifolio latifolio,1,1,0,0,,20–30 m,834_gt3l_1238862,289171.3,5277724.4,BOSQUE_NW_02,operacional,SI,,2021-02-16,NO,1263.31,21.550,21.803,-1.14,PASA
BOSQUE_NW_02(3),ATL08_20210216151542_08341009_007_01.h5,2021-02-16T15:15:42Z,gt3l,-71.57099914550781,-42.624977111816406,98723987.3702006,834.0,10.0,9.0,007,01,13518.0,1.0,1238867.0,1238871.0,1269.9627685546875,211.35643005371094,14.8212890625,180.47769165039062,14.8212890625,3.585512399673462,,,,,,,27.0,6.0,112.0,1.0,0.0,0.0,0.0,0.0,2021,2,Verano,Bosque cerrado perennifolio latifolio,1,1,1,1,12.176922728470712,10–20 m,834_gt3l_1238867,289166.2,5277625.0,BOSQUE_NW_02,operacional,SI,,2021-02-16,NO,1247.89,21.552,21.806,0.52,PASA
BOSQUE_NW_02(3),ATL08_20210216151542_08341009_007_01.h5,2021-02-16T15:15:42Z,gt3l,-71.57140350341797,-42.628562927246094,98723987.42662188,834.0,10.0,9.0,007,01,13518.0,1.0,1238887.0,1238890.0,1202.3787841796875,,20.65283203125,,20.65283203125,5.28007173538208,,,,,,,31.0,2.0,112.0,1.0,0.0,0.0,0.0,0.0,2021,2,Verano,Bosque cerrado perennifolio latifolio,1,1,0,0,,20–30 m,834_gt3l_1238887,289145.1,5277225.8,BOSQUE_NW_02,operacional,SI,,2021-02-16,NO,1182.14,21.558,21.818,-1.32,PASA
BOSQUE_NW_02(3),ATL08_20210216151542_08341009_007_01.h5,2021-02-16T15:15:42Z,gt3l,-71.57159423828125,-42.63035583496094,98723987.45472515,834.0,10.0,9.0,007,01,13518.0,1.0,1238897.0,1238901.0,1191.030029296875,,21.298828125,,21.298828125,6.672791957855225,,,,,,,29.0,5.0,112.0,1.0,0.0,0.0,0.0,0.0,2021,2,Verano,Bosque cerrado perennifolio latifolio,1,1,0,0,,20–30 m,834_gt3l_1238897,289135.5,5277026.2,BOSQUE_NW_02,operacional,SI,,2021-02-16,NO,1178.09,21.562,21.824,-8.62,DESCARTADO
BOSQUE_NW_02(3),ATL08_20210216151542_08341009_007_01.h5,2021-02-16T15:15:42Z,gt3l,-71.57168579101562,-42.63125228881836,98723987.46881863,834.0,10.0,9.0,007,01,13518.0,1.0,1238902.0,1238906.0,1183.9228515625,,20.55078125,,22.4190673828125,6.135085105895996,,,,,,,47.0,3.0,112.0,1.0,0.0,0.0,0.0,0.0,2021,2,Verano,Bosque cerrado perennifolio latifolio,1,1,0,0,,20–30 m,834_gt3l_1238902,289131.1,5276926.4,BOSQUE_NW_02,operacional,SI,,2021-02-16,NO,1169.69,21.564,21.827,-7.33,DESCARTADO
BOSQUE_NW_02(3),ATL08_20210216151542_08341009_007_01.h5,2021-02-16T15:15:42Z,gt3l,-71.57205963134766,-42.63483810424805,98723987.52524507,834.0,10.0,9.0,007,01,13518.0,1.0,1238922.0,1238926.0,1149.500244140625,,29.082275390625,,30.1744384765625,7.256036758422852,,,,,,,60.0,3.0,112.0,1.0,0.0,0.0,0.0,0.0,2021,2,Verano,Bosque cerrado perennifolio latifolio,1,1,0,0,,20–30 m,834_gt3l_1238922,289112.5,5276527.3,BOSQUE_NW_02,operacional,SI,,2021-02-16,NO,1136.96,21.571,21.839,-9.03,DESCARTADO
BOSQUE_NW_02(3),ATL08_20210216151542_08341009_007_01.h5,2021-02-16T15:15:42Z,gt3l,-71.5722427368164,-42.63663101196289,98723987.55337553,834.0,10.0,9.0,007,01,13518.0,1.0,1238932.0,1238936.0,1126.421875,,27.0,,27.95166015625,6.561394214630127,,,,,,,43.0,4.0,112.0,1.0,0.0,0.0,0.0,0.0,2021,2,Verano,Bosque cerrado perennifolio latifolio,1,1,0,0,,20–30 m,834_gt3l_1238932,289103.6,5276327.7,BOSQUE_NW_02,operacional,SI,,2021-02-16,NO,1107.12,21.574,21.845,-2.28,PASA
BOSQUE_NW_02(3),ATL08_20210216151542_08341009_007_01.h5,2021-02-16T15:15:42Z,gt3l,-71.57271575927734,-42.64111328125,98723987.62381615,834.0,10.0,9.0,007,01,13518.0,1.0,1238957.0,1238961.0,1054.6287841796875,,24.7413330078125,,24.7413330078125,6.150834560394287,,,,,,,25.0,3.0,116.0,1.0,0.0,0.0,0.0,0.0,2021,2,Verano,Bosque cerrado desconocido,1,1,0,0,,20–30 m,834_gt3l_1238957,289079.9,5275828.8,BOSQUE_NW_02,operacional,SI,,2021-02-16,NO,1036.76,21.583,21.860,-3.71,PASA
BOSQUE_NW_02(3),ATL08_20210216151542_08341009_007_01.h5,2021-02-16T15:15:42Z,gt3l,-71.57280731201172,-42.64200973510742,98723987.63792685,834.0,10.0,9.0,007,01,13518.0,1.0,1238962.0,1238966.0,1052.33203125,,24.7437744140625,,26.5545654296875,6.063396453857422,,,,,,,58.0,4.0,116.0,1.0,0.0,0.0,0.0,0.0,2021,2,Verano,Bosque cerrado desconocido,1,1,0,0,,20–30 m,834_gt3l_1238962,289075.4,5275729.0,BOSQUE_NW_02,operacional,SI,,2021-02-16,NO,1035.05,21.584,21.862,-4.30,PASA
BOSQUE_NW_02(3),ATL08_20210216151542_08341009_007_01.h5,2021-02-16T15:15:42Z,gt3l,-71.57299041748047,-42.643802642822266,98723987.66607,834.0,10.0,9.0,007,01,13518.0,1.0,1238972.0,1238976.0,1039.0030517578125,148.4755096435547,22.08447265625,123.61209869384766,22.08447265625,5.240657806396484,,,,,,,42.0,7.0,116.0,1.0,0.0,0.0,0.0,0.0,2021,2,Verano,Bosque cerrado desconocido,1,1,1,1,5.597240224745185,20–30 m,834_gt3l_1238972,289066.5,5275529.5,BOSQUE_NW_02,operacional,SI,,2021-02-16,NO,1023.55,21.588,21.868,-6.13,DESCARTADO
BOSQUE_NW_02(3),ATL08_20210216151542_08341009_007_01.h5,2021-02-16T15:15:42Z,gt3l,-71.5732421875,-42.64649200439453,98723987.7083079,834.0,10.0,9.0,007,01,13518.0,1.0,1238987.0,1238991.0,1066.6986083984375,,25.99267578125,,26.5806884765625,7.828237533569336,,,,,,,54.0,5.0,126.0,1.0,0.0,0.0,0.0,0.0,2021,2,Verano,Bosque abierto desconocido,1,1,0,0,,20–30 m,834_gt3l_1238987,289054.9,5275230.2,BOSQUE_NW_02,operacional,SI,,2021-02-16,NO,1054.91,21.593,21.877,-9.80,DESCARTADO
BOSQUE_NW_02(3),ATL08_20210216151542_08341009_007_01.h5,2021-02-16T15:15:42Z,gt3l,-71.5732192993164,-42.647396087646484,98723987.72262129,834.0,10.0,9.0,007,01,13518.0,1.0,1238992.0,1238996.0,1080.3558349609375,,30.0728759765625,,30.1356201171875,7.003262519836426,,,,,,,50.0,4.0,116.0,1.0,0.0,0.0,0.0,0.0,2021,2,Verano,Bosque cerrado desconocido,1,1,0,0,,>30 m,834_gt3l_1238992,289059.9,5275129.8,BOSQUE_NW_02,operacional,SI,,2021-02-16,NO,1062.81,21.595,21.880,-4.05,PASA
BOSQUE_NW_02(3),ATL08_20210216151542_08341009_007_01.h5,2021-02-16T15:15:42Z,gt3l,-71.57341766357422,-42.648284912109375,98723987.73657462,834.0,10.0,9.0,007,01,13518.0,1.0,1238997.0,1239001.0,1082.3753662109375,,31.4530029296875,,31.717529296875,7.159292221069336,,,,,,,48.0,5.0,116.0,1.0,0.0,0.0,0.0,0.0,2021,2,Verano,Bosque cerrado desconocido,1,1,0,0,,>30 m,834_gt3l_1238997,289046.6,5275030.6,BOSQUE_NW_02,operacional,SI,,2021-02-16,NO,1063.26,21.596,21.883,-2.48,PASA
BOSQUE_NW_02(3),ATL08_20210216151542_08341009_007_01.h5,2021-02-16T15:15:42Z,gt3l,-71.57378387451172,-42.65187072753906,98723987.79292463,834.0,10.0,9.0,007,01,13518.0,1.0,1239017.0,1239021.0,1037.2681884765625,,29.6617431640625,,30.41455078125,7.1486897468566895,,,,,,,54.0,2.0,112.0,1.0,0.0,0.0,0.0,0.0,2021,2,Verano,Bosque cerrado perennifolio latifolio,1,1,0,0,,20–30 m,834_gt3l_1239017,289028.7,5274631.5,BOSQUE_NW_02,operacional,SI,,2021-02-16,NO,1020.32,21.603,21.894,-4.66,PASA
BOSQUE_NW_02(3),ATL08_20210216151542_08341009_007_01.h5,2021-02-16T15:15:42Z,gt3l,-71.5740737915039,-42.65456008911133,98723987.83515258,834.0,10.0,9.0,007,01,13518.0,1.0,1239032.0,1239035.0,971.2025146484375,122.7105941772461,35.03082275390625,93.18964385986328,35.03082275390625,8.24712085723877,,,,,,,33.0,8.0,112.0,1.0,0.0,0.0,0.0,0.0,2021,2,Verano,Bosque cerrado perennifolio latifolio,1,1,1,1,2.6602185313923807,>30 m,834_gt3l_1239032,289014.1,5274332.1,BOSQUE_NW_02,operacional,SI,,2021-02-16,NO,959.62,21.608,21.902,-10.03,DESCARTADO
BOSQUE_NW_02(3),ATL08_20210216151542_08341009_007_01.h5,2021-02-16T15:15:42Z,gt3l,-71.574462890625,-42.658145904541016,98723987.8915613,834.0,10.0,9.0,007,01,13518.0,1.0,1239052.0,1239056.0,896.306640625,,21.762939453125,,21.762939453125,5.678592681884766,,,,,,,30.0,1.0,112.0,1.0,0.0,0.0,0.0,0.0,2021,2,Verano,Bosque cerrado perennifolio latifolio,1,1,0,0,,20–30 m,834_gt3l_1239052,288994.3,5273932.9,BOSQUE_NW_02,operacional,SI,,2021-02-16,NO,878.29,21.615,21.914,-3.60,PASA
BOSQUE_NW_02(3),ATL08_20210216151542_08341009_007_01.h5,2021-02-16T15:15:42Z,gt3l,-71.57466888427734,-42.65993881225586,98723987.91971077,834.0,10.0,9.0,007,01,13518.0,1.0,1239062.0,1239065.0,856.60986328125,31.728853225708008,11.948486328125,40.64132308959961,11.948486328125,3.3287699222564697,,,,,,,35.0,27.0,116.0,1.0,0.0,0.0,0.0,0.0,2021,2,Verano,Bosque cerrado desconocido,1,1,1,1,3.40137838162277,10–20 m,834_gt3l_1239062,288983.5,5273733.3,BOSQUE_NW_02,operacional,SI,,2021-02-16,NO,837.32,21.618,21.920,-2.32,PASA
BOSQUE_NW_02(3),ATL08_20210216151542_08341009_007_01.h5,2021-02-16T15:15:42Z,gt3l,-71.5748519897461,-42.6617317199707,98723987.94792795,834.0,10.0,9.0,007,01,13518.0,1.0,1239072.0,1239076.0,857.5790405273438,38.96157455444336,16.89453125,35.90296936035156,16.89453125,3.6712708473205566,,,,,,,33.0,22.0,116.0,1.0,0.0,0.0,0.0,0.0,2021,2,Verano,Bosque cerrado desconocido,1,1,1,1,2.125123735549133,10–20 m,834_gt3l_1239072,288974.5,5273533.8,BOSQUE_NW_02,operacional,SI,,2021-02-16,NO,839.07,21.622,21.927,-3.12,PASA
BOSQUE_NW_02(3),ATL08_20210216151542_08341009_007_01.h5,2021-02-16T15:15:42Z,gt3l,-71.57524108886719,-42.665313720703125,98723988.00428057,834.0,10.0,9.0,007,01,13518.0,1.0,1239092.0,1239096.0,842.218994140625,,13.95819091796875,,17.83282470703125,2.9431564807891846,,,,,,,34.0,2.0,112.0,1.0,0.0,0.0,0.0,0.0,2021,2,Verano,Bosque cerrado perennifolio latifolio,1,1,0,0,,10–20 m,834_gt3l_1239092,288954.8,5273135.0,BOSQUE_NW_02,operacional,SI,,2021-02-16,NO,825.16,21.628,21.940,-4.57,PASA
BOSQUE_NW_02(3),ATL08_20210216151542_08341009_007_01.h5,2021-02-16T15:15:42Z,gt3l,-71.57582092285156,-42.670692443847656,98723988.08886887,834.0,10.0,9.0,007,01,13518.0,1.0,1239122.0,1239126.0,846.3431396484375,21.703027725219727,12.9749755859375,29.412546157836914,12.9749755859375,3.7058911323547363,,,,,,,25.0,39.0,20.0,1.0,0.0,0.0,0.0,0.0,2021,2,Verano,Arbustos,1,1,1,1,2.266867167728218,10–20 m,834_gt3l_1239122,288925.5,5272536.2,BOSQUE_NW_02,operacional,SI,,2021-02-16,NO,824.56,21.638,21.945,0.14,PASA
BOSQUE_NW_02(3),ATL08_20210216151542_08341009_007_01.h5,2021-02-16T15:15:42Z,gt3l,-71.57592010498047,-42.67158889770508,98723988.10300818,834.0,10.0,9.0,007,01,13518.0,1.0,1239127.0,1239131.0,847.5895385742188,18.42283821105957,17.1922607421875,21.963367462158203,17.6947021484375,4.54059362411499,,,,,,,57.0,46.0,20.0,1.0,0.0,0.0,0.0,0.0,2021,2,Verano,Arbustos,1,1,1,1,1.2775147952626758,10–20 m,834_gt3l_1239127,288920.4,5272436.4,BOSQUE_NW_02,operacional,SI,,2021-02-16,NO,825.66,21.640,21.945,0.29,PASA
BOSQUE_NW_02(3),ATL08_20210216151542_08341009_007_01.h5,2021-02-16T15:15:42Z,gt3l,-71.57630920410156,-42.6751708984375,98723988.15932813,834.0,10.0,9.0,007,01,13518.0,1.0,1239147.0,1239151.0,896.2933959960938,,26.76995849609375,,31.59429931640625,5.792660713195801,,,,,,,55.0,5.0,126.0,1.0,0.0,0.0,0.0,0.0,2021,2,Verano,Bosque abierto desconocido,1,1,0,0,,20–30 m,834_gt3l_1239147,288900.6,5272037.7,BOSQUE_NW_02,operacional,SI,,2021-02-16,NO,875.59,21.647,21.944,-0.95,PASA
BOSQUE_NW_02(3),ATL08_20210216151542_08341009_007_01.h5,2021-02-16T15:15:42Z,gt3l,-71.57640838623047,-42.67606735229492,98723988.17346507,834.0,10.0,9.0,007,01,13518.0,1.0,1239152.0,1239156.0,914.289306640625,41.490867614746094,19.131103515625,42.05836868286133,20.4449462890625,5.341029644012451,,,,,,,52.0,22.0,126.0,1.0,0.0,0.0,0.0,0.0,2021,2,Verano,Bosque abierto desconocido,1,1,1,1,2.198428786322278,10–20 m,834_gt3l_1239152,288895.5,5271937.9,BOSQUE_NW_02,operacional,SI,,2021-02-16,NO,892.11,21.648,21.943,0.53,PASA
BOSQUE_NW_02(3),ATL08_20210216151542_08341009_007_01.h5,2021-02-16T15:15:42Z,gt3l,-71.57650756835938,-42.676963806152344,98723988.187584,834.0,10.0,9.0,007,01,13518.0,1.0,1239157.0,1239161.0,926.4702758789062,,16.0875244140625,,18.8536376953125,3.767971992492676,,,,,,,63.0,3.0,126.0,1.0,0.0,0.0,0.0,0.0,2021,2,Verano,Bosque abierto desconocido,1,1,0,0,,10–20 m,834_gt3l_1239157,288890.4,5271838.1,BOSQUE_NW_02,operacional,SI,,2021-02-16,NO,910.71,21.650,21.943,-5.89,DESCARTADO
BOSQUE_NW_02(3),ATL08_20210216151542_08341009_007_01.h5,2021-02-16T15:15:42Z,gt3l,-71.57710266113281,-42.682430267333984,98723988.27209218,834.0,10.0,9.0,007,01,13518.0,1.0,1239188.0,1239189.0,1138.5355224609375,,59.681884765625,,59.681884765625,15.185694694519043,,,,,,,27.0,4.0,126.0,1.0,0.0,0.0,0.0,0.0,2021,2,Verano,Bosque abierto desconocido,1,1,0,0,,>30 m,834_gt3l_1239188,288860.2,5271229.5,BOSQUE_NW_02,operacional,SI,,2021-02-16,SI,1115.41,21.660,21.942,1.47,PASA
BOSQUE_NW_02(3),ATL08_20210216151542_08341009_007_01.h5,2021-02-16T15:15:42Z,gt3l,-71.577392578125,-42.684669494628906,98723988.30884174,834.0,10.0,9.0,007,01,13518.0,1.0,1239200.0,1239204.0,1111.759521484375,,22.7806396484375,,24.190185546875,5.135359764099121,,,,,,,70.0,4.0,116.0,1.0,0.0,0.0,0.0,0.0,2021,2,Verano,Bosque cerrado desconocido,1,1,0,0,,20–30 m,834_gt3l_1239200,288844.0,5270980.2,BOSQUE_NW_02,operacional,SI,,2021-02-16,NO,1086.09,21.664,21.945,4.01,PASA
BOSQUE_NW_02(3),ATL08_20210216151542_08341009_007_01.h5,2021-02-16T15:15:42Z,gt3l,-71.57750701904297,-42.68556213378906,98723988.32291362,834.0,10.0,9.0,007,01,13518.0,1.0,1239205.0,1239209.0,1074.2403564453125,,22.7755126953125,,24.4141845703125,5.569523334503174,,,,,,,43.0,3.0,116.0,1.0,0.0,0.0,0.0,0.0,2021,2,Verano,Bosque cerrado desconocido,1,1,0,0,,20–30 m,834_gt3l_1239205,288837.7,5270880.7,BOSQUE_NW_02,operacional,SI,,2021-02-16,NO,1059.61,21.666,21.946,-7.04,DESCARTADO
BOSQUE_NW_02(3),ATL08_20210216151542_08341009_007_01.h5,2021-02-16T15:15:42Z,gt3l,-71.57786560058594,-42.68824768066406,98723988.3652023,834.0,10.0,9.0,007,01,13518.0,1.0,1239220.0,1239224.0,1045.6544189453125,,27.1651611328125,,31.54248046875,5.841979503631592,,,,,,,68.0,3.0,116.0,1.0,0.0,0.0,0.0,0.0,2021,2,Verano,Bosque cerrado desconocido,1,1,0,0,,20–30 m,834_gt3l_1239220,288817.4,5270581.6,BOSQUE_NW_02,operacional,SI,,2021-02-16,NO,1036.45,21.671,21.952,-12.46,DESCARTADO
BOSQUE_NW_02(3),ATL08_20210216151542_08341009_007_01.h5,2021-02-16T15:15:42Z,gt3l,-71.57798767089844,-42.68914031982422,98723988.37925662,834.0,10.0,9.0,007,01,13518.0,1.0,1239225.0,1239229.0,1031.055419921875,,22.3359375,,24.7166748046875,6.182879447937012,,,,,,,51.0,4.0,116.0,1.0,0.0,0.0,0.0,0.0,2021,2,Verano,Bosque cerrado desconocido,1,1,0,0,,20–30 m,834_gt3l_1239225,288810.4,5270482.2,BOSQUE_NW_02,operacional,SI,,2021-02-16,NO,1013.47,21.672,21.954,-4.08,PASA
BOSQUE_NW_02(3),ATL08_20210216151542_08341009_007_01.h5,2021-02-16T15:15:42Z,gt3l,-71.5781021118164,-42.69003677368164,98723988.39341013,834.0,10.0,9.0,007,01,13518.0,1.0,1239230.0,1239234.0,1038.8218994140625,,27.365478515625,,29.185302734375,6.5134687423706055,,,,,,,63.0,3.0,116.0,1.0,0.0,0.0,0.0,0.0,2021,2,Verano,Bosque cerrado desconocido,1,1,0,0,,20–30 m,834_gt3l_1239230,288804.1,5270382.3,BOSQUE_NW_02,operacional,SI,,2021-02-16,NO,1020.31,21.674,21.956,-3.16,PASA
BOSQUE_NW_02(3),ATL08_20210216151542_08341009_007_01.h5,2021-02-16T15:15:42Z,gt3r,-71.56333923339844,-42.5583381652832,98723986.67216453,834.0,10.0,9.0,007,01,13518.0,1.0,1238495.0,1238499.0,716.1516723632812,35.65092086791992,20.8577880859375,15.048264503479004,23.39202880859375,5.559181213378906,,,,,,,199.0,20.0,112.0,1.0,0.0,0.0,0.0,0.0,2021,2,Verano,Bosque cerrado perennifolio latifolio,1,1,1,1,0.7214698146072677,20–30 m,834_gt3r_1238495,289570.1,5285044.3,BOSQUE_NW_02,operacional,SI,,2021-02-16,NO,701.56,21.426,21.699,-6.84,DESCARTADO
BOSQUE_NW_02(3),ATL08_20210216151542_08341009_007_01.h5,2021-02-16T15:15:42Z,gt3r,-71.56503295898438,-42.56995391845703,98723986.85539943,834.0,10.0,9.0,007,01,13518.0,1.0,1238560.0,1238564.0,828.4976806640625,10.608075141906738,8.091796875,8.962362289428711,9.071044921875,1.860086441040039,,,,,,,132.0,78.0,20.0,1.0,0.0,0.0,0.0,0.0,2021,2,Verano,Arbustos,1,1,1,1,1.1075861675567222,5–10 m,834_gt3r_1238560,289470.2,5283750.2,BOSQUE_NW_02,operacional,SI,,2021-02-16,NO,806.33,21.450,21.694,0.72,PASA
BOSQUE_NW_02(3),ATL08_20210216151542_08341009_007_01.h5,2021-02-16T15:15:42Z,gt3r,-71.56759643554688,-42.58964157104492,98723987.16547601,834.0,10.0,9.0,007,01,13518.0,1.0,1238670.0,1238674.0,1221.5830078125,,28.274658203125,,29.431884765625,6.64361572265625,,,,,,,96.0,6.0,114.0,1.0,0.0,0.0,0.0,0.0,2021,2,Verano,Bosque cerrado caducifolio latifolio,1,1,0,0,,20–30 m,834_gt3r_1238670,289326.1,5281557.5,BOSQUE_NW_02,operacional,SI,,2021-02-16,NO,1206.84,21.489,21.700,-6.74,DESCARTADO
BOSQUE_NW_02(3),ATL08_20210216151542_08341009_007_01.h5,2021-02-16T15:15:42Z,gt3r,-71.56781768798828,-42.5914306640625,98723987.19348179,834.0,10.0,9.0,007,01,13518.0,1.0,1238680.0,1238684.0,1221.912109375,,25.51611328125,,26.5076904296875,7.33214807510376,,,,,,,73.0,7.0,116.0,1.0,0.0,0.0,0.0,0.0,2021,2,Verano,Bosque cerrado desconocido,1,1,0,0,,20–30 m,834_gt3r_1238680,289314.0,5281358.3,BOSQUE_NW_02,operacional,SI,,2021-02-16,NO,1212.49,21.492,21.702,-12.07,DESCARTADO
BOSQUE_NW_02(3),ATL08_20210216151542_08341009_007_01.h5,2021-02-16T15:15:42Z,gt3r,-71.56802368164062,-42.593223571777344,98723987.22178486,834.0,10.0,9.0,007,01,13518.0,1.0,1238691.0,1238694.0,1261.354248046875,,25.590576171875,,28.9420166015625,5.889518737792969,,,,,,,70.0,9.0,112.0,1.0,0.0,0.0,0.0,0.0,2021,2,Verano,Bosque cerrado perennifolio latifolio,1,1,0,0,,20–30 m,834_gt3r_1238691,289303.1,5281158.7,BOSQUE_NW_02,operacional,SI,,2021-02-16,NO,1226.91,21.495,21.704,12.95,DESCARTADO
BOSQUE_NW_02(3),ATL08_20210216151542_08341009_007_01.h5,2021-02-16T15:15:42Z,gt3r,-71.56852722167969,-42.59770202636719,98723987.29216777,834.0,10.0,9.0,007,01,13518.0,1.0,1238716.0,1238719.0,1320.2059326171875,,20.1485595703125,,23.032470703125,5.084857940673828,,,,,,,98.0,6.0,112.0,1.0,0.0,0.0,0.0,0.0,2021,2,Verano,Bosque cerrado perennifolio latifolio,1,1,0,0,,20–30 m,834_gt3r_1238716,289276.9,5280660.1,BOSQUE_NW_02,operacional,SI,,2021-02-16,NO,1298.63,21.503,21.709,0.07,PASA
BOSQUE_NW_02(3),ATL08_20210216151542_08341009_007_01.h5,2021-02-16T15:15:42Z,gt3r,-71.56871032714844,-42.59949493408203,98723987.32032359,834.0,10.0,9.0,007,01,13518.0,1.0,1238725.0,1238729.0,1378.019287109375,,24.98583984375,,28.69873046875,5.190811634063721,,,,,,,120.0,3.0,112.0,1.0,0.0,0.0,0.0,0.0,2021,2,Verano,Bosque cerrado perennifolio latifolio,1,1,0,0,,20–30 m,834_gt3r_1238725,289267.9,5280460.5,BOSQUE_NW_02,operacional,SI,,2021-02-16,NO,1355.24,21.507,21.711,1.27,PASA
BOSQUE_NW_02(3),ATL08_20210216151542_08341009_007_01.h5,2021-02-16T15:15:42Z,gt3r,-71.56907653808594,-42.60308074951172,98723987.3766679,834.0,10.0,9.0,007,01,13518.0,1.0,1238745.0,1238749.0,1483.4134521484375,74.13961791992188,15.22265625,32.381778717041016,17.916259765625,3.738892078399658,,,,,,,123.0,20.0,116.0,1.0,0.0,0.0,0.0,0.0,2021,2,Verano,Bosque cerrado desconocido,1,1,1,1,2.1272094820535026,10–20 m,834_gt3r_1238745,289250.0,5280061.4,BOSQUE_NW_02,operacional,SI,,2021-02-16,NO,1463.47,21.513,21.723,-1.57,PASA
BOSQUE_NW_02(3),ATL08_20210216151542_08341009_007_01.h5,2021-02-16T15:15:42Z,gt3r,-71.56916809082031,-42.60397720336914,98723987.3907314,834.0,10.0,9.0,007,01,13518.0,1.0,1238750.0,1238754.0,1502.5577392578125,83.65648651123047,9.7186279296875,25.377525329589844,10.794677734375,2.270390510559082,,,,,,,111.0,18.0,30.0,1.0,0.0,0.0,0.0,0.0,2021,2,Verano,Herbáceas,1,1,1,1,2.61122511461408,5–10 m,834_gt3r_1238750,289245.5,5279961.6,BOSQUE_NW_02,operacional,SI,,2021-02-16,NO,1488.03,21.515,21.727,-6.99,DESCARTADO
BOSQUE_NW_02(3),ATL08_20210216151542_08341009_007_01.h5,2021-02-16T15:15:42Z,gt3r,-71.5702133178711,-42.61383819580078,98723987.54591388,834.0,10.0,9.0,007,01,13518.0,1.0,1238805.0,1238809.0,1386.25537109375,,16.7635498046875,,21.55712890625,4.017436504364014,,,,,,,121.0,5.0,112.0,1.0,0.0,0.0,0.0,0.0,2021,2,Verano,Bosque cerrado perennifolio latifolio,1,1,0,0,,10–20 m,834_gt3r_1238805,289193.0,5278863.9,BOSQUE_NW_02,operacional,SI,,2021-02-16,NO,1364.50,21.532,21.766,0.23,PASA
BOSQUE_NW_02(3),ATL08_20210216151542_08341009_007_01.h5,2021-02-16T15:15:42Z,gt3r,-71.5703125,-42.61473083496094,98723987.5599731,834.0,10.0,9.0,007,01,13518.0,1.0,1238810.0,1238814.0,1360.2603759765625,,20.5172119140625,,21.4141845703125,4.904233455657959,,,,,,,126.0,7.0,112.0,1.0,0.0,0.0,0.0,0.0,2021,2,Verano,Bosque cerrado perennifolio latifolio,1,1,0,0,,20–30 m,834_gt3r_1238810,289187.9,5278764.6,BOSQUE_NW_02,operacional,SI,,2021-02-16,NO,1344.35,21.534,21.769,-5.62,DESCARTADO
BOSQUE_NW_02(3),ATL08_20210216151542_08341009_007_01.h5,2021-02-16T15:15:42Z,gt3r,-71.57057189941406,-42.61742401123047,98723987.60231854,834.0,10.0,9.0,007,01,13518.0,1.0,1238825.0,1238829.0,1355.885986328125,,18.6453857421875,,19.2857666015625,4.696840286254883,,,,,,,128.0,1.0,112.0,1.0,0.0,0.0,0.0,0.0,2021,2,Verano,Bosque cerrado perennifolio latifolio,1,1,0,0,,10–20 m,834_gt3r_1238825,289175.7,5278464.9,BOSQUE_NW_02,operacional,SI,,2021-02-16,NO,1335.95,21.538,21.779,-1.60,PASA
BOSQUE_NW_02(3),ATL08_20210216151542_08341009_007_01.h5,2021-02-16T15:15:42Z,gt3r,-71.57076263427734,-42.61921691894531,98723987.6304123,834.0,10.0,9.0,007,01,13518.0,1.0,1238835.0,1238839.0,1338.9832763671875,,17.3197021484375,,19.760986328125,4.88329553604126,,,,,,,112.0,9.0,112.0,1.0,0.0,0.0,0.0,0.0,2021,2,Verano,Bosque cerrado perennifolio latifolio,1,1,0,0,,10–20 m,834_gt3r_1238835,289166.1,5278265.3,BOSQUE_NW_02,operacional,SI,,2021-02-16,NO,1308.42,21.541,21.785,9.02,DESCARTADO
BOSQUE_NW_02(3),ATL08_20210216151542_08341009_007_01.h5,2021-02-16T15:15:42Z,gt3r,-71.57085418701172,-42.620113372802734,98723987.64450864,834.0,10.0,9.0,007,01,13518.0,1.0,1238840.0,1238844.0,1317.1204833984375,,18.778564453125,,20.5570068359375,4.602330684661865,,,,,,,101.0,8.0,112.0,1.0,0.0,0.0,0.0,0.0,2021,2,Verano,Bosque cerrado perennifolio latifolio,1,1,0,0,,10–20 m,834_gt3r_1238840,289161.6,5278165.5,BOSQUE_NW_02,operacional,SI,,2021-02-16,NO,1296.82,21.543,21.788,-1.24,PASA
BOSQUE_NW_02(3),ATL08_20210216151542_08341009_007_01.h5,2021-02-16T15:15:42Z,gt3r,-71.57103729248047,-42.62190628051758,98723987.67275226,834.0,10.0,9.0,007,01,13518.0,1.0,1238850.0,1238854.0,1288.4576416015625,,16.85205078125,,18.996337890625,4.026939392089844,,,,,,,116.0,8.0,114.0,1.0,0.0,0.0,0.0,0.0,2021,2,Verano,Bosque cerrado caducifolio latifolio,1,1,0,0,,10–20 m,834_gt3r_1238850,289152.7,5277965.9,BOSQUE_NW_02,operacional,SI,,2021-02-16,NO,1272.04,21.546,21.794,-5.13,DESCARTADO
BOSQUE_NW_02(3),ATL08_20210216151542_08341009_007_01.h5,2021-02-16T15:15:42Z,gt3r,-71.57112884521484,-42.622802734375,98723987.68686749,834.0,10.0,9.0,007,01,13518.0,1.0,1238855.0,1238859.0,1295.9327392578125,,22.431640625,,24.6168212890625,5.9033589363098145,,,,,,,137.0,7.0,112.0,1.0,0.0,0.0,0.0,0.0,2021,2,Verano,Bosque cerrado perennifolio latifolio,1,1,0,0,,20–30 m,834_gt3r_1238855,289148.2,5277866.2,BOSQUE_NW_02,operacional,SI,,2021-02-16,NO,1273.06,21.547,21.797,1.33,PASA
BOSQUE_NW_02(3),ATL08_20210216151542_08341009_007_01.h5,2021-02-16T15:15:42Z,gt3r,-71.5713119506836,-42.624595642089844,98723987.71486305,834.0,10.0,9.0,007,01,13518.0,1.0,1238865.0,1238869.0,1280.7491455078125,,26.6368408203125,,30.6453857421875,5.510272026062012,,,,,,,120.0,2.0,112.0,1.0,0.0,0.0,0.0,0.0,2021,2,Verano,Bosque cerrado perennifolio latifolio,1,1,0,0,,20–30 m,834_gt3r_1238865,289139.2,5277666.6,BOSQUE_NW_02,operacional,SI,,2021-02-16,NO,1263.71,21.550,21.803,-4.51,PASA
BOSQUE_NW_02(3),ATL08_20210216151542_08341009_007_01.h5,2021-02-16T15:15:42Z,gt3r,-71.5714111328125,-42.625492095947266,98723987.72910003,834.0,10.0,9.0,007,01,13518.0,1.0,1238870.0,1238874.0,1263.4996337890625,,23.7525634765625,,26.92822265625,5.398341655731201,,,,,,,139.0,5.0,114.0,1.0,0.0,0.0,0.0,0.0,2021,2,Verano,Bosque cerrado caducifolio latifolio,1,1,0,0,,20–30 m,834_gt3r_1238870,289134.1,5277566.8,BOSQUE_NW_02,operacional,SI,,2021-02-16,NO,1250.28,21.552,21.806,-8.33,DESCARTADO
BOSQUE_NW_02(3),ATL08_20210216151542_08341009_007_01.h5,2021-02-16T15:15:42Z,gt3r,-71.57150268554688,-42.62638854980469,98723987.74328007,834.0,10.0,9.0,007,01,13518.0,1.0,1238875.0,1238879.0,1247.6080322265625,,25.134033203125,,26.2017822265625,6.915528774261475,,,,,,,155.0,8.0,112.0,1.0,0.0,0.0,0.0,0.0,2021,2,Verano,Bosque cerrado perennifolio latifolio,1,1,0,0,,20–30 m,834_gt3r_1238875,289129.6,5277467.0,BOSQUE_NW_02,operacional,SI,,2021-02-16,NO,1230.40,21.554,21.809,-4.34,PASA
BOSQUE_NW_02(3),ATL08_20210216151542_08341009_007_01.h5,2021-02-16T15:15:42Z,gt3r,-71.57159423828125,-42.62728500366211,98723987.75723457,834.0,10.0,9.0,007,01,13518.0,1.0,1238880.0,1238884.0,1221.5224609375,,18.5780029296875,,21.32080078125,4.9776291847229,,,,,,,128.0,5.0,112.0,1.0,0.0,0.0,0.0,0.0,2021,2,Verano,Bosque cerrado perennifolio latifolio,1,1,0,0,,10–20 m,834_gt3r_1238880,289125.2,5277367.2,BOSQUE_NW_02,operacional,SI,,2021-02-16,NO,1204.62,21.555,21.813,-4.66,PASA
BOSQUE_NW_02(3),ATL08_20210216151542_08341009_007_01.h5,2021-02-16T15:15:42Z,gt3r,-71.57273864746094,-42.638038635253906,98723987.92656685,834.0,10.0,9.0,007,01,13518.0,1.0,1238940.0,1238944.0,1079.1287841796875,,26.0709228515625,,27.206298828125,6.856624603271484,,,,,,,122.0,5.0,112.0,1.0,0.0,0.0,0.0,0.0,2021,2,Verano,Bosque cerrado perennifolio latifolio,1,1,0,0,,20–30 m,834_gt3r_1238940,289067.7,5276170.2,BOSQUE_NW_02,operacional,SI,,2021-02-16,NO,1067.61,21.576,21.848,-10.06,DESCARTADO
BOSQUE_NW_02(3),ATL08_20210216151542_08341009_007_01.h5,2021-02-16T15:15:42Z,gt3r,-71.57311248779297,-42.641624450683594,98723987.98289773,834.0,10.0,9.0,007,01,13518.0,1.0,1238960.0,1238964.0,1062.2767333984375,,24.541015625,,27.4134521484375,6.557796478271484,,,,,,,138.0,8.0,116.0,1.0,0.0,0.0,0.0,0.0,2021,2,Verano,Bosque cerrado desconocido,1,1,0,0,,20–30 m,834_gt3r_1238960,289049.1,5275771.0,BOSQUE_NW_02,operacional,SI,,2021-02-16,NO,1048.76,21.583,21.860,-8.06,DESCARTADO
BOSQUE_NW_02(3),ATL08_20210216151542_08341009_007_01.h5,2021-02-16T15:15:42Z,gt3r,-71.57330322265625,-42.64341735839844,98723988.01104525,834.0,10.0,9.0,007,01,13518.0,1.0,1238970.0,1238974.0,1051.0146484375,,24.90478515625,,27.12939453125,5.443361282348633,,,,,,,155.0,3.0,116.0,1.0,0.0,0.0,0.0,0.0,2021,2,Verano,Bosque cerrado desconocido,1,1,0,0,,20–30 m,834_gt3r_1238970,289039.5,5275571.5,BOSQUE_NW_02,operacional,SI,,2021-02-16,NO,1040.83,21.586,21.866,-11.41,DESCARTADO
BOSQUE_NW_02(3),ATL08_20210216151542_08341009_007_01.h5,2021-02-16T15:15:42Z,gt3r,-71.57341003417969,-42.64431381225586,98723988.02513915,834.0,10.0,9.0,007,01,13518.0,1.0,1238975.0,1238979.0,1042.3851318359375,,22.4864501953125,,24.439208984375,6.120922565460205,,,,,,,161.0,8.0,116.0,1.0,0.0,0.0,0.0,0.0,2021,2,Verano,Bosque cerrado desconocido,1,1,0,0,,20–30 m,834_gt3r_1238975,289033.8,5275471.6,BOSQUE_NW_02,operacional,SI,,2021-02-16,NO,1028.53,21.588,21.868,-7.73,DESCARTADO
BOSQUE_NW_02(3),ATL08_20210216151542_08341009_007_01.h5,2021-02-16T15:15:42Z,gt3r,-71.57368469238281,-42.647003173828125,98723988.06740825,834.0,10.0,9.0,007,01,13518.0,1.0,1238990.0,1238994.0,1080.48193359375,,29.341552734375,,31.51123046875,8.87828254699707,,,,,,,162.0,1.0,116.0,1.0,0.0,0.0,0.0,0.0,2021,2,Verano,Bosque cerrado desconocido,1,1,0,0,,20–30 m,834_gt3r_1238990,289020.4,5275172.3,BOSQUE_NW_02,operacional,SI,,2021-02-16,NO,1073.28,21.593,21.877,-14.39,DESCARTADO
BOSQUE_NW_02(3),ATL08_20210216151542_08341009_007_01.h5,2021-02-16T15:15:42Z,gt3r,-71.57378387451172,-42.64789962768555,98723988.08158112,834.0,10.0,9.0,007,01,13518.0,1.0,1238995.0,1238999.0,1085.456298828125,,24.0621337890625,,24.7119140625,7.818577766418457,,,,,,,155.0,7.0,116.0,1.0,0.0,0.0,0.0,0.0,2021,2,Verano,Bosque cerrado desconocido,1,1,0,0,,20–30 m,834_gt3r_1238995,289015.3,5275072.5,BOSQUE_NW_02,operacional,SI,,2021-02-16,NO,1070.80,21.595,21.880,-6.94,DESCARTADO
BOSQUE_NW_02(3),ATL08_20210216151542_08341009_007_01.h5,2021-02-16T15:15:42Z,gt3r,-71.57433319091797,-42.652557373046875,98723988.15494713,834.0,10.0,9.0,007,01,13518.0,1.0,1239021.0,1239024.0,1034.7603759765625,,27.6075439453125,,31.9732666015625,6.750062942504883,,,,,,,92.0,7.0,112.0,1.0,0.0,0.0,0.0,0.0,2021,2,Verano,Bosque cerrado perennifolio latifolio,1,1,0,0,,20–30 m,834_gt3r_1239021,288986.0,5274553.9,BOSQUE_NW_02,operacional,SI,,2021-02-16,NO,1020.52,21.604,21.894,-7.36,DESCARTADO
BOSQUE_NW_02(3),ATL08_20210216151542_08341009_007_01.h5,2021-02-16T15:15:42Z,gt3r,-71.57451629638672,-42.65416717529297,98723988.18017276,834.0,10.0,9.0,007,01,13518.0,1.0,1239030.0,1239034.0,997.979736328125,71.27650451660156,21.67962646484375,22.57247543334961,23.6358642578125,6.218533992767334,,,,,,,139.0,14.0,112.0,1.0,0.0,0.0,0.0,0.0,2021,2,Verano,Bosque cerrado perennifolio latifolio,1,1,1,1,1.0411837800782098,20–30 m,834_gt3r_1239030,288976.5,5274374.7,BOSQUE_NW_02,operacional,SI,,2021-02-16,NO,979.28,21.607,21.900,-2.91,PASA
BOSQUE_NW_02(3),ATL08_20210216151542_08341009_007_01.h5,2021-02-16T15:15:42Z,gt3r,-71.57486724853516,-42.65685272216797,98723988.22239387,834.0,10.0,9.0,007,01,13518.0,1.0,1239045.0,1239049.0,927.341796875,,27.3204345703125,,28.51934814453125,6.412422180175781,,,,,,,120.0,6.0,112.0,1.0,0.0,0.0,0.0,0.0,2021,2,Verano,Bosque cerrado perennifolio latifolio,1,1,0,0,,20–30 m,834_gt3r_1239045,288956.8,5274075.5,BOSQUE_NW_02,operacional,SI,,2021-02-16,NO,907.48,21.612,21.909,-1.75,PASA
BOSQUE_NW_02(3),ATL08_20210216151542_08341009_007_01.h5,2021-02-16T15:15:42Z,gt3r,-71.57520294189453,-42.65953826904297,98723988.26480472,834.0,10.0,9.0,007,01,13518.0,1.0,1239060.0,1239064.0,868.6360473632812,37.732704162597656,15.46551513671875,22.071901321411133,19.9434814453125,3.7257509231567383,,,,,,,149.0,23.0,112.0,1.0,0.0,0.0,0.0,0.0,2021,2,Verano,Bosque cerrado perennifolio latifolio,1,1,1,1,1.4271688415348853,10–20 m,834_gt3r_1239060,288938.4,5273776.5,BOSQUE_NW_02,operacional,SI,,2021-02-16,NO,850.92,21.616,21.918,-3.90,PASA
BOSQUE_NW_02(3),ATL08_20210216151542_08341009_007_01.h5,2021-02-16T15:15:42Z,gt3r,-71.57543182373047,-42.66132736206055,98723988.29305968,834.0,10.0,9.0,007,01,13518.0,1.0,1239070.0,1239074.0,858.9319458007812,9.875677108764648,10.45806884765625,9.176292419433594,11.27423095703125,2.9233808517456055,,,,,,,112.0,87.0,116.0,1.0,0.0,0.0,0.0,0.0,2021,2,Verano,Bosque cerrado desconocido,1,1,1,1,0.877436604511366,10–20 m,834_gt3r_1239070,288925.6,5273577.2,BOSQUE_NW_02,operacional,SI,,2021-02-16,NO,840.85,21.620,21.925,-3.54,PASA
BOSQUE_NW_02(3),ATL08_20210216151542_08341009_007_01.h5,2021-02-16T15:15:42Z,gt3r,-71.57554626464844,-42.66222381591797,98723988.30709922,834.0,10.0,9.0,007,01,13518.0,1.0,1239075.0,1239079.0,857.2200317382812,11.428193092346191,11.97259521484375,9.590606689453125,13.42108154296875,3.0713813304901123,,,,,,,101.0,75.0,116.0,1.0,0.0,0.0,0.0,0.0,2021,2,Verano,Bosque cerrado desconocido,1,1,1,1,0.8010465999520797,10–20 m,834_gt3r_1239075,288919.3,5273477.4,BOSQUE_NW_02,operacional,SI,,2021-02-16,NO,840.34,21.621,21.928,-4.75,PASA
BOSQUE_NW_02(3),ATL08_20210216151542_08341009_007_01.h5,2021-02-16T15:15:42Z,gt3r,-71.57646942138672,-42.66938018798828,98723988.41986084,834.0,10.0,9.0,007,01,13518.0,1.0,1239115.0,1239119.0,843.619384765625,7.272586822509766,9.9681396484375,8.747401237487793,12.54461669921875,2.854835033416748,,,,,,,83.0,116.0,126.0,1.0,0.0,0.0,0.0,0.0,2021,2,Verano,Bosque abierto desconocido,1,1,1,1,0.8775359842454598,5–10 m,834_gt3r_1239115,288867.9,5272680.4,BOSQUE_NW_02,operacional,SI,,2021-02-16,NO,822.50,21.634,21.946,-0.52,PASA
BOSQUE_NW_02(3),ATL08_20210216151542_08341009_007_01.h5,2021-02-16T15:15:42Z,gt3r,-71.57672119140625,-42.67116928100586,98723988.44809537,834.0,10.0,9.0,007,01,13518.0,1.0,1239125.0,1239129.0,846.6751708984375,3.919257164001465,12.90692138671875,5.409153461456299,13.96441650390625,3.482876777648926,,,,,,,80.0,216.0,20.0,1.0,0.0,0.0,0.0,0.0,2021,2,Verano,Arbustos,1,1,1,1,0.41908936293842536,10–20 m,834_gt3r_1239125,288853.3,5272481.0,BOSQUE_NW_02,operacional,SI,,2021-02-16,NO,824.82,21.637,21.946,0.22,PASA
BOSQUE_NW_02(3),ATL08_20210216151542_08341009_007_01.h5,2021-02-16T15:15:42Z,gt3r,-71.57783508300781,-42.67921829223633,98723988.57486376,834.0,10.0,9.0,007,01,13518.0,1.0,1239170.0,1239174.0,913.6080932617188,57.14535140991211,14.92816162109375,14.440874099731445,18.47100830078125,4.247243881225586,,,,,,,149.0,16.0,116.0,1.0,0.0,0.0,0.0,0.0,2021,2,Verano,Bosque cerrado desconocido,1,1,1,1,0.9673578345592294,10–20 m,834_gt3r_1239170,288789.3,5271584.4,BOSQUE_NW_02,operacional,SI,,2021-02-16,NO,895.00,21.652,21.945,-3.04,PASA
BOSQUE_NW_02(3),ATL08_20211118142535_08721313_007_01.h5,2021-11-18T14:25:35Z,gt1l,-71.47296905517578,-42.69396209716797,122480850.78574851,872.0,13.0,13.0,007,01,17717.0,0.0,1769674.0,1769678.0,1065.144775390625,17.75745391845703,6.3319091796875,12.903809547424316,7.3480224609375,1.6100053787231445,,,,,,,105.0,60.0,20.0,1.0,0.0,0.0,0.0,0.0,2021,11,Primavera,Arbustos,1,1,1,1,2.0379018683368355,5–10 m,872_gt1l_1769674,297429.7,5270204.0,BOSQUE_NW_02,operacional,SI,,2021-11-18,NO,1045.05,21.792,22.021,-1.70,PASA
BOSQUE_NW_02(3),ATL08_20211118142535_08721313_007_01.h5,2021-11-18T14:25:35Z,gt1l,-71.47309112548828,-42.69306945800781,122480850.79980652,872.0,13.0,13.0,007,01,17717.0,0.0,1769679.0,1769683.0,1066.197265625,10.661490440368652,18.4261474609375,12.19878101348877,20.4256591796875,3.8556113243103027,,,,,,,117.0,100.0,20.0,1.0,0.0,0.0,0.0,0.0,2021,11,Primavera,Arbustos,1,1,1,1,0.6620364370441281,10–20 m,872_gt1l_1769679,297416.8,5270302.8,BOSQUE_NW_02,operacional,SI,,2021-11-18,NO,1044.94,21.792,22.021,-0.53,PASA
BOSQUE_NW_02(3),ATL08_20211118142535_08721313_007_01.h5,2021-11-18T14:25:35Z,gt1l,-71.47482299804688,-42.679649353027344,122480851.01134728,872.0,13.0,13.0,007,01,17717.0,0.0,1769754.0,1769758.0,1053.0482177734375,9.846940994262695,5.453125,9.32654857635498,8.2965087890625,1.3533653020858765,,,,,,,130.0,107.0,20.0,1.0,0.0,0.0,0.0,0.0,2021,11,Primavera,Arbustos,1,1,1,1,1.7103126329132343,5–10 m,872_gt1l_1769754,297231.3,5271789.0,BOSQUE_NW_02,operacional,SI,,2021-11-18,NO,1033.67,21.782,22.016,-2.40,PASA
BOSQUE_NW_02(3),ATL08_20211118142535_08721313_007_01.h5,2021-11-18T14:25:35Z,gt1l,-71.47494506835938,-42.67875289916992,122480851.02540192,872.0,13.0,13.0,007,01,17717.0,0.0,1769759.0,1769763.0,1055.6337890625,7.998054504394531,13.5179443359375,10.889726638793945,15.26171875,3.2729992866516113,,,,,,,154.0,132.0,30.0,1.0,0.0,0.0,0.0,0.0,2021,11,Primavera,Herbáceas,1,1,1,1,0.8055756384381293,10–20 m,872_gt1l_1769759,297218.4,5271888.3,BOSQUE_NW_02,operacional,SI,,2021-11-18,NO,1034.53,21.781,22.015,-0.67,PASA
BOSQUE_NW_02(3),ATL08_20211118142535_08721313_007_01.h5,2021-11-18T14:25:35Z,gt1l,-71.47505187988281,-42.677860260009766,122480851.03942402,872.0,13.0,13.0,007,01,17717.0,0.0,1769764.0,1769768.0,1055.758544921875,17.601966857910156,5.8572998046875,10.998344421386719,11.384033203125,1.5981535911560059,,,,,,,93.0,60.0,30.0,1.0,0.0,0.0,0.0,0.0,2021,11,Primavera,Herbáceas,1,1,1,1,1.8777158055978158,5–10 m,872_gt1l_1769764,297206.7,5271987.1,BOSQUE_NW_02,operacional,SI,,2021-11-18,NO,1034.74,21.781,22.014,-0.76,PASA
BOSQUE_NW_02(3),ATL08_20211118142535_08721313_007_01.h5,2021-11-18T14:25:35Z,gt1l,-71.47515869140625,-42.676963806152344,122480851.05350307,872.0,13.0,13.0,007,01,17717.0,0.0,1769769.0,1769773.0,1056.0909423828125,9.184849739074707,4.9320068359375,8.747957229614258,5.9349365234375,1.166908621788025,,,,,,,92.0,115.0,20.0,1.0,0.0,0.0,0.0,0.0,2021,11,Primavera,Arbustos,1,1,1,1,1.7737114972898052,2–5 m,872_gt1l_1769769,297195.0,5272086.4,BOSQUE_NW_02,operacional,SI,,2021-11-18,NO,1035.05,21.780,22.014,-0.74,PASA
BOSQUE_NW_02(3),ATL08_20211118142535_08721313_007_01.h5,2021-11-18T14:25:35Z,gt1l,-71.47526550292969,-42.67606735229492,122480851.06765832,872.0,13.0,13.0,007,01,17717.0,0.0,1769774.0,1769778.0,1056.0750732421875,16.78046989440918,6.441650390625,12.373180389404297,11.8173828125,1.6980243921279907,,,,,,,94.0,63.0,116.0,1.0,0.0,0.0,0.0,0.0,2021,11,Primavera,Bosque cerrado desconocido,1,1,1,1,1.9208090534394542,5–10 m,872_gt1l_1769774,297183.4,5272185.7,BOSQUE_NW_02,operacional,SI,,2021-11-18,NO,1035.68,21.779,22.013,-1.38,PASA
BOSQUE_NW_02(3),ATL08_20211118142535_08721313_007_01.h5,2021-11-18T14:25:35Z,gt1l,-71.47561645507812,-42.67338562011719,122480851.1097889,872.0,13.0,13.0,007,01,17717.0,0.0,1769789.0,1769793.0,1060.3563232421875,7.975305080413818,12.2545166015625,8.739130973815918,16.9234619140625,2.608534336090088,,,,,,,112.0,133.0,20.0,1.0,0.0,0.0,0.0,0.0,2021,11,Primavera,Arbustos,1,1,1,1,0.7131355122324159,10–20 m,872_gt1l_1769789,297145.9,5272482.7,BOSQUE_NW_02,operacional,SI,,2021-11-18,NO,1039.57,21.777,22.010,-0.99,PASA
BOSQUE_NW_02(3),ATL08_20211118142535_08721313_007_01.h5,2021-11-18T14:25:35Z,gt1l,-71.47616577148438,-42.668907165527344,122480851.18036129,872.0,13.0,13.0,007,01,17717.0,0.0,1769814.0,1769818.0,1066.239990234375,50.98868942260742,11.3453369140625,31.596590042114258,12.1251220703125,2.941286325454712,,,,,,,103.0,21.0,114.0,1.0,0.0,0.0,0.0,0.0,2021,11,Primavera,Bosque cerrado caducifolio latifolio,1,1,1,1,2.784984728214674,10–20 m,872_gt1l_1769814,297086.3,5272978.7,BOSQUE_NW_02,operacional,SI,,2021-11-18,NO,1048.47,21.774,22.006,-4.00,PASA
BOSQUE_NW_02(3),ATL08_20211118142535_08721313_007_01.h5,2021-11-18T14:25:35Z,gt1l,-71.47781372070312,-42.65584182739258,122480851.38603441,872.0,13.0,13.0,007,01,17717.0,0.0,1769887.0,1769891.0,1157.8363037109375,,23.46923828125,,27.4359130859375,6.918323993682861,,,,,,,95.0,6.0,112.0,1.0,0.0,0.0,0.0,0.0,2021,11,Primavera,Bosque cerrado perennifolio latifolio,1,1,0,0,,20–30 m,872_gt1l_1769887,296908.7,5274425.6,BOSQUE_NW_02,operacional,SI,,2021-11-18,NO,1137.01,21.751,21.976,-0.93,PASA
BOSQUE_NW_02(3),ATL08_20211118142535_08721313_007_01.h5,2021-11-18T14:25:35Z,gt1l,-71.47792053222656,-42.65494918823242,122480851.40011291,872.0,13.0,13.0,007,01,17717.0,0.0,1769892.0,1769896.0,1164.8358154296875,,25.482666015625,,26.23388671875,6.3518500328063965,,,,,,,98.0,6.0,112.0,1.0,0.0,0.0,0.0,0.0,2021,11,Primavera,Bosque cerrado perennifolio latifolio,1,1,0,0,,20–30 m,872_gt1l_1769892,296897.0,5274524.5,BOSQUE_NW_02,operacional,SI,,2021-11-18,NO,1150.86,21.749,21.974,-7.77,DESCARTADO
BOSQUE_NW_02(3),ATL08_20211118142535_08721313_007_01.h5,2021-11-18T14:25:35Z,gt1l,-71.47814178466797,-42.65315628051758,122480851.42836678,872.0,13.0,13.0,007,01,17717.0,0.0,1769902.0,1769906.0,1194.933837890625,,20.2642822265625,,21.752685546875,4.330220699310303,,,,,,,103.0,3.0,112.0,1.0,0.0,0.0,0.0,0.0,2021,11,Primavera,Bosque cerrado perennifolio latifolio,1,1,0,0,,20–30 m,872_gt1l_1769902,296873.0,5274723.1,BOSQUE_NW_02,operacional,SI,,2021-11-18,NO,1178.11,21.746,21.969,-4.92,PASA
BOSQUE_NW_02(3),ATL08_20211118142535_08721313_007_01.h5,2021-11-18T14:25:35Z,gt1l,-71.47826385498047,-42.65226364135742,122480851.44248404,872.0,13.0,13.0,007,01,17717.0,0.0,1769907.0,1769911.0,1214.2774658203125,,17.989013671875,,20.833740234375,4.146821022033691,,,,,,,81.0,9.0,112.0,1.0,0.0,0.0,0.0,0.0,2021,11,Primavera,Bosque cerrado perennifolio latifolio,1,1,0,0,,10–20 m,872_gt1l_1769907,296860.1,5274821.9,BOSQUE_NW_02,operacional,SI,,2021-11-18,NO,1192.03,21.744,21.966,0.50,PASA
BOSQUE_NW_02(3),ATL08_20211118142535_08721313_007_01.h5,2021-11-18T14:25:35Z,gt1l,-71.47837829589844,-42.6513671875,122480851.4565617,872.0,13.0,13.0,007,01,17717.0,0.0,1769912.0,1769916.0,1223.8056640625,,26.7901611328125,,29.781005859375,6.036909580230713,,,,,,,122.0,2.0,112.0,1.0,0.0,0.0,0.0,0.0,2021,11,Primavera,Bosque cerrado perennifolio latifolio,1,1,0,0,,20–30 m,872_gt1l_1769912,296847.8,5274921.2,BOSQUE_NW_02,operacional,SI,,2021-11-18,NO,1209.30,21.742,21.964,-7.24,DESCARTADO
BOSQUE_NW_02(3),ATL08_20211118142535_08721313_007_01.h5,2021-11-18T14:25:35Z,gt1l,-71.47850036621094,-42.65037536621094,122480851.47345704,872.0,13.0,13.0,007,01,17717.0,0.0,1769920.0,1769921.0,1227.863037109375,,31.63818359375,,31.822265625,6.421471118927002,,,,,,,56.0,4.0,112.0,1.0,0.0,0.0,0.0,0.0,2021,11,Primavera,Bosque cerrado perennifolio latifolio,1,1,0,0,,>30 m,872_gt1l_1769920,296834.6,5275031.0,BOSQUE_NW_02,operacional,SI,,2021-11-18,NO,1216.23,21.741,21.961,-10.11,DESCARTADO
BOSQUE_NW_02(3),ATL08_20211118142535_08721313_007_01.h5,2021-11-18T14:25:35Z,gt1l,-71.47870635986328,-42.648681640625,122480851.49880297,872.0,13.0,13.0,007,01,17717.0,0.0,1769927.0,1769931.0,1207.7894287109375,,14.7125244140625,,15.2852783203125,4.701280117034912,,,,,,,52.0,8.0,112.0,1.0,0.0,0.0,0.0,0.0,2021,11,Primavera,Bosque cerrado perennifolio latifolio,1,1,0,0,,10–20 m,872_gt1l_1769927,296812.2,5275218.6,BOSQUE_NW_02,operacional,SI,,2021-11-18,NO,1190.29,21.737,21.957,-4.24,PASA
BOSQUE_NW_02(3),ATL08_20211118142535_08721313_007_01.h5,2021-11-18T14:25:35Z,gt1l,-71.47892761230469,-42.64689254760742,122480851.52711697,872.0,13.0,13.0,007,01,17717.0,0.0,1769937.0,1769940.0,1199.0631103515625,,30.6304931640625,,36.403564453125,7.755817890167236,,,,,,,124.0,8.0,112.0,1.0,0.0,0.0,0.0,0.0,2021,11,Primavera,Bosque cerrado perennifolio latifolio,1,1,0,0,,>30 m,872_gt1l_1769937,296788.2,5275416.8,BOSQUE_NW_02,operacional,SI,,2021-11-18,NO,1184.45,21.734,21.953,-7.12,DESCARTADO
BOSQUE_NW_02(3),ATL08_20211118142535_08721313_007_01.h5,2021-11-18T14:25:35Z,gt1l,-71.47926330566406,-42.64420700073242,122480851.5693597,872.0,13.0,13.0,007,01,17717.0,0.0,1769952.0,1769954.0,1205.7982177734375,,25.0205078125,,27.0673828125,5.289479732513428,,,,,,,67.0,2.0,116.0,1.0,0.0,0.0,0.0,0.0,2021,11,Primavera,Bosque cerrado desconocido,1,1,0,0,,20–30 m,872_gt1l_1769952,296752.0,5275714.2,BOSQUE_NW_02,operacional,SI,,2021-11-18,NO,1187.50,21.728,21.947,-3.43,PASA
BOSQUE_NW_02(3),ATL08_20211118142535_08721313_007_01.h5,2021-11-18T14:25:35Z,gt1l,-71.47994232177734,-42.63883972167969,122480851.65397127,872.0,13.0,13.0,007,01,17717.0,0.0,1769983.0,1769985.0,1176.7674560546875,,22.337158203125,,25.1563720703125,5.891210079193115,,,,,,,102.0,9.0,112.0,1.0,0.0,0.0,0.0,0.0,2021,11,Primavera,Bosque cerrado perennifolio latifolio,1,1,0,0,,20–30 m,872_gt1l_1769983,296678.8,5276308.6,BOSQUE_NW_02,operacional,SI,,2021-11-18,NO,1161.97,21.718,21.933,-6.92,DESCARTADO
BOSQUE_NW_02(3),ATL08_20211118142535_08721313_007_01.h5,2021-11-18T14:25:35Z,gt1l,-71.48017883300781,-42.63705062866211,122480851.68218286,872.0,13.0,13.0,007,01,17717.0,0.0,1769992.0,1769996.0,1168.3853759765625,,29.6357421875,,32.6053466796875,7.931982040405273,,,,,,,141.0,3.0,112.0,1.0,0.0,0.0,0.0,0.0,2021,11,Primavera,Bosque cerrado perennifolio latifolio,1,1,0,0,,20–30 m,872_gt1l_1769992,296653.6,5276506.7,BOSQUE_NW_02,operacional,SI,,2021-11-18,NO,1157.86,21.714,21.929,-11.18,DESCARTADO
BOSQUE_NW_02(3),ATL08_20211118142535_08721313_007_01.h5,2021-11-18T14:25:35Z,gt1l,-71.48280334472656,-42.61647033691406,122480852.00650162,872.0,13.0,13.0,007,01,17717.0,0.0,1770107.0,1770111.0,1146.2967529296875,,29.5032958984375,,30.5079345703125,8.286291122436523,,,,,,,164.0,9.0,114.0,1.0,0.0,0.0,0.0,0.0,2021,11,Primavera,Bosque cerrado caducifolio latifolio,1,1,0,0,,20–30 m,872_gt1l_1770107,296371.3,5278785.8,BOSQUE_NW_02,operacional,SI,,2021-11-18,NO,1129.97,21.662,21.876,-5.33,DESCARTADO
BOSQUE_NW_02(3),ATL08_20211118142535_08721313_007_01.h5,2021-11-18T14:25:35Z,gt1l,-71.48336791992188,-42.611995697021484,122480852.07695071,872.0,13.0,13.0,007,01,17717.0,0.0,1770132.0,1770136.0,1108.191650390625,32.677513122558594,21.63671875,20.464597702026367,22.63916015625,6.105409622192383,,,,,,,98.0,34.0,112.0,1.0,0.0,0.0,0.0,0.0,2021,11,Primavera,Bosque cerrado perennifolio latifolio,1,1,1,1,0.9458272272465698,20–30 m,872_gt1l_1770132,296310.4,5279281.4,BOSQUE_NW_02,operacional,SI,,2021-11-18,NO,1087.36,21.648,21.861,-0.81,PASA
BOSQUE_NW_02(3),ATL08_20211118142535_08721313_007_01.h5,2021-11-18T14:25:35Z,gt1l,-71.48395538330078,-42.607521057128906,122480852.1473544,872.0,13.0,13.0,007,01,17717.0,0.0,1770157.0,1770161.0,1108.1873779296875,20.100553512573242,4.5106201171875,12.95317554473877,5.6243896484375,0.9288457632064819,,,,,,,118.0,55.0,126.0,1.0,0.0,0.0,0.0,0.0,2021,11,Primavera,Bosque abierto desconocido,1,1,1,1,2.8717061530811074,2–5 m,872_gt1l_1770157,296247.6,5279776.9,BOSQUE_NW_02,operacional,SI,,2021-11-18,NO,1083.00,21.634,21.847,3.56,PASA
BOSQUE_NW_02(3),ATL08_20211118142535_08721313_007_01.h5,2021-11-18T14:25:35Z,gt1l,-71.48418426513672,-42.60573196411133,122480852.17552692,872.0,13.0,13.0,007,01,17717.0,0.0,1770167.0,1770171.0,1077.3204345703125,48.91439437866211,8.1265869140625,11.923248291015625,10.25439453125,1.821831226348877,,,,,,,96.0,22.0,126.0,1.0,0.0,0.0,0.0,0.0,2021,11,Primavera,Bosque abierto desconocido,1,1,1,1,1.4671901521637902,5–10 m,872_gt1l_1770167,296223.0,5279975.0,BOSQUE_NW_02,operacional,SI,,2021-11-18,NO,1055.40,21.628,21.841,0.30,PASA
BOSQUE_NW_02(3),ATL08_20211118142535_08721313_007_01.h5,2021-11-18T14:25:35Z,gt1l,-71.48484802246094,-42.60036087036133,122480852.26006094,872.0,13.0,13.0,007,01,17717.0,0.0,1770197.0,1770201.0,946.824462890625,21.94188117980957,8.0128173828125,12.523838996887207,8.49072265625,1.8835554122924805,,,,,,,104.0,43.0,116.0,1.0,0.0,0.0,0.0,0.0,2021,11,Primavera,Bosque cerrado desconocido,1,1,1,1,1.562975717348913,5–10 m,872_gt1l_1770197,296151.0,5280569.9,BOSQUE_NW_02,operacional,SI,,2021-11-18,NO,920.78,21.611,21.825,4.44,PASA
BOSQUE_NW_02(3),ATL08_20211118142535_08721313_007_01.h5,2021-11-18T14:25:35Z,gt1l,-71.4850845336914,-42.59857177734375,122480852.2882362,872.0,13.0,13.0,007,01,17717.0,0.0,1770207.0,1770211.0,952.3468627929688,31.604408264160156,9.129150390625,10.870572090148926,9.63018798828125,2.230829954147339,,,,,,,88.0,30.0,112.0,1.0,0.0,0.0,0.0,0.0,2021,11,Primavera,Bosque cerrado perennifolio latifolio,1,1,1,1,1.1907539721672507,5–10 m,872_gt1l_1770207,296125.8,5280768.0,BOSQUE_NW_02,operacional,SI,,2021-11-18,NO,925.80,21.605,21.818,4.94,PASA
BOSQUE_NW_02(3),ATL08_20211118142535_08721313_007_01.h5,2021-11-18T14:25:35Z,gt1l,-71.48580932617188,-42.59320831298828,122480852.37270583,872.0,13.0,13.0,007,01,17717.0,0.0,1770237.0,1770241.0,1004.8667602539062,67.22035217285156,11.47747802734375,12.096503257751465,12.59765625,2.8390495777130127,,,,,,,80.0,15.0,112.0,1.0,0.0,0.0,0.0,0.0,2021,11,Primavera,Bosque cerrado perennifolio latifolio,1,1,1,1,1.0539339068158493,10–20 m,872_gt1l_1770237,296048.8,5281361.8,BOSQUE_NW_02,operacional,SI,,2021-11-18,NO,987.16,21.588,21.796,-3.88,PASA
BOSQUE_NW_02(3),ATL08_20211118142535_08721313_007_01.h5,2021-11-18T14:25:35Z,gt1l,-71.48604583740234,-42.5914192199707,122480852.40087213,872.0,13.0,13.0,007,01,17717.0,0.0,1770247.0,1770251.0,1016.3965454101562,,8.75555419921875,,9.79144287109375,2.0036466121673584,,,,,,,94.0,5.0,112.0,1.0,0.0,0.0,0.0,0.0,2021,11,Primavera,Bosque cerrado perennifolio latifolio,1,1,0,0,,5–10 m,872_gt1l_1770247,296023.6,5281559.9,BOSQUE_NW_02,operacional,SI,,2021-11-18,NO,995.52,21.582,21.789,-0.70,PASA
BOSQUE_NW_02(3),ATL08_20211118142535_08721313_007_01.h5,2021-11-18T14:25:35Z,gt1l,-71.48616027832031,-42.59052276611328,122480852.41499016,872.0,13.0,13.0,007,01,17717.0,0.0,1770252.0,1770256.0,1015.2445678710938,39.045284271240234,10.97711181640625,10.505495071411133,13.1065673828125,3.0261077880859375,,,,,,,93.0,26.0,116.0,1.0,0.0,0.0,0.0,0.0,2021,11,Primavera,Bosque cerrado desconocido,1,1,1,1,0.9570363541081686,10–20 m,872_gt1l_1770252,296011.3,5281659.2,BOSQUE_NW_02,operacional,SI,,2021-11-18,NO,992.94,21.579,21.785,0.73,PASA
BOSQUE_NW_02(3),ATL08_20211118142535_08721313_007_01.h5,2021-11-18T14:25:35Z,gt1l,-71.48651123046875,-42.58784103393555,122480852.45726621,872.0,13.0,13.0,007,01,17717.0,0.0,1770267.0,1770271.0,971.334716796875,38.9943962097168,7.8165283203125,12.105356216430664,8.39056396484375,1.8442364931106567,,,,,,,105.0,25.0,126.0,1.0,0.0,0.0,0.0,0.0,2021,11,Primavera,Bosque abierto desconocido,1,1,1,1,1.5486870539409368,5–10 m,872_gt1l_1770267,295973.7,5281956.2,BOSQUE_NW_02,operacional,SI,,2021-11-18,NO,952.03,21.571,21.775,-2.27,PASA
BOSQUE_NW_02(3),ATL08_20211118142535_08721313_007_01.h5,2021-11-18T14:25:35Z,gt1l,-71.48673248291016,-42.5860481262207,122480852.48555656,872.0,13.0,13.0,007,01,17717.0,0.0,1770277.0,1770281.0,944.567626953125,85.85492706298828,11.66851806640625,12.298325538635254,14.49517822265625,2.6569998264312744,,,,,,,114.0,11.0,116.0,1.0,0.0,0.0,0.0,0.0,2021,11,Primavera,Bosque cerrado desconocido,1,1,1,1,1.053974932261726,10–20 m,872_gt1l_1770277,295949.7,5282154.7,BOSQUE_NW_02,operacional,SI,,2021-11-18,NO,926.39,21.565,21.768,-3.39,PASA
BOSQUE_NW_02(3),ATL08_20211118142535_08721313_007_01.h5,2021-11-18T14:25:35Z,gt1l,-71.48685455322266,-42.58515548706055,122480852.49951543,872.0,13.0,13.0,007,01,17717.0,0.0,1770282.0,1770286.0,932.28466796875,44.418609619140625,6.9300537109375,13.768851280212402,7.68060302734375,1.5456033945083618,,,,,,,106.0,21.0,112.0,1.0,0.0,0.0,0.0,0.0,2021,11,Primavera,Bosque cerrado perennifolio latifolio,1,1,1,1,1.9868318276496804,5–10 m,872_gt1l_1770282,295936.8,5282253.6,BOSQUE_NW_02,operacional,SI,,2021-11-18,NO,911.43,21.562,21.764,-0.71,PASA
BOSQUE_NW_02(3),ATL08_20211118142535_08721313_007_01.h5,2021-11-18T14:25:35Z,gt1l,-71.4872055053711,-42.58246994018555,122480852.54189588,872.0,13.0,13.0,007,01,17717.0,0.0,1770297.0,1770301.0,929.556640625,12.435315132141113,9.93505859375,10.397336959838867,10.51177978515625,2.376769542694092,,,,,,,127.0,75.0,126.0,1.0,0.0,0.0,0.0,0.0,2021,11,Primavera,Bosque abierto desconocido,1,1,1,1,1.0465300090308154,5–10 m,872_gt1l_1770297,295899.2,5282551.0,BOSQUE_NW_02,operacional,SI,,2021-11-18,NO,911.88,21.553,21.755,-3.88,PASA
BOSQUE_NW_02(3),ATL08_20211118142535_08721313_007_01.h5,2021-11-18T14:25:35Z,gt1l,-71.48741912841797,-42.58086013793945,122480852.56725073,872.0,13.0,13.0,007,01,17717.0,0.0,1770307.0,1770311.0,918.845458984375,24.794553756713867,8.84490966796875,9.939108848571777,9.6910400390625,2.4658420085906982,,,,,,,110.0,37.0,126.0,1.0,0.0,0.0,0.0,0.0,2021,11,Primavera,Bosque abierto desconocido,1,1,1,1,1.1237094805575683,5–10 m,872_gt1l_1770307,295876.4,5282729.2,BOSQUE_NW_02,operacional,SI,,2021-11-18,NO,896.77,21.547,21.750,0.52,PASA
BOSQUE_NW_02(3),ATL08_20211118142535_08721313_007_01.h5,2021-11-18T14:25:35Z,gt1l,-71.48826599121094,-42.57442092895508,122480852.66880704,872.0,13.0,13.0,007,01,17717.0,0.0,1770342.0,1770346.0,865.9422607421875,32.11543273925781,7.849609375,12.937946319580078,8.21014404296875,1.991152048110962,,,,,,,129.0,27.0,126.0,1.0,0.0,0.0,0.0,0.0,2021,11,Primavera,Bosque abierto desconocido,1,1,1,1,1.6482280456892262,5–10 m,872_gt1l_1770342,295785.9,5283442.2,BOSQUE_NW_02,operacional,SI,,2021-11-18,NO,846.34,21.524,21.730,-1.92,PASA
BOSQUE_NW_02(3),ATL08_20211118142535_08721313_007_01.h5,2021-11-18T14:25:35Z,gt1l,-71.48849487304688,-42.5726318359375,122480852.69704904,872.0,13.0,13.0,007,01,17717.0,0.0,1770352.0,1770356.0,874.9708862304688,12.850634574890137,7.0037841796875,9.604802131652832,11.96533203125,1.8154549598693848,,,,,,,97.0,68.0,126.0,1.0,0.0,0.0,0.0,0.0,2021,11,Primavera,Bosque abierto desconocido,1,1,1,1,1.3713732298474945,5–10 m,872_gt1l_1770352,295761.3,5283640.4,BOSQUE_NW_02,operacional,SI,,2021-11-18,NO,852.39,21.518,21.724,1.07,PASA
BOSQUE_NW_02(3),ATL08_20211118142535_08721313_007_01.h5,2021-11-18T14:25:35Z,gt1l,-71.48906707763672,-42.56815719604492,122480852.76749186,872.0,13.0,13.0,007,01,17717.0,0.0,1770377.0,1770381.0,813.566162109375,7.748486518859863,7.346435546875,8.475391387939453,7.52239990234375,1.2478071451187134,,,,,,,65.0,105.0,20.0,1.0,0.0,0.0,0.0,0.0,2021,11,Primavera,Arbustos,1,1,1,1,1.1536739598218737,5–10 m,872_gt1l_1770377,295699.7,5284135.9,BOSQUE_NW_02,operacional,SI,,2021-11-18,NO,792.78,21.502,21.710,-0.71,PASA
BOSQUE_NW_02(3),ATL08_20211118142535_08721313_007_01.h5,2021-11-18T14:25:35Z,gt1l,-71.48941802978516,-42.56547164916992,122480852.80990283,872.0,13.0,13.0,007,01,17717.0,0.0,1770392.0,1770396.0,797.4874877929688,7.454878330230713,5.0645751953125,8.498961448669434,7.25909423828125,1.1623685359954834,,,,,,,89.0,107.0,20.0,1.0,0.0,0.0,0.0,0.0,2021,11,Primavera,Arbustos,1,1,1,1,1.6781193132517054,5–10 m,872_gt1l_1770392,295662.1,5284433.3,BOSQUE_NW_02,operacional,SI,,2021-11-18,NO,776.41,21.492,21.702,-0.42,PASA
BOSQUE_NW_02(3),ATL08_20211118142535_08721313_007_01.h5,2021-11-18T14:25:35Z,gt1l,-71.4897689819336,-42.56278991699219,122480852.8522557,872.0,13.0,13.0,007,01,17717.0,0.0,1770407.0,1770411.0,794.7561645507812,5.519293308258057,9.60980224609375,5.851020336151123,10.94671630859375,2.027215003967285,,,,,,,73.0,144.0,20.0,1.0,0.0,0.0,0.0,0.0,2021,11,Primavera,Arbustos,1,1,1,1,0.6088595983886641,5–10 m,872_gt1l_1770407,295624.5,5284730.2,BOSQUE_NW_02,operacional,SI,,2021-11-18,NO,772.35,21.483,21.694,0.92,PASA
BOSQUE_NW_02(3),ATL08_20211118142535_08721313_007_01.h5,2021-11-18T14:25:35Z,gt1r,-71.47219848632812,-42.69083786010742,122480851.18450955,872.0,13.0,13.0,007,01,17717.0,0.0,1769691.0,1769695.0,1051.98876953125,,14.653564453125,,14.653564453125,2.7108705043792725,,,,,,,26.0,4.0,126.0,1.0,0.0,0.0,0.0,0.0,2021,11,Primavera,Bosque abierto desconocido,1,1,0,0,,10–20 m,872_gt1r_1769691,297482.7,5270552.8,BOSQUE_NW_02,operacional,SI,,2021-11-18,NO,1031.88,21.790,22.020,-1.68,PASA
BOSQUE_NW_02(3),ATL08_20211118142535_08721313_007_01.h5,2021-11-18T14:25:35Z,gt1r,-71.47317504882812,-42.68289566040039,122480851.30837426,872.0,13.0,13.0,007,01,17717.0,0.0,1769736.0,1769737.0,1034.8326416015625,38.361793518066406,14.774169921875,47.51937484741211,14.774169921875,4.210999488830566,,,,,,,4.0,27.0,20.0,1.0,0.0,0.0,0.0,0.0,2021,11,Primavera,Arbustos,1,1,1,1,3.2163820437081716,10–20 m,872_gt1r_1769736,297376.9,5271432.4,BOSQUE_NW_02,operacional,SI,,2021-11-18,NO,1013.51,21.785,22.018,-0.47,PASA
BOSQUE_NW_02(3),ATL08_20211118142535_08721313_007_01.h5,2021-11-18T14:25:35Z,gt1r,-71.47394561767578,-42.67669677734375,122480851.40720084,872.0,13.0,13.0,007,01,17717.0,0.0,1769770.0,1769774.0,1053.379150390625,32.912593841552734,16.1624755859375,40.53940200805664,16.46826171875,4.369175434112549,,,,,,,47.0,32.0,20.0,1.0,0.0,0.0,0.0,0.0,2021,11,Primavera,Arbustos,1,1,1,1,2.5082421187586386,10–20 m,872_gt1r_1769770,297293.6,5272119.0,BOSQUE_NW_02,operacional,SI,,2021-11-18,NO,1033.02,21.781,22.012,-1.42,PASA
BOSQUE_NW_02(3),ATL08_20211118142535_08721313_007_01.h5,2021-11-18T14:25:35Z,gt1r,-71.47462463378906,-42.67132568359375,122480851.49174732,872.0,13.0,13.0,007,01,17717.0,0.0,1769800.0,1769804.0,1062.7972412109375,,9.9588623046875,,10.486083984375,2.4670469760894775,,,,,,,41.0,5.0,116.0,1.0,0.0,0.0,0.0,0.0,2021,11,Primavera,Bosque cerrado desconocido,1,1,0,0,,5–10 m,872_gt1r_1769800,297220.4,5272713.8,BOSQUE_NW_02,operacional,SI,,2021-11-18,NO,1042.55,21.777,22.007,-1.53,PASA
BOSQUE_NW_02(3),ATL08_20211118142535_08721313_007_01.h5,2021-11-18T14:25:35Z,gt1r,-71.4747314453125,-42.670433044433594,122480851.50583678,872.0,13.0,13.0,007,01,17717.0,0.0,1769805.0,1769809.0,1059.6815185546875,,12.32861328125,,14.8135986328125,3.5526113510131836,,,,,,,41.0,1.0,116.0,1.0,0.0,0.0,0.0,0.0,2021,11,Primavera,Bosque cerrado desconocido,1,1,0,0,,10–20 m,872_gt1r_1769805,297208.8,5272812.7,BOSQUE_NW_02,operacional,SI,,2021-11-18,NO,1046.19,21.776,22.006,-8.28,DESCARTADO
BOSQUE_NW_02(3),ATL08_20211118142535_08721313_007_01.h5,2021-11-18T14:25:35Z,gt1r,-71.47484588623047,-42.66953659057617,122480851.5199441,872.0,13.0,13.0,007,01,17717.0,0.0,1769810.0,1769814.0,1062.4417724609375,,14.4769287109375,,20.2188720703125,3.0511090755462646,,,,,,,53.0,1.0,112.0,1.0,0.0,0.0,0.0,0.0,2021,11,Primavera,Bosque cerrado perennifolio latifolio,1,1,0,0,,10–20 m,872_gt1r_1769810,297196.5,5272912.0,BOSQUE_NW_02,operacional,SI,,2021-11-18,NO,1047.17,21.775,22.005,-6.50,DESCARTADO
BOSQUE_NW_02(3),ATL08_20211118142535_08721313_007_01.h5,2021-11-18T14:25:35Z,gt1r,-71.47496032714844,-42.66864013671875,122480851.53406197,872.0,13.0,13.0,007,01,17717.0,0.0,1769815.0,1769819.0,1071.1705322265625,,15.0965576171875,,17.831787109375,3.4150142669677734,,,,,,,67.0,5.0,112.0,1.0,0.0,0.0,0.0,0.0,2021,11,Primavera,Bosque cerrado perennifolio latifolio,1,1,0,0,,10–20 m,872_gt1r_1769815,297184.2,5273011.2,BOSQUE_NW_02,operacional,SI,,2021-11-18,NO,1050.25,21.775,22.005,-0.85,PASA
BOSQUE_NW_02(3),ATL08_20211118142535_08721313_007_01.h5,2021-11-18T14:25:35Z,gt1r,-71.4750747680664,-42.667747497558594,122480851.54809643,872.0,13.0,13.0,007,01,17717.0,0.0,1769821.0,1769824.0,1074.58740234375,,17.970458984375,,18.5521240234375,4.896183490753174,,,,,,,44.0,2.0,112.0,1.0,0.0,0.0,0.0,0.0,2021,11,Primavera,Bosque cerrado perennifolio latifolio,1,1,0,0,,10–20 m,872_gt1r_1769821,297171.9,5273110.1,BOSQUE_NW_02,operacional,SI,,2021-11-18,NO,1055.58,21.774,22.004,-2.76,PASA
BOSQUE_NW_02(3),ATL08_20211118142535_08721313_007_01.h5,2021-11-18T14:25:35Z,gt1r,-71.47714233398438,-42.651641845703125,122480851.80185744,872.0,13.0,13.0,007,01,17717.0,0.0,1769910.0,1769914.0,1210.833740234375,,19.6209716796875,,20.703857421875,5.214494228363037,,,,,,,31.0,5.0,112.0,1.0,0.0,0.0,0.0,0.0,2021,11,Primavera,Bosque cerrado perennifolio latifolio,1,1,0,0,,10–20 m,872_gt1r_1769910,296950.0,5274893.7,BOSQUE_NW_02,operacional,SI,,2021-11-18,NO,1192.35,21.744,21.966,-3.26,PASA
BOSQUE_NW_02(3),ATL08_20211118142535_08721313_007_01.h5,2021-11-18T14:25:35Z,gt1r,-71.47748565673828,-42.648956298828125,122480851.8441761,872.0,13.0,13.0,007,01,17717.0,0.0,1769926.0,1769929.0,1203.296630859375,,22.9705810546875,,22.9705810546875,5.4305739402771,,,,,,,26.0,3.0,112.0,1.0,0.0,0.0,0.0,0.0,2021,11,Primavera,Bosque cerrado perennifolio latifolio,1,1,0,0,,20–30 m,872_gt1r_1769926,296913.2,5275191.1,BOSQUE_NW_02,operacional,SI,,2021-11-18,NO,1185.59,21.739,21.959,-4.03,PASA
BOSQUE_NW_02(3),ATL08_20211118142535_08721313_007_01.h5,2021-11-18T14:25:35Z,gt1r,-71.47782897949219,-42.64627456665039,122480851.88649149,872.0,13.0,13.0,007,01,17717.0,0.0,1769940.0,1769944.0,1193.9571533203125,,25.268798828125,,26.7525634765625,6.937478065490723,,,,,,,61.0,2.0,112.0,1.0,0.0,0.0,0.0,0.0,2021,11,Primavera,Bosque cerrado perennifolio latifolio,1,1,0,0,,20–30 m,872_gt1r_1769940,296876.3,5275488.1,BOSQUE_NW_02,operacional,SI,,2021-11-18,NO,1178.42,21.734,21.953,-6.20,DESCARTADO
BOSQUE_NW_02(3),ATL08_20211118142535_08721313_007_01.h5,2021-11-18T14:25:35Z,gt1r,-71.47795104980469,-42.64537811279297,122480851.90053877,872.0,13.0,13.0,007,01,17717.0,0.0,1769945.0,1769949.0,1200.11083984375,,20.9949951171875,,20.9949951171875,5.116105079650879,,,,,,,15.0,2.0,116.0,1.0,0.0,0.0,0.0,0.0,2021,11,Primavera,Bosque cerrado desconocido,1,1,0,0,,20–30 m,872_gt1r_1769945,296863.4,5275587.3,BOSQUE_NW_02,operacional,SI,,2021-11-18,NO,1179.53,21.732,21.951,-1.15,PASA
BOSQUE_NW_02(3),ATL08_20211118142535_08721313_007_01.h5,2021-11-18T14:25:35Z,gt1r,-71.47805786132812,-42.64448165893555,122480851.91469853,872.0,13.0,13.0,007,01,17717.0,0.0,1769950.0,1769954.0,1200.6158447265625,,12.0396728515625,,12.0396728515625,3.0826640129089355,,,,,,,24.0,3.0,112.0,1.0,0.0,0.0,0.0,0.0,2021,11,Primavera,Bosque cerrado perennifolio latifolio,1,1,0,0,,10–20 m,872_gt1r_1769950,296851.7,5275686.6,BOSQUE_NW_02,operacional,SI,,2021-11-18,NO,1169.00,21.730,21.949,9.88,DESCARTADO
BOSQUE_NW_02(3),ATL08_20211118142535_08721313_007_01.h5,2021-11-18T14:25:35Z,gt1r,-71.47828674316406,-42.64269256591797,122480851.94288291,872.0,13.0,13.0,007,01,17717.0,0.0,1769961.0,1769964.0,1171.122314453125,,17.461669921875,,17.461669921875,5.121380805969238,,,,,,,25.0,4.0,112.0,1.0,0.0,0.0,0.0,0.0,2021,11,Primavera,Bosque cerrado perennifolio latifolio,1,1,0,0,,10–20 m,872_gt1r_1769961,296827.1,5275884.7,BOSQUE_NW_02,operacional,SI,,2021-11-18,NO,1140.40,21.727,21.945,9.00,DESCARTADO
BOSQUE_NW_02(3),ATL08_20211118142535_08721313_007_01.h5,2021-11-18T14:25:35Z,gt1r,-71.4788589477539,-42.638221740722656,122480852.01334818,872.0,13.0,13.0,007,01,17717.0,0.0,1769985.0,1769989.0,1160.217529296875,,23.832275390625,,23.832275390625,6.429042339324951,,,,,,,35.0,4.0,112.0,1.0,0.0,0.0,0.0,0.0,2021,11,Primavera,Bosque cerrado perennifolio latifolio,1,1,0,0,,20–30 m,872_gt1r_1769985,296765.6,5276379.8,BOSQUE_NW_02,operacional,SI,,2021-11-18,NO,1143.10,21.718,21.934,-4.60,PASA
BOSQUE_NW_02(3),ATL08_20211118142535_08721313_007_01.h5,2021-11-18T14:25:35Z,gt1r,-71.47897338867188,-42.637325286865234,122480852.02742071,872.0,13.0,13.0,007,01,17717.0,0.0,1769990.0,1769994.0,1156.8148193359375,,28.4571533203125,,28.4571533203125,8.115281105041504,,,,,,,23.0,5.0,112.0,1.0,0.0,0.0,0.0,0.0,2021,11,Primavera,Bosque cerrado perennifolio latifolio,1,1,0,0,,20–30 m,872_gt1r_1769990,296753.3,5276479.1,BOSQUE_NW_02,operacional,SI,,2021-11-18,NO,1143.13,21.716,21.932,-8.03,DESCARTADO
BOSQUE_NW_02(3),ATL08_20211118142535_08721313_007_01.h5,2021-11-18T14:25:35Z,gt1r,-71.47920989990234,-42.635536193847656,122480852.05564974,872.0,13.0,13.0,007,01,17717.0,0.0,1770001.0,1770003.0,1177.304443359375,,30.2896728515625,,30.2896728515625,7.233450412750244,,,,,,,31.0,2.0,112.0,1.0,0.0,0.0,0.0,0.0,2021,11,Primavera,Bosque cerrado perennifolio latifolio,1,1,0,0,,>30 m,872_gt1r_1770001,296728.1,5276677.2,BOSQUE_NW_02,operacional,SI,,2021-11-18,NO,1160.67,21.713,21.927,-5.08,DESCARTADO
BOSQUE_NW_02(3),ATL08_20211118142535_08721313_007_01.h5,2021-11-18T14:25:35Z,gt1r,-71.47932434082031,-42.634639739990234,122480852.06975794,872.0,13.0,13.0,007,01,17717.0,0.0,1770005.0,1770009.0,1172.5687255859375,,26.45947265625,,26.45947265625,6.62824821472168,,,,,,,39.0,4.0,112.0,1.0,0.0,0.0,0.0,0.0,2021,11,Primavera,Bosque cerrado perennifolio latifolio,1,1,0,0,,20–30 m,872_gt1r_1770005,296715.8,5276776.5,BOSQUE_NW_02,operacional,SI,,2021-11-18,NO,1155.72,21.711,21.925,-4.86,PASA
BOSQUE_NW_02(3),ATL08_20211118142535_08721313_007_01.h5,2021-11-18T14:25:35Z,gt1r,-71.47955322265625,-42.632850646972656,122480852.0978877,872.0,13.0,13.0,007,01,17717.0,0.0,1770015.0,1770019.0,1173.0614013671875,,31.497314453125,,31.65185546875,7.5113325119018555,,,,,,,45.0,5.0,112.0,1.0,0.0,0.0,0.0,0.0,2021,11,Primavera,Bosque cerrado perennifolio latifolio,1,1,0,0,,>30 m,872_gt1r_1770015,296691.2,5276974.6,BOSQUE_NW_02,operacional,SI,,2021-11-18,NO,1161.94,21.707,21.920,-10.59,DESCARTADO
BOSQUE_NW_02(3),ATL08_20211118142535_08721313_007_01.h5,2021-11-18T14:25:35Z,gt1r,-71.47966766357422,-42.6319580078125,122480852.11199696,872.0,13.0,13.0,007,01,17717.0,0.0,1770020.0,1770024.0,1183.468505859375,,23.193359375,,23.193359375,5.026556015014648,,,,,,,41.0,5.0,112.0,1.0,0.0,0.0,0.0,0.0,2021,11,Primavera,Bosque cerrado perennifolio latifolio,1,1,0,0,,20–30 m,872_gt1r_1770020,296678.9,5277073.5,BOSQUE_NW_02,operacional,SI,,2021-11-18,NO,1156.28,21.705,21.918,5.48,DESCARTADO
BOSQUE_NW_02(3),ATL08_20211118142535_08721313_007_01.h5,2021-11-18T14:25:35Z,gt1r,-71.47978210449219,-42.63106155395508,122480852.12611832,872.0,13.0,13.0,007,01,17717.0,0.0,1770025.0,1770029.0,1162.877197265625,,22.9954833984375,,22.9954833984375,5.684085845947266,,,,,,,37.0,4.0,112.0,1.0,0.0,0.0,0.0,0.0,2021,11,Primavera,Bosque cerrado perennifolio latifolio,1,1,0,0,,20–30 m,872_gt1r_1770025,296666.6,5277172.8,BOSQUE_NW_02,operacional,SI,,2021-11-18,NO,1147.09,21.704,21.915,-5.91,DESCARTADO
BOSQUE_NW_02(3),ATL08_20211118142535_08721313_007_01.h5,2021-11-18T14:25:35Z,gt1r,-71.47989654541016,-42.63016891479492,122480852.14019689,872.0,13.0,13.0,007,01,17717.0,0.0,1770030.0,1770033.0,1156.2757568359375,,23.039306640625,,23.039306640625,5.718352317810059,,,,,,,22.0,3.0,112.0,1.0,0.0,0.0,0.0,0.0,2021,11,Primavera,Bosque cerrado perennifolio latifolio,1,1,0,0,,20–30 m,872_gt1r_1770030,296654.3,5277271.6,BOSQUE_NW_02,operacional,SI,,2021-11-18,NO,1139.32,21.702,21.913,-4.75,PASA
BOSQUE_NW_02(3),ATL08_20211118142535_08721313_007_01.h5,2021-11-18T14:25:35Z,gt1r,-71.48025512695312,-42.62748336791992,122480852.18245894,872.0,13.0,13.0,007,01,17717.0,0.0,1770045.0,1770049.0,1167.606689453125,,22.873291015625,,22.873291015625,5.654360294342041,,,,,,,30.0,1.0,112.0,1.0,0.0,0.0,0.0,0.0,2021,11,Primavera,Bosque cerrado perennifolio latifolio,1,1,0,0,,20–30 m,872_gt1r_1770045,296616.2,5277569.0,BOSQUE_NW_02,operacional,SI,,2021-11-18,NO,1150.08,21.696,21.906,-4.17,PASA
BOSQUE_NW_02(3),ATL08_20211118142535_08721313_007_01.h5,2021-11-18T14:25:35Z,gt1r,-71.48048400878906,-42.625694274902344,122480852.21059428,872.0,13.0,13.0,007,01,17717.0,0.0,1770056.0,1770059.0,1153.9127197265625,,18.4139404296875,,18.4139404296875,5.022036552429199,,,,,,,19.0,5.0,112.0,1.0,0.0,0.0,0.0,0.0,2021,11,Primavera,Bosque cerrado perennifolio latifolio,1,1,0,0,,10–20 m,872_gt1r_1770056,296591.6,5277767.1,BOSQUE_NW_02,operacional,SI,,2021-11-18,NO,1134.95,21.693,21.901,-2.73,PASA
BOSQUE_NW_02(3),ATL08_20211118142535_08721313_007_01.h5,2021-11-18T14:25:35Z,gt1r,-71.480712890625,-42.623905181884766,122480852.23887408,872.0,13.0,13.0,007,01,17717.0,0.0,1770065.0,1770069.0,1133.910400390625,,20.17919921875,,20.234375,5.692654609680176,,,,,,,40.0,4.0,116.0,1.0,0.0,0.0,0.0,0.0,2021,11,Primavera,Bosque cerrado desconocido,1,1,0,0,,20–30 m,872_gt1r_1770065,296567.0,5277965.2,BOSQUE_NW_02,operacional,SI,,2021-11-18,NO,1112.37,21.688,21.896,-0.15,PASA
BOSQUE_NW_02(3),ATL08_20211118142535_08721313_007_01.h5,2021-11-18T14:25:35Z,gt1r,-71.48126983642578,-42.61960983276367,122480852.30646084,872.0,13.0,13.0,007,01,17717.0,0.0,1770090.0,1770094.0,1107.130126953125,,26.7449951171875,,27.948974609375,6.91896915435791,,,,,,,52.0,2.0,112.0,1.0,0.0,0.0,0.0,0.0,2021,11,Primavera,Bosque cerrado perennifolio latifolio,1,1,0,0,,20–30 m,872_gt1r_1770090,296507.3,5278440.9,BOSQUE_NW_02,operacional,SI,,2021-11-18,NO,1087.89,21.674,21.885,-2.43,PASA
BOSQUE_NW_02(3),ATL08_20211118142535_08721313_007_01.h5,2021-11-18T14:25:35Z,gt1r,-71.48177337646484,-42.61585235595703,122480852.36563942,872.0,13.0,13.0,007,01,17717.0,0.0,1770110.0,1770114.0,1139.073974609375,,21.730224609375,,24.82373046875,6.290564060211182,,,,,,,43.0,5.0,112.0,1.0,0.0,0.0,0.0,0.0,2021,11,Primavera,Bosque cerrado perennifolio latifolio,1,1,0,0,,20–30 m,872_gt1r_1770110,296453.7,5278857.0,BOSQUE_NW_02,operacional,SI,,2021-11-18,NO,1120.54,21.662,21.875,-3.13,PASA
BOSQUE_NW_02(3),ATL08_20211118142535_08721313_007_01.h5,2021-11-18T14:25:35Z,gt1r,-71.48200988769531,-42.61406326293945,122480852.39384696,872.0,13.0,13.0,007,01,17717.0,0.0,1770120.0,1770124.0,1136.9349365234375,,12.909912109375,,14.0953369140625,3.2792320251464844,,,,,,,44.0,3.0,116.0,1.0,0.0,0.0,0.0,0.0,2021,11,Primavera,Bosque cerrado desconocido,1,1,0,0,,10–20 m,872_gt1r_1770120,296428.5,5279055.1,BOSQUE_NW_02,operacional,SI,,2021-11-18,NO,1116.98,21.656,21.869,-1.70,PASA
BOSQUE_NW_02(3),ATL08_20211118142535_08721313_007_01.h5,2021-11-18T14:25:35Z,gt1r,-71.48258972167969,-42.60959243774414,122480852.46431233,872.0,13.0,13.0,007,01,17717.0,0.0,1770145.0,1770148.0,1090.939208984375,,22.0321044921875,,22.0321044921875,5.985161781311035,,,,,,,40.0,1.0,114.0,1.0,0.0,0.0,0.0,0.0,2021,11,Primavera,Bosque cerrado caducifolio latifolio,1,1,0,0,,20–30 m,872_gt1r_1770145,296366.4,5279550.1,BOSQUE_NW_02,operacional,SI,,2021-11-18,NO,1074.78,21.642,21.855,-5.48,DESCARTADO
BOSQUE_NW_02(3),ATL08_20211118142535_08721313_007_01.h5,2021-11-18T14:25:35Z,gt1r,-71.48270416259766,-42.60869598388672,122480852.47836994,872.0,13.0,13.0,007,01,17717.0,0.0,1770150.0,1770154.0,1088.1331787109375,,24.1661376953125,,24.4107666015625,7.526020526885986,,,,,,,50.0,3.0,116.0,1.0,0.0,0.0,0.0,0.0,2021,11,Primavera,Bosque cerrado desconocido,1,1,0,0,,20–30 m,872_gt1r_1770150,296354.1,5279649.4,BOSQUE_NW_02,operacional,SI,,2021-11-18,NO,1072.70,21.639,21.852,-6.21,DESCARTADO
BOSQUE_NW_02(3),ATL08_20211118142535_08721313_007_01.h5,2021-11-18T14:25:35Z,gt1r,-71.48362731933594,-42.601539611816406,122480852.59128824,872.0,13.0,13.0,007,01,17717.0,0.0,1770190.0,1770194.0,963.2525024414062,,15.66253662109375,,16.0126953125,4.299004554748535,,,,,,,46.0,4.0,116.0,1.0,0.0,0.0,0.0,0.0,2021,11,Primavera,Bosque cerrado desconocido,1,1,0,0,,10–20 m,872_gt1r_1770190,296255.0,5280441.9,BOSQUE_NW_02,operacional,SI,,2021-11-18,NO,945.61,21.616,21.830,-3.98,PASA
BOSQUE_NW_02(3),ATL08_20211118142535_08721313_007_01.h5,2021-11-18T14:25:35Z,gt1r,-71.4837417602539,-42.600643157958984,122480852.60539503,872.0,13.0,13.0,007,01,17717.0,0.0,1770195.0,1770199.0,961.745849609375,,17.8717041015625,,21.8970947265625,4.084049224853516,,,,,,,35.0,1.0,116.0,1.0,0.0,0.0,0.0,0.0,2021,11,Primavera,Bosque cerrado desconocido,1,1,0,0,,10–20 m,872_gt1r_1770195,296242.7,5280541.2,BOSQUE_NW_02,operacional,SI,,2021-11-18,NO,948.33,21.613,21.827,-8.20,DESCARTADO
BOSQUE_NW_02(3),ATL08_20211118142535_08721313_007_01.h5,2021-11-18T14:25:35Z,gt1r,-71.48410034179688,-42.59796142578125,122480852.64764519,872.0,13.0,13.0,007,01,17717.0,0.0,1770210.0,1770214.0,966.1595458984375,,23.00152587890625,,23.258056640625,6.108992099761963,,,,,,,53.0,5.0,112.0,1.0,0.0,0.0,0.0,0.0,2021,11,Primavera,Bosque cerrado perennifolio latifolio,1,1,0,0,,20–30 m,872_gt1r_1770210,296204.5,5280838.1,BOSQUE_NW_02,operacional,SI,,2021-11-18,NO,945.44,21.605,21.816,-0.89,PASA
BOSQUE_NW_02(3),ATL08_20211118142535_08721313_007_01.h5,2021-11-18T14:25:35Z,gt1r,-71.48445892333984,-42.59527587890625,122480852.6900017,872.0,13.0,13.0,007,01,17717.0,0.0,1770225.0,1770229.0,999.7314453125,166.67665100097656,12.318603515625,45.8182373046875,12.35162353515625,3.1169543266296387,,,,,,,33.0,6.0,112.0,1.0,0.0,0.0,0.0,0.0,2021,11,Primavera,Bosque cerrado perennifolio latifolio,1,1,1,1,3.7194343698594845,10–20 m,872_gt1r_1770225,296166.4,5281135.5,BOSQUE_NW_02,operacional,SI,,2021-11-18,NO,979.40,21.596,21.805,-1.27,PASA
BOSQUE_NW_02(3),ATL08_20211118142535_08721313_007_01.h5,2021-11-18T14:25:35Z,gt1r,-71.48470306396484,-42.59349060058594,122480852.71820477,872.0,13.0,13.0,007,01,17717.0,0.0,1770235.0,1770239.0,1025.5902099609375,,11.2930908203125,,12.05322265625,2.014519453048706,,,,,,,26.0,2.0,112.0,1.0,0.0,0.0,0.0,0.0,2021,11,Primavera,Bosque cerrado perennifolio latifolio,1,1,0,0,,10–20 m,872_gt1r_1770235,296140.5,5281333.2,BOSQUE_NW_02,operacional,SI,,2021-11-18,NO,1005.03,21.591,21.798,-1.03,PASA
BOSQUE_NW_02(3),ATL08_20211118142535_08721313_007_01.h5,2021-11-18T14:25:35Z,gt1r,-71.48493957519531,-42.59170150756836,122480852.74635598,872.0,13.0,13.0,007,01,17717.0,0.0,1770245.0,1770249.0,1036.62451171875,,15.410400390625,,17.9647216796875,3.576681137084961,,,,,,,48.0,2.0,116.0,1.0,0.0,0.0,0.0,0.0,2021,11,Primavera,Bosque cerrado desconocido,1,1,0,0,,10–20 m,872_gt1r_1770245,296115.3,5281531.3,BOSQUE_NW_02,operacional,SI,,2021-11-18,NO,1019.63,21.585,21.790,-4.59,PASA
BOSQUE_NW_02(3),ATL08_20211118142535_08721313_007_01.h5,2021-11-18T14:25:35Z,gt1r,-71.48505401611328,-42.59080505371094,122480852.76045823,872.0,13.0,13.0,007,01,17717.0,0.0,1770250.0,1770254.0,1033.6065673828125,,18.352294921875,,18.5712890625,3.6863417625427246,,,,,,,48.0,4.0,116.0,1.0,0.0,0.0,0.0,0.0,2021,11,Primavera,Bosque cerrado desconocido,1,1,0,0,,10–20 m,872_gt1r_1770250,296102.9,5281630.5,BOSQUE_NW_02,operacional,SI,,2021-11-18,NO,1016.08,21.582,21.787,-4.05,PASA
BOSQUE_NW_02(3),ATL08_20211118142535_08721313_007_01.h5,2021-11-18T14:25:35Z,gt1r,-71.486083984375,-42.5827522277832,122480852.88745043,872.0,13.0,13.0,007,01,17717.0,0.0,1770295.0,1770299.0,939.0970458984375,,14.95654296875,,15.7513427734375,3.074793577194214,,,,,,,46.0,5.0,20.0,1.0,0.0,0.0,0.0,0.0,2021,11,Primavera,Arbustos,1,1,0,0,,10–20 m,872_gt1r_1770295,295992.2,5282522.3,BOSQUE_NW_02,operacional,SI,,2021-11-18,NO,920.18,21.556,21.756,-2.64,PASA
BOSQUE_NW_02(3),ATL08_20211118142535_08721313_007_01.h5,2021-11-18T14:25:35Z,gt1r,-71.48619842529297,-42.58185577392578,122480852.90159766,872.0,13.0,13.0,007,01,17717.0,0.0,1770300.0,1770303.0,936.7046508789062,155.90054321289062,14.79705810546875,95.21055603027344,15.0023193359375,3.235323905944824,,,,,,,51.0,6.0,20.0,1.0,0.0,0.0,0.0,0.0,2021,11,Primavera,Arbustos,1,1,1,1,6.43442469115433,10–20 m,872_gt1r_1770300,295979.8,5282621.6,BOSQUE_NW_02,operacional,SI,,2021-11-18,NO,917.67,21.553,21.753,-2.52,PASA
BOSQUE_NW_02(3),ATL08_20211118142535_08721313_007_01.h5,2021-11-18T14:25:35Z,gt1r,-71.48641967773438,-42.5800666809082,122480852.92977121,872.0,13.0,13.0,007,01,17717.0,0.0,1770310.0,1770314.0,924.9449462890625,46.20068359375,11.72216796875,54.785186767578125,11.72216796875,2.956300735473633,,,,,,,42.0,20.0,20.0,1.0,0.0,0.0,0.0,0.0,2021,11,Primavera,Arbustos,1,1,1,1,4.673639459324364,10–20 m,872_gt1r_1770310,295955.9,5282819.7,BOSQUE_NW_02,operacional,SI,,2021-11-18,NO,903.89,21.546,21.748,-0.49,PASA
BOSQUE_NW_02(3),ATL08_20211118142535_08721313_007_01.h5,2021-11-18T14:25:35Z,gt1r,-71.48698425292969,-42.575592041015625,122480853.0002693,872.0,13.0,13.0,007,01,17717.0,0.0,1770335.0,1770339.0,874.5557250976562,,15.32720947265625,,15.74566650390625,2.9365832805633545,,,,,,,37.0,3.0,126.0,1.0,0.0,0.0,0.0,0.0,2021,11,Primavera,Bosque abierto desconocido,1,1,0,0,,10–20 m,872_gt1r_1770335,295894.9,5283315.3,BOSQUE_NW_02,operacional,SI,,2021-11-18,NO,859.61,21.530,21.734,-6.58,DESCARTADO
BOSQUE_NW_02(3),ATL08_20211118142535_08721313_007_01.h5,2021-11-18T14:25:35Z,gt1r,-71.48721313476562,-42.57380294799805,122480853.02846432,872.0,13.0,13.0,007,01,17717.0,0.0,1770345.0,1770349.0,859.5337524414062,,14.74151611328125,,17.3734130859375,4.264852046966553,,,,,,,45.0,3.0,126.0,1.0,0.0,0.0,0.0,0.0,2021,11,Primavera,Bosque abierto desconocido,1,1,0,0,,10–20 m,872_gt1r_1770345,295870.3,5283513.4,BOSQUE_NW_02,operacional,SI,,2021-11-18,NO,846.29,21.524,21.729,-8.28,DESCARTADO
BOSQUE_NW_02(3),ATL08_20211118142535_08721313_007_01.h5,2021-11-18T14:25:35Z,gt1r,-71.487548828125,-42.57111740112305,122480853.07075605,872.0,13.0,13.0,007,01,17717.0,0.0,1770360.0,1770364.0,844.7213134765625,,13.643310546875,,15.52545166015625,3.7097020149230957,,,,,,,33.0,5.0,126.0,1.0,0.0,0.0,0.0,0.0,2021,11,Primavera,Bosque abierto desconocido,1,1,0,0,,10–20 m,872_gt1r_1770360,295834.0,5283810.8,BOSQUE_NW_02,operacional,SI,,2021-11-18,NO,830.66,21.514,21.720,-7.45,DESCARTADO
BOSQUE_NW_02(3),ATL08_20211118142535_08721313_007_01.h5,2021-11-18T14:25:35Z,gt1r,-71.48766326904297,-42.57022476196289,122480853.08486426,872.0,13.0,13.0,007,01,17717.0,0.0,1770365.0,1770369.0,833.62939453125,59.78010177612305,11.70025634765625,42.364349365234375,14.6585693359375,2.7144596576690674,,,,,,,47.0,14.0,20.0,1.0,0.0,0.0,0.0,0.0,2021,11,Primavera,Arbustos,1,1,1,1,3.6208052290854837,10–20 m,872_gt1r_1770365,295821.7,5283909.7,BOSQUE_NW_02,operacional,SI,,2021-11-18,NO,813.68,21.511,21.718,-1.56,PASA
BOSQUE_NW_02(3),ATL08_20211118142535_08721313_007_01.h5,2021-11-18T14:25:35Z,gt1r,-71.48799133300781,-42.56753921508789,122480853.12715392,872.0,13.0,13.0,007,01,17717.0,0.0,1770380.0,1770384.0,812.8439331054688,54.29525375366211,12.46697998046875,50.349857330322266,12.46697998046875,3.3290257453918457,,,,,,,40.0,15.0,20.0,1.0,0.0,0.0,0.0,0.0,2021,11,Primavera,Arbustos,1,1,1,1,4.038657109356259,10–20 m,872_gt1r_1770380,295786.0,5284207.1,BOSQUE_NW_02,operacional,SI,,2021-11-18,NO,791.89,21.501,21.709,-0.55,PASA
BOSQUE_NW_02(3),ATL08_20211118142535_08721313_007_01.h5,2021-11-18T14:25:35Z,gt1r,-71.4885482788086,-42.56306457519531,122480853.19757405,872.0,13.0,13.0,007,01,17717.0,0.0,1770405.0,1770409.0,794.3599243164062,30.56138801574707,10.203369140625,26.861459732055664,10.203369140625,2.4457764625549316,,,,,,,31.0,26.0,20.0,1.0,0.0,0.0,0.0,0.0,2021,11,Primavera,Arbustos,1,1,1,1,2.6326068734596704,10–20 m,872_gt1r_1770405,295725.6,5284702.7,BOSQUE_NW_02,operacional,SI,,2021-11-18,NO,772.60,21.486,21.696,0.27,PASA
BOSQUE_NW_02(3),ATL08_20211118142535_08721313_007_01.h5,2021-11-18T14:25:35Z,gt1r,-71.48865509033203,-42.56216812133789,122480853.21167354,872.0,13.0,13.0,007,01,17717.0,0.0,1770410.0,1770414.0,793.50634765625,29.387968063354492,9.5645751953125,23.974294662475586,9.5645751953125,1.9559415578842163,,,,,,,17.0,27.0,126.0,1.0,0.0,0.0,0.0,0.0,2021,11,Primavera,Bosque abierto desconocido,1,1,1,1,2.5065718207981824,5–10 m,872_gt1r_1770410,295714.0,5284802.0,BOSQUE_NW_02,operacional,SI,,2021-11-18,NO,771.69,21.482,21.693,0.33,PASA
BOSQUE_NW_02(3),ATL08_20211118142535_08721313_007_01.h5,2021-11-18T14:25:35Z,gt1r,-71.48876953125,-42.56127166748047,122480853.2257972,872.0,13.0,13.0,007,01,17717.0,0.0,1770415.0,1770419.0,792.550537109375,20.325801849365234,8.55084228515625,21.236730575561523,8.55084228515625,1.538570761680603,,,,,,,21.0,39.0,126.0,1.0,0.0,0.0,0.0,0.0,2021,11,Primavera,Bosque abierto desconocido,1,1,1,1,2.4835834725226094,5–10 m,872_gt1r_1770415,295701.6,5284901.2,BOSQUE_NW_02,operacional,SI,,2021-11-18,NO,770.87,21.479,21.690,0.20,PASA
BOSQUE_NW_02(3),ATL08_20211118142535_08721313_007_01.h5,2021-11-18T14:25:35Z,gt2l,-71.44013214111328,-42.63526153564453,122480851.64788015,872.0,13.0,13.0,007,01,17717.0,0.0,1769986.0,1769990.0,1140.8389892578125,16.053009033203125,24.0775146484375,20.102909088134766,26.4576416015625,6.561534404754639,,,,,,,134.0,71.0,20.0,1.0,0.0,0.0,0.0,0.0,2021,11,Primavera,Arbustos,1,1,1,1,0.8349245917472357,20–30 m,872_gt2l_1769986,299931.4,5276801.0,BOSQUE_NW_02,operacional,SI,,2021-11-18,NO,1119.58,21.762,21.962,-0.50,PASA
BOSQUE_NW_02(3),ATL08_20211118142535_08721313_007_01.h5,2021-11-18T14:25:35Z,gt2l,-71.4409408569336,-42.628997802734375,122480851.74657018,872.0,13.0,13.0,007,01,17717.0,0.0,1770021.0,1770025.0,1173.121826171875,15.434891700744629,3.9423828125,16.12565040588379,6.3824462890625,0.9362319707870483,,,,,,,76.0,76.0,126.0,1.0,0.0,0.0,0.0,0.0,2021,11,Primavera,Bosque abierto desconocido,1,1,1,1,4.090330942686401,2–5 m,872_gt2l_1770021,299845.0,5277494.6,BOSQUE_NW_02,operacional,SI,,2021-11-18,NO,1151.95,21.754,21.948,-0.58,PASA
BOSQUE_NW_02(3),ATL08_20211118142535_08721313_007_01.h5,2021-11-18T14:25:35Z,gt2l,-71.4410629272461,-42.62810516357422,122480851.7606974,872.0,13.0,13.0,007,01,17717.0,0.0,1770026.0,1770030.0,1179.441650390625,19.984739303588867,4.1844482421875,15.902544021606445,5.1810302734375,0.9034259915351868,,,,,,,126.0,59.0,20.0,1.0,0.0,0.0,0.0,0.0,2021,11,Primavera,Arbustos,1,1,1,1,3.8003920950144403,2–5 m,872_gt2l_1770026,299832.1,5277593.5,BOSQUE_NW_02,operacional,SI,,2021-11-18,NO,1157.89,21.752,21.945,-0.20,PASA
BOSQUE_NW_02(3),ATL08_20211118142535_08721313_007_01.h5,2021-11-18T14:25:35Z,gt2l,-71.44200134277344,-42.620948791503906,122480851.8734933,872.0,13.0,13.0,007,01,17717.0,0.0,1770068.0,1770070.0,1242.621826171875,,23.5103759765625,,24.7320556640625,6.11043643951416,,,,,,,66.0,7.0,116.0,1.0,0.0,0.0,0.0,0.0,2021,11,Primavera,Bosque cerrado desconocido,1,1,0,0,,20–30 m,872_gt2l_1770068,299732.2,5278386.0,BOSQUE_NW_02,operacional,SI,,2021-11-18,NO,1229.10,21.736,21.926,-8.22,DESCARTADO
BOSQUE_NW_02(3),ATL08_20211118142535_08721313_007_01.h5,2021-11-18T14:25:35Z,gt2l,-71.44269561767578,-42.61558151245117,122480851.95808521,872.0,13.0,13.0,007,01,17717.0,0.0,1770096.0,1770100.0,1227.8316650390625,,13.7286376953125,,15.8857421875,4.346390724182129,,,,,,,72.0,6.0,126.0,1.0,0.0,0.0,0.0,0.0,2021,11,Primavera,Bosque abierto desconocido,1,1,0,0,,10–20 m,872_gt2l_1770096,299658.1,5278980.3,BOSQUE_NW_02,operacional,SI,,2021-11-18,NO,1215.37,21.720,21.910,-9.26,DESCARTADO
BOSQUE_NW_02(3),ATL08_20211118142535_08721313_007_01.h5,2021-11-18T14:25:35Z,gt2l,-71.44290924072266,-42.61378860473633,122480851.98637632,872.0,13.0,13.0,007,01,17717.0,0.0,1770106.0,1770110.0,1194.232421875,20.93627166748047,10.3719482421875,21.972028732299805,13.717041015625,2.232912063598633,,,,,,,69.0,57.0,126.0,1.0,0.0,0.0,0.0,0.0,2021,11,Primavera,Bosque abierto desconocido,1,1,1,1,2.118409022032083,10–20 m,872_gt2l_1770106,299634.8,5279178.9,BOSQUE_NW_02,operacional,SI,,2021-11-18,NO,1169.88,21.714,21.904,2.64,PASA
BOSQUE_NW_02(3),ATL08_20211118142535_08721313_007_01.h5,2021-11-18T14:25:35Z,gt2l,-71.44313049316406,-42.61199951171875,122480852.01441999,872.0,13.0,13.0,007,01,17717.0,0.0,1770116.0,1770120.0,1168.0732421875,31.58831024169922,3.782958984375,21.485456466674805,4.32470703125,0.8711833953857422,,,,,,,79.0,37.0,30.0,1.0,0.0,0.0,0.0,0.0,2021,11,Primavera,Herbáceas,1,1,1,1,5.679537249919329,2–5 m,872_gt2l_1770116,299610.9,5279377.1,BOSQUE_NW_02,operacional,SI,,2021-11-18,NO,1145.64,21.709,21.898,0.72,PASA
BOSQUE_NW_02(3),ATL08_20211118142535_08721313_007_01.h5,2021-11-18T14:25:35Z,gt2l,-71.4440689086914,-42.60484313964844,122480852.12726235,872.0,13.0,13.0,007,01,17717.0,0.0,1770156.0,1770160.0,1184.6558837890625,,21.7452392578125,,22.77490234375,5.267087936401367,,,,,,,90.0,8.0,112.0,1.0,0.0,0.0,0.0,0.0,2021,11,Primavera,Bosque cerrado perennifolio latifolio,1,1,0,0,,20–30 m,872_gt2l_1770156,299511.0,5280169.6,BOSQUE_NW_02,operacional,SI,,2021-11-18,NO,1168.75,21.688,21.876,-5.78,DESCARTADO
BOSQUE_NW_02(3),ATL08_20211118142535_08721313_007_01.h5,2021-11-18T14:25:35Z,gt2l,-71.4441909790039,-42.603946685791016,122480852.14126973,872.0,13.0,13.0,007,01,17717.0,0.0,1770161.0,1770165.0,1200.77392578125,,21.9886474609375,,23.6527099609375,6.175799369812012,,,,,,,114.0,5.0,112.0,1.0,0.0,0.0,0.0,0.0,2021,11,Primavera,Bosque cerrado perennifolio latifolio,1,1,0,0,,20–30 m,872_gt2l_1770161,299498.1,5280268.8,BOSQUE_NW_02,operacional,SI,,2021-11-18,NO,1186.06,21.685,21.874,-6.97,DESCARTADO
BOSQUE_NW_02(3),ATL08_20211118142535_08721313_007_01.h5,2021-11-18T14:25:35Z,gt2l,-71.44464874267578,-42.60036849975586,122480852.19770932,872.0,13.0,13.0,007,01,17717.0,0.0,1770181.0,1770185.0,1174.1202392578125,17.26947021484375,4.150390625,20.783565521240234,4.885986328125,0.789482593536377,,,,,,,75.0,68.0,116.0,1.0,0.0,0.0,0.0,0.0,2021,11,Primavera,Bosque cerrado desconocido,1,1,1,1,5.007616727941176,2–5 m,872_gt2l_1770181,299449.0,5280665.1,BOSQUE_NW_02,operacional,SI,,2021-11-18,NO,1152.83,21.674,21.863,-0.39,PASA
BOSQUE_NW_02(3),ATL08_20211118142535_08721313_007_01.h5,2021-11-18T14:25:35Z,gt2l,-71.44547271728516,-42.5941047668457,122480852.29626639,872.0,13.0,13.0,007,01,17717.0,0.0,1770216.0,1770220.0,1174.8092041015625,,21.26220703125,,21.64111328125,4.608236312866211,,,,,,,67.0,9.0,112.0,1.0,0.0,0.0,0.0,0.0,2021,11,Primavera,Bosque cerrado perennifolio latifolio,1,1,0,0,,20–30 m,872_gt2l_1770216,299361.3,5281358.7,BOSQUE_NW_02,operacional,SI,,2021-11-18,NO,1158.20,21.655,21.838,-5.05,DESCARTADO
BOSQUE_NW_02(3),ATL08_20211118142535_08721313_007_01.h5,2021-11-18T14:25:35Z,gt2l,-71.44664764404297,-42.58515930175781,122480852.43719015,872.0,13.0,13.0,007,01,17717.0,0.0,1770266.0,1770270.0,1139.7740478515625,24.712322235107422,6.9012451171875,19.902311325073242,8.3590087890625,1.3130313158035278,,,,,,,81.0,46.0,116.0,1.0,0.0,0.0,0.0,0.0,2021,11,Primavera,Bosque cerrado desconocido,1,1,1,1,2.8838725457681083,5–10 m,872_gt2l_1770266,299236.2,5282349.3,BOSQUE_NW_02,operacional,SI,,2021-11-18,NO,1114.69,21.628,21.802,3.46,PASA
BOSQUE_NW_02(3),ATL08_20211118142535_08721313_007_01.h5,2021-11-18T14:25:35Z,gt2l,-71.44688415527344,-42.583370208740234,122480852.46529612,872.0,13.0,13.0,007,01,17717.0,0.0,1770276.0,1770280.0,1137.0513916015625,33.432960510253906,4.45361328125,21.184192657470703,11.064697265625,1.4200316667556763,,,,,,,65.0,34.0,126.0,1.0,0.0,0.0,0.0,0.0,2021,11,Primavera,Bosque abierto desconocido,1,1,1,1,4.756630475002741,2–5 m,872_gt2l_1770276,299211.1,5282547.5,BOSQUE_NW_02,operacional,SI,,2021-11-18,NO,1115.09,21.622,21.795,0.34,PASA
BOSQUE_NW_02(3),ATL08_20211118142535_08721313_007_01.h5,2021-11-18T14:25:35Z,gt2l,-71.44768524169922,-42.57710647583008,122480852.5640361,872.0,13.0,13.0,007,01,17717.0,0.0,1770311.0,1770315.0,1011.6387329101562,18.41790199279785,7.49835205078125,14.637772560119629,12.2342529296875,1.6256954669952393,,,,,,,72.0,55.0,20.0,1.0,0.0,0.0,0.0,0.0,2021,11,Primavera,Arbustos,1,1,1,1,1.952131943257389,5–10 m,872_gt2l_1770311,299125.2,5283241.1,BOSQUE_NW_02,operacional,SI,,2021-11-18,NO,989.26,21.598,21.774,0.78,PASA
BOSQUE_NW_02(3),ATL08_20211118142535_08721313_007_01.h5,2021-11-18T14:25:35Z,gt2l,-71.4480209350586,-42.57442092895508,122480852.60631302,872.0,13.0,13.0,007,01,17717.0,0.0,1770326.0,1770330.0,959.2576293945312,95.919921875,7.51690673828125,16.997541427612305,8.1551513671875,1.8628618717193604,,,,,,,77.0,10.0,20.0,1.0,0.0,0.0,0.0,0.0,2021,11,Primavera,Arbustos,1,1,1,1,2.2612414945963284,5–10 m,872_gt2l_1770326,299089.0,5283538.6,BOSQUE_NW_02,operacional,SI,,2021-11-18,NO,938.68,21.588,21.765,-1.01,PASA
BOSQUE_NW_02(3),ATL08_20211118142535_08721313_007_01.h5,2021-11-18T14:25:35Z,gt2l,-71.4481430053711,-42.57352828979492,122480852.62031905,872.0,13.0,13.0,007,01,17717.0,0.0,1770331.0,1770335.0,952.4530029296875,68.19400787353516,9.1383056640625,15.361517906188965,10.6396484375,2.108694076538086,,,,,,,75.0,14.0,126.0,1.0,0.0,0.0,0.0,0.0,2021,11,Primavera,Bosque abierto desconocido,1,1,1,1,1.6810028544569269,5–10 m,872_gt2l_1770331,299076.1,5283637.4,BOSQUE_NW_02,operacional,SI,,2021-11-18,NO,932.70,21.584,21.762,-1.84,PASA
BOSQUE_NW_02(3),ATL08_20211118142535_08721313_007_01.h5,2021-11-18T14:25:35Z,gt2l,-71.4486083984375,-42.569950103759766,122480852.67671803,872.0,13.0,13.0,007,01,17717.0,0.0,1770351.0,1770355.0,925.9115600585938,29.901819229125977,8.360107421875,13.536813735961914,9.0545654296875,1.7039291858673096,,,,,,,68.0,31.0,20.0,1.0,0.0,0.0,0.0,0.0,2021,11,Primavera,Arbustos,1,1,1,1,1.6192152867009315,5–10 m,872_gt2l_1770351,299026.4,5284033.6,BOSQUE_NW_02,operacional,SI,,2021-11-18,NO,906.44,21.570,21.751,-2.10,PASA
BOSQUE_NW_02(3),ATL08_20211118142535_08721313_007_01.h5,2021-11-18T14:25:35Z,gt2r,-71.43731689453125,-42.64752197265625,122480851.80525209,872.0,13.0,13.0,007,01,17717.0,0.0,1769917.0,1769921.0,1098.23291015625,,29.057861328125,,29.22705078125,6.810763359069824,,,,,,,53.0,3.0,116.0,1.0,0.0,0.0,0.0,0.0,2021,11,Primavera,Bosque cerrado desconocido,1,1,0,0,,20–30 m,872_gt2r_1769917,300201.5,5275446.1,BOSQUE_NW_02,operacional,SI,,2021-11-18,NO,1084.15,21.780,21.973,-7.70,DESCARTADO
BOSQUE_NW_02(3),ATL08_20211118142535_08721313_007_01.h5,2021-11-18T14:25:35Z,gt2r,-71.43743896484375,-42.646629333496094,122480851.81932503,872.0,13.0,13.0,007,01,17717.0,0.0,1769922.0,1769926.0,1103.2999267578125,,26.944580078125,,28.2662353515625,7.670193672180176,,,,,,,73.0,3.0,116.0,1.0,0.0,0.0,0.0,0.0,2021,11,Primavera,Bosque cerrado desconocido,1,1,0,0,,20–30 m,872_gt2r_1769922,300188.6,5275544.9,BOSQUE_NW_02,operacional,SI,,2021-11-18,NO,1084.26,21.779,21.972,-2.74,PASA
BOSQUE_NW_02(3),ATL08_20211118142535_08721313_007_01.h5,2021-11-18T14:25:35Z,gt2r,-71.43859100341797,-42.63768005371094,122480851.96034335,872.0,13.0,13.0,007,01,17717.0,0.0,1769972.0,1769976.0,1102.36474609375,,30.3328857421875,,31.3935546875,7.924039363861084,,,,,,,89.0,3.0,30.0,1.0,0.0,0.0,0.0,0.0,2021,11,Primavera,Herbáceas,1,1,0,0,,>30 m,872_gt2r_1769972,300065.5,5276536.0,BOSQUE_NW_02,operacional,SI,,2021-11-18,NO,1082.95,21.767,21.965,-2.35,PASA
BOSQUE_NW_02(3),ATL08_20211118142535_08721313_007_01.h5,2021-11-18T14:25:35Z,gt2r,-71.44000244140625,-42.62694549560547,122480852.12940092,872.0,13.0,13.0,007,01,17717.0,0.0,1770032.0,1770036.0,1171.7855224609375,,29.3297119140625,,29.8138427734375,8.289852142333984,,,,,,,102.0,3.0,30.0,1.0,0.0,0.0,0.0,0.0,2021,11,Primavera,Herbáceas,1,1,0,0,,20–30 m,872_gt2r_1770032,299915.4,5277724.8,BOSQUE_NW_02,operacional,SI,,2021-11-18,NO,1153.59,21.752,21.943,-3.55,PASA
BOSQUE_NW_02(3),ATL08_20211118142535_08721313_007_01.h5,2021-11-18T14:25:35Z,gt2r,-71.44102478027344,-42.61943435668945,122480852.24766418,872.0,13.0,13.0,007,01,17717.0,0.0,1770074.0,1770076.0,1290.0322265625,,118.3690185546875,,118.3690185546875,28.94125747680664,,,,,,,24.0,2.0,116.0,1.0,0.0,0.0,0.0,0.0,2021,11,Primavera,Bosque cerrado desconocido,1,1,0,0,,>30 m,872_gt2r_1770074,299807.5,5278556.4,BOSQUE_NW_02,operacional,SI,,2021-11-18,SI,1275.06,21.733,21.923,-6.76,DESCARTADO
BOSQUE_NW_02(3),ATL08_20211118142535_08721313_007_01.h5,2021-11-18T14:25:35Z,gt2r,-71.44109344482422,-42.618896484375,122480852.25613995,872.0,13.0,13.0,007,01,17717.0,0.0,1770077.0,1770081.0,1290.9644775390625,,14.2349853515625,,14.2349853515625,3.8085007667541504,,,,,,,24.0,2.0,20.0,1.0,0.0,0.0,0.0,0.0,2021,11,Primavera,Arbustos,1,1,0,0,,10–20 m,872_gt2r_1770077,299800.1,5278616.0,BOSQUE_NW_02,operacional,SI,,2021-11-18,NO,1275.10,21.731,21.921,-5.87,DESCARTADO
BOSQUE_NW_02(3),ATL08_20211118142535_08721313_007_01.h5,2021-11-18T14:25:35Z,gt2r,-71.44131469726562,-42.61710739135742,122480852.28430815,872.0,13.0,13.0,007,01,17717.0,0.0,1770087.0,1770091.0,1268.0364990234375,35.31416702270508,15.071533203125,40.114505767822266,15.262939453125,4.525386810302734,,,,,,,44.0,36.0,30.0,1.0,0.0,0.0,0.0,0.0,2021,11,Primavera,Herbáceas,1,1,1,1,2.6616074972057087,10–20 m,872_gt2r_1770087,299776.2,5278814.2,BOSQUE_NW_02,operacional,SI,,2021-11-18,NO,1251.23,21.726,21.916,-4.92,PASA
BOSQUE_NW_02(3),ATL08_20211118142535_08721313_007_01.h5,2021-11-18T14:25:35Z,gt2r,-71.44200134277344,-42.61173629760742,122480852.36889672,872.0,13.0,13.0,007,01,17717.0,0.0,1770117.0,1770121.0,1169.195068359375,64.99431610107422,14.922119140625,66.56336212158203,15.718994140625,4.642946243286133,,,,,,,49.0,18.0,126.0,1.0,0.0,0.0,0.0,0.0,2021,11,Primavera,Bosque abierto desconocido,1,1,1,1,4.4607177770324435,10–20 m,872_gt2r_1770117,299702.7,5279409.0,BOSQUE_NW_02,operacional,SI,,2021-11-18,NO,1147.91,21.710,21.899,-0.42,PASA
BOSQUE_NW_02(3),ATL08_20211118142535_08721313_007_01.h5,2021-11-18T14:25:35Z,gt2r,-71.4422378540039,-42.609947204589844,122480852.39710315,872.0,13.0,13.0,007,01,17717.0,0.0,1770127.0,1770131.0,1157.27490234375,55.05152130126953,14.0604248046875,68.50786590576172,14.0604248046875,3.3524396419525146,,,,,,,31.0,21.0,116.0,1.0,0.0,0.0,0.0,0.0,2021,11,Primavera,Bosque cerrado desconocido,1,1,1,1,4.872389480218435,10–20 m,872_gt2r_1770127,299677.5,5279607.1,BOSQUE_NW_02,operacional,SI,,2021-11-18,NO,1135.39,21.705,21.893,0.18,PASA
BOSQUE_NW_02(3),ATL08_20211118142535_08721313_007_01.h5,2021-11-18T14:25:35Z,gt2r,-71.44246673583984,-42.608158111572266,122480852.42533606,872.0,13.0,13.0,007,01,17717.0,0.0,1770137.0,1770141.0,1148.865478515625,191.81593322753906,14.62939453125,81.65299224853516,15.3499755859375,3.8963840007781982,,,,,,,49.0,6.0,126.0,1.0,0.0,0.0,0.0,0.0,2021,11,Primavera,Bosque abierto desconocido,1,1,1,1,5.5814334676746435,10–20 m,872_gt2r_1770137,299653.0,5279805.3,BOSQUE_NW_02,operacional,SI,,2021-11-18,NO,1128.35,21.699,21.888,-1.18,PASA
BOSQUE_NW_02(3),ATL08_20211118142535_08721313_007_01.h5,2021-11-18T14:25:35Z,gt2r,-71.44271087646484,-42.60636901855469,122480852.45348752,872.0,13.0,13.0,007,01,17717.0,0.0,1770147.0,1770150.0,1168.3336181640625,,18.4619140625,,18.4619140625,3.9648356437683105,,,,,,,27.0,2.0,112.0,1.0,0.0,0.0,0.0,0.0,2021,11,Primavera,Bosque cerrado perennifolio latifolio,1,1,0,0,,10–20 m,872_gt2r_1770147,299627.3,5280003.4,BOSQUE_NW_02,operacional,SI,,2021-11-18,NO,1144.57,21.694,21.882,2.07,PASA
BOSQUE_NW_02(3),ATL08_20211118142535_08721313_007_01.h5,2021-11-18T14:25:35Z,gt2r,-71.44307708740234,-42.60368728637695,122480852.49571368,872.0,13.0,13.0,007,01,17717.0,0.0,1770162.0,1770166.0,1206.0946044921875,,24.106689453125,,24.4697265625,5.961346626281738,,,,,,,46.0,5.0,116.0,1.0,0.0,0.0,0.0,0.0,2021,11,Primavera,Bosque cerrado desconocido,1,1,0,0,,20–30 m,872_gt2r_1770162,299588.6,5280300.3,BOSQUE_NW_02,operacional,SI,,2021-11-18,NO,1190.03,21.686,21.874,-5.62,DESCARTADO
BOSQUE_NW_02(3),ATL08_20211118142535_08721313_007_01.h5,2021-11-18T14:25:35Z,gt2r,-71.44354248046875,-42.6001091003418,122480852.55215867,872.0,13.0,13.0,007,01,17717.0,0.0,1770182.0,1770186.0,1181.9862060546875,,6.81884765625,,7.735595703125,1.4322762489318848,,,,,,,34.0,3.0,126.0,1.0,0.0,0.0,0.0,0.0,2021,11,Primavera,Bosque abierto desconocido,1,1,0,0,,5–10 m,872_gt2r_1770182,299539.0,5280696.5,BOSQUE_NW_02,operacional,SI,,2021-11-18,NO,1163.63,21.675,21.863,-3.32,PASA
BOSQUE_NW_02(3),ATL08_20211118142535_08721313_007_01.h5,2021-11-18T14:25:35Z,gt2r,-71.44390106201172,-42.5974235534668,122480852.59449339,872.0,13.0,13.0,007,01,17717.0,0.0,1770197.0,1770201.0,1172.0518798828125,,15.7559814453125,,15.7750244140625,4.28292989730835,,,,,,,50.0,4.0,20.0,1.0,0.0,0.0,0.0,0.0,2021,11,Primavera,Arbustos,1,1,0,0,,10–20 m,872_gt2r_1770197,299500.9,5280993.9,BOSQUE_NW_02,operacional,SI,,2021-11-18,NO,1150.57,21.667,21.852,-0.19,PASA
BOSQUE_NW_02(3),ATL08_20211118142535_08721313_007_01.h5,2021-11-18T14:25:35Z,gt2r,-71.44414520263672,-42.59563446044922,122480852.62263459,872.0,13.0,13.0,007,01,17717.0,0.0,1770207.0,1770211.0,1173.5338134765625,,22.3887939453125,,22.3887939453125,5.681257247924805,,,,,,,40.0,4.0,112.0,1.0,0.0,0.0,0.0,0.0,2021,11,Primavera,Bosque cerrado perennifolio latifolio,1,1,0,0,,20–30 m,872_gt2r_1770207,299475.2,5281192.0,BOSQUE_NW_02,operacional,SI,,2021-11-18,NO,1157.81,21.662,21.845,-5.94,DESCARTADO
BOSQUE_NW_02(3),ATL08_20211118142535_08721313_007_01.h5,2021-11-18T14:25:35Z,gt2r,-71.44426727294922,-42.59474182128906,122480852.63670611,872.0,13.0,13.0,007,01,17717.0,0.0,1770212.0,1770216.0,1186.0528564453125,,22.484375,,22.484375,5.943395614624023,,,,,,,36.0,5.0,112.0,1.0,0.0,0.0,0.0,0.0,2021,11,Primavera,Bosque cerrado perennifolio latifolio,1,1,0,0,,20–30 m,872_gt2r_1770212,299462.3,5281290.9,BOSQUE_NW_02,operacional,SI,,2021-11-18,NO,1164.74,21.659,21.841,-0.34,PASA
BOSQUE_NW_02(3),ATL08_20211118142535_08721313_007_01.h5,2021-11-18T14:25:35Z,gt2r,-71.44438171386719,-42.593849182128906,122480852.65086526,872.0,13.0,13.0,007,01,17717.0,0.0,1770217.0,1770221.0,1198.6331787109375,199.67481994628906,18.1947021484375,121.70719146728516,18.1947021484375,4.037926197052002,,,,,,,27.0,6.0,112.0,1.0,0.0,0.0,0.0,0.0,2021,11,Primavera,Bosque cerrado perennifolio latifolio,1,1,1,1,6.689155473629832,10–20 m,872_gt2r_1770217,299450.0,5281389.7,BOSQUE_NW_02,operacional,SI,,2021-11-18,NO,1172.36,21.656,21.838,4.61,PASA
BOSQUE_NW_02(3),ATL08_20211118142535_08721313_007_01.h5,2021-11-18T14:25:35Z,gt2r,-71.44462585449219,-42.59206008911133,122480852.67905037,872.0,13.0,13.0,007,01,17717.0,0.0,1770227.0,1770231.0,1213.557861328125,134.65280151367188,14.395263671875,143.69882202148438,14.395263671875,4.144768714904785,,,,,,,36.0,9.0,116.0,1.0,0.0,0.0,0.0,0.0,2021,11,Primavera,Bosque cerrado desconocido,1,1,1,1,9.982368180045112,10–20 m,872_gt2r_1770227,299424.3,5281587.8,BOSQUE_NW_02,operacional,SI,,2021-11-18,NO,1192.23,21.651,21.830,-0.33,PASA
BOSQUE_NW_02(3),ATL08_20211118142535_08721313_007_01.h5,2021-11-18T14:25:35Z,gt2r,-71.4449691772461,-42.58937454223633,122480852.72135934,872.0,13.0,13.0,007,01,17717.0,0.0,1770242.0,1770246.0,1187.4500732421875,169.5186004638672,8.084716796875,64.72990417480469,9.083740234375,1.6909509897232056,,,,,,,33.0,7.0,20.0,1.0,0.0,0.0,0.0,0.0,2021,11,Primavera,Arbustos,1,1,1,1,8.006452891438926,5–10 m,872_gt2r_1770242,299387.5,5281885.2,BOSQUE_NW_02,operacional,SI,,2021-11-18,NO,1168.35,21.642,21.820,-2.54,PASA
BOSQUE_NW_02(3),ATL08_20211118142535_08721313_007_01.h5,2021-11-18T14:25:35Z,gt2r,-71.445556640625,-42.58489990234375,122480852.79187092,872.0,13.0,13.0,007,01,17717.0,0.0,1770267.0,1770271.0,1144.7442626953125,114.75984191894531,10.5911865234375,70.7018814086914,11.86181640625,2.8651418685913086,,,,,,,41.0,10.0,116.0,1.0,0.0,0.0,0.0,0.0,2021,11,Primavera,Bosque cerrado desconocido,1,1,1,1,6.67553925636504,10–20 m,872_gt2r_1770267,299324.9,5282380.7,BOSQUE_NW_02,operacional,SI,,2021-11-18,NO,1122.14,21.629,21.802,0.97,PASA
BOSQUE_NW_02(3),ATL08_20211118142535_08721313_007_01.h5,2021-11-18T14:25:35Z,gt2r,-71.44566345214844,-42.584007263183594,122480852.80596799,872.0,13.0,13.0,007,01,17717.0,0.0,1770272.0,1770276.0,1142.28125,,9.31884765625,,9.6466064453125,1.682448387145996,,,,,,,38.0,5.0,126.0,1.0,0.0,0.0,0.0,0.0,2021,11,Primavera,Bosque abierto desconocido,1,1,0,0,,5–10 m,872_gt2r_1770272,299313.3,5282479.6,BOSQUE_NW_02,operacional,SI,,2021-11-18,NO,1119.69,21.626,21.798,0.96,PASA
BOSQUE_NW_02(3),ATL08_20211118142535_08721313_007_01.h5,2021-11-18T14:25:35Z,gt2r,-71.4466781616211,-42.575950622558594,122480852.93289472,872.0,13.0,13.0,007,01,17717.0,0.0,1770317.0,1770321.0,992.847900390625,110.16693878173828,17.78167724609375,83.06900024414062,17.78167724609375,4.135632038116455,,,,,,,41.0,9.0,20.0,1.0,0.0,0.0,0.0,0.0,2021,11,Primavera,Arbustos,1,1,1,1,4.671606569756466,10–20 m,872_gt2r_1770317,299204.1,5283371.9,BOSQUE_NW_02,operacional,SI,,2021-11-18,NO,969.71,21.596,21.772,1.54,PASA
BOSQUE_NW_02(3),ATL08_20211118142535_08721313_007_01.h5,2021-11-18T14:25:35Z,gt2r,-71.44700622558594,-42.573265075683594,122480852.97532843,872.0,13.0,13.0,007,01,17717.0,0.0,1770332.0,1770336.0,983.8675537109375,,16.2357177734375,,16.2357177734375,4.218226432800293,,,,,,,30.0,5.0,20.0,1.0,0.0,0.0,0.0,0.0,2021,11,Primavera,Arbustos,1,1,0,0,,10–20 m,872_gt2r_1770332,299168.6,5283669.3,BOSQUE_NW_02,operacional,SI,,2021-11-18,NO,938.67,21.585,21.763,23.61,DESCARTADO
BOSQUE_NW_02(3),ATL08_20211118142535_08721313_007_01.h5,2021-11-18T14:25:35Z,gt2r,-71.44723510742188,-42.571475982666016,122480853.0034424,872.0,13.0,13.0,007,01,17717.0,0.0,1770342.0,1770346.0,942.3290405273438,49.76496887207031,13.4805908203125,55.828853607177734,13.4805908203125,4.609494209289551,,,,,,,22.0,19.0,20.0,1.0,0.0,0.0,0.0,0.0,2021,11,Primavera,Arbustos,1,1,1,1,4.141424834515045,10–20 m,872_gt2r_1770342,299144.1,5283867.5,BOSQUE_NW_02,operacional,SI,,2021-11-18,NO,919.66,21.578,21.757,1.09,PASA
BOSQUE_NW_02(3),ATL08_20211118142535_08721313_007_01.h5,2021-11-18T14:25:35Z,gt2r,-71.44791412353516,-42.566104888916016,122480853.08808397,872.0,13.0,13.0,007,01,17717.0,0.0,1770372.0,1770376.0,906.3655395507812,,14.85443115234375,,14.85443115234375,3.68196964263916,,,,,,,45.0,4.0,126.0,1.0,0.0,0.0,0.0,0.0,2021,11,Primavera,Bosque abierto desconocido,1,1,0,0,,10–20 m,872_gt2r_1770372,299071.1,5284462.3,BOSQUE_NW_02,operacional,SI,,2021-11-18,NO,884.68,21.558,21.739,0.12,PASA
BOSQUE_NW_02(3),ATL08_20211118142535_08721313_007_01.h5,2021-11-18T14:25:35Z,gt2r,-71.4480209350586,-42.56521224975586,122480853.10215947,872.0,13.0,13.0,007,01,17717.0,0.0,1770377.0,1770381.0,902.9978637695312,45.116294860839844,15.205322265625,45.886627197265625,15.82305908203125,3.554330825805664,,,,,,,56.0,20.0,20.0,1.0,0.0,0.0,0.0,0.0,2021,11,Primavera,Arbustos,1,1,1,1,3.0178003725052585,10–20 m,872_gt2r_1770377,299059.4,5284561.2,BOSQUE_NW_02,operacional,SI,,2021-11-18,NO,879.45,21.554,21.736,1.99,PASA
BOSQUE_NW_02(3),ATL08_20211118142535_08721313_007_01.h5,2021-11-18T14:25:35Z,gt2r,-71.44812774658203,-42.56431579589844,122480853.11625883,872.0,13.0,13.0,007,01,17717.0,0.0,1770382.0,1770384.0,888.85693359375,,19.65771484375,,19.65771484375,4.484014987945557,,,,,,,33.0,1.0,20.0,1.0,0.0,0.0,0.0,0.0,2021,11,Primavera,Arbustos,1,1,0,0,,10–20 m,872_gt2r_1770382,299047.8,5284660.5,BOSQUE_NW_02,operacional,SI,,2021-11-18,NO,870.94,21.551,21.733,-3.64,PASA
BOSQUE_NW_02(3),ATL08_20211118142535_08721313_007_01.h5,2021-11-18T14:25:35Z,gt2r,-71.4482421875,-42.563419342041016,122480853.13034661,872.0,13.0,13.0,007,01,17717.0,0.0,1770387.0,1770391.0,873.2822265625,,14.59332275390625,,14.80548095703125,3.4570157527923584,,,,,,,42.0,5.0,126.0,1.0,0.0,0.0,0.0,0.0,2021,11,Primavera,Bosque abierto desconocido,1,1,0,0,,10–20 m,872_gt2r_1770387,299035.5,5284759.7,BOSQUE_NW_02,operacional,SI,,2021-11-18,NO,854.21,21.547,21.731,-2.48,PASA
BOSQUE_NW_02(3),ATL08_20211118142535_08721313_007_01.h5,2021-11-18T14:25:35Z,gt2r,-71.44857025146484,-42.560733795166016,122480853.17270024,872.0,13.0,13.0,007,01,17717.0,0.0,1770402.0,1770406.0,860.119873046875,,16.5599365234375,,16.77899169921875,4.453412055969238,,,,,,,62.0,1.0,126.0,1.0,0.0,0.0,0.0,0.0,2021,11,Primavera,Bosque abierto desconocido,1,1,0,0,,10–20 m,872_gt2r_1770402,299000.0,5285057.2,BOSQUE_NW_02,operacional,SI,,2021-11-18,NO,839.08,21.537,21.722,-0.50,PASA
BOSQUE_NW_02(3),ATL08_20220214215513_08341409_007_01.h5,2022-02-14T21:55:13Z,gt2l,-71.42424011230469,-42.55998611450195,130111157.13228132,834.0,14.0,9.0,007,01,19066.0,0.0,1238449.0,1238453.0,941.6290893554688,,8.65777587890625,,9.89727783203125,1.8601622581481934,,,,,,,58.0,5.0,126.0,1.0,0.0,0.0,0.0,0.0,2022,2,Verano,Bosque abierto desconocido,1,1,0,0,,5–10 m,834_gt2l_1238449,300994.9,5285197.7,BOSQUE_NW_02,operacional,SI,,2022-02-14,NO,922.72,21.576,21.748,-2.67,PASA
BOSQUE_NW_02(3),ATL08_20220214215513_08341409_007_01.h5,2022-02-14T21:55:13Z,gt2l,-71.42435455322266,-42.56087875366211,130111157.14640819,834.0,14.0,9.0,007,01,19066.0,0.0,1238454.0,1238458.0,947.8248291015625,56.05064010620117,7.79931640625,12.950910568237305,8.54156494140625,1.651296615600586,,,,,,,52.0,17.0,126.0,1.0,0.0,0.0,0.0,0.0,2022,2,Verano,Bosque abierto desconocido,1,1,1,1,1.660518678003506,5–10 m,834_gt2l_1238454,300988.4,5285098.3,BOSQUE_NW_02,operacional,SI,,2022-02-14,NO,928.86,21.579,21.750,-2.61,PASA
BOSQUE_NW_02(3),ATL08_20220214215513_08341409_007_01.h5,2022-02-14T21:55:13Z,gt2l,-71.42609405517578,-42.57429885864258,130111157.35785073,834.0,14.0,9.0,007,01,19066.0,0.0,1238529.0,1238533.0,1088.2861328125,,16.086181640625,,20.244384765625,4.21727180480957,,,,,,,66.0,6.0,112.0,1.0,0.0,0.0,0.0,0.0,2022,2,Verano,Bosque cerrado perennifolio latifolio,1,1,0,0,,10–20 m,834_gt2l_1238529,300888.3,5283603.9,BOSQUE_NW_02,operacional,SI,,2022-02-14,NO,1064.12,21.625,21.789,2.55,PASA
BOSQUE_NW_02(3),ATL08_20220214215513_08341409_007_01.h5,2022-02-14T21:55:13Z,gt2l,-71.42655944824219,-42.577877044677734,130111157.41412486,834.0,14.0,9.0,007,01,19066.0,0.0,1238549.0,1238553.0,1094.27099609375,21.064058303833008,3.4947509765625,18.676605224609375,5.2349853515625,0.854227602481842,,,,,,,74.0,52.0,126.0,1.0,0.0,0.0,0.0,0.0,2022,2,Verano,Bosque abierto desconocido,1,1,1,1,5.344187711760802,2–5 m,834_gt2l_1238549,300861.5,5283205.5,BOSQUE_NW_02,operacional,SI,,2022-02-14,NO,1071.41,21.637,21.799,1.22,PASA
BOSQUE_NW_02(3),ATL08_20220214215513_08341409_007_01.h5,2022-02-14T21:55:13Z,gt2l,-71.42667388916016,-42.578773498535156,130111157.42815569,834.0,14.0,9.0,007,01,19066.0,0.0,1238554.0,1238558.0,1100.765869140625,21.169940948486328,4.603271484375,14.172179222106934,6.0050048828125,1.0738904476165771,,,,,,,75.0,52.0,20.0,1.0,0.0,0.0,0.0,0.0,2022,2,Verano,Arbustos,1,1,1,1,3.07871896546009,2–5 m,834_gt2l_1238554,300854.9,5283105.7,BOSQUE_NW_02,operacional,SI,,2022-02-14,NO,1078.07,21.640,21.802,1.05,PASA
BOSQUE_NW_02(3),ATL08_20220214215513_08341409_007_01.h5,2022-02-14T21:55:13Z,gt2l,-71.42864227294922,-42.5939826965332,130111157.66796997,834.0,14.0,9.0,007,01,19066.0,0.0,1238639.0,1238643.0,1306.9041748046875,,27.142822265625,,27.7467041015625,7.7371063232421875,,,,,,,80.0,3.0,112.0,1.0,0.0,0.0,0.0,0.0,2022,2,Verano,Bosque cerrado perennifolio latifolio,1,1,0,0,,20–30 m,834_gt2l_1238639,300741.9,5281412.1,BOSQUE_NW_02,operacional,SI,,2022-02-14,NO,1287.22,21.682,21.852,-2.00,PASA
BOSQUE_NW_02(3),ATL08_20220214215513_08341409_007_01.h5,2022-02-14T21:55:13Z,gt2l,-71.42877197265625,-42.59487533569336,130111157.68200587,834.0,14.0,9.0,007,01,19066.0,0.0,1238645.0,1238648.0,1285.7454833984375,,30.9381103515625,,33.6947021484375,5.65393590927124,,,,,,,85.0,1.0,112.0,1.0,0.0,0.0,0.0,0.0,2022,2,Verano,Bosque cerrado perennifolio latifolio,1,1,0,0,,>30 m,834_gt2l_1238645,300734.1,5281312.6,BOSQUE_NW_02,operacional,SI,,2022-02-14,NO,1261.56,21.684,21.855,2.50,PASA
BOSQUE_NW_02(3),ATL08_20220214215513_08341409_007_01.h5,2022-02-14T21:55:13Z,gt2l,-71.4298095703125,-42.602928161621094,130111157.80888183,834.0,14.0,9.0,007,01,19066.0,0.0,1238689.0,1238693.0,1199.120849609375,11.986566543579102,5.3741455078125,13.692940711975098,5.5599365234375,1.2706538438796997,,,,,,,47.0,100.0,126.0,1.0,0.0,0.0,0.0,0.0,2022,2,Verano,Bosque abierto desconocido,1,1,1,1,2.5479289111300396,5–10 m,834_gt2l_1238689,300674.6,5280415.9,BOSQUE_NW_02,operacional,SI,,2022-02-14,NO,1177.40,21.704,21.883,0.02,PASA
BOSQUE_NW_02(3),ATL08_20220214215513_08341409_007_01.h5,2022-02-14T21:55:13Z,gt2l,-71.43132781982422,-42.614559173583984,130111157.99208951,834.0,14.0,9.0,007,01,19066.0,0.0,1238754.0,1238758.0,1179.1181640625,21.808467864990234,3.460693359375,16.683507919311523,4.2967529296875,0.780540943145752,,,,,,,77.0,54.0,126.0,1.0,0.0,0.0,0.0,0.0,2022,2,Verano,Bosque abierto desconocido,1,1,1,1,4.820857032627866,2–5 m,834_gt2l_1238754,300587.2,5279120.7,BOSQUE_NW_02,operacional,SI,,2022-02-14,NO,1157.50,21.734,21.922,-0.12,PASA
BOSQUE_NW_02(3),ATL08_20220214215513_08341409_007_01.h5,2022-02-14T21:55:13Z,gt2l,-71.43144226074219,-42.61545181274414,130111158.0061287,834.0,14.0,9.0,007,01,19066.0,0.0,1238759.0,1238763.0,1169.51953125,31.601598739624023,3.923583984375,22.999004364013672,4.7103271484375,1.0453294515609741,,,,,,,66.0,37.0,126.0,1.0,0.0,0.0,0.0,0.0,2022,2,Verano,Bosque abierto desconocido,1,1,1,1,5.861733674009085,2–5 m,834_gt2l_1238759,300580.7,5279021.3,BOSQUE_NW_02,operacional,SI,,2022-02-14,NO,1147.97,21.736,21.925,-0.18,PASA
BOSQUE_NW_02(3),ATL08_20220214215513_08341409_007_01.h5,2022-02-14T21:55:13Z,gt2l,-71.43214416503906,-42.620819091796875,130111158.09067574,834.0,14.0,9.0,007,01,19066.0,0.0,1238789.0,1238793.0,1164.967041015625,10.689157485961914,2.9197998046875,13.090139389038086,3.0533447265625,0.7012483477592468,,,,,,,60.0,109.0,126.0,1.0,0.0,0.0,0.0,0.0,2022,2,Verano,Bosque abierto desconocido,1,1,1,1,4.483231818846941,2–5 m,834_gt2l_1238789,300540.2,5278423.7,BOSQUE_NW_02,operacional,SI,,2022-02-14,NO,1143.11,21.749,21.938,0.11,PASA
BOSQUE_NW_02(3),ATL08_20220214215513_08341409_007_01.h5,2022-02-14T21:55:13Z,gt2l,-71.4323501586914,-42.62242889404297,130111158.116038,834.0,14.0,9.0,007,01,19066.0,0.0,1238799.0,1238803.0,1162.1177978515625,11.613821029663086,10.4619140625,13.384710311889648,12.7200927734375,2.519498109817505,,,,,,,93.0,100.0,126.0,1.0,0.0,0.0,0.0,0.0,2022,2,Verano,Bosque abierto desconocido,1,1,1,1,1.279374905196957,10–20 m,834_gt2l_1238799,300528.5,5278244.4,BOSQUE_NW_02,operacional,SI,,2022-02-14,NO,1140.75,21.753,21.941,-0.39,PASA
BOSQUE_NW_02(3),ATL08_20220214215513_08341409_007_01.h5,2022-02-14T21:55:13Z,gt2l,-71.43248748779297,-42.623504638671875,130111158.13289785,834.0,14.0,9.0,007,01,19066.0,0.0,1238804.0,1238808.0,1136.7525634765625,,13.6964111328125,,14.390869140625,2.6903252601623535,,,,,,,46.0,2.0,30.0,1.0,0.0,0.0,0.0,0.0,2022,2,Verano,Herbáceas,1,1,0,0,,10–20 m,834_gt2l_1238804,300520.7,5278124.6,BOSQUE_NW_02,operacional,SI,,2022-02-14,NO,1120.53,21.756,21.943,-5.54,DESCARTADO
BOSQUE_NW_02(3),ATL08_20220214215513_08341409_007_01.h5,2022-02-14T21:55:13Z,gt2l,-71.43318176269531,-42.62887191772461,130111158.21756871,834.0,14.0,9.0,007,01,19066.0,0.0,1238834.0,1238838.0,1226.0814208984375,14.253873825073242,14.57470703125,19.600296020507812,17.0262451171875,2.925899028778076,,,,,,,68.0,86.0,20.0,1.0,0.0,0.0,0.0,0.0,2022,2,Verano,Arbustos,1,1,1,1,1.3448157810981942,10–20 m,834_gt2l_1238834,300480.9,5277526.9,BOSQUE_NW_02,operacional,SI,,2022-02-14,NO,1204.03,21.764,21.953,0.29,PASA
BOSQUE_NW_02(3),ATL08_20220214215513_08341409_007_01.h5,2022-02-14T21:55:13Z,gt2l,-71.43412017822266,-42.63602828979492,130111158.33023427,834.0,14.0,9.0,007,01,19066.0,0.0,1238874.0,1238878.0,1153.81787109375,26.816837310791016,7.0924072265625,21.77937126159668,9.028076171875,1.2983859777450562,,,,,,,98.0,43.0,126.0,1.0,0.0,0.0,0.0,0.0,2022,2,Verano,Bosque abierto desconocido,1,1,1,1,3.0708010081582073,5–10 m,834_gt2l_1238874,300426.8,5276730.0,BOSQUE_NW_02,operacional,SI,,2022-02-14,NO,1132.35,21.771,21.964,-0.30,PASA
BOSQUE_NW_02(3),ATL08_20220214215513_08341409_007_01.h5,2022-02-14T21:55:13Z,gt2l,-71.43435668945312,-42.6378173828125,130111158.35854717,834.0,14.0,9.0,007,01,19066.0,0.0,1238884.0,1238888.0,1143.56640625,20.428232192993164,3.8404541015625,18.615909576416016,7.2083740234375,0.9407217502593994,,,,,,,95.0,56.0,116.0,1.0,0.0,0.0,0.0,0.0,2022,2,Verano,Bosque cerrado desconocido,1,1,1,1,4.847319896061791,2–5 m,834_gt2l_1238884,300413.1,5276530.8,BOSQUE_NW_02,operacional,SI,,2022-02-14,NO,1122.32,21.772,21.965,-0.52,PASA
BOSQUE_NW_02(3),ATL08_20220214215513_08341409_007_01.h5,2022-02-14T21:55:13Z,gt2l,-71.43516540527344,-42.644081115722656,130111158.45717694,834.0,14.0,9.0,007,01,19066.0,0.0,1238919.0,1238923.0,1126.857666015625,29.629741668701172,3.5401611328125,23.454225540161133,5.109375,0.8329097628593445,,,,,,,83.0,38.0,30.0,1.0,0.0,0.0,0.0,0.0,2022,2,Verano,Herbáceas,1,1,1,1,6.6251858772111305,2–5 m,834_gt2l_1238919,300366.9,5275833.3,BOSQUE_NW_02,operacional,SI,,2022-02-14,NO,1105.45,21.779,21.970,-0.37,PASA
BOSQUE_NW_02(3),ATL08_20220214215513_08341409_007_01.h5,2022-02-14T21:55:13Z,gt2l,-71.43528747558594,-42.64497375488281,130111158.47119662,834.0,14.0,9.0,007,01,19066.0,0.0,1238924.0,1238928.0,1126.389892578125,25.037353515625,3.6976318359375,21.553955078125,5.4498291015625,0.7894768118858337,,,,,,,82.0,45.0,116.0,1.0,0.0,0.0,0.0,0.0,2022,2,Verano,Bosque cerrado desconocido,1,1,1,1,5.82912416229243,2–5 m,834_gt2l_1238924,300359.7,5275733.9,BOSQUE_NW_02,operacional,SI,,2022-02-14,NO,1105.59,21.779,21.970,-0.98,PASA
BOSQUE_NW_02(3),ATL08_20220214215513_08341409_007_01.h5,2022-02-14T21:55:13Z,gt2l,-71.43562316894531,-42.64765930175781,130111158.51355225,834.0,14.0,9.0,007,01,19066.0,0.0,1238939.0,1238943.0,1099.8134765625,78.5219955444336,12.3814697265625,21.662389755249023,12.6466064453125,2.9414925575256348,,,,,,,84.0,14.0,116.0,1.0,0.0,0.0,0.0,0.0,2022,2,Verano,Bosque cerrado desconocido,1,1,1,1,1.7495814498319022,10–20 m,834_gt2l_1238939,300340.8,5275434.9,BOSQUE_NW_02,operacional,SI,,2022-02-14,NO,1079.53,21.782,21.972,-1.50,PASA
BOSQUE_NW_02(3),ATL08_20220214215513_08341409_007_01.h5,2022-02-14T21:55:13Z,gt2l,-71.43632507324219,-42.65302658081055,130111158.5979527,834.0,14.0,9.0,007,01,19066.0,0.0,1238969.0,1238973.0,1138.2413330078125,15.807693481445312,2.497314453125,21.202613830566406,2.99755859375,0.45761120319366455,,,,,,,86.0,72.0,20.0,1.0,0.0,0.0,0.0,0.0,2022,2,Verano,Arbustos,1,1,1,1,8.490165827549125,2–5 m,834_gt2l_1238969,300300.4,5274837.2,BOSQUE_NW_02,operacional,SI,,2022-02-14,NO,1116.67,21.788,21.975,-0.22,PASA
BOSQUE_NW_02(3),ATL08_20220214215513_08341409_007_01.h5,2022-02-14T21:55:13Z,gt2l,-71.437255859375,-42.66018295288086,130111158.71074273,834.0,14.0,9.0,007,01,19066.0,0.0,1239009.0,1239013.0,1143.255615234375,12.84483528137207,3.6759033203125,17.039905548095703,4.7152099609375,0.638539731502533,,,,,,,83.0,89.0,30.0,1.0,0.0,0.0,0.0,0.0,2022,2,Verano,Herbáceas,1,1,1,1,4.635569562979444,2–5 m,834_gt2l_1239009,300247.0,5274040.2,BOSQUE_NW_02,operacional,SI,,2022-02-14,NO,1121.74,21.795,21.975,-0.28,PASA
BOSQUE_NW_02(3),ATL08_20220214215513_08341409_007_01.h5,2022-02-14T21:55:13Z,gt2l,-71.43760681152344,-42.66286849975586,130111158.75320347,834.0,14.0,9.0,007,01,19066.0,0.0,1239024.0,1239028.0,1126.56396484375,24.459165573120117,6.5240478515625,24.91582679748535,8.5316162109375,1.2473684549331665,,,,,,,67.0,46.0,20.0,1.0,0.0,0.0,0.0,0.0,2022,2,Verano,Arbustos,1,1,1,1,3.8190748082140518,5–10 m,834_gt2l_1239024,300226.9,5273741.2,BOSQUE_NW_02,operacional,SI,,2022-02-14,NO,1103.71,21.798,21.976,1.05,PASA
BOSQUE_NW_02(3),ATL08_20220214215513_08341409_007_01.h5,2022-02-14T21:55:13Z,gt2l,-71.43795776367188,-42.665550231933594,130111158.795541,834.0,14.0,9.0,007,01,19066.0,0.0,1239039.0,1239043.0,1146.9385986328125,37.010738372802734,3.8238525390625,26.196659088134766,4.7442626953125,0.7666967511177063,,,,,,,101.0,31.0,20.0,1.0,0.0,0.0,0.0,0.0,2022,2,Verano,Arbustos,1,1,1,1,6.850854948124502,2–5 m,834_gt2l_1239039,300206.7,5273442.5,BOSQUE_NW_02,operacional,SI,,2022-02-14,NO,1125.49,21.801,21.976,-0.36,PASA
BOSQUE_NW_02(3),ATL08_20220214215513_08341409_007_01.h5,2022-02-14T21:55:13Z,gt2l,-71.43830108642578,-42.668235778808594,130111158.83767822,834.0,14.0,9.0,007,01,19066.0,0.0,1239054.0,1239058.0,1155.08642578125,26.865589141845703,4.2347412109375,21.808151245117188,5.5936279296875,0.8614168167114258,,,,,,,101.0,43.0,30.0,1.0,0.0,0.0,0.0,0.0,2022,2,Verano,Herbáceas,1,1,1,1,5.149819117350321,2–5 m,834_gt2l_1239054,300187.2,5273143.5,BOSQUE_NW_02,operacional,SI,,2022-02-14,NO,1134.33,21.802,21.976,-1.05,PASA
BOSQUE_NW_02(3),ATL08_20220214215513_08341409_007_01.h5,2022-02-14T21:55:13Z,gt2l,-71.43853759765625,-42.67002487182617,130111158.8659765,834.0,14.0,9.0,007,01,19066.0,0.0,1239064.0,1239068.0,1164.0511474609375,24.24534034729004,3.179931640625,22.889375686645508,10.562255859375,1.094660758972168,,,,,,,85.0,48.0,126.0,1.0,0.0,0.0,0.0,0.0,2022,2,Verano,Bosque abierto desconocido,1,1,1,1,7.198071617082533,2–5 m,834_gt2l_1239064,300173.5,5272944.3,BOSQUE_NW_02,operacional,SI,,2022-02-14,NO,1142.56,21.802,21.977,-0.31,PASA
BOSQUE_NW_02(3),ATL08_20220214215513_08341409_007_01.h5,2022-02-14T21:55:13Z,gt2l,-71.43876647949219,-42.67181396484375,130111158.89411642,834.0,14.0,9.0,007,01,19066.0,0.0,1239074.0,1239078.0,1170.630126953125,9.59423542022705,16.2017822265625,13.225751876831055,16.4578857421875,3.3332059383392334,,,,,,,91.0,122.0,116.0,1.0,0.0,0.0,0.0,0.0,2022,2,Verano,Bosque cerrado desconocido,1,1,1,1,0.8163146308155962,10–20 m,834_gt2l_1239074,300160.5,5272745.0,BOSQUE_NW_02,operacional,SI,,2022-02-14,NO,1148.69,21.802,21.978,0.14,PASA
BOSQUE_NW_02(3),ATL08_20220214215513_08341409_007_01.h5,2022-02-14T21:55:13Z,gt2l,-71.43912506103516,-42.674495697021484,130111158.9363533,834.0,14.0,9.0,007,01,19066.0,0.0,1239089.0,1239093.0,1124.9183349609375,,23.0635986328125,,24.0562744140625,5.72924280166626,,,,,,,83.0,7.0,112.0,1.0,0.0,0.0,0.0,0.0,2022,2,Verano,Bosque cerrado perennifolio latifolio,1,1,0,0,,20–30 m,834_gt2l_1239089,300139.7,5272446.4,BOSQUE_NW_02,operacional,SI,,2022-02-14,NO,1102.77,21.802,21.980,0.35,PASA
BOSQUE_NW_02(3),ATL08_20220214215513_08341409_007_01.h5,2022-02-14T21:55:13Z,gt2l,-71.4393539428711,-42.67628479003906,130111158.96441805,834.0,14.0,9.0,007,01,19066.0,0.0,1239099.0,1239103.0,1087.21142578125,,23.766357421875,,24.6256103515625,7.101165771484375,,,,,,,74.0,8.0,112.0,1.0,0.0,0.0,0.0,0.0,2022,2,Verano,Bosque cerrado perennifolio latifolio,1,1,0,0,,20–30 m,834_gt2l_1239099,300126.7,5272247.2,BOSQUE_NW_02,operacional,SI,,2022-02-14,NO,1074.21,21.802,21.981,-8.80,DESCARTADO
BOSQUE_NW_02(3),ATL08_20220214215513_08341409_007_01.h5,2022-02-14T21:55:13Z,gt2l,-71.43981170654297,-42.67986297607422,130111159.02084827,834.0,14.0,9.0,007,01,19066.0,0.0,1239119.0,1239123.0,1062.0667724609375,53.0587158203125,5.3553466796875,14.459553718566895,6.2862548828125,1.2592980861663818,,,,,,,74.0,20.0,20.0,1.0,0.0,0.0,0.0,0.0,2022,2,Verano,Arbustos,1,1,1,1,2.700021974937886,5–10 m,834_gt2l_1239119,300100.7,5271848.7,BOSQUE_NW_02,operacional,SI,,2022-02-14,NO,1040.78,21.801,21.983,-0.52,PASA
BOSQUE_NW_02(3),ATL08_20220214215513_08341409_007_01.h5,2022-02-14T21:55:13Z,gt2l,-71.43993377685547,-42.68075942993164,130111159.03489512,834.0,14.0,9.0,007,01,19066.0,0.0,1239124.0,1239128.0,1059.316162109375,,7.6741943359375,,8.94970703125,1.9761382341384888,,,,,,,55.0,9.0,30.0,1.0,0.0,0.0,0.0,0.0,2022,2,Verano,Herbáceas,1,1,0,0,,5–10 m,834_gt2l_1239124,300093.5,5271748.9,BOSQUE_NW_02,operacional,SI,,2022-02-14,NO,1040.80,21.801,21.983,-3.28,PASA
BOSQUE_NW_02(3),ATL08_20220214215513_08341409_007_01.h5,2022-02-14T21:55:13Z,gt2l,-71.44005584716797,-42.6816520690918,130111159.04895753,834.0,14.0,9.0,007,01,19066.0,0.0,1239129.0,1239131.0,1049.4093017578125,,14.6829833984375,,15.8060302734375,2.634270429611206,,,,,,,48.0,9.0,30.0,1.0,0.0,0.0,0.0,0.0,2022,2,Verano,Herbáceas,1,1,0,0,,10–20 m,834_gt2l_1239129,300086.4,5271649.5,BOSQUE_NW_02,operacional,SI,,2022-02-14,NO,1025.48,21.801,21.984,2.13,PASA
BOSQUE_NW_02(3),ATL08_20220214215513_08341409_007_01.h5,2022-02-14T21:55:13Z,gt2r,-71.42547607421875,-42.56061935424805,130111157.49529758,834.0,14.0,9.0,007,01,19066.0,0.0,1238453.0,1238457.0,942.5922241210938,28.58264923095703,17.84686279296875,35.259300231933594,17.84686279296875,3.1155738830566406,,,,,,,31.0,33.0,20.0,1.0,0.0,0.0,0.0,0.0,2022,2,Verano,Arbustos,1,1,1,1,1.975658166981871,10–20 m,834_gt2r_1238453,300895.5,5285124.5,BOSQUE_NW_02,operacional,SI,,2022-02-14,NO,920.94,21.577,21.748,0.07,PASA
BOSQUE_NW_02(3),ATL08_20220214215513_08341409_007_01.h5,2022-02-14T21:55:13Z,gt2r,-71.42571258544922,-42.562408447265625,130111157.52352391,834.0,14.0,9.0,007,01,19066.0,0.0,1238463.0,1238467.0,981.1123657226562,57.5157470703125,19.54937744140625,60.67885971069336,19.54937744140625,4.993971824645996,,,,,,,32.0,17.0,20.0,1.0,0.0,0.0,0.0,0.0,2022,2,Verano,Arbustos,1,1,1,1,3.103876831503261,10–20 m,834_gt2r_1238463,300881.7,5284925.2,BOSQUE_NW_02,operacional,SI,,2022-02-14,NO,956.49,21.583,21.753,3.04,PASA
BOSQUE_NW_02(3),ATL08_20220214215513_08341409_007_01.h5,2022-02-14T21:55:13Z,gt2r,-71.42652130126953,-42.56867218017578,130111157.62208718,834.0,14.0,9.0,007,01,19066.0,0.0,1238498.0,1238502.0,1120.682861328125,86.18106079101562,13.520751953125,99.61175537109375,13.520751953125,3.470918655395508,,,,,,,31.0,13.0,20.0,1.0,0.0,0.0,0.0,0.0,2022,2,Verano,Arbustos,1,1,1,1,7.367323630848125,10–20 m,834_gt2r_1238498,300835.3,5284227.8,BOSQUE_NW_02,operacional,SI,,2022-02-14,NO,1099.47,21.604,21.771,-0.39,PASA
BOSQUE_NW_02(3),ATL08_20220214215513_08341409_007_01.h5,2022-02-14T21:55:13Z,gt2r,-71.42675018310547,-42.57046127319336,130111157.65023305,834.0,14.0,9.0,007,01,19066.0,0.0,1238508.0,1238512.0,1150.196533203125,,35.506591796875,,35.506591796875,8.73495864868164,,,,,,,32.0,4.0,116.0,1.0,0.0,0.0,0.0,0.0,2022,2,Verano,Bosque cerrado desconocido,1,1,0,0,,>30 m,834_gt2r_1238508,300822.2,5284028.6,BOSQUE_NW_02,operacional,SI,,2022-02-14,NO,1132.67,21.610,21.776,-4.08,PASA
BOSQUE_NW_02(3),ATL08_20220214215513_08341409_007_01.h5,2022-02-14T21:55:13Z,gt2r,-71.42686462402344,-42.571353912353516,130111157.66431588,834.0,14.0,9.0,007,01,19066.0,0.0,1238513.0,1238517.0,1144.0513916015625,,31.0433349609375,,32.539306640625,7.047389984130859,,,,,,,41.0,4.0,116.0,1.0,0.0,0.0,0.0,0.0,2022,2,Verano,Bosque cerrado desconocido,1,1,0,0,,>30 m,834_gt2r_1238513,300815.7,5283929.2,BOSQUE_NW_02,operacional,SI,,2022-02-14,NO,1130.35,21.613,21.779,-7.91,DESCARTADO
BOSQUE_NW_02(3),ATL08_20220214215513_08341409_007_01.h5,2022-02-14T21:55:13Z,gt2r,-71.4271011352539,-42.573143005371094,130111157.6925635,834.0,14.0,9.0,007,01,19066.0,0.0,1238523.0,1238527.0,1087.7515869140625,,25.0894775390625,,25.0894775390625,8.22281265258789,,,,,,,24.0,3.0,112.0,1.0,0.0,0.0,0.0,0.0,2022,2,Verano,Bosque cerrado perennifolio latifolio,1,1,0,0,,20–30 m,834_gt2r_1238523,300801.9,5283729.9,BOSQUE_NW_02,operacional,SI,,2022-02-14,NO,1074.41,21.619,21.784,-8.28,DESCARTADO
BOSQUE_NW_02(3),ATL08_20220214215513_08341409_007_01.h5,2022-02-14T21:55:13Z,gt2r,-71.4273452758789,-42.57493209838867,130111157.72071779,834.0,14.0,9.0,007,01,19066.0,0.0,1238533.0,1238537.0,1068.9256591796875,,27.4910888671875,,27.5089111328125,7.731256008148193,,,,,,,43.0,4.0,112.0,1.0,0.0,0.0,0.0,0.0,2022,2,Verano,Bosque cerrado perennifolio latifolio,1,1,0,0,,20–30 m,834_gt2r_1238533,300787.6,5283530.7,BOSQUE_NW_02,operacional,SI,,2022-02-14,NO,1043.21,21.625,21.789,4.09,PASA
BOSQUE_NW_02(3),ATL08_20220214215513_08341409_007_01.h5,2022-02-14T21:55:13Z,gt2r,-71.42768859863281,-42.57761764526367,130111157.76302081,834.0,14.0,9.0,007,01,19066.0,0.0,1238548.0,1238552.0,1091.580322265625,38.93437957763672,20.5877685546875,50.212120056152344,20.5877685546875,5.823492527008057,,,,,,,35.0,28.0,20.0,1.0,0.0,0.0,0.0,0.0,2022,2,Verano,Arbustos,1,1,1,1,2.4389296937535203,20–30 m,834_gt2r_1238548,300768.0,5283231.6,BOSQUE_NW_02,operacional,SI,,2022-02-14,NO,1067.59,21.635,21.797,2.36,PASA
BOSQUE_NW_02(3),ATL08_20220214215513_08341409_007_01.h5,2022-02-14T21:55:13Z,gt2r,-71.42780303955078,-42.57851028442383,130111157.77712314,834.0,14.0,9.0,007,01,19066.0,0.0,1238553.0,1238557.0,1096.07568359375,,18.372802734375,,22.5474853515625,4.48317289352417,,,,,,,45.0,4.0,20.0,1.0,0.0,0.0,0.0,0.0,2022,2,Verano,Arbustos,1,1,0,0,,10–20 m,834_gt2r_1238553,300761.4,5283132.2,BOSQUE_NW_02,operacional,SI,,2022-02-14,NO,1074.56,21.638,21.799,-0.13,PASA
BOSQUE_NW_02(3),ATL08_20220214215513_08341409_007_01.h5,2022-02-14T21:55:13Z,gt2r,-71.42826843261719,-42.582088470458984,130111157.83347249,834.0,14.0,9.0,007,01,19066.0,0.0,1238573.0,1238577.0,1128.7462158203125,66.47150421142578,25.242431640625,73.35533142089844,26.5413818359375,6.8009257316589355,,,,,,,52.0,17.0,20.0,1.0,0.0,0.0,0.0,0.0,2022,2,Verano,Arbustos,1,1,1,1,2.906032685965201,20–30 m,834_gt2r_1238573,300734.6,5282733.8,BOSQUE_NW_02,operacional,SI,,2022-02-14,NO,1108.13,21.650,21.810,-1.04,PASA
BOSQUE_NW_02(3),ATL08_20220214215513_08341409_007_01.h5,2022-02-14T21:55:13Z,gt2r,-71.4290771484375,-42.58835220336914,130111157.9321319,834.0,14.0,9.0,007,01,19066.0,0.0,1238608.0,1238612.0,1277.449462890625,,18.3255615234375,,18.3255615234375,5.3665852546691895,,,,,,,30.0,4.0,112.0,1.0,0.0,0.0,0.0,0.0,2022,2,Verano,Bosque cerrado perennifolio latifolio,1,1,0,0,,10–20 m,834_gt2r_1238608,300688.2,5282036.3,BOSQUE_NW_02,operacional,SI,,2022-02-14,NO,1256.83,21.666,21.830,-1.05,PASA
BOSQUE_NW_02(3),ATL08_20220214215513_08341409_007_01.h5,2022-02-14T21:55:13Z,gt2r,-71.42919158935547,-42.58924865722656,130111157.94619621,834.0,14.0,9.0,007,01,19066.0,0.0,1238613.0,1238617.0,1267.7069091796875,,23.9857177734375,,23.9857177734375,5.357519626617432,,,,,,,36.0,2.0,112.0,1.0,0.0,0.0,0.0,0.0,2022,2,Verano,Bosque cerrado perennifolio latifolio,1,1,0,0,,20–30 m,834_gt2r_1238613,300681.7,5281936.5,BOSQUE_NW_02,operacional,SI,,2022-02-14,NO,1243.11,21.669,21.833,2.93,PASA
BOSQUE_NW_02(3),ATL08_20220214215513_08341409_007_01.h5,2022-02-14T21:55:13Z,gt2r,-71.42942810058594,-42.59103775024414,130111157.97436838,834.0,14.0,9.0,007,01,19066.0,0.0,1238623.0,1238627.0,1262.686279296875,,28.203369140625,,28.203369140625,6.507582187652588,,,,,,,32.0,1.0,116.0,1.0,0.0,0.0,0.0,0.0,2022,2,Verano,Bosque cerrado desconocido,1,1,0,0,,20–30 m,834_gt2r_1238623,300668.0,5281737.3,BOSQUE_NW_02,operacional,SI,,2022-02-14,NO,1245.23,21.673,21.840,-4.22,PASA
BOSQUE_NW_02(3),ATL08_20220214215513_08341409_007_01.h5,2022-02-14T21:55:13Z,gt2r,-71.42977905273438,-42.593719482421875,130111158.01667584,834.0,14.0,9.0,007,01,19066.0,0.0,1238638.0,1238642.0,1305.0887451171875,,22.5042724609375,,22.5042724609375,5.91804838180542,,,,,,,40.0,2.0,112.0,1.0,0.0,0.0,0.0,0.0,2022,2,Verano,Bosque cerrado perennifolio latifolio,1,1,0,0,,20–30 m,834_gt2r_1238638,300647.8,5281438.6,BOSQUE_NW_02,operacional,SI,,2022-02-14,NO,1289.66,21.680,21.849,-6.25,DESCARTADO
BOSQUE_NW_02(3),ATL08_20220214215513_08341409_007_01.h5,2022-02-14T21:55:13Z,gt2r,-71.42989349365234,-42.5946159362793,130111158.03073792,834.0,14.0,9.0,007,01,19066.0,0.0,1238643.0,1238647.0,1299.2021484375,,31.218017578125,,36.4251708984375,9.176053047180176,,,,,,,45.0,3.0,112.0,1.0,0.0,0.0,0.0,0.0,2022,2,Verano,Bosque cerrado perennifolio latifolio,1,1,0,0,,>30 m,834_gt2r_1238643,300641.2,5281338.8,BOSQUE_NW_02,operacional,SI,,2022-02-14,NO,1286.03,21.682,21.853,-8.51,DESCARTADO
BOSQUE_NW_02(3),ATL08_20220214215513_08341409_007_01.h5,2022-02-14T21:55:13Z,gt2r,-71.43012237548828,-42.596405029296875,130111158.05897996,834.0,14.0,9.0,007,01,19066.0,0.0,1238653.0,1238657.0,1258.97265625,,19.3582763671875,,19.3582763671875,5.028937816619873,,,,,,,28.0,1.0,112.0,1.0,0.0,0.0,0.0,0.0,2022,2,Verano,Bosque cerrado perennifolio latifolio,1,1,0,0,,10–20 m,834_gt2r_1238653,300628.1,5281139.6,BOSQUE_NW_02,operacional,SI,,2022-02-14,NO,1238.47,21.686,21.859,-1.18,PASA
BOSQUE_NW_02(3),ATL08_20220214215513_08341409_007_01.h5,2022-02-14T21:55:13Z,gt2r,-71.43163299560547,-42.608036041259766,130111158.24216686,834.0,14.0,9.0,007,01,19066.0,0.0,1238718.0,1238722.0,1184.4434814453125,84.76324462890625,17.931884765625,88.89678192138672,18.5145263671875,5.006644248962402,,,,,,,47.0,14.0,126.0,1.0,0.0,0.0,0.0,0.0,2022,2,Verano,Bosque abierto desconocido,1,1,1,1,4.957470064262277,10–20 m,834_gt2r_1238718,300541.3,5279844.4,BOSQUE_NW_02,operacional,SI,,2022-02-14,NO,1167.45,21.715,21.899,-4.72,PASA
BOSQUE_NW_02(3),ATL08_20220214215513_08341409_007_01.h5,2022-02-14T21:55:13Z,gt2r,-71.43175506591797,-42.60892868041992,130111158.2562981,834.0,14.0,9.0,007,01,19066.0,0.0,1238723.0,1238727.0,1186.3956298828125,53.91072082519531,20.540283203125,67.6515121459961,20.540283203125,5.4219255447387695,,,,,,,40.0,22.0,126.0,1.0,0.0,0.0,0.0,0.0,2022,2,Verano,Bosque abierto desconocido,1,1,1,1,3.293601722867365,20–30 m,834_gt2r_1238723,300534.2,5279745.0,BOSQUE_NW_02,operacional,SI,,2022-02-14,NO,1165.04,21.718,21.902,-0.36,PASA
BOSQUE_NW_02(3),ATL08_20220214215513_08341409_007_01.h5,2022-02-14T21:55:13Z,gt2r,-71.43186950683594,-42.609825134277344,130111158.27041127,834.0,14.0,9.0,007,01,19066.0,0.0,1238728.0,1238732.0,1183.1258544921875,56.23923873901367,16.8741455078125,67.29985046386719,18.406005859375,4.489312648773193,,,,,,,48.0,21.0,126.0,1.0,0.0,0.0,0.0,0.0,2022,2,Verano,Bosque abierto desconocido,1,1,1,1,3.988341242684453,10–20 m,834_gt2r_1238728,300527.6,5279645.2,BOSQUE_NW_02,operacional,SI,,2022-02-14,NO,1161.78,21.720,21.905,-0.37,PASA
BOSQUE_NW_02(3),ATL08_20220214215513_08341409_007_01.h5,2022-02-14T21:55:13Z,gt2r,-71.43199157714844,-42.6107177734375,130111158.28448164,834.0,14.0,9.0,007,01,19066.0,0.0,1238733.0,1238737.0,1171.68505859375,36.67026901245117,19.2396240234375,47.73189163208008,19.2396240234375,4.773637294769287,,,,,,,38.0,32.0,126.0,1.0,0.0,0.0,0.0,0.0,2022,2,Verano,Bosque abierto desconocido,1,1,1,1,2.480916029020817,10–20 m,834_gt2r_1238733,300520.5,5279545.8,BOSQUE_NW_02,operacional,SI,,2022-02-14,NO,1150.92,21.722,21.908,-0.96,PASA
BOSQUE_NW_02(3),ATL08_20220214215513_08341409_007_01.h5,2022-02-14T21:55:13Z,gt2r,-71.43222045898438,-42.61250686645508,130111158.31270923,834.0,14.0,9.0,007,01,19066.0,0.0,1238743.0,1238747.0,1168.172119140625,64.84130859375,14.7880859375,59.1537971496582,14.7880859375,3.3967905044555664,,,,,,,37.0,18.0,126.0,1.0,0.0,0.0,0.0,0.0,2022,2,Verano,Bosque abierto desconocido,1,1,1,1,4.00009828179687,10–20 m,834_gt2r_1238743,300507.4,5279346.5,BOSQUE_NW_02,operacional,SI,,2022-02-14,NO,1145.78,21.727,21.914,0.67,PASA
BOSQUE_NW_02(3),ATL08_20220214215513_08341409_007_01.h5,2022-02-14T21:55:13Z,gt2r,-71.43245697021484,-42.614295959472656,130111158.34087522,834.0,14.0,9.0,007,01,19066.0,0.0,1238753.0,1238757.0,1165.3824462890625,,10.9302978515625,,16.260986328125,2.4828200340270996,,,,,,,21.0,1.0,126.0,1.0,0.0,0.0,0.0,0.0,2022,2,Verano,Bosque abierto desconocido,1,1,0,0,,10–20 m,834_gt2r_1238753,300493.7,5279147.3,BOSQUE_NW_02,operacional,SI,,2022-02-14,NO,1148.12,21.731,21.920,-4.47,PASA
BOSQUE_NW_02(3),ATL08_20220214215513_08341409_007_01.h5,2022-02-14T21:55:13Z,gt2r,-71.43315124511719,-42.61966323852539,130111158.4254202,834.0,14.0,9.0,007,01,19066.0,0.0,1238783.0,1238787.0,1154.73046875,63.99568176269531,18.432861328125,48.1927490234375,19.1337890625,4.4337849617004395,,,,,,,43.0,18.0,30.0,1.0,0.0,0.0,0.0,0.0,2022,2,Verano,Herbáceas,1,1,1,1,2.6145017946782163,10–20 m,834_gt2r_1238783,300453.9,5278549.6,BOSQUE_NW_02,operacional,SI,,2022-02-14,NO,1132.87,21.745,21.935,0.12,PASA
BOSQUE_NW_02(3),ATL08_20220214215513_08341409_007_01.h5,2022-02-14T21:55:13Z,gt2r,-71.43338775634766,-42.62145233154297,130111158.45366953,834.0,14.0,9.0,007,01,19066.0,0.0,1238793.0,1238797.0,1159.5501708984375,52.6619873046875,15.47216796875,54.86394500732422,15.47216796875,3.9874134063720703,,,,,,,27.0,22.0,126.0,1.0,0.0,0.0,0.0,0.0,2022,2,Verano,Bosque abierto desconocido,1,1,1,1,3.545976563732761,10–20 m,834_gt2r_1238793,300440.3,5278350.4,BOSQUE_NW_02,operacional,SI,,2022-02-14,NO,1137.91,21.749,21.938,-0.11,PASA
BOSQUE_NW_02(3),ATL08_20220214215513_08341409_007_01.h5,2022-02-14T21:55:13Z,gt2r,-71.4334945678711,-42.62234878540039,130111158.46771285,834.0,14.0,9.0,007,01,19066.0,0.0,1238798.0,1238802.0,1148.665283203125,44.305397033691406,13.5235595703125,54.42568588256836,13.5235595703125,2.820944309234619,,,,,,,24.0,26.0,126.0,1.0,0.0,0.0,0.0,0.0,2022,2,Verano,Bosque abierto desconocido,1,1,1,1,4.024508902378481,10–20 m,834_gt2r_1238798,300434.4,5278250.6,BOSQUE_NW_02,operacional,SI,,2022-02-14,NO,1127.32,21.752,21.940,-0.41,PASA
BOSQUE_NW_02(3),ATL08_20220214215513_08341409_007_01.h5,2022-02-14T21:55:13Z,gt2r,-71.4339599609375,-42.62592697143555,130111158.5241517,834.0,14.0,9.0,007,01,19066.0,0.0,1238818.0,1238822.0,1160.4241943359375,77.63890075683594,15.3798828125,87.02967071533203,15.3798828125,4.039996147155762,,,,,,,31.0,15.0,30.0,1.0,0.0,0.0,0.0,0.0,2022,2,Verano,Herbáceas,1,1,1,1,5.658669300431773,10–20 m,834_gt2r_1238818,300407.6,5277852.1,BOSQUE_NW_02,operacional,SI,,2022-02-14,NO,1139.88,21.759,21.947,-1.21,PASA
BOSQUE_NW_02(3),ATL08_20220214215513_08341409_007_01.h5,2022-02-14T21:55:13Z,gt2r,-71.43419647216797,-42.627716064453125,130111158.55226433,834.0,14.0,9.0,007,01,19066.0,0.0,1238828.0,1238832.0,1204.7154541015625,46.30154800415039,17.695556640625,59.112525939941406,17.695556640625,4.889378547668457,,,,,,,28.0,26.0,20.0,1.0,0.0,0.0,0.0,0.0,2022,2,Verano,Arbustos,1,1,1,1,3.340529328375712,10–20 m,834_gt2r_1238828,300394.0,5277652.9,BOSQUE_NW_02,operacional,SI,,2022-02-14,NO,1181.51,21.761,21.950,1.44,PASA
BOSQUE_NW_02(3),ATL08_20220214215513_08341409_007_01.h5,2022-02-14T21:55:13Z,gt2r,-71.4344253540039,-42.6295051574707,130111158.58044367,834.0,14.0,9.0,007,01,19066.0,0.0,1238838.0,1238842.0,1208.0628662109375,67.03128051757812,19.55517578125,68.79496765136719,21.1761474609375,5.918107986450195,,,,,,,68.0,18.0,126.0,1.0,0.0,0.0,0.0,0.0,2022,2,Verano,Bosque abierto desconocido,1,1,1,1,3.5179928025668556,10–20 m,834_gt2r_1238838,300380.9,5277453.7,BOSQUE_NW_02,operacional,SI,,2022-02-14,NO,1187.03,21.763,21.954,-0.73,PASA
BOSQUE_NW_02(3),ATL08_20220214215513_08341409_007_01.h5,2022-02-14T21:55:13Z,gt2r,-71.43501281738281,-42.63397979736328,130111158.65095963,834.0,14.0,9.0,007,01,19066.0,0.0,1238863.0,1238867.0,1156.55859375,42.87099075317383,18.098388671875,56.82168197631836,18.098388671875,4.695806980133057,,,,,,,29.0,27.0,116.0,1.0,0.0,0.0,0.0,0.0,2022,2,Verano,Bosque cerrado desconocido,1,1,1,1,3.1395989447734416,10–20 m,834_gt2r_1238863,300347.0,5276955.4,BOSQUE_NW_02,operacional,SI,,2022-02-14,NO,1135.15,21.767,21.962,-0.36,PASA
BOSQUE_NW_02(3),ATL08_20220214215513_08341409_007_01.h5,2022-02-14T21:55:13Z,gt2r,-71.43524932861328,-42.63576889038086,130111158.67915076,834.0,14.0,9.0,007,01,19066.0,0.0,1238873.0,1238877.0,1141.138916015625,87.90058898925781,16.2506103515625,108.34320831298828,16.2506103515625,3.588752508163452,,,,,,,37.0,13.0,116.0,1.0,0.0,0.0,0.0,0.0,2022,2,Verano,Bosque cerrado desconocido,1,1,1,1,6.667023943661972,10–20 m,834_gt2r_1238873,300333.4,5276756.2,BOSQUE_NW_02,operacional,SI,,2022-02-14,NO,1120.42,21.769,21.964,-1.05,PASA
BOSQUE_NW_02(3),ATL08_20220214215513_08341409_007_01.h5,2022-02-14T21:55:13Z,gt2r,-71.43570709228516,-42.639347076416016,130111158.73556042,834.0,14.0,9.0,007,01,19066.0,0.0,1238893.0,1238897.0,1118.61083984375,79.88021087646484,18.7916259765625,88.54617309570312,18.7916259765625,5.346363544464111,,,,,,,38.0,14.0,20.0,1.0,0.0,0.0,0.0,0.0,2022,2,Verano,Arbustos,1,1,1,1,4.712001675966767,10–20 m,834_gt2r_1238893,300307.3,5276357.7,BOSQUE_NW_02,operacional,SI,,2022-02-14,NO,1097.47,21.772,21.966,-0.63,PASA
BOSQUE_NW_02(3),ATL08_20220214215513_08341409_007_01.h5,2022-02-14T21:55:13Z,gt2r,-71.43582153320312,-42.64023971557617,130111158.74969094,834.0,14.0,9.0,007,01,19066.0,0.0,1238898.0,1238902.0,1103.6817626953125,52.65882110595703,15.3797607421875,54.028656005859375,15.3797607421875,3.136693000793457,,,,,,,35.0,21.0,30.0,1.0,0.0,0.0,0.0,0.0,2022,2,Verano,Herbáceas,1,1,1,1,3.512971164606996,10–20 m,834_gt2r_1238898,300300.8,5276258.3,BOSQUE_NW_02,operacional,SI,,2022-02-14,NO,1083.54,21.773,21.967,-1.63,PASA
BOSQUE_NW_02(3),ATL08_20220214215513_08341409_007_01.h5,2022-02-14T21:55:13Z,gt2r,-71.43628692626953,-42.643821716308594,130111158.80599497,834.0,14.0,9.0,007,01,19066.0,0.0,1238918.0,1238922.0,1114.054931640625,69.59941101074219,15.9864501953125,88.02397918701172,15.9864501953125,3.7180356979370117,,,,,,,28.0,16.0,20.0,1.0,0.0,0.0,0.0,0.0,2022,2,Verano,Arbustos,1,1,1,1,5.506161662632387,10–20 m,834_gt2r_1238918,300274.1,5275859.4,BOSQUE_NW_02,operacional,SI,,2022-02-14,NO,1091.60,21.777,21.970,0.67,PASA
BOSQUE_NW_02(3),ATL08_20220214215513_08341409_007_01.h5,2022-02-14T21:55:13Z,gt2r,-71.43722534179688,-42.650978088378906,130111158.91878726,834.0,14.0,9.0,007,01,19066.0,0.0,1238958.0,1238962.0,1114.4979248046875,,12.71728515625,,12.9222412109375,2.8365566730499268,,,,,,,31.0,4.0,20.0,1.0,0.0,0.0,0.0,0.0,2022,2,Verano,Arbustos,1,1,0,0,,10–20 m,834_gt2r_1238958,300220.1,5275062.5,BOSQUE_NW_02,operacional,SI,,2022-02-14,NO,1097.54,21.785,21.976,-4.83,PASA
BOSQUE_NW_02(3),ATL08_20220214215513_08341409_007_01.h5,2022-02-14T21:55:13Z,gt2r,-71.43744659423828,-42.652767181396484,130111158.94691397,834.0,14.0,9.0,007,01,19066.0,0.0,1238968.0,1238972.0,1128.5115966796875,80.58155822753906,8.2847900390625,39.992088317871094,9.219970703125,2.085629463195801,,,,,,,41.0,14.0,20.0,1.0,0.0,0.0,0.0,0.0,2022,2,Verano,Arbustos,1,1,1,1,4.827169805065641,5–10 m,834_gt2r_1238968,300207.6,5274863.3,BOSQUE_NW_02,operacional,SI,,2022-02-14,NO,1107.04,21.786,21.976,-0.32,PASA
BOSQUE_NW_02(3),ATL08_20220214215513_08341409_007_01.h5,2022-02-14T21:55:13Z,gt2r,-71.43803405761719,-42.6572380065918,130111159.01743977,834.0,14.0,9.0,007,01,19066.0,0.0,1238993.0,1238997.0,1143.2108154296875,32.653236389160156,13.572265625,33.04421615600586,13.572265625,2.2161078453063965,,,,,,,18.0,35.0,30.0,1.0,0.0,0.0,0.0,0.0,2022,2,Verano,Herbáceas,1,1,1,1,2.434686814199885,10–20 m,834_gt2r_1238993,300173.8,5274365.4,BOSQUE_NW_02,operacional,SI,,2022-02-14,NO,1121.69,21.791,21.976,-0.27,PASA
BOSQUE_NW_02(3),ATL08_20220214215513_08341409_007_01.h5,2022-02-14T21:55:13Z,gt2r,-71.43814849853516,-42.65813446044922,130111159.0315373,834.0,14.0,9.0,007,01,19066.0,0.0,1238998.0,1239002.0,1142.6407470703125,24.83790397644043,7.1058349609375,33.05588150024414,7.1058349609375,1.689666509628296,,,,,,,15.0,46.0,20.0,1.0,0.0,0.0,0.0,0.0,2022,2,Verano,Arbustos,1,1,1,1,4.651934879146553,5–10 m,834_gt2r_1238998,300167.3,5274265.6,BOSQUE_NW_02,operacional,SI,,2022-02-14,NO,1121.23,21.792,21.976,-0.38,PASA
BOSQUE_NW_02(3),ATL08_20220214215513_08341409_007_01.h5,2022-02-14T21:55:13Z,gt2r,-71.4384994506836,-42.66081619262695,130111159.07379653,834.0,14.0,9.0,007,01,19066.0,0.0,1239013.0,1239017.0,1134.77197265625,63.04218292236328,14.12548828125,73.34587860107422,14.12548828125,3.775838613510132,,,,,,,31.0,18.0,30.0,1.0,0.0,0.0,0.0,0.0,2022,2,Verano,Herbáceas,1,1,1,1,5.192449077914895,10–20 m,834_gt2r_1239013,300147.1,5273967.0,BOSQUE_NW_02,operacional,SI,,2022-02-14,NO,1113.20,21.795,21.976,-0.23,PASA
BOSQUE_NW_02(3),ATL08_20220214215513_08341409_007_01.h5,2022-02-14T21:55:13Z,gt2r,-71.43931579589844,-42.66707992553711,130111159.17246595,834.0,14.0,9.0,007,01,19066.0,0.0,1239048.0,1239052.0,1144.5703125,60.2053337097168,17.77880859375,77.61466217041016,17.77880859375,3.9920310974121094,,,,,,,34.0,19.0,116.0,1.0,0.0,0.0,0.0,0.0,2022,2,Verano,Bosque cerrado desconocido,1,1,1,1,4.36557161640713,10–20 m,834_gt2r_1239048,300100.3,5273269.5,BOSQUE_NW_02,operacional,SI,,2022-02-14,NO,1121.61,21.802,21.977,1.16,PASA
BOSQUE_NW_02(3),ATL08_20220214215513_08341409_007_01.h5,2022-02-14T21:55:13Z,gt2r,-71.43954467773438,-42.66886901855469,130111159.20063493,834.0,14.0,9.0,007,01,19066.0,0.0,1239058.0,1239062.0,1146.9461669921875,95.5734634399414,17.8369140625,85.9496841430664,17.8369140625,5.344107151031494,,,,,,,41.0,12.0,20.0,1.0,0.0,0.0,0.0,0.0,2022,2,Verano,Arbustos,1,1,1,1,4.818640928688749,10–20 m,834_gt2r_1239058,300087.3,5273070.2,BOSQUE_NW_02,operacional,SI,,2022-02-14,NO,1125.13,21.801,21.978,0.02,PASA
BOSQUE_NW_02(3),ATL08_20220214215513_08341409_007_01.h5,2022-02-14T21:55:13Z,gt2r,-71.43965911865234,-42.66976547241211,130111159.21474406,834.0,14.0,9.0,007,01,19066.0,0.0,1239063.0,1239067.0,1151.0438232421875,54.804832458496094,17.889892578125,63.02431869506836,17.889892578125,5.330784797668457,,,,,,,30.0,21.0,126.0,1.0,0.0,0.0,0.0,0.0,2022,2,Verano,Bosque abierto desconocido,1,1,1,1,3.5229009017154085,10–20 m,834_gt2r_1239063,300080.8,5272970.4,BOSQUE_NW_02,operacional,SI,,2022-02-14,NO,1128.48,21.801,21.978,0.77,PASA
BOSQUE_NW_02(3),ATL08_20220214215513_08341409_007_01.h5,2022-02-14T21:55:13Z,gt2r,-71.43977355957031,-42.670658111572266,130111159.22883385,834.0,14.0,9.0,007,01,19066.0,0.0,1239068.0,1239072.0,1156.6534423828125,50.28855895996094,16.0426025390625,63.308738708496094,16.0426025390625,4.12956428527832,,,,,,,27.0,23.0,116.0,1.0,0.0,0.0,0.0,0.0,2022,2,Verano,Bosque cerrado desconocido,1,1,1,1,3.9462885497751503,10–20 m,834_gt2r_1239068,300074.3,5272871.0,BOSQUE_NW_02,operacional,SI,,2022-02-14,NO,1133.21,21.801,21.979,1.64,PASA
BOSQUE_NW_02(3),ATL08_20220214215513_08341409_007_01.h5,2022-02-14T21:55:13Z,gt2r,-71.43989562988281,-42.67155456542969,130111159.24289493,834.0,14.0,9.0,007,01,19066.0,0.0,1239073.0,1239077.0,1164.4326171875,145.3429412841797,7.34130859375,96.97196197509766,7.34130859375,1.394482135772705,,,,,,,36.0,8.0,116.0,1.0,0.0,0.0,0.0,0.0,2022,2,Verano,Bosque cerrado desconocido,1,1,1,1,13.209084012304622,5–10 m,834_gt2r_1239073,300067.1,5272771.2,BOSQUE_NW_02,operacional,SI,,2022-02-14,NO,1141.26,21.801,21.979,1.37,PASA
BOSQUE_NW_02(3),ATL08_20220214215513_08341409_007_01.h5,2022-02-14T21:55:13Z,gt2r,-71.44001007080078,-42.672447204589844,130111159.25703703,834.0,14.0,9.0,007,01,19066.0,0.0,1239078.0,1239082.0,1161.2547607421875,129.14004516601562,18.28662109375,103.3567886352539,18.28662109375,5.795567512512207,,,,,,,41.0,9.0,126.0,1.0,0.0,0.0,0.0,0.0,2022,2,Verano,Bosque abierto desconocido,1,1,1,1,5.652044087607807,10–20 m,834_gt2r_1239078,300060.6,5272671.8,BOSQUE_NW_02,operacional,SI,,2022-02-14,NO,1139.44,21.801,21.980,0.01,PASA
BOSQUE_NW_02(3),ATL08_20220214215513_08341409_007_01.h5,2022-02-14T21:55:13Z,gt2r,-71.44117736816406,-42.681392669677734,130111159.39799708,834.0,14.0,9.0,007,01,19066.0,0.0,1239128.0,1239132.0,1022.7080688476562,102.15528869628906,14.227783203125,65.99951934814453,14.227783203125,3.6234028339385986,,,,,,,36.0,10.0,30.0,1.0,0.0,0.0,0.0,0.0,2022,2,Verano,Herbáceas,1,1,1,1,4.638777412186626,10–20 m,834_gt2r_1239128,299993.7,5271675.6,BOSQUE_NW_02,operacional,SI,,2022-02-14,NO,1000.61,21.801,21.985,0.30,PASA
BOSQUE_NW_02(3),ATL08_20220214215513_08341409_007_01.h5,2022-02-14T21:55:13Z,gt2r,-71.44129180908203,-42.682289123535156,130111159.41209383,834.0,14.0,9.0,007,01,19066.0,0.0,1239133.0,1239137.0,1003.7689208984375,,14.90167236328125,,15.23126220703125,3.7190959453582764,,,,,,,31.0,5.0,30.0,1.0,0.0,0.0,0.0,0.0,2022,2,Verano,Herbáceas,1,1,0,0,,10–20 m,834_gt2r_1239133,299987.2,5271575.8,BOSQUE_NW_02,operacional,SI,,2022-02-14,NO,985.86,21.801,21.985,-3.89,PASA
BOSQUE_NW_02(3),ATL08_20220214215513_08341409_007_01.h5,2022-02-14T21:55:13Z,gt2r,-71.44187927246094,-42.68675994873047,130111159.48256874,834.0,14.0,9.0,007,01,19066.0,0.0,1239158.0,1239162.0,1000.123779296875,23.273618698120117,13.007568359375,29.02925682067871,13.007568359375,3.47914457321167,,,,,,,24.0,43.0,30.0,1.0,0.0,0.0,0.0,0.0,2022,2,Verano,Herbáceas,1,1,1,1,2.2317204890763715,10–20 m,834_gt2r_1239158,299953.4,5271077.9,BOSQUE_NW_02,operacional,SI,,2022-02-14,NO,978.77,21.800,21.986,-0.45,PASA
BOSQUE_NW_02(3),ATL08_20220214215513_08341409_007_01.h5,2022-02-14T21:55:13Z,gt2r,-71.44210815429688,-42.68854904174805,130111159.51079004,834.0,14.0,9.0,007,01,19066.0,0.0,1239168.0,1239172.0,987.31884765625,14.95936393737793,13.21112060546875,20.361713409423828,13.21112060546875,4.480747222900391,,,,,,,9.0,66.0,20.0,1.0,0.0,0.0,0.0,0.0,2022,2,Verano,Arbustos,1,1,1,1,1.5412555844047844,10–20 m,834_gt2r_1239168,299940.4,5270878.7,BOSQUE_NW_02,operacional,SI,,2022-02-14,NO,965.00,21.800,21.986,0.51,PASA
BOSQUE_NW_02(3),ATL08_20220214215513_08341409_007_01.h5,2022-02-14T21:55:13Z,gt2r,-71.44223022460938,-42.68944549560547,130111159.52488406,834.0,14.0,9.0,007,01,19066.0,0.0,1239173.0,1239177.0,986.0545654296875,17.60789680480957,11.70465087890625,24.610244750976562,11.70465087890625,3.423506736755371,,,,,,,10.0,56.0,20.0,1.0,0.0,0.0,0.0,0.0,2022,2,Verano,Arbustos,1,1,1,1,2.1026039140841326,10–20 m,834_gt2r_1239173,299933.3,5270778.9,BOSQUE_NW_02,operacional,SI,,2022-02-14,NO,964.10,21.800,21.986,0.16,PASA
BOSQUE_NW_02(3),ATL08_20220214215513_08341409_007_01.h5,2022-02-14T21:55:13Z,gt2r,-71.44280242919922,-42.69392013549805,130111159.59532519,834.0,14.0,9.0,007,01,19066.0,0.0,1239198.0,1239200.0,985.938232421875,,9.30560302734375,,9.30560302734375,2.6466915607452393,,,,,,,32.0,2.0,30.0,1.0,0.0,0.0,0.0,0.0,2022,2,Verano,Herbáceas,1,1,0,0,,5–10 m,834_gt2r_1239198,299900.8,5270280.6,BOSQUE_NW_02,operacional,SI,,2022-02-14,NO,971.02,21.800,21.986,-6.88,DESCARTADO
BOSQUE_NW_02(3),ATL08_20220214215513_08341409_007_01.h5,2022-02-14T21:55:13Z,gt3l,-71.46495819091797,-42.563228607177734,130111157.21152073,834.0,14.0,9.0,007,01,19066.0,0.0,1238483.0,1238487.0,897.8184204101562,14.026976585388184,6.1478271484375,11.46310806274414,9.81439208984375,1.688204288482666,,,,,,,83.0,64.0,126.0,1.0,0.0,0.0,0.0,0.0,2022,2,Verano,Bosque abierto desconocido,1,1,1,1,1.8645787830351648,5–10 m,834_gt3l_1238483,297662.7,5284741.1,BOSQUE_NW_02,operacional,SI,,2022-02-14,NO,875.08,21.520,21.715,1.22,PASA
BOSQUE_NW_02(3),ATL08_20220214215513_08341409_007_01.h5,2022-02-14T21:55:13Z,gt3l,-71.46612548828125,-42.572174072265625,130111157.35248987,834.0,14.0,9.0,007,01,19066.0,0.0,1238533.0,1238537.0,900.4006958007812,13.83757209777832,4.9334716796875,11.804487228393555,7.94329833984375,1.2114102840423584,,,,,,,108.0,65.0,20.0,1.0,0.0,0.0,0.0,0.0,2022,2,Verano,Arbustos,1,1,1,1,2.392734365334653,2–5 m,834_gt3l_1238533,297595.8,5283744.9,BOSQUE_NW_02,operacional,SI,,2022-02-14,NO,877.09,21.550,21.742,1.76,PASA
BOSQUE_NW_02(3),ATL08_20220214215513_08341409_007_01.h5,2022-02-14T21:55:13Z,gt3l,-71.46623992919922,-42.57307052612305,130111157.36654338,834.0,14.0,9.0,007,01,19066.0,0.0,1238538.0,1238542.0,898.7692260742188,13.206180572509766,5.49725341796875,10.022472381591797,7.19708251953125,1.230281114578247,,,,,,,69.0,68.0,116.0,1.0,0.0,0.0,0.0,0.0,2022,2,Verano,Bosque cerrado desconocido,1,1,1,1,1.8231781618128726,5–10 m,834_gt3l_1238538,297589.3,5283645.1,BOSQUE_NW_02,operacional,SI,,2022-02-14,NO,876.70,21.553,21.745,0.51,PASA
BOSQUE_NW_02(3),ATL08_20220214215513_08341409_007_01.h5,2022-02-14T21:55:13Z,gt3l,-71.4669418334961,-42.57843780517578,130111157.45127755,834.0,14.0,9.0,007,01,19066.0,0.0,1238568.0,1238572.0,916.3403930664062,25.432899475097656,9.83428955078125,17.11317253112793,11.7318115234375,2.564133644104004,,,,,,,116.0,36.0,112.0,1.0,0.0,0.0,0.0,0.0,2022,2,Verano,Bosque cerrado perennifolio latifolio,1,1,1,1,1.7401534134988363,5–10 m,834_gt3l_1238568,297549.1,5283047.4,BOSQUE_NW_02,operacional,SI,,2022-02-14,NO,894.46,21.571,21.762,0.31,PASA
BOSQUE_NW_02(3),ATL08_20220214215513_08341409_007_01.h5,2022-02-14T21:55:13Z,gt3l,-71.46705627441406,-42.57933044433594,130111157.4652747,834.0,14.0,9.0,007,01,19066.0,0.0,1238573.0,1238577.0,917.313720703125,57.37095260620117,10.0889892578125,13.71408462524414,10.37322998046875,2.292022228240967,,,,,,,109.0,16.0,112.0,1.0,0.0,0.0,0.0,0.0,2022,2,Verano,Bosque cerrado perennifolio latifolio,1,1,1,1,1.359312045517792,10–20 m,834_gt3l_1238573,297542.6,5282948.0,BOSQUE_NW_02,operacional,SI,,2022-02-14,NO,897.11,21.574,21.765,-1.37,PASA
BOSQUE_NW_02(3),ATL08_20220214215513_08341409_007_01.h5,2022-02-14T21:55:13Z,gt3l,-71.46729278564453,-42.581119537353516,130111157.49355067,834.0,14.0,9.0,007,01,19066.0,0.0,1238583.0,1238587.0,923.9148559570312,46.304298400878906,8.443115234375,13.81221866607666,9.08856201171875,2.0012948513031006,,,,,,,125.0,20.0,126.0,1.0,0.0,0.0,0.0,0.0,2022,2,Verano,Bosque abierto desconocido,1,1,1,1,1.6359149771925512,5–10 m,834_gt3l_1238583,297529.0,5282748.8,BOSQUE_NW_02,operacional,SI,,2022-02-14,NO,905.01,21.580,21.770,-2.67,PASA
BOSQUE_NW_02(3),ATL08_20220214215513_08341409_007_01.h5,2022-02-14T21:55:13Z,gt3l,-71.46926879882812,-42.59632873535156,130111157.73310924,834.0,14.0,9.0,007,01,19066.0,0.0,1238668.0,1238672.0,1097.304931640625,,9.34521484375,,11.15283203125,2.033600330352783,,,,,,,65.0,1.0,116.0,1.0,0.0,0.0,0.0,0.0,2022,2,Verano,Bosque cerrado desconocido,1,1,0,0,,5–10 m,834_gt3l_1238668,297416.1,5281055.1,BOSQUE_NW_02,operacional,SI,,2022-02-14,NO,1077.13,21.623,21.826,-1.45,PASA
BOSQUE_NW_02(3),ATL08_20220214215513_08341409_007_01.h5,2022-02-14T21:55:13Z,gt3l,-71.4698486328125,-42.60080337524414,130111157.80371031,834.0,14.0,9.0,007,01,19066.0,0.0,1238693.0,1238697.0,1090.1436767578125,17.29532814025879,5.0831298828125,16.24542236328125,7.185302734375,0.9616998434066772,,,,,,,96.0,63.0,116.0,1.0,0.0,0.0,0.0,0.0,2022,2,Verano,Bosque cerrado desconocido,1,1,1,1,3.1959487044019115,5–10 m,834_gt3l_1238693,297383.0,5280556.8,BOSQUE_NW_02,operacional,SI,,2022-02-14,NO,1068.81,21.636,21.843,-0.30,PASA
BOSQUE_NW_02(3),ATL08_20220214215513_08341409_007_01.h5,2022-02-14T21:55:13Z,gt3l,-71.4704360961914,-42.60527801513672,130111157.87413542,834.0,14.0,9.0,007,01,19066.0,0.0,1238718.0,1238722.0,1060.177978515625,15.112252235412598,5.3736572265625,12.714807510375977,8.2490234375,1.354361891746521,,,,,,,108.0,70.0,116.0,1.0,0.0,0.0,0.0,0.0,2022,2,Verano,Bosque cerrado desconocido,1,1,1,1,2.366136687603644,5–10 m,834_gt3l_1238718,297349.3,5280058.5,BOSQUE_NW_02,operacional,SI,,2022-02-14,NO,1038.26,21.648,21.856,0.27,PASA
BOSQUE_NW_02(3),ATL08_20220214215513_08341409_007_01.h5,2022-02-14T21:55:13Z,gt3l,-71.47066497802734,-42.6070671081543,130111157.90228799,834.0,14.0,9.0,007,01,19066.0,0.0,1238728.0,1238732.0,1081.222412109375,26.3214054107666,4.9228515625,12.04545783996582,5.5589599609375,1.106993317604065,,,,,,,77.0,41.0,126.0,1.0,0.0,0.0,0.0,0.0,2022,2,Verano,Bosque abierto desconocido,1,1,1,1,2.4468456314471334,2–5 m,834_gt3l_1238728,297336.4,5279859.2,BOSQUE_NW_02,operacional,SI,,2022-02-14,NO,1057.92,21.653,21.861,1.65,PASA
BOSQUE_NW_02(3),ATL08_20220214215513_08341409_007_01.h5,2022-02-14T21:55:13Z,gt3l,-71.47101593017578,-42.60974884033203,130111157.94467261,834.0,14.0,9.0,007,01,19066.0,0.0,1238743.0,1238747.0,1109.8909912109375,18.484220504760742,3.024658203125,22.44287109375,4.703857421875,0.6443566083908081,,,,,,,114.0,60.0,40.0,1.0,0.0,0.0,0.0,0.0,2022,2,Verano,Cultivos/manejo,1,1,1,1,7.419969327629349,2–5 m,834_gt3l_1238743,297316.3,5279560.6,BOSQUE_NW_02,operacional,SI,,2022-02-14,NO,1087.22,21.660,21.869,1.01,PASA
BOSQUE_NW_02(3),ATL08_20220214215513_08341409_007_01.h5,2022-02-14T21:55:13Z,gt3l,-71.47124481201172,-42.61153793334961,130111157.97278969,834.0,14.0,9.0,007,01,19066.0,0.0,1238753.0,1238757.0,1100.25927734375,35.4632682800293,4.3946533203125,14.159049987792969,5.90771484375,1.0525668859481812,,,,,,,95.0,31.0,114.0,1.0,0.0,0.0,0.0,0.0,2022,2,Verano,Bosque cerrado caducifolio latifolio,1,1,1,1,3.2218809894169604,2–5 m,834_gt3l_1238753,297303.3,5279361.4,BOSQUE_NW_02,operacional,SI,,2022-02-14,NO,1075.51,21.665,21.874,3.09,PASA
BOSQUE_NW_02(3),ATL08_20220214215513_08341409_007_01.h5,2022-02-14T21:55:13Z,gt3l,-71.47136688232422,-42.61243438720703,130111157.98685847,834.0,14.0,9.0,007,01,19066.0,0.0,1238758.0,1238762.0,1092.192138671875,26.655635833740234,4.5384521484375,12.279989242553711,5.0362548828125,1.122458577156067,,,,,,,77.0,41.0,114.0,1.0,0.0,0.0,0.0,0.0,2022,2,Verano,Bosque cerrado caducifolio latifolio,1,1,1,1,2.7057659397778315,2–5 m,834_gt3l_1238758,297296.2,5279261.5,BOSQUE_NW_02,operacional,SI,,2022-02-14,NO,1068.74,21.668,21.876,1.78,PASA
BOSQUE_NW_02(3),ATL08_20220214215513_08341409_007_01.h5,2022-02-14T21:55:13Z,gt3l,-71.47171783447266,-42.615116119384766,130111158.02902912,834.0,14.0,9.0,007,01,19066.0,0.0,1238773.0,1238777.0,1112.7601318359375,,7.699951171875,,8.26611328125,1.7218438386917114,,,,,,,47.0,7.0,116.0,1.0,0.0,0.0,0.0,0.0,2022,2,Verano,Bosque cerrado desconocido,1,1,0,0,,5–10 m,834_gt3l_1238773,297276.1,5278962.9,BOSQUE_NW_02,operacional,SI,,2022-02-14,NO,1092.26,21.675,21.884,-1.17,PASA
BOSQUE_NW_02(3),ATL08_20220214215513_08341409_007_01.h5,2022-02-14T21:55:13Z,gt3l,-71.4719467163086,-42.616905212402344,130111158.05739768,834.0,14.0,9.0,007,01,19066.0,0.0,1238783.0,1238787.0,1107.0089111328125,17.577102661132812,3.86376953125,15.074681282043457,5.03125,0.8675515055656433,,,,,,,102.0,63.0,116.0,1.0,0.0,0.0,0.0,0.0,2022,2,Verano,Bosque cerrado desconocido,1,1,1,1,3.9015477398742577,2–5 m,834_gt3l_1238783,297263.2,5278763.6,BOSQUE_NW_02,operacional,SI,,2022-02-14,NO,1084.42,21.680,21.889,0.91,PASA
BOSQUE_NW_02(3),ATL08_20220214215513_08341409_007_01.h5,2022-02-14T21:55:13Z,gt3l,-71.472412109375,-42.620487213134766,130111158.1136854,834.0,14.0,9.0,007,01,19066.0,0.0,1238803.0,1238807.0,1083.7227783203125,54.1817741394043,6.4488525390625,22.261171340942383,7.9215087890625,1.7876778841018677,,,,,,,85.0,20.0,112.0,1.0,0.0,0.0,0.0,0.0,2022,2,Verano,Bosque cerrado perennifolio latifolio,1,1,1,1,3.4519585005394764,5–10 m,834_gt3l_1238803,297236.6,5278364.7,BOSQUE_NW_02,operacional,SI,,2022-02-14,NO,1061.30,21.690,21.899,0.73,PASA
BOSQUE_NW_02(3),ATL08_20220214215513_08341409_007_01.h5,2022-02-14T21:55:13Z,gt3l,-71.4725341796875,-42.62137985229492,130111158.12776004,834.0,14.0,9.0,007,01,19066.0,0.0,1238808.0,1238812.0,1084.756103515625,8.966591835021973,6.85205078125,9.73464584350586,8.124755859375,2.067645788192749,,,,,,,72.0,121.0,112.0,1.0,0.0,0.0,0.0,0.0,2022,2,Verano,Bosque cerrado perennifolio latifolio,1,1,1,1,1.4206908492482007,5–10 m,834_gt3l_1238808,297229.5,5278265.3,BOSQUE_NW_02,operacional,SI,,2022-02-14,NO,1061.78,21.693,21.901,1.28,PASA
BOSQUE_NW_02(3),ATL08_20220214215513_08341409_007_01.h5,2022-02-14T21:55:13Z,gt3l,-71.47276306152344,-42.6231689453125,130111158.15597141,834.0,14.0,9.0,007,01,19066.0,0.0,1238818.0,1238822.0,1109.869384765625,,24.4962158203125,,25.7547607421875,6.20953893661499,,,,,,,116.0,8.0,112.0,1.0,0.0,0.0,0.0,0.0,2022,2,Verano,Bosque cerrado perennifolio latifolio,1,1,0,0,,20–30 m,834_gt3l_1238818,297216.5,5278066.1,BOSQUE_NW_02,operacional,SI,,2022-02-14,NO,1095.40,21.698,21.906,-7.22,DESCARTADO
BOSQUE_NW_02(3),ATL08_20220214215513_08341409_007_01.h5,2022-02-14T21:55:13Z,gt3l,-71.47311401367188,-42.6258544921875,130111158.19831981,834.0,14.0,9.0,007,01,19066.0,0.0,1238833.0,1238837.0,1107.025390625,79.17899322509766,8.603515625,12.763306617736816,9.8992919921875,1.969093680381775,,,,,,,63.0,14.0,114.0,1.0,0.0,0.0,0.0,0.0,2022,2,Verano,Bosque cerrado caducifolio latifolio,1,1,1,1,1.483498975773269,5–10 m,834_gt3l_1238833,297196.5,5277767.0,BOSQUE_NW_02,operacional,SI,,2022-02-14,NO,1082.83,21.704,21.912,2.49,PASA
BOSQUE_NW_02(3),ATL08_20220214215513_08341409_007_01.h5,2022-02-14T21:55:13Z,gt3l,-71.47322845458984,-42.626747131347656,130111158.21227609,834.0,14.0,9.0,007,01,19066.0,0.0,1238838.0,1238842.0,1120.1226806640625,36.07040023803711,6.0040283203125,13.904779434204102,7.105224609375,1.3187395334243774,,,,,,,88.0,31.0,116.0,1.0,0.0,0.0,0.0,0.0,2022,2,Verano,Bosque cerrado desconocido,1,1,1,1,2.3159083689132864,5–10 m,834_gt3l_1238838,297190.0,5277667.6,BOSQUE_NW_02,operacional,SI,,2022-02-14,NO,1095.84,21.705,21.915,2.58,PASA
BOSQUE_NW_02(3),ATL08_20220214215513_08341409_007_01.h5,2022-02-14T21:55:13Z,gt3l,-71.47335052490234,-42.62764358520508,130111158.22635089,834.0,14.0,9.0,007,01,19066.0,0.0,1238843.0,1238847.0,1141.696533203125,,17.2259521484375,,20.9068603515625,4.7970662117004395,,,,,,,109.0,8.0,116.0,1.0,0.0,0.0,0.0,0.0,2022,2,Verano,Bosque cerrado desconocido,1,1,0,0,,10–20 m,834_gt3l_1238843,297182.9,5277567.8,BOSQUE_NW_02,operacional,SI,,2022-02-14,NO,1113.13,21.707,21.917,6.86,DESCARTADO
BOSQUE_NW_02(3),ATL08_20220214215513_08341409_007_01.h5,2022-02-14T21:55:13Z,gt3l,-71.47637939453125,-42.650901794433594,130111158.59299727,834.0,14.0,9.0,007,01,19066.0,0.0,1238973.0,1238977.0,1206.0113525390625,,19.26171875,,20.211669921875,5.490410327911377,,,,,,,98.0,9.0,112.0,1.0,0.0,0.0,0.0,0.0,2022,2,Verano,Bosque cerrado perennifolio latifolio,1,1,0,0,,10–20 m,834_gt3l_1238973,297010.2,5274977.7,BOSQUE_NW_02,operacional,SI,,2022-02-14,NO,1188.22,21.744,21.965,-3.95,PASA
BOSQUE_NW_02(3),ATL08_20220214215513_08341409_007_01.h5,2022-02-14T21:55:13Z,gt3l,-71.47686004638672,-42.65447998046875,130111158.64933218,834.0,14.0,9.0,007,01,19066.0,0.0,1238993.0,1238997.0,1173.7825927734375,78.31491088867188,18.0303955078125,26.95975685119629,18.4859619140625,5.23624849319458,,,,,,,132.0,15.0,112.0,1.0,0.0,0.0,0.0,0.0,2022,2,Verano,Bosque cerrado perennifolio latifolio,1,1,1,1,1.4952393495480858,10–20 m,834_gt3l_1238993,296982.4,5274579.2,BOSQUE_NW_02,operacional,SI,,2022-02-14,NO,1155.28,21.750,21.973,-3.25,PASA
BOSQUE_NW_02(3),ATL08_20220214215513_08341409_007_01.h5,2022-02-14T21:55:13Z,gt3l,-71.47720336914062,-42.65716552734375,130111158.69159566,834.0,14.0,9.0,007,01,19066.0,0.0,1239008.0,1239012.0,1128.36328125,,21.769287109375,,22.1685791015625,5.852818965911865,,,,,,,88.0,6.0,112.0,1.0,0.0,0.0,0.0,0.0,2022,2,Verano,Bosque cerrado perennifolio latifolio,1,1,0,0,,20–30 m,834_gt3l_1239008,296963.0,5274280.1,BOSQUE_NW_02,operacional,SI,,2022-02-14,NO,1118.51,21.754,21.980,-11.90,DESCARTADO
BOSQUE_NW_02(3),ATL08_20220214215513_08341409_007_01.h5,2022-02-14T21:55:13Z,gt3l,-71.4774398803711,-42.65895462036133,130111158.7196464,834.0,14.0,9.0,007,01,19066.0,0.0,1239018.0,1239022.0,1117.5877685546875,,20.134765625,,20.5179443359375,5.043508529663086,,,,,,,92.0,8.0,112.0,1.0,0.0,0.0,0.0,0.0,2022,2,Verano,Bosque cerrado perennifolio latifolio,1,1,0,0,,20–30 m,834_gt3l_1239018,296949.5,5274080.9,BOSQUE_NW_02,operacional,SI,,2022-02-14,NO,1099.53,21.757,21.984,-3.70,PASA
BOSQUE_NW_02(3),ATL08_20220214215513_08341409_007_01.h5,2022-02-14T21:55:13Z,gt3l,-71.47850036621094,-42.66700744628906,130111158.84672393,834.0,14.0,9.0,007,01,19066.0,0.0,1239063.0,1239067.0,1082.1439208984375,29.24941635131836,4.5975341796875,11.699453353881836,5.152587890625,1.037651538848877,,,,,,,82.0,37.0,116.0,1.0,0.0,0.0,0.0,0.0,2022,2,Verano,Bosque cerrado desconocido,1,1,1,1,2.5447235184398482,2–5 m,834_gt3l_1239063,296888.8,5273184.0,BOSQUE_NW_02,operacional,SI,,2022-02-14,NO,1061.71,21.770,22.005,-1.33,PASA
BOSQUE_NW_02(3),ATL08_20220214215513_08341409_007_01.h5,2022-02-14T21:55:13Z,gt3l,-71.47860717773438,-42.66790008544922,130111158.8607069,834.0,14.0,9.0,007,01,19066.0,0.0,1239068.0,1239072.0,1080.962890625,19.653331756591797,5.3623046875,11.687434196472168,6.4727783203125,1.2592703104019165,,,,,,,82.0,55.0,116.0,1.0,0.0,0.0,0.0,0.0,2022,2,Verano,Bosque cerrado desconocido,1,1,1,1,2.1795542919663995,5–10 m,834_gt3l_1239068,296882.9,5273084.7,BOSQUE_NW_02,operacional,SI,,2022-02-14,NO,1060.02,21.771,22.006,-0.83,PASA
BOSQUE_NW_02(3),ATL08_20220214215513_08341409_007_01.h5,2022-02-14T21:55:13Z,gt3l,-71.47967529296875,-42.67595291137695,130111158.98754269,834.0,14.0,9.0,007,01,19066.0,0.0,1239113.0,1239117.0,1058.270263671875,18.564414978027344,5.5078125,11.355149269104004,6.5806884765625,1.2153931856155396,,,,,,,70.0,57.0,20.0,1.0,0.0,0.0,0.0,0.0,2022,2,Verano,Arbustos,1,1,1,1,2.0616441226174644,5–10 m,834_gt3l_1239113,296821.6,5272187.8,BOSQUE_NW_02,operacional,SI,,2022-02-14,NO,1037.65,21.776,22.016,-1.15,PASA
BOSQUE_NW_02(3),ATL08_20220214215513_08341409_007_01.h5,2022-02-14T21:55:13Z,gt3l,-71.48095703125,-42.685791015625,130111159.14258033,834.0,14.0,9.0,007,01,19066.0,0.0,1239168.0,1239172.0,1058.89013671875,20.761877059936523,4.743896484375,13.390382766723633,5.4437255859375,1.143815517425537,,,,,,,72.0,51.0,126.0,1.0,0.0,0.0,0.0,0.0,2022,2,Verano,Bosque abierto desconocido,1,1,1,1,2.822654923189748,2–5 m,834_gt3l_1239168,296748.7,5271092.2,BOSQUE_NW_02,operacional,SI,,2022-02-14,NO,1037.63,21.783,22.026,-0.52,PASA
BOSQUE_NW_02(3),ATL08_20220214215513_08341409_007_01.h5,2022-02-14T21:55:13Z,gt3l,-71.48118591308594,-42.68758010864258,130111159.17076707,834.0,14.0,9.0,007,01,19066.0,0.0,1239178.0,1239182.0,1066.5274658203125,22.700115203857422,5.6209716796875,12.187713623046875,6.7177734375,1.4212639331817627,,,,,,,76.0,47.0,116.0,1.0,0.0,0.0,0.0,0.0,2022,2,Verano,Bosque cerrado desconocido,1,1,1,1,2.1682574326231894,5–10 m,834_gt3l_1239178,296735.8,5270893.0,BOSQUE_NW_02,operacional,SI,,2022-02-14,NO,1045.29,21.785,22.028,-0.55,PASA
BOSQUE_NW_02(3),ATL08_20220214215513_08341409_007_01.h5,2022-02-14T21:55:13Z,gt3l,-71.4814224243164,-42.689369201660156,130111159.1989452,834.0,14.0,9.0,007,01,19066.0,0.0,1239188.0,1239192.0,1071.473876953125,48.70193099975586,6.60546875,14.739748001098633,6.8172607421875,1.645869493484497,,,,,,,79.0,22.0,116.0,1.0,0.0,0.0,0.0,0.0,2022,2,Verano,Bosque cerrado desconocido,1,1,1,1,2.2314461787588704,5–10 m,834_gt3l_1239188,296722.2,5270693.7,BOSQUE_NW_02,operacional,SI,,2022-02-14,NO,1050.87,21.786,22.029,-1.18,PASA
BOSQUE_NW_02(3),ATL08_20220214215513_08341409_007_01.h5,2022-02-14T21:55:13Z,gt3r,-71.46566009521484,-42.55992889404297,130111157.51240453,834.0,14.0,9.0,007,01,19066.0,0.0,1238465.0,1238469.0,839.0977783203125,55.92637252807617,16.48138427734375,70.47530364990234,16.48138427734375,4.475883960723877,,,,,,,22.0,15.0,20.0,1.0,0.0,0.0,0.0,0.0,2022,2,Verano,Arbustos,1,1,1,1,4.276054878884276,10–20 m,834_gt3r_1238465,297594.4,5285105.9,BOSQUE_NW_02,operacional,SI,,2022-02-14,NO,816.04,21.507,21.704,1.55,PASA
BOSQUE_NW_02(3),ATL08_20220214215513_08341409_007_01.h5,2022-02-14T21:55:13Z,gt3r,-71.46600341796875,-42.5626106262207,130111157.55465436,834.0,14.0,9.0,007,01,19066.0,0.0,1238480.0,1238484.0,881.828369140625,,12.16302490234375,,12.22119140625,2.8535525798797607,,,,,,,41.0,1.0,20.0,1.0,0.0,0.0,0.0,0.0,2022,2,Verano,Arbustos,1,1,0,0,,10–20 m,834_gt3r_1238480,297574.9,5284807.2,BOSQUE_NW_02,operacional,SI,,2022-02-14,NO,863.83,21.516,21.712,-3.52,PASA
BOSQUE_NW_02(3),ATL08_20220214215513_08341409_007_01.h5,2022-02-14T21:55:13Z,gt3r,-71.46635437011719,-42.5652961730957,130111157.59693739,834.0,14.0,9.0,007,01,19066.0,0.0,1238495.0,1238499.0,908.5452270507812,69.86531066894531,16.4866943359375,71.78617095947266,16.4866943359375,3.176730155944824,,,,,,,41.0,13.0,20.0,1.0,0.0,0.0,0.0,0.0,2022,2,Verano,Arbustos,1,1,1,1,4.354188262166905,10–20 m,834_gt3r_1238495,297554.8,5284508.2,BOSQUE_NW_02,operacional,SI,,2022-02-14,NO,886.83,21.525,21.720,0.19,PASA
BOSQUE_NW_02(3),ATL08_20220214215513_08341409_007_01.h5,2022-02-14T21:55:13Z,gt3r,-71.4668197631836,-42.56887435913086,130111157.65330885,834.0,14.0,9.0,007,01,19066.0,0.0,1238515.0,1238519.0,907.680419921875,75.6741714477539,19.77069091796875,72.02859497070312,20.22509765625,5.384117126464844,,,,,,,49.0,12.0,126.0,1.0,0.0,0.0,0.0,0.0,2022,2,Verano,Bosque abierto desconocido,1,1,1,1,3.6432006989315364,10–20 m,834_gt3r_1238515,297528.1,5284109.7,BOSQUE_NW_02,operacional,SI,,2022-02-14,NO,887.21,21.537,21.731,-1.07,PASA
BOSQUE_NW_02(3),ATL08_20220214215513_08341409_007_01.h5,2022-02-14T21:55:13Z,gt3r,-71.46705627441406,-42.57066345214844,130111157.68153873,834.0,14.0,9.0,007,01,19066.0,0.0,1238525.0,1238529.0,899.81689453125,59.96632385253906,14.296142578125,80.15350341796875,14.296142578125,2.804628849029541,,,,,,,31.0,15.0,20.0,1.0,0.0,0.0,0.0,0.0,2022,2,Verano,Arbustos,1,1,1,1,5.606652492443261,10–20 m,834_gt3r_1238525,297514.5,5283910.5,BOSQUE_NW_02,operacional,SI,,2022-02-14,NO,878.07,21.543,21.736,0.20,PASA
BOSQUE_NW_02(3),ATL08_20220214215513_08341409_007_01.h5,2022-02-14T21:55:13Z,gt3r,-71.4674072265625,-42.57334899902344,130111157.72372147,834.0,14.0,9.0,007,01,19066.0,0.0,1238540.0,1238544.0,894.7131958007812,63.947635650634766,12.14080810546875,43.849586486816406,12.14080810546875,2.9498395919799805,,,,,,,32.0,14.0,126.0,1.0,0.0,0.0,0.0,0.0,2022,2,Verano,Bosque abierto desconocido,1,1,1,1,3.6117518789432674,10–20 m,834_gt3r_1238540,297494.4,5283611.4,BOSQUE_NW_02,operacional,SI,,2022-02-14,NO,875.11,21.552,21.745,-1.95,PASA
BOSQUE_NW_02(3),ATL08_20220214215513_08341409_007_01.h5,2022-02-14T21:55:13Z,gt3r,-71.46752166748047,-42.574241638183594,130111157.73792103,834.0,14.0,9.0,007,01,19066.0,0.0,1238545.0,1238549.0,897.89013671875,27.197751998901367,13.61236572265625,34.54317092895508,13.61236572265625,3.3606390953063965,,,,,,,33.0,33.0,126.0,1.0,0.0,0.0,0.0,0.0,2022,2,Verano,Bosque abierto desconocido,1,1,1,1,2.5376317116915144,10–20 m,834_gt3r_1238545,297487.9,5283512.0,BOSQUE_NW_02,operacional,SI,,2022-02-14,NO,877.02,21.555,21.748,-0.69,PASA
BOSQUE_NW_02(3),ATL08_20220214215513_08341409_007_01.h5,2022-02-14T21:55:13Z,gt3r,-71.4678726196289,-42.576927185058594,130111157.78022563,834.0,14.0,9.0,007,01,19066.0,0.0,1238560.0,1238564.0,909.8576049804688,56.872779846191406,13.4747314453125,51.72087097167969,13.4747314453125,3.349398136138916,,,,,,,32.0,16.0,126.0,1.0,0.0,0.0,0.0,0.0,2022,2,Verano,Bosque abierto desconocido,1,1,1,1,3.838360057978892,10–20 m,834_gt3r_1238560,297467.8,5283212.9,BOSQUE_NW_02,operacional,SI,,2022-02-14,NO,889.08,21.564,21.756,-0.78,PASA
BOSQUE_NW_02(3),ATL08_20220214215513_08341409_007_01.h5,2022-02-14T21:55:13Z,gt3r,-71.46821594238281,-42.57960891723633,130111157.82242218,834.0,14.0,9.0,007,01,19066.0,0.0,1238575.0,1238579.0,919.807373046875,,20.16558837890625,,20.16558837890625,4.192948341369629,,,,,,,32.0,5.0,126.0,1.0,0.0,0.0,0.0,0.0,2022,2,Verano,Bosque abierto desconocido,1,1,0,0,,20–30 m,834_gt3r_1238575,297448.3,5282914.3,BOSQUE_NW_02,operacional,SI,,2022-02-14,NO,898.38,21.573,21.764,-0.15,PASA
BOSQUE_NW_02(3),ATL08_20220214215513_08341409_007_01.h5,2022-02-14T21:55:13Z,gt3r,-71.46833801269531,-42.58050537109375,130111157.83657485,834.0,14.0,9.0,007,01,19066.0,0.0,1238580.0,1238584.0,921.97900390625,,18.90411376953125,,18.90411376953125,4.5346269607543945,,,,,,,33.0,5.0,126.0,1.0,0.0,0.0,0.0,0.0,2022,2,Verano,Bosque abierto desconocido,1,1,0,0,,10–20 m,834_gt3r_1238580,297441.2,5282814.5,BOSQUE_NW_02,operacional,SI,,2022-02-14,NO,901.63,21.576,21.767,-1.22,PASA
BOSQUE_NW_02(3),ATL08_20220214215513_08341409_007_01.h5,2022-02-14T21:55:13Z,gt3r,-71.46868133544922,-42.583187103271484,130111157.87877563,834.0,14.0,9.0,007,01,19066.0,0.0,1238595.0,1238599.0,1007.2352294921875,52.97351837158203,29.376953125,62.54029846191406,29.376953125,7.501121997833252,,,,,,,33.0,19.0,20.0,1.0,0.0,0.0,0.0,0.0,2022,2,Verano,Arbustos,1,1,1,1,2.128889888471511,20–30 m,834_gt3r_1238595,297421.7,5282515.8,BOSQUE_NW_02,operacional,SI,,2022-02-14,NO,984.45,21.585,21.775,1.20,PASA
BOSQUE_NW_02(3),ATL08_20220214215513_08341409_007_01.h5,2022-02-14T21:55:13Z,gt3r,-71.46891021728516,-42.58498001098633,130111157.90698965,834.0,14.0,9.0,007,01,19066.0,0.0,1238605.0,1238609.0,1047.9456787109375,52.42097091674805,20.1617431640625,62.345458984375,20.1617431640625,5.6814284324646,,,,,,,40.0,20.0,20.0,1.0,0.0,0.0,0.0,0.0,2022,2,Verano,Arbustos,1,1,1,1,3.0922653104471287,20–30 m,834_gt3r_1238605,297408.7,5282316.2,BOSQUE_NW_02,operacional,SI,,2022-02-14,NO,1027.15,21.590,21.782,-0.80,PASA
BOSQUE_NW_02(3),ATL08_20220214215513_08341409_007_01.h5,2022-02-14T21:55:13Z,gt3r,-71.46913146972656,-42.586769104003906,130111157.93517396,834.0,14.0,9.0,007,01,19066.0,0.0,1238615.0,1238619.0,1121.3621826171875,74.8180160522461,22.0809326171875,94.22371673583984,22.0809326171875,5.369693756103516,,,,,,,35.0,15.0,20.0,1.0,0.0,0.0,0.0,0.0,2022,2,Verano,Arbustos,1,1,1,1,4.267198237020903,20–30 m,834_gt3r_1238615,297396.4,5282117.0,BOSQUE_NW_02,operacional,SI,,2022-02-14,NO,1101.93,21.595,21.789,-2.16,PASA
BOSQUE_NW_02(3),ATL08_20220214215513_08341409_007_01.h5,2022-02-14T21:55:13Z,gt3r,-71.46924591064453,-42.58766174316406,130111157.94927473,834.0,14.0,9.0,007,01,19066.0,0.0,1238620.0,1238624.0,1128.602294921875,,22.4088134765625,,22.9871826171875,5.759099006652832,,,,,,,47.0,4.0,30.0,1.0,0.0,0.0,0.0,0.0,2022,2,Verano,Herbáceas,1,1,0,0,,20–30 m,834_gt3r_1238620,297389.9,5282017.6,BOSQUE_NW_02,operacional,SI,,2022-02-14,NO,1115.45,21.598,21.792,-8.44,DESCARTADO
BOSQUE_NW_02(3),ATL08_20220214215513_08341409_007_01.h5,2022-02-14T21:55:13Z,gt3r,-71.4696044921875,-42.59034729003906,130111157.99149525,834.0,14.0,9.0,007,01,19066.0,0.0,1238635.0,1238639.0,1113.646728515625,,15.14892578125,,15.14892578125,3.527348756790161,,,,,,,29.0,4.0,112.0,1.0,0.0,0.0,0.0,0.0,2022,2,Verano,Bosque cerrado perennifolio latifolio,1,1,0,0,,10–20 m,834_gt3r_1238635,297369.2,5281718.5,BOSQUE_NW_02,operacional,SI,,2022-02-14,NO,1085.80,21.605,21.802,6.24,DESCARTADO
BOSQUE_NW_02(3),ATL08_20220214215513_08341409_007_01.h5,2022-02-14T21:55:13Z,gt3r,-71.4697265625,-42.59123992919922,130111158.00558667,834.0,14.0,9.0,007,01,19066.0,0.0,1238640.0,1238644.0,1098.6802978515625,,20.9078369140625,,20.9078369140625,5.549428462982178,,,,,,,26.0,3.0,112.0,1.0,0.0,0.0,0.0,0.0,2022,2,Verano,Bosque cerrado perennifolio latifolio,1,1,0,0,,20–30 m,834_gt3r_1238640,297362.0,5281619.1,BOSQUE_NW_02,operacional,SI,,2022-02-14,NO,1078.72,21.608,21.805,-1.65,PASA
BOSQUE_NW_02(3),ATL08_20220214215513_08341409_007_01.h5,2022-02-14T21:55:13Z,gt3r,-71.46984100341797,-42.59213638305664,130111158.01973324,834.0,14.0,9.0,007,01,19066.0,0.0,1238645.0,1238649.0,1094.8526611328125,68.46014404296875,20.47802734375,78.09053802490234,20.47802734375,6.298818588256836,,,,,,,33.0,16.0,112.0,1.0,0.0,0.0,0.0,0.0,2022,2,Verano,Bosque cerrado perennifolio latifolio,1,1,1,1,3.813381861155488,20–30 m,834_gt3r_1238645,297355.5,5281519.2,BOSQUE_NW_02,operacional,SI,,2022-02-14,NO,1071.92,21.610,21.809,1.33,PASA
BOSQUE_NW_02(3),ATL08_20220214215513_08341409_007_01.h5,2022-02-14T21:55:13Z,gt3r,-71.4700698852539,-42.59392547607422,130111158.04791313,834.0,14.0,9.0,007,01,19066.0,0.0,1238655.0,1238659.0,1109.3287353515625,158.1165771484375,22.01904296875,131.6492156982422,22.01904296875,4.750328063964844,,,,,,,43.0,7.0,116.0,1.0,0.0,0.0,0.0,0.0,2022,2,Verano,Bosque cerrado desconocido,1,1,1,1,5.978880003326311,20–30 m,834_gt3r_1238655,297342.6,5281320.0,BOSQUE_NW_02,operacional,SI,,2022-02-14,NO,1083.52,21.615,21.816,4.20,PASA
BOSQUE_NW_02(3),ATL08_20220214215513_08341409_007_01.h5,2022-02-14T21:55:13Z,gt3r,-71.47018432617188,-42.594818115234375,130111158.06206535,834.0,14.0,9.0,007,01,19066.0,0.0,1238660.0,1238664.0,1103.5501708984375,,26.412109375,,26.412109375,7.735546588897705,,,,,,,37.0,4.0,114.0,1.0,0.0,0.0,0.0,0.0,2022,2,Verano,Bosque cerrado caducifolio latifolio,1,1,0,0,,20–30 m,834_gt3r_1238660,297336.1,5281220.6,BOSQUE_NW_02,operacional,SI,,2022-02-14,NO,1081.73,21.617,21.819,0.20,PASA
BOSQUE_NW_02(3),ATL08_20220214215513_08341409_007_01.h5,2022-02-14T21:55:13Z,gt3r,-71.47065734863281,-42.59839630126953,130111158.11839719,834.0,14.0,9.0,007,01,19066.0,0.0,1238680.0,1238684.0,1087.7135009765625,,14.636962890625,,16.6290283203125,3.1773478984832764,,,,,,,55.0,4.0,126.0,1.0,0.0,0.0,0.0,0.0,2022,2,Verano,Bosque abierto desconocido,1,1,0,0,,10–20 m,834_gt3r_1238680,297308.9,5280822.1,BOSQUE_NW_02,operacional,SI,,2022-02-14,NO,1068.90,21.627,21.832,-2.81,PASA
BOSQUE_NW_02(3),ATL08_20220214215513_08341409_007_01.h5,2022-02-14T21:55:13Z,gt3r,-71.47148132324219,-42.60466003417969,130111158.21704955,834.0,14.0,9.0,007,01,19066.0,0.0,1238715.0,1238719.0,1049.269287109375,87.46548461914062,7.86279296875,51.307861328125,7.86279296875,1.8510546684265137,,,,,,,17.0,12.0,126.0,1.0,0.0,0.0,0.0,0.0,2022,2,Verano,Bosque abierto desconocido,1,1,1,1,6.525398993976277,5–10 m,834_gt3r_1238715,297261.6,5280124.6,BOSQUE_NW_02,operacional,SI,,2022-02-14,NO,1027.80,21.645,21.853,-0.17,PASA
BOSQUE_NW_02(3),ATL08_20220214215513_08341409_007_01.h5,2022-02-14T21:55:13Z,gt3r,-71.4717025756836,-42.606449127197266,130111158.24526857,834.0,14.0,9.0,007,01,19066.0,0.0,1238725.0,1238729.0,1076.4774169921875,178.4488525390625,11.6842041015625,66.18807983398438,11.6842041015625,2.198401927947998,,,,,,,25.0,6.0,116.0,1.0,0.0,0.0,0.0,0.0,2022,2,Verano,Bosque cerrado desconocido,1,1,1,1,5.664748686231286,10–20 m,834_gt3r_1238725,297249.2,5279925.4,BOSQUE_NW_02,operacional,SI,,2022-02-14,NO,1050.65,21.650,21.858,4.18,PASA
BOSQUE_NW_02(3),ATL08_20220214215513_08341409_007_01.h5,2022-02-14T21:55:13Z,gt3r,-71.47193908691406,-42.608238220214844,130111158.27340806,834.0,14.0,9.0,007,01,19066.0,0.0,1238735.0,1238739.0,1085.807373046875,47.220481872558594,10.2691650390625,59.342708587646484,10.2691650390625,2.879148244857788,,,,,,,24.0,23.0,126.0,1.0,0.0,0.0,0.0,0.0,2022,2,Verano,Bosque abierto desconocido,1,1,1,1,5.778727711738484,10–20 m,834_gt3r_1238735,297235.6,5279726.1,BOSQUE_NW_02,operacional,SI,,2022-02-14,NO,1063.06,21.654,21.863,1.10,PASA
BOSQUE_NW_02(3),ATL08_20220214215513_08341409_007_01.h5,2022-02-14T21:55:13Z,gt3r,-71.47206115722656,-42.609134674072266,130111158.28746477,834.0,14.0,9.0,007,01,19066.0,0.0,1238740.0,1238744.0,1100.173583984375,,13.1474609375,,14.842529296875,3.206789016723633,,,,,,,51.0,3.0,116.0,1.0,0.0,0.0,0.0,0.0,2022,2,Verano,Bosque cerrado desconocido,1,1,0,0,,10–20 m,834_gt3r_1238740,297228.5,5279626.3,BOSQUE_NW_02,operacional,SI,,2022-02-14,NO,1083.54,21.657,21.865,-5.02,DESCARTADO
BOSQUE_NW_02(3),ATL08_20220214215513_08341409_007_01.h5,2022-02-14T21:55:13Z,gt3r,-71.47252655029297,-42.61271286010742,130111158.34389284,834.0,14.0,9.0,007,01,19066.0,0.0,1238760.0,1238764.0,1088.5205078125,,8.971435546875,,9.342529296875,2.166749954223633,,,,,,,14.0,1.0,112.0,1.0,0.0,0.0,0.0,0.0,2022,2,Verano,Bosque cerrado perennifolio latifolio,1,1,0,0,,5–10 m,834_gt3r_1238760,297202.0,5279227.8,BOSQUE_NW_02,operacional,SI,,2022-02-14,NO,1066.51,21.667,21.876,0.34,PASA
BOSQUE_NW_02(3),ATL08_20220214215513_08341409_007_01.h5,2022-02-14T21:55:13Z,gt3r,-71.47264099121094,-42.61360549926758,130111158.3580106,834.0,14.0,9.0,007,01,19066.0,0.0,1238765.0,1238769.0,1088.893310546875,155.0218048095703,9.226806640625,49.73374938964844,10.981201171875,2.40289044380188,,,,,,,28.0,7.0,114.0,1.0,0.0,0.0,0.0,0.0,2022,2,Verano,Bosque cerrado caducifolio latifolio,1,1,1,1,5.390136731669886,5–10 m,834_gt3r_1238765,297195.5,5279128.4,BOSQUE_NW_02,operacional,SI,,2022-02-14,NO,1063.96,21.669,21.878,3.27,PASA
BOSQUE_NW_02(3),ATL08_20220214215513_08341409_007_01.h5,2022-02-14T21:55:13Z,gt3r,-71.47276306152344,-42.614501953125,130111158.37208371,834.0,14.0,9.0,007,01,19066.0,0.0,1238770.0,1238774.0,1082.7882080078125,67.67149353027344,12.6214599609375,90.60077667236328,12.6214599609375,2.35005784034729,,,,,,,28.0,16.0,116.0,1.0,0.0,0.0,0.0,0.0,2022,2,Verano,Bosque cerrado desconocido,1,1,1,1,7.178311934813095,10–20 m,834_gt3r_1238770,297188.4,5279028.6,BOSQUE_NW_02,operacional,SI,,2022-02-14,NO,1056.65,21.672,21.881,4.47,PASA
BOSQUE_NW_02(3),ATL08_20220214215513_08341409_007_01.h5,2022-02-14T21:55:13Z,gt3r,-71.47357940673828,-42.620765686035156,130111158.47075033,834.0,14.0,9.0,007,01,19066.0,0.0,1238805.0,1238809.0,1083.0684814453125,154.9180908203125,18.415283203125,96.37849426269531,18.447265625,4.732699871063232,,,,,,,46.0,7.0,116.0,1.0,0.0,0.0,0.0,0.0,2022,2,Verano,Bosque cerrado desconocido,1,1,1,1,5.233614558061223,10–20 m,834_gt3r_1238805,297141.8,5278331.0,BOSQUE_NW_02,operacional,SI,,2022-02-14,NO,1061.30,21.689,21.898,0.08,PASA
BOSQUE_NW_02(3),ATL08_20220214215513_08341409_007_01.h5,2022-02-14T21:55:13Z,gt3r,-71.47369384765625,-42.62165832519531,130111158.48485006,834.0,14.0,9.0,007,01,19066.0,0.0,1238810.0,1238814.0,1099.36376953125,,17.459716796875,,21.37353515625,4.215728282928467,,,,,,,44.0,3.0,116.0,1.0,0.0,0.0,0.0,0.0,2022,2,Verano,Bosque cerrado desconocido,1,1,0,0,,10–20 m,834_gt3r_1238810,297135.3,5278231.6,BOSQUE_NW_02,operacional,SI,,2022-02-14,NO,1085.72,21.692,21.900,-8.05,DESCARTADO
BOSQUE_NW_02(3),ATL08_20220214215513_08341409_007_01.h5,2022-02-14T21:55:13Z,gt3r,-71.47380828857422,-42.622554779052734,130111158.49892141,834.0,14.0,9.0,007,01,19066.0,0.0,1238815.0,1238819.0,1106.067626953125,,17.4840087890625,,17.4840087890625,5.250606060028076,,,,,,,26.0,4.0,116.0,1.0,0.0,0.0,0.0,0.0,2022,2,Verano,Bosque cerrado desconocido,1,1,0,0,,10–20 m,834_gt3r_1238815,297128.8,5278131.8,BOSQUE_NW_02,operacional,SI,,2022-02-14,NO,1084.87,21.694,21.903,-0.50,PASA
BOSQUE_NW_02(3),ATL08_20220214215513_08341409_007_01.h5,2022-02-14T21:55:13Z,gt3r,-71.47393035888672,-42.62344741821289,130111158.51300679,834.0,14.0,9.0,007,01,19066.0,0.0,1238820.0,1238824.0,1095.6153564453125,68.4551010131836,15.0450439453125,67.5895004272461,15.0450439453125,2.6736395359039307,,,,,,,34.0,16.0,116.0,1.0,0.0,0.0,0.0,0.0,2022,2,Verano,Bosque cerrado desconocido,1,1,1,1,4.492476105282801,10–20 m,834_gt3r_1238820,297121.7,5278032.4,BOSQUE_NW_02,operacional,SI,,2022-02-14,NO,1072.21,21.697,21.905,1.71,PASA
BOSQUE_NW_02(3),ATL08_20220214215513_08341409_007_01.h5,2022-02-14T21:55:13Z,gt3r,-71.47462463378906,-42.628814697265625,130111158.59758325,834.0,14.0,9.0,007,01,19066.0,0.0,1238850.0,1238854.0,1155.666748046875,,23.3642578125,,24.331298828125,8.270763397216797,,,,,,,44.0,5.0,112.0,1.0,0.0,0.0,0.0,0.0,2022,2,Verano,Bosque cerrado perennifolio latifolio,1,1,0,0,,20–30 m,834_gt3r_1238850,297082.2,5277434.7,BOSQUE_NW_02,operacional,SI,,2022-02-14,NO,1141.56,21.707,21.918,-7.60,DESCARTADO
BOSQUE_NW_02(3),ATL08_20220214215513_08341409_007_01.h5,2022-02-14T21:55:13Z,gt3r,-71.47486114501953,-42.6306037902832,130111158.62583013,834.0,14.0,9.0,007,01,19066.0,0.0,1238860.0,1238864.0,1149.7271728515625,,24.95263671875,,26.0069580078125,7.282195091247559,,,,,,,48.0,2.0,112.0,1.0,0.0,0.0,0.0,0.0,2022,2,Verano,Bosque cerrado perennifolio latifolio,1,1,0,0,,20–30 m,834_gt3r_1238860,297068.6,5277235.4,BOSQUE_NW_02,operacional,SI,,2022-02-14,NO,1131.99,21.710,21.923,-3.97,PASA
BOSQUE_NW_02(3),ATL08_20220214215513_08341409_007_01.h5,2022-02-14T21:55:13Z,gt3r,-71.47533416748047,-42.63418197631836,130111158.68212555,834.0,14.0,9.0,007,01,19066.0,0.0,1238880.0,1238884.0,1145.883544921875,,22.1197509765625,,22.1197509765625,4.896599292755127,,,,,,,30.0,5.0,112.0,1.0,0.0,0.0,0.0,0.0,2022,2,Verano,Bosque cerrado perennifolio latifolio,1,1,0,0,,20–30 m,834_gt3r_1238880,297041.5,5276836.9,BOSQUE_NW_02,operacional,SI,,2022-02-14,NO,1129.88,21.715,21.931,-5.71,DESCARTADO
BOSQUE_NW_02(3),ATL08_20220214215513_08341409_007_01.h5,2022-02-14T21:55:13Z,gt3r,-71.47579193115234,-42.63776397705078,130111158.73851913,834.0,14.0,9.0,007,01,19066.0,0.0,1238900.0,1238904.0,1138.6259765625,,30.1505126953125,,32.820068359375,8.555208206176758,,,,,,,45.0,5.0,112.0,1.0,0.0,0.0,0.0,0.0,2022,2,Verano,Bosque cerrado perennifolio latifolio,1,1,0,0,,>30 m,834_gt3r_1238900,297015.6,5276438.1,BOSQUE_NW_02,operacional,SI,,2022-02-14,NO,1125.74,21.721,21.938,-8.84,DESCARTADO
BOSQUE_NW_02(3),ATL08_20220214215513_08341409_007_01.h5,2022-02-14T21:55:13Z,gt3r,-71.47602844238281,-42.63955307006836,130111158.76680021,834.0,14.0,9.0,007,01,19066.0,0.0,1238910.0,1238914.0,1143.615478515625,,34.6676025390625,,35.7684326171875,10.456295013427734,,,,,,,42.0,5.0,112.0,1.0,0.0,0.0,0.0,0.0,2022,2,Verano,Bosque cerrado perennifolio latifolio,1,1,0,0,,>30 m,834_gt3r_1238910,297002.0,5276238.8,BOSQUE_NW_02,operacional,SI,,2022-02-14,NO,1127.50,21.724,21.941,-5.61,DESCARTADO
BOSQUE_NW_02(3),ATL08_20220214215513_08341409_007_01.h5,2022-02-14T21:55:13Z,gt3r,-71.47637939453125,-42.642234802246094,130111158.80903484,834.0,14.0,9.0,007,01,19066.0,0.0,1238925.0,1238929.0,1153.5928955078125,,32.7332763671875,,32.7332763671875,7.630711078643799,,,,,,,45.0,2.0,112.0,1.0,0.0,0.0,0.0,0.0,2022,2,Verano,Bosque cerrado perennifolio latifolio,1,1,0,0,,>30 m,834_gt3r_1238925,296982.0,5275940.2,BOSQUE_NW_02,operacional,SI,,2022-02-14,NO,1132.65,21.728,21.946,-0.79,PASA
BOSQUE_NW_02(3),ATL08_20220214215513_08341409_007_01.h5,2022-02-14T21:55:13Z,gt3r,-71.47660827636719,-42.64402389526367,130111158.83718283,834.0,14.0,9.0,007,01,19066.0,0.0,1238935.0,1238939.0,1158.5157470703125,,27.665283203125,,28.57763671875,7.429666042327881,,,,,,,50.0,5.0,112.0,1.0,0.0,0.0,0.0,0.0,2022,2,Verano,Bosque cerrado perennifolio latifolio,1,1,0,0,,20–30 m,834_gt3r_1238935,296969.0,5275740.9,BOSQUE_NW_02,operacional,SI,,2022-02-14,NO,1145.67,21.731,21.950,-8.89,DESCARTADO
BOSQUE_NW_02(3),ATL08_20220214215513_08341409_007_01.h5,2022-02-14T21:55:13Z,gt3r,-71.47684478759766,-42.64581298828125,130111158.86531246,834.0,14.0,9.0,007,01,19066.0,0.0,1238945.0,1238949.0,1185.1434326171875,,18.3988037109375,,19.0118408203125,4.6798505783081055,,,,,,,45.0,1.0,112.0,1.0,0.0,0.0,0.0,0.0,2022,2,Verano,Bosque cerrado perennifolio latifolio,1,1,0,0,,10–20 m,834_gt3r_1238945,296955.5,5275541.7,BOSQUE_NW_02,operacional,SI,,2022-02-14,NO,1165.20,21.734,21.953,-1.79,PASA
BOSQUE_NW_02(3),ATL08_20220214215513_08341409_007_01.h5,2022-02-14T21:55:13Z,gt3r,-71.4769515991211,-42.64670944213867,130111158.87944499,834.0,14.0,9.0,007,01,19066.0,0.0,1238950.0,1238954.0,1182.3153076171875,,25.7779541015625,,25.7779541015625,6.3850812911987305,,,,,,,34.0,5.0,112.0,1.0,0.0,0.0,0.0,0.0,2022,2,Verano,Bosque cerrado perennifolio latifolio,1,1,0,0,,20–30 m,834_gt3r_1238950,296949.6,5275441.9,BOSQUE_NW_02,operacional,SI,,2022-02-14,NO,1163.54,21.736,21.955,-2.96,PASA
BOSQUE_NW_02(3),ATL08_20220214215513_08341409_007_01.h5,2022-02-14T21:55:13Z,gt3r,-71.47742462158203,-42.65028762817383,130111158.93585716,834.0,14.0,9.0,007,01,19066.0,0.0,1238970.0,1238974.0,1217.53955078125,,31.722412109375,,32.294677734375,6.3299946784973145,,,,,,,53.0,4.0,112.0,1.0,0.0,0.0,0.0,0.0,2022,2,Verano,Bosque cerrado perennifolio latifolio,1,1,0,0,,>30 m,834_gt3r_1238970,296922.5,5275043.4,BOSQUE_NW_02,operacional,SI,,2022-02-14,NO,1200.90,21.742,21.962,-5.11,DESCARTADO
BOSQUE_NW_02(3),ATL08_20220214215513_08341409_007_01.h5,2022-02-14T21:55:13Z,gt3r,-71.47789764404297,-42.653865814208984,130111158.99225387,834.0,14.0,9.0,007,01,19066.0,0.0,1238990.0,1238994.0,1186.8358154296875,,19.5654296875,,23.2447509765625,5.2579240798950195,,,,,,,39.0,5.0,112.0,1.0,0.0,0.0,0.0,0.0,2022,2,Verano,Bosque cerrado perennifolio latifolio,1,1,0,0,,10–20 m,834_gt3r_1238990,296895.4,5274644.9,BOSQUE_NW_02,operacional,SI,,2022-02-14,NO,1167.82,21.748,21.971,-2.74,PASA
BOSQUE_NW_02(3),ATL08_20220214215513_08341409_007_01.h5,2022-02-14T21:55:13Z,gt3r,-71.47801971435547,-42.65475845336914,130111159.00631459,834.0,14.0,9.0,007,01,19066.0,0.0,1238995.0,1238999.0,1172.9169921875,,18.6522216796875,,18.6522216796875,4.3223066329956055,,,,,,,33.0,5.0,112.0,1.0,0.0,0.0,0.0,0.0,2022,2,Verano,Bosque cerrado perennifolio latifolio,1,1,0,0,,10–20 m,834_gt3r_1238995,296888.3,5274545.5,BOSQUE_NW_02,operacional,SI,,2022-02-14,NO,1154.06,21.749,21.973,-2.89,PASA
BOSQUE_NW_02(3),ATL08_20220214215513_08341409_007_01.h5,2022-02-14T21:55:13Z,gt3r,-71.4783935546875,-42.657623291015625,130111159.05142921,834.0,14.0,9.0,007,01,19066.0,0.0,1239011.0,1239014.0,1120.708740234375,,30.390869140625,,30.390869140625,6.793615818023682,,,,,,,27.0,1.0,112.0,1.0,0.0,0.0,0.0,0.0,2022,2,Verano,Bosque cerrado perennifolio latifolio,1,1,0,0,,>30 m,834_gt3r_1239011,296867.0,5274226.4,BOSQUE_NW_02,operacional,SI,,2022-02-14,NO,1105.92,21.754,21.980,-6.96,DESCARTADO
BOSQUE_NW_02(3),ATL08_20220214215513_08341409_007_01.h5,2022-02-14T21:55:13Z,gt3r,-71.47848510742188,-42.6583366394043,130111159.06272055,834.0,14.0,9.0,007,01,19066.0,0.0,1239015.0,1239019.0,1123.260498046875,,31.062744140625,,31.062744140625,8.520425796508789,,,,,,,42.0,1.0,112.0,1.0,0.0,0.0,0.0,0.0,2022,2,Verano,Bosque cerrado perennifolio latifolio,1,1,0,0,,>30 m,834_gt3r_1239015,296861.8,5274147.0,BOSQUE_NW_02,operacional,SI,,2022-02-14,NO,1106.00,21.755,21.982,-4.50,PASA
BOSQUE_NW_02(3),ATL08_20220214215513_08341409_007_01.h5,2022-02-14T21:55:13Z,gt3r,-71.47859954833984,-42.65923309326172,130111159.07684673,834.0,14.0,9.0,007,01,19066.0,0.0,1239020.0,1239024.0,1115.3546142578125,,32.4044189453125,,33.1368408203125,7.801610946655273,,,,,,,48.0,1.0,112.0,1.0,0.0,0.0,0.0,0.0,2022,2,Verano,Bosque cerrado perennifolio latifolio,1,1,0,0,,>30 m,834_gt3r_1239020,296855.3,5274047.2,BOSQUE_NW_02,operacional,SI,,2022-02-14,NO,1101.16,21.757,21.984,-7.56,DESCARTADO
BOSQUE_NW_02(3),ATL08_20220214215513_08341409_007_01.h5,2022-02-14T21:55:13Z,gt3r,-71.47954559326172,-42.66638946533203,130111159.18952091,834.0,14.0,9.0,007,01,19066.0,0.0,1239060.0,1239064.0,1084.3984375,67.76514434814453,23.28466796875,70.36349487304688,23.28466796875,7.436795234680176,,,,,,,30.0,16.0,112.0,1.0,0.0,0.0,0.0,0.0,2022,2,Verano,Bosque cerrado perennifolio latifolio,1,1,1,1,3.0218809633652777,20–30 m,834_gt3r_1239060,296801.1,5273250.2,BOSQUE_NW_02,operacional,SI,,2022-02-14,NO,1062.18,21.769,22.004,0.45,PASA
BOSQUE_NW_02(3),ATL08_20220214215513_08341409_007_01.h5,2022-02-14T21:55:13Z,gt3r,-71.47988891601562,-42.66907501220703,130111159.23189297,834.0,14.0,9.0,007,01,19066.0,0.0,1239075.0,1239079.0,1075.1300048828125,46.72372817993164,21.7008056640625,63.961090087890625,21.7008056640625,7.403928279876709,,,,,,,25.0,23.0,116.0,1.0,0.0,0.0,0.0,0.0,2022,2,Verano,Bosque cerrado desconocido,1,1,1,1,2.947406242792775,20–30 m,834_gt3r_1239075,296781.7,5272951.1,BOSQUE_NW_02,operacional,SI,,2022-02-14,NO,1051.60,21.771,22.008,1.76,PASA
BOSQUE_NW_02(3),ATL08_20220214215513_08341409_007_01.h5,2022-02-14T21:55:13Z,gt3r,-71.48047637939453,-42.673545837402344,130111159.30236739,834.0,14.0,9.0,007,01,19066.0,0.0,1239100.0,1239104.0,1061.5489501953125,75.88232421875,21.9268798828125,72.209228515625,22.137451171875,6.1874213218688965,,,,,,,50.0,14.0,20.0,1.0,0.0,0.0,0.0,0.0,2022,2,Verano,Arbustos,1,1,1,1,3.2931830201809325,20–30 m,834_gt3r_1239100,296748.1,5272453.2,BOSQUE_NW_02,operacional,SI,,2022-02-14,NO,1041.56,21.774,22.013,-1.78,PASA
BOSQUE_NW_02(3),ATL08_20220214215513_08341409_007_01.h5,2022-02-14T21:55:13Z,gt3r,-71.48106384277344,-42.67802047729492,130111159.37277761,834.0,14.0,9.0,007,01,19066.0,0.0,1239125.0,1239129.0,1059.5623779296875,,20.7802734375,,22.7012939453125,5.694191932678223,,,,,,,52.0,5.0,30.0,1.0,0.0,0.0,0.0,0.0,2022,2,Verano,Herbáceas,1,1,0,0,,20–30 m,834_gt3r_1239125,296714.6,5271954.9,BOSQUE_NW_02,operacional,SI,,2022-02-14,NO,1039.65,21.777,22.019,-1.86,PASA
BOSQUE_NW_02(3),ATL08_20220214215513_08341409_007_01.h5,2022-02-14T21:55:13Z,gt3r,-71.4811782836914,-42.67891311645508,130111159.3868469,834.0,14.0,9.0,007,01,19066.0,0.0,1239130.0,1239134.0,1061.8477783203125,,5.35595703125,,5.35595703125,1.1983720064163208,,,,,,,27.0,5.0,116.0,1.0,0.0,0.0,0.0,0.0,2022,2,Verano,Bosque cerrado desconocido,1,1,0,0,,5–10 m,834_gt3r_1239130,296708.1,5271855.5,BOSQUE_NW_02,operacional,SI,,2022-02-14,NO,1041.54,21.778,22.020,-1.47,PASA
BOSQUE_NW_02(3),ATL08_20220214215513_08341409_007_01.h5,2022-02-14T21:55:13Z,gt3r,-71.48141479492188,-42.680702209472656,130111159.41512485,834.0,14.0,9.0,007,01,19066.0,0.0,1239140.0,1239144.0,1057.460205078125,,20.1839599609375,,20.1839599609375,3.8154523372650146,,,,,,,34.0,4.0,20.0,1.0,0.0,0.0,0.0,0.0,2022,2,Verano,Arbustos,1,1,0,0,,20–30 m,834_gt3r_1239140,296694.6,5271656.2,BOSQUE_NW_02,operacional,SI,,2022-02-14,NO,1038.24,21.779,22.022,-2.56,PASA
BOSQUE_NW_02(3),ATL08_20220214215513_08341409_007_01.h5,2022-02-14T21:55:13Z,gt3r,-71.48210906982422,-42.686073303222656,130111159.49967024,834.0,14.0,9.0,007,01,19066.0,0.0,1239170.0,1239174.0,1063.6610107421875,176.7336883544922,16.063720703125,83.7844467163086,16.25341796875,4.070245265960693,,,,,,,41.0,6.0,116.0,1.0,0.0,0.0,0.0,0.0,2022,2,Verano,Bosque cerrado desconocido,1,1,1,1,5.215755942520175,10–20 m,834_gt3r_1239170,296655.2,5271058.1,BOSQUE_NW_02,operacional,SI,,2022-02-14,NO,1040.69,21.783,22.028,1.19,PASA
BOSQUE_NW_02(3),ATL08_20220214215513_08341409_007_01.h5,2022-02-14T21:55:13Z,gt3r,-71.48246002197266,-42.68875503540039,130111159.54189564,834.0,14.0,9.0,007,01,19066.0,0.0,1239185.0,1239189.0,1073.82177734375,153.3963623046875,18.641357421875,170.05970764160156,18.641357421875,3.9864468574523926,,,,,,,35.0,7.0,116.0,1.0,0.0,0.0,0.0,0.0,2022,2,Verano,Bosque cerrado desconocido,1,1,1,1,9.122710529762294,10–20 m,834_gt3r_1239185,296635.2,5270759.4,BOSQUE_NW_02,operacional,SI,,2022-02-14,NO,1051.98,21.785,22.030,0.06,PASA
BOSQUE_NW_02(3),ATL08_20220214215513_08341409_007_01.h5,2022-02-14T21:55:13Z,gt3r,-71.48258209228516,-42.68965148925781,130111159.55598895,834.0,14.0,9.0,007,01,19066.0,0.0,1239190.0,1239194.0,1076.1710205078125,,19.7633056640625,,19.7633056640625,5.552713871002197,,,,,,,29.0,5.0,114.0,1.0,0.0,0.0,0.0,0.0,2022,2,Verano,Bosque cerrado caducifolio latifolio,1,1,0,0,,10–20 m,834_gt3r_1239190,296628.2,5270659.6,BOSQUE_NW_02,operacional,SI,,2022-02-14,NO,1056.02,21.786,22.030,-1.63,PASA
BOSQUE_NW_02(3),ATL08_20220214215513_08341409_007_01.h5,2022-02-14T21:55:13Z,gt3r,-71.48270416259766,-42.69054412841797,130111159.57008499,834.0,14.0,9.0,007,01,19066.0,0.0,1239195.0,1239199.0,1078.0704345703125,,22.1478271484375,,22.1478271484375,5.074104309082031,,,,,,,30.0,1.0,112.0,1.0,0.0,0.0,0.0,0.0,2022,2,Verano,Bosque cerrado perennifolio latifolio,1,1,0,0,,20–30 m,834_gt3r_1239195,296621.1,5270560.2,BOSQUE_NW_02,operacional,SI,,2022-02-14,NO,1058.51,21.787,22.031,-2.23,PASA
BOSQUE_NW_02(3),ATL08_20220214215513_08341409_007_01.h5,2022-02-14T21:55:13Z,gt3r,-71.48281860351562,-42.691436767578125,130111159.5841857,834.0,14.0,9.0,007,01,19066.0,0.0,1239200.0,1239204.0,1076.2060546875,97.89578247070312,13.8179931640625,54.58810043334961,13.8179931640625,3.082336902618408,,,,,,,28.0,11.0,112.0,1.0,0.0,0.0,0.0,0.0,2022,2,Verano,Bosque cerrado perennifolio latifolio,1,1,1,1,3.95050857134023,10–20 m,834_gt3r_1239200,296614.6,5270460.8,BOSQUE_NW_02,operacional,SI,,2022-02-14,NO,1055.41,21.787,22.032,-0.99,PASA
BOSQUE_NW_02(3),ATL08_20220217100520_08721413_007_01.h5,2022-02-17T10:05:20Z,gt1l,-71.58726501464844,-42.687625885009766,130327636.34716259,872.0,14.0,13.0,007,01,19104.0,0.0,1769754.0,1769758.0,843.69970703125,25.062423706054688,11.33203125,12.538350105285645,12.52716064453125,2.776942014694214,,,,,,,66.0,34.0,126.0,1.0,0.0,0.0,1.0,0.0,2022,2,Verano,Bosque abierto desconocido,1,1,1,1,1.1064521292496121,10–20 m,872_gt1l_1769754,288045.2,5270627.1,BOSQUE_NW_02,operacional,SI,,2022-02-17,NO,822.30,21.650,21.965,-0.25,PASA
BOSQUE_NW_02(3),ATL08_20220217100520_08721413_007_01.h5,2022-02-17T10:05:20Z,gt1l,-71.58749389648438,-42.68583679199219,130327636.37539127,872.0,14.0,13.0,007,01,19104.0,0.0,1769764.0,1769768.0,835.3470458984375,19.46354103088379,9.09747314453125,11.410161972045898,10.67401123046875,2.1394200325012207,,,,,,,74.0,43.0,116.0,1.0,0.0,0.0,1.0,0.0,2022,2,Verano,Bosque cerrado desconocido,1,1,1,1,1.2542122181371727,5–10 m,872_gt1l_1769764,288020.4,5270825.2,BOSQUE_NW_02,operacional,SI,,2022-02-17,NO,814.33,21.646,21.962,-0.63,PASA
BOSQUE_NW_02(3),ATL08_20220217100520_08721413_007_01.h5,2022-02-17T10:05:20Z,gt1l,-71.58887481689453,-42.67510223388672,130327636.5445553,872.0,14.0,13.0,007,01,19104.0,0.0,1769824.0,1769828.0,835.9962768554688,6.5309224128723145,10.74566650390625,6.3808770179748535,11.3836669921875,2.658334732055664,,,,,,,66.0,128.0,126.0,1.0,0.0,0.0,1.0,0.0,2022,2,Verano,Bosque abierto desconocido,1,1,1,1,0.5938093291519224,10–20 m,872_gt1l_1769824,287870.7,5272013.8,BOSQUE_NW_02,operacional,SI,,2022-02-17,NO,816.98,21.621,21.941,-2.61,PASA
BOSQUE_NW_02(3),ATL08_20220217100520_08721413_007_01.h5,2022-02-17T10:05:20Z,gt1l,-71.5889892578125,-42.6742057800293,130327636.5586283,872.0,14.0,13.0,007,01,19104.0,0.0,1769829.0,1769833.0,862.0700073242188,29.678991317749023,11.225341796875,15.68307113647461,12.3133544921875,2.7035748958587646,,,,,,,84.0,29.0,126.0,1.0,0.0,0.0,1.0,0.0,2022,2,Verano,Bosque abierto desconocido,1,1,1,1,1.3971130162682963,10–20 m,872_gt1l_1769829,287858.3,5272113.1,BOSQUE_NW_02,operacional,SI,,2022-02-17,NO,841.41,21.619,21.939,-0.96,PASA
BOSQUE_NW_02(3),ATL08_20220217100520_08721413_007_01.h5,2022-02-17T10:05:20Z,gt1l,-71.58966827392578,-42.66883850097656,130327636.64332035,872.0,14.0,13.0,007,01,19104.0,0.0,1769859.0,1769863.0,1118.527587890625,,26.611328125,,26.928955078125,6.833949565887451,,,,,,,132.0,8.0,112.0,1.0,0.0,0.0,1.0,0.0,2022,2,Verano,Bosque cerrado perennifolio latifolio,1,1,0,0,,20–30 m,872_gt1l_1769859,287784.4,5272707.4,BOSQUE_NW_02,operacional,SI,,2022-02-17,NO,1107.23,21.606,21.927,-10.31,DESCARTADO
BOSQUE_NW_02(3),ATL08_20220217100520_08721413_007_01.h5,2022-02-17T10:05:20Z,gt1l,-71.58977508544922,-42.66794204711914,130327636.65752424,872.0,14.0,13.0,007,01,19104.0,0.0,1769864.0,1769868.0,1150.2181396484375,105.13147735595703,28.5589599609375,43.338584899902344,29.249755859375,7.782973766326904,,,,,,,114.0,11.0,112.0,1.0,0.0,0.0,1.0,0.0,2022,2,Verano,Bosque cerrado perennifolio latifolio,1,1,1,1,1.5175127161206214,20–30 m,872_gt1l_1769864,287772.6,5272806.7,BOSQUE_NW_02,operacional,SI,,2022-02-17,NO,1136.71,21.604,21.924,-8.10,DESCARTADO
BOSQUE_NW_02(3),ATL08_20220217100520_08721413_007_01.h5,2022-02-17T10:05:20Z,gt1l,-71.58999633789062,-42.66615295410156,130327636.68562597,872.0,14.0,13.0,007,01,19104.0,0.0,1769874.0,1769878.0,1244.57568359375,,24.2398681640625,,25.58837890625,6.093862056732178,,,,,,,98.0,7.0,112.0,1.0,0.0,0.0,1.0,0.0,2022,2,Verano,Bosque cerrado perennifolio latifolio,1,1,0,0,,20–30 m,872_gt1l_1769874,287748.3,5273004.8,BOSQUE_NW_02,operacional,SI,,2022-02-17,NO,1228.88,21.600,21.917,-5.91,DESCARTADO
BOSQUE_NW_02(3),ATL08_20220217100520_08721413_007_01.h5,2022-02-17T10:05:20Z,gt1l,-71.59080505371094,-42.65989303588867,130327636.7843462,872.0,14.0,13.0,007,01,19104.0,0.0,1769909.0,1769913.0,1131.2386474609375,,25.7352294921875,,25.9228515625,7.430568695068359,,,,,,,102.0,7.0,116.0,1.0,0.0,0.0,1.0,0.0,2022,2,Verano,Bosque cerrado desconocido,1,1,0,0,,20–30 m,872_gt1l_1769909,287660.8,5273698.0,BOSQUE_NW_02,operacional,SI,,2022-02-17,NO,1120.46,21.587,21.886,-10.81,DESCARTADO
BOSQUE_NW_02(3),ATL08_20220217100520_08721413_007_01.h5,2022-02-17T10:05:20Z,gt1l,-71.59149932861328,-42.65452575683594,130327636.8689372,872.0,14.0,13.0,007,01,19104.0,0.0,1769939.0,1769943.0,1183.470947265625,,16.042724609375,,16.3883056640625,3.851583480834961,,,,,,,86.0,9.0,112.0,1.0,0.0,0.0,1.0,0.0,2022,2,Verano,Bosque cerrado perennifolio latifolio,1,1,0,0,,10–20 m,872_gt1l_1769939,287585.6,5274292.3,BOSQUE_NW_02,operacional,SI,,2022-02-17,NO,1160.50,21.576,21.860,1.39,PASA
BOSQUE_NW_02(3),ATL08_20220217100520_08721413_007_01.h5,2022-02-17T10:05:20Z,gt1l,-71.59185028076172,-42.65184020996094,130327636.91129138,872.0,14.0,13.0,007,01,19104.0,0.0,1769954.0,1769958.0,1200.43994140625,,20.727783203125,,21.68408203125,5.7664079666137695,,,,,,,132.0,4.0,112.0,1.0,0.0,0.0,1.0,0.0,2022,2,Verano,Bosque cerrado perennifolio latifolio,1,1,0,0,,20–30 m,872_gt1l_1769954,287547.7,5274589.6,BOSQUE_NW_02,operacional,SI,,2022-02-17,NO,1183.95,21.571,21.847,-5.08,DESCARTADO
BOSQUE_NW_02(3),ATL08_20220217100520_08721413_007_01.h5,2022-02-17T10:05:20Z,gt1l,-71.59207153320312,-42.65005111694336,130327636.93945381,872.0,14.0,13.0,007,01,19104.0,0.0,1769964.0,1769968.0,1220.146240234375,,19.0035400390625,,19.3653564453125,4.3603386878967285,,,,,,,85.0,7.0,112.0,1.0,0.0,0.0,1.0,0.0,2022,2,Verano,Bosque cerrado perennifolio latifolio,1,1,0,0,,10–20 m,872_gt1l_1769964,287523.4,5274787.8,BOSQUE_NW_02,operacional,SI,,2022-02-17,NO,1205.21,21.567,21.839,-6.64,DESCARTADO
BOSQUE_NW_02(3),ATL08_20220217100520_08721413_007_01.h5,2022-02-17T10:05:20Z,gt1l,-71.59231567382812,-42.64826202392578,130327636.96749412,872.0,14.0,13.0,007,01,19104.0,0.0,1769974.0,1769978.0,1242.3236083984375,,16.9898681640625,,18.13818359375,4.465850830078125,,,,,,,101.0,2.0,112.0,1.0,0.0,0.0,1.0,0.0,2022,2,Verano,Bosque cerrado perennifolio latifolio,1,1,0,0,,10–20 m,872_gt1l_1769974,287497.3,5274985.8,BOSQUE_NW_02,operacional,SI,,2022-02-17,NO,1223.09,21.564,21.832,-2.33,PASA
BOSQUE_NW_02(3),ATL08_20220217100520_08721413_007_01.h5,2022-02-17T10:05:20Z,gt1l,-71.59253692626953,-42.6464729309082,130327636.99576013,872.0,14.0,13.0,007,01,19104.0,0.0,1769984.0,1769988.0,1260.80517578125,,23.7041015625,,24.6705322265625,5.639265060424805,,,,,,,110.0,7.0,112.0,1.0,0.0,0.0,1.0,0.0,2022,2,Verano,Bosque cerrado perennifolio latifolio,1,1,0,0,,20–30 m,872_gt1l_1769984,287473.1,5275183.9,BOSQUE_NW_02,operacional,SI,,2022-02-17,NO,1243.92,21.560,21.825,-4.68,PASA
BOSQUE_NW_02(3),ATL08_20220217100520_08721413_007_01.h5,2022-02-17T10:05:20Z,gt1l,-71.59298706054688,-42.64289474487305,130327637.05216299,872.0,14.0,13.0,007,01,19104.0,0.0,1770004.0,1770008.0,1233.4002685546875,,18.12548828125,,18.84814453125,2.6657121181488037,,,,,,,70.0,5.0,112.0,1.0,0.0,0.0,1.0,0.0,2022,2,Verano,Bosque cerrado perennifolio latifolio,1,1,0,0,,10–20 m,872_gt1l_1770004,287424.0,5275580.2,BOSQUE_NW_02,operacional,SI,,2022-02-17,NO,1216.78,21.553,21.811,-4.93,PASA
BOSQUE_NW_02(3),ATL08_20220217100520_08721413_007_01.h5,2022-02-17T10:05:20Z,gt1l,-71.59379577636719,-42.63663101196289,130327637.15085064,872.0,14.0,13.0,007,01,19104.0,0.0,1770039.0,1770043.0,1316.8702392578125,,17.8724365234375,,19.7906494140625,4.945372581481934,,,,,,,75.0,8.0,112.0,1.0,0.0,0.0,1.0,0.0,2022,2,Verano,Bosque cerrado perennifolio latifolio,1,1,0,0,,10–20 m,872_gt1l_1770039,287336.3,5276273.7,BOSQUE_NW_02,operacional,SI,,2022-02-17,NO,1292.34,21.541,21.785,2.99,PASA
BOSQUE_NW_02(3),ATL08_20220217100520_08721413_007_01.h5,2022-02-17T10:05:20Z,gt1l,-71.59425354003906,-42.633052825927734,130327637.20732534,872.0,14.0,13.0,007,01,19104.0,0.0,1770059.0,1770063.0,1347.2327880859375,20.06587791442871,14.2275390625,17.521385192871094,14.354736328125,3.7431154251098633,,,,,,,101.0,67.0,112.0,1.0,0.0,0.0,1.0,0.0,2022,2,Verano,Bosque cerrado perennifolio latifolio,1,1,1,1,1.2315120075159585,10–20 m,872_gt1l_1770059,287286.6,5276669.9,BOSQUE_NW_02,operacional,SI,,2022-02-17,NO,1326.78,21.535,21.770,-1.08,PASA
BOSQUE_NW_02(3),ATL08_20220217100520_08721413_007_01.h5,2022-02-17T10:05:20Z,gt1l,-71.5943603515625,-42.63215637207031,130327637.22144234,872.0,14.0,13.0,007,01,19104.0,0.0,1770064.0,1770068.0,1359.56103515625,52.32007598876953,18.95458984375,29.303098678588867,19.8861083984375,5.579834461212158,,,,,,,89.0,26.0,114.0,1.0,0.0,0.0,1.0,0.0,2022,2,Verano,Bosque cerrado caducifolio latifolio,1,1,1,1,1.5459632163051598,10–20 m,872_gt1l_1770064,287274.8,5276769.2,BOSQUE_NW_02,operacional,SI,,2022-02-17,NO,1342.35,21.533,21.766,-4.33,PASA
BOSQUE_NW_02(3),ATL08_20220217100520_08721413_007_01.h5,2022-02-17T10:05:20Z,gt1l,-71.59471130371094,-42.62947463989258,130327637.26370086,872.0,14.0,13.0,007,01,19104.0,0.0,1770079.0,1770083.0,1415.37109375,30.74102020263672,13.6644287109375,27.88710594177246,14.071044921875,3.72184419631958,,,,,,,74.0,46.0,116.0,1.0,0.0,0.0,1.0,0.0,2022,2,Verano,Bosque cerrado desconocido,1,1,1,1,2.0408541426580546,10–20 m,872_gt1l_1770079,287236.9,5277066.2,BOSQUE_NW_02,operacional,SI,,2022-02-17,NO,1397.08,21.528,21.754,-3.23,PASA
BOSQUE_NW_02(3),ATL08_20220217100520_08721413_007_01.h5,2022-02-17T10:05:20Z,gt1r,-71.5857925415039,-42.69023132324219,130327636.65678158,872.0,14.0,13.0,007,01,19104.0,0.0,1769739.0,1769743.0,868.3662719726562,,9.49884033203125,,10.36651611328125,2.2927849292755127,,,,,,,27.0,1.0,126.0,1.0,0.0,0.0,1.0,0.0,2022,2,Verano,Bosque abierto desconocido,1,1,0,0,,5–10 m,872_gt1r_1769739,288174.7,5270341.5,BOSQUE_NW_02,operacional,SI,,2022-02-17,NO,850.59,21.659,21.970,-3.88,PASA
BOSQUE_NW_02(3),ATL08_20220217100520_08721413_007_01.h5,2022-02-17T10:05:20Z,gt1r,-71.58590698242188,-42.689334869384766,130327636.67088929,872.0,14.0,13.0,007,01,19104.0,0.0,1769744.0,1769748.0,860.1241455078125,78.50173950195312,8.29937744140625,81.54255676269531,8.29937744140625,1.7679184675216675,,,,,,,26.0,11.0,126.0,1.0,0.0,0.0,1.0,0.0,2022,2,Verano,Bosque abierto desconocido,1,1,1,1,9.82514138420468,5–10 m,872_gt1r_1769744,288162.3,5270440.7,BOSQUE_NW_02,operacional,SI,,2022-02-17,NO,842.04,21.657,21.968,-3.57,PASA
BOSQUE_NW_02(3),ATL08_20220217100520_08721413_007_01.h5,2022-02-17T10:05:20Z,gt1r,-71.58706665039062,-42.680389404296875,130327636.81184617,872.0,14.0,13.0,007,01,19104.0,0.0,1769794.0,1769798.0,835.7489013671875,,6.56768798828125,,6.56768798828125,1.4075257778167725,,,,,,,30.0,5.0,116.0,1.0,0.0,0.0,1.0,0.0,2022,2,Verano,Bosque cerrado desconocido,1,1,0,0,,5–10 m,872_gt1r_1769794,288036.9,5271431.2,BOSQUE_NW_02,operacional,SI,,2022-02-17,NO,813.65,21.636,21.953,0.46,PASA
BOSQUE_NW_02(3),ATL08_20220217100520_08721413_007_01.h5,2022-02-17T10:05:20Z,gt1r,-71.58753204345703,-42.67681121826172,130327636.86823933,872.0,14.0,13.0,007,01,19104.0,0.0,1769814.0,1769818.0,836.4259033203125,3.3194122314453125,1.369384765625,4.55178165435791,1.369384765625,0.23967772722244263,,,,,,,2.0,252.0,90.0,1.0,0.0,0.0,1.0,0.0,2022,2,Verano,Humedal herbáceo,1,1,1,1,3.3239610726065254,<2 m,872_gt1r_1769814,287986.6,5271827.4,BOSQUE_NW_02,operacional,SI,,2022-02-17,NO,814.62,21.627,21.947,0.18,PASA
BOSQUE_NW_02(3),ATL08_20220217100520_08721413_007_01.h5,2022-02-17T10:05:20Z,gt1r,-71.587646484375,-42.67591857910156,130327636.88234605,872.0,14.0,13.0,007,01,19104.0,0.0,1769819.0,1769823.0,836.77490234375,3.0315754413604736,1.473876953125,4.198221206665039,1.473876953125,0.3065711259841919,,,,,,,1.0,276.0,116.0,1.0,0.0,0.0,1.0,0.0,2022,2,Verano,Bosque cerrado desconocido,1,1,1,1,2.8484204178399866,<2 m,872_gt1r_1769819,287974.1,5271926.3,BOSQUE_NW_02,operacional,SI,,2022-02-17,NO,814.95,21.625,21.945,0.20,PASA
BOSQUE_NW_02(3),ATL08_20220217100520_08721413_007_01.h5,2022-02-17T10:05:20Z,gt1r,-71.5879898071289,-42.67323303222656,130327636.92460597,872.0,14.0,13.0,007,01,19104.0,0.0,1769834.0,1769838.0,867.5439453125,,17.70379638671875,,17.70379638671875,4.297189712524414,,,,,,,19.0,4.0,126.0,1.0,0.0,0.0,1.0,0.0,2022,2,Verano,Bosque abierto desconocido,1,1,0,0,,10–20 m,872_gt1r_1769834,287936.9,5272223.6,BOSQUE_NW_02,operacional,SI,,2022-02-17,NO,851.48,21.619,21.940,-5.55,DESCARTADO
BOSQUE_NW_02(3),ATL08_20220217100520_08721413_007_01.h5,2022-02-17T10:05:20Z,gt1r,-71.58888244628906,-42.66607666015625,130327637.03723013,872.0,14.0,13.0,007,01,19104.0,0.0,1769874.0,1769878.0,1202.1044921875,,19.894287109375,,19.894287109375,5.30012321472168,,,,,,,25.0,2.0,112.0,1.0,0.0,0.0,1.0,0.0,2022,2,Verano,Bosque cerrado perennifolio latifolio,1,1,0,0,,10–20 m,872_gt1r_1769874,287839.4,5273016.1,BOSQUE_NW_02,operacional,SI,,2022-02-17,NO,1187.56,21.602,21.921,-7.06,DESCARTADO
BOSQUE_NW_02(3),ATL08_20220217100520_08721413_007_01.h5,2022-02-17T10:05:20Z,gt1r,-71.58922576904297,-42.66339111328125,130327637.07952662,872.0,14.0,13.0,007,01,19104.0,0.0,1769889.0,1769893.0,1200.3046875,,26.7559814453125,,26.7559814453125,7.293147087097168,,,,,,,25.0,5.0,116.0,1.0,0.0,0.0,1.0,0.0,2022,2,Verano,Bosque cerrado desconocido,1,1,0,0,,20–30 m,872_gt1r_1769889,287802.1,5273313.5,BOSQUE_NW_02,operacional,SI,,2022-02-17,NO,1187.36,21.597,21.907,-8.65,DESCARTADO
BOSQUE_NW_02(3),ATL08_20220217100520_08721413_007_01.h5,2022-02-17T10:05:20Z,gt1r,-71.58992767333984,-42.658023834228516,130327637.16409552,872.0,14.0,13.0,007,01,19104.0,0.0,1769919.0,1769923.0,1106.0164794921875,,15.1976318359375,,15.1976318359375,3.9738566875457764,,,,,,,26.0,4.0,112.0,1.0,0.0,0.0,1.0,0.0,2022,2,Verano,Bosque cerrado perennifolio latifolio,1,1,0,0,,10–20 m,872_gt1r_1769919,287726.3,5273907.8,BOSQUE_NW_02,operacional,SI,,2022-02-17,NO,1086.55,21.586,21.879,-2.12,PASA
BOSQUE_NW_02(3),ATL08_20220217100520_08721413_007_01.h5,2022-02-17T10:05:20Z,gt1r,-71.59004974365234,-42.65713119506836,130327637.17819667,872.0,14.0,13.0,007,01,19104.0,0.0,1769924.0,1769928.0,1124.9266357421875,,18.408203125,,18.408203125,3.858779191970825,,,,,,,20.0,2.0,112.0,1.0,0.0,0.0,1.0,0.0,2022,2,Verano,Bosque cerrado perennifolio latifolio,1,1,0,0,,10–20 m,872_gt1r_1769924,287713.3,5274006.6,BOSQUE_NW_02,operacional,SI,,2022-02-17,NO,1110.26,21.584,21.875,-6.92,DESCARTADO
BOSQUE_NW_02(3),ATL08_20220217100520_08721413_007_01.h5,2022-02-17T10:05:20Z,gt1r,-71.59015655517578,-42.65623474121094,130327637.19235656,872.0,14.0,13.0,007,01,19104.0,0.0,1769929.0,1769933.0,1162.56298828125,,18.1993408203125,,18.1993408203125,4.979216575622559,,,,,,,23.0,3.0,112.0,1.0,0.0,0.0,1.0,0.0,2022,2,Verano,Bosque cerrado perennifolio latifolio,1,1,0,0,,10–20 m,872_gt1r_1769929,287701.5,5274105.9,BOSQUE_NW_02,operacional,SI,,2022-02-17,NO,1142.34,21.582,21.870,-1.36,PASA
BOSQUE_NW_02(3),ATL08_20220217100520_08721413_007_01.h5,2022-02-17T10:05:20Z,gt1r,-71.59037780761719,-42.65444564819336,130327637.22046468,872.0,14.0,13.0,007,01,19104.0,0.0,1769939.0,1769943.0,1218.1856689453125,,28.5289306640625,,28.5289306640625,6.472002983093262,,,,,,,23.0,3.0,112.0,1.0,0.0,0.0,1.0,0.0,2022,2,Verano,Bosque cerrado perennifolio latifolio,1,1,0,0,,20–30 m,872_gt1r_1769939,287677.2,5274304.0,BOSQUE_NW_02,operacional,SI,,2022-02-17,NO,1208.66,21.578,21.862,-12.05,DESCARTADO
BOSQUE_NW_02(3),ATL08_20220217100520_08721413_007_01.h5,2022-02-17T10:05:20Z,gt1r,-71.59095764160156,-42.64997100830078,130327637.29092523,872.0,14.0,13.0,007,01,19104.0,0.0,1769964.0,1769968.0,1279.7257080078125,,17.73095703125,,17.73095703125,5.262548446655273,,,,,,,14.0,4.0,116.0,1.0,0.0,0.0,1.0,0.0,2022,2,Verano,Bosque cerrado desconocido,1,1,0,0,,10–20 m,872_gt1r_1769964,287614.5,5274799.5,BOSQUE_NW_02,operacional,SI,,2022-02-17,NO,1261.99,21.569,21.840,-3.84,PASA
BOSQUE_NW_02(3),ATL08_20220217100520_08721413_007_01.h5,2022-02-17T10:05:20Z,gt1r,-71.5911865234375,-42.6481819152832,130327637.31910215,872.0,14.0,13.0,007,01,19104.0,0.0,1769974.0,1769978.0,1279.2166748046875,,15.8826904296875,,15.8826904296875,3.8187458515167236,,,,,,,15.0,5.0,112.0,1.0,0.0,0.0,1.0,0.0,2022,2,Verano,Bosque cerrado perennifolio latifolio,1,1,0,0,,10–20 m,872_gt1r_1769974,287589.6,5274997.6,BOSQUE_NW_02,operacional,SI,,2022-02-17,NO,1253.34,21.566,21.834,4.31,PASA
BOSQUE_NW_02(3),ATL08_20220217100520_08721413_007_01.h5,2022-02-17T10:05:20Z,gt1r,-71.59198760986328,-42.64192199707031,130327637.41781214,872.0,14.0,13.0,007,01,19104.0,0.0,1770009.0,1770013.0,1264.52734375,,17.2686767578125,,17.2686767578125,4.911645889282227,,,,,,,24.0,2.0,112.0,1.0,0.0,0.0,1.0,0.0,2022,2,Verano,Bosque cerrado perennifolio latifolio,1,1,0,0,,10–20 m,872_gt1r_1770009,287502.6,5275690.7,BOSQUE_NW_02,operacional,SI,,2022-02-17,NO,1243.01,21.553,21.809,-0.04,PASA
BOSQUE_NW_02(3),ATL08_20220217100520_08721413_007_01.h5,2022-02-17T10:05:20Z,gt1r,-71.59222412109375,-42.640132904052734,130327637.44603239,872.0,14.0,13.0,007,01,19104.0,0.0,1770019.0,1770023.0,1268.69140625,,12.3084716796875,,12.3084716796875,3.408358335494995,,,,,,,24.0,3.0,112.0,1.0,0.0,0.0,1.0,0.0,2022,2,Verano,Bosque cerrado perennifolio latifolio,1,1,0,0,,10–20 m,872_gt1r_1770019,287477.1,5275888.8,BOSQUE_NW_02,operacional,SI,,2022-02-17,NO,1243.90,21.550,21.802,3.24,PASA
BOSQUE_NW_02(3),ATL08_20220217100520_08721413_007_01.h5,2022-02-17T10:05:20Z,gt1r,-71.59256744384766,-42.637447357177734,130327637.48826368,872.0,14.0,13.0,007,01,19104.0,0.0,1770034.0,1770038.0,1268.5244140625,,19.100341796875,,19.100341796875,3.5332906246185303,,,,,,,23.0,1.0,112.0,1.0,0.0,0.0,1.0,0.0,2022,2,Verano,Bosque cerrado perennifolio latifolio,1,1,0,0,,10–20 m,872_gt1r_1770034,287439.8,5276186.2,BOSQUE_NW_02,operacional,SI,,2022-02-17,NO,1255.08,21.545,21.791,-8.10,DESCARTADO
BOSQUE_NW_02(3),ATL08_20220217100520_08721413_007_01.h5,2022-02-17T10:05:20Z,gt1r,-71.59291076660156,-42.634761810302734,130327637.53057936,872.0,14.0,13.0,007,01,19104.0,0.0,1770049.0,1770053.0,1301.198974609375,,12.9671630859375,,12.9671630859375,3.179884433746338,,,,,,,29.0,5.0,114.0,1.0,0.0,0.0,1.0,0.0,2022,2,Verano,Bosque cerrado caducifolio latifolio,1,1,0,0,,10–20 m,872_gt1r_1770049,287402.5,5276483.5,BOSQUE_NW_02,operacional,SI,,2022-02-17,NO,1284.16,21.539,21.780,-4.50,PASA
BOSQUE_NW_02(3),ATL08_20220217100520_08721413_007_01.h5,2022-02-17T10:05:20Z,gt1r,-71.59325408935547,-42.632080078125,130327637.57281399,872.0,14.0,13.0,007,01,19104.0,0.0,1770064.0,1770068.0,1349.9857177734375,,17.564697265625,,17.564697265625,5.619149684906006,,,,,,,21.0,1.0,112.0,1.0,0.0,0.0,1.0,0.0,2022,2,Verano,Bosque cerrado perennifolio latifolio,1,1,0,0,,10–20 m,872_gt1r_1770064,287365.2,5276780.5,BOSQUE_NW_02,operacional,SI,,2022-02-17,NO,1330.50,21.534,21.768,-2.05,PASA
BOSQUE_NW_02(3),ATL08_20220217100520_08721413_007_01.h5,2022-02-17T10:05:20Z,gt2l,-71.54678344726562,-42.688377380371094,130327636.27398017,872.0,14.0,13.0,007,01,19104.0,0.0,1769734.0,1769738.0,1363.8564453125,,14.9442138671875,,15.9622802734375,3.427591562271118,,,,,,,77.0,7.0,112.0,1.0,0.0,0.0,1.0,0.0,2022,2,Verano,Bosque cerrado perennifolio latifolio,1,1,0,0,,10–20 m,872_gt2l_1769734,291364.3,5270644.5,BOSQUE_NW_02,operacional,SI,,2022-02-17,NO,1343.27,21.727,21.958,-1.14,PASA
BOSQUE_NW_02(3),ATL08_20220217100520_08721413_007_01.h5,2022-02-17T10:05:20Z,gt2l,-71.5468978881836,-42.68748474121094,130327636.28799394,872.0,14.0,13.0,007,01,19104.0,0.0,1769739.0,1769743.0,1336.8466796875,,17.0606689453125,,18.6639404296875,4.265955448150635,,,,,,,78.0,7.0,116.0,1.0,0.0,0.0,1.0,0.0,2022,2,Verano,Bosque cerrado desconocido,1,1,0,0,,10–20 m,872_gt2l_1769739,291351.9,5270743.3,BOSQUE_NW_02,operacional,SI,,2022-02-17,NO,1320.55,21.725,21.957,-5.43,DESCARTADO
BOSQUE_NW_02(3),ATL08_20220217100520_08721413_007_01.h5,2022-02-17T10:05:20Z,gt2l,-71.54701232910156,-42.686588287353516,130327636.30206223,872.0,14.0,13.0,007,01,19104.0,0.0,1769744.0,1769748.0,1312.1787109375,109.26644897460938,17.502197265625,44.417388916015625,18.8729248046875,5.399444103240967,,,,,,,85.0,12.0,116.0,1.0,0.0,0.0,1.0,0.0,2022,2,Verano,Bosque cerrado desconocido,1,1,1,1,2.537817866060344,10–20 m,872_gt2l_1769744,291339.5,5270842.6,BOSQUE_NW_02,operacional,SI,,2022-02-17,NO,1293.12,21.723,21.956,-2.66,PASA
BOSQUE_NW_02(3),ATL08_20220217100520_08721413_007_01.h5,2022-02-17T10:05:20Z,gt2l,-71.54713439941406,-42.68569564819336,130327636.31631185,872.0,14.0,13.0,007,01,19104.0,0.0,1769749.0,1769753.0,1279.912841796875,,13.80859375,,16.818115234375,3.675346612930298,,,,,,,76.0,6.0,112.0,1.0,0.0,0.0,1.0,0.0,2022,2,Verano,Bosque cerrado perennifolio latifolio,1,1,0,0,,10–20 m,872_gt2l_1769749,291326.5,5270941.4,BOSQUE_NW_02,operacional,SI,,2022-02-17,NO,1259.53,21.721,21.954,-1.34,PASA
BOSQUE_NW_02(3),ATL08_20220217100520_08721413_007_01.h5,2022-02-17T10:05:20Z,gt2l,-71.54759216308594,-42.6821174621582,130327636.37252676,872.0,14.0,13.0,007,01,19104.0,0.0,1769769.0,1769773.0,1205.21728515625,,17.354736328125,,18.092041015625,4.015714645385742,,,,,,,64.0,5.0,112.0,1.0,0.0,0.0,1.0,0.0,2022,2,Verano,Bosque cerrado perennifolio latifolio,1,1,0,0,,10–20 m,872_gt2l_1769769,291277.1,5271337.6,BOSQUE_NW_02,operacional,SI,,2022-02-17,NO,1181.31,21.714,21.953,2.20,PASA
BOSQUE_NW_02(3),ATL08_20220217100520_08721413_007_01.h5,2022-02-17T10:05:20Z,gt2l,-71.54771423339844,-42.68122100830078,130327636.38666007,872.0,14.0,13.0,007,01,19104.0,0.0,1769774.0,1769778.0,1184.5535888671875,,18.739501953125,,19.9827880859375,5.649957180023193,,,,,,,82.0,3.0,112.0,1.0,0.0,0.0,1.0,0.0,2022,2,Verano,Bosque cerrado perennifolio latifolio,1,1,0,0,,10–20 m,872_gt2l_1769774,291264.0,5271436.9,BOSQUE_NW_02,operacional,SI,,2022-02-17,NO,1164.18,21.712,21.953,-1.34,PASA
BOSQUE_NW_02(3),ATL08_20220217100520_08721413_007_01.h5,2022-02-17T10:05:20Z,gt2l,-71.5478286743164,-42.680328369140625,130327636.40080252,872.0,14.0,13.0,007,01,19104.0,0.0,1769779.0,1769783.0,1168.39013671875,89.94656372070312,22.202880859375,53.782752990722656,24.0086669921875,6.488540172576904,,,,,,,93.0,13.0,116.0,1.0,0.0,0.0,1.0,0.0,2022,2,Verano,Bosque cerrado desconocido,1,1,1,1,2.422332188843561,20–30 m,872_gt2l_1769779,291251.7,5271535.7,BOSQUE_NW_02,operacional,SI,,2022-02-17,NO,1148.99,21.710,21.954,-2.31,PASA
BOSQUE_NW_02(3),ATL08_20220217100520_08721413_007_01.h5,2022-02-17T10:05:20Z,gt2l,-71.54852294921875,-42.67496109008789,130327636.48524296,872.0,14.0,13.0,007,01,19104.0,0.0,1769809.0,1769813.0,1131.955810546875,,25.848388671875,,26.6766357421875,8.723857879638672,,,,,,,72.0,1.0,112.0,1.0,0.0,0.0,1.0,0.0,2022,2,Verano,Bosque cerrado perennifolio latifolio,1,1,0,0,,20–30 m,872_gt2l_1769809,291176.8,5272130.1,BOSQUE_NW_02,operacional,SI,,2022-02-17,NO,1114.46,21.698,21.959,-4.20,PASA
BOSQUE_NW_02(3),ATL08_20220217100520_08721413_007_01.h5,2022-02-17T10:05:20Z,gt2l,-71.54898834228516,-42.671382904052734,130327636.54167575,872.0,14.0,13.0,007,01,19104.0,0.0,1769829.0,1769833.0,1101.41748046875,32.425025939941406,5.4774169921875,20.009723663330078,5.8123779296875,1.1858165264129639,,,,,,,55.0,34.0,126.0,1.0,0.0,0.0,1.0,0.0,2022,2,Verano,Bosque abierto desconocido,1,1,1,1,3.6531313376122663,5–10 m,872_gt2l_1769829,291126.7,5272526.3,BOSQUE_NW_02,operacional,SI,,2022-02-17,NO,1079.94,21.690,21.963,-0.22,PASA
BOSQUE_NW_02(3),ATL08_20220217100520_08721413_007_01.h5,2022-02-17T10:05:20Z,gt2l,-71.54933166503906,-42.668697357177734,130327636.5840087,872.0,14.0,13.0,007,01,19104.0,0.0,1769844.0,1769848.0,1072.5927734375,23.82839012145996,4.8065185546875,21.09454345703125,4.85302734375,1.0301079750061035,,,,,,,52.0,45.0,20.0,1.0,0.0,0.0,1.0,0.0,2022,2,Verano,Arbustos,1,1,1,1,4.388736507936508,2–5 m,872_gt2l_1769844,291089.5,5272823.7,BOSQUE_NW_02,operacional,SI,,2022-02-17,NO,1050.90,21.685,21.966,0.01,PASA
BOSQUE_NW_02(3),ATL08_20220217100520_08721413_007_01.h5,2022-02-17T10:05:20Z,gt2l,-71.54991149902344,-42.664222717285156,130327636.65436086,872.0,14.0,13.0,007,01,19104.0,0.0,1769869.0,1769873.0,1121.137451171875,,22.6739501953125,,24.980224609375,6.177738189697266,,,,,,,77.0,3.0,116.0,1.0,0.0,0.0,1.0,0.0,2022,2,Verano,Bosque cerrado desconocido,1,1,0,0,,20–30 m,872_gt2l_1769869,291027.0,5273319.1,BOSQUE_NW_02,operacional,SI,,2022-02-17,NO,1109.84,21.674,21.953,-10.38,DESCARTADO
BOSQUE_NW_02(3),ATL08_20220217100520_08721413_007_01.h5,2022-02-17T10:05:20Z,gt2l,-71.5501480102539,-42.66243362426758,130327636.68269056,872.0,14.0,13.0,007,01,19104.0,0.0,1769879.0,1769883.0,1155.445068359375,,25.0618896484375,,25.8900146484375,5.649853229522705,,,,,,,58.0,5.0,112.0,1.0,0.0,0.0,1.0,0.0,2022,2,Verano,Bosque cerrado perennifolio latifolio,1,1,0,0,,20–30 m,872_gt2l_1769879,291001.7,5273517.2,BOSQUE_NW_02,operacional,SI,,2022-02-17,NO,1140.16,21.669,21.943,-6.39,DESCARTADO
BOSQUE_NW_02(3),ATL08_20220217100520_08721413_007_01.h5,2022-02-17T10:05:20Z,gt2l,-71.55095672607422,-42.65617370605469,130327636.78122452,872.0,14.0,13.0,007,01,19104.0,0.0,1769914.0,1769918.0,1126.6693115234375,,14.6019287109375,,16.18359375,3.1553425788879395,,,,,,,74.0,5.0,112.0,1.0,0.0,0.0,1.0,0.0,2022,2,Verano,Bosque cerrado perennifolio latifolio,1,1,0,0,,10–20 m,872_gt2l_1769914,290914.4,5274210.4,BOSQUE_NW_02,operacional,SI,,2022-02-17,NO,1102.89,21.653,21.910,2.13,PASA
BOSQUE_NW_02(3),ATL08_20220217100520_08721413_007_01.h5,2022-02-17T10:05:20Z,gt2l,-71.55142211914062,-42.65259552001953,130327636.83768278,872.0,14.0,13.0,007,01,19104.0,0.0,1769934.0,1769938.0,1100.8511962890625,37.936378479003906,9.465576171875,21.08575439453125,10.506591796875,2.259242534637451,,,,,,,61.0,29.0,116.0,1.0,0.0,0.0,1.0,0.0,2022,2,Verano,Bosque cerrado desconocido,1,1,1,1,2.227625029016533,5–10 m,872_gt2l_1769934,290864.2,5274606.6,BOSQUE_NW_02,operacional,SI,,2022-02-17,NO,1080.06,21.644,21.892,-0.85,PASA
BOSQUE_NW_02(3),ATL08_20220217100520_08721413_007_01.h5,2022-02-17T10:05:20Z,gt2l,-71.55176544189453,-42.64990997314453,130327636.87994131,872.0,14.0,13.0,007,01,19104.0,0.0,1769949.0,1769953.0,1085.5650634765625,,25.4918212890625,,26.7042236328125,6.835888862609863,,,,,,,72.0,4.0,112.0,1.0,0.0,0.0,1.0,0.0,2022,2,Verano,Bosque cerrado perennifolio latifolio,1,1,0,0,,20–30 m,872_gt2l_1769949,290827.1,5274904.0,BOSQUE_NW_02,operacional,SI,,2022-02-17,NO,1072.02,21.637,21.880,-8.09,DESCARTADO
BOSQUE_NW_02(3),ATL08_20220217100520_08721413_007_01.h5,2022-02-17T10:05:20Z,gt2l,-71.55269622802734,-42.64275360107422,130327636.9927032,872.0,14.0,13.0,007,01,19104.0,0.0,1769989.0,1769993.0,954.3712158203125,,12.14447021484375,,13.24432373046875,2.7282373905181885,,,,,,,59.0,4.0,116.0,1.0,0.0,0.0,1.0,0.0,2022,2,Verano,Bosque cerrado desconocido,1,1,0,0,,10–20 m,872_gt2l_1769989,290726.8,5275696.4,BOSQUE_NW_02,operacional,SI,,2022-02-17,NO,935.42,21.619,21.858,-2.67,PASA
BOSQUE_NW_02(3),ATL08_20220217100520_08721413_007_01.h5,2022-02-17T10:05:20Z,gt2l,-71.55339050292969,-42.637386322021484,130327637.07717358,872.0,14.0,13.0,007,01,19104.0,0.0,1770019.0,1770023.0,983.7399291992188,,19.9715576171875,,21.5137939453125,6.353017807006836,,,,,,,60.0,5.0,20.0,1.0,0.0,0.0,1.0,0.0,2022,2,Verano,Arbustos,1,1,0,0,,10–20 m,872_gt2l_1770019,290651.9,5276290.7,BOSQUE_NW_02,operacional,SI,,2022-02-17,NO,970.07,21.606,21.841,-7.94,DESCARTADO
BOSQUE_NW_02(3),ATL08_20220217100520_08721413_007_01.h5,2022-02-17T10:05:20Z,gt2l,-71.55361938476562,-42.635597229003906,130327637.10542329,872.0,14.0,13.0,007,01,19104.0,0.0,1770029.0,1770033.0,953.0653686523438,36.685604095458984,9.39459228515625,19.9063720703125,11.27587890625,2.7129549980163574,,,,,,,54.0,26.0,116.0,1.0,0.0,0.0,1.0,0.0,2022,2,Verano,Bosque cerrado desconocido,1,1,1,1,2.1189181463218145,5–10 m,872_gt2l_1770029,290627.1,5276488.8,BOSQUE_NW_02,operacional,SI,,2022-02-17,NO,934.27,21.601,21.835,-2.80,PASA
BOSQUE_NW_02(3),ATL08_20220217100520_08721413_007_01.h5,2022-02-17T10:05:20Z,gt2l,-71.55397033691406,-42.632911682128906,130327637.1477229,872.0,14.0,13.0,007,01,19104.0,0.0,1770044.0,1770048.0,1029.1505126953125,,18.38525390625,,20.511474609375,4.981073379516602,,,,,,,77.0,8.0,112.0,1.0,0.0,0.0,1.0,0.0,2022,2,Verano,Bosque cerrado perennifolio latifolio,1,1,0,0,,10–20 m,872_gt2l_1770044,290589.3,5276786.2,BOSQUE_NW_02,operacional,SI,,2022-02-17,NO,1012.03,21.595,21.829,-4.48,PASA
BOSQUE_NW_02(3),ATL08_20220217100520_08721413_007_01.h5,2022-02-17T10:05:20Z,gt2l,-71.556640625,-42.61233901977539,130327637.47218283,872.0,14.0,13.0,007,01,19104.0,0.0,1770159.0,1770163.0,1203.480712890625,75.09923553466797,13.9833984375,24.756643295288086,14.398681640625,3.0535449981689453,,,,,,,52.0,16.0,114.0,1.0,0.0,0.0,1.0,0.0,2022,2,Verano,Bosque cerrado caducifolio latifolio,1,1,1,1,1.7704310869736015,10–20 m,872_gt2l_1770159,290301.3,5279064.2,BOSQUE_NW_02,operacional,SI,,2022-02-17,NO,1178.78,21.545,21.786,3.15,PASA
BOSQUE_NW_02(3),ATL08_20220217100520_08721413_007_01.h5,2022-02-17T10:05:20Z,gt2l,-71.55733489990234,-42.606971740722656,130327637.55672355,872.0,14.0,13.0,007,01,19104.0,0.0,1770189.0,1770193.0,1244.8822021484375,,27.3726806640625,,28.9903564453125,7.521814823150635,,,,,,,90.0,8.0,112.0,1.0,0.0,0.0,1.0,0.0,2022,2,Verano,Bosque cerrado perennifolio latifolio,1,1,0,0,,20–30 m,872_gt2l_1770189,290226.3,5279658.5,BOSQUE_NW_02,operacional,SI,,2022-02-17,NO,1236.82,21.532,21.759,-13.47,DESCARTADO
BOSQUE_NW_02(3),ATL08_20220217100520_08721413_007_01.h5,2022-02-17T10:05:20Z,gt2l,-71.55802917480469,-42.601600646972656,130327637.64112194,872.0,14.0,13.0,007,01,19104.0,0.0,1770219.0,1770223.0,1347.142822265625,,10.1671142578125,,10.29736328125,2.0265862941741943,,,,,,,47.0,8.0,112.0,1.0,0.0,0.0,1.0,0.0,2022,2,Verano,Bosque cerrado perennifolio latifolio,1,1,0,0,,10–20 m,872_gt2l_1770219,290151.3,5280253.2,BOSQUE_NW_02,operacional,SI,,2022-02-17,NO,1323.25,21.520,21.732,2.38,PASA
BOSQUE_NW_02(3),ATL08_20220217100520_08721413_007_01.h5,2022-02-17T10:05:20Z,gt2l,-71.55860900878906,-42.597129821777344,130327637.71166936,872.0,14.0,13.0,007,01,19104.0,0.0,1770244.0,1770248.0,1412.8472900390625,45.67424011230469,16.6851806640625,35.26921844482422,16.8192138671875,4.646299839019775,,,,,,,60.0,31.0,116.0,1.0,0.0,0.0,1.0,0.0,2022,2,Verano,Bosque cerrado desconocido,1,1,1,1,2.1138050078647987,10–20 m,872_gt2l_1770244,290088.7,5280748.3,BOSQUE_NW_02,operacional,SI,,2022-02-17,NO,1391.58,21.510,21.719,-0.24,PASA
BOSQUE_NW_02(3),ATL08_20220217100520_08721413_007_01.h5,2022-02-17T10:05:20Z,gt2l,-71.55907440185547,-42.59355163574219,130327637.76813006,872.0,14.0,13.0,007,01,19104.0,0.0,1770264.0,1770268.0,1329.51318359375,,18.76318359375,,19.44970703125,5.033585071563721,,,,,,,54.0,2.0,114.0,1.0,0.0,0.0,1.0,0.0,2022,2,Verano,Bosque cerrado caducifolio latifolio,1,1,0,0,,10–20 m,872_gt2l_1770264,290038.5,5281144.5,BOSQUE_NW_02,operacional,SI,,2022-02-17,NO,1307.78,21.502,21.711,0.23,PASA
BOSQUE_NW_02(3),ATL08_20220217100520_08721413_007_01.h5,2022-02-17T10:05:20Z,gt2l,-71.55918884277344,-42.592655181884766,130327637.78227578,872.0,14.0,13.0,007,01,19104.0,0.0,1770269.0,1770273.0,1307.8956298828125,,22.2967529296875,,25.34912109375,5.839139461517334,,,,,,,41.0,9.0,112.0,1.0,0.0,0.0,1.0,0.0,2022,2,Verano,Bosque cerrado perennifolio latifolio,1,1,0,0,,20–30 m,872_gt2l_1770269,290026.1,5281243.7,BOSQUE_NW_02,operacional,SI,,2022-02-17,NO,1291.33,21.500,21.710,-4.94,PASA
BOSQUE_NW_02(3),ATL08_20220217100520_08721413_007_01.h5,2022-02-17T10:05:20Z,gt2l,-71.56022644042969,-42.5846061706543,130327637.90899196,872.0,14.0,13.0,007,01,19104.0,0.0,1770314.0,1770318.0,1109.27099609375,85.5517578125,19.4515380859375,46.55528259277344,19.886474609375,4.766777038574219,,,,,,,59.0,13.0,116.0,1.0,0.0,0.0,1.0,0.0,2022,2,Verano,Bosque cerrado desconocido,1,1,1,1,2.393398526486222,10–20 m,872_gt2l_1770314,289913.9,5282135.0,BOSQUE_NW_02,operacional,SI,,2022-02-17,NO,1090.79,21.482,21.694,-3.00,PASA
BOSQUE_NW_02(3),ATL08_20220217100520_08721413_007_01.h5,2022-02-17T10:05:20Z,gt2l,-71.56034088134766,-42.583709716796875,130327637.9231274,872.0,14.0,13.0,007,01,19104.0,0.0,1770319.0,1770323.0,1079.5963134765625,,17.6810302734375,,20.4097900390625,3.984726905822754,,,,,,,96.0,6.0,116.0,1.0,0.0,0.0,1.0,0.0,2022,2,Verano,Bosque cerrado desconocido,1,1,0,0,,10–20 m,872_gt2l_1770319,289901.5,5282234.3,BOSQUE_NW_02,operacional,SI,,2022-02-17,NO,1060.44,21.480,21.692,-2.33,PASA
BOSQUE_NW_02(3),ATL08_20220217100520_08721413_007_01.h5,2022-02-17T10:05:20Z,gt2l,-71.56057739257812,-42.5819206237793,130327637.95120835,872.0,14.0,13.0,007,01,19104.0,0.0,1770329.0,1770333.0,1025.6949462890625,,21.19696044921875,,24.30548095703125,6.061872482299805,,,,,,,76.0,6.0,112.0,1.0,0.0,0.0,1.0,0.0,2022,2,Verano,Bosque cerrado perennifolio latifolio,1,1,0,0,,20–30 m,872_gt2l_1770329,289876.1,5282432.4,BOSQUE_NW_02,operacional,SI,,2022-02-17,NO,1002.59,21.476,21.692,1.63,PASA
BOSQUE_NW_02(3),ATL08_20220217100520_08721413_007_01.h5,2022-02-17T10:05:20Z,gt2l,-71.5608139038086,-42.58013153076172,130327637.97945789,872.0,14.0,13.0,007,01,19104.0,0.0,1770339.0,1770343.0,1023.7874145507812,,13.7659912109375,,14.0037841796875,3.359257698059082,,,,,,,72.0,3.0,116.0,1.0,0.0,0.0,1.0,0.0,2022,2,Verano,Bosque cerrado desconocido,1,1,0,0,,10–20 m,872_gt2l_1770339,289850.7,5282630.5,BOSQUE_NW_02,operacional,SI,,2022-02-17,NO,1004.47,21.472,21.692,-2.15,PASA
BOSQUE_NW_02(3),ATL08_20220217100520_08721413_007_01.h5,2022-02-17T10:05:20Z,gt2l,-71.56092834472656,-42.57923889160156,130327637.99361983,872.0,14.0,13.0,007,01,19104.0,0.0,1770344.0,1770348.0,1014.3615112304688,46.09561538696289,6.4376220703125,15.620837211608887,7.69439697265625,1.5180833339691162,,,,,,,66.0,22.0,116.0,1.0,0.0,0.0,1.0,0.0,2022,2,Verano,Bosque cerrado desconocido,1,1,1,1,2.426491807222633,5–10 m,872_gt2l_1770344,289838.3,5282729.3,BOSQUE_NW_02,operacional,SI,,2022-02-17,NO,992.80,21.470,21.692,0.09,PASA
BOSQUE_NW_02(3),ATL08_20220217100520_08721413_007_01.h5,2022-02-17T10:05:20Z,gt2l,-71.56173706054688,-42.572975158691406,130327638.09206736,872.0,14.0,13.0,007,01,19104.0,0.0,1770379.0,1770383.0,870.5406494140625,,15.33489990234375,,18.634521484375,3.8393049240112305,,,,,,,99.0,8.0,116.0,1.0,0.0,0.0,1.0,0.0,2022,2,Verano,Bosque cerrado desconocido,1,1,0,0,,10–20 m,872_gt2l_1770379,289750.9,5283422.9,BOSQUE_NW_02,operacional,SI,,2022-02-17,NO,852.52,21.457,21.692,-3.43,PASA
BOSQUE_NW_02(3),ATL08_20220217100520_08721413_007_01.h5,2022-02-17T10:05:20Z,gt2l,-71.56208801269531,-42.570289611816406,130327638.13452165,872.0,14.0,13.0,007,01,19104.0,0.0,1770394.0,1770398.0,835.9517822265625,,12.3951416015625,,13.60064697265625,2.638115167617798,,,,,,,93.0,7.0,116.0,1.0,0.0,0.0,1.0,0.0,2022,2,Verano,Bosque cerrado desconocido,1,1,0,0,,10–20 m,872_gt2l_1770394,289713.0,5283720.2,BOSQUE_NW_02,operacional,SI,,2022-02-17,NO,816.64,21.451,21.692,-2.14,PASA
BOSQUE_NW_02(3),ATL08_20220217100520_08721413_007_01.h5,2022-02-17T10:05:20Z,gt2l,-71.56219482421875,-42.56939697265625,130327638.14853148,872.0,14.0,13.0,007,01,19104.0,0.0,1770399.0,1770403.0,820.8438110351562,13.69962215423584,7.699951171875,13.382597923278809,7.7611083984375,1.4804155826568604,,,,,,,71.0,60.0,116.0,1.0,0.0,0.0,1.0,0.0,2022,2,Verano,Bosque cerrado desconocido,1,1,1,1,1.7380107515694854,5–10 m,872_gt2l_1770399,289701.3,5283819.1,BOSQUE_NW_02,operacional,SI,,2022-02-17,NO,797.44,21.449,21.692,1.96,PASA
BOSQUE_NW_02(3),ATL08_20220217100520_08721413_007_01.h5,2022-02-17T10:05:20Z,gt2l,-71.56336212158203,-42.56045150756836,130327638.28943577,872.0,14.0,13.0,007,01,19104.0,0.0,1770449.0,1770453.0,745.3486328125,24.05283546447754,14.47198486328125,17.15160369873047,15.1973876953125,3.9341530799865723,,,,,,,87.0,31.0,112.0,1.0,0.0,0.0,1.0,0.0,2022,2,Verano,Bosque cerrado perennifolio latifolio,1,1,1,1,1.1851590407787136,10–20 m,872_gt2l_1770449,289575.4,5284809.6,BOSQUE_NW_02,operacional,SI,,2022-02-17,NO,725.08,21.431,21.698,-1.16,PASA
BOSQUE_NW_02(3),ATL08_20220217100520_08721413_007_01.h5,2022-02-17T10:05:20Z,gt2l,-71.5634765625,-42.55955505371094,130327638.30352457,872.0,14.0,13.0,007,01,19104.0,0.0,1770454.0,1770458.0,734.365234375,12.43801212310791,14.06146240234375,13.77139949798584,14.63067626953125,4.046782970428467,,,,,,,75.0,59.0,112.0,1.0,0.0,0.0,1.0,0.0,2022,2,Verano,Bosque cerrado perennifolio latifolio,1,1,1,1,0.9793717825316972,10–20 m,872_gt2l_1770454,289563.0,5284908.9,BOSQUE_NW_02,operacional,SI,,2022-02-17,NO,712.64,21.429,21.699,0.30,PASA
BOSQUE_NW_02(3),ATL08_20220217100520_08721413_007_01.h5,2022-02-17T10:05:20Z,gt2r,-71.54594421386719,-42.686153411865234,130327636.65972951,872.0,14.0,13.0,007,01,19104.0,0.0,1769746.0,1769750.0,1336.5224609375,223.3564453125,14.1959228515625,172.87411499023438,14.1959228515625,3.926088571548462,,,,,,,21.0,6.0,116.0,1.0,0.0,0.0,1.0,0.0,2022,2,Verano,Bosque cerrado desconocido,1,1,1,1,12.177729957951037,10–20 m,872_gt2r_1769746,291425.6,5270893.5,BOSQUE_NW_02,operacional,SI,,2022-02-17,NO,1322.16,21.725,21.957,-7.36,DESCARTADO
BOSQUE_NW_02(3),ATL08_20220217100520_08721413_007_01.h5,2022-02-17T10:05:20Z,gt2r,-71.54627990722656,-42.683467864990234,130327636.70201196,872.0,14.0,13.0,007,01,19104.0,0.0,1769761.0,1769765.0,1234.6663818359375,,24.6666259765625,,24.6666259765625,6.358215808868408,,,,,,,22.0,2.0,112.0,1.0,0.0,0.0,1.0,0.0,2022,2,Verano,Bosque cerrado perennifolio latifolio,1,1,0,0,,20–30 m,872_gt2r_1769761,291389.1,5271190.9,BOSQUE_NW_02,operacional,SI,,2022-02-17,NO,1223.16,21.719,21.954,-10.21,DESCARTADO
BOSQUE_NW_02(3),ATL08_20220217100520_08721413_007_01.h5,2022-02-17T10:05:20Z,gt2r,-71.54640197753906,-42.68257141113281,130327636.71610832,872.0,14.0,13.0,007,01,19104.0,0.0,1769766.0,1769770.0,1232.281005859375,,13.9554443359375,,13.9554443359375,3.801938533782959,,,,,,,28.0,2.0,112.0,1.0,0.0,0.0,1.0,0.0,2022,2,Verano,Bosque cerrado perennifolio latifolio,1,1,0,0,,10–20 m,872_gt2r_1769766,291376.1,5271290.2,BOSQUE_NW_02,operacional,SI,,2022-02-17,NO,1209.04,21.717,21.954,1.52,PASA
BOSQUE_NW_02(3),ATL08_20220217100520_08721413_007_01.h5,2022-02-17T10:05:20Z,gt2r,-71.5470962524414,-42.67720413208008,130327636.80072369,872.0,14.0,13.0,007,01,19104.0,0.0,1769796.0,1769800.0,1123.0574951171875,,22.275146484375,,22.275146484375,5.446710109710693,,,,,,,28.0,3.0,112.0,1.0,0.0,0.0,1.0,0.0,2022,2,Verano,Bosque cerrado perennifolio latifolio,1,1,0,0,,20–30 m,872_gt2r_1769796,291301.2,5271884.5,BOSQUE_NW_02,operacional,SI,,2022-02-17,NO,1106.57,21.705,21.958,-5.22,DESCARTADO
BOSQUE_NW_02(3),ATL08_20220217100520_08721413_007_01.h5,2022-02-17T10:05:20Z,gt2r,-71.54732513427734,-42.6754150390625,130327636.82894662,872.0,14.0,13.0,007,01,19104.0,0.0,1769806.0,1769810.0,1127.0087890625,,22.096923828125,,22.096923828125,6.86140775680542,,,,,,,34.0,3.0,112.0,1.0,0.0,0.0,1.0,0.0,2022,2,Verano,Bosque cerrado perennifolio latifolio,1,1,0,0,,20–30 m,872_gt2r_1769806,291276.5,5272082.6,BOSQUE_NW_02,operacional,SI,,2022-02-17,NO,1106.99,21.701,21.959,-1.69,PASA
BOSQUE_NW_02(3),ATL08_20220217100520_08721413_007_01.h5,2022-02-17T10:05:20Z,gt2r,-71.54767608642578,-42.672733306884766,130327636.87125404,872.0,14.0,13.0,007,01,19104.0,0.0,1769821.0,1769825.0,1122.775390625,,26.66845703125,,26.66845703125,8.888911247253418,,,,,,,31.0,4.0,116.0,1.0,0.0,0.0,1.0,0.0,2022,2,Verano,Bosque cerrado desconocido,1,1,0,0,,20–30 m,872_gt2r_1769821,291238.7,5272379.6,BOSQUE_NW_02,operacional,SI,,2022-02-17,NO,1106.10,21.695,21.961,-5.02,DESCARTADO
BOSQUE_NW_02(3),ATL08_20220217100520_08721413_007_01.h5,2022-02-17T10:05:20Z,gt2r,-71.54802703857422,-42.670047760009766,130327636.9135224,872.0,14.0,13.0,007,01,19104.0,0.0,1769836.0,1769840.0,1084.600341796875,63.76023864746094,5.7777099609375,49.53559875488281,5.7777099609375,1.0369064807891846,,,,,,,12.0,17.0,126.0,1.0,0.0,0.0,1.0,0.0,2022,2,Verano,Bosque abierto desconocido,1,1,1,1,8.57356964779954,5–10 m,872_gt2r_1769836,291201.0,5272676.9,BOSQUE_NW_02,operacional,SI,,2022-02-17,NO,1063.84,21.690,21.964,-0.92,PASA
BOSQUE_NW_02(3),ATL08_20220217100520_08721413_007_01.h5,2022-02-17T10:05:20Z,gt2r,-71.54883575439453,-42.663787841796875,130327637.01219556,872.0,14.0,13.0,007,01,19104.0,0.0,1769871.0,1769875.0,1100.8436279296875,,7.47119140625,,7.47119140625,1.8040027618408203,,,,,,,21.0,3.0,116.0,1.0,0.0,0.0,1.0,0.0,2022,2,Verano,Bosque cerrado desconocido,1,1,0,0,,5–10 m,872_gt2r_1769871,291113.7,5273370.1,BOSQUE_NW_02,operacional,SI,,2022-02-17,NO,1081.97,21.675,21.950,-2.80,PASA
BOSQUE_NW_02(3),ATL08_20220217100520_08721413_007_01.h5,2022-02-17T10:05:20Z,gt2r,-71.55010986328125,-42.65394592285156,130327637.16724746,872.0,14.0,13.0,007,01,19104.0,0.0,1769926.0,1769930.0,1142.5833740234375,,9.7161865234375,,9.7161865234375,2.1933839321136475,,,,,,,21.0,2.0,112.0,1.0,0.0,0.0,1.0,0.0,2022,2,Verano,Bosque cerrado perennifolio latifolio,1,1,0,0,,5–10 m,872_gt2r_1769926,290976.3,5274459.9,BOSQUE_NW_02,operacional,SI,,2022-02-17,NO,1119.58,21.650,21.897,1.35,PASA
BOSQUE_NW_02(3),ATL08_20220217100520_08721413_007_01.h5,2022-02-17T10:05:20Z,gt2r,-71.55034637451172,-42.652156829833984,130327637.19548112,872.0,14.0,13.0,007,01,19104.0,0.0,1769936.0,1769940.0,1112.354248046875,92.85318756103516,15.591552734375,60.73964309692383,15.591552734375,3.6261229515075684,,,,,,,16.0,12.0,116.0,1.0,0.0,0.0,1.0,0.0,2022,2,Verano,Bosque cerrado desconocido,1,1,1,1,3.895676340369228,10–20 m,872_gt2r_1769936,290950.9,5274658.0,BOSQUE_NW_02,operacional,SI,,2022-02-17,NO,1093.22,21.645,21.887,-2.52,PASA
BOSQUE_NW_02(3),ATL08_20220217100520_08721413_007_01.h5,2022-02-17T10:05:20Z,gt2r,-71.55057525634766,-42.650367736816406,130327637.2236424,872.0,14.0,13.0,007,01,19104.0,0.0,1769946.0,1769950.0,1112.50341796875,101.08895874023438,14.7314453125,83.23237609863281,14.7314453125,3.1777822971343994,,,,,,,16.0,11.0,112.0,1.0,0.0,0.0,1.0,0.0,2022,2,Verano,Bosque cerrado perennifolio latifolio,1,1,1,1,5.649980319854159,10–20 m,872_gt2r_1769946,290926.2,5274856.1,BOSQUE_NW_02,operacional,SI,,2022-02-17,NO,1089.50,21.640,21.878,1.36,PASA
BOSQUE_NW_02(3),ATL08_20220217100520_08721413_007_01.h5,2022-02-17T10:05:20Z,gt2r,-71.55068969726562,-42.649471282958984,130327637.23778163,872.0,14.0,13.0,007,01,19104.0,0.0,1769951.0,1769955.0,1105.632080078125,,17.6932373046875,,17.6932373046875,2.9712328910827637,,,,,,,23.0,2.0,112.0,1.0,0.0,0.0,1.0,0.0,2022,2,Verano,Bosque cerrado perennifolio latifolio,1,1,0,0,,10–20 m,872_gt2r_1769951,290913.8,5274955.4,BOSQUE_NW_02,operacional,SI,,2022-02-17,NO,1089.38,21.638,21.876,-5.38,DESCARTADO
BOSQUE_NW_02(3),ATL08_20220217100520_08721413_007_01.h5,2022-02-17T10:05:20Z,gt2r,-71.5508041381836,-42.64857864379883,130327637.2518517,872.0,14.0,13.0,007,01,19104.0,0.0,1769956.0,1769960.0,1097.4453125,,24.9765625,,24.9765625,7.508243083953857,,,,,,,18.0,2.0,112.0,1.0,0.0,0.0,1.0,0.0,2022,2,Verano,Bosque cerrado perennifolio latifolio,1,1,0,0,,20–30 m,872_gt2r_1769956,290901.4,5275054.2,BOSQUE_NW_02,operacional,SI,,2022-02-17,NO,1085.40,21.636,21.873,-9.59,DESCARTADO
BOSQUE_NW_02(3),ATL08_20220217100520_08721413_007_01.h5,2022-02-17T10:05:20Z,gt2r,-71.55126953125,-42.64500045776367,130327637.30820854,872.0,14.0,13.0,007,01,19104.0,0.0,1769976.0,1769980.0,1010.9797973632812,169.7946319580078,5.42620849609375,102.73921203613281,5.42620849609375,1.3884553909301758,,,,,,,23.0,6.0,116.0,1.0,0.0,0.0,1.0,0.0,2022,2,Verano,Bosque cerrado desconocido,1,1,1,1,18.93388580812796,5–10 m,872_gt2r_1769976,290851.3,5275450.4,BOSQUE_NW_02,operacional,SI,,2022-02-17,NO,988.99,21.627,21.862,0.36,PASA
BOSQUE_NW_02(3),ATL08_20220217100520_08721413_007_01.h5,2022-02-17T10:05:20Z,gt2r,-71.55208587646484,-42.638736724853516,130327637.4069317,872.0,14.0,13.0,007,01,19104.0,0.0,1770011.0,1770015.0,943.322021484375,,15.37884521484375,,15.37884521484375,3.3249351978302,,,,,,,15.0,2.0,126.0,1.0,0.0,0.0,1.0,0.0,2022,2,Verano,Bosque abierto desconocido,1,1,0,0,,10–20 m,872_gt2r_1770011,290763.4,5276144.0,BOSQUE_NW_02,operacional,SI,,2022-02-17,NO,923.52,21.611,21.843,-1.81,PASA
BOSQUE_NW_02(3),ATL08_20220217100520_08721413_007_01.h5,2022-02-17T10:05:20Z,gt2r,-71.55220031738281,-42.63784408569336,130327637.42102318,872.0,14.0,13.0,007,01,19104.0,0.0,1770016.0,1770020.0,940.3487548828125,,16.7425537109375,,18.74346923828125,3.444274663925171,,,,,,,24.0,1.0,126.0,1.0,0.0,0.0,1.0,0.0,2022,2,Verano,Bosque abierto desconocido,1,1,0,0,,10–20 m,872_gt2r_1770016,290751.0,5276242.8,BOSQUE_NW_02,operacional,SI,,2022-02-17,NO,927.98,21.609,21.840,-9.24,DESCARTADO
BOSQUE_NW_02(3),ATL08_20220217100520_08721413_007_01.h5,2022-02-17T10:05:20Z,gt2r,-71.55231475830078,-42.63694763183594,130327637.43514276,872.0,14.0,13.0,007,01,19104.0,0.0,1770021.0,1770025.0,928.2864379882812,93.03131866455078,10.9229736328125,57.37312698364258,10.9229736328125,2.4135308265686035,,,,,,,34.0,10.0,126.0,1.0,0.0,0.0,1.0,0.0,2022,2,Verano,Bosque abierto desconocido,1,1,1,1,5.252519040354936,10–20 m,872_gt2r_1770021,290738.6,5276342.1,BOSQUE_NW_02,operacional,SI,,2022-02-17,NO,912.29,21.607,21.837,-5.61,DESCARTADO
BOSQUE_NW_02(3),ATL08_20220217100520_08721413_007_01.h5,2022-02-17T10:05:20Z,gt2r,-71.55278015136719,-42.63336944580078,130327637.49153721,872.0,14.0,13.0,007,01,19104.0,0.0,1770041.0,1770045.0,972.5784301757812,,21.716552734375,,21.716552734375,5.947168350219727,,,,,,,28.0,3.0,112.0,1.0,0.0,0.0,1.0,0.0,2022,2,Verano,Bosque cerrado perennifolio latifolio,1,1,0,0,,20–30 m,872_gt2r_1770041,290688.4,5276738.3,BOSQUE_NW_02,operacional,SI,,2022-02-17,NO,956.97,21.598,21.827,-5.99,DESCARTADO
BOSQUE_NW_02(3),ATL08_20220217100520_08721413_007_01.h5,2022-02-17T10:05:20Z,gt2r,-71.5532455444336,-42.629791259765625,130327637.54779977,872.0,14.0,13.0,007,01,19104.0,0.0,1770061.0,1770065.0,1090.289794921875,,18.7711181640625,,18.7711181640625,4.7641167640686035,,,,,,,24.0,1.0,116.0,1.0,0.0,0.0,1.0,0.0,2022,2,Verano,Bosque cerrado desconocido,1,1,0,0,,10–20 m,872_gt2r_1770061,290638.3,5277134.5,BOSQUE_NW_02,operacional,SI,,2022-02-17,NO,1073.33,21.589,21.825,-4.63,PASA
BOSQUE_NW_02(3),ATL08_20220217100520_08721413_007_01.h5,2022-02-17T10:05:20Z,gt2r,-71.55347442626953,-42.62800216674805,130327637.57602902,872.0,14.0,13.0,007,01,19104.0,0.0,1770071.0,1770075.0,1110.1640625,,20.3983154296875,,20.3983154296875,5.9166178703308105,,,,,,,19.0,2.0,116.0,1.0,0.0,0.0,1.0,0.0,2022,2,Verano,Bosque cerrado desconocido,1,1,0,0,,20–30 m,872_gt2r_1770071,290613.5,5277332.6,BOSQUE_NW_02,operacional,SI,,2022-02-17,NO,1094.13,21.584,21.824,-5.55,DESCARTADO
BOSQUE_NW_02(3),ATL08_20220217100520_08721413_007_01.h5,2022-02-17T10:05:20Z,gt2r,-71.55439758300781,-42.620845794677734,130327637.68879606,872.0,14.0,13.0,007,01,19104.0,0.0,1770111.0,1770115.0,1165.59326171875,,27.173095703125,,27.173095703125,7.982061862945557,,,,,,,39.0,3.0,116.0,1.0,0.0,0.0,1.0,0.0,2022,2,Verano,Bosque cerrado desconocido,1,1,0,0,,20–30 m,872_gt2r_1770111,290513.8,5278125.1,BOSQUE_NW_02,operacional,SI,,2022-02-17,NO,1156.34,21.567,21.817,-12.31,DESCARTADO
BOSQUE_NW_02(3),ATL08_20220217100520_08721413_007_01.h5,2022-02-17T10:05:20Z,gt2r,-71.55521392822266,-42.61458206176758,130327637.78747764,872.0,14.0,13.0,007,01,19104.0,0.0,1770146.0,1770150.0,1144.9317626953125,,24.9822998046875,,24.9822998046875,7.916992664337158,,,,,,,22.0,3.0,112.0,1.0,0.0,0.0,1.0,0.0,2022,2,Verano,Bosque cerrado perennifolio latifolio,1,1,0,0,,20–30 m,872_gt2r_1770146,290425.8,5278818.6,BOSQUE_NW_02,operacional,SI,,2022-02-17,NO,1133.99,21.552,21.799,-10.61,DESCARTADO
BOSQUE_NW_02(3),ATL08_20220217100520_08721413_007_01.h5,2022-02-17T10:05:20Z,gt2r,-71.5555648803711,-42.611900329589844,130327637.8297278,872.0,14.0,13.0,007,01,19104.0,0.0,1770161.0,1770165.0,1191.470703125,,17.254638671875,,17.254638671875,5.6748948097229,,,,,,,29.0,2.0,112.0,1.0,0.0,0.0,1.0,0.0,2022,2,Verano,Bosque cerrado perennifolio latifolio,1,1,0,0,,10–20 m,872_gt2r_1770161,290388.0,5279115.6,BOSQUE_NW_02,operacional,SI,,2022-02-17,NO,1176.79,21.545,21.786,-6.86,DESCARTADO
BOSQUE_NW_02(3),ATL08_20220217100520_08721413_007_01.h5,2022-02-17T10:05:20Z,gt2r,-71.55648803710938,-42.60474395751953,130327637.94247462,872.0,14.0,13.0,007,01,19104.0,0.0,1770201.0,1770205.0,1272.7078857421875,,11.6483154296875,,11.6483154296875,2.8255393505096436,,,,,,,18.0,5.0,112.0,1.0,0.0,0.0,1.0,0.0,2022,2,Verano,Bosque cerrado perennifolio latifolio,1,1,0,0,,10–20 m,872_gt2r_1770201,290288.3,5279908.0,BOSQUE_NW_02,operacional,SI,,2022-02-17,NO,1246.55,21.528,21.750,4.63,PASA
BOSQUE_NW_02(3),ATL08_20220217100520_08721413_007_01.h5,2022-02-17T10:05:20Z,gt2r,-71.55729675292969,-42.598480224609375,130327638.04107006,872.0,14.0,13.0,007,01,19104.0,0.0,1770236.0,1770240.0,1417.7176513671875,,20.4732666015625,,20.4732666015625,4.918337345123291,,,,,,,17.0,1.0,112.0,1.0,0.0,0.0,1.0,0.0,2022,2,Verano,Bosque cerrado perennifolio latifolio,1,1,0,0,,20–30 m,872_gt2r_1770236,290200.9,5280601.6,BOSQUE_NW_02,operacional,SI,,2022-02-17,NO,1403.67,21.514,21.723,-7.46,DESCARTADO
BOSQUE_NW_02(3),ATL08_20220217100520_08721413_007_01.h5,2022-02-17T10:05:20Z,gt2r,-71.55741882324219,-42.59758758544922,130327638.05519015,872.0,14.0,13.0,007,01,19104.0,0.0,1770241.0,1770245.0,1418.005126953125,,18.296630859375,,18.296630859375,3.8257133960723877,,,,,,,30.0,1.0,114.0,1.0,0.0,0.0,1.0,0.0,2022,2,Verano,Bosque cerrado caducifolio latifolio,1,1,0,0,,10–20 m,872_gt2r_1770241,290187.9,5280700.4,BOSQUE_NW_02,operacional,SI,,2022-02-17,NO,1397.69,21.512,21.721,-1.20,PASA
BOSQUE_NW_02(3),ATL08_20220217100520_08721413_007_01.h5,2022-02-17T10:05:20Z,gt2r,-71.55753326416016,-42.5966911315918,130327638.06925292,872.0,14.0,13.0,007,01,19104.0,0.0,1770246.0,1770250.0,1405.710693359375,,11.6497802734375,,11.6497802734375,2.3681511878967285,,,,,,,26.0,4.0,112.0,1.0,0.0,0.0,1.0,0.0,2022,2,Verano,Bosque cerrado perennifolio latifolio,1,1,0,0,,10–20 m,872_gt2r_1770246,290175.5,5280799.7,BOSQUE_NW_02,operacional,SI,,2022-02-17,NO,1379.89,21.510,21.719,4.31,PASA
BOSQUE_NW_02(3),ATL08_20220217100520_08721413_007_01.h5,2022-02-17T10:05:20Z,gt2r,-71.55776977539062,-42.59490203857422,130327638.09750897,872.0,14.0,13.0,007,01,19104.0,0.0,1770256.0,1770260.0,1360.237548828125,,21.6839599609375,,21.6839599609375,4.844640254974365,,,,,,,25.0,5.0,112.0,1.0,0.0,0.0,1.0,0.0,2022,2,Verano,Bosque cerrado perennifolio latifolio,1,1,0,0,,20–30 m,872_gt2r_1770256,290150.1,5280997.8,BOSQUE_NW_02,operacional,SI,,2022-02-17,NO,1335.13,21.506,21.715,3.60,PASA
BOSQUE_NW_02(3),ATL08_20220217100520_08721413_007_01.h5,2022-02-17T10:05:20Z,gt2r,-71.55880737304688,-42.586849212646484,130327638.22445807,872.0,14.0,13.0,007,01,19104.0,0.0,1770301.0,1770305.0,1181.30810546875,131.1813201904297,26.1768798828125,112.23367309570312,26.1768798828125,6.884468078613281,,,,,,,20.0,9.0,116.0,1.0,0.0,0.0,1.0,0.0,2022,2,Verano,Bosque cerrado desconocido,1,1,1,1,4.287511483345069,20–30 m,872_gt2r_1770301,290037.9,5281889.4,BOSQUE_NW_02,operacional,SI,,2022-02-17,NO,1161.06,21.488,21.698,-1.24,PASA
BOSQUE_NW_02(3),ATL08_20220217100520_08721413_007_01.h5,2022-02-17T10:05:20Z,gt2r,-71.55892181396484,-42.58595657348633,130327638.23858455,872.0,14.0,13.0,007,01,19104.0,0.0,1770306.0,1770310.0,1154.5228271484375,54.91530227661133,16.0439453125,65.71879577636719,16.0439453125,5.943047046661377,,,,,,,17.0,21.0,116.0,1.0,0.0,0.0,1.0,0.0,2022,2,Verano,Bosque cerrado desconocido,1,1,1,1,4.096174257410676,10–20 m,872_gt2r_1770306,290025.5,5281988.3,BOSQUE_NW_02,operacional,SI,,2022-02-17,NO,1129.39,21.486,21.697,3.65,PASA
BOSQUE_NW_02(3),ATL08_20220217100520_08721413_007_01.h5,2022-02-17T10:05:20Z,gt2r,-71.55961608886719,-42.580589294433594,130327638.3231589,872.0,14.0,13.0,007,01,19104.0,0.0,1770336.0,1770340.0,1015.7823486328125,168.85845947265625,22.90374755859375,207.28285217285156,22.90374755859375,4.727141857147217,,,,,,,39.0,6.0,116.0,1.0,0.0,0.0,1.0,0.0,2022,2,Verano,Bosque cerrado desconocido,1,1,1,1,9.050171883119479,20–30 m,872_gt2r_1770336,289950.5,5282582.6,BOSQUE_NW_02,operacional,SI,,2022-02-17,NO,994.03,21.474,21.692,0.28,PASA
BOSQUE_NW_02(3),ATL08_20220217100520_08721413_007_01.h5,2022-02-17T10:05:20Z,gt2r,-71.56077575683594,-42.5716438293457,130327638.46418847,872.0,14.0,13.0,007,01,19104.0,0.0,1770386.0,1770390.0,849.1023559570312,,14.8499755859375,,14.8499755859375,3.5535824298858643,,,,,,,41.0,2.0,112.0,1.0,0.0,0.0,1.0,0.0,2022,2,Verano,Bosque cerrado perennifolio latifolio,1,1,0,0,,10–20 m,872_gt2r_1770386,289825.3,5283573.1,BOSQUE_NW_02,operacional,SI,,2022-02-17,NO,830.33,21.454,21.692,-2.69,PASA
BOSQUE_NW_02(3),ATL08_20220217100520_08721413_007_01.h5,2022-02-17T10:05:20Z,gt2r,-71.56193542480469,-42.56269454956055,130327638.60521144,872.0,14.0,13.0,007,01,19104.0,0.0,1770436.0,1770440.0,807.5279541015625,67.23233795166016,14.40435791015625,52.28666687011719,14.40435791015625,3.9140663146972656,,,,,,,31.0,12.0,116.0,1.0,0.0,0.0,1.0,0.0,2022,2,Verano,Bosque cerrado desconocido,1,1,1,1,3.6299200003389815,10–20 m,872_gt2r_1770436,289700.0,5284564.0,BOSQUE_NW_02,operacional,SI,,2022-02-17,NO,787.27,21.435,21.695,-1.18,PASA
BOSQUE_NW_02(3),ATL08_20220217100520_08721413_007_01.h5,2022-02-17T10:05:20Z,gt2r,-71.56217193603516,-42.56090545654297,130327638.6334515,872.0,14.0,13.0,007,01,19104.0,0.0,1770446.0,1770450.0,761.64599609375,108.47883605957031,14.09130859375,56.939666748046875,14.09130859375,3.734036684036255,,,,,,,15.0,7.0,112.0,1.0,0.0,0.0,1.0,0.0,2022,2,Verano,Bosque cerrado perennifolio latifolio,1,1,1,1,4.040765012647701,10–20 m,872_gt2r_1770446,289674.6,5284762.1,BOSQUE_NW_02,operacional,SI,,2022-02-17,NO,738.47,21.431,21.696,1.74,PASA
BOSQUE_NW_02(3),ATL08_20220217100520_08721413_007_01.h5,2022-02-17T10:05:20Z,gt3l,-71.5058364868164,-42.69269561767578,130327636.1448798,872.0,14.0,13.0,007,01,19104.0,0.0,1769694.0,1769698.0,1392.8212890625,,15.108642578125,,15.8768310546875,4.071869850158691,,,,,,,91.0,9.0,112.0,1.0,0.0,0.0,1.0,0.0,2022,2,Verano,Bosque cerrado perennifolio latifolio,1,1,0,0,,10–20 m,872_gt3l_1769694,294733.1,5270265.3,BOSQUE_NW_02,operacional,SI,,2022-02-17,NO,1373.23,21.778,22.020,-2.18,PASA
BOSQUE_NW_02(3),ATL08_20220217100520_08721413_007_01.h5,2022-02-17T10:05:20Z,gt3l,-71.50617980957031,-42.69001007080078,130327636.186996,872.0,14.0,13.0,007,01,19104.0,0.0,1769709.0,1769713.0,1356.806396484375,28.255033493041992,12.3697509765625,18.333106994628906,12.74169921875,3.1023077964782715,,,,,,,62.0,48.0,116.0,1.0,0.0,0.0,1.0,0.0,2022,2,Verano,Bosque cerrado desconocido,1,1,1,1,1.482091840762634,10–20 m,872_gt3l_1769709,294696.1,5270562.7,BOSQUE_NW_02,operacional,SI,,2022-02-17,NO,1336.23,21.774,22.015,-1.19,PASA
BOSQUE_NW_02(3),ATL08_20220217100520_08721413_007_01.h5,2022-02-17T10:05:20Z,gt3l,-71.50675964355469,-42.6855354309082,130327636.25757815,872.0,14.0,13.0,007,01,19104.0,0.0,1769734.0,1769738.0,1300.5341796875,,21.1732177734375,,22.7462158203125,5.251895427703857,,,,,,,87.0,8.0,114.0,1.0,0.0,0.0,1.0,0.0,2022,2,Verano,Bosque cerrado caducifolio latifolio,1,1,0,0,,20–30 m,872_gt3l_1769734,294633.9,5271058.2,BOSQUE_NW_02,operacional,SI,,2022-02-17,NO,1284.49,21.767,22.008,-5.72,DESCARTADO
BOSQUE_NW_02(3),ATL08_20220217100520_08721413_007_01.h5,2022-02-17T10:05:20Z,gt3l,-71.50872802734375,-42.67033004760742,130327636.4970285,872.0,14.0,13.0,007,01,19104.0,0.0,1769819.0,1769823.0,1091.9598388671875,2.556729555130005,7.1480712890625,3.2178094387054443,9.1397705078125,1.788092851638794,,,,,,,57.0,427.0,112.0,1.0,0.0,0.0,1.0,0.0,2022,2,Verano,Bosque cerrado perennifolio latifolio,1,1,1,1,0.4501647099727616,5–10 m,872_gt3l_1769819,294422.5,5272742.0,BOSQUE_NW_02,operacional,SI,,2022-02-17,NO,1070.96,21.745,21.980,-0.74,PASA
BOSQUE_NW_02(3),ATL08_20220217100520_08721413_007_01.h5,2022-02-17T10:05:20Z,gt3l,-71.50907897949219,-42.66764450073242,130327636.53944355,872.0,14.0,13.0,007,01,19104.0,0.0,1769834.0,1769838.0,1108.434814453125,,23.3050537109375,,23.7890625,6.040004730224609,,,,,,,125.0,5.0,112.0,1.0,0.0,0.0,1.0,0.0,2022,2,Verano,Bosque cerrado perennifolio latifolio,1,1,0,0,,20–30 m,872_gt3l_1769834,294384.8,5273039.3,BOSQUE_NW_02,operacional,SI,,2022-02-17,NO,1093.45,21.741,21.975,-6.76,DESCARTADO
BOSQUE_NW_02(3),ATL08_20220217100520_08721413_007_01.h5,2022-02-17T10:05:20Z,gt3l,-71.50977325439453,-42.66227722167969,130327636.62397343,872.0,14.0,13.0,007,01,19104.0,0.0,1769864.0,1769868.0,1086.19677734375,5.747873783111572,9.6695556640625,7.789416790008545,9.6695556640625,2.7575936317443848,,,,,,,20.0,189.0,112.0,1.0,0.0,0.0,1.0,0.0,2022,2,Verano,Bosque cerrado perennifolio latifolio,1,1,1,1,0.8055609854916491,5–10 m,872_gt3l_1769864,294310.2,5273633.7,BOSQUE_NW_02,operacional,SI,,2022-02-17,NO,1064.46,21.729,21.956,0.01,PASA
BOSQUE_NW_02(3),ATL08_20220217100520_08721413_007_01.h5,2022-02-17T10:05:20Z,gt3l,-71.5101318359375,-42.65959167480469,130327636.66636543,872.0,14.0,13.0,007,01,19104.0,0.0,1769879.0,1769883.0,1125.28271484375,,17.9697265625,,19.45751953125,4.504364013671875,,,,,,,88.0,6.0,112.0,1.0,0.0,0.0,1.0,0.0,2022,2,Verano,Bosque cerrado perennifolio latifolio,1,1,0,0,,10–20 m,872_gt3l_1769879,294272.0,5273931.0,BOSQUE_NW_02,operacional,SI,,2022-02-17,NO,1103.50,21.722,21.946,0.06,PASA
BOSQUE_NW_02(3),ATL08_20220217100520_08721413_007_01.h5,2022-02-17T10:05:20Z,gt3l,-71.5108413696289,-42.65422821044922,130327636.75097388,872.0,14.0,13.0,007,01,19104.0,0.0,1769909.0,1769913.0,1363.0260009765625,35.863468170166016,8.107666015625,19.709491729736328,8.517822265625,1.9021586179733276,,,,,,,63.0,38.0,112.0,1.0,0.0,0.0,1.0,0.0,2022,2,Verano,Bosque cerrado perennifolio latifolio,1,1,1,1,2.430969861332771,5–10 m,872_gt3l_1769909,294196.1,5274524.9,BOSQUE_NW_02,operacional,SI,,2022-02-17,NO,1338.57,21.709,21.927,2.74,PASA
BOSQUE_NW_02(3),ATL08_20220217100520_08721413_007_01.h5,2022-02-17T10:05:20Z,gt3l,-71.51294708251953,-42.63812255859375,130327637.0045842,872.0,14.0,13.0,007,01,19104.0,0.0,1769999.0,1770003.0,1352.2537841796875,90.10824584960938,13.627197265625,21.102550506591797,14.259521484375,3.5072546005249023,,,,,,,88.0,15.0,112.0,1.0,0.0,0.0,1.0,0.0,2022,2,Verano,Bosque cerrado perennifolio latifolio,1,1,1,1,1.5485613142053496,10–20 m,872_gt3l_1769999,293970.4,5276308.3,BOSQUE_NW_02,operacional,SI,,2022-02-17,NO,1331.44,21.670,21.877,-0.85,PASA
BOSQUE_NW_02(3),ATL08_20220217100520_08721413_007_01.h5,2022-02-17T10:05:20Z,gt3l,-71.51363372802734,-42.632755279541016,130327637.08910018,872.0,14.0,13.0,007,01,19104.0,0.0,1770029.0,1770033.0,1293.482666015625,,15.6705322265625,,16.8671875,3.9427573680877686,,,,,,,89.0,3.0,114.0,1.0,0.0,0.0,1.0,0.0,2022,2,Verano,Bosque cerrado caducifolio latifolio,1,1,0,0,,10–20 m,872_gt3l_1770029,293896.3,5276902.7,BOSQUE_NW_02,operacional,SI,,2022-02-17,NO,1275.86,21.657,21.861,-4.03,PASA
BOSQUE_NW_02(3),ATL08_20220217100520_08721413_007_01.h5,2022-02-17T10:05:20Z,gt3l,-71.51409912109375,-42.62917709350586,130327637.14559387,872.0,14.0,13.0,007,01,19104.0,0.0,1770049.0,1770053.0,1252.25390625,,23.4000244140625,,24.314697265625,6.061649322509766,,,,,,,106.0,6.0,112.0,1.0,0.0,0.0,1.0,0.0,2022,2,Verano,Bosque cerrado perennifolio latifolio,1,1,0,0,,20–30 m,872_gt3l_1770049,293846.4,5277298.9,BOSQUE_NW_02,operacional,SI,,2022-02-17,NO,1235.80,21.648,21.850,-5.19,DESCARTADO
BOSQUE_NW_02(3),ATL08_20220217100520_08721413_007_01.h5,2022-02-17T10:05:20Z,gt3l,-71.51422119140625,-42.6282844543457,130327637.15971686,872.0,14.0,13.0,007,01,19104.0,0.0,1770054.0,1770058.0,1257.3250732421875,,20.6270751953125,,20.78369140625,3.975926160812378,,,,,,,78.0,6.0,114.0,1.0,0.0,0.0,1.0,0.0,2022,2,Verano,Bosque cerrado caducifolio latifolio,1,1,0,0,,20–30 m,872_gt3l_1770054,293833.4,5277397.8,BOSQUE_NW_02,operacional,SI,,2022-02-17,NO,1239.87,21.646,21.848,-4.19,PASA
BOSQUE_NW_02(3),ATL08_20220217100520_08721413_007_01.h5,2022-02-17T10:05:20Z,gt3l,-71.51433563232422,-42.62738800048828,130327637.17387816,872.0,14.0,13.0,007,01,19104.0,0.0,1770059.0,1770063.0,1260.0570068359375,,16.0582275390625,,18.0863037109375,4.106998443603516,,,,,,,110.0,8.0,114.0,1.0,0.0,0.0,1.0,0.0,2022,2,Verano,Bosque cerrado caducifolio latifolio,1,1,0,0,,10–20 m,872_gt3l_1770059,293821.1,5277497.0,BOSQUE_NW_02,operacional,SI,,2022-02-17,NO,1238.45,21.644,21.845,-0.04,PASA
BOSQUE_NW_02(3),ATL08_20220217100520_08721413_007_01.h5,2022-02-17T10:05:20Z,gt3l,-71.51445770263672,-42.626495361328125,130327637.18777792,872.0,14.0,13.0,007,01,19104.0,0.0,1770064.0,1770068.0,1261.8018798828125,,15.66015625,,16.3582763671875,4.690811634063721,,,,,,,90.0,7.0,112.0,1.0,0.0,0.0,1.0,0.0,2022,2,Verano,Bosque cerrado perennifolio latifolio,1,1,0,0,,10–20 m,872_gt3l_1770064,293808.1,5277595.9,BOSQUE_NW_02,operacional,SI,,2022-02-17,NO,1238.60,21.642,21.842,1.56,PASA
BOSQUE_NW_02(3),ATL08_20220217100520_08721413_007_01.h5,2022-02-17T10:05:20Z,gt3l,-71.51640319824219,-42.61128234863281,130327637.42750008,872.0,14.0,13.0,007,01,19104.0,0.0,1770149.0,1770153.0,994.6451416015625,30.131669998168945,8.7113037109375,16.59121322631836,10.6092529296875,2.2773687839508057,,,,,,,112.0,33.0,126.0,1.0,0.0,0.0,1.0,0.0,2022,2,Verano,Bosque abierto desconocido,1,1,1,1,1.9045614499110184,5–10 m,872_gt3l_1770149,293598.3,5279280.5,BOSQUE_NW_02,operacional,SI,,2022-02-17,NO,975.00,21.596,21.805,-1.95,PASA
BOSQUE_NW_02(3),ATL08_20220217100520_08721413_007_01.h5,2022-02-17T10:05:20Z,gt3l,-71.51675415039062,-42.60860061645508,130327637.46971002,872.0,14.0,13.0,007,01,19104.0,0.0,1770164.0,1770168.0,950.7097778320312,31.582841873168945,7.62451171875,13.874557495117188,8.7508544921875,1.942143201828003,,,,,,,86.0,30.0,116.0,1.0,0.0,0.0,1.0,0.0,2022,2,Verano,Bosque cerrado desconocido,1,1,1,1,1.8197306276016652,5–10 m,872_gt3l_1770164,293560.6,5279577.5,BOSQUE_NW_02,operacional,SI,,2022-02-17,NO,929.11,21.588,21.802,0.01,PASA
BOSQUE_NW_02(3),ATL08_20220217100520_08721413_007_01.h5,2022-02-17T10:05:20Z,gt3l,-71.5172119140625,-42.60502243041992,130327637.52607855,872.0,14.0,13.0,007,01,19104.0,0.0,1770184.0,1770188.0,854.6920166015625,31.716413497924805,8.96044921875,14.991000175476074,9.23150634765625,2.2582974433898926,,,,,,,81.0,27.0,116.0,1.0,0.0,0.0,1.0,0.0,2022,2,Verano,Bosque cerrado desconocido,1,1,1,1,1.673018819648793,5–10 m,872_gt3l_1770184,293511.3,5279973.7,BOSQUE_NW_02,operacional,SI,,2022-02-17,NO,836.01,21.577,21.797,-2.90,PASA
BOSQUE_NW_02(3),ATL08_20220217100520_08721413_007_01.h5,2022-02-17T10:05:20Z,gt3l,-71.51780700683594,-42.600547790527344,130327637.59653386,872.0,14.0,13.0,007,01,19104.0,0.0,1770209.0,1770213.0,1021.3309326171875,46.397552490234375,9.557861328125,20.11780548095703,11.30108642578125,2.357764482498169,,,,,,,99.0,22.0,116.0,1.0,0.0,0.0,1.0,0.0,2022,2,Verano,Bosque cerrado desconocido,1,1,1,1,2.1048438338144013,5–10 m,872_gt3l_1770209,293447.6,5280469.2,BOSQUE_NW_02,operacional,SI,,2022-02-17,NO,1001.85,21.564,21.790,-2.08,PASA
BOSQUE_NW_02(3),ATL08_20220217100520_08721413_007_01.h5,2022-02-17T10:05:20Z,gt3l,-71.51838684082031,-42.59607696533203,130327637.66709706,872.0,14.0,13.0,007,01,19104.0,0.0,1770234.0,1770238.0,1004.2520751953125,23.357297897338867,9.37841796875,14.682836532592773,11.4599609375,2.273726224899292,,,,,,,89.0,43.0,20.0,1.0,0.0,0.0,1.0,0.0,2022,2,Verano,Arbustos,1,1,1,1,1.5655984390456605,5–10 m,872_gt3l_1770234,293385.3,5280964.2,BOSQUE_NW_02,operacional,SI,,2022-02-17,NO,983.35,21.550,21.776,-0.65,PASA
BOSQUE_NW_02(3),ATL08_20220217100520_08721413_007_01.h5,2022-02-17T10:05:20Z,gt3l,-71.51850891113281,-42.59518051147461,130327637.681124,872.0,14.0,13.0,007,01,19104.0,0.0,1770239.0,1770243.0,1002.570556640625,,12.353271484375,,15.593994140625,3.099867582321167,,,,,,,100.0,9.0,20.0,1.0,0.0,0.0,1.0,0.0,2022,2,Verano,Arbustos,1,1,0,0,,10–20 m,872_gt3l_1770239,293372.3,5281063.5,BOSQUE_NW_02,operacional,SI,,2022-02-17,NO,985.94,21.548,21.773,-4.92,PASA
BOSQUE_NW_02(3),ATL08_20220217100520_08721413_007_01.h5,2022-02-17T10:05:20Z,gt3l,-71.51978302001953,-42.5853385925293,130327637.83623745,872.0,14.0,13.0,007,01,19104.0,0.0,1770294.0,1770298.0,918.69677734375,57.359256744384766,7.2646484375,12.398364067077637,10.9515380859375,1.8285874128341675,,,,,,,109.0,16.0,126.0,1.0,0.0,0.0,1.0,0.0,2022,2,Verano,Bosque abierto desconocido,1,1,1,1,1.7066708972560156,5–10 m,872_gt3l_1770294,293235.2,5282153.3,BOSQUE_NW_02,operacional,SI,,2022-02-17,NO,896.73,21.518,21.741,0.44,PASA
BOSQUE_NW_02(3),ATL08_20220217100520_08721413_007_01.h5,2022-02-17T10:05:20Z,gt3l,-71.5198974609375,-42.58444595336914,130327637.8502444,872.0,14.0,13.0,007,01,19104.0,0.0,1770299.0,1770303.0,913.5234985351562,12.665594100952148,6.781005859375,10.027477264404297,6.96075439453125,1.5503019094467163,,,,,,,86.0,72.0,126.0,1.0,0.0,0.0,1.0,0.0,2022,2,Verano,Bosque abierto desconocido,1,1,1,1,1.4787595634563457,5–10 m,872_gt3l_1770299,293222.9,5282252.2,BOSQUE_NW_02,operacional,SI,,2022-02-17,NO,891.43,21.516,21.738,0.58,PASA
BOSQUE_NW_02(3),ATL08_20220217100520_08721413_007_01.h5,2022-02-17T10:05:20Z,gt3l,-71.52001190185547,-42.58354949951172,130327637.86434741,872.0,14.0,13.0,007,01,19104.0,0.0,1770304.0,1770308.0,901.9910278320312,8.127701759338379,5.02972412109375,8.298133850097656,6.67864990234375,1.1962751150131226,,,,,,,71.0,111.0,126.0,1.0,0.0,0.0,1.0,0.0,2022,2,Verano,Bosque abierto desconocido,1,1,1,1,1.649818886745058,5–10 m,872_gt3l_1770304,293210.5,5282351.4,BOSQUE_NW_02,operacional,SI,,2022-02-17,NO,880.29,21.513,21.735,0.19,PASA
BOSQUE_NW_02(3),ATL08_20220217100520_08721413_007_01.h5,2022-02-17T10:05:20Z,gt3l,-71.52094268798828,-42.576393127441406,130327637.97725092,872.0,14.0,13.0,007,01,19104.0,0.0,1770344.0,1770348.0,870.9251708984375,9.173974990844727,6.82623291015625,8.122775077819824,8.12640380859375,1.5591249465942383,,,,,,,77.0,95.0,126.0,1.0,0.0,0.0,1.0,0.0,2022,2,Verano,Bosque abierto desconocido,1,1,1,1,1.1899352373011687,5–10 m,872_gt3l_1770344,293110.5,5283143.9,BOSQUE_NW_02,operacional,SI,,2022-02-17,NO,851.26,21.491,21.716,-1.82,PASA
BOSQUE_NW_02(3),ATL08_20220217100520_08721413_007_01.h5,2022-02-17T10:05:20Z,gt3l,-71.52140808105469,-42.57281494140625,130327638.03351524,872.0,14.0,13.0,007,01,19104.0,0.0,1770364.0,1770368.0,907.1710205078125,25.952178955078125,4.8809814453125,12.365533828735352,6.114501953125,1.1662981510162354,,,,,,,90.0,35.0,126.0,1.0,0.0,0.0,1.0,0.0,2022,2,Verano,Bosque abierto desconocido,1,1,1,1,2.533411357384019,2–5 m,872_gt3l_1770364,293060.4,5283540.1,BOSQUE_NW_02,operacional,SI,,2022-02-17,NO,888.15,21.480,21.707,-2.46,PASA
BOSQUE_NW_02(3),ATL08_20220217100520_08721413_007_01.h5,2022-02-17T10:05:20Z,gt3l,-71.522216796875,-42.566551208496094,130327638.13221492,872.0,14.0,13.0,007,01,19104.0,0.0,1770399.0,1770403.0,804.1737670898438,24.365890502929688,7.7427978515625,10.369478225708008,11.5250244140625,1.783331036567688,,,,,,,103.0,33.0,20.0,1.0,0.0,0.0,1.0,0.0,2022,2,Verano,Arbustos,1,1,1,1,1.3392417604723392,5–10 m,872_gt3l_1770399,292973.3,5284233.7,BOSQUE_NW_02,operacional,SI,,2022-02-17,NO,782.79,21.461,21.692,-0.08,PASA
BOSQUE_NW_02(3),ATL08_20220217100520_08721413_007_01.h5,2022-02-17T10:05:20Z,gt3l,-71.5226821899414,-42.56297302246094,130327638.18840335,872.0,14.0,13.0,007,01,19104.0,0.0,1770419.0,1770423.0,787.729248046875,,12.02935791015625,,13.6007080078125,2.2167739868164062,,,,,,,99.0,3.0,126.0,1.0,0.0,0.0,1.0,0.0,2022,2,Verano,Bosque abierto desconocido,1,1,0,0,,10–20 m,872_gt3l_1770419,292923.3,5284629.9,BOSQUE_NW_02,operacional,SI,,2022-02-17,NO,773.34,21.450,21.684,-7.06,DESCARTADO
BOSQUE_NW_02(3),ATL08_20220217100520_08721413_007_01.h5,2022-02-17T10:05:20Z,gt3l,-71.52301788330078,-42.56028747558594,130327638.23078267,872.0,14.0,13.0,007,01,19104.0,0.0,1770434.0,1770438.0,773.3478393554688,4.34467887878418,11.9473876953125,5.238565444946289,13.445556640625,2.1030220985412598,,,,,,,42.0,178.0,126.0,1.0,0.0,0.0,1.0,0.0,2022,2,Verano,Bosque abierto desconocido,1,1,1,1,0.4384695281129627,10–20 m,872_gt3l_1770434,292886.8,5284927.3,BOSQUE_NW_02,operacional,SI,,2022-02-17,NO,752.19,21.442,21.678,-0.28,PASA
BOSQUE_NW_02(3),ATL08_20220217100520_08721413_007_01.h5,2022-02-17T10:05:20Z,gt3r,-71.50508117675781,-42.68993377685547,130327636.53878745,872.0,14.0,13.0,007,01,19104.0,0.0,1769709.0,1769713.0,1323.003662109375,,22.6605224609375,,22.6605224609375,6.149696350097656,,,,,,,22.0,3.0,114.0,1.0,0.0,0.0,1.0,0.0,2022,2,Verano,Bosque cerrado caducifolio latifolio,1,1,0,0,,20–30 m,872_gt3r_1769709,294785.9,5270573.8,BOSQUE_NW_02,operacional,SI,,2022-02-17,NO,1310.36,21.775,22.016,-9.13,DESCARTADO
BOSQUE_NW_02(3),ATL08_20220217100520_08721413_007_01.h5,2022-02-17T10:05:20Z,gt3r,-71.50577545166016,-42.68456268310547,130327636.62338388,872.0,14.0,13.0,007,01,19104.0,0.0,1769739.0,1769743.0,1274.5975341796875,,18.2337646484375,,18.2337646484375,3.3969614505767822,,,,,,,24.0,1.0,112.0,1.0,0.0,0.0,1.0,0.0,2022,2,Verano,Bosque cerrado perennifolio latifolio,1,1,0,0,,10–20 m,872_gt3r_1769739,294711.3,5271168.6,BOSQUE_NW_02,operacional,SI,,2022-02-17,NO,1257.36,21.767,22.007,-4.53,PASA
BOSQUE_NW_02(3),ATL08_20220217100520_08721413_007_01.h5,2022-02-17T10:05:20Z,gt3r,-71.5060043334961,-42.68277359008789,130327636.65156983,872.0,14.0,13.0,007,01,19104.0,0.0,1769749.0,1769753.0,1286.4862060546875,,16.7047119140625,,16.7047119140625,4.156387805938721,,,,,,,24.0,3.0,112.0,1.0,0.0,0.0,1.0,0.0,2022,2,Verano,Bosque cerrado perennifolio latifolio,1,1,0,0,,10–20 m,872_gt3r_1769749,294686.7,5271366.7,BOSQUE_NW_02,operacional,SI,,2022-02-17,NO,1268.35,21.765,22.003,-3.63,PASA
BOSQUE_NW_02(3),ATL08_20220217100520_08721413_007_01.h5,2022-02-17T10:05:20Z,gt3r,-71.50695037841797,-42.675437927246094,130327636.76719007,872.0,14.0,13.0,007,01,19104.0,0.0,1769790.0,1769793.0,1172.702880859375,97.77356719970703,16.5771484375,104.23126220703125,16.5771484375,4.260417938232422,,,,,,,25.0,12.0,112.0,1.0,0.0,0.0,1.0,0.0,2022,2,Verano,Bosque cerrado perennifolio latifolio,1,1,1,1,6.287647275405007,10–20 m,872_gt3r_1769790,294585.0,5272179.0,BOSQUE_NW_02,operacional,SI,,2022-02-17,NO,1151.41,21.754,21.990,-0.46,PASA
BOSQUE_NW_02(3),ATL08_20220217100520_08721413_007_01.h5,2022-02-17T10:05:20Z,gt3r,-71.50762176513672,-42.670249938964844,130327636.84894286,872.0,14.0,13.0,007,01,19104.0,0.0,1769819.0,1769823.0,1110.6781005859375,,20.48486328125,,20.48486328125,3.541097402572632,,,,,,,23.0,2.0,112.0,1.0,0.0,0.0,1.0,0.0,2022,2,Verano,Bosque cerrado perennifolio latifolio,1,1,0,0,,20–30 m,872_gt3r_1769819,294512.9,5272753.5,BOSQUE_NW_02,operacional,SI,,2022-02-17,NO,1085.86,21.746,21.980,3.07,PASA
BOSQUE_NW_02(3),ATL08_20220217100520_08721413_007_01.h5,2022-02-17T10:05:20Z,gt3r,-71.5083236694336,-42.66488265991211,130327636.93356957,872.0,14.0,13.0,007,01,19104.0,0.0,1769849.0,1769853.0,1097.66796875,109.86073303222656,18.9456787109375,111.73561096191406,18.9456787109375,5.209207057952881,,,,,,,21.0,10.0,112.0,1.0,0.0,0.0,1.0,0.0,2022,2,Verano,Bosque cerrado perennifolio latifolio,1,1,1,1,5.8976831955567866,10–20 m,872_gt3r_1769849,294437.6,5273347.9,BOSQUE_NW_02,operacional,SI,,2022-02-17,NO,1077.03,21.736,21.966,-1.10,PASA
BOSQUE_NW_02(3),ATL08_20220217100520_08721413_007_01.h5,2022-02-17T10:05:20Z,gt3r,-71.50914001464844,-42.65861892700195,130327637.0322226,872.0,14.0,13.0,007,01,19104.0,0.0,1769884.0,1769888.0,1139.4525146484375,,19.2642822265625,,19.2642822265625,4.584306716918945,,,,,,,26.0,3.0,112.0,1.0,0.0,0.0,1.0,0.0,2022,2,Verano,Bosque cerrado perennifolio latifolio,1,1,0,0,,10–20 m,872_gt3r_1769884,294350.1,5274041.5,BOSQUE_NW_02,operacional,SI,,2022-02-17,NO,1117.17,21.721,21.943,0.56,PASA
BOSQUE_NW_02(3),ATL08_20220217100520_08721413_007_01.h5,2022-02-17T10:05:20Z,gt3r,-71.5094985961914,-42.65593719482422,130327637.07445796,872.0,14.0,13.0,007,01,19104.0,0.0,1769899.0,1769903.0,1244.752685546875,,18.5269775390625,,18.5269775390625,3.880852699279785,,,,,,,19.0,4.0,112.0,1.0,0.0,0.0,1.0,0.0,2022,2,Verano,Bosque cerrado perennifolio latifolio,1,1,0,0,,10–20 m,872_gt3r_1769899,294311.8,5274338.4,BOSQUE_NW_02,operacional,SI,,2022-02-17,NO,1218.27,21.715,21.933,4.77,PASA
BOSQUE_NW_02(3),ATL08_20220217100520_08721413_007_01.h5,2022-02-17T10:05:20Z,gt3r,-71.51010131835938,-42.651466369628906,130327637.14482102,872.0,14.0,13.0,007,01,19104.0,0.0,1769924.0,1769928.0,1471.9371337890625,,6.50927734375,,6.50927734375,0.8855668306350708,,,,,,,13.0,5.0,116.0,1.0,0.0,0.0,1.0,0.0,2022,2,Verano,Bosque cerrado desconocido,1,1,0,0,,5–10 m,872_gt3r_1769924,294247.7,5274833.4,BOSQUE_NW_02,operacional,SI,,2022-02-17,NO,1452.81,21.704,21.917,-2.58,PASA
BOSQUE_NW_02(3),ATL08_20220217100520_08721413_007_01.h5,2022-02-17T10:05:20Z,gt3r,-71.51045227050781,-42.648780822753906,130327637.18716387,872.0,14.0,13.0,007,01,19104.0,0.0,1769939.0,1769943.0,1418.96142578125,,12.6031494140625,,12.6031494140625,2.9835727214813232,,,,,,,20.0,4.0,116.0,1.0,0.0,0.0,1.0,0.0,2022,2,Verano,Bosque cerrado desconocido,1,1,0,0,,10–20 m,872_gt3r_1769939,294210.1,5275130.8,BOSQUE_NW_02,operacional,SI,,2022-02-17,NO,1402.35,21.698,21.908,-5.08,DESCARTADO
BOSQUE_NW_02(3),ATL08_20220217100520_08721413_007_01.h5,2022-02-17T10:05:20Z,gt3r,-71.51056671142578,-42.64788818359375,130327637.20128357,872.0,14.0,13.0,007,01,19104.0,0.0,1769944.0,1769948.0,1419.2156982421875,,14.59521484375,,14.59521484375,4.29341459274292,,,,,,,29.0,4.0,116.0,1.0,0.0,0.0,1.0,0.0,2022,2,Verano,Bosque cerrado desconocido,1,1,0,0,,10–20 m,872_gt3r_1769944,294197.7,5275229.7,BOSQUE_NW_02,operacional,SI,,2022-02-17,NO,1403.02,21.696,21.906,-5.50,DESCARTADO
BOSQUE_NW_02(3),ATL08_20220217100520_08721413_007_01.h5,2022-02-17T10:05:20Z,gt3r,-71.51114654541016,-42.64341354370117,130327637.2718029,872.0,14.0,13.0,007,01,19104.0,0.0,1769969.0,1769973.0,1375.5894775390625,,12.54345703125,,12.54345703125,3.2907166481018066,,,,,,,23.0,5.0,112.0,1.0,0.0,0.0,1.0,0.0,2022,2,Verano,Bosque cerrado perennifolio latifolio,1,1,0,0,,10–20 m,872_gt3r_1769969,294135.4,5275725.2,BOSQUE_NW_02,operacional,SI,,2022-02-17,NO,1352.47,21.685,21.893,1.43,PASA
BOSQUE_NW_02(3),ATL08_20220217100520_08721413_007_01.h5,2022-02-17T10:05:20Z,gt3r,-71.51172637939453,-42.638938903808594,130327637.34223878,872.0,14.0,13.0,007,01,19104.0,0.0,1769994.0,1769998.0,1371.0670166015625,151.97476196289062,13.06494140625,121.57160186767578,13.06494140625,4.253880977630615,,,,,,,24.0,9.0,112.0,1.0,0.0,0.0,1.0,0.0,2022,2,Verano,Bosque cerrado perennifolio latifolio,1,1,1,1,9.305177733864035,10–20 m,872_gt3r_1769994,294073.1,5276220.7,BOSQUE_NW_02,operacional,SI,,2022-02-17,NO,1345.80,21.674,21.880,3.60,PASA
BOSQUE_NW_02(3),ATL08_20220217100520_08721413_007_01.h5,2022-02-17T10:05:20Z,gt3r,-71.51184844970703,-42.63804626464844,130327637.35631406,872.0,14.0,13.0,007,01,19104.0,0.0,1769999.0,1770003.0,1365.853515625,,15.9449462890625,,15.9449462890625,4.8033623695373535,,,,,,,25.0,3.0,112.0,1.0,0.0,0.0,1.0,0.0,2022,2,Verano,Bosque cerrado perennifolio latifolio,1,1,0,0,,10–20 m,872_gt3r_1769999,294060.2,5276319.5,BOSQUE_NW_02,operacional,SI,,2022-02-17,NO,1347.17,21.672,21.877,-2.99,PASA
BOSQUE_NW_02(3),ATL08_20220217100520_08721413_007_01.h5,2022-02-17T10:05:20Z,gt3r,-71.51231384277344,-42.63446807861328,130327637.41276644,872.0,14.0,13.0,007,01,19104.0,0.0,1770019.0,1770023.0,1336.2645263671875,,11.860107421875,,11.860107421875,2.980664014816284,,,,,,,25.0,3.0,112.0,1.0,0.0,0.0,1.0,0.0,2022,2,Verano,Bosque cerrado perennifolio latifolio,1,1,0,0,,10–20 m,872_gt3r_1770019,294010.2,5276715.7,BOSQUE_NW_02,operacional,SI,,2022-02-17,NO,1313.51,21.663,21.867,1.10,PASA
BOSQUE_NW_02(3),ATL08_20220217100520_08721413_007_01.h5,2022-02-17T10:05:20Z,gt3r,-71.51253509521484,-42.6326789855957,130327637.44091979,872.0,14.0,13.0,007,01,19104.0,0.0,1770029.0,1770033.0,1308.64697265625,,11.81591796875,,11.81591796875,2.932997703552246,,,,,,,15.0,4.0,114.0,1.0,0.0,0.0,1.0,0.0,2022,2,Verano,Bosque cerrado caducifolio latifolio,1,1,0,0,,10–20 m,872_gt3r_1770029,293986.2,5276913.9,BOSQUE_NW_02,operacional,SI,,2022-02-17,NO,1284.65,21.659,21.861,2.34,PASA
BOSQUE_NW_02(3),ATL08_20220217100520_08721413_007_01.h5,2022-02-17T10:05:20Z,gt3r,-71.51277160644531,-42.630889892578125,130327637.469182,872.0,14.0,13.0,007,01,19104.0,0.0,1770039.0,1770043.0,1287.9703369140625,,10.497802734375,,10.497802734375,3.083585023880005,,,,,,,22.0,2.0,114.0,1.0,0.0,0.0,1.0,0.0,2022,2,Verano,Bosque cerrado caducifolio latifolio,1,1,0,0,,10–20 m,872_gt3r_1770039,293960.9,5277112.0,BOSQUE_NW_02,operacional,SI,,2022-02-17,NO,1263.68,21.654,21.856,2.63,PASA
BOSQUE_NW_02(3),ATL08_20220217100520_08721413_007_01.h5,2022-02-17T10:05:20Z,gt3r,-71.51312255859375,-42.628204345703125,130327637.51143546,872.0,14.0,13.0,007,01,19104.0,0.0,1770054.0,1770058.0,1253.9815673828125,,17.118408203125,,17.118408203125,4.049753189086914,,,,,,,33.0,3.0,112.0,1.0,0.0,0.0,1.0,0.0,2022,2,Verano,Bosque cerrado perennifolio latifolio,1,1,0,0,,10–20 m,872_gt3r_1770054,293923.2,5277409.3,BOSQUE_NW_02,operacional,SI,,2022-02-17,NO,1235.44,21.648,21.848,-3.10,PASA
BOSQUE_NW_02(3),ATL08_20220217100520_08721413_007_01.h5,2022-02-17T10:05:20Z,gt3r,-71.51334381103516,-42.62641525268555,130327637.53959522,872.0,14.0,13.0,007,01,19104.0,0.0,1770064.0,1770068.0,1256.58935546875,,13.934326171875,,13.934326171875,3.1500861644744873,,,,,,,19.0,4.0,112.0,1.0,0.0,0.0,1.0,0.0,2022,2,Verano,Bosque cerrado perennifolio latifolio,1,1,0,0,,10–20 m,872_gt3r_1770064,293899.2,5277607.5,BOSQUE_NW_02,operacional,SI,,2022-02-17,NO,1236.06,21.643,21.842,-1.12,PASA
BOSQUE_NW_02(3),ATL08_20220217100520_08721413_007_01.h5,2022-02-17T10:05:20Z,gt3r,-71.51346588134766,-42.625518798828125,130327637.55372582,872.0,14.0,13.0,007,01,19104.0,0.0,1770069.0,1770073.0,1259.2657470703125,,13.439453125,,13.439453125,3.001481771469116,,,,,,,28.0,3.0,114.0,1.0,0.0,0.0,1.0,0.0,2022,2,Verano,Bosque cerrado caducifolio latifolio,1,1,0,0,,10–20 m,872_gt3r_1770069,293886.2,5277706.7,BOSQUE_NW_02,operacional,SI,,2022-02-17,NO,1233.87,21.641,21.840,3.75,PASA
BOSQUE_NW_02(3),ATL08_20220217100520_08721413_007_01.h5,2022-02-17T10:05:20Z,gt3r,-71.51358032226562,-42.62462615966797,130327637.56779195,872.0,14.0,13.0,007,01,19104.0,0.0,1770074.0,1770078.0,1252.1673583984375,,14.461181640625,,14.461181640625,3.760963201522827,,,,,,,23.0,4.0,112.0,1.0,0.0,0.0,1.0,0.0,2022,2,Verano,Bosque cerrado perennifolio latifolio,1,1,0,0,,10–20 m,872_gt3r_1770074,293873.9,5277805.6,BOSQUE_NW_02,operacional,SI,,2022-02-17,NO,1227.00,21.639,21.837,3.53,PASA
BOSQUE_NW_02(3),ATL08_20220217100520_08721413_007_01.h5,2022-02-17T10:05:20Z,gt3r,-71.51404571533203,-42.62104797363281,130327637.62416637,872.0,14.0,13.0,007,01,19104.0,0.0,1770094.0,1770098.0,1226.77099609375,,20.6480712890625,,20.6480712890625,5.261180877685547,,,,,,,27.0,4.0,112.0,1.0,0.0,0.0,1.0,0.0,2022,2,Verano,Bosque cerrado perennifolio latifolio,1,1,0,0,,20–30 m,872_gt3r_1770094,293823.9,5278201.8,BOSQUE_NW_02,operacional,SI,,2022-02-17,NO,1210.22,21.628,21.826,-5.08,DESCARTADO
BOSQUE_NW_02(3),ATL08_20220217100520_08721413_007_01.h5,2022-02-17T10:05:20Z,gt3r,-71.51438903808594,-42.61836242675781,130327637.66650876,872.0,14.0,13.0,007,01,19104.0,0.0,1770109.0,1770113.0,1193.6617431640625,,24.1849365234375,,24.1849365234375,7.646447658538818,,,,,,,28.0,5.0,112.0,1.0,0.0,0.0,1.0,0.0,2022,2,Verano,Bosque cerrado perennifolio latifolio,1,1,0,0,,20–30 m,872_gt3r_1770109,293786.9,5278499.2,BOSQUE_NW_02,operacional,SI,,2022-02-17,NO,1176.82,21.620,21.817,-4.78,PASA
BOSQUE_NW_02(3),ATL08_20220217100520_08721413_007_01.h5,2022-02-17T10:05:20Z,gt3r,-71.5145034790039,-42.617469787597656,130327637.68061358,872.0,14.0,13.0,007,01,19104.0,0.0,1770114.0,1770118.0,1170.5670166015625,,22.9549560546875,,22.9549560546875,6.502843856811523,,,,,,,27.0,5.0,112.0,1.0,0.0,0.0,1.0,0.0,2022,2,Verano,Bosque cerrado perennifolio latifolio,1,1,0,0,,20–30 m,872_gt3r_1770114,293774.5,5278598.0,BOSQUE_NW_02,operacional,SI,,2022-02-17,NO,1151.59,21.617,21.815,-2.64,PASA
BOSQUE_NW_02(3),ATL08_20220217100520_08721413_007_01.h5,2022-02-17T10:05:20Z,gt3r,-71.51496124267578,-42.6138916015625,130327637.73703887,872.0,14.0,13.0,007,01,19104.0,0.0,1770134.0,1770138.0,1066.34228515625,96.78483581542969,13.7967529296875,79.7023696899414,13.7967529296875,3.6155686378479004,,,,,,,30.0,11.0,126.0,1.0,0.0,0.0,1.0,0.0,2022,2,Verano,Bosque abierto desconocido,1,1,1,1,5.77689330932642,10–20 m,872_gt3r_1770134,293725.2,5278994.3,BOSQUE_NW_02,operacional,SI,,2022-02-17,NO,1046.84,21.606,21.810,-2.10,PASA
BOSQUE_NW_02(3),ATL08_20220217100520_08721413_007_01.h5,2022-02-17T10:05:20Z,gt3r,-71.51541900634766,-42.61030960083008,130327637.79345456,872.0,14.0,13.0,007,01,19104.0,0.0,1770154.0,1770158.0,995.9278564453125,,11.07666015625,,11.07666015625,2.5066967010498047,,,,,,,25.0,4.0,126.0,1.0,0.0,0.0,1.0,0.0,2022,2,Verano,Bosque abierto desconocido,1,1,0,0,,10–20 m,872_gt3r_1770154,293675.8,5279390.9,BOSQUE_NW_02,operacional,SI,,2022-02-17,NO,975.27,21.595,21.805,-0.93,PASA
BOSQUE_NW_02(3),ATL08_20220217100520_08721413_007_01.h5,2022-02-17T10:05:20Z,gt3r,-71.51554107666016,-42.60941696166992,130327637.80752994,872.0,14.0,13.0,007,01,19104.0,0.0,1770159.0,1770163.0,999.8192138671875,83.20081329345703,9.09429931640625,67.46379852294922,9.09429931640625,1.9318435192108154,,,,,,,27.0,12.0,116.0,1.0,0.0,0.0,1.0,0.0,2022,2,Verano,Bosque cerrado desconocido,1,1,1,1,7.41825138757458,5–10 m,872_gt3r_1770159,293662.8,5279489.8,BOSQUE_NW_02,operacional,SI,,2022-02-17,NO,976.87,21.592,21.804,1.36,PASA
BOSQUE_NW_02(3),ATL08_20220217100520_08721413_007_01.h5,2022-02-17T10:05:20Z,gt3r,-71.51566314697266,-42.6085205078125,130327637.82162067,872.0,14.0,13.0,007,01,19104.0,0.0,1770164.0,1770168.0,999.0890502929688,,11.28851318359375,,11.28851318359375,2.3904430866241455,,,,,,,19.0,5.0,116.0,1.0,0.0,0.0,1.0,0.0,2022,2,Verano,Bosque cerrado desconocido,1,1,0,0,,10–20 m,872_gt3r_1770164,293649.9,5279589.0,BOSQUE_NW_02,operacional,SI,,2022-02-17,NO,978.55,21.589,21.803,-1.05,PASA
BOSQUE_NW_02(3),ATL08_20220217100520_08721413_007_01.h5,2022-02-17T10:05:20Z,gt3r,-71.51578521728516,-42.607627868652344,130327637.83574165,872.0,14.0,13.0,007,01,19104.0,0.0,1770169.0,1770173.0,995.4099731445312,52.23274230957031,14.8935546875,47.01887893676758,14.8935546875,2.932856798171997,,,,,,,14.0,19.0,126.0,1.0,0.0,0.0,1.0,0.0,2022,2,Verano,Bosque abierto desconocido,1,1,1,1,3.1569950843387318,10–20 m,872_gt3r_1770169,293636.9,5279687.9,BOSQUE_NW_02,operacional,SI,,2022-02-17,NO,971.48,21.587,21.802,2.34,PASA
BOSQUE_NW_02(3),ATL08_20220217100520_08721413_007_01.h5,2022-02-17T10:05:20Z,gt3r,-71.51670837402344,-42.60047149658203,130327637.94849978,872.0,14.0,13.0,007,01,19104.0,0.0,1770209.0,1770213.0,1002.37744140625,,12.53228759765625,,12.53228759765625,2.4661543369293213,,,,,,,22.0,2.0,116.0,1.0,0.0,0.0,1.0,0.0,2022,2,Verano,Bosque cerrado desconocido,1,1,0,0,,10–20 m,872_gt3r_1770209,293537.5,5280480.3,BOSQUE_NW_02,operacional,SI,,2022-02-17,NO,983.57,21.565,21.793,-2.76,PASA
BOSQUE_NW_02(3),ATL08_20220217100520_08721413_007_01.h5,2022-02-17T10:05:20Z,gt3r,-71.51705169677734,-42.59778594970703,130327637.99080814,872.0,14.0,13.0,007,01,19104.0,0.0,1770224.0,1770228.0,1010.6830444335938,,10.9703369140625,,10.9703369140625,2.6181745529174805,,,,,,,27.0,4.0,20.0,1.0,0.0,0.0,1.0,0.0,2022,2,Verano,Arbustos,1,1,0,0,,10–20 m,872_gt3r_1770224,293500.5,5280777.7,BOSQUE_NW_02,operacional,SI,,2022-02-17,NO,993.10,21.557,21.784,-3.98,PASA
BOSQUE_NW_02(3),ATL08_20220217100520_08721413_007_01.h5,2022-02-17T10:05:20Z,gt3r,-71.51740264892578,-42.5951042175293,130327638.03306834,872.0,14.0,13.0,007,01,19104.0,0.0,1770239.0,1770243.0,968.0064697265625,,15.6390380859375,,15.6390380859375,3.884385824203491,,,,,,,22.0,5.0,116.0,1.0,0.0,0.0,1.0,0.0,2022,2,Verano,Bosque cerrado desconocido,1,1,0,0,,10–20 m,872_gt3r_1770239,293462.8,5281074.6,BOSQUE_NW_02,operacional,SI,,2022-02-17,NO,952.91,21.549,21.776,-6.45,DESCARTADO
BOSQUE_NW_02(3),ATL08_20220217100520_08721413_007_01.h5,2022-02-17T10:05:20Z,gt3r,-71.51752471923828,-42.594207763671875,130327638.0471691,872.0,14.0,13.0,007,01,19104.0,0.0,1770244.0,1770248.0,980.9010620117188,,16.41339111328125,,16.41339111328125,4.2475972175598145,,,,,,,15.0,1.0,30.0,1.0,0.0,0.0,1.0,0.0,2022,2,Verano,Herbáceas,1,1,0,0,,10–20 m,872_gt3r_1770244,293449.8,5281173.9,BOSQUE_NW_02,operacional,SI,,2022-02-17,NO,969.29,21.546,21.773,-9.94,DESCARTADO
BOSQUE_NW_02(3),ATL08_20220217100520_08721413_007_01.h5,2022-02-17T10:05:20Z,gt3r,-71.51786804199219,-42.591522216796875,130327638.08949405,872.0,14.0,13.0,007,01,19104.0,0.0,1770259.0,1770263.0,978.9161376953125,,11.94287109375,,11.94287109375,2.4219484329223633,,,,,,,24.0,3.0,20.0,1.0,0.0,0.0,1.0,0.0,2022,2,Verano,Arbustos,1,1,0,0,,10–20 m,872_gt3r_1770259,293412.8,5281471.3,BOSQUE_NW_02,operacional,SI,,2022-02-17,NO,960.48,21.538,21.764,-3.10,PASA
BOSQUE_NW_02(3),ATL08_20220217100520_08721413_007_01.h5,2022-02-17T10:05:20Z,gt3r,-71.52018737792969,-42.573631286621094,130327638.37142935,872.0,14.0,13.0,007,01,19104.0,0.0,1770359.0,1770363.0,876.411376953125,,12.9176025390625,,13.095458984375,3.0444204807281494,,,,,,,22.0,1.0,126.0,1.0,0.0,0.0,1.0,0.0,2022,2,Verano,Bosque abierto desconocido,1,1,0,0,,10–20 m,872_gt3r_1770359,293163.3,5283452.4,BOSQUE_NW_02,operacional,SI,,2022-02-17,NO,857.58,21.484,21.710,-2.65,PASA
BOSQUE_NW_02(3),ATL08_20220217100520_08721413_007_01.h5,2022-02-17T10:05:20Z,gt3r,-71.52042388916016,-42.571842193603516,130327638.39968407,872.0,14.0,13.0,007,01,19104.0,0.0,1770369.0,1770373.0,904.1017456054688,,8.22271728515625,,8.22271728515625,1.581735372543335,,,,,,,14.0,3.0,126.0,1.0,0.0,0.0,1.0,0.0,2022,2,Verano,Bosque abierto desconocido,1,1,0,0,,5–10 m,872_gt3r_1770369,293138.0,5283650.5,BOSQUE_NW_02,operacional,SI,,2022-02-17,NO,884.67,21.478,21.705,-2.05,PASA
BOSQUE_NW_02(3),ATL08_20220217100520_08721413_007_01.h5,2022-02-17T10:05:20Z,gt3r,-71.52192687988281,-42.560211181640625,130327638.58292174,872.0,14.0,13.0,007,01,19104.0,0.0,1770434.0,1770438.0,773.724853515625,19.841930389404297,11.09686279296875,25.040773391723633,11.09686279296875,2.682257652282715,,,,,,,17.0,39.0,126.0,1.0,0.0,0.0,1.0,0.0,2022,2,Verano,Bosque abierto desconocido,1,1,1,1,2.256563306125592,10–20 m,872_gt3r_1770434,292976.1,5284938.4,BOSQUE_NW_02,operacional,SI,,2022-02-17,NO,752.54,21.443,21.678,-0.26,PASA
BOSQUE_NW_02(3),ATL08_20220217100520_08721413_007_01.h5,2022-02-17T10:05:20Z,gt3r,-71.52204895019531,-42.55931854248047,130327638.59704147,872.0,14.0,13.0,007,01,19104.0,0.0,1770439.0,1770443.0,773.200927734375,18.854389190673828,11.7529296875,23.41458511352539,11.7529296875,1.8810832500457764,,,,,,,12.0,41.0,126.0,1.0,0.0,0.0,1.0,0.0,2022,2,Verano,Bosque abierto desconocido,1,1,1,1,1.9922339141046947,10–20 m,872_gt3r_1770439,292963.2,5285037.3,BOSQUE_NW_02,operacional,SI,,2022-02-17,NO,751.82,21.440,21.676,-0.06,PASA
BOSQUE_NW_02(3),ATL08_20220217100520_08721413_007_01.h5,2022-02-17T10:05:20Z,gt3r,-71.52216339111328,-42.55842208862305,130327638.6111951,872.0,14.0,13.0,007,01,19104.0,0.0,1770444.0,1770448.0,771.9522094726562,16.07993507385254,9.94146728515625,19.25504493713379,9.94146728515625,1.3960859775543213,,,,,,,7.0,48.0,116.0,1.0,0.0,0.0,1.0,0.0,2022,2,Verano,Bosque cerrado desconocido,1,1,1,1,1.9368413519686152,5–10 m,872_gt3r_1770444,292950.8,5285136.5,BOSQUE_NW_02,operacional,SI,,2022-02-17,NO,751.10,21.438,21.673,-0.58,PASA
BOSQUE_NW_02(3),ATL08_20221114085445_08341709_007_01.h5,2022-11-14T08:54:45Z,gt2l,-71.42593383789062,-42.57340621948242,153651529.03013706,834.0,17.0,9.0,007,01,23227.0,1.0,1238524.0,1238528.0,1105.39013671875,,14.01123046875,,14.01123046875,3.041388750076294,,,,,,,24.0,3.0,112.0,1.0,0.0,0.0,1.0,0.0,2022,11,Primavera,Bosque cerrado perennifolio latifolio,1,1,0,0,,10–20 m,834_gt2l_1238524,300898.6,5283703.4,BOSQUE_NW_02,operacional,SI,,2022-11-14,NO,1079.57,21.622,21.786,4.20,PASA
BOSQUE_NW_02(3),ATL08_20221114085445_08341709_007_01.h5,2022-11-14T08:54:45Z,gt2l,-71.4260482788086,-42.574302673339844,153651529.0442123,834.0,17.0,9.0,007,01,23227.0,1.0,1238529.0,1238533.0,1090.6619873046875,,16.3441162109375,,16.3441162109375,3.194671630859375,,,,,,,26.0,5.0,112.0,1.0,0.0,0.0,1.0,0.0,2022,11,Primavera,Bosque cerrado perennifolio latifolio,1,1,0,0,,10–20 m,834_gt2l_1238529,300892.0,5283603.6,BOSQUE_NW_02,operacional,SI,,2022-11-14,NO,1064.44,21.625,21.789,4.59,PASA
BOSQUE_NW_02(3),ATL08_20221114085445_08341709_007_01.h5,2022-11-14T08:54:45Z,gt3l,-71.46451568603516,-42.56018829345703,153651528.85006514,834.0,17.0,9.0,007,01,23227.0,1.0,1238466.0,1238470.0,839.9451904296875,64.6243667602539,7.5867919921875,35.03654861450195,7.5867919921875,1.4838652610778809,,,,,,,13.0,13.0,20.0,1.0,0.0,0.0,1.0,0.0,2022,11,Primavera,Arbustos,1,1,1,1,4.618097959003073,5–10 m,834_gt3l_1238466,297689.2,5285079.8,BOSQUE_NW_02,operacional,SI,,2022-11-14,NO,819.35,21.509,21.706,-0.92,PASA
BOSQUE_NW_02(3),ATL08_20221114085445_08341709_007_01.h5,2022-11-14T08:54:45Z,gt3l,-71.4648666381836,-42.56287384033203,153651528.89236075,834.0,17.0,9.0,007,01,23227.0,1.0,1238481.0,1238485.0,894.8544921875,68.69692993164062,6.30633544921875,74.57099914550781,6.30633544921875,1.522485613822937,,,,,,,14.0,13.0,126.0,1.0,0.0,0.0,1.0,0.0,2022,11,Primavera,Bosque abierto desconocido,1,1,1,1,11.824775219457429,5–10 m,834_gt3l_1238481,297669.1,5284780.7,BOSQUE_NW_02,operacional,SI,,2022-11-14,NO,873.24,21.518,21.714,0.09,PASA
BOSQUE_NW_02(3),ATL08_20221114085445_08341709_007_01.h5,2022-11-14T08:54:45Z,gt3l,-71.46707153320312,-42.579872131347656,153651529.1601863,834.0,17.0,9.0,007,01,23227.0,1.0,1238576.0,1238580.0,923.075927734375,,8.3597412109375,,8.3597412109375,2.4179091453552246,,,,,,,20.0,5.0,112.0,1.0,0.0,0.0,1.0,0.0,2022,11,Primavera,Bosque cerrado perennifolio latifolio,1,1,0,0,,5–10 m,834_gt3l_1238576,297543.1,5282887.8,BOSQUE_NW_02,operacional,SI,,2022-11-14,NO,899.67,21.576,21.767,1.83,PASA
BOSQUE_NW_02(3),ATL08_20221114085445_08341709_007_01.h5,2022-11-14T08:54:45Z,gt3r,-71.46778106689453,-42.57711410522461,153651529.4687968,834.0,17.0,9.0,007,01,23227.0,1.0,1238561.0,1238565.0,910.2918090820312,15.428092956542969,8.04156494140625,11.954811096191406,8.17486572265625,2.1373510360717773,,,,,,,73.0,59.0,126.0,1.0,0.0,0.0,1.0,0.0,2022,11,Primavera,Bosque abierto desconocido,1,1,1,1,1.4866274392233954,5–10 m,834_gt3r_1238561,297475.9,5283192.4,BOSQUE_NW_02,operacional,SI,,2022-11-14,NO,889.28,21.565,21.757,-0.55,PASA
BOSQUE_NW_02(3),ATL08_20221114085445_08341709_007_01.h5,2022-11-14T08:54:45Z,gt3r,-71.4678955078125,-42.578006744384766,153651529.4828949,834.0,17.0,9.0,007,01,23227.0,1.0,1238566.0,1238570.0,912.5413818359375,41.427913665771484,8.1455078125,15.225459098815918,8.81494140625,2.0416502952575684,,,,,,,103.0,22.0,126.0,1.0,0.0,0.0,1.0,0.0,2022,11,Primavera,Bosque abierto desconocido,1,1,1,1,1.869184764079547,5–10 m,834_gt3r_1238566,297469.4,5283093.0,BOSQUE_NW_02,operacional,SI,,2022-11-14,NO,891.51,21.568,21.759,-0.53,PASA
BOSQUE_NW_02(3),ATL08_20221114085445_08341709_007_01.h5,2022-11-14T08:54:45Z,gt3r,-71.468017578125,-42.57890319824219,153651529.49695233,834.0,17.0,9.0,007,01,23227.0,1.0,1238571.0,1238575.0,916.1920776367188,39.83003234863281,10.66778564453125,17.82460594177246,11.76751708984375,2.6768076419830322,,,,,,,145.0,23.0,126.0,1.0,0.0,0.0,1.0,0.0,2022,11,Primavera,Bosque abierto desconocido,1,1,1,1,1.6708815245936344,10–20 m,834_gt3r_1238571,297462.3,5282993.1,BOSQUE_NW_02,operacional,SI,,2022-11-14,NO,895.29,21.571,21.762,-0.67,PASA
BOSQUE_NW_02(3),ATL08_20221114085445_08341709_007_01.h5,2022-11-14T08:54:45Z,gt3r,-71.4681396484375,-42.579795837402344,153651529.51102713,834.0,17.0,9.0,007,01,23227.0,1.0,1238576.0,1238580.0,920.1280517578125,26.274160385131836,10.9447021484375,15.555903434753418,12.17333984375,2.879936456680298,,,,,,,117.0,35.0,126.0,1.0,0.0,0.0,1.0,0.0,2022,11,Primavera,Bosque abierto desconocido,1,1,1,1,1.4213181157217902,10–20 m,834_gt3r_1238576,297455.2,5282893.7,BOSQUE_NW_02,operacional,SI,,2022-11-14,NO,899.27,21.574,21.765,-0.72,PASA
BOSQUE_NW_02(3),ATL08_20221114085445_08341709_007_01.h5,2022-11-14T08:54:45Z,gt3r,-71.46847534179688,-42.582481384277344,153651529.55331045,834.0,17.0,9.0,007,01,23227.0,1.0,1238591.0,1238595.0,979.6560668945312,21.81293487548828,5.77484130859375,17.588953018188477,5.9915771484375,1.156046986579895,,,,,,,48.0,45.0,20.0,1.0,0.0,0.0,1.0,0.0,2022,11,Primavera,Arbustos,1,1,1,1,3.0457898456904298,5–10 m,834_gt3r_1238591,297436.3,5282594.7,BOSQUE_NW_02,operacional,SI,,2022-11-14,NO,960.25,21.583,21.773,-2.18,PASA
BOSQUE_NW_02(3),ATL08_20221116210454_08721713_007_01.h5,2022-11-16T21:04:54Z,gt1l,-71.53821563720703,-42.69084167480469,153868008.70095918,872.0,17.0,13.0,007,01,23265.0,1.0,1769717.0,1769721.0,1497.1806640625,,20.7528076171875,,22.164306640625,4.640607833862305,,,,,,,63.0,5.0,30.0,1.0,0.0,0.0,0.0,0.0,2022,11,Primavera,Herbáceas,1,1,0,0,,20–30 m,872_gt1l_1769717,292074.4,5270391.9,BOSQUE_NW_02,operacional,SI,,2022-11-16,NO,1482.14,21.745,21.977,-6.71,DESCARTADO
BOSQUE_NW_02(3),ATL08_20221116210454_08721713_007_01.h5,2022-11-16T21:04:54Z,gt1l,-71.538330078125,-42.689945220947266,153868008.7150306,872.0,17.0,13.0,007,01,23265.0,1.0,1769722.0,1769726.0,1479.9417724609375,,20.5076904296875,,21.369384765625,4.660027503967285,,,,,,,46.0,2.0,116.0,1.0,0.0,0.0,0.0,0.0,2022,11,Primavera,Bosque cerrado desconocido,1,1,0,0,,20–30 m,872_gt1l_1769722,292062.1,5270491.2,BOSQUE_NW_02,operacional,SI,,2022-11-16,NO,1470.24,21.743,21.976,-12.04,DESCARTADO
BOSQUE_NW_02(3),ATL08_20221116210454_08721713_007_01.h5,2022-11-16T21:04:54Z,gt1l,-71.5384521484375,-42.68905258178711,153868008.7291873,872.0,17.0,13.0,007,01,23265.0,1.0,1769727.0,1769731.0,1475.9371337890625,210.9690704345703,17.134521484375,123.28363037109375,17.134521484375,3.4930734634399414,,,,,,,31.0,7.0,126.0,1.0,0.0,0.0,0.0,0.0,2022,11,Primavera,Bosque abierto desconocido,1,1,1,1,7.195043671544391,10–20 m,872_gt1l_1769727,292049.1,5270590.0,BOSQUE_NW_02,operacional,SI,,2022-11-16,NO,1456.31,21.741,21.974,-2.11,PASA
BOSQUE_NW_02(3),ATL08_20221116210454_08721713_007_01.h5,2022-11-16T21:04:54Z,gt1l,-71.53868865966797,-42.68726348876953,153868008.7573911,872.0,17.0,13.0,007,01,23265.0,1.0,1769737.0,1769741.0,1439.216796875,,24.5208740234375,,24.5208740234375,5.940423011779785,,,,,,,33.0,5.0,112.0,1.0,0.0,0.0,0.0,0.0,2022,11,Primavera,Bosque cerrado perennifolio latifolio,1,1,0,0,,20–30 m,872_gt1l_1769737,292023.7,5270788.1,BOSQUE_NW_02,operacional,SI,,2022-11-16,NO,1418.69,21.737,21.971,-1.21,PASA
BOSQUE_NW_02(3),ATL08_20221116210454_08721713_007_01.h5,2022-11-16T21:04:54Z,gt1l,-71.53880310058594,-42.68636703491211,153868008.77144507,872.0,17.0,13.0,007,01,23265.0,1.0,1769742.0,1769746.0,1419.171875,177.4142608642578,26.0667724609375,144.41636657714844,26.0667724609375,6.203360557556152,,,,,,,41.0,8.0,116.0,1.0,0.0,0.0,0.0,0.0,2022,11,Primavera,Bosque cerrado desconocido,1,1,1,1,5.54024733186912,20–30 m,872_gt1l_1769742,292011.4,5270887.4,BOSQUE_NW_02,operacional,SI,,2022-11-16,NO,1397.82,21.736,21.970,-0.38,PASA
BOSQUE_NW_02(3),ATL08_20221116210454_08721713_007_01.h5,2022-11-16T21:04:54Z,gt1l,-71.5389175415039,-42.68547439575195,153868008.785555,872.0,17.0,13.0,007,01,23265.0,1.0,1769747.0,1769751.0,1400.6982421875,,24.2469482421875,,27.031494140625,5.577367782592773,,,,,,,48.0,4.0,112.0,1.0,0.0,0.0,0.0,0.0,2022,11,Primavera,Bosque cerrado perennifolio latifolio,1,1,0,0,,20–30 m,872_gt1l_1769747,291999.0,5270986.2,BOSQUE_NW_02,operacional,SI,,2022-11-16,NO,1379.49,21.734,21.968,-0.52,PASA
BOSQUE_NW_02(3),ATL08_20221116210454_08721713_007_01.h5,2022-11-16T21:04:54Z,gt1l,-71.53948974609375,-42.680999755859375,153868008.85602555,872.0,17.0,13.0,007,01,23265.0,1.0,1769772.0,1769775.0,1264.357666015625,,35.8787841796875,,35.8787841796875,6.417757987976074,,,,,,,32.0,4.0,116.0,1.0,0.0,0.0,0.0,0.0,2022,11,Primavera,Bosque cerrado desconocido,1,1,0,0,,>30 m,872_gt1l_1769772,291937.2,5271481.8,BOSQUE_NW_02,operacional,SI,,2022-11-16,NO,1255.05,21.725,21.964,-12.41,DESCARTADO
BOSQUE_NW_02(3),ATL08_20221116210454_08721713_007_01.h5,2022-11-16T21:04:54Z,gt1l,-71.53961181640625,-42.68010711669922,153868008.87012473,872.0,17.0,13.0,007,01,23265.0,1.0,1769777.0,1769781.0,1244.0291748046875,,29.3568115234375,,29.3568115234375,6.370082378387451,,,,,,,41.0,3.0,116.0,1.0,0.0,0.0,0.0,0.0,2022,11,Primavera,Bosque cerrado desconocido,1,1,0,0,,20–30 m,872_gt1l_1769777,291924.2,5271580.6,BOSQUE_NW_02,operacional,SI,,2022-11-16,NO,1221.48,21.723,21.964,0.83,PASA
BOSQUE_NW_02(3),ATL08_20221116210454_08721713_007_01.h5,2022-11-16T21:04:54Z,gt1l,-71.53995513916016,-42.67742156982422,153868008.91237265,872.0,17.0,13.0,007,01,23265.0,1.0,1769792.0,1769796.0,1168.7874755859375,166.46763610839844,23.1109619140625,111.01862335205078,23.1109619140625,6.6663618087768555,,,,,,,37.0,7.0,112.0,1.0,0.0,0.0,0.0,0.0,2022,11,Primavera,Bosque cerrado perennifolio latifolio,1,1,1,1,4.803721444605837,20–30 m,872_gt1l_1769792,291887.1,5271878.0,BOSQUE_NW_02,operacional,SI,,2022-11-16,NO,1150.75,21.718,21.962,-3.68,PASA
BOSQUE_NW_02(3),ATL08_20221116210454_08721713_007_01.h5,2022-11-16T21:04:54Z,gt1l,-71.54042053222656,-42.67384338378906,153868008.9688666,872.0,17.0,13.0,007,01,23265.0,1.0,1769812.0,1769816.0,1098.360107421875,28.176822662353516,10.3399658203125,27.8083553314209,10.3399658203125,2.1097583770751953,,,,,,,27.0,39.0,116.0,1.0,0.0,0.0,0.0,0.0,2022,11,Primavera,Bosque cerrado desconocido,1,1,1,1,2.6894049569092733,10–20 m,872_gt1l_1769812,291837.0,5272274.2,BOSQUE_NW_02,operacional,SI,,2022-11-16,NO,1077.51,21.710,21.961,-0.86,PASA
BOSQUE_NW_02(3),ATL08_20221116210454_08721713_007_01.h5,2022-11-16T21:04:54Z,gt1l,-71.5406723022461,-42.671875,153868008.99990207,872.0,17.0,13.0,007,01,23265.0,1.0,1769823.0,1769826.0,1107.389892578125,184.71148681640625,16.8592529296875,121.29997253417969,16.8592529296875,4.784368991851807,,,,,,,20.0,6.0,116.0,1.0,0.0,0.0,0.0,0.0,2022,11,Primavera,Bosque cerrado desconocido,1,1,1,1,7.194860474545837,10–20 m,872_gt1l_1769823,291809.8,5272492.2,BOSQUE_NW_02,operacional,SI,,2022-11-16,NO,1086.91,21.706,21.961,-1.23,PASA
BOSQUE_NW_02(3),ATL08_20221116210454_08721713_007_01.h5,2022-11-16T21:04:54Z,gt1l,-71.540771484375,-42.67116165161133,153868009.0112017,872.0,17.0,13.0,007,01,23265.0,1.0,1769827.0,1769831.0,1101.585693359375,183.3825225830078,15.1424560546875,86.99186706542969,15.1424560546875,4.495647430419922,,,,,,,31.0,6.0,116.0,1.0,0.0,0.0,0.0,0.0,2022,11,Primavera,Bosque cerrado desconocido,1,1,1,1,5.744898103138326,10–20 m,872_gt1l_1769827,291799.3,5272571.1,BOSQUE_NW_02,operacional,SI,,2022-11-16,NO,1082.86,21.705,21.960,-2.98,PASA
BOSQUE_NW_02(3),ATL08_20221116210454_08721713_007_01.h5,2022-11-16T21:04:54Z,gt1l,-71.5411148071289,-42.66847610473633,153868009.05348116,872.0,17.0,13.0,007,01,23265.0,1.0,1769842.0,1769846.0,1083.420654296875,60.00705337524414,24.0367431640625,59.38761520385742,25.125244140625,6.525026798248291,,,,,,,52.0,18.0,126.0,1.0,0.0,0.0,0.0,0.0,2022,11,Primavera,Bosque abierto desconocido,1,1,1,1,2.4707014090265047,20–30 m,872_gt1l_1769842,291762.2,5272868.5,BOSQUE_NW_02,operacional,SI,,2022-11-16,NO,1061.05,21.699,21.960,0.67,PASA
BOSQUE_NW_02(3),ATL08_20221116210454_08721713_007_01.h5,2022-11-16T21:04:54Z,gt1l,-71.54181671142578,-42.663108825683594,153868009.1380402,872.0,17.0,13.0,007,01,23265.0,1.0,1769872.0,1769876.0,1073.69189453125,,19.61767578125,,21.239013671875,5.832638263702393,,,,,,,53.0,4.0,116.0,1.0,0.0,0.0,0.0,0.0,2022,11,Primavera,Bosque cerrado desconocido,1,1,0,0,,10–20 m,872_gt1l_1769872,291686.7,5273462.8,BOSQUE_NW_02,operacional,SI,,2022-11-16,NO,1055.72,21.686,21.945,-3.71,PASA
BOSQUE_NW_02(3),ATL08_20221116210454_08721713_007_01.h5,2022-11-16T21:04:54Z,gt1l,-71.54203796386719,-42.661319732666016,153868009.16612116,872.0,17.0,13.0,007,01,23265.0,1.0,1769882.0,1769886.0,1120.9239501953125,,37.84375,,38.29638671875,10.088277816772461,,,,,,,44.0,1.0,112.0,1.0,0.0,0.0,0.0,0.0,2022,11,Primavera,Bosque cerrado perennifolio latifolio,1,1,0,0,,>30 m,872_gt1l_1769882,291662.6,5273661.0,BOSQUE_NW_02,operacional,SI,,2022-11-16,NO,1113.09,21.682,21.938,-13.84,DESCARTADO
BOSQUE_NW_02(3),ATL08_20221116210454_08721713_007_01.h5,2022-11-16T21:04:54Z,gt1l,-71.54471588134766,-42.640743255615234,153868009.49053618,872.0,17.0,13.0,007,01,23265.0,1.0,1769997.0,1770001.0,1079.938232421875,77.10919189453125,16.3228759765625,80.81749725341797,16.3228759765625,3.5091054439544678,,,,,,,42.0,14.0,126.0,1.0,0.0,0.0,0.0,0.0,2022,11,Primavera,Bosque abierto desconocido,1,1,1,1,4.951180010769012,10–20 m,872_gt1l_1769997,291374.3,5275939.4,BOSQUE_NW_02,operacional,SI,,2022-11-16,NO,1062.42,21.628,21.857,-4.11,PASA
BOSQUE_NW_02(3),ATL08_20221116210454_08721713_007_01.h5,2022-11-16T21:04:54Z,gt1l,-71.54483795166016,-42.63985061645508,153868009.50463462,872.0,17.0,13.0,007,01,23265.0,1.0,1770002.0,1770006.0,1068.744873046875,62.95862579345703,23.0667724609375,60.96315002441406,23.0667724609375,6.084497928619385,,,,,,,31.0,17.0,116.0,1.0,0.0,0.0,0.0,0.0,2022,11,Primavera,Bosque cerrado desconocido,1,1,1,1,2.642899006683848,20–30 m,872_gt1l_1770002,291361.3,5276038.2,BOSQUE_NW_02,operacional,SI,,2022-11-16,NO,1050.06,21.625,21.854,-2.94,PASA
BOSQUE_NW_02(3),ATL08_20221116210454_08721713_007_01.h5,2022-11-16T21:04:54Z,gt1l,-71.54495239257812,-42.638954162597656,153868009.51875672,872.0,17.0,13.0,007,01,23265.0,1.0,1770007.0,1770011.0,1064.5145263671875,,21.4312744140625,,24.1287841796875,5.011986255645752,,,,,,,48.0,3.0,116.0,1.0,0.0,0.0,0.0,0.0,2022,11,Primavera,Bosque cerrado desconocido,1,1,0,0,,20–30 m,872_gt1l_1770007,291349.0,5276137.5,BOSQUE_NW_02,operacional,SI,,2022-11-16,NO,1044.40,21.623,21.851,-1.51,PASA
BOSQUE_NW_02(3),ATL08_20221116210454_08721713_007_01.h5,2022-11-16T21:04:54Z,gt1l,-71.54564666748047,-42.63358688354492,153868009.60321623,872.0,17.0,13.0,007,01,23265.0,1.0,1770037.0,1770041.0,944.501708984375,,24.601806640625,,25.23626708984375,7.5655837059021,,,,,,,37.0,2.0,126.0,1.0,0.0,0.0,0.0,0.0,2022,11,Primavera,Bosque abierto desconocido,1,1,0,0,,20–30 m,872_gt1l_1770037,291274.1,5276731.8,BOSQUE_NW_02,operacional,SI,,2022-11-16,NO,933.82,21.609,21.832,-10.93,DESCARTADO
BOSQUE_NW_02(3),ATL08_20221116210454_08721713_007_01.h5,2022-11-16T21:04:54Z,gt1l,-71.54646301269531,-42.627323150634766,153868009.70194423,872.0,17.0,13.0,007,01,23265.0,1.0,1770072.0,1770076.0,899.927001953125,16.984140396118164,23.5023193359375,22.58317756652832,23.77191162109375,5.139708042144775,,,,,,,67.0,53.0,40.0,1.0,0.0,0.0,0.0,0.0,2022,11,Primavera,Cultivos/manejo,1,1,1,1,0.9608914441051052,20–30 m,872_gt1l_1770072,291186.2,5277425.4,BOSQUE_NW_02,operacional,SI,,2022-11-16,NO,881.58,21.593,21.825,-3.25,PASA
BOSQUE_NW_02(3),ATL08_20221116210454_08721713_007_01.h5,2022-11-16T21:04:54Z,gt1l,-71.54669189453125,-42.62553405761719,153868009.73013037,872.0,17.0,13.0,007,01,23265.0,1.0,1770082.0,1770086.0,918.3195190429688,,24.4837646484375,,29.58770751953125,6.492801189422607,,,,,,,50.0,3.0,20.0,1.0,0.0,0.0,0.0,0.0,2022,11,Primavera,Arbustos,1,1,0,0,,20–30 m,872_gt1l_1770082,291161.4,5277623.5,BOSQUE_NW_02,operacional,SI,,2022-11-16,NO,905.81,21.589,21.824,-9.08,DESCARTADO
BOSQUE_NW_02(3),ATL08_20221116210454_08721713_007_01.h5,2022-11-16T21:04:54Z,gt1l,-71.54692840576172,-42.62374496459961,153868009.758359,872.0,17.0,13.0,007,01,23265.0,1.0,1770092.0,1770096.0,924.6646118164062,84.13855743408203,17.35675048828125,54.80507278442383,18.550537109375,3.52878999710083,,,,,,,62.0,11.0,126.0,1.0,0.0,0.0,0.0,0.0,2022,11,Primavera,Bosque abierto desconocido,1,1,1,1,3.1575652839756234,10–20 m,872_gt1l_1770092,291136.1,5277821.6,BOSQUE_NW_02,operacional,SI,,2022-11-16,NO,905.82,21.584,21.822,-2.74,PASA
BOSQUE_NW_02(3),ATL08_20221116210454_08721713_007_01.h5,2022-11-16T21:04:54Z,gt1l,-71.54704284667969,-42.62285232543945,153868009.77237394,872.0,17.0,13.0,007,01,23265.0,1.0,1770097.0,1770101.0,915.0917358398438,,19.16192626953125,,19.6929931640625,4.889979362487793,,,,,,,45.0,5.0,20.0,1.0,0.0,0.0,0.0,0.0,2022,11,Primavera,Arbustos,1,1,0,0,,10–20 m,872_gt1l_1770097,291123.7,5277920.4,BOSQUE_NW_02,operacional,SI,,2022-11-16,NO,896.55,21.582,21.822,-3.04,PASA
BOSQUE_NW_02(3),ATL08_20221116210454_08721713_007_01.h5,2022-11-16T21:04:54Z,gt1l,-71.54715728759766,-42.62195587158203,153868009.78650096,872.0,17.0,13.0,007,01,23265.0,1.0,1770102.0,1770106.0,909.0039672851562,,21.24102783203125,,24.488037109375,4.957587242126465,,,,,,,58.0,2.0,20.0,1.0,0.0,0.0,0.0,0.0,2022,11,Primavera,Arbustos,1,1,0,0,,20–30 m,872_gt1l_1770102,291111.3,5278019.7,BOSQUE_NW_02,operacional,SI,,2022-11-16,NO,895.52,21.579,21.821,-8.09,DESCARTADO
BOSQUE_NW_02(3),ATL08_20221116210454_08721713_007_01.h5,2022-11-16T21:04:54Z,gt1l,-71.54756164550781,-42.61891555786133,153868009.83444738,872.0,17.0,13.0,007,01,23265.0,1.0,1770119.0,1770121.0,956.63232421875,,20.97760009765625,,20.97760009765625,4.537762641906738,,,,,,,26.0,5.0,116.0,1.0,0.0,0.0,0.0,0.0,2022,11,Primavera,Bosque cerrado desconocido,1,1,0,0,,20–30 m,872_gt1l_1770119,291068.0,5278356.3,BOSQUE_NW_02,operacional,SI,,2022-11-16,NO,935.50,21.571,21.820,-0.44,PASA
BOSQUE_NW_02(3),ATL08_20221116210454_08721713_007_01.h5,2022-11-16T21:04:54Z,gt1l,-71.54773712158203,-42.61748504638672,153868009.85705087,872.0,17.0,13.0,007,01,23265.0,1.0,1770127.0,1770131.0,979.4452514648438,108.85246276855469,22.44732666015625,140.12660217285156,22.44732666015625,4.373337745666504,,,,,,,37.0,9.0,116.0,1.0,0.0,0.0,0.0,0.0,2022,11,Primavera,Bosque cerrado desconocido,1,1,1,1,6.242462823939507,20–30 m,872_gt1l_1770127,291048.8,5278514.8,BOSQUE_NW_02,operacional,SI,,2022-11-16,NO,957.94,21.568,21.819,-0.07,PASA
BOSQUE_NW_02(3),ATL08_20221116210454_08721713_007_01.h5,2022-11-16T21:04:54Z,gt1l,-71.548095703125,-42.61479949951172,153868009.8993551,872.0,17.0,13.0,007,01,23265.0,1.0,1770142.0,1770146.0,1073.5694580078125,179.1366729736328,23.6163330078125,95.45919799804688,26.638427734375,5.540294647216797,,,,,,,49.0,6.0,116.0,1.0,0.0,0.0,0.0,0.0,2022,11,Primavera,Bosque cerrado desconocido,1,1,1,1,4.042083839454165,20–30 m,872_gt1l_1770142,291010.4,5278812.1,BOSQUE_NW_02,operacional,SI,,2022-11-16,NO,1055.89,21.561,21.808,-3.88,PASA
BOSQUE_NW_02(3),ATL08_20221116210454_08721713_007_01.h5,2022-11-16T21:04:54Z,gt1l,-71.54867553710938,-42.610328674316406,153868009.96987215,872.0,17.0,13.0,007,01,23265.0,1.0,1770168.0,1770171.0,1082.9876708984375,,30.2620849609375,,30.2620849609375,6.53949499130249,,,,,,,31.0,3.0,112.0,1.0,0.0,0.0,0.0,0.0,2022,11,Primavera,Bosque cerrado perennifolio latifolio,1,1,0,0,,>30 m,872_gt1l_1770168,290947.9,5279307.1,BOSQUE_NW_02,operacional,SI,,2022-11-16,NO,1065.83,21.549,21.787,-4.39,PASA
BOSQUE_NW_02(3),ATL08_20221116210454_08721713_007_01.h5,2022-11-16T21:04:54Z,gt1l,-71.54878997802734,-42.609432220458984,153868009.98393822,872.0,17.0,13.0,007,01,23265.0,1.0,1770172.0,1770176.0,1100.6026611328125,,35.958740234375,,35.958740234375,8.930096626281738,,,,,,,42.0,3.0,112.0,1.0,0.0,0.0,0.0,0.0,2022,11,Primavera,Bosque cerrado perennifolio latifolio,1,1,0,0,,>30 m,872_gt1l_1770172,290935.5,5279406.4,BOSQUE_NW_02,operacional,SI,,2022-11-16,NO,1082.17,21.547,21.783,-3.12,PASA
BOSQUE_NW_02(3),ATL08_20221116210454_08721713_007_01.h5,2022-11-16T21:04:54Z,gt1l,-71.54891204833984,-42.60853958129883,153868009.99808037,872.0,17.0,13.0,007,01,23265.0,1.0,1770177.0,1770181.0,1118.861083984375,187.27613830566406,30.4512939453125,146.00592041015625,32.090087890625,8.22696590423584,,,,,,,45.0,6.0,112.0,1.0,0.0,0.0,0.0,0.0,2022,11,Primavera,Bosque cerrado perennifolio latifolio,1,1,1,1,4.794736166954626,>30 m,872_gt1l_1770177,290922.5,5279505.2,BOSQUE_NW_02,operacional,SI,,2022-11-16,NO,1108.22,21.545,21.779,-10.90,DESCARTADO
BOSQUE_NW_02(3),ATL08_20221116210454_08721713_007_01.h5,2022-11-16T21:04:54Z,gt1l,-71.54926300048828,-42.60585403442383,153868010.04033998,872.0,17.0,13.0,007,01,23265.0,1.0,1770192.0,1770196.0,1172.5673828125,,32.3206787109375,,32.3206787109375,6.962987899780273,,,,,,,43.0,3.0,112.0,1.0,0.0,0.0,0.0,0.0,2022,11,Primavera,Bosque cerrado perennifolio latifolio,1,1,0,0,,>30 m,872_gt1l_1770192,290884.7,5279802.6,BOSQUE_NW_02,operacional,SI,,2022-11-16,NO,1156.66,21.538,21.766,-5.63,DESCARTADO
BOSQUE_NW_02(3),ATL08_20221116210454_08721713_007_01.h5,2022-11-16T21:04:54Z,gt1l,-71.54949188232422,-42.60406494140625,153868010.06854844,872.0,17.0,13.0,007,01,23265.0,1.0,1770203.0,1770206.0,1229.79833984375,,30.7938232421875,,30.7938232421875,6.879324436187744,,,,,,,39.0,1.0,112.0,1.0,0.0,0.0,0.0,0.0,2022,11,Primavera,Bosque cerrado perennifolio latifolio,1,1,0,0,,>30 m,872_gt1l_1770203,290859.9,5280000.7,BOSQUE_NW_02,operacional,SI,,2022-11-16,NO,1205.19,21.533,21.757,3.08,PASA
BOSQUE_NW_02(3),ATL08_20221116210454_08721713_007_01.h5,2022-11-16T21:04:54Z,gt1l,-71.54961395263672,-42.603172302246094,153868010.0826478,872.0,17.0,13.0,007,01,23265.0,1.0,1770207.0,1770211.0,1254.9283447265625,,27.117431640625,,27.117431640625,6.5725603103637695,,,,,,,43.0,3.0,112.0,1.0,0.0,0.0,0.0,0.0,2022,11,Primavera,Bosque cerrado perennifolio latifolio,1,1,0,0,,20–30 m,872_gt1l_1770207,290846.9,5280099.5,BOSQUE_NW_02,operacional,SI,,2022-11-16,NO,1226.29,21.531,21.753,7.11,DESCARTADO
BOSQUE_NW_02(3),ATL08_20221116210454_08721713_007_01.h5,2022-11-16T21:04:54Z,gt1l,-71.54972839355469,-42.60227584838867,153868010.09680632,872.0,17.0,13.0,007,01,23265.0,1.0,1770212.0,1770216.0,1269.255615234375,,33.427490234375,,34.32568359375,7.164028167724609,,,,,,,57.0,4.0,112.0,1.0,0.0,0.0,0.0,0.0,2022,11,Primavera,Bosque cerrado perennifolio latifolio,1,1,0,0,,>30 m,872_gt1l_1770212,290834.6,5280198.8,BOSQUE_NW_02,operacional,SI,,2022-11-16,NO,1248.66,21.529,21.748,-0.93,PASA
BOSQUE_NW_02(3),ATL08_20221116210454_08721713_007_01.h5,2022-11-16T21:04:54Z,gt1l,-71.54984283447266,-42.601383209228516,153868010.11096978,872.0,17.0,13.0,007,01,23265.0,1.0,1770217.0,1770221.0,1288.7537841796875,215.0250244140625,29.648193359375,141.90219116210938,34.8470458984375,7.358469486236572,,,,,,,57.0,6.0,112.0,1.0,0.0,0.0,0.0,0.0,2022,11,Primavera,Bosque cerrado perennifolio latifolio,1,1,1,1,4.786200273388285,20–30 m,872_gt1l_1770217,290822.2,5280297.7,BOSQUE_NW_02,operacional,SI,,2022-11-16,NO,1268.13,21.527,21.744,-0.91,PASA
BOSQUE_NW_02(3),ATL08_20221116210454_08721713_007_01.h5,2022-11-16T21:04:54Z,gt1l,-71.54995727539062,-42.600486755371094,153868010.12505752,872.0,17.0,13.0,007,01,23265.0,1.0,1770222.0,1770226.0,1306.364501953125,,34.0,,34.9058837890625,8.13752555847168,,,,,,,46.0,4.0,114.0,1.0,0.0,0.0,0.0,0.0,2022,11,Primavera,Bosque cerrado caducifolio latifolio,1,1,0,0,,>30 m,872_gt1l_1770222,290809.8,5280396.9,BOSQUE_NW_02,operacional,SI,,2022-11-16,NO,1288.98,21.525,21.739,-4.14,PASA
BOSQUE_NW_02(3),ATL08_20221116210454_08721713_007_01.h5,2022-11-16T21:04:54Z,gt1l,-71.5501937866211,-42.598697662353516,153868010.15322813,872.0,17.0,13.0,007,01,23265.0,1.0,1770232.0,1770236.0,1312.1026611328125,,27.7784423828125,,28.22802734375,6.077329635620117,,,,,,,47.0,3.0,114.0,1.0,0.0,0.0,0.0,0.0,2022,11,Primavera,Bosque cerrado caducifolio latifolio,1,1,0,0,,20–30 m,872_gt1l_1770232,290784.4,5280595.0,BOSQUE_NW_02,operacional,SI,,2022-11-16,NO,1290.19,21.520,21.734,0.39,PASA
BOSQUE_NW_02(3),ATL08_20221116210454_08721713_007_01.h5,2022-11-16T21:04:54Z,gt1l,-71.550537109375,-42.59601593017578,153868010.19548342,872.0,17.0,13.0,007,01,23265.0,1.0,1770247.0,1770251.0,1312.4383544921875,,20.367919921875,,20.367919921875,5.3520731925964355,,,,,,,34.0,4.0,112.0,1.0,0.0,0.0,0.0,0.0,2022,11,Primavera,Bosque cerrado perennifolio latifolio,1,1,0,0,,20–30 m,872_gt1l_1770247,290747.3,5280892.0,BOSQUE_NW_02,operacional,SI,,2022-11-16,NO,1292.84,21.513,21.726,-1.91,PASA
BOSQUE_NW_02(3),ATL08_20221116210454_08721713_007_01.h5,2022-11-16T21:04:54Z,gt1l,-71.55077362060547,-42.5942268371582,153868010.22367802,872.0,17.0,13.0,007,01,23265.0,1.0,1770257.0,1770261.0,1293.8822021484375,,19.747802734375,,19.747802734375,5.132734298706055,,,,,,,33.0,3.0,114.0,1.0,0.0,0.0,0.0,0.0,2022,11,Primavera,Bosque cerrado caducifolio latifolio,1,1,0,0,,10–20 m,872_gt1l_1770257,290721.9,5281090.1,BOSQUE_NW_02,operacional,SI,,2022-11-16,NO,1270.31,21.509,21.721,2.07,PASA
BOSQUE_NW_02(3),ATL08_20221116210454_08721713_007_01.h5,2022-11-16T21:04:54Z,gt1l,-71.55088806152344,-42.59333038330078,153868010.23778778,872.0,17.0,13.0,007,01,23265.0,1.0,1770262.0,1770265.0,1278.805419921875,,29.874755859375,,29.874755859375,6.574548244476318,,,,,,,20.0,1.0,114.0,1.0,0.0,0.0,0.0,0.0,2022,11,Primavera,Bosque cerrado caducifolio latifolio,1,1,0,0,,20–30 m,872_gt1l_1770262,290709.5,5281189.3,BOSQUE_NW_02,operacional,SI,,2022-11-16,NO,1267.73,21.507,21.718,-10.43,DESCARTADO
BOSQUE_NW_02(3),ATL08_20221116210454_08721713_007_01.h5,2022-11-16T21:04:54Z,gt1l,-71.5510025024414,-42.592437744140625,153868010.2518984,872.0,17.0,13.0,007,01,23265.0,1.0,1770267.0,1770271.0,1280.277587890625,,32.9324951171875,,32.9324951171875,7.6440510749816895,,,,,,,31.0,1.0,112.0,1.0,0.0,0.0,0.0,0.0,2022,11,Primavera,Bosque cerrado perennifolio latifolio,1,1,0,0,,>30 m,872_gt1l_1770267,290697.1,5281288.2,BOSQUE_NW_02,operacional,SI,,2022-11-16,NO,1260.39,21.505,21.716,-1.62,PASA
BOSQUE_NW_02(3),ATL08_20221116210454_08721713_007_01.h5,2022-11-16T21:04:54Z,gt1l,-71.5511245727539,-42.5915412902832,153868010.26601422,872.0,17.0,13.0,007,01,23265.0,1.0,1770272.0,1770276.0,1258.7955322265625,,33.0386962890625,,33.0386962890625,6.854648113250732,,,,,,,28.0,4.0,112.0,1.0,0.0,0.0,0.0,0.0,2022,11,Primavera,Bosque cerrado perennifolio latifolio,1,1,0,0,,>30 m,872_gt1l_1770272,290684.1,5281387.4,BOSQUE_NW_02,operacional,SI,,2022-11-16,NO,1247.11,21.503,21.713,-9.82,DESCARTADO
BOSQUE_NW_02(3),ATL08_20221116210454_08721713_007_01.h5,2022-11-16T21:04:54Z,gt1l,-71.55135345458984,-42.589752197265625,153868010.29429516,872.0,17.0,13.0,007,01,23265.0,1.0,1770282.0,1770286.0,1243.994140625,,27.5028076171875,,27.5028076171875,6.5996785163879395,,,,,,,29.0,5.0,112.0,1.0,0.0,0.0,0.0,0.0,2022,11,Primavera,Bosque cerrado perennifolio latifolio,1,1,0,0,,20–30 m,872_gt1l_1770282,290659.3,5281585.5,BOSQUE_NW_02,operacional,SI,,2022-11-16,NO,1229.22,21.498,21.709,-6.72,DESCARTADO
BOSQUE_NW_02(3),ATL08_20221116210454_08721713_007_01.h5,2022-11-16T21:04:54Z,gt1l,-71.55170440673828,-42.58707046508789,153868010.33659872,872.0,17.0,13.0,007,01,23265.0,1.0,1770297.0,1770301.0,1171.1461181640625,,37.8302001953125,,40.0426025390625,8.593972206115723,,,,,,,53.0,4.0,116.0,1.0,0.0,0.0,0.0,0.0,2022,11,Primavera,Bosque cerrado desconocido,1,1,0,0,,>30 m,872_gt1l_1770297,290621.5,5281882.5,BOSQUE_NW_02,operacional,SI,,2022-11-16,NO,1155.50,21.492,21.701,-5.84,DESCARTADO
BOSQUE_NW_02(3),ATL08_20221116210454_08721713_007_01.h5,2022-11-16T21:04:54Z,gt1l,-71.55181884765625,-42.58617401123047,153868010.35073674,872.0,17.0,13.0,007,01,23265.0,1.0,1770302.0,1770306.0,1166.569091796875,,27.3033447265625,,27.3033447265625,6.526053428649902,,,,,,,43.0,1.0,116.0,1.0,0.0,0.0,0.0,0.0,2022,11,Primavera,Bosque cerrado desconocido,1,1,0,0,,20–30 m,872_gt1l_1770302,290609.1,5281981.7,BOSQUE_NW_02,operacional,SI,,2022-11-16,NO,1143.18,21.490,21.699,1.90,PASA
BOSQUE_NW_02(3),ATL08_20221116210454_08721713_007_01.h5,2022-11-16T21:04:54Z,gt1l,-71.55205535888672,-42.58438491821289,153868010.37880722,872.0,17.0,13.0,007,01,23265.0,1.0,1770312.0,1770316.0,1137.979248046875,63.029541015625,22.3883056640625,73.66039276123047,22.3883056640625,5.787501811981201,,,,,,,35.0,18.0,116.0,1.0,0.0,0.0,0.0,0.0,2022,11,Primavera,Bosque cerrado desconocido,1,1,1,1,3.290128063575148,20–30 m,872_gt1l_1770312,290583.7,5282179.8,BOSQUE_NW_02,operacional,SI,,2022-11-16,NO,1113.18,21.485,21.694,3.31,PASA
BOSQUE_NW_02(3),ATL08_20221116210454_08721713_007_01.h5,2022-11-16T21:04:54Z,gt1l,-71.55227661132812,-42.58259582519531,153868010.40697286,872.0,17.0,13.0,007,01,23265.0,1.0,1770322.0,1770326.0,1104.2359619140625,,18.2913818359375,,18.2913818359375,3.8258461952209473,,,,,,,35.0,2.0,116.0,1.0,0.0,0.0,0.0,0.0,2022,11,Primavera,Bosque cerrado desconocido,1,1,0,0,,10–20 m,872_gt1l_1770322,290559.6,5282378.0,BOSQUE_NW_02,operacional,SI,,2022-11-16,NO,1079.99,21.481,21.692,2.77,PASA
BOSQUE_NW_02(3),ATL08_20221116210454_08721713_007_01.h5,2022-11-16T21:04:54Z,gt1l,-71.55320739746094,-42.575439453125,153868010.5198611,872.0,17.0,13.0,007,01,23265.0,1.0,1770362.0,1770366.0,957.797119140625,,16.18658447265625,,17.21051025390625,3.882277488708496,,,,,,,58.0,4.0,30.0,1.0,0.0,0.0,0.0,0.0,2022,11,Primavera,Herbáceas,1,1,0,0,,10–20 m,872_gt1l_1770362,290459.2,5283170.4,BOSQUE_NW_02,operacional,SI,,2022-11-16,NO,939.03,21.464,21.690,-2.70,PASA
BOSQUE_NW_02(3),ATL08_20221116210454_08721713_007_01.h5,2022-11-16T21:04:54Z,gt1l,-71.5533218383789,-42.57454299926758,153868010.53396314,872.0,17.0,13.0,007,01,23265.0,1.0,1770367.0,1770371.0,951.1571655273438,59.48143768310547,12.53363037109375,39.717655181884766,12.53363037109375,2.842287540435791,,,,,,,27.0,16.0,126.0,1.0,0.0,0.0,0.0,0.0,2022,11,Primavera,Bosque abierto desconocido,1,1,1,1,3.1688867475687967,10–20 m,872_gt1l_1770367,290446.8,5283269.6,BOSQUE_NW_02,operacional,SI,,2022-11-16,NO,930.04,21.462,21.690,-0.35,PASA
BOSQUE_NW_02(3),ATL08_20221116210454_08721713_007_01.h5,2022-11-16T21:04:54Z,gt1l,-71.55459594726562,-42.56470489501953,153868010.68908718,872.0,17.0,13.0,007,01,23265.0,1.0,1770422.0,1770426.0,752.1554565429688,53.753623962402344,22.879150390625,56.79738998413086,24.40557861328125,6.053544998168945,,,,,,,58.0,14.0,126.0,1.0,0.0,0.0,0.0,0.0,2022,11,Primavera,Bosque abierto desconocido,1,1,1,1,2.4824955915934823,20–30 m,872_gt1l_1770422,290309.3,5284359.0,BOSQUE_NW_02,operacional,SI,,2022-11-16,NO,729.64,21.439,21.688,1.08,PASA
BOSQUE_NW_02(3),ATL08_20221116210454_08721713_007_01.h5,2022-11-16T21:04:54Z,gt1l,-71.55517578125,-42.56023025512695,153868010.75964865,872.0,17.0,13.0,007,01,23265.0,1.0,1770447.0,1770451.0,767.5258178710938,,22.923828125,,22.923828125,7.159765720367432,,,,,,,31.0,4.0,126.0,1.0,0.0,0.0,0.0,0.0,2022,11,Primavera,Bosque abierto desconocido,1,1,0,0,,20–30 m,872_gt1l_1770447,290246.7,5284854.5,BOSQUE_NW_02,operacional,SI,,2022-11-16,NO,745.92,21.429,21.689,0.18,PASA
BOSQUE_NW_02(3),ATL08_20221116210454_08721713_007_01.h5,2022-11-16T21:04:54Z,gt1r,-71.53709411621094,-42.69076156616211,153868009.05418137,872.0,17.0,13.0,007,01,23265.0,1.0,1769717.0,1769721.0,1491.6717529296875,67.84931182861328,19.0533447265625,19.103200912475586,20.67724609375,4.312819957733154,,,,,,,87.0,22.0,122.0,1.0,0.0,0.0,0.0,0.0,2022,11,Primavera,Bosque abierto perennifolio latifolio,1,1,1,1,1.0026166631963354,10–20 m,872_gt1r_1769717,292166.0,5270403.6,BOSQUE_NW_02,operacional,SI,,2022-11-16,NO,1476.44,21.745,21.979,-6.52,DESCARTADO
BOSQUE_NW_02(3),ATL08_20221116210454_08721713_007_01.h5,2022-11-16T21:04:54Z,gt1r,-71.5372085571289,-42.68986511230469,153868009.0680679,872.0,17.0,13.0,007,01,23265.0,1.0,1769722.0,1769726.0,1481.14453125,52.974815368652344,18.5780029296875,28.47313117980957,19.4208984375,5.270439147949219,,,,,,,111.0,28.0,112.0,1.0,0.0,0.0,0.0,0.0,2022,11,Primavera,Bosque cerrado perennifolio latifolio,1,1,1,1,1.532626046382506,10–20 m,872_gt1r_1769722,292153.7,5270502.9,BOSQUE_NW_02,operacional,SI,,2022-11-16,NO,1465.20,21.744,21.978,-5.80,DESCARTADO
BOSQUE_NW_02(3),ATL08_20221116210454_08721713_007_01.h5,2022-11-16T21:04:54Z,gt1r,-71.53755950927734,-42.68718338012695,153868009.1105063,872.0,17.0,13.0,007,01,23265.0,1.0,1769737.0,1769741.0,1437.7967529296875,,17.1356201171875,,18.1068115234375,3.483670711517334,,,,,,,103.0,6.0,112.0,1.0,0.0,0.0,0.0,0.0,2022,11,Primavera,Bosque cerrado perennifolio latifolio,1,1,0,0,,10–20 m,872_gt1r_1769737,292116.0,5270799.8,BOSQUE_NW_02,operacional,SI,,2022-11-16,NO,1421.39,21.738,21.973,-5.33,DESCARTADO
BOSQUE_NW_02(3),ATL08_20221116210454_08721713_007_01.h5,2022-11-16T21:04:54Z,gt1r,-71.53779602050781,-42.685394287109375,153868009.13868445,872.0,17.0,13.0,007,01,23265.0,1.0,1769747.0,1769751.0,1410.2127685546875,,12.9566650390625,,16.277099609375,3.2363452911376953,,,,,,,127.0,9.0,112.0,1.0,0.0,0.0,0.0,0.0,2022,11,Primavera,Bosque cerrado perennifolio latifolio,1,1,0,0,,10–20 m,872_gt1r_1769747,292090.6,5270997.9,BOSQUE_NW_02,operacional,SI,,2022-11-16,NO,1382.76,21.735,21.970,5.72,DESCARTADO
BOSQUE_NW_02(3),ATL08_20221116210454_08721713_007_01.h5,2022-11-16T21:04:54Z,gt1r,-71.53791046142578,-42.68449783325195,153868009.15279725,872.0,17.0,13.0,007,01,23265.0,1.0,1769752.0,1769756.0,1378.5108642578125,,15.0740966796875,,16.8778076171875,3.704932451248169,,,,,,,120.0,9.0,116.0,1.0,0.0,0.0,0.0,0.0,2022,11,Primavera,Bosque cerrado desconocido,1,1,0,0,,10–20 m,872_gt1r_1769752,292078.3,5271097.2,BOSQUE_NW_02,operacional,SI,,2022-11-16,NO,1358.77,21.733,21.969,-1.99,PASA
BOSQUE_NW_02(3),ATL08_20221116210454_08721713_007_01.h5,2022-11-16T21:04:54Z,gt1r,-71.53813171386719,-42.682708740234375,153868009.1808369,872.0,17.0,13.0,007,01,23265.0,1.0,1769762.0,1769766.0,1340.43310546875,,20.8297119140625,,28.5765380859375,5.74777364730835,,,,,,,121.0,5.0,116.0,1.0,0.0,0.0,0.0,0.0,2022,11,Primavera,Bosque cerrado desconocido,1,1,0,0,,20–30 m,872_gt1r_1769762,292054.2,5271295.3,BOSQUE_NW_02,operacional,SI,,2022-11-16,NO,1317.32,21.730,21.967,1.39,PASA
BOSQUE_NW_02(3),ATL08_20221116210454_08721713_007_01.h5,2022-11-16T21:04:54Z,gt1r,-71.53824615478516,-42.68181610107422,153868009.19504112,872.0,17.0,13.0,007,01,23265.0,1.0,1769767.0,1769771.0,1318.7103271484375,,21.7091064453125,,23.2913818359375,5.519302845001221,,,,,,,108.0,4.0,116.0,1.0,0.0,0.0,0.0,0.0,2022,11,Primavera,Bosque cerrado desconocido,1,1,0,0,,20–30 m,872_gt1r_1769767,292041.8,5271394.2,BOSQUE_NW_02,operacional,SI,,2022-11-16,NO,1294.90,21.728,21.966,2.09,PASA
BOSQUE_NW_02(3),ATL08_20221116210454_08721713_007_01.h5,2022-11-16T21:04:54Z,gt1r,-71.53905487060547,-42.67555236816406,153868009.29388526,872.0,17.0,13.0,007,01,23265.0,1.0,1769802.0,1769806.0,1120.8104248046875,,26.775146484375,,27.44775390625,7.309321880340576,,,,,,,103.0,7.0,116.0,1.0,0.0,0.0,0.0,0.0,2022,11,Primavera,Bosque cerrado desconocido,1,1,0,0,,20–30 m,872_gt1r_1769802,291954.6,5272087.8,BOSQUE_NW_02,operacional,SI,,2022-11-16,NO,1108.10,21.715,21.962,-9.01,DESCARTADO
BOSQUE_NW_02(3),ATL08_20221116210454_08721713_007_01.h5,2022-11-16T21:04:54Z,gt1r,-71.53949737548828,-42.67215347290039,153868009.34759685,872.0,17.0,13.0,007,01,23265.0,1.0,1769822.0,1769826.0,1114.33251953125,65.55813598632812,20.234130859375,14.23395824432373,21.0703125,4.787253379821777,,,,,,,97.0,17.0,112.0,1.0,0.0,0.0,0.0,0.0,2022,11,Primavera,Bosque cerrado perennifolio latifolio,1,1,1,1,0.7034627947821523,20–30 m,872_gt1r_1769822,291907.0,5272464.1,BOSQUE_NW_02,operacional,SI,,2022-11-16,NO,1092.06,21.708,21.960,0.57,PASA
BOSQUE_NW_02(3),ATL08_20221116210454_08721713_007_01.h5,2022-11-16T21:04:54Z,gt1r,-71.53964233398438,-42.67108154296875,153868009.36436495,872.0,17.0,13.0,007,01,23265.0,1.0,1769827.0,1769831.0,1110.344970703125,,7.8382568359375,,8.5579833984375,1.8002392053604126,,,,,,,89.0,7.0,116.0,1.0,0.0,0.0,0.0,0.0,2022,11,Primavera,Bosque cerrado desconocido,1,1,0,0,,5–10 m,872_gt1r_1769827,291891.6,5272582.8,BOSQUE_NW_02,operacional,SI,,2022-11-16,NO,1091.08,21.706,21.960,-2.44,PASA
BOSQUE_NW_02(3),ATL08_20221116210454_08721713_007_01.h5,2022-11-16T21:04:54Z,gt1r,-71.53987121582031,-42.66929244995117,153868009.39258122,872.0,17.0,13.0,007,01,23265.0,1.0,1769837.0,1769841.0,1106.2655029296875,28.32170867919922,3.8695068359375,18.860340118408203,5.3160400390625,0.9468855857849121,,,,,,,114.0,39.0,20.0,1.0,0.0,0.0,0.0,0.0,2022,11,Primavera,Arbustos,1,1,1,1,4.874094017161425,2–5 m,872_gt1r_1769837,291866.8,5272780.9,BOSQUE_NW_02,operacional,SI,,2022-11-16,NO,1084.99,21.703,21.960,-0.43,PASA
BOSQUE_NW_02(3),ATL08_20221116210454_08721713_007_01.h5,2022-11-16T21:04:54Z,gt1r,-71.53999328613281,-42.66839599609375,153868009.40681437,872.0,17.0,13.0,007,01,23265.0,1.0,1769842.0,1769846.0,1096.0955810546875,,11.9957275390625,,12.6588134765625,2.4735660552978516,,,,,,,95.0,6.0,20.0,1.0,0.0,0.0,0.0,0.0,2022,11,Primavera,Arbustos,1,1,0,0,,10–20 m,872_gt1r_1769842,291853.8,5272880.2,BOSQUE_NW_02,operacional,SI,,2022-11-16,NO,1083.94,21.701,21.959,-9.54,DESCARTADO
BOSQUE_NW_02(3),ATL08_20221116210454_08721713_007_01.h5,2022-11-16T21:04:54Z,gt1r,-71.54021453857422,-42.66660690307617,153868009.43491092,872.0,17.0,13.0,007,01,23265.0,1.0,1769852.0,1769856.0,1058.5787353515625,20.41086196899414,6.02392578125,15.0199556350708,7.5877685546875,1.5692862272262573,,,,,,,83.0,52.0,30.0,1.0,0.0,0.0,0.0,0.0,2022,11,Primavera,Herbáceas,1,1,1,1,2.4933832488145415,5–10 m,872_gt1r_1769852,291829.7,5273078.3,BOSQUE_NW_02,operacional,SI,,2022-11-16,NO,1038.97,21.697,21.957,-2.09,PASA
BOSQUE_NW_02(3),ATL08_20221116210454_08721713_007_01.h5,2022-11-16T21:04:54Z,gt1r,-71.54067993164062,-42.663028717041016,153868009.49125293,872.0,17.0,13.0,007,01,23265.0,1.0,1769872.0,1769876.0,1084.364501953125,,18.1800537109375,,18.98388671875,5.59233283996582,,,,,,,129.0,7.0,112.0,1.0,0.0,0.0,0.0,0.0,2022,11,Primavera,Bosque cerrado perennifolio latifolio,1,1,0,0,,10–20 m,872_gt1r_1769872,291779.6,5273474.5,BOSQUE_NW_02,operacional,SI,,2022-11-16,NO,1065.47,21.688,21.945,-2.80,PASA
BOSQUE_NW_02(3),ATL08_20221116210454_08721713_007_01.h5,2022-11-16T21:04:54Z,gt1r,-71.54359436035156,-42.640663146972656,153868009.84376162,872.0,17.0,13.0,007,01,23265.0,1.0,1769997.0,1770001.0,1104.8973388671875,39.4172477722168,9.731689453125,19.10676383972168,12.56298828125,2.44150710105896,,,,,,,104.0,28.0,30.0,1.0,0.0,0.0,0.0,0.0,2022,11,Primavera,Herbáceas,1,1,1,1,1.9633552767742906,5–10 m,872_gt1r_1769997,291466.0,5275951.0,BOSQUE_NW_02,operacional,SI,,2022-11-16,NO,1086.33,21.629,21.860,-3.06,PASA
BOSQUE_NW_02(3),ATL08_20221116210454_08721713_007_01.h5,2022-11-16T21:04:54Z,gt1r,-71.5441665649414,-42.636192321777344,153868009.914277,872.0,17.0,13.0,007,01,23265.0,1.0,1770022.0,1770026.0,998.36572265625,36.97270202636719,15.01934814453125,22.160449981689453,17.38720703125,3.326890707015991,,,,,,,134.0,27.0,20.0,1.0,0.0,0.0,0.0,0.0,2022,11,Primavera,Arbustos,1,1,1,1,1.4754601710033852,10–20 m,872_gt1r_1770022,291404.2,5276446.1,BOSQUE_NW_02,operacional,SI,,2022-11-16,NO,980.75,21.618,21.844,-4.00,PASA
BOSQUE_NW_02(3),ATL08_20221116210454_08721713_007_01.h5,2022-11-16T21:04:54Z,gt1r,-71.54591369628906,-42.622772216796875,153868010.125835,872.0,17.0,13.0,007,01,23265.0,1.0,1770097.0,1770101.0,897.320556640625,3.5899105072021484,8.039794921875,4.999392986297607,9.6912841796875,2.0424530506134033,,,,,,,79.0,250.0,20.0,1.0,0.0,0.0,0.0,0.0,2022,11,Primavera,Arbustos,1,1,1,1,0.6218309092306641,5–10 m,872_gt1r_1770097,291216.0,5277932.1,BOSQUE_NW_02,operacional,SI,,2022-11-16,NO,876.90,21.583,21.822,-1.16,PASA
BOSQUE_NW_02(3),ATL08_20221116210454_08721713_007_01.h5,2022-11-16T21:04:54Z,gt1r,-71.54650115966797,-42.6182975769043,153868010.1962135,872.0,17.0,13.0,007,01,23265.0,1.0,1770122.0,1770126.0,939.1309204101562,,11.2513427734375,,12.37603759765625,2.4583184719085693,,,,,,,133.0,8.0,116.0,1.0,0.0,0.0,0.0,0.0,2022,11,Primavera,Bosque cerrado desconocido,1,1,0,0,,10–20 m,872_gt1r_1770122,291152.9,5278427.6,BOSQUE_NW_02,operacional,SI,,2022-11-16,NO,920.94,21.571,21.818,-3.38,PASA
BOSQUE_NW_02(3),ATL08_20221116210454_08721713_007_01.h5,2022-11-16T21:04:54Z,gt1r,-71.54684448242188,-42.61561584472656,153868010.23865008,872.0,17.0,13.0,007,01,23265.0,1.0,1770137.0,1770141.0,1013.4551391601562,53.15953826904297,10.14910888671875,17.95153045654297,11.4281005859375,2.440343141555786,,,,,,,126.0,19.0,20.0,1.0,0.0,0.0,0.0,0.0,2022,11,Primavera,Arbustos,1,1,1,1,1.7687789792101418,10–20 m,872_gt1r_1770137,291115.8,5278724.5,BOSQUE_NW_02,operacional,SI,,2022-11-16,NO,993.35,21.564,21.811,-1.46,PASA
BOSQUE_NW_02(3),ATL08_20221116210454_08721713_007_01.h5,2022-11-16T21:04:54Z,gt1r,-71.54696655273438,-42.61471939086914,153868010.25273865,872.0,17.0,13.0,007,01,23265.0,1.0,1770142.0,1770146.0,1027.3983154296875,,10.322265625,,11.3560791015625,2.2251617908477783,,,,,,,110.0,8.0,116.0,1.0,0.0,0.0,0.0,0.0,2022,11,Primavera,Bosque cerrado desconocido,1,1,0,0,,10–20 m,872_gt1r_1770142,291102.7,5278823.8,BOSQUE_NW_02,operacional,SI,,2022-11-16,NO,1009.68,21.562,21.807,-3.84,PASA
BOSQUE_NW_02(3),ATL08_20221116210454_08721713_007_01.h5,2022-11-16T21:04:54Z,gt1r,-71.54720306396484,-42.61293029785156,153868010.28079247,872.0,17.0,13.0,007,01,23265.0,1.0,1770152.0,1770156.0,1054.124755859375,,23.0013427734375,,23.881103515625,5.105461597442627,,,,,,,122.0,9.0,20.0,1.0,0.0,0.0,0.0,0.0,2022,11,Primavera,Arbustos,1,1,0,0,,20–30 m,872_gt1r_1770152,291077.4,5279021.9,BOSQUE_NW_02,operacional,SI,,2022-11-16,NO,1033.68,21.557,21.799,-1.11,PASA
BOSQUE_NW_02(3),ATL08_20221116210454_08721713_007_01.h5,2022-11-16T21:04:54Z,gt1r,-71.54743957519531,-42.61114501953125,153868010.30898973,872.0,17.0,13.0,007,01,23265.0,1.0,1770162.0,1770166.0,1019.5848388671875,,32.47503662109375,,36.1871337890625,8.3218355178833,,,,,,,55.0,5.0,116.0,1.0,0.0,0.0,0.0,0.0,2022,11,Primavera,Bosque cerrado desconocido,1,1,0,0,,>30 m,872_gt1r_1770162,291052.0,5279219.5,BOSQUE_NW_02,operacional,SI,,2022-11-16,NO,1017.43,21.553,21.791,-19.40,DESCARTADO
BOSQUE_NW_02(3),ATL08_20221116210454_08721713_007_01.h5,2022-11-16T21:04:54Z,gt1r,-71.54801940917969,-42.60667037963867,153868010.37942564,872.0,17.0,13.0,007,01,23265.0,1.0,1770187.0,1770191.0,1153.618896484375,,20.5052490234375,,20.8216552734375,6.155447006225586,,,,,,,96.0,9.0,112.0,1.0,0.0,0.0,0.0,0.0,2022,11,Primavera,Bosque cerrado perennifolio latifolio,1,1,0,0,,20–30 m,872_gt1r_1770187,290989.5,5279715.0,BOSQUE_NW_02,operacional,SI,,2022-11-16,NO,1132.23,21.541,21.770,-0.15,PASA
BOSQUE_NW_02(3),ATL08_20221116210454_08721713_007_01.h5,2022-11-16T21:04:54Z,gt1r,-71.54813385009766,-42.60577392578125,153868010.393617,872.0,17.0,13.0,007,01,23265.0,1.0,1770192.0,1770196.0,1176.1064453125,,21.7874755859375,,22.4398193359375,5.724313735961914,,,,,,,122.0,7.0,112.0,1.0,0.0,0.0,0.0,0.0,2022,11,Primavera,Bosque cerrado perennifolio latifolio,1,1,0,0,,20–30 m,872_gt1r_1770192,290977.1,5279814.3,BOSQUE_NW_02,operacional,SI,,2022-11-16,NO,1148.35,21.539,21.766,6.22,DESCARTADO
BOSQUE_NW_02(3),ATL08_20221116210454_08721713_007_01.h5,2022-11-16T21:04:54Z,gt1r,-71.54837036132812,-42.60398483276367,153868010.4218185,872.0,17.0,13.0,007,01,23265.0,1.0,1770202.0,1770206.0,1206.449462890625,,23.6536865234375,,25.640380859375,6.564465522766113,,,,,,,103.0,9.0,112.0,1.0,0.0,0.0,0.0,0.0,2022,11,Primavera,Bosque cerrado perennifolio latifolio,1,1,0,0,,20–30 m,872_gt1r_1770202,290951.7,5280012.4,BOSQUE_NW_02,operacional,SI,,2022-11-16,NO,1192.69,21.534,21.757,-7.77,DESCARTADO
BOSQUE_NW_02(3),ATL08_20221116210454_08721713_007_01.h5,2022-11-16T21:04:54Z,gt1r,-71.5484848022461,-42.603092193603516,153868010.4358937,872.0,17.0,13.0,007,01,23265.0,1.0,1770207.0,1770211.0,1236.954345703125,,22.12744140625,,22.7684326171875,5.244914531707764,,,,,,,87.0,6.0,112.0,1.0,0.0,0.0,0.0,0.0,2022,11,Primavera,Bosque cerrado perennifolio latifolio,1,1,0,0,,20–30 m,872_gt1r_1770207,290939.3,5280111.2,BOSQUE_NW_02,operacional,SI,,2022-11-16,NO,1221.13,21.532,21.753,-5.71,DESCARTADO
BOSQUE_NW_02(3),ATL08_20221116210454_08721713_007_01.h5,2022-11-16T21:04:54Z,gt1r,-71.54884338378906,-42.600406646728516,153868010.47820044,872.0,17.0,13.0,007,01,23265.0,1.0,1770222.0,1770226.0,1303.5858154296875,65.11555480957031,15.5701904296875,22.582256317138672,18.17919921875,4.145257949829102,,,,,,,97.0,20.0,114.0,1.0,0.0,0.0,0.0,0.0,2022,11,Primavera,Bosque cerrado caducifolio latifolio,1,1,1,1,1.4503519670563148,10–20 m,872_gt1r_1770222,290900.9,5280408.6,BOSQUE_NW_02,operacional,SI,,2022-11-16,NO,1281.73,21.525,21.740,0.33,PASA
BOSQUE_NW_02(3),ATL08_20221116210454_08721713_007_01.h5,2022-11-16T21:04:54Z,gt1r,-71.54945373535156,-42.595680236816406,153868010.55457792,872.0,17.0,13.0,007,01,23265.0,1.0,1770247.0,1770251.0,1291.1502685546875,,25.8790283203125,,26.114990234375,5.810308933258057,,,,,,,46.0,2.0,112.0,1.0,0.0,0.0,0.0,0.0,2022,11,Primavera,Bosque cerrado perennifolio latifolio,1,1,0,0,,20–30 m,872_gt1r_1770247,290835.0,5280931.9,BOSQUE_NW_02,operacional,SI,,2022-11-16,NO,1276.23,21.513,21.726,-6.59,DESCARTADO
BOSQUE_NW_02(3),ATL08_20221116210454_08721713_007_01.h5,2022-11-16T21:04:54Z,gt1r,-71.5495376586914,-42.59503936767578,153868010.56284446,872.0,17.0,13.0,007,01,23265.0,1.0,1770252.0,1770256.0,1287.009033203125,,21.9361572265625,,24.591552734375,5.0472092628479,,,,,,,144.0,3.0,112.0,1.0,0.0,0.0,0.0,0.0,2022,11,Primavera,Bosque cerrado perennifolio latifolio,1,1,0,0,,20–30 m,872_gt1r_1770252,290826.0,5281002.9,BOSQUE_NW_02,operacional,SI,,2022-11-16,NO,1269.56,21.512,21.724,-4.06,PASA
BOSQUE_NW_02(3),ATL08_20221116210454_08721713_007_01.h5,2022-11-16T21:04:54Z,gt1r,-71.55011749267578,-42.59056854248047,153868010.6333796,872.0,17.0,13.0,007,01,23265.0,1.0,1770277.0,1770281.0,1241.1212158203125,,26.836669921875,,28.8538818359375,7.075478553771973,,,,,,,48.0,9.0,112.0,1.0,0.0,0.0,0.0,0.0,2022,11,Primavera,Bosque cerrado perennifolio latifolio,1,1,0,0,,20–30 m,872_gt1r_1770277,290763.4,5281497.9,BOSQUE_NW_02,operacional,SI,,2022-11-16,NO,1230.91,21.501,21.712,-11.29,DESCARTADO
BOSQUE_NW_02(3),ATL08_20221116210454_08721713_007_01.h5,2022-11-16T21:04:54Z,gt1r,-71.55104064941406,-42.583412170410156,153868010.74638832,872.0,17.0,13.0,007,01,23265.0,1.0,1770318.0,1770321.0,1103.9747314453125,,21.026123046875,,24.0406494140625,5.492542266845703,,,,,,,78.0,5.0,116.0,1.0,0.0,0.0,0.0,0.0,2022,11,Primavera,Bosque cerrado desconocido,1,1,0,0,,20–30 m,872_gt1r_1770318,290663.7,5282290.4,BOSQUE_NW_02,operacional,SI,,2022-11-16,NO,1088.12,21.484,21.693,-5.63,DESCARTADO
BOSQUE_NW_02(3),ATL08_20221116210454_08721713_007_01.h5,2022-11-16T21:04:54Z,gt1r,-71.55323791503906,-42.56641387939453,153868011.01449794,872.0,17.0,13.0,007,01,23265.0,1.0,1770412.0,1770416.0,770.0105590820312,63.965518951416016,12.10748291015625,12.009525299072266,14.45947265625,3.0730535984039307,,,,,,,131.0,12.0,126.0,1.0,0.0,0.0,0.0,0.0,2022,11,Primavera,Bosque abierto desconocido,1,1,1,1,0.9919093331115245,10–20 m,872_gt1r_1770412,290426.5,5284172.6,BOSQUE_NW_02,operacional,SI,,2022-11-16,NO,748.23,21.443,21.687,0.34,PASA
BOSQUE_NW_02(3),ATL08_20221116210454_08721713_007_01.h5,2022-11-16T21:04:54Z,gt1r,-71.55440521240234,-42.557464599609375,153868011.1556961,872.0,17.0,13.0,007,01,23265.0,1.0,1770462.0,1770466.0,729.9883422851562,11.972955703735352,13.9996337890625,11.182689666748047,17.32208251953125,3.7804031372070312,,,,,,,121.0,61.0,116.0,1.0,0.0,0.0,0.0,0.0,2022,11,Primavera,Bosque cerrado desconocido,1,1,1,1,0.7987844421676766,10–20 m,872_gt1r_1770462,290300.7,5285163.5,BOSQUE_NW_02,operacional,SI,,2022-11-16,NO,708.64,21.423,21.689,-0.08,PASA
BOSQUE_NW_02(3),ATL08_20221116210454_08721713_007_01.h5,2022-11-16T21:04:54Z,gt2l,-71.49756622314453,-42.691925048828125,153868008.6218612,872.0,17.0,13.0,007,01,23265.0,1.0,1769695.0,1769699.0,1179.83642578125,,132.5576171875,,132.5576171875,37.6960563659668,,,,,,,24.0,1.0,116.0,1.0,0.0,0.0,0.0,0.0,2022,11,Primavera,Bosque cerrado desconocido,1,1,0,0,,>30 m,872_gt2l_1769695,295408.1,5270370.9,BOSQUE_NW_02,operacional,SI,,2022-11-16,SI,1167.88,21.783,22.024,-9.82,DESCARTADO
BOSQUE_NW_02(3),ATL08_20221116210454_08721713_007_01.h5,2022-11-16T21:04:54Z,gt2l,-71.49778747558594,-42.69013595581055,153868008.6500827,872.0,17.0,13.0,007,01,23265.0,1.0,1769705.0,1769709.0,1165.27392578125,,27.0108642578125,,27.0108642578125,6.558916091918945,,,,,,,38.0,1.0,112.0,1.0,0.0,0.0,0.0,0.0,2022,11,Primavera,Bosque cerrado perennifolio latifolio,1,1,0,0,,20–30 m,872_gt2l_1769705,295384.1,5270569.1,BOSQUE_NW_02,operacional,SI,,2022-11-16,NO,1139.22,21.781,22.020,4.27,PASA
BOSQUE_NW_02(3),ATL08_20221116210454_08721713_007_01.h5,2022-11-16T21:04:54Z,gt2l,-71.49790954589844,-42.689239501953125,153868008.66420797,872.0,17.0,13.0,007,01,23265.0,1.0,1769710.0,1769714.0,1194.2061767578125,,31.5726318359375,,31.5726318359375,7.375695705413818,,,,,,,30.0,4.0,112.0,1.0,0.0,0.0,0.0,0.0,2022,11,Primavera,Bosque cerrado perennifolio latifolio,1,1,0,0,,>30 m,872_gt2l_1769710,295371.1,5270668.3,BOSQUE_NW_02,operacional,SI,,2022-11-16,NO,1185.65,21.780,22.019,-13.23,DESCARTADO
BOSQUE_NW_02(3),ATL08_20221116210454_08721713_007_01.h5,2022-11-16T21:04:54Z,gt2l,-71.49816131591797,-42.68745422363281,153868008.6924336,872.0,17.0,13.0,007,01,23265.0,1.0,1769720.0,1769724.0,1282.807373046875,,32.7762451171875,,38.21630859375,7.932324409484863,,,,,,,58.0,2.0,116.0,1.0,0.0,0.0,0.0,0.0,2022,11,Primavera,Bosque cerrado desconocido,1,1,0,0,,>30 m,872_gt2l_1769720,295344.6,5270866.0,BOSQUE_NW_02,operacional,SI,,2022-11-16,NO,1264.61,21.778,22.015,-3.58,PASA
BOSQUE_NW_02(3),ATL08_20221116210454_08721713_007_01.h5,2022-11-16T21:04:54Z,gt2l,-71.49828338623047,-42.68655776977539,153868008.7065474,872.0,17.0,13.0,007,01,23265.0,1.0,1769725.0,1769729.0,1330.71630859375,,39.1644287109375,,39.1644287109375,9.894516944885254,,,,,,,32.0,4.0,116.0,1.0,0.0,0.0,0.0,0.0,2022,11,Primavera,Bosque cerrado desconocido,1,1,0,0,,>30 m,872_gt2l_1769725,295331.7,5270965.2,BOSQUE_NW_02,operacional,SI,,2022-11-16,NO,1319.82,21.777,22.014,-10.88,DESCARTADO
BOSQUE_NW_02(3),ATL08_20221116210454_08721713_007_01.h5,2022-11-16T21:04:54Z,gt2l,-71.49840545654297,-42.685665130615234,153868008.72066525,872.0,17.0,13.0,007,01,23265.0,1.0,1769730.0,1769734.0,1383.3013916015625,,27.856689453125,,27.856689453125,6.202058792114258,,,,,,,38.0,2.0,112.0,1.0,0.0,0.0,0.0,0.0,2022,11,Primavera,Bosque cerrado perennifolio latifolio,1,1,0,0,,20–30 m,872_gt2l_1769730,295318.8,5271064.1,BOSQUE_NW_02,operacional,SI,,2022-11-16,NO,1362.28,21.775,22.012,-0.75,PASA
BOSQUE_NW_02(3),ATL08_20221116210454_08721713_007_01.h5,2022-11-16T21:04:54Z,gt2l,-71.49851989746094,-42.68476867675781,153868008.73478618,872.0,17.0,13.0,007,01,23265.0,1.0,1769735.0,1769739.0,1385.6307373046875,172.83013916015625,15.059814453125,140.33946228027344,15.059814453125,3.230846405029297,,,,,,,31.0,8.0,30.0,1.0,0.0,0.0,0.0,0.0,2022,11,Primavera,Herbáceas,1,1,1,1,9.31880420685742,10–20 m,872_gt2l_1769735,295306.4,5271163.3,BOSQUE_NW_02,operacional,SI,,2022-11-16,NO,1365.21,21.774,22.010,-1.35,PASA
BOSQUE_NW_02(3),ATL08_20221116210454_08721713_007_01.h5,2022-11-16T21:04:54Z,gt2l,-71.49897766113281,-42.681190490722656,153868008.79117128,872.0,17.0,13.0,007,01,23265.0,1.0,1769755.0,1769759.0,1254.2572021484375,,24.7386474609375,,24.7386474609375,5.138942718505859,,,,,,,30.0,4.0,20.0,1.0,0.0,0.0,0.0,0.0,2022,11,Primavera,Arbustos,1,1,0,0,,20–30 m,872_gt2l_1769755,295257.2,5271559.6,BOSQUE_NW_02,operacional,SI,,2022-11-16,NO,1238.71,21.770,22.004,-6.22,DESCARTADO
BOSQUE_NW_02(3),ATL08_20221116210454_08721713_007_01.h5,2022-11-16T21:04:54Z,gt2l,-71.49931335449219,-42.678504943847656,153868008.83342367,872.0,17.0,13.0,007,01,23265.0,1.0,1769770.0,1769774.0,1135.59814453125,,21.1920166015625,,21.1920166015625,4.442349910736084,,,,,,,23.0,4.0,116.0,1.0,0.0,0.0,0.0,0.0,2022,11,Primavera,Bosque cerrado desconocido,1,1,0,0,,20–30 m,872_gt2l_1769770,295220.8,5271857.0,BOSQUE_NW_02,operacional,SI,,2022-11-16,NO,1119.27,21.766,21.999,-5.44,DESCARTADO
BOSQUE_NW_02(3),ATL08_20221116210454_08721713_007_01.h5,2022-11-16T21:04:54Z,gt2l,-71.4997787475586,-42.6749267578125,153868008.88989332,872.0,17.0,13.0,007,01,23265.0,1.0,1769790.0,1769794.0,1157.137939453125,,25.7554931640625,,25.7554931640625,7.013243675231934,,,,,,,24.0,1.0,112.0,1.0,0.0,0.0,0.0,0.0,2022,11,Primavera,Bosque cerrado perennifolio latifolio,1,1,0,0,,20–30 m,872_gt2l_1769790,295171.0,5272253.2,BOSQUE_NW_02,operacional,SI,,2022-11-16,NO,1142.55,21.762,21.992,-7.18,DESCARTADO
BOSQUE_NW_02(3),ATL08_20221116210454_08721713_007_01.h5,2022-11-16T21:04:54Z,gt2l,-71.4999008178711,-42.674034118652344,153868008.90397012,872.0,17.0,13.0,007,01,23265.0,1.0,1769795.0,1769799.0,1177.4620361328125,,24.162353515625,,24.162353515625,5.576462745666504,,,,,,,36.0,5.0,112.0,1.0,0.0,0.0,0.0,0.0,2022,11,Primavera,Bosque cerrado perennifolio latifolio,1,1,0,0,,20–30 m,872_gt2l_1769795,295158.0,5272352.1,BOSQUE_NW_02,operacional,SI,,2022-11-16,NO,1159.80,21.761,21.991,-4.10,PASA
BOSQUE_NW_02(3),ATL08_20221116210454_08721713_007_01.h5,2022-11-16T21:04:54Z,gt2l,-71.50049591064453,-42.66956329345703,153868008.97456178,872.0,17.0,13.0,007,01,23265.0,1.0,1769820.0,1769824.0,1273.8604736328125,,24.353759765625,,24.50732421875,5.054169178009033,,,,,,,48.0,4.0,112.0,1.0,0.0,0.0,0.0,0.0,2022,11,Primavera,Bosque cerrado perennifolio latifolio,1,1,0,0,,20–30 m,872_gt2l_1769820,295094.6,5272847.1,BOSQUE_NW_02,operacional,SI,,2022-11-16,NO,1256.19,21.754,21.983,-4.08,PASA
BOSQUE_NW_02(3),ATL08_20221116210454_08721713_007_01.h5,2022-11-16T21:04:54Z,gt2l,-71.50061798095703,-42.66866683959961,153868008.9887009,872.0,17.0,13.0,007,01,23265.0,1.0,1769825.0,1769829.0,1267.8056640625,,22.05126953125,,22.317138671875,7.045198440551758,,,,,,,51.0,2.0,112.0,1.0,0.0,0.0,0.0,0.0,2022,11,Primavera,Bosque cerrado perennifolio latifolio,1,1,0,0,,20–30 m,872_gt2l_1769825,295081.6,5272946.4,BOSQUE_NW_02,operacional,SI,,2022-11-16,NO,1254.25,21.753,21.981,-8.20,DESCARTADO
BOSQUE_NW_02(3),ATL08_20221116210454_08721713_007_01.h5,2022-11-16T21:04:54Z,gt2l,-71.500732421875,-42.66777038574219,153868009.00273368,872.0,17.0,13.0,007,01,23265.0,1.0,1769830.0,1769834.0,1272.8255615234375,,26.6766357421875,,26.6961669921875,7.206430912017822,,,,,,,46.0,4.0,112.0,1.0,0.0,0.0,0.0,0.0,2022,11,Primavera,Bosque cerrado perennifolio latifolio,1,1,0,0,,20–30 m,872_gt2l_1769830,295069.3,5273045.6,BOSQUE_NW_02,operacional,SI,,2022-11-16,NO,1252.84,21.752,21.980,-1.76,PASA
BOSQUE_NW_02(3),ATL08_20221116210454_08721713_007_01.h5,2022-11-16T21:04:54Z,gt2l,-71.5008544921875,-42.66687774658203,153868009.01679224,872.0,17.0,13.0,007,01,23265.0,1.0,1769835.0,1769838.0,1264.0965576171875,,32.0474853515625,,32.0474853515625,8.418248176574707,,,,,,,37.0,1.0,112.0,1.0,0.0,0.0,0.0,0.0,2022,11,Primavera,Bosque cerrado perennifolio latifolio,1,1,0,0,,>30 m,872_gt2l_1769835,295056.3,5273144.5,BOSQUE_NW_02,operacional,SI,,2022-11-16,NO,1253.01,21.751,21.978,-10.67,DESCARTADO
BOSQUE_NW_02(3),ATL08_20221116210454_08721713_007_01.h5,2022-11-16T21:04:54Z,gt2l,-71.50130462646484,-42.663299560546875,153868009.0732417,872.0,17.0,13.0,007,01,23265.0,1.0,1769855.0,1769859.0,1153.966552734375,,29.3963623046875,,29.3963623046875,8.16032886505127,,,,,,,40.0,2.0,112.0,1.0,0.0,0.0,0.0,0.0,2022,11,Primavera,Bosque cerrado perennifolio latifolio,1,1,0,0,,20–30 m,872_gt2l_1769855,295007.7,5273540.7,BOSQUE_NW_02,operacional,SI,,2022-11-16,NO,1137.22,21.743,21.964,-5.00,PASA
BOSQUE_NW_02(3),ATL08_20221116210454_08721713_007_01.h5,2022-11-16T21:04:54Z,gt2l,-71.50320434570312,-42.64898681640625,153868009.29888627,872.0,17.0,13.0,007,01,23265.0,1.0,1769935.0,1769939.0,1420.36669921875,202.6749267578125,21.260009765625,134.7183837890625,21.260009765625,6.217932224273682,,,,,,,31.0,7.0,112.0,1.0,0.0,0.0,0.0,0.0,2022,11,Primavera,Bosque cerrado perennifolio latifolio,1,1,1,1,6.336703758569608,20–30 m,872_gt2l_1769935,294804.9,5275125.6,BOSQUE_NW_02,operacional,SI,,2022-11-16,NO,1397.51,21.709,21.910,1.15,PASA
BOSQUE_NW_02(3),ATL08_20221116210454_08721713_007_01.h5,2022-11-16T21:04:54Z,gt2l,-71.5033187866211,-42.648094177246094,153868009.31299934,872.0,17.0,13.0,007,01,23265.0,1.0,1769940.0,1769944.0,1402.044921875,,20.2218017578125,,20.2218017578125,4.474615573883057,,,,,,,34.0,2.0,112.0,1.0,0.0,0.0,0.0,0.0,2022,11,Primavera,Bosque cerrado perennifolio latifolio,1,1,0,0,,20–30 m,872_gt2l_1769940,294792.6,5275224.4,BOSQUE_NW_02,operacional,SI,,2022-11-16,NO,1378.11,21.707,21.907,2.23,PASA
BOSQUE_NW_02(3),ATL08_20221116210454_08721713_007_01.h5,2022-11-16T21:04:54Z,gt2l,-71.5037841796875,-42.64451599121094,153868009.36936796,872.0,17.0,13.0,007,01,23265.0,1.0,1769960.0,1769964.0,1400.5250244140625,,20.75390625,,22.1268310546875,5.411327838897705,,,,,,,42.0,2.0,112.0,1.0,0.0,0.0,0.0,0.0,2022,11,Primavera,Bosque cerrado perennifolio latifolio,1,1,0,0,,20–30 m,872_gt2l_1769960,294742.7,5275620.6,BOSQUE_NW_02,operacional,SI,,2022-11-16,NO,1385.82,21.698,21.897,-6.99,DESCARTADO
BOSQUE_NW_02(3),ATL08_20221116210454_08721713_007_01.h5,2022-11-16T21:04:54Z,gt2l,-71.50389862060547,-42.643619537353516,153868009.3834717,872.0,17.0,13.0,007,01,23265.0,1.0,1769965.0,1769969.0,1388.1346435546875,,20.7816162109375,,20.7816162109375,4.862059593200684,,,,,,,34.0,4.0,112.0,1.0,0.0,0.0,0.0,0.0,2022,11,Primavera,Bosque cerrado perennifolio latifolio,1,1,0,0,,20–30 m,872_gt2l_1769965,294730.3,5275719.9,BOSQUE_NW_02,operacional,SI,,2022-11-16,NO,1364.10,21.696,21.894,2.34,PASA
BOSQUE_NW_02(3),ATL08_20221116210454_08721713_007_01.h5,2022-11-16T21:04:54Z,gt2l,-71.5042495727539,-42.640933990478516,153868009.4256753,872.0,17.0,13.0,007,01,23265.0,1.0,1769980.0,1769984.0,1346.7025146484375,67.58282470703125,19.4735107421875,71.0404281616211,19.4735107421875,5.032862663269043,,,,,,,34.0,20.0,112.0,1.0,0.0,0.0,0.0,0.0,2022,11,Primavera,Bosque cerrado perennifolio latifolio,1,1,1,1,3.648054482940192,10–20 m,872_gt2l_1769980,294692.7,5276017.3,BOSQUE_NW_02,operacional,SI,,2022-11-16,NO,1329.59,21.690,21.886,-4.58,PASA
BOSQUE_NW_02(3),ATL08_20221116210454_08721713_007_01.h5,2022-11-16T21:04:54Z,gt2l,-71.50448608398438,-42.63914489746094,153868009.45387328,872.0,17.0,13.0,007,01,23265.0,1.0,1769990.0,1769994.0,1355.560791015625,,14.416259765625,,14.416259765625,3.613323211669922,,,,,,,29.0,2.0,112.0,1.0,0.0,0.0,0.0,0.0,2022,11,Primavera,Bosque cerrado perennifolio latifolio,1,1,0,0,,10–20 m,872_gt2l_1769990,294667.4,5276215.4,BOSQUE_NW_02,operacional,SI,,2022-11-16,NO,1335.15,21.685,21.881,-1.28,PASA
BOSQUE_NW_02(3),ATL08_20221116210454_08721713_007_01.h5,2022-11-16T21:04:54Z,gt2l,-71.50459289550781,-42.63825225830078,153868009.46801385,872.0,17.0,13.0,007,01,23265.0,1.0,1769995.0,1769999.0,1349.346923828125,168.82968139648438,13.13818359375,174.27989196777344,13.13818359375,3.093238592147827,,,,,,,30.0,8.0,114.0,1.0,0.0,0.0,0.0,0.0,2022,11,Primavera,Bosque cerrado caducifolio latifolio,1,1,1,1,13.265143596461888,10–20 m,872_gt2l_1769995,294655.8,5276314.3,BOSQUE_NW_02,operacional,SI,,2022-11-16,NO,1326.18,21.683,21.878,1.48,PASA
BOSQUE_NW_02(3),ATL08_20221116210454_08721713_007_01.h5,2022-11-16T21:04:54Z,gt2l,-71.50471496582031,-42.63735580444336,153868009.48211145,872.0,17.0,13.0,007,01,23265.0,1.0,1770000.0,1770004.0,1357.295166015625,169.8497314453125,18.0634765625,148.37448120117188,18.0634765625,3.39394211769104,,,,,,,18.0,8.0,112.0,1.0,0.0,0.0,0.0,0.0,2022,11,Primavera,Bosque cerrado perennifolio latifolio,1,1,1,1,8.214060050278423,10–20 m,872_gt2l_1770000,294642.8,5276413.5,BOSQUE_NW_02,operacional,SI,,2022-11-16,NO,1337.85,21.681,21.876,-2.23,PASA
BOSQUE_NW_02(3),ATL08_20221116210454_08721713_007_01.h5,2022-11-16T21:04:54Z,gt2l,-71.50483703613281,-42.6364631652832,153868009.49621072,872.0,17.0,13.0,007,01,23265.0,1.0,1770005.0,1770009.0,1367.43798828125,,15.3507080078125,,18.3170166015625,4.3826003074646,,,,,,,41.0,1.0,112.0,1.0,0.0,0.0,0.0,0.0,2022,11,Primavera,Bosque cerrado perennifolio latifolio,1,1,0,0,,10–20 m,872_gt2l_1770005,294629.9,5276512.3,BOSQUE_NW_02,operacional,SI,,2022-11-16,NO,1349.34,21.679,21.873,-3.58,PASA
BOSQUE_NW_02(3),ATL08_20221116210454_08721713_007_01.h5,2022-11-16T21:04:54Z,gt2l,-71.50495147705078,-42.63556671142578,153868009.51032802,872.0,17.0,13.0,007,01,23265.0,1.0,1770010.0,1770014.0,1364.1571044921875,,16.9854736328125,,16.9854736328125,4.288487911224365,,,,,,,30.0,5.0,114.0,1.0,0.0,0.0,0.0,0.0,2022,11,Primavera,Bosque cerrado caducifolio latifolio,1,1,0,0,,10–20 m,872_gt2l_1770010,294617.5,5276611.6,BOSQUE_NW_02,operacional,SI,,2022-11-16,NO,1344.62,21.677,21.871,-2.14,PASA
BOSQUE_NW_02(3),ATL08_20221116210454_08721713_007_01.h5,2022-11-16T21:04:54Z,gt2l,-71.50506591796875,-42.634674072265625,153868009.5244495,872.0,17.0,13.0,007,01,23265.0,1.0,1770015.0,1770019.0,1378.2652587890625,172.292236328125,20.018310546875,150.92938232421875,20.021240234375,4.866597652435303,,,,,,,51.0,8.0,116.0,1.0,0.0,0.0,0.0,0.0,2022,11,Primavera,Bosque cerrado desconocido,1,1,1,1,7.539566436977864,20–30 m,872_gt2l_1770015,294605.2,5276710.5,BOSQUE_NW_02,operacional,SI,,2022-11-16,NO,1357.77,21.675,21.868,-1.18,PASA
BOSQUE_NW_02(3),ATL08_20221116210454_08721713_007_01.h5,2022-11-16T21:04:54Z,gt2l,-71.50530242919922,-42.63288497924805,153868009.55262944,872.0,17.0,13.0,007,01,23265.0,1.0,1770025.0,1770029.0,1383.1859130859375,115.24748992919922,16.8470458984375,103.38168334960938,16.8470458984375,3.898808002471924,,,,,,,30.0,12.0,112.0,1.0,0.0,0.0,0.0,0.0,2022,11,Primavera,Bosque cerrado perennifolio latifolio,1,1,1,1,6.136487308982617,10–20 m,872_gt2l_1770025,294579.9,5276908.6,BOSQUE_NW_02,operacional,SI,,2022-11-16,NO,1360.01,21.670,21.863,1.51,PASA
BOSQUE_NW_02(3),ATL08_20221116210454_08721713_007_01.h5,2022-11-16T21:04:54Z,gt2l,-71.50542449951172,-42.631988525390625,153868009.56671497,872.0,17.0,13.0,007,01,23265.0,1.0,1770030.0,1770034.0,1381.0128173828125,229.63365173339844,17.6500244140625,85.16011047363281,17.6500244140625,3.5600297451019287,,,,,,,23.0,6.0,112.0,1.0,0.0,0.0,0.0,0.0,2022,11,Primavera,Bosque cerrado perennifolio latifolio,1,1,1,1,4.824928763598891,10–20 m,872_gt2l_1770030,294567.0,5277007.8,BOSQUE_NW_02,operacional,SI,,2022-11-16,NO,1357.19,21.668,21.860,2.15,PASA
BOSQUE_NW_02(3),ATL08_20221116210454_08721713_007_01.h5,2022-11-16T21:04:54Z,gt2l,-71.50553894042969,-42.63109588623047,153868009.5807973,872.0,17.0,13.0,007,01,23265.0,1.0,1770035.0,1770039.0,1371.1451416015625,114.23663330078125,23.2608642578125,108.42766571044922,23.2608642578125,5.335549831390381,,,,,,,37.0,12.0,112.0,1.0,0.0,0.0,0.0,0.0,2022,11,Primavera,Bosque cerrado perennifolio latifolio,1,1,1,1,4.66137734646004,20–30 m,872_gt2l_1770035,294554.6,5277106.7,BOSQUE_NW_02,operacional,SI,,2022-11-16,NO,1346.81,21.666,21.858,2.67,PASA
BOSQUE_NW_02(3),ATL08_20221116210454_08721713_007_01.h5,2022-11-16T21:04:54Z,gt2l,-71.50564575195312,-42.63019943237305,153868009.5949154,872.0,17.0,13.0,007,01,23265.0,1.0,1770040.0,1770044.0,1363.466064453125,194.87353515625,22.8526611328125,149.31265258789062,22.8526611328125,5.2243428230285645,,,,,,,34.0,7.0,112.0,1.0,0.0,0.0,0.0,0.0,2022,11,Primavera,Bosque cerrado perennifolio latifolio,1,1,1,1,6.533709650711237,20–30 m,872_gt2l_1770040,294542.9,5277206.0,BOSQUE_NW_02,operacional,SI,,2022-11-16,NO,1342.79,21.664,21.856,-0.99,PASA
BOSQUE_NW_02(3),ATL08_20221116210454_08721713_007_01.h5,2022-11-16T21:04:54Z,gt2l,-71.50587463378906,-42.62841033935547,153868009.6231077,872.0,17.0,13.0,007,01,23265.0,1.0,1770050.0,1770054.0,1329.676513671875,,26.1756591796875,,26.1756591796875,6.527832508087158,,,,,,,28.0,1.0,112.0,1.0,0.0,0.0,0.0,0.0,2022,11,Primavera,Bosque cerrado perennifolio latifolio,1,1,0,0,,20–30 m,872_gt2l_1770050,294518.3,5277404.1,BOSQUE_NW_02,operacional,SI,,2022-11-16,NO,1301.29,21.660,21.851,6.73,DESCARTADO
BOSQUE_NW_02(3),ATL08_20221116210454_08721713_007_01.h5,2022-11-16T21:04:54Z,gt2l,-71.50611114501953,-42.62662124633789,153868009.65122613,872.0,17.0,13.0,007,01,23265.0,1.0,1770060.0,1770064.0,1280.9986572265625,,15.706298828125,,15.706298828125,3.7995593547821045,,,,,,,29.0,1.0,112.0,1.0,0.0,0.0,0.0,0.0,2022,11,Primavera,Bosque cerrado perennifolio latifolio,1,1,0,0,,10–20 m,872_gt2l_1770060,294493.0,5277602.2,BOSQUE_NW_02,operacional,SI,,2022-11-16,NO,1252.62,21.655,21.846,6.73,DESCARTADO
BOSQUE_NW_02(3),ATL08_20221116210454_08721713_007_01.h5,2022-11-16T21:04:54Z,gt2l,-71.50645446777344,-42.62393569946289,153868009.6935541,872.0,17.0,13.0,007,01,23265.0,1.0,1770075.0,1770079.0,1229.790283203125,,20.3968505859375,,20.3968505859375,4.280609607696533,,,,,,,41.0,1.0,114.0,1.0,0.0,0.0,0.0,0.0,2022,11,Primavera,Bosque cerrado caducifolio latifolio,1,1,0,0,,20–30 m,872_gt2l_1770075,294456.0,5277899.6,BOSQUE_NW_02,operacional,SI,,2022-11-16,NO,1206.96,21.648,21.838,1.19,PASA
BOSQUE_NW_02(3),ATL08_20221116210454_08721713_007_01.h5,2022-11-16T21:04:54Z,gt2l,-71.5065689086914,-42.623043060302734,153868009.7076623,872.0,17.0,13.0,007,01,23265.0,1.0,1770080.0,1770084.0,1230.1387939453125,,22.49462890625,,22.49462890625,5.040405750274658,,,,,,,36.0,4.0,114.0,1.0,0.0,0.0,0.0,0.0,2022,11,Primavera,Bosque cerrado caducifolio latifolio,1,1,0,0,,20–30 m,872_gt2l_1770080,294443.7,5277998.4,BOSQUE_NW_02,operacional,SI,,2022-11-16,NO,1205.06,21.645,21.836,3.43,PASA
BOSQUE_NW_02(3),ATL08_20221116210454_08721713_007_01.h5,2022-11-16T21:04:54Z,gt2l,-71.50704193115234,-42.61946487426758,153868009.76408586,872.0,17.0,13.0,007,01,23265.0,1.0,1770100.0,1770104.0,1215.3826904296875,,23.669921875,,23.669921875,5.574167251586914,,,,,,,36.0,3.0,112.0,1.0,0.0,0.0,0.0,0.0,2022,11,Primavera,Bosque cerrado perennifolio latifolio,1,1,0,0,,20–30 m,872_gt2l_1770100,294393.1,5278394.6,BOSQUE_NW_02,operacional,SI,,2022-11-16,NO,1195.94,21.634,21.825,-2.20,PASA
BOSQUE_NW_02(3),ATL08_20221116210454_08721713_007_01.h5,2022-11-16T21:04:54Z,gt2l,-71.50715637207031,-42.618568420410156,153868009.778147,872.0,17.0,13.0,007,01,23265.0,1.0,1770105.0,1770109.0,1203.934326171875,,34.4127197265625,,34.4127197265625,7.863071441650391,,,,,,,40.0,3.0,112.0,1.0,0.0,0.0,0.0,0.0,2022,11,Primavera,Bosque cerrado perennifolio latifolio,1,1,0,0,,>30 m,872_gt2l_1770105,294380.8,5278493.9,BOSQUE_NW_02,operacional,SI,,2022-11-16,NO,1189.58,21.631,21.823,-7.28,DESCARTADO
BOSQUE_NW_02(3),ATL08_20221116210454_08721713_007_01.h5,2022-11-16T21:04:54Z,gt2l,-71.50749969482422,-42.61588668823242,153868009.82040876,872.0,17.0,13.0,007,01,23265.0,1.0,1770120.0,1770124.0,1180.90625,,28.6944580078125,,30.7215576171875,6.687680244445801,,,,,,,44.0,3.0,112.0,1.0,0.0,0.0,0.0,0.0,2022,11,Primavera,Bosque cerrado perennifolio latifolio,1,1,0,0,,20–30 m,872_gt2l_1770120,294343.8,5278790.9,BOSQUE_NW_02,operacional,SI,,2022-11-16,NO,1165.72,21.623,21.817,-6.44,DESCARTADO
BOSQUE_NW_02(3),ATL08_20221116210454_08721713_007_01.h5,2022-11-16T21:04:54Z,gt2l,-71.5087661743164,-42.60604476928711,153868009.97546056,872.0,17.0,13.0,007,01,23265.0,1.0,1770175.0,1770179.0,1008.1055908203125,,22.3621826171875,,22.88836669921875,6.139278411865234,,,,,,,43.0,4.0,112.0,1.0,0.0,0.0,0.0,0.0,2022,11,Primavera,Bosque cerrado perennifolio latifolio,1,1,0,0,,20–30 m,872_gt2l_1770175,294207.5,5279880.8,BOSQUE_NW_02,operacional,SI,,2022-11-16,NO,993.16,21.592,21.806,-6.64,DESCARTADO
BOSQUE_NW_02(3),ATL08_20221116210454_08721713_007_01.h5,2022-11-16T21:04:54Z,gt2l,-71.50900268554688,-42.60425567626953,153868010.00359282,872.0,17.0,13.0,007,01,23265.0,1.0,1770185.0,1770189.0,980.7142944335938,,21.35504150390625,,21.35504150390625,4.931616306304932,,,,,,,42.0,5.0,126.0,1.0,0.0,0.0,0.0,0.0,2022,11,Primavera,Bosque abierto desconocido,1,1,0,0,,20–30 m,872_gt2l_1770185,294182.2,5280078.9,BOSQUE_NW_02,operacional,SI,,2022-11-16,NO,958.91,21.587,21.804,0.22,PASA
BOSQUE_NW_02(3),ATL08_20221116210454_08721713_007_01.h5,2022-11-16T21:04:54Z,gt2l,-71.50923156738281,-42.60246658325195,153868010.03182676,872.0,17.0,13.0,007,01,23265.0,1.0,1770195.0,1770199.0,956.9103393554688,,29.65576171875,,34.380859375,7.155723571777344,,,,,,,55.0,2.0,116.0,1.0,0.0,0.0,0.0,0.0,2022,11,Primavera,Bosque cerrado desconocido,1,1,0,0,,20–30 m,872_gt2l_1770195,294157.5,5280277.0,BOSQUE_NW_02,operacional,SI,,2022-11-16,NO,938.87,21.581,21.802,-3.54,PASA
BOSQUE_NW_02(3),ATL08_20221116210454_08721713_007_01.h5,2022-11-16T21:04:54Z,gt2l,-71.50980377197266,-42.597991943359375,153868010.1023538,872.0,17.0,13.0,007,01,23265.0,1.0,1770220.0,1770224.0,897.4928588867188,,17.4970703125,,17.4970703125,4.1840925216674805,,,,,,,35.0,1.0,112.0,1.0,0.0,0.0,0.0,0.0,2022,11,Primavera,Bosque cerrado perennifolio latifolio,1,1,0,0,,10–20 m,872_gt2l_1770220,294095.8,5280772.5,BOSQUE_NW_02,operacional,SI,,2022-11-16,NO,879.99,21.567,21.792,-4.07,PASA
BOSQUE_NW_02(3),ATL08_20221116210454_08721713_007_01.h5,2022-11-16T21:04:54Z,gt2l,-71.51004028320312,-42.5962028503418,153868010.13052475,872.0,17.0,13.0,007,01,23265.0,1.0,1770230.0,1770234.0,902.0294799804688,,23.01068115234375,,24.92852783203125,5.507175445556641,,,,,,,58.0,2.0,126.0,1.0,0.0,0.0,0.0,0.0,2022,11,Primavera,Bosque abierto desconocido,1,1,0,0,,20–30 m,872_gt2l_1770230,294070.5,5280970.6,BOSQUE_NW_02,operacional,SI,,2022-11-16,NO,884.79,21.562,21.787,-4.32,PASA
BOSQUE_NW_02(3),ATL08_20221116210454_08721713_007_01.h5,2022-11-16T21:04:54Z,gt2l,-71.5109634399414,-42.589046478271484,153868010.24333394,872.0,17.0,13.0,007,01,23265.0,1.0,1770270.0,1770274.0,816.1813354492188,102.0384292602539,21.04144287109375,77.81456756591797,21.75750732421875,5.295023441314697,,,,,,,58.0,8.0,126.0,1.0,0.0,0.0,0.0,0.0,2022,11,Primavera,Bosque abierto desconocido,1,1,1,1,3.6981573955091185,20–30 m,872_gt2l_1770270,293971.2,5281763.1,BOSQUE_NW_02,operacional,SI,,2022-11-16,NO,797.64,21.540,21.765,-3.00,PASA
BOSQUE_NW_02(3),ATL08_20221116210454_08721713_007_01.h5,2022-11-16T21:04:54Z,gt2l,-71.51132202148438,-42.586360931396484,153868010.28562275,872.0,17.0,13.0,007,01,23265.0,1.0,1770285.0,1770289.0,827.6990966796875,74.70205688476562,12.469970703125,61.67564010620117,12.469970703125,2.9045329093933105,,,,,,,19.0,11.0,126.0,1.0,0.0,0.0,0.0,0.0,2022,11,Primavera,Bosque abierto desconocido,1,1,1,1,4.945933039822229,10–20 m,872_gt2l_1770285,293932.9,5282060.4,BOSQUE_NW_02,operacional,SI,,2022-11-16,NO,803.05,21.531,21.757,3.12,PASA
BOSQUE_NW_02(3),ATL08_20221116210454_08721713_007_01.h5,2022-11-16T21:04:54Z,gt2l,-71.51143646240234,-42.58546829223633,153868010.29970887,872.0,17.0,13.0,007,01,23265.0,1.0,1770290.0,1770294.0,807.6759643554688,47.523826599121094,19.2037353515625,47.93400192260742,19.2037353515625,4.017683029174805,,,,,,,38.0,17.0,126.0,1.0,0.0,0.0,0.0,0.0,2022,11,Primavera,Bosque abierto desconocido,1,1,1,1,2.496076989454414,10–20 m,872_gt2l_1770290,293920.6,5282159.3,BOSQUE_NW_02,operacional,SI,,2022-11-16,NO,789.34,21.529,21.754,-3.19,PASA
BOSQUE_NW_02(3),ATL08_20221116210454_08721713_007_01.h5,2022-11-16T21:04:54Z,gt2l,-71.51190185546875,-42.58189010620117,153868010.3561163,872.0,17.0,13.0,007,01,23265.0,1.0,1770310.0,1770314.0,802.0259399414062,28.64242172241211,20.30426025390625,36.99223709106445,20.30426025390625,4.854405879974365,,,,,,,43.0,28.0,116.0,1.0,0.0,0.0,0.0,0.0,2022,11,Primavera,Bosque cerrado desconocido,1,1,1,1,1.8218953376519922,20–30 m,872_gt2l_1770310,293870.6,5282555.5,BOSQUE_NW_02,operacional,SI,,2022-11-16,NO,781.85,21.517,21.743,-1.34,PASA
BOSQUE_NW_02(3),ATL08_20221116210454_08721713_007_01.h5,2022-11-16T21:04:54Z,gt2l,-71.51201629638672,-42.58099365234375,153868010.3702517,872.0,17.0,13.0,007,01,23265.0,1.0,1770315.0,1770319.0,799.9981689453125,12.313130378723145,20.03131103515625,16.084383010864258,20.47528076171875,4.480415344238281,,,,,,,47.0,65.0,126.0,1.0,0.0,0.0,0.0,0.0,2022,11,Primavera,Bosque abierto desconocido,1,1,1,1,0.8029620718601554,20–30 m,872_gt2l_1770315,293858.2,5282654.8,BOSQUE_NW_02,operacional,SI,,2022-11-16,NO,780.50,21.515,21.740,-2.01,PASA
BOSQUE_NW_02(3),ATL08_20221116210454_08721713_007_01.h5,2022-11-16T21:04:54Z,gt2l,-71.51225280761719,-42.57920455932617,153868010.39847857,872.0,17.0,13.0,007,01,23265.0,1.0,1770325.0,1770329.0,827.6527099609375,137.30783081054688,22.73126220703125,62.02939987182617,22.97515869140625,5.05558967590332,,,,,,,48.0,6.0,20.0,1.0,0.0,0.0,0.0,0.0,2022,11,Primavera,Arbustos,1,1,1,1,2.728814586135881,20–30 m,872_gt2l_1770325,293832.9,5282852.9,BOSQUE_NW_02,operacional,SI,,2022-11-16,NO,811.74,21.509,21.734,-5.60,DESCARTADO
BOSQUE_NW_02(3),ATL08_20221116210454_08721713_007_01.h5,2022-11-16T21:04:54Z,gt2l,-71.51236724853516,-42.578311920166016,153868010.41260755,872.0,17.0,13.0,007,01,23265.0,1.0,1770330.0,1770334.0,848.2227783203125,,14.4224853515625,,14.4224853515625,3.2787065505981445,,,,,,,33.0,3.0,126.0,1.0,0.0,0.0,0.0,0.0,2022,11,Primavera,Bosque abierto desconocido,1,1,0,0,,10–20 m,872_gt2l_1770330,293820.6,5282951.7,BOSQUE_NW_02,operacional,SI,,2022-11-16,NO,827.23,21.506,21.731,-0.51,PASA
BOSQUE_NW_02(3),ATL08_20221116210454_08721713_007_01.h5,2022-11-16T21:04:54Z,gt2l,-71.51248931884766,-42.577415466308594,153868010.4266984,872.0,17.0,13.0,007,01,23265.0,1.0,1770335.0,1770339.0,843.7992553710938,,9.9127197265625,,10.2423095703125,2.03886342048645,,,,,,,21.0,1.0,126.0,1.0,0.0,0.0,0.0,0.0,2022,11,Primavera,Bosque abierto desconocido,1,1,0,0,,5–10 m,872_gt2l_1770335,293807.6,5283051.0,BOSQUE_NW_02,operacional,SI,,2022-11-16,NO,825.61,21.503,21.728,-3.32,PASA
BOSQUE_NW_02(3),ATL08_20221116210454_08721713_007_01.h5,2022-11-16T21:04:54Z,gt2l,-71.5127182006836,-42.575626373291016,153868010.45486194,872.0,17.0,13.0,007,01,23265.0,1.0,1770345.0,1770349.0,831.6571044921875,92.19828033447266,13.4129638671875,59.06795120239258,13.4129638671875,2.956371545791626,,,,,,,26.0,9.0,116.0,1.0,0.0,0.0,0.0,0.0,2022,11,Primavera,Bosque cerrado desconocido,1,1,1,1,4.403795595609716,10–20 m,872_gt2l_1770345,293782.9,5283249.1,BOSQUE_NW_02,operacional,SI,,2022-11-16,NO,812.99,21.497,21.722,-2.83,PASA
BOSQUE_NW_02(3),ATL08_20221116210454_08721713_007_01.h5,2022-11-16T21:04:54Z,gt2l,-71.5128402709961,-42.57473373413086,153868010.46902156,872.0,17.0,13.0,007,01,23265.0,1.0,1770350.0,1770354.0,831.4124145507812,,18.5205078125,,20.58367919921875,3.9773147106170654,,,,,,,38.0,1.0,126.0,1.0,0.0,0.0,0.0,0.0,2022,11,Primavera,Bosque abierto desconocido,1,1,0,0,,10–20 m,872_gt2l_1770350,293770.0,5283347.9,BOSQUE_NW_02,operacional,SI,,2022-11-16,NO,817.27,21.494,21.719,-7.35,DESCARTADO
BOSQUE_NW_02(3),ATL08_20221116210454_08721713_007_01.h5,2022-11-16T21:04:54Z,gt2l,-71.51295471191406,-42.57383728027344,153868010.4830987,872.0,17.0,13.0,007,01,23265.0,1.0,1770355.0,1770359.0,833.05322265625,39.65242004394531,13.94708251953125,35.869117736816406,14.17327880859375,3.009321451187134,,,,,,,38.0,21.0,126.0,1.0,0.0,0.0,0.0,0.0,2022,11,Primavera,Bosque abierto desconocido,1,1,1,1,2.5718007824637104,10–20 m,872_gt2l_1770355,293757.6,5283447.2,BOSQUE_NW_02,operacional,SI,,2022-11-16,NO,811.04,21.492,21.716,0.52,PASA
BOSQUE_NW_02(3),ATL08_20221116210454_08721713_007_01.h5,2022-11-16T21:04:54Z,gt2l,-71.5136489868164,-42.5684700012207,153868010.5678416,872.0,17.0,13.0,007,01,23265.0,1.0,1770385.0,1770389.0,797.318359375,,19.45660400390625,,22.7657470703125,3.8346521854400635,,,,,,,43.0,4.0,126.0,1.0,0.0,0.0,0.0,0.0,2022,11,Primavera,Bosque abierto desconocido,1,1,0,0,,10–20 m,872_gt2l_1770385,293683.0,5284041.5,BOSQUE_NW_02,operacional,SI,,2022-11-16,NO,783.41,21.475,21.699,-7.57,DESCARTADO
BOSQUE_NW_02(3),ATL08_20221116210454_08721713_007_01.h5,2022-11-16T21:04:54Z,gt2l,-71.5137710571289,-42.56757354736328,153868010.58186823,872.0,17.0,13.0,007,01,23265.0,1.0,1770390.0,1770394.0,788.0064697265625,,16.7657470703125,,19.81292724609375,4.150275230407715,,,,,,,54.0,4.0,126.0,1.0,0.0,0.0,0.0,0.0,2022,11,Primavera,Bosque abierto desconocido,1,1,0,0,,10–20 m,872_gt2l_1770390,293670.0,5284140.8,BOSQUE_NW_02,operacional,SI,,2022-11-16,NO,769.08,21.472,21.696,-2.54,PASA
BOSQUE_NW_02(3),ATL08_20221116210454_08721713_007_01.h5,2022-11-16T21:04:54Z,gt2l,-71.51411437988281,-42.56489181518555,153868010.62419772,872.0,17.0,13.0,007,01,23265.0,1.0,1770405.0,1770409.0,762.1543579101562,50.86714172363281,19.5555419921875,41.79975128173828,19.5555419921875,4.1667914390563965,,,,,,,35.0,15.0,116.0,1.0,0.0,0.0,0.0,0.0,2022,11,Primavera,Bosque cerrado desconocido,1,1,1,1,2.1374887639748064,10–20 m,872_gt2l_1770405,293632.9,5284437.7,BOSQUE_NW_02,operacional,SI,,2022-11-16,NO,742.96,21.463,21.689,-2.27,PASA
BOSQUE_NW_02(3),ATL08_20221116210454_08721713_007_01.h5,2022-11-16T21:04:54Z,gt2l,-71.51435089111328,-42.56310272216797,153868010.65233278,872.0,17.0,13.0,007,01,23265.0,1.0,1770415.0,1770419.0,759.2947998046875,,14.18072509765625,,15.45965576171875,3.45363712310791,,,,,,,50.0,4.0,126.0,1.0,0.0,0.0,0.0,0.0,2022,11,Primavera,Bosque abierto desconocido,1,1,0,0,,10–20 m,872_gt2l_1770415,293607.6,5284635.8,BOSQUE_NW_02,operacional,SI,,2022-11-16,NO,743.48,21.458,21.685,-5.65,DESCARTADO
BOSQUE_NW_02(3),ATL08_20221116210454_08721713_007_01.h5,2022-11-16T21:04:54Z,gt2l,-71.51470184326172,-42.56041717529297,153868010.69464704,872.0,17.0,13.0,007,01,23265.0,1.0,1770430.0,1770434.0,761.3661499023438,,15.9019775390625,,15.9019775390625,3.526367664337158,,,,,,,38.0,4.0,20.0,1.0,0.0,0.0,0.0,0.0,2022,11,Primavera,Arbustos,1,1,0,0,,10–20 m,872_gt2l_1770430,293570.0,5284933.2,BOSQUE_NW_02,operacional,SI,,2022-11-16,NO,742.80,21.449,21.678,-2.88,PASA
BOSQUE_NW_02(3),ATL08_20221116210454_08721713_007_01.h5,2022-11-16T21:04:54Z,gt2l,-71.51481628417969,-42.55952453613281,153868010.7087257,872.0,17.0,13.0,007,01,23265.0,1.0,1770435.0,1770439.0,754.7804565429688,,8.31207275390625,,8.31207275390625,1.8977863788604736,,,,,,,30.0,5.0,20.0,1.0,0.0,0.0,0.0,0.0,2022,11,Primavera,Arbustos,1,1,0,0,,5–10 m,872_gt2l_1770435,293557.6,5285032.1,BOSQUE_NW_02,operacional,SI,,2022-11-16,NO,740.84,21.446,21.676,-7.51,DESCARTADO
BOSQUE_NW_02(3),ATL08_20221116210454_08721713_007_01.h5,2022-11-16T21:04:54Z,gt2r,-71.49624633789062,-42.69291305541992,153868008.9584994,872.0,17.0,13.0,007,01,23265.0,1.0,1769689.0,1769693.0,1158.1002197265625,,22.1597900390625,,22.6566162109375,5.275596618652344,,,,,,,116.0,9.0,116.0,1.0,0.0,0.0,0.0,0.0,2022,11,Primavera,Bosque cerrado desconocido,1,1,0,0,,20–30 m,872_gt2r_1769689,295519.4,5270264.4,BOSQUE_NW_02,operacional,SI,,2022-11-16,NO,1141.88,21.785,22.026,-5.57,DESCARTADO
BOSQUE_NW_02(3),ATL08_20221116210454_08721713_007_01.h5,2022-11-16T21:04:54Z,gt2r,-71.4966049194336,-42.69023132324219,153868009.00066692,872.0,17.0,13.0,007,01,23265.0,1.0,1769704.0,1769708.0,1158.374755859375,,17.9385986328125,,18.2672119140625,4.972285747528076,,,,,,,80.0,9.0,112.0,1.0,0.0,0.0,0.0,0.0,2022,11,Primavera,Bosque cerrado perennifolio latifolio,1,1,0,0,,10–20 m,872_gt2r_1769704,295481.3,5270561.3,BOSQUE_NW_02,operacional,SI,,2022-11-16,NO,1136.61,21.781,22.021,-0.02,PASA
BOSQUE_NW_02(3),ATL08_20221116210454_08721713_007_01.h5,2022-11-16T21:04:54Z,gt2r,-71.49684143066406,-42.68844223022461,153868009.0290486,872.0,17.0,13.0,007,01,23265.0,1.0,1769714.0,1769718.0,1258.6630859375,,22.8106689453125,,23.531494140625,5.880709171295166,,,,,,,85.0,5.0,112.0,1.0,0.0,0.0,0.0,0.0,2022,11,Primavera,Bosque cerrado perennifolio latifolio,1,1,0,0,,20–30 m,872_gt2r_1769714,295456.0,5270759.4,BOSQUE_NW_02,operacional,SI,,2022-11-16,NO,1246.48,21.779,22.018,-9.60,DESCARTADO
BOSQUE_NW_02(3),ATL08_20221116210454_08721713_007_01.h5,2022-11-16T21:04:54Z,gt2r,-71.49708557128906,-42.68665313720703,153868009.05716595,872.0,17.0,13.0,007,01,23265.0,1.0,1769724.0,1769728.0,1298.9617919921875,,23.4891357421875,,27.0675048828125,5.4621405601501465,,,,,,,98.0,3.0,116.0,1.0,0.0,0.0,0.0,0.0,2022,11,Primavera,Bosque cerrado desconocido,1,1,0,0,,20–30 m,872_gt2r_1769724,295430.1,5270957.5,BOSQUE_NW_02,operacional,SI,,2022-11-16,NO,1287.01,21.777,22.015,-9.82,DESCARTADO
BOSQUE_NW_02(3),ATL08_20221116210454_08721713_007_01.h5,2022-11-16T21:04:54Z,gt2r,-71.49720764160156,-42.685760498046875,153868009.07117322,872.0,17.0,13.0,007,01,23265.0,1.0,1769729.0,1769733.0,1327.7802734375,,25.3699951171875,,28.6395263671875,5.8216352462768555,,,,,,,81.0,5.0,112.0,1.0,0.0,0.0,0.0,0.0,2022,11,Primavera,Bosque cerrado perennifolio latifolio,1,1,0,0,,20–30 m,872_gt2r_1769729,295417.2,5271056.4,BOSQUE_NW_02,operacional,SI,,2022-11-16,NO,1313.14,21.776,22.014,-7.13,DESCARTADO
BOSQUE_NW_02(3),ATL08_20221116210454_08721713_007_01.h5,2022-11-16T21:04:54Z,gt2r,-71.49732208251953,-42.68486404418945,153868009.08531898,872.0,17.0,13.0,007,01,23265.0,1.0,1769734.0,1769738.0,1324.4339599609375,,22.882080078125,,28.81103515625,6.2586565017700195,,,,,,,68.0,6.0,30.0,1.0,0.0,0.0,0.0,0.0,2022,11,Primavera,Herbáceas,1,1,0,0,,20–30 m,872_gt2r_1769734,295404.9,5271155.6,BOSQUE_NW_02,operacional,SI,,2022-11-16,NO,1309.22,21.775,22.012,-6.56,DESCARTADO
BOSQUE_NW_02(3),ATL08_20221116210454_08721713_007_01.h5,2022-11-16T21:04:54Z,gt2r,-71.49787902832031,-42.680389404296875,153868009.15577683,872.0,17.0,13.0,007,01,23265.0,1.0,1769759.0,1769763.0,1164.8765869140625,,26.8203125,,28.0062255859375,8.160511016845703,,,,,,,51.0,7.0,40.0,1.0,0.0,0.0,0.0,0.0,2022,11,Primavera,Cultivos/manejo,1,1,0,0,,20–30 m,872_gt2r_1769759,295344.6,5271651.2,BOSQUE_NW_02,operacional,SI,,2022-11-16,NO,1153.55,21.769,22.004,-10.45,DESCARTADO
BOSQUE_NW_02(3),ATL08_20221116210454_08721713_007_01.h5,2022-11-16T21:04:54Z,gt2r,-71.49847412109375,-42.67591857910156,153868009.2264182,872.0,17.0,13.0,007,01,23265.0,1.0,1769784.0,1769788.0,1159.397216796875,,21.2042236328125,,22.4814453125,5.537817001342773,,,,,,,91.0,9.0,112.0,1.0,0.0,0.0,0.0,0.0,2022,11,Primavera,Bosque cerrado perennifolio latifolio,1,1,0,0,,20–30 m,872_gt2r_1769784,295281.1,5272146.2,BOSQUE_NW_02,operacional,SI,,2022-11-16,NO,1137.94,21.764,21.996,-0.31,PASA
BOSQUE_NW_02(3),ATL08_20221116210454_08721713_007_01.h5,2022-11-16T21:04:54Z,gt2r,-71.49858856201172,-42.67502212524414,153868009.2406049,872.0,17.0,13.0,007,01,23265.0,1.0,1769789.0,1769793.0,1191.4505615234375,,20.18798828125,,26.9302978515625,4.4267377853393555,,,,,,,95.0,9.0,112.0,1.0,0.0,0.0,0.0,0.0,2022,11,Primavera,Bosque cerrado perennifolio latifolio,1,1,0,0,,20–30 m,872_gt2r_1769789,295268.8,5272245.5,BOSQUE_NW_02,operacional,SI,,2022-11-16,NO,1169.22,21.763,21.994,0.47,PASA
BOSQUE_NW_02(3),ATL08_20221116210454_08721713_007_01.h5,2022-11-16T21:04:54Z,gt2r,-71.49871063232422,-42.674129486083984,153868009.25455692,872.0,17.0,13.0,007,01,23265.0,1.0,1769794.0,1769798.0,1213.7230224609375,,14.740234375,,17.0015869140625,3.553330421447754,,,,,,,88.0,8.0,112.0,1.0,0.0,0.0,0.0,0.0,2022,11,Primavera,Bosque cerrado perennifolio latifolio,1,1,0,0,,10–20 m,872_gt2r_1769794,295255.9,5272344.4,BOSQUE_NW_02,operacional,SI,,2022-11-16,NO,1196.07,21.762,21.993,-4.10,PASA
BOSQUE_NW_02(3),ATL08_20221116210454_08721713_007_01.h5,2022-11-16T21:04:54Z,gt2r,-71.49883270263672,-42.67323303222656,153868009.26848716,872.0,17.0,13.0,007,01,23265.0,1.0,1769799.0,1769803.0,1211.04638671875,,11.094970703125,,13.0380859375,2.8384125232696533,,,,,,,70.0,7.0,116.0,1.0,0.0,0.0,0.0,0.0,2022,11,Primavera,Bosque cerrado desconocido,1,1,0,0,,10–20 m,872_gt2r_1769799,295242.9,5272443.6,BOSQUE_NW_02,operacional,SI,,2022-11-16,NO,1193.95,21.760,21.991,-4.67,PASA
BOSQUE_NW_02(3),ATL08_20221116210454_08721713_007_01.h5,2022-11-16T21:04:54Z,gt2r,-71.49894714355469,-42.672340393066406,153868009.28268892,872.0,17.0,13.0,007,01,23265.0,1.0,1769804.0,1769808.0,1220.977783203125,,20.021240234375,,21.526123046875,5.689509868621826,,,,,,,52.0,8.0,112.0,1.0,0.0,0.0,0.0,0.0,2022,11,Primavera,Bosque cerrado perennifolio latifolio,1,1,0,0,,20–30 m,872_gt2r_1769804,295230.6,5272542.5,BOSQUE_NW_02,operacional,SI,,2022-11-16,NO,1199.09,21.759,21.989,0.13,PASA
BOSQUE_NW_02(3),ATL08_20221116210454_08721713_007_01.h5,2022-11-16T21:04:54Z,gt2r,-71.49919128417969,-42.67055130004883,153868009.31085798,872.0,17.0,13.0,007,01,23265.0,1.0,1769814.0,1769818.0,1258.719970703125,,18.36083984375,,19.87158203125,4.883851051330566,,,,,,,72.0,9.0,112.0,1.0,0.0,0.0,0.0,0.0,2022,11,Primavera,Bosque cerrado perennifolio latifolio,1,1,0,0,,10–20 m,872_gt2r_1769814,295204.7,5272740.5,BOSQUE_NW_02,operacional,SI,,2022-11-16,NO,1239.73,21.757,21.986,-2.77,PASA
BOSQUE_NW_02(3),ATL08_20221116210454_08721713_007_01.h5,2022-11-16T21:04:54Z,gt2r,-71.4995346069336,-42.66786575317383,153868009.35331497,872.0,17.0,13.0,007,01,23265.0,1.0,1769829.0,1769833.0,1289.7999267578125,,23.5113525390625,,26.9736328125,5.610768795013428,,,,,,,73.0,7.0,116.0,1.0,0.0,0.0,0.0,0.0,2022,11,Primavera,Bosque cerrado desconocido,1,1,0,0,,20–30 m,872_gt2r_1769829,295167.8,5273037.9,BOSQUE_NW_02,operacional,SI,,2022-11-16,NO,1277.27,21.753,21.981,-9.22,DESCARTADO
BOSQUE_NW_02(3),ATL08_20221116210454_08721713_007_01.h5,2022-11-16T21:04:54Z,gt2r,-71.4996566772461,-42.66697311401367,153868009.36722165,872.0,17.0,13.0,007,01,23265.0,1.0,1769834.0,1769838.0,1256.382080078125,,21.52685546875,,21.87060546875,5.394827365875244,,,,,,,59.0,7.0,112.0,1.0,0.0,0.0,0.0,0.0,2022,11,Primavera,Bosque cerrado perennifolio latifolio,1,1,0,0,,20–30 m,872_gt2r_1769834,295154.8,5273136.8,BOSQUE_NW_02,operacional,SI,,2022-11-16,NO,1237.01,21.752,21.979,-2.38,PASA
BOSQUE_NW_02(3),ATL08_20221116210454_08721713_007_01.h5,2022-11-16T21:04:54Z,gt2r,-71.50021362304688,-42.662498474121094,153868009.43793488,872.0,17.0,13.0,007,01,23265.0,1.0,1769859.0,1769863.0,1139.867431640625,,22.761962890625,,23.3934326171875,6.6016082763671875,,,,,,,43.0,6.0,112.0,1.0,0.0,0.0,0.0,0.0,2022,11,Primavera,Bosque cerrado perennifolio latifolio,1,1,0,0,,20–30 m,872_gt2r_1769859,295094.5,5273632.3,BOSQUE_NW_02,operacional,SI,,2022-11-16,NO,1116.38,21.742,21.961,1.75,PASA
BOSQUE_NW_02(3),ATL08_20221116210454_08721713_007_01.h5,2022-11-16T21:04:54Z,gt2r,-71.50093078613281,-42.65713119506836,153868009.5224386,872.0,17.0,13.0,007,01,23265.0,1.0,1769889.0,1769893.0,1197.070556640625,,23.4559326171875,,24.840576171875,6.492766857147217,,,,,,,83.0,8.0,112.0,1.0,0.0,0.0,0.0,0.0,2022,11,Primavera,Bosque cerrado perennifolio latifolio,1,1,0,0,,20–30 m,872_gt2r_1769889,295018.1,5274226.6,BOSQUE_NW_02,operacional,SI,,2022-11-16,NO,1177.78,21.730,21.940,-2.44,PASA
BOSQUE_NW_02(3),ATL08_20221116210454_08721713_007_01.h5,2022-11-16T21:04:54Z,gt2r,-71.50259399414062,-42.64461135864258,153868009.71966565,872.0,17.0,13.0,007,01,23265.0,1.0,1769959.0,1769963.0,1413.396484375,,22.1890869140625,,22.7772216796875,6.409371852874756,,,,,,,134.0,7.0,112.0,1.0,0.0,0.0,0.0,0.0,2022,11,Primavera,Bosque cerrado perennifolio latifolio,1,1,0,0,,20–30 m,872_gt2r_1769959,294840.6,5275612.9,BOSQUE_NW_02,operacional,SI,,2022-11-16,NO,1405.00,21.700,21.897,-13.30,DESCARTADO
BOSQUE_NW_02(3),ATL08_20221116210454_08721713_007_01.h5,2022-11-16T21:04:54Z,gt2r,-71.50281524658203,-42.642822265625,153868009.7480879,872.0,17.0,13.0,007,01,23265.0,1.0,1769969.0,1769973.0,1380.869140625,,17.5682373046875,,17.6904296875,4.443628787994385,,,,,,,80.0,7.0,112.0,1.0,0.0,0.0,0.0,0.0,2022,11,Primavera,Bosque cerrado perennifolio latifolio,1,1,0,0,,10–20 m,872_gt2r_1769969,294816.5,5275811.1,BOSQUE_NW_02,operacional,SI,,2022-11-16,NO,1362.92,21.696,21.892,-3.75,PASA
BOSQUE_NW_02(3),ATL08_20221116210454_08721713_007_01.h5,2022-11-16T21:04:54Z,gt2r,-71.503173828125,-42.64013671875,153868009.79025188,872.0,17.0,13.0,007,01,23265.0,1.0,1769984.0,1769988.0,1348.533203125,,10.7471923828125,,12.9088134765625,2.670914649963379,,,,,,,70.0,9.0,112.0,1.0,0.0,0.0,0.0,0.0,2022,11,Primavera,Bosque cerrado perennifolio latifolio,1,1,0,0,,10–20 m,872_gt2r_1769984,294778.3,5276108.4,BOSQUE_NW_02,operacional,SI,,2022-11-16,NO,1325.89,21.690,21.884,0.95,PASA
BOSQUE_NW_02(3),ATL08_20221116210454_08721713_007_01.h5,2022-11-16T21:04:54Z,gt2r,-71.50328063964844,-42.63924026489258,153868009.80431157,872.0,17.0,13.0,007,01,23265.0,1.0,1769989.0,1769993.0,1356.3037109375,,17.834228515625,,20.626220703125,4.416790962219238,,,,,,,82.0,7.0,114.0,1.0,0.0,0.0,0.0,0.0,2022,11,Primavera,Bosque cerrado caducifolio latifolio,1,1,0,0,,10–20 m,872_gt2r_1769989,294766.6,5276207.7,BOSQUE_NW_02,operacional,SI,,2022-11-16,NO,1337.66,21.687,21.881,-3.05,PASA
BOSQUE_NW_02(3),ATL08_20221116210454_08721713_007_01.h5,2022-11-16T21:04:54Z,gt2r,-71.50340270996094,-42.63834762573242,153868009.8183059,872.0,17.0,13.0,007,01,23265.0,1.0,1769994.0,1769998.0,1350.093017578125,75.03700256347656,16.383056640625,43.62437438964844,18.107666015625,4.2113938331604,,,,,,,92.0,18.0,112.0,1.0,0.0,0.0,0.0,0.0,2022,11,Primavera,Bosque cerrado perennifolio latifolio,1,1,1,1,2.6627738246032338,10–20 m,872_gt2r_1769994,294753.7,5276306.6,BOSQUE_NW_02,operacional,SI,,2022-11-16,NO,1330.06,21.685,21.879,-1.65,PASA
BOSQUE_NW_02(3),ATL08_20221116210454_08721713_007_01.h5,2022-11-16T21:04:54Z,gt2r,-71.5036392211914,-42.636558532714844,153868009.84674466,872.0,17.0,13.0,007,01,23265.0,1.0,1770005.0,1770008.0,1338.041748046875,,22.837158203125,,26.4541015625,5.523064136505127,,,,,,,81.0,1.0,112.0,1.0,0.0,0.0,0.0,0.0,2022,11,Primavera,Bosque cerrado perennifolio latifolio,1,1,0,0,,20–30 m,872_gt2r_1770005,294728.4,5276504.7,BOSQUE_NW_02,operacional,SI,,2022-11-16,NO,1326.48,21.681,21.874,-10.12,DESCARTADO
BOSQUE_NW_02(3),ATL08_20221116210454_08721713_007_01.h5,2022-11-16T21:04:54Z,gt2r,-71.50399017333984,-42.633872985839844,153868009.88882926,872.0,17.0,13.0,007,01,23265.0,1.0,1770019.0,1770023.0,1383.9207763671875,15.722180366516113,8.992431640625,18.00080108642578,9.2149658203125,2.669163703918457,,,,,,,65.0,88.0,116.0,1.0,0.0,0.0,0.0,0.0,2022,11,Primavera,Bosque cerrado desconocido,1,1,1,1,2.0017723576683952,5–10 m,872_gt2r_1770019,294690.8,5276802.0,BOSQUE_NW_02,operacional,SI,,2022-11-16,NO,1361.70,21.675,21.866,0.55,PASA
BOSQUE_NW_02(3),ATL08_20221116210454_08721713_007_01.h5,2022-11-16T21:04:54Z,gt2r,-71.50411224365234,-42.63298034667969,153868009.90299737,872.0,17.0,13.0,007,01,23265.0,1.0,1770024.0,1770028.0,1387.9351806640625,22.750289916992188,10.0704345703125,20.281110763549805,10.2781982421875,2.806796073913574,,,,,,,52.0,61.0,116.0,1.0,0.0,0.0,0.0,0.0,2022,11,Primavera,Bosque cerrado desconocido,1,1,1,1,2.01392607458453,10–20 m,872_gt2r_1770024,294677.8,5276900.9,BOSQUE_NW_02,operacional,SI,,2022-11-16,NO,1366.20,21.672,21.863,0.07,PASA
BOSQUE_NW_02(3),ATL08_20221116210454_08721713_007_01.h5,2022-11-16T21:04:54Z,gt2r,-71.50434112548828,-42.63119125366211,153868009.93127614,872.0,17.0,13.0,007,01,23265.0,1.0,1770034.0,1770038.0,1381.5272216796875,,14.1793212890625,,14.8531494140625,3.6069233417510986,,,,,,,78.0,9.0,112.0,1.0,0.0,0.0,0.0,0.0,2022,11,Primavera,Bosque cerrado perennifolio latifolio,1,1,0,0,,10–20 m,872_gt2r_1770034,294653.2,5277099.0,BOSQUE_NW_02,operacional,SI,,2022-11-16,NO,1363.54,21.668,21.859,-3.68,PASA
BOSQUE_NW_02(3),ATL08_20221116210454_08721713_007_01.h5,2022-11-16T21:04:54Z,gt2r,-71.50457000732422,-42.62940216064453,153868009.95947173,872.0,17.0,13.0,007,01,23265.0,1.0,1770045.0,1770048.0,1354.5360107421875,,19.236083984375,,21.38525390625,4.59394645690918,,,,,,,45.0,3.0,114.0,1.0,0.0,0.0,0.0,0.0,2022,11,Primavera,Bosque cerrado caducifolio latifolio,1,1,0,0,,10–20 m,872_gt2r_1770045,294628.5,5277297.1,BOSQUE_NW_02,operacional,SI,,2022-11-16,NO,1337.36,21.664,21.854,-4.48,PASA
BOSQUE_NW_02(3),ATL08_20221116210454_08721713_007_01.h5,2022-11-16T21:04:54Z,gt2r,-71.50468444824219,-42.62850570678711,153868009.97355467,872.0,17.0,13.0,007,01,23265.0,1.0,1770049.0,1770053.0,1333.5367431640625,,26.13623046875,,26.2891845703125,4.9860711097717285,,,,,,,77.0,4.0,112.0,1.0,0.0,0.0,0.0,0.0,2022,11,Primavera,Bosque cerrado perennifolio latifolio,1,1,0,0,,20–30 m,872_gt2r_1770049,294616.2,5277396.4,BOSQUE_NW_02,operacional,SI,,2022-11-16,NO,1305.43,21.662,21.851,6.45,DESCARTADO
BOSQUE_NW_02(3),ATL08_20221116210454_08721713_007_01.h5,2022-11-16T21:04:54Z,gt2r,-71.50479888916016,-42.62761306762695,153868009.98765644,872.0,17.0,13.0,007,01,23265.0,1.0,1770054.0,1770057.0,1304.4918212890625,,23.91015625,,24.6922607421875,5.71195650100708,,,,,,,47.0,7.0,112.0,1.0,0.0,0.0,0.0,0.0,2022,11,Primavera,Bosque cerrado perennifolio latifolio,1,1,0,0,,20–30 m,872_gt2r_1770054,294603.9,5277495.2,BOSQUE_NW_02,operacional,SI,,2022-11-16,NO,1280.54,21.660,21.849,2.29,PASA
BOSQUE_NW_02(3),ATL08_20221116210454_08721713_007_01.h5,2022-11-16T21:04:54Z,gt2r,-71.5049057006836,-42.62671661376953,153868010.00177225,872.0,17.0,13.0,007,01,23265.0,1.0,1770059.0,1770063.0,1270.968505859375,,23.1226806640625,,26.2218017578125,5.531177997589111,,,,,,,67.0,7.0,116.0,1.0,0.0,0.0,0.0,0.0,2022,11,Primavera,Bosque cerrado desconocido,1,1,0,0,,20–30 m,872_gt2r_1770059,294592.2,5277594.5,BOSQUE_NW_02,operacional,SI,,2022-11-16,NO,1246.93,21.658,21.846,2.38,PASA
BOSQUE_NW_02(3),ATL08_20221116210454_08721713_007_01.h5,2022-11-16T21:04:54Z,gt2r,-71.5051498413086,-42.62492752075195,153868010.02988335,872.0,17.0,13.0,007,01,23265.0,1.0,1770069.0,1770073.0,1241.481689453125,,26.22509765625,,27.331298828125,7.1359357833862305,,,,,,,95.0,8.0,112.0,1.0,0.0,0.0,0.0,0.0,2022,11,Primavera,Bosque cerrado perennifolio latifolio,1,1,0,0,,20–30 m,872_gt2r_1770069,294566.2,5277792.6,BOSQUE_NW_02,operacional,SI,,2022-11-16,NO,1226.82,21.653,21.841,-6.99,DESCARTADO
BOSQUE_NW_02(3),ATL08_20221116210454_08721713_007_01.h5,2022-11-16T21:04:54Z,gt2r,-71.50607299804688,-42.61777114868164,153868010.1427208,872.0,17.0,13.0,007,01,23265.0,1.0,1770109.0,1770112.0,1184.6195068359375,,25.298828125,,26.8900146484375,6.907168865203857,,,,,,,49.0,2.0,112.0,1.0,0.0,0.0,0.0,0.0,2022,11,Primavera,Bosque cerrado perennifolio latifolio,1,1,0,0,,20–30 m,872_gt2r_1770109,294467.0,5278585.1,BOSQUE_NW_02,operacional,SI,,2022-11-16,NO,1165.88,21.631,21.821,-2.89,PASA
BOSQUE_NW_02(3),ATL08_20221116210454_08721713_007_01.h5,2022-11-16T21:04:54Z,gt2r,-71.50630950927734,-42.61598205566406,153868010.17089778,872.0,17.0,13.0,007,01,23265.0,1.0,1770119.0,1770122.0,1176.560546875,,24.353515625,,25.3681640625,7.228099822998047,,,,,,,79.0,9.0,112.0,1.0,0.0,0.0,0.0,0.0,2022,11,Primavera,Bosque cerrado perennifolio latifolio,1,1,0,0,,20–30 m,872_gt2r_1770119,294441.7,5278783.2,BOSQUE_NW_02,operacional,SI,,2022-11-16,NO,1159.34,21.625,21.818,-4.41,PASA
BOSQUE_NW_02(3),ATL08_20221116210454_08721713_007_01.h5,2022-11-16T21:04:54Z,gt2r,-71.50643157958984,-42.61508560180664,153868010.18498778,872.0,17.0,13.0,007,01,23265.0,1.0,1770125.0,1770128.0,1141.2237548828125,,21.890869140625,,21.9693603515625,6.241865634918213,,,,,,,43.0,8.0,112.0,1.0,0.0,0.0,0.0,0.0,2022,11,Primavera,Bosque cerrado perennifolio latifolio,1,1,0,0,,20–30 m,872_gt2r_1770125,294428.7,5278882.5,BOSQUE_NW_02,operacional,SI,,2022-11-16,NO,1126.49,21.622,21.817,-6.89,DESCARTADO
BOSQUE_NW_02(3),ATL08_20221116210454_08721713_007_01.h5,2022-11-16T21:04:54Z,gt2r,-71.50724029541016,-42.60882568359375,153868010.28386116,872.0,17.0,13.0,007,01,23265.0,1.0,1770159.0,1770163.0,1073.4278564453125,53.72910690307617,8.7171630859375,19.03123664855957,11.0125732421875,2.4190375804901123,,,,,,,81.0,20.0,112.0,1.0,0.0,0.0,0.0,0.0,2022,11,Primavera,Bosque cerrado perennifolio latifolio,1,1,1,1,2.1831915338673316,5–10 m,872_gt2r_1770159,294341.8,5279575.6,BOSQUE_NW_02,operacional,SI,,2022-11-16,NO,1052.22,21.602,21.810,-0.40,PASA
BOSQUE_NW_02(3),ATL08_20221116210454_08721713_007_01.h5,2022-11-16T21:04:54Z,gt2r,-71.50746154785156,-42.607032775878906,153868010.31217894,872.0,17.0,13.0,007,01,23265.0,1.0,1770169.0,1770173.0,1046.7838134765625,,12.666015625,,12.958740234375,3.012968063354492,,,,,,,64.0,6.0,112.0,1.0,0.0,0.0,0.0,0.0,2022,11,Primavera,Bosque cerrado perennifolio latifolio,1,1,0,0,,10–20 m,872_gt2r_1770169,294317.7,5279774.2,BOSQUE_NW_02,operacional,SI,,2022-11-16,NO,1026.85,21.597,21.808,-1.67,PASA
BOSQUE_NW_02(3),ATL08_20221116210454_08721713_007_01.h5,2022-11-16T21:04:54Z,gt2r,-71.50758361816406,-42.60614013671875,153868010.32631359,872.0,17.0,13.0,007,01,23265.0,1.0,1770174.0,1770178.0,1035.43359375,79.81444549560547,12.379638671875,25.389257431030273,14.2410888671875,2.849881172180176,,,,,,,99.0,13.0,112.0,1.0,0.0,0.0,0.0,0.0,2022,11,Primavera,Bosque cerrado perennifolio latifolio,1,1,1,1,2.050888406679551,10–20 m,872_gt2r_1770174,294304.8,5279873.0,BOSQUE_NW_02,operacional,SI,,2022-11-16,NO,1014.62,21.594,21.807,-0.78,PASA
BOSQUE_NW_02(3),ATL08_20221116210454_08721713_007_01.h5,2022-11-16T21:04:54Z,gt2r,-71.50791931152344,-42.60345458984375,153868010.36844563,872.0,17.0,13.0,007,01,23265.0,1.0,1770189.0,1770193.0,992.1519165039062,76.50479888916016,10.91302490234375,26.11330795288086,12.77203369140625,2.6449246406555176,,,,,,,103.0,13.0,116.0,1.0,0.0,0.0,0.0,0.0,2022,11,Primavera,Bosque cerrado desconocido,1,1,1,1,2.3928569930480594,10–20 m,872_gt2r_1770189,294268.4,5280170.5,BOSQUE_NW_02,operacional,SI,,2022-11-16,NO,972.74,21.586,21.804,-2.18,PASA
BOSQUE_NW_02(3),ATL08_20221116210454_08721713_007_01.h5,2022-11-16T21:04:54Z,gt2r,-71.50861358642578,-42.598087310791016,153868010.45323297,872.0,17.0,13.0,007,01,23265.0,1.0,1770219.0,1770223.0,937.5255126953125,,9.70819091796875,,10.45562744140625,2.1232755184173584,,,,,,,62.0,9.0,112.0,1.0,0.0,0.0,0.0,0.0,2022,11,Primavera,Bosque cerrado perennifolio latifolio,1,1,0,0,,5–10 m,872_gt2r_1770219,294193.8,5280764.8,BOSQUE_NW_02,operacional,SI,,2022-11-16,NO,917.79,21.569,21.794,-1.83,PASA
BOSQUE_NW_02(3),ATL08_20221116210454_08721713_007_01.h5,2022-11-16T21:04:54Z,gt2r,-71.5095443725586,-42.5909309387207,153868010.56609946,872.0,17.0,13.0,007,01,23265.0,1.0,1770259.0,1770263.0,821.4557495117188,16.461444854736328,8.6484375,14.059961318969727,16.63427734375,2.6407852172851562,,,,,,,88.0,50.0,126.0,1.0,0.0,0.0,0.0,0.0,2022,11,Primavera,Bosque abierto desconocido,1,1,1,1,1.6257227180019196,5–10 m,872_gt2r_1770259,294093.8,5281557.2,BOSQUE_NW_02,operacional,SI,,2022-11-16,NO,801.57,21.547,21.772,-1.66,PASA
BOSQUE_NW_02(3),ATL08_20221116210454_08721713_007_01.h5,2022-11-16T21:04:54Z,gt2r,-71.50977325439453,-42.589141845703125,153868010.59429133,872.0,17.0,13.0,007,01,23265.0,1.0,1770269.0,1770273.0,819.3630981445312,19.51223373413086,6.0194091796875,13.048815727233887,15.1829833984375,1.6187866926193237,,,,,,,89.0,42.0,20.0,1.0,0.0,0.0,0.0,0.0,2022,11,Primavera,Arbustos,1,1,1,1,2.1677901165561435,5–10 m,872_gt2r_1770269,294069.2,5281755.4,BOSQUE_NW_02,operacional,SI,,2022-11-16,NO,798.79,21.541,21.766,-0.97,PASA
BOSQUE_NW_02(3),ATL08_20221116210454_08721713_007_01.h5,2022-11-16T21:04:54Z,gt2r,-71.50989532470703,-42.5882453918457,153868010.60840714,872.0,17.0,13.0,007,01,23265.0,1.0,1770274.0,1770278.0,824.7584838867188,24.2614688873291,12.36865234375,15.395456314086914,17.52374267578125,2.3060481548309326,,,,,,,102.0,34.0,116.0,1.0,0.0,0.0,0.0,0.0,2022,11,Primavera,Bosque cerrado desconocido,1,1,1,1,1.2447157447889938,10–20 m,872_gt2r_1770274,294056.2,5281854.6,BOSQUE_NW_02,operacional,SI,,2022-11-16,NO,803.42,21.539,21.763,-0.20,PASA
BOSQUE_NW_02(3),ATL08_20221116210454_08721713_007_01.h5,2022-11-16T21:04:54Z,gt2r,-71.51024627685547,-42.58556365966797,153868010.6507482,872.0,17.0,13.0,007,01,23265.0,1.0,1770289.0,1770293.0,835.3951416015625,30.879959106445312,9.9654541015625,16.44763946533203,10.49200439453125,2.3884599208831787,,,,,,,73.0,27.0,126.0,1.0,0.0,0.0,0.0,0.0,2022,11,Primavera,Bosque abierto desconocido,1,1,1,1,1.6504656283302914,5–10 m,872_gt2r_1770289,294018.6,5282151.6,BOSQUE_NW_02,operacional,SI,,2022-11-16,NO,814.51,21.530,21.755,-0.65,PASA
BOSQUE_NW_02(3),ATL08_20221116210454_08721713_007_01.h5,2022-11-16T21:04:54Z,gt2r,-71.51048278808594,-42.58377456665039,153868010.67878565,872.0,17.0,13.0,007,01,23265.0,1.0,1770299.0,1770303.0,814.5013427734375,,18.2772216796875,,19.20428466796875,4.5583038330078125,,,,,,,105.0,3.0,20.0,1.0,0.0,0.0,0.0,0.0,2022,11,Primavera,Arbustos,1,1,0,0,,10–20 m,872_gt2r_1770299,293993.3,5282349.7,BOSQUE_NW_02,operacional,SI,,2022-11-16,NO,801.94,21.525,21.750,-8.96,DESCARTADO
BOSQUE_NW_02(3),ATL08_20221116210454_08721713_007_01.h5,2022-11-16T21:04:54Z,gt2r,-71.51071166992188,-42.58198547363281,153868010.70722842,872.0,17.0,13.0,007,01,23265.0,1.0,1770309.0,1770313.0,804.4271850585938,32.178672790527344,13.65167236328125,18.173036575317383,15.74127197265625,3.6517069339752197,,,,,,,125.0,25.0,116.0,1.0,0.0,0.0,0.0,0.0,2022,11,Primavera,Bosque cerrado desconocido,1,1,1,1,1.3311948962529452,10–20 m,872_gt2r_1770309,293968.6,5282547.8,BOSQUE_NW_02,operacional,SI,,2022-11-16,NO,785.49,21.519,21.744,-2.58,PASA
BOSQUE_NW_02(3),ATL08_20221116210454_08721713_007_01.h5,2022-11-16T21:04:54Z,gt2r,-71.51081848144531,-42.58108901977539,153868010.72128922,872.0,17.0,13.0,007,01,23265.0,1.0,1770314.0,1770318.0,803.7841796875,22.956117630004883,9.95843505859375,14.63643741607666,10.911865234375,2.5731029510498047,,,,,,,90.0,35.0,126.0,1.0,0.0,0.0,0.0,0.0,2022,11,Primavera,Bosque abierto desconocido,1,1,1,1,1.4697527603442042,5–10 m,872_gt2r_1770314,293956.9,5282647.1,BOSQUE_NW_02,operacional,SI,,2022-11-16,NO,782.82,21.516,21.741,-0.55,PASA
BOSQUE_NW_02(3),ATL08_20221116210454_08721713_007_01.h5,2022-11-16T21:04:54Z,gt2r,-71.51142120361328,-42.57661819458008,153868010.79184684,872.0,17.0,13.0,007,01,23265.0,1.0,1770339.0,1770343.0,830.3228759765625,34.591312408447266,6.5189208984375,14.007976531982422,7.30499267578125,1.426091194152832,,,,,,,79.0,24.0,126.0,1.0,0.0,0.0,0.0,0.0,2022,11,Primavera,Bosque abierto desconocido,1,1,1,1,2.148818301406288,5–10 m,872_gt2r_1770339,293892.7,5283142.1,BOSQUE_NW_02,operacional,SI,,2022-11-16,NO,809.58,21.502,21.726,-0.76,PASA
BOSQUE_NW_02(3),ATL08_20221116210454_08721713_007_01.h5,2022-11-16T21:04:54Z,gt2r,-71.51152801513672,-42.575721740722656,153868010.80596516,872.0,17.0,13.0,007,01,23265.0,1.0,1770344.0,1770348.0,819.9932250976562,58.902381896972656,11.776611328125,14.971908569335938,12.8555908203125,2.9379806518554688,,,,,,,78.0,14.0,116.0,1.0,0.0,0.0,0.0,0.0,2022,11,Primavera,Bosque cerrado desconocido,1,1,1,1,1.2713256939693596,10–20 m,872_gt2r_1770344,293880.9,5283241.4,BOSQUE_NW_02,operacional,SI,,2022-11-16,NO,803.85,21.499,21.723,-5.35,DESCARTADO
BOSQUE_NW_02(3),ATL08_20221116210454_08721713_007_01.h5,2022-11-16T21:04:54Z,gt2r,-71.51211547851562,-42.571250915527344,153868010.8764419,872.0,17.0,13.0,007,01,23265.0,1.0,1770369.0,1770373.0,817.5624389648438,62.91733169555664,10.08416748046875,12.091073036193848,10.9581298828125,2.2933592796325684,,,,,,,58.0,13.0,126.0,1.0,0.0,0.0,0.0,0.0,2022,11,Primavera,Bosque abierto desconocido,1,1,1,1,1.199015492316259,10–20 m,872_gt2r_1770369,293818.0,5283736.4,BOSQUE_NW_02,operacional,SI,,2022-11-16,NO,797.19,21.484,21.708,-1.11,PASA
BOSQUE_NW_02(3),ATL08_20221116210454_08721713_007_01.h5,2022-11-16T21:04:54Z,gt2r,-71.5122299194336,-42.57035446166992,153868010.89049876,872.0,17.0,13.0,007,01,23265.0,1.0,1770374.0,1770378.0,806.8729858398438,,8.29534912109375,,9.17047119140625,1.9862396717071533,,,,,,,70.0,8.0,126.0,1.0,0.0,0.0,0.0,0.0,2022,11,Primavera,Bosque abierto desconocido,1,1,0,0,,5–10 m,872_gt2r_1770374,293805.6,5283835.7,BOSQUE_NW_02,operacional,SI,,2022-11-16,NO,788.85,21.482,21.705,-3.46,PASA
BOSQUE_NW_02(3),ATL08_20221116210454_08721713_007_01.h5,2022-11-16T21:04:54Z,gt2r,-71.51234436035156,-42.5694580078125,153868010.90464354,872.0,17.0,13.0,007,01,23265.0,1.0,1770379.0,1770383.0,794.7332763671875,,11.05377197265625,,12.76898193359375,2.6745026111602783,,,,,,,98.0,9.0,126.0,1.0,0.0,0.0,0.0,0.0,2022,11,Primavera,Bosque abierto desconocido,1,1,0,0,,10–20 m,872_gt2r_1770379,293793.3,5283935.0,BOSQUE_NW_02,operacional,SI,,2022-11-16,NO,776.50,21.479,21.702,-3.25,PASA
BOSQUE_NW_02(3),ATL08_20221116210454_08721713_007_01.h5,2022-11-16T21:04:54Z,gt2r,-71.5131607055664,-42.56319808959961,153868011.00353414,872.0,17.0,13.0,007,01,23265.0,1.0,1770414.0,1770418.0,759.8004760742188,3.4176816940307617,8.185791015625,4.227331638336182,10.97357177734375,2.245788097381592,,,,,,,110.0,222.0,126.0,1.0,0.0,0.0,0.0,0.0,2022,11,Primavera,Bosque abierto desconocido,1,1,1,1,0.5164231080743535,5–10 m,872_gt2r_1770414,293705.6,5284628.2,BOSQUE_NW_02,operacional,SI,,2022-11-16,NO,739.88,21.459,21.685,-1.54,PASA
BOSQUE_NW_02(3),ATL08_20221116210454_08721713_007_01.h5,2022-11-16T21:04:54Z,gt2r,-71.51374053955078,-42.55872344970703,153868011.07392085,872.0,17.0,13.0,007,01,23265.0,1.0,1770439.0,1770443.0,759.4182739257812,,13.021728515625,,13.75750732421875,2.922755718231201,,,,,,,83.0,7.0,126.0,1.0,0.0,0.0,0.0,0.0,2022,11,Primavera,Bosque abierto desconocido,1,1,0,0,,10–20 m,872_gt2r_1770439,293643.3,5285123.6,BOSQUE_NW_02,operacional,SI,,2022-11-16,NO,742.78,21.445,21.674,-4.80,PASA
BOSQUE_NW_02(3),ATL08_20221116210454_08721713_007_01.h5,2022-11-16T21:04:54Z,gt3l,-71.45771026611328,-42.686370849609375,153868008.64747277,872.0,17.0,13.0,007,01,23265.0,1.0,1769710.0,1769714.0,1023.6893310546875,64.02110290527344,6.8043212890625,48.39705276489258,6.8043212890625,1.8618286848068237,,,,,,,20.0,16.0,30.0,1.0,0.0,0.0,0.0,0.0,2022,11,Primavera,Herbáceas,1,1,1,1,7.112693641125921,5–10 m,872_gt3l_1769710,298655.2,5271083.5,BOSQUE_NW_02,operacional,SI,,2022-11-16,NO,1003.77,21.794,22.004,-1.88,PASA
BOSQUE_NW_02(3),ATL08_20221116210454_08721713_007_01.h5,2022-11-16T21:04:54Z,gt3l,-71.45793914794922,-42.6845817565918,153868008.67574093,872.0,17.0,13.0,007,01,23265.0,1.0,1769720.0,1769724.0,1040.9649658203125,69.4309310913086,5.572509765625,34.30430603027344,6.15576171875,1.3854888677597046,,,,,,,25.0,15.0,30.0,1.0,0.0,0.0,0.0,0.0,2022,11,Primavera,Herbáceas,1,1,1,1,6.155988499452355,5–10 m,872_gt3l_1769720,298630.6,5271281.6,BOSQUE_NW_02,operacional,SI,,2022-11-16,NO,1019.81,21.793,22.005,-0.64,PASA
BOSQUE_NW_02(3),ATL08_20221116210454_08721713_007_01.h5,2022-11-16T21:04:54Z,gt3l,-71.45818328857422,-42.68279266357422,153868008.70390496,872.0,17.0,13.0,007,01,23265.0,1.0,1769730.0,1769734.0,1055.9996337890625,87.99911499023438,9.448974609375,78.89093017578125,9.5645751953125,2.054668664932251,,,,,,,69.0,12.0,20.0,1.0,0.0,0.0,0.0,0.0,2022,11,Primavera,Arbustos,1,1,1,1,8.34915252047645,5–10 m,872_gt3l_1769730,298604.8,5271479.7,BOSQUE_NW_02,operacional,SI,,2022-11-16,NO,1036.21,21.793,22.004,-2.00,PASA
BOSQUE_NW_02(3),ATL08_20221116210454_08721713_007_01.h5,2022-11-16T21:04:54Z,gt3l,-71.45901489257812,-42.67652893066406,153868008.80269295,872.0,17.0,13.0,007,01,23265.0,1.0,1769765.0,1769769.0,1085.201904296875,63.829654693603516,14.8682861328125,64.32942962646484,14.8682861328125,4.746045112609863,,,,,,,33.0,17.0,116.0,1.0,0.0,0.0,0.0,0.0,2022,11,Primavera,Bosque cerrado desconocido,1,1,1,1,4.326620368469881,10–20 m,872_gt3l_1769765,298516.4,5272173.3,BOSQUE_NW_02,operacional,SI,,2022-11-16,NO,1062.76,21.790,22.000,0.65,PASA
BOSQUE_NW_02(3),ATL08_20221116210454_08721713_007_01.h5,2022-11-16T21:04:54Z,gt3l,-71.4592514038086,-42.67474365234375,153868008.83092666,872.0,17.0,13.0,007,01,23265.0,1.0,1769775.0,1769779.0,1092.5516357421875,52.03117370605469,12.220703125,67.53775024414062,12.220703125,2.719986915588379,,,,,,,27.0,21.0,116.0,1.0,0.0,0.0,0.0,0.0,2022,11,Primavera,Bosque cerrado desconocido,1,1,1,1,5.526502816845134,10–20 m,872_gt3l_1769775,298491.3,5272371.0,BOSQUE_NW_02,operacional,SI,,2022-11-16,NO,1069.66,21.790,21.999,1.10,PASA
BOSQUE_NW_02(3),ATL08_20221116210454_08721713_007_01.h5,2022-11-16T21:04:54Z,gt3l,-71.45948791503906,-42.67295455932617,153868008.85910225,872.0,17.0,13.0,007,01,23265.0,1.0,1769785.0,1769789.0,1099.4869384765625,54.94828414916992,8.7125244140625,47.20017623901367,8.7125244140625,2.087622880935669,,,,,,,29.0,20.0,116.0,1.0,0.0,0.0,0.0,0.0,2022,11,Primavera,Bosque cerrado desconocido,1,1,1,1,5.4175086342174215,5–10 m,872_gt3l_1769785,298466.1,5272569.2,BOSQUE_NW_02,operacional,SI,,2022-11-16,NO,1077.50,21.789,21.997,0.20,PASA
BOSQUE_NW_02(3),ATL08_20221116210454_08721713_007_01.h5,2022-11-16T21:04:54Z,gt3l,-71.46031188964844,-42.666690826416016,153868008.9578425,872.0,17.0,13.0,007,01,23265.0,1.0,1769820.0,1769824.0,1106.203125,85.11978149414062,15.1483154296875,92.6529541015625,15.6951904296875,3.715130567550659,,,,,,,48.0,13.0,116.0,1.0,0.0,0.0,0.0,0.0,2022,11,Primavera,Bosque cerrado desconocido,1,1,1,1,6.116386639268303,10–20 m,872_gt3l_1769820,298378.4,5273262.8,BOSQUE_NW_02,operacional,SI,,2022-11-16,NO,1086.06,21.786,21.993,-1.64,PASA
BOSQUE_NW_02(3),ATL08_20221116210454_08721713_007_01.h5,2022-11-16T21:04:54Z,gt3l,-71.46043395996094,-42.66579818725586,153868008.9719433,872.0,17.0,13.0,007,01,23265.0,1.0,1769825.0,1769829.0,1104.239501953125,84.95842742919922,15.2105712890625,78.49273681640625,15.2105712890625,3.997971534729004,,,,,,,31.0,13.0,116.0,1.0,0.0,0.0,0.0,0.0,2022,11,Primavera,Bosque cerrado desconocido,1,1,1,1,5.160406885758999,10–20 m,872_gt3l_1769825,298365.5,5273361.6,BOSQUE_NW_02,operacional,SI,,2022-11-16,NO,1083.79,21.784,21.992,-1.34,PASA
BOSQUE_NW_02(3),ATL08_20221116210454_08721713_007_01.h5,2022-11-16T21:04:54Z,gt3l,-71.46102142333984,-42.66132354736328,153868009.0424605,872.0,17.0,13.0,007,01,23265.0,1.0,1769850.0,1769854.0,1118.367919921875,,16.511474609375,,16.511474609375,4.322998523712158,,,,,,,19.0,5.0,114.0,1.0,0.0,0.0,0.0,0.0,2022,11,Primavera,Bosque cerrado caducifolio latifolio,1,1,0,0,,10–20 m,872_gt3l_1769850,298302.8,5273857.1,BOSQUE_NW_02,operacional,SI,,2022-11-16,NO,1098.85,21.777,21.988,-2.26,PASA
BOSQUE_NW_02(3),ATL08_20221116210454_08721713_007_01.h5,2022-11-16T21:04:54Z,gt3l,-71.46125030517578,-42.6595344543457,153868009.07072908,872.0,17.0,13.0,007,01,23265.0,1.0,1769860.0,1769864.0,1120.3731689453125,53.319427490234375,15.551513671875,66.39373016357422,15.551513671875,4.60188102722168,,,,,,,20.0,21.0,116.0,1.0,0.0,0.0,0.0,0.0,2022,11,Primavera,Bosque cerrado desconocido,1,1,1,1,4.269277677043596,10–20 m,872_gt3l_1769860,298278.3,5274055.3,BOSQUE_NW_02,operacional,SI,,2022-11-16,NO,1098.52,21.774,21.987,0.08,PASA
BOSQUE_NW_02(3),ATL08_20221116210454_08721713_007_01.h5,2022-11-16T21:04:54Z,gt3l,-71.46196746826172,-42.65416717529297,153868009.1552197,872.0,17.0,13.0,007,01,23265.0,1.0,1769890.0,1769894.0,1137.6895751953125,,27.070068359375,,27.070068359375,7.4182024002075195,,,,,,,28.0,5.0,112.0,1.0,0.0,0.0,0.0,0.0,2022,11,Primavera,Bosque cerrado perennifolio latifolio,1,1,0,0,,20–30 m,872_gt3l_1769890,298202.2,5274649.6,BOSQUE_NW_02,operacional,SI,,2022-11-16,NO,1125.37,21.765,21.981,-9.44,DESCARTADO
BOSQUE_NW_02(3),ATL08_20221116210454_08721713_007_01.h5,2022-11-16T21:04:54Z,gt3l,-71.4626693725586,-42.648799896240234,153868009.23987722,872.0,17.0,13.0,007,01,23265.0,1.0,1769920.0,1769924.0,1110.0126953125,48.316036224365234,10.9656982421875,40.37953186035156,10.9656982421875,2.323289155960083,,,,,,,29.0,23.0,114.0,1.0,0.0,0.0,0.0,0.0,2022,11,Primavera,Bosque cerrado caducifolio latifolio,1,1,1,1,3.6823493560129577,10–20 m,872_gt3l_1769920,298127.2,5275243.9,BOSQUE_NW_02,operacional,SI,,2022-11-16,NO,1087.72,21.756,21.974,0.53,PASA
BOSQUE_NW_02(3),ATL08_20221116210454_08721713_007_01.h5,2022-11-16T21:04:54Z,gt3l,-71.46324920654297,-42.644325256347656,153868009.31033537,872.0,17.0,13.0,007,01,23265.0,1.0,1769945.0,1769949.0,1087.0712890625,,11.328125,,12.7174072265625,2.431919813156128,,,,,,,40.0,5.0,20.0,1.0,0.0,0.0,0.0,0.0,2022,11,Primavera,Arbustos,1,1,0,0,,10–20 m,872_gt3l_1769945,298065.2,5275739.5,BOSQUE_NW_02,operacional,SI,,2022-11-16,NO,1069.87,21.748,21.966,-4.55,PASA
BOSQUE_NW_02(3),ATL08_20221116210454_08721713_007_01.h5,2022-11-16T21:04:54Z,gt3l,-71.46336364746094,-42.6434326171875,153868009.32445124,872.0,17.0,13.0,007,01,23265.0,1.0,1769950.0,1769954.0,1082.3922119140625,60.20668029785156,12.19580078125,64.13729095458984,12.19580078125,3.58237624168396,,,,,,,26.0,18.0,126.0,1.0,0.0,0.0,0.0,0.0,2022,11,Primavera,Bosque abierto desconocido,1,1,1,1,5.25896512291308,10–20 m,872_gt3l_1769950,298053.0,5275838.3,BOSQUE_NW_02,operacional,SI,,2022-11-16,NO,1060.44,21.746,21.965,0.21,PASA
BOSQUE_NW_02(3),ATL08_20221116210454_08721713_007_01.h5,2022-11-16T21:04:54Z,gt3l,-71.46348571777344,-42.64253616333008,153868009.33853847,872.0,17.0,13.0,007,01,23265.0,1.0,1769955.0,1769959.0,1088.8314208984375,36.290977478027344,12.8857421875,44.226741790771484,12.8857421875,4.032149791717529,,,,,,,24.0,30.0,116.0,1.0,0.0,0.0,0.0,0.0,2022,11,Primavera,Bosque cerrado desconocido,1,1,1,1,3.432223084028041,10–20 m,872_gt3l_1769955,298040.1,5275937.6,BOSQUE_NW_02,operacional,SI,,2022-11-16,NO,1067.25,21.745,21.963,-0.16,PASA
BOSQUE_NW_02(3),ATL08_20221116210454_08721713_007_01.h5,2022-11-16T21:04:54Z,gt3l,-71.4636001586914,-42.64164352416992,153868009.35264012,872.0,17.0,13.0,007,01,23265.0,1.0,1769960.0,1769964.0,1087.582763671875,108.7210693359375,15.3734130859375,91.05809020996094,15.3734130859375,4.957740783691406,,,,,,,36.0,10.0,114.0,1.0,0.0,0.0,0.0,0.0,2022,11,Primavera,Bosque cerrado caducifolio latifolio,1,1,1,1,5.923088757255496,10–20 m,872_gt3l_1769960,298027.8,5276036.4,BOSQUE_NW_02,operacional,SI,,2022-11-16,NO,1064.07,21.743,21.961,1.77,PASA
BOSQUE_NW_02(3),ATL08_20221116210454_08721713_007_01.h5,2022-11-16T21:04:54Z,gt3l,-71.46407318115234,-42.638065338134766,153868009.4090484,872.0,17.0,13.0,007,01,23265.0,1.0,1769980.0,1769984.0,1105.355712890625,46.1181640625,12.513916015625,46.110435485839844,12.513916015625,2.5439422130584717,,,,,,,16.0,24.0,112.0,1.0,0.0,0.0,0.0,0.0,2022,11,Primavera,Bosque cerrado perennifolio latifolio,1,1,1,1,3.6847326950465304,10–20 m,872_gt3l_1769980,297977.4,5276432.7,BOSQUE_NW_02,operacional,SI,,2022-11-16,NO,1082.47,21.737,21.955,1.15,PASA
BOSQUE_NW_02(3),ATL08_20221116210454_08721713_007_01.h5,2022-11-16T21:04:54Z,gt3l,-71.46430969238281,-42.63627624511719,153868009.43719876,872.0,17.0,13.0,007,01,23265.0,1.0,1769990.0,1769994.0,1127.74853515625,70.41268157958984,16.057861328125,80.14572143554688,16.057861328125,3.6572935581207275,,,,,,,26.0,16.0,112.0,1.0,0.0,0.0,0.0,0.0,2022,11,Primavera,Bosque cerrado perennifolio latifolio,1,1,1,1,4.991058260988551,10–20 m,872_gt3l_1769990,297952.2,5276630.8,BOSQUE_NW_02,operacional,SI,,2022-11-16,NO,1106.34,21.734,21.952,-0.32,PASA
BOSQUE_NW_02(3),ATL08_20221116210454_08721713_007_01.h5,2022-11-16T21:04:54Z,gt3l,-71.46479034423828,-42.63269805908203,153868009.49364993,872.0,17.0,13.0,007,01,23265.0,1.0,1770010.0,1770014.0,1156.541748046875,,27.15087890625,,27.15087890625,7.793710231781006,,,,,,,38.0,2.0,112.0,1.0,0.0,0.0,0.0,0.0,2022,11,Primavera,Bosque cerrado perennifolio latifolio,1,1,0,0,,20–30 m,872_gt3l_1770010,297901.2,5277027.0,BOSQUE_NW_02,operacional,SI,,2022-11-16,NO,1145.33,21.727,21.944,-10.52,DESCARTADO
BOSQUE_NW_02(3),ATL08_20221116210454_08721713_007_01.h5,2022-11-16T21:04:54Z,gt3l,-71.46503448486328,-42.63090896606445,153868009.52184245,872.0,17.0,13.0,007,01,23265.0,1.0,1770020.0,1770024.0,1169.375,,29.81982421875,,29.81982421875,5.559702396392822,,,,,,,33.0,2.0,112.0,1.0,0.0,0.0,0.0,0.0,2022,11,Primavera,Bosque cerrado perennifolio latifolio,1,1,0,0,,20–30 m,872_gt3l_1770020,297875.4,5277225.1,BOSQUE_NW_02,operacional,SI,,2022-11-16,NO,1152.19,21.724,21.938,-4.54,PASA
BOSQUE_NW_02(3),ATL08_20221116210454_08721713_007_01.h5,2022-11-16T21:04:54Z,gt3l,-71.46514892578125,-42.63001251220703,153868009.53595087,872.0,17.0,13.0,007,01,23265.0,1.0,1770025.0,1770029.0,1175.6767578125,,18.9747314453125,,18.9747314453125,4.588613033294678,,,,,,,32.0,1.0,112.0,1.0,0.0,0.0,0.0,0.0,2022,11,Primavera,Bosque cerrado perennifolio latifolio,1,1,0,0,,10–20 m,872_gt3l_1770025,297863.1,5277324.4,BOSQUE_NW_02,operacional,SI,,2022-11-16,NO,1151.89,21.723,21.936,2.07,PASA
BOSQUE_NW_02(3),ATL08_20221116210454_08721713_007_01.h5,2022-11-16T21:04:54Z,gt3l,-71.46526336669922,-42.629119873046875,153868009.55005875,872.0,17.0,13.0,007,01,23265.0,1.0,1770030.0,1770034.0,1166.3970947265625,,24.557861328125,,24.63671875,6.234548091888428,,,,,,,51.0,2.0,116.0,1.0,0.0,0.0,0.0,0.0,2022,11,Primavera,Bosque cerrado desconocido,1,1,0,0,,20–30 m,872_gt3l_1770030,297850.9,5277423.2,BOSQUE_NW_02,operacional,SI,,2022-11-16,NO,1149.60,21.721,21.933,-4.93,PASA
BOSQUE_NW_02(3),ATL08_20221116210454_08721713_007_01.h5,2022-11-16T21:04:54Z,gt3l,-71.46630859375,-42.62106704711914,153868009.67689848,872.0,17.0,13.0,007,01,23265.0,1.0,1770075.0,1770079.0,1146.6365966796875,,24.4088134765625,,24.4088134765625,7.150930881500244,,,,,,,24.0,3.0,112.0,1.0,0.0,0.0,0.0,0.0,2022,11,Primavera,Bosque cerrado perennifolio latifolio,1,1,0,0,,20–30 m,872_gt3l_1770075,297739.1,5278315.0,BOSQUE_NW_02,operacional,SI,,2022-11-16,NO,1123.32,21.701,21.908,1.62,PASA
BOSQUE_NW_02(3),ATL08_20221116210454_08721713_007_01.h5,2022-11-16T21:04:54Z,gt3l,-71.46643829345703,-42.620174407958984,153868009.69102946,872.0,17.0,13.0,007,01,23265.0,1.0,1770080.0,1770084.0,1166.498779296875,,25.4129638671875,,25.6085205078125,7.337222576141357,,,,,,,41.0,3.0,112.0,1.0,0.0,0.0,0.0,0.0,2022,11,Primavera,Bosque cerrado perennifolio latifolio,1,1,0,0,,20–30 m,872_gt3l_1770080,297725.5,5278413.8,BOSQUE_NW_02,operacional,SI,,2022-11-16,NO,1151.64,21.698,21.905,-6.84,DESCARTADO
BOSQUE_NW_02(3),ATL08_20221116210454_08721713_007_01.h5,2022-11-16T21:04:54Z,gt3l,-71.46760559082031,-42.611228942871094,153868009.8319521,872.0,17.0,13.0,007,01,23265.0,1.0,1770130.0,1770134.0,1128.5130615234375,,20.4447021484375,,21.2222900390625,5.056291103363037,,,,,,,49.0,4.0,116.0,1.0,0.0,0.0,0.0,0.0,2022,11,Primavera,Bosque cerrado desconocido,1,1,0,0,,20–30 m,872_gt3l_1770130,297600.8,5279404.4,BOSQUE_NW_02,operacional,SI,,2022-11-16,NO,1107.33,21.670,21.877,-0.48,PASA
BOSQUE_NW_02(3),ATL08_20221116210454_08721713_007_01.h5,2022-11-16T21:04:54Z,gt3l,-71.46771240234375,-42.61033248901367,153868009.84604564,872.0,17.0,13.0,007,01,23265.0,1.0,1770135.0,1770139.0,1104.42822265625,73.55069732666016,22.0196533203125,78.7563705444336,22.0357666015625,5.505887985229492,,,,,,,51.0,15.0,116.0,1.0,0.0,0.0,0.0,0.0,2022,11,Primavera,Bosque cerrado desconocido,1,1,1,1,3.576639895224104,20–30 m,872_gt3l_1770135,297589.2,5279503.7,BOSQUE_NW_02,operacional,SI,,2022-11-16,NO,1080.87,21.667,21.874,1.89,PASA
BOSQUE_NW_02(3),ATL08_20221116210454_08721713_007_01.h5,2022-11-16T21:04:54Z,gt3l,-71.46818542480469,-42.606754302978516,153868009.90249005,872.0,17.0,13.0,007,01,23265.0,1.0,1770155.0,1770159.0,1070.281494140625,,16.13916015625,,16.33056640625,3.770838737487793,,,,,,,44.0,1.0,126.0,1.0,0.0,0.0,0.0,0.0,2022,11,Primavera,Bosque abierto desconocido,1,1,0,0,,10–20 m,872_gt3l_1770155,297538.8,5279899.9,BOSQUE_NW_02,operacional,SI,,2022-11-16,NO,1051.41,21.656,21.863,-2.79,PASA
BOSQUE_NW_02(3),ATL08_20221116210454_08721713_007_01.h5,2022-11-16T21:04:54Z,gt3l,-71.46829223632812,-42.605857849121094,153868009.91658124,872.0,17.0,13.0,007,01,23265.0,1.0,1770160.0,1770164.0,1060.0697021484375,,8.904296875,,15.4613037109375,2.488804817199707,,,,,,,30.0,5.0,20.0,1.0,0.0,0.0,0.0,0.0,2022,11,Primavera,Arbustos,1,1,0,0,,5–10 m,872_gt3l_1770160,297527.1,5279999.2,BOSQUE_NW_02,operacional,SI,,2022-11-16,NO,1043.61,21.653,21.860,-5.20,DESCARTADO
BOSQUE_NW_02(3),ATL08_20221116210454_08721713_007_01.h5,2022-11-16T21:04:54Z,gt3l,-71.46852111816406,-42.604068756103516,153868009.94473055,872.0,17.0,13.0,007,01,23265.0,1.0,1770170.0,1770174.0,1048.4228515625,,15.6790771484375,,17.6785888671875,2.903407335281372,,,,,,,22.0,4.0,116.0,1.0,0.0,0.0,0.0,0.0,2022,11,Primavera,Bosque cerrado desconocido,1,1,0,0,,10–20 m,872_gt3l_1770170,297502.5,5280197.3,BOSQUE_NW_02,operacional,SI,,2022-11-16,NO,1030.43,21.647,21.854,-3.66,PASA
BOSQUE_NW_02(3),ATL08_20221116210454_08721713_007_01.h5,2022-11-16T21:04:54Z,gt3l,-71.46876525878906,-42.60227966308594,153868009.97301713,872.0,17.0,13.0,007,01,23265.0,1.0,1770180.0,1770184.0,1076.1053466796875,,9.483154296875,,9.483154296875,2.107170820236206,,,,,,,14.0,5.0,116.0,1.0,0.0,0.0,0.0,0.0,2022,11,Primavera,Bosque cerrado desconocido,1,1,0,0,,5–10 m,872_gt3l_1770180,297476.7,5280395.4,BOSQUE_NW_02,operacional,SI,,2022-11-16,NO,1055.52,21.642,21.848,-1.06,PASA
BOSQUE_NW_02(3),ATL08_20221116210454_08721713_007_01.h5,2022-11-16T21:04:54Z,gt3l,-71.46916961669922,-42.599239349365234,153868010.02089438,872.0,17.0,13.0,007,01,23265.0,1.0,1770197.0,1770199.0,1091.9091796875,155.99742126464844,10.032958984375,129.1347198486328,10.032958984375,2.431774377822876,,,,,,,24.0,7.0,126.0,1.0,0.0,0.0,0.0,0.0,2022,11,Primavera,Bosque abierto desconocido,1,1,1,1,12.871050310256722,10–20 m,872_gt3l_1770197,297433.7,5280732.1,BOSQUE_NW_02,operacional,SI,,2022-11-16,NO,1070.59,21.632,21.837,-0.31,PASA
BOSQUE_NW_02(3),ATL08_20221116210454_08721713_007_01.h5,2022-11-16T21:04:54Z,gt3l,-71.46935272216797,-42.597808837890625,153868010.04349017,872.0,17.0,13.0,007,01,23265.0,1.0,1770205.0,1770209.0,1089.416259765625,,13.6181640625,,14.3626708984375,3.470585823059082,,,,,,,33.0,5.0,116.0,1.0,0.0,0.0,0.0,0.0,2022,11,Primavera,Bosque cerrado desconocido,1,1,0,0,,10–20 m,872_gt3l_1770205,297414.0,5280890.5,BOSQUE_NW_02,operacional,SI,,2022-11-16,NO,1073.31,21.628,21.832,-5.52,DESCARTADO
BOSQUE_NW_02(3),ATL08_20221116210454_08721713_007_01.h5,2022-11-16T21:04:54Z,gt3l,-71.4697036743164,-42.595123291015625,153868010.0857434,872.0,17.0,13.0,007,01,23265.0,1.0,1770220.0,1770224.0,1095.998046875,,18.662109375,,18.662109375,5.523263931274414,,,,,,,34.0,4.0,114.0,1.0,0.0,0.0,0.0,0.0,2022,11,Primavera,Bosque cerrado caducifolio latifolio,1,1,0,0,,10–20 m,872_gt3l_1770220,297376.5,5281187.9,BOSQUE_NW_02,operacional,SI,,2022-11-16,NO,1071.02,21.619,21.821,3.35,PASA
BOSQUE_NW_02(3),ATL08_20221116210454_08721713_007_01.h5,2022-11-16T21:04:54Z,gt3l,-71.4698257446289,-42.59423065185547,153868010.09988123,872.0,17.0,13.0,007,01,23265.0,1.0,1770225.0,1770229.0,1099.724609375,,20.2568359375,,20.2568359375,5.825313091278076,,,,,,,32.0,5.0,116.0,1.0,0.0,0.0,0.0,0.0,2022,11,Primavera,Bosque cerrado desconocido,1,1,0,0,,20–30 m,872_gt3l_1770225,297363.6,5281286.7,BOSQUE_NW_02,operacional,SI,,2022-11-16,NO,1079.57,21.616,21.817,-1.46,PASA
BOSQUE_NW_02(3),ATL08_20221116210454_08721713_007_01.h5,2022-11-16T21:04:54Z,gt3l,-71.4699478149414,-42.59333419799805,153868010.11398923,872.0,17.0,13.0,007,01,23265.0,1.0,1770230.0,1770234.0,1100.551513671875,,15.06689453125,,15.9327392578125,2.7105610370635986,,,,,,,45.0,1.0,116.0,1.0,0.0,0.0,0.0,0.0,2022,11,Primavera,Bosque cerrado desconocido,1,1,0,0,,10–20 m,872_gt3l_1770230,297350.7,5281386.0,BOSQUE_NW_02,operacional,SI,,2022-11-16,NO,1078.65,21.613,21.813,0.29,PASA
BOSQUE_NW_02(3),ATL08_20221116210454_08721713_007_01.h5,2022-11-16T21:04:54Z,gt3l,-71.47029876708984,-42.59065246582031,153868010.15631035,872.0,17.0,13.0,007,01,23265.0,1.0,1770245.0,1770249.0,1105.277587890625,,28.0518798828125,,29.2158203125,7.359130382537842,,,,,,,44.0,2.0,116.0,1.0,0.0,0.0,0.0,0.0,2022,11,Primavera,Bosque cerrado desconocido,1,1,0,0,,20–30 m,872_gt3l_1770245,297313.2,5281682.9,BOSQUE_NW_02,operacional,SI,,2022-11-16,NO,1087.63,21.605,21.802,-3.96,PASA
BOSQUE_NW_02(3),ATL08_20221116210454_08721713_007_01.h5,2022-11-16T21:04:54Z,gt3l,-71.47054290771484,-42.588863372802734,153868010.1844533,872.0,17.0,13.0,007,01,23265.0,1.0,1770255.0,1770259.0,1147.2103271484375,,26.609619140625,,26.609619140625,6.369668960571289,,,,,,,34.0,2.0,112.0,1.0,0.0,0.0,0.0,0.0,2022,11,Primavera,Bosque cerrado perennifolio latifolio,1,1,0,0,,20–30 m,872_gt3l_1770255,297287.3,5281881.0,BOSQUE_NW_02,operacional,SI,,2022-11-16,NO,1131.44,21.599,21.795,-5.83,DESCARTADO
BOSQUE_NW_02(3),ATL08_20221116210454_08721713_007_01.h5,2022-11-16T21:04:54Z,gt3l,-71.47066497802734,-42.58797073364258,153868010.19857168,872.0,17.0,13.0,007,01,23265.0,1.0,1770260.0,1770264.0,1154.5869140625,192.32965087890625,14.576171875,149.30819702148438,17.1380615234375,4.249837875366211,,,,,,,56.0,6.0,114.0,1.0,0.0,0.0,0.0,0.0,2022,11,Primavera,Bosque cerrado caducifolio latifolio,1,1,1,1,10.24330656237438,10–20 m,872_gt3l_1770260,297274.4,5281979.9,BOSQUE_NW_02,operacional,SI,,2022-11-16,NO,1131.85,21.596,21.791,1.14,PASA
BOSQUE_NW_02(3),ATL08_20221116210454_08721713_007_01.h5,2022-11-16T21:04:54Z,gt3l,-71.47132873535156,-42.58259963989258,153868010.2831944,872.0,17.0,13.0,007,01,23265.0,1.0,1770290.0,1770294.0,990.8607788085938,99.17216491699219,30.7386474609375,61.495689392089844,34.94873046875,7.733670234680176,,,,,,,54.0,10.0,20.0,1.0,0.0,0.0,0.0,0.0,2022,11,Primavera,Arbustos,1,1,1,1,2.000598415081152,>30 m,872_gt3l_1770290,297202.5,5282574.7,BOSQUE_NW_02,operacional,SI,,2022-11-16,NO,971.10,21.579,21.770,-1.82,PASA
BOSQUE_NW_02(3),ATL08_20221116210454_08721713_007_01.h5,2022-11-16T21:04:54Z,gt3l,-71.47179412841797,-42.57902145385742,153868010.33955744,872.0,17.0,13.0,007,01,23265.0,1.0,1770310.0,1770314.0,934.2406616210938,,17.6873779296875,,18.48162841796875,4.217228412628174,,,,,,,46.0,3.0,20.0,1.0,0.0,0.0,0.0,0.0,2022,11,Primavera,Arbustos,1,1,0,0,,10–20 m,872_gt3l_1770310,297152.7,5282971.0,BOSQUE_NW_02,operacional,SI,,2022-11-16,NO,921.52,21.566,21.758,-8.84,DESCARTADO
BOSQUE_NW_02(3),ATL08_20221116210454_08721713_007_01.h5,2022-11-16T21:04:54Z,gt3l,-71.47354888916016,-42.56560134887695,153868010.55116308,872.0,17.0,13.0,007,01,23265.0,1.0,1770385.0,1770389.0,883.912841796875,,17.68060302734375,,18.44384765625,4.162232875823975,,,,,,,50.0,5.0,126.0,1.0,0.0,0.0,0.0,0.0,2022,11,Primavera,Bosque abierto desconocido,1,1,0,0,,10–20 m,872_gt3l_1770385,296965.2,5284457.0,BOSQUE_NW_02,operacional,SI,,2022-11-16,NO,867.38,21.516,21.715,-4.99,PASA
BOSQUE_NW_02(3),ATL08_20221116210454_08721713_007_01.h5,2022-11-16T21:04:54Z,gt3r,-71.455810546875,-42.69255447387695,153868008.90166825,872.0,17.0,13.0,007,01,23265.0,1.0,1769675.0,1769679.0,1030.0941162109375,14.144309043884277,6.0556640625,10.66748332977295,7.2506103515625,1.6147552728652954,,,,,,,145.0,73.0,30.0,1.0,0.0,0.0,0.0,0.0,2022,11,Primavera,Herbáceas,1,1,1,1,1.7615711868549428,5–10 m,872_gt3r_1769675,298830.8,5270401.3,BOSQUE_NW_02,operacional,SI,,2022-11-16,NO,1010.81,21.796,22.001,-2.51,PASA
BOSQUE_NW_02(3),ATL08_20221116210454_08721713_007_01.h5,2022-11-16T21:04:54Z,gt3r,-71.4565200805664,-42.68718719482422,153868008.98620164,872.0,17.0,13.0,007,01,23265.0,1.0,1769705.0,1769709.0,1024.69873046875,23.848695755004883,6.7955322265625,14.385163307189941,7.8275146484375,1.9207568168640137,,,,,,,93.0,43.0,20.0,1.0,0.0,0.0,0.0,0.0,2022,11,Primavera,Arbustos,1,1,1,1,2.116856020630872,5–10 m,872_gt3r_1769705,298755.3,5270995.7,BOSQUE_NW_02,operacional,SI,,2022-11-16,NO,1003.53,21.795,22.003,-0.62,PASA
BOSQUE_NW_02(3),ATL08_20221116210454_08721713_007_01.h5,2022-11-16T21:04:54Z,gt3r,-71.45699310302734,-42.68360900878906,153868009.0428275,872.0,17.0,13.0,007,01,23265.0,1.0,1769725.0,1769729.0,1057.0655517578125,10.065455436706543,4.426025390625,11.257217407226562,11.370849609375,1.3933019638061523,,,,,,,97.0,105.0,20.0,1.0,0.0,0.0,0.0,0.0,2022,11,Primavera,Arbustos,1,1,1,1,2.5434145567874675,2–5 m,872_gt3r_1769725,298705.0,5271391.9,BOSQUE_NW_02,operacional,SI,,2022-11-16,NO,1035.75,21.794,22.004,-0.48,PASA
BOSQUE_NW_02(3),ATL08_20221116210454_08721713_007_01.h5,2022-11-16T21:04:54Z,gt3r,-71.45780944824219,-42.677345275878906,153868009.1416381,872.0,17.0,13.0,007,01,23265.0,1.0,1769760.0,1769764.0,1085.7958984375,14.473508834838867,3.2386474609375,14.923821449279785,5.0057373046875,0.7541822791099548,,,,,,,108.0,75.0,116.0,1.0,0.0,0.0,0.0,0.0,2022,11,Primavera,Bosque cerrado desconocido,1,1,1,1,4.608041359635898,2–5 m,872_gt3r_1769760,298617.9,5272085.6,BOSQUE_NW_02,operacional,SI,,2022-11-16,NO,1063.74,21.791,21.999,0.27,PASA
BOSQUE_NW_02(3),ATL08_20221116210454_08721713_007_01.h5,2022-11-16T21:04:54Z,gt3r,-71.45947265625,-42.664825439453125,153868009.33893704,872.0,17.0,13.0,007,01,23265.0,1.0,1769830.0,1769834.0,1101.0697021484375,22.01324462890625,4.0469970703125,13.438169479370117,4.5916748046875,0.9217951893806458,,,,,,,111.0,50.0,116.0,1.0,0.0,0.0,0.0,0.0,2022,11,Primavera,Bosque cerrado desconocido,1,1,1,1,3.3205285909269144,2–5 m,872_gt3r_1769830,298441.1,5273471.9,BOSQUE_NW_02,operacional,SI,,2022-11-16,NO,1079.23,21.784,21.991,0.05,PASA
BOSQUE_NW_02(3),ATL08_20221116210454_08721713_007_01.h5,2022-11-16T21:04:54Z,gt3r,-71.459716796875,-42.66303634643555,153868009.36684033,872.0,17.0,13.0,007,01,23265.0,1.0,1769840.0,1769844.0,1108.5372314453125,16.298608779907227,4.427001953125,14.141886711120605,6.9337158203125,1.1196041107177734,,,,,,,103.0,68.0,126.0,1.0,0.0,0.0,0.0,0.0,2022,11,Primavera,Bosque abierto desconocido,1,1,1,1,3.194461367051784,2–5 m,872_gt3r_1769840,298415.3,5273670.0,BOSQUE_NW_02,operacional,SI,,2022-11-16,NO,1088.25,21.781,21.989,-1.50,PASA
BOSQUE_NW_02(3),ATL08_20221116210454_08721713_007_01.h5,2022-11-16T21:04:54Z,gt3r,-71.45994567871094,-42.66124725341797,153868009.39518937,872.0,17.0,13.0,007,01,23265.0,1.0,1769850.0,1769854.0,1115.68896484375,14.128395080566406,5.3658447265625,10.196629524230957,6.825439453125,1.290493130683899,,,,,,,94.0,79.0,116.0,1.0,0.0,0.0,0.0,0.0,2022,11,Primavera,Bosque cerrado desconocido,1,1,1,1,1.900284119992265,5–10 m,872_gt3r_1769850,298390.8,5273868.2,BOSQUE_NW_02,operacional,SI,,2022-11-16,NO,1095.68,21.778,21.988,-1.77,PASA
BOSQUE_NW_02(3),ATL08_20221116210454_08721713_007_01.h5,2022-11-16T21:04:54Z,gt3r,-71.4601821899414,-42.65945816040039,153868009.423197,872.0,17.0,13.0,007,01,23265.0,1.0,1769860.0,1769864.0,1120.2117919921875,14.935782432556152,3.283935546875,13.440664291381836,4.68017578125,0.7561109066009521,,,,,,,112.0,75.0,116.0,1.0,0.0,0.0,0.0,0.0,2022,11,Primavera,Bosque cerrado desconocido,1,1,1,1,4.092852645714073,2–5 m,872_gt3r_1769860,298365.6,5274066.3,BOSQUE_NW_02,operacional,SI,,2022-11-16,NO,1098.67,21.775,21.986,-0.24,PASA
BOSQUE_NW_02(3),ATL08_20221116210454_08721713_007_01.h5,2022-11-16T21:04:54Z,gt3r,-71.46053314208984,-42.65677261352539,153868009.4657421,872.0,17.0,13.0,007,01,23265.0,1.0,1769875.0,1769879.0,1095.56298828125,,21.4249267578125,,21.8096923828125,5.508552551269531,,,,,,,107.0,9.0,112.0,1.0,0.0,0.0,0.0,0.0,2022,11,Primavera,Bosque cerrado perennifolio latifolio,1,1,0,0,,20–30 m,872_gt3r_1769875,298328.1,5274363.7,BOSQUE_NW_02,operacional,SI,,2022-11-16,NO,1075.74,21.771,21.984,-1.95,PASA
BOSQUE_NW_02(3),ATL08_20221116210454_08721713_007_01.h5,2022-11-16T21:04:54Z,gt3r,-71.46147918701172,-42.64961624145508,153868009.57835138,872.0,17.0,13.0,007,01,23265.0,1.0,1769915.0,1769919.0,1123.952392578125,93.66748046875,9.775634765625,15.323787689208984,11.6964111328125,2.684541702270508,,,,,,,111.0,12.0,114.0,1.0,0.0,0.0,0.0,0.0,2022,11,Primavera,Bosque cerrado caducifolio latifolio,1,1,1,1,1.5675491215254365,5–10 m,872_gt3r_1769915,298227.5,5275156.1,BOSQUE_NW_02,operacional,SI,,2022-11-16,NO,1100.52,21.758,21.976,1.68,PASA
BOSQUE_NW_02(3),ATL08_20221116210454_08721713_007_01.h5,2022-11-16T21:04:54Z,gt3r,-71.46170806884766,-42.6478271484375,153868009.60675308,872.0,17.0,13.0,007,01,23265.0,1.0,1769925.0,1769929.0,1105.5946044921875,23.56093406677246,5.403076171875,12.148106575012207,5.988525390625,1.1982905864715576,,,,,,,103.0,47.0,126.0,1.0,0.0,0.0,0.0,0.0,2022,11,Primavera,Bosque abierto desconocido,1,1,1,1,2.2483685568320455,5–10 m,872_gt3r_1769925,298202.9,5275354.3,BOSQUE_NW_02,operacional,SI,,2022-11-16,NO,1085.27,21.755,21.973,-1.43,PASA
BOSQUE_NW_02(3),ATL08_20221116210454_08721713_007_01.h5,2022-11-16T21:04:54Z,gt3r,-71.46182250976562,-42.646934509277344,153868009.6207435,872.0,17.0,13.0,007,01,23265.0,1.0,1769930.0,1769934.0,1095.893310546875,31.333419799804688,4.670166015625,11.499960899353027,4.9949951171875,1.0422343015670776,,,,,,,105.0,35.0,116.0,1.0,0.0,0.0,0.0,0.0,2022,11,Primavera,Bosque cerrado desconocido,1,1,1,1,2.4624308559647656,2–5 m,872_gt3r_1769930,298190.6,5275453.1,BOSQUE_NW_02,operacional,SI,,2022-11-16,NO,1073.31,21.754,21.972,0.83,PASA
BOSQUE_NW_02(3),ATL08_20221116210454_08721713_007_01.h5,2022-11-16T21:04:54Z,gt3r,-71.46217346191406,-42.644248962402344,153868009.66301987,872.0,17.0,13.0,007,01,23265.0,1.0,1769945.0,1769949.0,1083.7484130859375,19.015714645385742,5.007568359375,12.791504859924316,6.4307861328125,1.188787817955017,,,,,,,75.0,57.0,20.0,1.0,0.0,0.0,0.0,0.0,2022,11,Primavera,Arbustos,1,1,1,1,2.5544343964823755,5–10 m,872_gt3r_1769945,298153.2,5275750.5,BOSQUE_NW_02,operacional,SI,,2022-11-16,NO,1062.58,21.749,21.967,-0.58,PASA
BOSQUE_NW_02(3),ATL08_20221116210454_08721713_007_01.h5,2022-11-16T21:04:54Z,gt3r,-71.46312713623047,-42.63709259033203,153868009.77583888,872.0,17.0,13.0,007,01,23265.0,1.0,1769985.0,1769989.0,1127.746826171875,10.158316612243652,11.4305419921875,12.916865348815918,12.775146484375,3.1769073009490967,,,,,,,89.0,111.0,116.0,1.0,0.0,0.0,0.0,0.0,2022,11,Primavera,Bosque cerrado desconocido,1,1,1,1,1.1300308732205597,10–20 m,872_gt3r_1769985,298051.8,5276542.9,BOSQUE_NW_02,operacional,SI,,2022-11-16,NO,1106.11,21.737,21.954,-0.10,PASA
BOSQUE_NW_02(3),ATL08_20221116210454_08721713_007_01.h5,2022-11-16T21:04:54Z,gt3r,-71.46407318115234,-42.62993621826172,153868009.8884172,872.0,17.0,13.0,007,01,23265.0,1.0,1770025.0,1770029.0,1167.3409423828125,27.11103630065918,21.2049560546875,29.159225463867188,23.2239990234375,5.3456597328186035,,,,,,,147.0,43.0,116.0,1.0,0.0,0.0,0.0,0.0,2022,11,Primavera,Bosque cerrado desconocido,1,1,1,1,1.3751136945846838,20–30 m,872_gt3r_1770025,297951.1,5277335.4,BOSQUE_NW_02,operacional,SI,,2022-11-16,NO,1145.85,21.724,21.936,-0.23,PASA
BOSQUE_NW_02(3),ATL08_20221116210454_08721713_007_01.h5,2022-11-16T21:04:54Z,gt3r,-71.46441650390625,-42.62725067138672,153868009.9308505,872.0,17.0,13.0,007,01,23265.0,1.0,1770040.0,1770044.0,1128.13720703125,40.19118118286133,5.3531494140625,12.565340042114258,6.8673095703125,1.1659128665924072,,,,,,,114.0,28.0,30.0,1.0,0.0,0.0,0.0,0.0,2022,11,Primavera,Herbáceas,1,1,1,1,2.347279903883429,5–10 m,872_gt3r_1770040,297914.3,5277632.8,BOSQUE_NW_02,operacional,SI,,2022-11-16,NO,1106.17,21.719,21.928,0.25,PASA
BOSQUE_NW_02(3),ATL08_20221116210454_08721713_007_01.h5,2022-11-16T21:04:54Z,gt3r,-71.46561431884766,-42.618309020996094,153868010.07175326,872.0,17.0,13.0,007,01,23265.0,1.0,1770090.0,1770094.0,1200.544677734375,33.417213439941406,23.332763671875,20.552152633666992,26.7286376953125,6.132246971130371,,,,,,,132.0,36.0,126.0,1.0,0.0,0.0,0.0,0.0,2022,11,Primavera,Bosque abierto desconocido,1,1,1,1,0.8808280460338387,20–30 m,872_gt3r_1770090,297787.1,5278622.9,BOSQUE_NW_02,operacional,SI,,2022-11-16,NO,1182.61,21.694,21.900,-3.76,PASA
BOSQUE_NW_02(3),ATL08_20221116210454_08721713_007_01.h5,2022-11-16T21:04:54Z,gt3r,-71.46572875976562,-42.61741256713867,153868010.08586165,872.0,17.0,13.0,007,01,23265.0,1.0,1770095.0,1770099.0,1212.54443359375,37.853328704833984,3.320556640625,23.503089904785156,3.9344482421875,0.6419427990913391,,,,,,,178.0,32.0,30.0,1.0,0.0,0.0,0.0,0.0,2022,11,Primavera,Herbáceas,1,1,1,1,7.078057220057349,2–5 m,872_gt3r_1770095,297774.8,5278722.2,BOSQUE_NW_02,operacional,SI,,2022-11-16,NO,1191.01,21.691,21.897,-0.16,PASA
BOSQUE_NW_02(3),ATL08_20221116210454_08721713_007_01.h5,2022-11-16T21:04:54Z,gt3r,-71.46630859375,-42.61294174194336,153868010.15654108,872.0,17.0,13.0,007,01,23265.0,1.0,1770120.0,1770124.0,1151.697998046875,15.366910934448242,3.202392578125,16.150035858154297,4.2197265625,0.7033390998840332,,,,,,,108.0,75.0,116.0,1.0,0.0,0.0,0.0,0.0,2022,11,Primavera,Bosque cerrado desconocido,1,1,1,1,5.043115565678128,2–5 m,872_gt3r_1770120,297712.8,5279217.3,BOSQUE_NW_02,operacional,SI,,2022-11-16,NO,1127.49,21.677,21.883,2.53,PASA
BOSQUE_NW_02(3),ATL08_20221116210454_08721713_007_01.h5,2022-11-16T21:04:54Z,gt3r,-71.46769714355469,-42.602203369140625,153868010.32565266,872.0,17.0,13.0,007,01,23265.0,1.0,1770180.0,1770184.0,1070.5289306640625,20.262914657592773,5.1673583984375,11.24933910369873,5.509033203125,1.2053275108337402,,,,,,,89.0,53.0,126.0,1.0,0.0,0.0,0.0,0.0,2022,11,Primavera,Bosque abierto desconocido,1,1,1,1,2.176999974900191,5–10 m,872_gt3r_1770180,297564.1,5280406.4,BOSQUE_NW_02,operacional,SI,,2022-11-16,NO,1052.28,21.643,21.849,-3.39,PASA
BOSQUE_NW_02(3),ATL08_20221116210454_08721713_007_01.h5,2022-11-16T21:04:54Z,gt3r,-71.46807098388672,-42.59952163696289,153868010.3680169,872.0,17.0,13.0,007,01,23265.0,1.0,1770195.0,1770199.0,1100.803466796875,35.5323371887207,4.51318359375,16.950105667114258,7.0860595703125,1.0798149108886719,,,,,,,113.0,31.0,126.0,1.0,0.0,0.0,0.0,0.0,2022,11,Primavera,Bosque abierto desconocido,1,1,1,1,3.7556871585253706,2–5 m,872_gt3r_1770195,297524.7,5280703.4,BOSQUE_NW_02,operacional,SI,,2022-11-16,NO,1078.27,21.635,21.840,0.90,PASA
BOSQUE_NW_02(3),ATL08_20221116210454_08721713_007_01.h5,2022-11-16T21:04:54Z,gt3r,-71.46818542480469,-42.59862518310547,153868010.38199684,872.0,17.0,13.0,007,01,23265.0,1.0,1770200.0,1770204.0,1103.591796875,29.827850341796875,4.3447265625,15.473139762878418,8.401123046875,1.0744566917419434,,,,,,,105.0,37.0,116.0,1.0,0.0,0.0,0.0,0.0,2022,11,Primavera,Bosque cerrado desconocido,1,1,1,1,3.5613610063356935,2–5 m,872_gt3r_1770200,297512.4,5280802.6,BOSQUE_NW_02,operacional,SI,,2022-11-16,NO,1080.30,21.632,21.836,1.66,PASA
BOSQUE_NW_02(3),ATL08_20221116210454_08721713_007_01.h5,2022-11-16T21:04:54Z,gt3r,-71.46829986572266,-42.59773254394531,153868010.39610872,872.0,17.0,13.0,007,01,23265.0,1.0,1770205.0,1770209.0,1114.075439453125,55.638404846191406,19.88623046875,23.31875228881836,21.211669921875,5.995723247528076,,,,,,,139.0,20.0,116.0,1.0,0.0,0.0,0.0,0.0,2022,11,Primavera,Bosque cerrado desconocido,1,1,1,1,1.172607967380362,10–20 m,872_gt3r_1770205,297500.1,5280901.5,BOSQUE_NW_02,operacional,SI,,2022-11-16,NO,1091.26,21.629,21.832,1.19,PASA
BOSQUE_NW_02(3),ATL08_20221116210454_08721713_007_01.h5,2022-11-16T21:04:54Z,gt3r,-71.46935272216797,-42.58967971801758,153868010.5230806,872.0,17.0,13.0,007,01,23265.0,1.0,1770250.0,1770253.0,1103.7266845703125,,21.1990966796875,,21.3536376953125,5.446853160858154,,,,,,,122.0,9.0,112.0,1.0,0.0,0.0,0.0,0.0,2022,11,Primavera,Bosque cerrado perennifolio latifolio,1,1,0,0,,20–30 m,872_gt3r_1770250,297387.7,5281793.2,BOSQUE_NW_02,operacional,SI,,2022-11-16,NO,1084.85,21.603,21.800,-2.73,PASA
BOSQUE_NW_02(3),ATL08_20221116210454_08721713_007_01.h5,2022-11-16T21:04:54Z,gt3r,-71.46958923339844,-42.587890625,153868010.55141318,872.0,17.0,13.0,007,01,23265.0,1.0,1770260.0,1770264.0,1143.13671875,,19.1925048828125,,19.883056640625,4.797011375427246,,,,,,,135.0,4.0,30.0,1.0,0.0,0.0,0.0,0.0,2022,11,Primavera,Herbáceas,1,1,0,0,,10–20 m,872_gt3r_1770260,297362.4,5281991.3,BOSQUE_NW_02,operacional,SI,,2022-11-16,NO,1127.54,21.598,21.792,-6.00,DESCARTADO
BOSQUE_NW_02(3),ATL08_20221116210454_08721713_007_01.h5,2022-11-16T21:04:54Z,gt3r,-71.4697265625,-42.586997985839844,153868010.56546196,872.0,17.0,13.0,007,01,23265.0,1.0,1770265.0,1770269.0,1147.466064453125,63.72490692138672,9.0870361328125,13.664074897766113,11.5155029296875,2.169992685317993,,,,,,,110.0,18.0,20.0,1.0,0.0,0.0,0.0,0.0,2022,11,Primavera,Arbustos,1,1,1,1,1.5036888483832833,5–10 m,872_gt3r_1770265,297348.3,5282090.1,BOSQUE_NW_02,operacional,SI,,2022-11-16,NO,1129.12,21.595,21.789,-3.25,PASA
BOSQUE_NW_02(3),ATL08_20221116210454_08721713_007_01.h5,2022-11-16T21:04:54Z,gt3r,-71.47142791748047,-42.57357406616211,153868010.77710336,872.0,17.0,13.0,007,01,23265.0,1.0,1770340.0,1770344.0,902.5834350585938,15.041927337646484,9.1317138671875,8.943540573120117,10.2825927734375,1.964040994644165,,,,,,,90.0,60.0,20.0,1.0,0.0,0.0,0.0,0.0,2022,11,Primavera,Arbustos,1,1,1,1,0.979393430761827,5–10 m,872_gt3r_1770340,297165.1,5283576.8,BOSQUE_NW_02,operacional,SI,,2022-11-16,NO,880.83,21.547,21.742,0.21,PASA
BOSQUE_NW_02(3),ATL08_20221116210454_08721713_007_01.h5,2022-11-16T21:04:54Z,gt3r,-71.47177124023438,-42.570892333984375,153868010.8194932,872.0,17.0,13.0,007,01,23265.0,1.0,1770355.0,1770359.0,877.76416015625,23.11890411376953,4.88153076171875,8.240235328674316,6.40325927734375,1.1615148782730103,,,,,,,95.0,38.0,126.0,1.0,0.0,0.0,0.0,0.0,2022,11,Primavera,Bosque abierto desconocido,1,1,1,1,1.6880433066805036,2–5 m,872_gt3r_1770355,297128.3,5283873.8,BOSQUE_NW_02,operacional,SI,,2022-11-16,NO,856.58,21.537,21.733,-0.35,PASA
BOSQUE_NW_02(3),ATL08_20221116210454_08721713_007_01.h5,2022-11-16T21:04:54Z,gt3r,-71.47200012207031,-42.56909942626953,153868010.8478598,872.0,17.0,13.0,007,01,23265.0,1.0,1770365.0,1770369.0,867.7066650390625,41.40584182739258,12.408447265625,17.62388038635254,13.4649658203125,3.0442986488342285,,,,,,,143.0,21.0,126.0,1.0,0.0,0.0,0.0,0.0,2022,11,Primavera,Bosque abierto desconocido,1,1,1,1,1.4203131148548942,10–20 m,872_gt3r_1770365,297103.7,5284072.3,BOSQUE_NW_02,operacional,SI,,2022-11-16,NO,846.73,21.530,21.727,-0.56,PASA
BOSQUE_NW_02(3),ATL08_20221116210454_08721713_007_01.h5,2022-11-16T21:04:54Z,gt3r,-71.47224426269531,-42.56731414794922,153868010.87600678,872.0,17.0,13.0,007,01,23265.0,1.0,1770375.0,1770379.0,910.9505615234375,15.977714538574219,6.3582763671875,11.95427417755127,7.28802490234375,1.500839352607727,,,,,,,129.0,57.0,126.0,1.0,0.0,0.0,0.0,0.0,2022,11,Primavera,Bosque abierto desconocido,1,1,1,1,1.880112390087738,5–10 m,872_gt3r_1770375,297077.8,5284270.0,BOSQUE_NW_02,operacional,SI,,2022-11-16,NO,888.60,21.524,21.721,0.83,PASA
BOSQUE_NW_02(3),ATL08_20221116210454_08721713_007_01.h5,2022-11-16T21:04:54Z,gt3r,-71.47236633300781,-42.5664176940918,153868010.89013582,872.0,17.0,13.0,007,01,23265.0,1.0,1770380.0,1770384.0,902.9906616210938,11.723081588745117,7.54669189453125,11.96743392944336,9.1180419921875,1.9145783185958862,,,,,,,106.0,77.0,126.0,1.0,0.0,0.0,0.0,0.0,2022,11,Primavera,Bosque abierto desconocido,1,1,1,1,1.58578541388653,5–10 m,872_gt3r_1770380,297064.9,5284369.2,BOSQUE_NW_02,operacional,SI,,2022-11-16,NO,881.54,21.520,21.718,-0.07,PASA
BOSQUE_NW_02(3),ATL08_20230115055833_03921809_007_01.h5,2023-01-15T05:58:33Z,gt1l,-71.52433013916016,-42.635169982910156,158997759.42992568,392.0,18.0,9.0,007,01,24172.0,1.0,1238798.0,1238802.0,1322.4775390625,,15.26416015625,,15.26416015625,4.460939407348633,,,,,,,12.0,1.0,112.0,1.0,0.0,0.0,1.0,0.0,2023,1,Verano,Bosque cerrado perennifolio latifolio,1,1,0,0,,10–20 m,392_gt1l_1238798,293027.2,5276608.4,BOSQUE_NW_02,operacional,SI,,2023-01-15,NO,1301.96,21.646,21.868,-1.13,PASA
BOSQUE_NW_02(3),ATL08_20230115055833_03921809_007_01.h5,2023-01-15T05:58:33Z,gt1l,-71.52459716796875,-42.63695526123047,158997759.45805424,392.0,18.0,9.0,007,01,24172.0,1.0,1238808.0,1238812.0,1295.66064453125,,9.66552734375,,9.66552734375,2.394958257675171,,,,,,,22.0,2.0,112.0,1.0,0.0,0.0,1.0,0.0,2023,1,Verano,Bosque cerrado perennifolio latifolio,1,1,0,0,,5–10 m,392_gt1l_1238808,293011.3,5276409.5,BOSQUE_NW_02,operacional,SI,,2023-01-15,NO,1272.51,21.650,21.873,1.50,PASA
BOSQUE_NW_02(3),ATL08_20230115055833_03921809_007_01.h5,2023-01-15T05:58:33Z,gt1l,-71.52473449707031,-42.63785171508789,158997759.47213385,392.0,18.0,9.0,007,01,24172.0,1.0,1238813.0,1238817.0,1273.676513671875,,11.182861328125,,11.182861328125,2.7056450843811035,,,,,,,22.0,4.0,112.0,1.0,0.0,0.0,1.0,0.0,2023,1,Verano,Bosque cerrado perennifolio latifolio,1,1,0,0,,10–20 m,392_gt1l_1238813,293003.0,5276309.6,BOSQUE_NW_02,operacional,SI,,2023-01-15,NO,1250.86,21.652,21.876,1.16,PASA
BOSQUE_NW_02(3),ATL08_20230115055833_03921809_007_01.h5,2023-01-15T05:58:33Z,gt1l,-71.52543640136719,-42.64231491088867,158997759.54254898,392.0,18.0,9.0,007,01,24172.0,1.0,1238838.0,1238842.0,1334.418212890625,,14.430908203125,,14.430908203125,2.637223482131958,,,,,,,23.0,5.0,114.0,1.0,0.0,0.0,1.0,0.0,2023,1,Verano,Bosque cerrado caducifolio latifolio,1,1,0,0,,10–20 m,392_gt1l_1238838,292960.2,5275812.3,BOSQUE_NW_02,operacional,SI,,2023-01-15,NO,1311.27,21.661,21.890,1.49,PASA
BOSQUE_NW_02(3),ATL08_20230115055833_03921809_007_01.h5,2023-01-15T05:58:33Z,gt1l,-71.52556610107422,-42.64320755004883,158997759.55660695,392.0,18.0,9.0,007,01,24172.0,1.0,1238843.0,1238847.0,1339.6424560546875,83.70807647705078,11.390380859375,63.37924575805664,11.390380859375,3.237875461578369,,,,,,,23.0,16.0,112.0,1.0,0.0,0.0,1.0,0.0,2023,1,Verano,Bosque cerrado perennifolio latifolio,1,1,1,1,5.564278011467152,10–20 m,392_gt1l_1238843,292952.6,5275712.8,BOSQUE_NW_02,operacional,SI,,2023-01-15,NO,1318.48,21.663,21.892,-0.50,PASA
BOSQUE_NW_02(3),ATL08_20230115055833_03921809_007_01.h5,2023-01-15T05:58:33Z,gt1l,-71.52569580078125,-42.644100189208984,158997759.5707168,392.0,18.0,9.0,007,01,24172.0,1.0,1238848.0,1238852.0,1340.3944091796875,78.84886169433594,13.26318359375,70.49077606201172,13.26318359375,3.6945085525512695,,,,,,,27.0,17.0,112.0,1.0,0.0,0.0,1.0,0.0,2023,1,Verano,Bosque cerrado perennifolio latifolio,1,1,1,1,5.314770436807422,10–20 m,392_gt1l_1238848,292944.9,5275613.4,BOSQUE_NW_02,operacional,SI,,2023-01-15,NO,1319.39,21.665,21.895,-0.66,PASA
BOSQUE_NW_02(3),ATL08_20230115055833_03921809_007_01.h5,2023-01-15T05:58:33Z,gt1r,-71.52613067626953,-42.63937759399414,158997759.8467149,392.0,18.0,9.0,007,01,24172.0,1.0,1238822.0,1238826.0,1291.7843017578125,30.768844604492188,14.566162109375,18.346397399902344,15.2108154296875,4.162425994873047,,,,,,,102.0,42.0,114.0,1.0,0.0,0.0,1.0,0.0,2023,1,Verano,Bosque cerrado caducifolio latifolio,1,1,1,1,1.259521709434658,10–20 m,392_gt1r_1238822,292893.6,5276136.7,BOSQUE_NW_02,operacional,SI,,2023-01-15,NO,1270.60,21.653,21.881,-0.47,PASA
BOSQUE_NW_02(3),ATL08_20230115055833_03921809_007_01.h5,2023-01-15T05:58:33Z,gt1r,-71.52642059326172,-42.642066955566406,158997759.88892794,392.0,18.0,9.0,007,01,24172.0,1.0,1238837.0,1238841.0,1331.214111328125,,14.3294677734375,,16.5379638671875,2.9536445140838623,,,,,,,84.0,8.0,114.0,1.0,0.0,0.0,1.0,0.0,2023,1,Verano,Bosque cerrado caducifolio latifolio,1,1,0,0,,10–20 m,392_gt1r_1238837,292878.7,5275837.4,BOSQUE_NW_02,operacional,SI,,2023-01-15,NO,1308.58,21.659,21.889,0.97,PASA
BOSQUE_NW_02(3),ATL08_20230316152045_13141813_007_01.h5,2023-03-16T15:20:45Z,gt2l,-71.421142578125,-42.654144287109375,164215365.0025081,1314.0,18.0,13.0,007,01,25094.0,0.0,1769973.0,1769977.0,1235.0975341796875,23.29370880126953,7.755126953125,22.717683792114258,14.4293212890625,1.7472753524780273,,,,,,,94.0,53.0,126.0,1.0,0.0,0.0,0.0,0.0,2023,3,Otoño,Bosque abierto desconocido,1,1,1,1,2.9293761313552653,5–10 m,1314_gt2l_1769973,301548.5,5274748.8,BOSQUE_NW_02,operacional,SI,,2023-03-16,NO,1213.78,21.803,21.975,-0.49,PASA
BOSQUE_NW_02(3),ATL08_20230316152045_13141813_007_01.h5,2023-03-16T15:20:45Z,gt2l,-71.42225646972656,-42.64519500732422,164215365.14315572,1314.0,18.0,13.0,007,01,25094.0,0.0,1770023.0,1770027.0,1124.0599365234375,37.50773620605469,8.014892578125,14.897233963012695,8.916015625,1.9298416376113892,,,,,,,80.0,30.0,30.0,1.0,0.0,0.0,0.0,0.0,2023,3,Otoño,Herbáceas,1,1,1,1,1.8586941518931432,5–10 m,1314_gt2l_1770023,301428.7,5275740.0,BOSQUE_NW_02,operacional,SI,,2023-03-16,NO,1104.79,21.794,21.973,-2.53,PASA
BOSQUE_NW_02(3),ATL08_20230316152045_13141813_007_01.h5,2023-03-16T15:20:45Z,gt2l,-71.42247009277344,-42.64340591430664,164215365.17140725,1314.0,18.0,13.0,007,01,25094.0,0.0,1770033.0,1770037.0,1166.4522705078125,,15.8453369140625,,16.613037109375,4.672162055969238,,,,,,,81.0,6.0,30.0,1.0,0.0,0.0,0.0,0.0,2023,3,Otoño,Herbáceas,1,1,0,0,,10–20 m,1314_gt2l_1770033,301405.5,5275938.2,BOSQUE_NW_02,operacional,SI,,2023-03-16,NO,1149.92,21.792,21.971,-5.26,DESCARTADO
BOSQUE_NW_02(3),ATL08_20230316152045_13141813_007_01.h5,2023-03-16T15:20:45Z,gt2l,-71.42269134521484,-42.64161682128906,164215365.19968027,1314.0,18.0,13.0,007,01,25094.0,0.0,1770043.0,1770047.0,1169.505615234375,,8.446044921875,,9.5245361328125,2.1506998538970947,,,,,,,58.0,7.0,30.0,1.0,0.0,0.0,0.0,0.0,2023,3,Otoño,Herbáceas,1,1,0,0,,5–10 m,1314_gt2l_1770043,301381.7,5276136.3,BOSQUE_NW_02,operacional,SI,,2023-03-16,NO,1150.89,21.790,21.970,-3.17,PASA
BOSQUE_NW_02(3),ATL08_20230316152045_13141813_007_01.h5,2023-03-16T15:20:45Z,gt2l,-71.42292022705078,-42.639827728271484,164215365.2277575,1314.0,18.0,13.0,007,01,25094.0,0.0,1770053.0,1770057.0,1180.39501953125,25.656309127807617,7.2119140625,19.2231388092041,7.5018310546875,1.920465111732483,,,,,,,79.0,46.0,126.0,1.0,0.0,0.0,0.0,0.0,2023,3,Otoño,Bosque abierto desconocido,1,1,1,1,2.6654697549932296,5–10 m,1314_gt2l_1770053,301357.2,5276334.5,BOSQUE_NW_02,operacional,SI,,2023-03-16,NO,1159.24,21.788,21.969,-0.63,PASA
BOSQUE_NW_02(3),ATL08_20230316152045_13141813_007_01.h5,2023-03-16T15:20:45Z,gt2l,-71.42301940917969,-42.63893127441406,164215365.2418159,1314.0,18.0,13.0,007,01,25094.0,0.0,1770058.0,1770062.0,1195.91748046875,22.989635467529297,4.7330322265625,16.763521194458008,6.681396484375,1.1605719327926636,,,,,,,74.0,52.0,126.0,1.0,0.0,0.0,0.0,0.0,2023,3,Otoño,Bosque abierto desconocido,1,1,1,1,3.5418142940964072,2–5 m,1314_gt2l_1770058,301346.2,5276433.8,BOSQUE_NW_02,operacional,SI,,2023-03-16,NO,1174.46,21.787,21.968,-0.33,PASA
BOSQUE_NW_02(3),ATL08_20230316152045_13141813_007_01.h5,2023-03-16T15:20:45Z,gt2l,-71.423828125,-42.632667541503906,164215365.3405303,1314.0,18.0,13.0,007,01,25094.0,0.0,1770093.0,1770097.0,1233.9478759765625,29.362565994262695,5.419189453125,18.5850887298584,6.803466796875,1.3018888235092163,,,,,,,72.0,42.0,126.0,1.0,0.0,0.0,0.0,0.0,2023,3,Otoño,Bosque abierto desconocido,1,1,1,1,3.429496032684597,5–10 m,1314_gt2l_1770093,301260.0,5277127.5,BOSQUE_NW_02,operacional,SI,,2023-03-16,NO,1212.60,21.780,21.963,-0.43,PASA
BOSQUE_NW_02(3),ATL08_20230316152045_13141813_007_01.h5,2023-03-16T15:20:45Z,gt2l,-71.42516326904297,-42.622833251953125,164215365.49540263,1314.0,18.0,13.0,007,01,25094.0,0.0,1770148.0,1770152.0,1153.5858154296875,,7.49853515625,,9.5576171875,1.7347697019577026,,,,,,,57.0,8.0,116.0,1.0,0.0,0.0,0.0,0.0,2023,3,Otoño,Bosque cerrado desconocido,1,1,0,0,,5–10 m,1314_gt2l_1770148,301119.2,5278216.4,BOSQUE_NW_02,operacional,SI,,2023-03-16,NO,1132.58,21.764,21.944,-0.76,PASA
BOSQUE_NW_02(3),ATL08_20230316152045_13141813_007_01.h5,2023-03-16T15:20:45Z,gt2l,-71.42588806152344,-42.617469787597656,164215365.5798394,1314.0,18.0,13.0,007,01,25094.0,0.0,1770178.0,1770182.0,1191.24658203125,33.11939239501953,4.60693359375,12.688922882080078,5.1395263671875,1.0828101634979248,,,,,,,45.0,36.0,126.0,1.0,0.0,0.0,0.0,0.0,2023,3,Otoño,Bosque abierto desconocido,1,1,1,1,2.754309916534181,2–5 m,1314_gt2l_1770178,301042.6,5278810.3,BOSQUE_NW_02,operacional,SI,,2023-03-16,NO,1170.33,21.749,21.934,-0.83,PASA
BOSQUE_NW_02(3),ATL08_20230316152045_13141813_007_01.h5,2023-03-16T15:20:45Z,gt2l,-71.4273910522461,-42.60674285888672,164215365.74869424,1314.0,18.0,13.0,007,01,25094.0,0.0,1770238.0,1770242.0,1199.201416015625,12.752280235290527,10.9940185546875,14.90540599822998,16.1651611328125,2.3471152782440186,,,,,,,80.0,94.0,126.0,1.0,0.0,0.0,0.0,0.0,2023,3,Otoño,Bosque abierto desconocido,1,1,1,1,1.3557741351887012,10–20 m,1314_gt2l_1770238,300885.2,5279998.0,BOSQUE_NW_02,operacional,SI,,2023-03-16,NO,1176.97,21.718,21.898,0.52,PASA
BOSQUE_NW_02(3),ATL08_20230316152045_13141813_007_01.h5,2023-03-16T15:20:45Z,gt2l,-71.42764282226562,-42.604957580566406,164215365.77684867,1314.0,18.0,13.0,007,01,25094.0,0.0,1770248.0,1770252.0,1199.7672119140625,27.89839744567871,5.4168701171875,19.5275936126709,6.2601318359375,1.1603518724441528,,,,,,,103.0,43.0,126.0,1.0,0.0,0.0,0.0,0.0,2023,3,Otoño,Bosque abierto desconocido,1,1,1,1,3.6049588028169013,5–10 m,1314_gt2l_1770248,300858.8,5280195.7,BOSQUE_NW_02,operacional,SI,,2023-03-16,NO,1178.39,21.713,21.892,-0.33,PASA
BOSQUE_NW_02(3),ATL08_20230316152045_13141813_007_01.h5,2023-03-16T15:20:45Z,gt2l,-71.42862701416016,-42.59780502319336,164215365.88958725,1314.0,18.0,13.0,007,01,25094.0,0.0,1770288.0,1770292.0,1234.6207275390625,,26.8267822265625,,27.672607421875,6.801028728485107,,,,,,,107.0,5.0,112.0,1.0,0.0,0.0,0.0,0.0,2023,3,Otoño,Bosque cerrado perennifolio latifolio,1,1,0,0,,20–30 m,1314_gt2l_1770288,300755.3,5280987.6,BOSQUE_NW_02,operacional,SI,,2023-03-16,NO,1221.71,21.693,21.866,-8.78,DESCARTADO
BOSQUE_NW_02(3),ATL08_20230316152045_13141813_007_01.h5,2023-03-16T15:20:45Z,gt2l,-71.42887115478516,-42.59601593017578,164215365.91763586,1314.0,18.0,13.0,007,01,25094.0,0.0,1770298.0,1770302.0,1257.4290771484375,,24.99462890625,,27.5487060546875,6.7165913581848145,,,,,,,99.0,5.0,112.0,1.0,0.0,0.0,0.0,0.0,2023,3,Otoño,Bosque cerrado perennifolio latifolio,1,1,0,0,,20–30 m,1314_gt2l_1770298,300729.6,5281185.7,BOSQUE_NW_02,operacional,SI,,2023-03-16,NO,1242.93,21.687,21.859,-7.19,DESCARTADO
BOSQUE_NW_02(3),ATL08_20230316152045_13141813_007_01.h5,2023-03-16T15:20:45Z,gt2l,-71.42898559570312,-42.595123291015625,164215365.93181968,1314.0,18.0,13.0,007,01,25094.0,0.0,1770303.0,1770307.0,1272.9888916015625,,23.7222900390625,,27.3717041015625,4.480564117431641,,,,,,,70.0,2.0,112.0,1.0,0.0,0.0,0.0,0.0,2023,3,Otoño,Bosque cerrado perennifolio latifolio,1,1,0,0,,20–30 m,1314_gt2l_1770303,300717.3,5281284.6,BOSQUE_NW_02,operacional,SI,,2023-03-16,NO,1257.99,21.685,21.856,-6.68,DESCARTADO
BOSQUE_NW_02(3),ATL08_20230316152045_13141813_007_01.h5,2023-03-16T15:20:45Z,gt2l,-71.42910766601562,-42.5942268371582,164215365.9459211,1314.0,18.0,13.0,007,01,25094.0,0.0,1770309.0,1770312.0,1304.2369384765625,,24.15673828125,,26.105712890625,7.099549770355225,,,,,,,80.0,6.0,112.0,1.0,0.0,0.0,0.0,0.0,2023,3,Otoño,Bosque cerrado perennifolio latifolio,1,1,0,0,,20–30 m,1314_gt2l_1770309,300704.5,5281383.9,BOSQUE_NW_02,operacional,SI,,2023-03-16,NO,1289.47,21.682,21.852,-6.92,DESCARTADO
BOSQUE_NW_02(3),ATL08_20230316152045_13141813_007_01.h5,2023-03-16T15:20:45Z,gt2l,-71.42948150634766,-42.59154510498047,164215365.9882037,1314.0,18.0,13.0,007,01,25094.0,0.0,1770323.0,1770327.0,1268.1973876953125,,18.9468994140625,,19.679443359375,4.148979663848877,,,,,,,86.0,9.0,116.0,1.0,0.0,0.0,0.0,0.0,2023,3,Otoño,Bosque cerrado desconocido,1,1,0,0,,10–20 m,1314_gt2l_1770323,300665.2,5281680.8,BOSQUE_NW_02,operacional,SI,,2023-03-16,NO,1252.97,21.674,21.842,-6.44,DESCARTADO
BOSQUE_NW_02(3),ATL08_20230316152045_13141813_007_01.h5,2023-03-16T15:20:45Z,gt2l,-71.42996215820312,-42.58797073364258,164215366.04452342,1314.0,18.0,13.0,007,01,25094.0,0.0,1770343.0,1770347.0,1274.326904296875,52.96882247924805,16.167236328125,25.119768142700195,16.741943359375,4.7073493003845215,,,,,,,91.0,24.0,116.0,1.0,0.0,0.0,0.0,0.0,2023,3,Otoño,Bosque cerrado desconocido,1,1,1,1,1.5537453423007808,10–20 m,1314_gt2l_1770343,300614.4,5282076.6,BOSQUE_NW_02,operacional,SI,,2023-03-16,NO,1252.71,21.664,21.827,-0.04,PASA
BOSQUE_NW_02(3),ATL08_20230316152045_13141813_007_01.h5,2023-03-16T15:20:45Z,gt2l,-71.43035888671875,-42.585289001464844,164215366.08674482,1314.0,18.0,13.0,007,01,25094.0,0.0,1770358.0,1770362.0,1215.87255859375,60.825477600097656,8.15234375,17.582197189331055,9.093505859375,1.969834804534912,,,,,,,74.0,20.0,20.0,1.0,0.0,0.0,0.0,0.0,2023,3,Otoño,Arbustos,1,1,1,1,2.1567045905456395,5–10 m,1314_gt2l_1770358,300573.3,5282373.5,BOSQUE_NW_02,operacional,SI,,2023-03-16,NO,1194.34,21.656,21.817,-0.12,PASA
BOSQUE_NW_02(3),ATL08_20230316152045_13141813_007_01.h5,2023-03-16T15:20:45Z,gt2l,-71.43242645263672,-42.570091247558594,164215366.32608107,1314.0,18.0,13.0,007,01,25094.0,0.0,1770443.0,1770447.0,1075.3355712890625,,15.8502197265625,,17.1939697265625,4.194966793060303,,,,,,,112.0,9.0,126.0,1.0,0.0,0.0,0.0,0.0,2023,3,Otoño,Bosque abierto desconocido,1,1,0,0,,10–20 m,1314_gt2l_1770443,300355.1,5284056.3,BOSQUE_NW_02,operacional,SI,,2023-03-16,NO,1056.85,21.599,21.768,-3.11,PASA
BOSQUE_NW_02(3),ATL08_20230316152045_13141813_007_01.h5,2023-03-16T15:20:45Z,gt2l,-71.43254852294922,-42.56919479370117,164215366.34009913,1314.0,18.0,13.0,007,01,25094.0,0.0,1770448.0,1770452.0,1073.091552734375,,16.67822265625,,17.5098876953125,4.158249855041504,,,,,,,83.0,7.0,126.0,1.0,0.0,0.0,0.0,0.0,2023,3,Otoño,Bosque abierto desconocido,1,1,0,0,,10–20 m,1314_gt2l_1770448,300342.2,5284155.5,BOSQUE_NW_02,operacional,SI,,2023-03-16,NO,1054.17,21.595,21.766,-2.67,PASA
BOSQUE_NW_02(3),ATL08_20230316152045_13141813_007_01.h5,2023-03-16T15:20:45Z,gt2r,-71.41988372802734,-42.65459442138672,164215365.34313414,1314.0,18.0,13.0,007,01,25094.0,0.0,1769970.0,1769974.0,1242.2481689453125,,17.3726806640625,,21.574462890625,5.026392936706543,,,,,,,67.0,4.0,20.0,1.0,0.0,0.0,0.0,0.0,2023,3,Otoño,Arbustos,1,1,0,0,,10–20 m,1314_gt2r_1769970,301653.1,5274701.8,BOSQUE_NW_02,operacional,SI,,2023-03-16,NO,1222.40,21.805,21.976,-1.96,PASA
BOSQUE_NW_02(3),ATL08_20230316152045_13141813_007_01.h5,2023-03-16T15:20:45Z,gt2r,-71.41999816894531,-42.65370178222656,164215365.3571796,1314.0,18.0,13.0,007,01,25094.0,0.0,1769975.0,1769978.0,1246.267822265625,,13.640380859375,,13.640380859375,2.995013952255249,,,,,,,23.0,2.0,20.0,1.0,0.0,0.0,0.0,0.0,2023,3,Otoño,Arbustos,1,1,0,0,,10–20 m,1314_gt2r_1769975,301640.9,5274800.6,BOSQUE_NW_02,operacional,SI,,2023-03-16,NO,1228.15,21.804,21.976,-3.69,PASA
BOSQUE_NW_02(3),ATL08_20230316152045_13141813_007_01.h5,2023-03-16T15:20:45Z,gt2r,-71.42171478271484,-42.64118576049805,164215365.55432838,1314.0,18.0,13.0,007,01,25094.0,0.0,1770045.0,1770049.0,1181.7845458984375,,5.9193115234375,,6.0841064453125,1.1505074501037598,,,,,,,23.0,2.0,126.0,1.0,0.0,0.0,0.0,0.0,2023,3,Otoño,Bosque abierto desconocido,1,1,0,0,,5–10 m,1314_gt2r_1770045,301460.4,5276186.5,BOSQUE_NW_02,operacional,SI,,2023-03-16,NO,1164.34,21.790,21.970,-4.35,PASA
BOSQUE_NW_02(3),ATL08_20230316152045_13141813_007_01.h5,2023-03-16T15:20:45Z,gt2r,-71.42208099365234,-42.63850402832031,164215365.59649026,1314.0,18.0,13.0,007,01,25094.0,0.0,1770060.0,1770064.0,1201.0623779296875,38.75104522705078,14.3121337890625,48.73911666870117,14.3121337890625,3.0128872394561768,,,,,,,25.0,31.0,126.0,1.0,0.0,0.0,0.0,0.0,2023,3,Otoño,Bosque abierto desconocido,1,1,1,1,3.405440263977142,10–20 m,1314_gt2r_1770060,301421.8,5276483.4,BOSQUE_NW_02,operacional,SI,,2023-03-16,NO,1179.47,21.787,21.968,-0.20,PASA
BOSQUE_NW_02(3),ATL08_20230316152045_13141813_007_01.h5,2023-03-16T15:20:45Z,gt2r,-71.42244720458984,-42.63582229614258,164215365.63867724,1314.0,18.0,13.0,007,01,25094.0,0.0,1770075.0,1770079.0,1220.69140625,67.89395904541016,11.462646484375,75.42736053466797,11.462646484375,3.0283641815185547,,,,,,,43.0,18.0,30.0,1.0,0.0,0.0,0.0,0.0,2023,3,Otoño,Herbáceas,1,1,1,1,6.58027451491981,10–20 m,1314_gt2r_1770075,301383.2,5276780.4,BOSQUE_NW_02,operacional,SI,,2023-03-16,NO,1200.58,21.784,21.966,-1.67,PASA
BOSQUE_NW_02(3),ATL08_20230316152045_13141813_007_01.h5,2023-03-16T15:20:45Z,gt2r,-71.42281341552734,-42.633140563964844,164215365.68092066,1314.0,18.0,13.0,007,01,25094.0,0.0,1770090.0,1770094.0,1231.927001953125,94.8466796875,12.1278076171875,79.5661849975586,12.7457275390625,3.489184856414795,,,,,,,57.0,13.0,126.0,1.0,0.0,0.0,0.0,0.0,2023,3,Otoño,Bosque abierto desconocido,1,1,1,1,6.560640431399785,10–20 m,1314_gt2r_1770090,301344.7,5277077.3,BOSQUE_NW_02,operacional,SI,,2023-03-16,NO,1211.55,21.781,21.964,-1.40,PASA
BOSQUE_NW_02(3),ATL08_20230316152045_13141813_007_01.h5,2023-03-16T15:20:45Z,gt2r,-71.42320251464844,-42.63045883178711,164215365.7231727,1314.0,18.0,13.0,007,01,25094.0,0.0,1770105.0,1770109.0,1211.0250244140625,,7.5406494140625,,9.1170654296875,1.7477502822875977,,,,,,,43.0,2.0,30.0,1.0,0.0,0.0,0.0,0.0,2023,3,Otoño,Herbáceas,1,1,0,0,,5–10 m,1314_gt2r_1770105,301304.2,5277374.2,BOSQUE_NW_02,operacional,SI,,2023-03-16,NO,1192.23,21.778,21.959,-2.98,PASA
BOSQUE_NW_02(3),ATL08_20230316152045_13141813_007_01.h5,2023-03-16T15:20:45Z,gt2r,-71.4243392944336,-42.622413635253906,164215365.8499202,1314.0,18.0,13.0,007,01,25094.0,0.0,1770150.0,1770154.0,1157.904052734375,,11.451416015625,,12.774169921875,1.8491259813308716,,,,,,,36.0,2.0,30.0,1.0,0.0,0.0,0.0,0.0,2023,3,Otoño,Herbáceas,1,1,0,0,,10–20 m,1314_gt2r_1770150,301185.4,5278265.0,BOSQUE_NW_02,operacional,SI,,2023-03-16,NO,1140.95,21.764,21.944,-4.81,PASA
BOSQUE_NW_02(3),ATL08_20230316152045_13141813_007_01.h5,2023-03-16T15:20:45Z,gt2r,-71.42446899414062,-42.62152099609375,164215365.86401033,1314.0,18.0,13.0,007,01,25094.0,0.0,1770155.0,1770159.0,1162.545654296875,,7.8846435546875,,12.55322265625,1.7528902292251587,,,,,,,35.0,2.0,116.0,1.0,0.0,0.0,0.0,0.0,2023,3,Otoño,Bosque cerrado desconocido,1,1,0,0,,5–10 m,1314_gt2r_1770155,301171.9,5278363.8,BOSQUE_NW_02,operacional,SI,,2023-03-16,NO,1144.43,21.762,21.942,-3.64,PASA
BOSQUE_NW_02(3),ATL08_20230316152045_13141813_007_01.h5,2023-03-16T15:20:45Z,gt2r,-71.42507934570312,-42.61705017089844,164215365.93434083,1314.0,18.0,13.0,007,01,25094.0,0.0,1770180.0,1770184.0,1189.30908203125,,10.403076171875,,11.6260986328125,2.1494367122650146,,,,,,,37.0,5.0,126.0,1.0,0.0,0.0,0.0,0.0,2023,3,Otoño,Bosque abierto desconocido,1,1,0,0,,10–20 m,1314_gt2r_1770180,301107.6,5278858.8,BOSQUE_NW_02,operacional,SI,,2023-03-16,NO,1170.17,21.749,21.934,-2.61,PASA
BOSQUE_NW_02(3),ATL08_20230316152045_13141813_007_01.h5,2023-03-16T15:20:45Z,gt2r,-71.42544555664062,-42.6143684387207,164215365.9766569,1314.0,18.0,13.0,007,01,25094.0,0.0,1770195.0,1770199.0,1197.16162109375,,19.4912109375,,19.4912109375,4.1385369300842285,,,,,,,22.0,3.0,112.0,1.0,0.0,0.0,0.0,0.0,2023,3,Otoño,Bosque cerrado perennifolio latifolio,1,1,0,0,,10–20 m,1314_gt2r_1770195,301069.1,5279155.8,BOSQUE_NW_02,operacional,SI,,2023-03-16,NO,1182.82,21.742,21.925,-7.40,DESCARTADO
BOSQUE_NW_02(3),ATL08_20230316152045_13141813_007_01.h5,2023-03-16T15:20:45Z,gt2r,-71.42556762695312,-42.61347579956055,164215365.9907221,1314.0,18.0,13.0,007,01,25094.0,0.0,1770200.0,1770204.0,1204.201904296875,,19.720458984375,,21.5897216796875,5.130565643310547,,,,,,,59.0,4.0,112.0,1.0,0.0,0.0,0.0,0.0,2023,3,Otoño,Bosque cerrado perennifolio latifolio,1,1,0,0,,10–20 m,1314_gt2r_1770200,301056.2,5279254.6,BOSQUE_NW_02,operacional,SI,,2023-03-16,NO,1187.38,21.739,21.922,-4.92,PASA
BOSQUE_NW_02(3),ATL08_20230316152045_13141813_007_01.h5,2023-03-16T15:20:45Z,gt2r,-71.42679595947266,-42.60453414916992,164215366.13158482,1314.0,18.0,13.0,007,01,25094.0,0.0,1770250.0,1770254.0,1198.51123046875,,9.2108154296875,,12.0555419921875,2.005074977874756,,,,,,,25.0,1.0,126.0,1.0,0.0,0.0,0.0,0.0,2023,3,Otoño,Bosque abierto desconocido,1,1,0,0,,5–10 m,1314_gt2r_1770250,300927.0,5280244.7,BOSQUE_NW_02,operacional,SI,,2023-03-16,NO,1180.60,21.713,21.891,-3.81,PASA
BOSQUE_NW_02(3),ATL08_20230316152045_13141813_007_01.h5,2023-03-16T15:20:45Z,gt2r,-71.4273910522461,-42.60006332397461,164215366.20201248,1314.0,18.0,13.0,007,01,25094.0,0.0,1770275.0,1770279.0,1219.876708984375,,15.2322998046875,,15.2322998046875,3.7664482593536377,,,,,,,38.0,4.0,112.0,1.0,0.0,0.0,0.0,0.0,2023,3,Otoño,Bosque cerrado perennifolio latifolio,1,1,0,0,,10–20 m,1314_gt2r_1770275,300863.9,5280739.8,BOSQUE_NW_02,operacional,SI,,2023-03-16,NO,1192.61,21.701,21.876,5.57,DESCARTADO
BOSQUE_NW_02(3),ATL08_20230316152045_13141813_007_01.h5,2023-03-16T15:20:45Z,gt2r,-71.42750549316406,-42.59917068481445,164215366.21607682,1314.0,18.0,13.0,007,01,25094.0,0.0,1770280.0,1770284.0,1222.646484375,,16.753662109375,,16.753662109375,4.371805667877197,,,,,,,28.0,3.0,112.0,1.0,0.0,0.0,0.0,0.0,2023,3,Otoño,Bosque cerrado perennifolio latifolio,1,1,0,0,,10–20 m,1314_gt2r_1770280,300851.7,5280838.6,BOSQUE_NW_02,operacional,SI,,2023-03-16,NO,1198.68,21.698,21.872,2.27,PASA
BOSQUE_NW_02(3),ATL08_20230316152045_13141813_007_01.h5,2023-03-16T15:20:45Z,gt2r,-71.42762756347656,-42.59827423095703,164215366.23016652,1314.0,18.0,13.0,007,01,25094.0,0.0,1770285.0,1770289.0,1230.924560546875,,14.860107421875,,14.860107421875,3.8488337993621826,,,,,,,43.0,5.0,112.0,1.0,0.0,0.0,0.0,0.0,2023,3,Otoño,Bosque cerrado perennifolio latifolio,1,1,0,0,,10–20 m,1314_gt2r_1770285,300838.8,5280937.9,BOSQUE_NW_02,operacional,SI,,2023-03-16,NO,1205.80,21.695,21.869,3.43,PASA
BOSQUE_NW_02(3),ATL08_20230316152045_13141813_007_01.h5,2023-03-16T15:20:45Z,gt2r,-71.427734375,-42.597381591796875,164215366.24424344,1314.0,18.0,13.0,007,01,25094.0,0.0,1770290.0,1770293.0,1244.6353759765625,,12.6041259765625,,12.6041259765625,2.4369888305664062,,,,,,,30.0,4.0,112.0,1.0,0.0,0.0,0.0,0.0,2023,3,Otoño,Bosque cerrado perennifolio latifolio,1,1,0,0,,10–20 m,1314_gt2r_1770290,300827.2,5281036.8,BOSQUE_NW_02,operacional,SI,,2023-03-16,NO,1219.27,21.693,21.866,3.67,PASA
BOSQUE_NW_02(3),ATL08_20230316152045_13141813_007_01.h5,2023-03-16T15:20:45Z,gt2r,-71.4278564453125,-42.59648895263672,164215366.25830278,1314.0,18.0,13.0,007,01,25094.0,0.0,1770296.0,1770299.0,1257.2557373046875,,21.0758056640625,,21.0758056640625,5.800749778747559,,,,,,,33.0,2.0,112.0,1.0,0.0,0.0,0.0,0.0,2023,3,Otoño,Bosque cerrado perennifolio latifolio,1,1,0,0,,20–30 m,1314_gt2r_1770296,300814.3,5281135.6,BOSQUE_NW_02,operacional,SI,,2023-03-16,NO,1236.01,21.690,21.862,-0.45,PASA
BOSQUE_NW_02(3),ATL08_20230316152045_13141813_007_01.h5,2023-03-16T15:20:45Z,gt2r,-71.42797088623047,-42.5955924987793,164215366.27240855,1314.0,18.0,13.0,007,01,25094.0,0.0,1770300.0,1770304.0,1273.6282958984375,,20.2125244140625,,21.4434814453125,4.8538994789123535,,,,,,,46.0,1.0,112.0,1.0,0.0,0.0,0.0,0.0,2023,3,Otoño,Bosque cerrado perennifolio latifolio,1,1,0,0,,20–30 m,1314_gt2r_1770300,300802.1,5281234.9,BOSQUE_NW_02,operacional,SI,,2023-03-16,NO,1245.99,21.688,21.859,5.95,DESCARTADO
BOSQUE_NW_02(3),ATL08_20230316152045_13141813_007_01.h5,2023-03-16T15:20:45Z,gt2r,-71.42819213867188,-42.59380340576172,164215366.30056205,1314.0,18.0,13.0,007,01,25094.0,0.0,1770310.0,1770314.0,1296.1451416015625,,24.4295654296875,,24.4295654296875,7.4155168533325195,,,,,,,24.0,2.0,112.0,1.0,0.0,0.0,0.0,0.0,2023,3,Otoño,Bosque cerrado perennifolio latifolio,1,1,0,0,,20–30 m,1314_gt2r_1770310,300778.2,5281433.0,BOSQUE_NW_02,operacional,SI,,2023-03-16,NO,1281.00,21.682,21.852,-6.54,DESCARTADO
BOSQUE_NW_02(3),ATL08_20230316152045_13141813_007_01.h5,2023-03-16T15:20:45Z,gt2r,-71.42831420898438,-42.5929069519043,164215366.31462967,1314.0,18.0,13.0,007,01,25094.0,0.0,1770315.0,1770319.0,1300.169677734375,,22.7169189453125,,22.740966796875,6.335421562194824,,,,,,,39.0,4.0,112.0,1.0,0.0,0.0,0.0,0.0,2023,3,Otoño,Bosque cerrado perennifolio latifolio,1,1,0,0,,20–30 m,1314_gt2r_1770315,300765.4,5281532.3,BOSQUE_NW_02,operacional,SI,,2023-03-16,NO,1280.19,21.680,21.848,-1.70,PASA
BOSQUE_NW_02(3),ATL08_20230316152045_13141813_007_01.h5,2023-03-16T15:20:45Z,gt2r,-71.42843627929688,-42.59201431274414,164215366.3287445,1314.0,18.0,13.0,007,01,25094.0,0.0,1770320.0,1770324.0,1286.4556884765625,,13.23046875,,13.23046875,3.598592519760132,,,,,,,34.0,2.0,116.0,1.0,0.0,0.0,0.0,0.0,2023,3,Otoño,Bosque cerrado desconocido,1,1,0,0,,10–20 m,1314_gt2r_1770320,300752.5,5281631.1,BOSQUE_NW_02,operacional,SI,,2023-03-16,NO,1259.54,21.677,21.845,5.24,DESCARTADO
BOSQUE_NW_02(3),ATL08_20230316152045_13141813_007_01.h5,2023-03-16T15:20:45Z,gt2r,-71.42855834960938,-42.591121673583984,164215366.3428316,1314.0,18.0,13.0,007,01,25094.0,0.0,1770325.0,1770329.0,1272.5655517578125,,12.5703125,,12.5703125,3.0353167057037354,,,,,,,32.0,3.0,112.0,1.0,0.0,0.0,0.0,0.0,2023,3,Otoño,Bosque cerrado perennifolio latifolio,1,1,0,0,,10–20 m,1314_gt2r_1770325,300739.6,5281730.0,BOSQUE_NW_02,operacional,SI,,2023-03-16,NO,1245.86,21.675,21.841,5.03,DESCARTADO
BOSQUE_NW_02(3),ATL08_20230316152045_13141813_007_01.h5,2023-03-16T15:20:45Z,gt2r,-71.42867279052734,-42.59022521972656,164215366.35686922,1314.0,18.0,13.0,007,01,25094.0,0.0,1770330.0,1770334.0,1270.1624755859375,,16.882080078125,,16.882080078125,3.9308719635009766,,,,,,,39.0,5.0,112.0,1.0,0.0,0.0,0.0,0.0,2023,3,Otoño,Bosque cerrado perennifolio latifolio,1,1,0,0,,10–20 m,1314_gt2r_1770330,300727.4,5281829.3,BOSQUE_NW_02,operacional,SI,,2023-03-16,NO,1244.18,21.672,21.838,4.31,PASA
BOSQUE_NW_02(3),ATL08_20230316152045_13141813_007_01.h5,2023-03-16T15:20:45Z,gt2r,-71.42878723144531,-42.589332580566406,164215366.37095124,1314.0,18.0,13.0,007,01,25094.0,0.0,1770335.0,1770339.0,1265.9403076171875,,17.54443359375,,22.8597412109375,5.14223575592041,,,,,,,45.0,1.0,112.0,1.0,0.0,0.0,0.0,0.0,2023,3,Otoño,Bosque cerrado perennifolio latifolio,1,1,0,0,,10–20 m,1314_gt2r_1770335,300715.1,5281928.1,BOSQUE_NW_02,operacional,SI,,2023-03-16,NO,1246.20,21.670,21.834,-1.93,PASA
BOSQUE_NW_02(3),ATL08_20230316152045_13141813_007_01.h5,2023-03-16T15:20:45Z,gt2r,-71.42926788330078,-42.58575439453125,164215366.42728657,1314.0,18.0,13.0,007,01,25094.0,0.0,1770355.0,1770359.0,1228.5091552734375,94.53270721435547,13.1285400390625,69.6758804321289,16.6568603515625,3.269613027572632,,,,,,,39.0,13.0,126.0,1.0,0.0,0.0,0.0,0.0,2023,3,Otoño,Bosque abierto desconocido,1,1,1,1,5.3072070637569855,10–20 m,1314_gt2r_1770355,300664.3,5282324.3,BOSQUE_NW_02,operacional,SI,,2023-03-16,NO,1207.07,21.659,21.820,-0.22,PASA
BOSQUE_NW_02(3),ATL08_20230316152045_13141813_007_01.h5,2023-03-16T15:20:45Z,gt2r,-71.42986297607422,-42.58128356933594,164215366.4976707,1314.0,18.0,13.0,007,01,25094.0,0.0,1770380.0,1770384.0,1136.7249755859375,,18.3341064453125,,18.3341064453125,4.091765880584717,,,,,,,37.0,4.0,126.0,1.0,0.0,0.0,0.0,0.0,2023,3,Otoño,Bosque abierto desconocido,1,1,0,0,,10–20 m,1314_gt2r_1770380,300601.2,5282819.4,BOSQUE_NW_02,operacional,SI,,2023-03-16,NO,1115.50,21.644,21.804,-0.42,PASA
BOSQUE_NW_02(3),ATL08_20230316152045_13141813_007_01.h5,2023-03-16T15:20:45Z,gt2r,-71.42998504638672,-42.58039093017578,164215366.51174805,1314.0,18.0,13.0,007,01,25094.0,0.0,1770385.0,1770389.0,1124.507568359375,,18.5003662109375,,19.0308837890625,3.9893746376037598,,,,,,,47.0,3.0,126.0,1.0,0.0,0.0,0.0,0.0,2023,3,Otoño,Bosque abierto desconocido,1,1,0,0,,10–20 m,1314_gt2r_1770385,300588.3,5282918.3,BOSQUE_NW_02,operacional,SI,,2023-03-16,NO,1107.82,21.641,21.802,-4.95,PASA
BOSQUE_NW_02(3),ATL08_20230316152045_13141813_007_01.h5,2023-03-16T15:20:45Z,gt2r,-71.4305648803711,-42.5759162902832,164215366.5821536,1314.0,18.0,13.0,007,01,25094.0,0.0,1770410.0,1770414.0,1078.72216796875,43.197139739990234,11.5872802734375,54.790584564208984,11.5872802734375,2.8555781841278076,,,,,,,44.0,25.0,126.0,1.0,0.0,0.0,0.0,0.0,2023,3,Otoño,Bosque abierto desconocido,1,1,1,1,4.7285112011841175,10–20 m,1314_gt2r_1770410,300526.5,5283413.8,BOSQUE_NW_02,operacional,SI,,2023-03-16,NO,1057.66,21.623,21.788,-0.56,PASA
BOSQUE_NW_02(3),ATL08_20230316152045_13141813_007_01.h5,2023-03-16T15:20:45Z,gt2r,-71.43125915527344,-42.570369720458984,164215366.6694152,1314.0,18.0,13.0,007,01,25094.0,0.0,1770441.0,1770444.0,1116.018310546875,,14.4993896484375,,14.4993896484375,3.5327932834625244,,,,,,,33.0,5.0,126.0,1.0,0.0,0.0,0.0,0.0,2023,3,Otoño,Bosque abierto desconocido,1,1,0,0,,10–20 m,1314_gt2r_1770441,300451.8,5284028.1,BOSQUE_NW_02,operacional,SI,,2023-03-16,NO,1093.62,21.602,21.771,0.79,PASA
BOSQUE_NW_02(3),ATL08_20230316152045_13141813_007_01.h5,2023-03-16T15:20:45Z,gt2r,-71.43134307861328,-42.56965255737305,164215366.68064007,1314.0,18.0,13.0,007,01,25094.0,0.0,1770445.0,1770449.0,1120.34716796875,,17.3682861328125,,17.3682861328125,3.503965139389038,,,,,,,26.0,4.0,126.0,1.0,0.0,0.0,0.0,0.0,2023,3,Otoño,Bosque abierto desconocido,1,1,0,0,,10–20 m,1314_gt2r_1770445,300442.6,5284107.5,BOSQUE_NW_02,operacional,SI,,2023-03-16,NO,1103.86,21.599,21.768,-5.11,DESCARTADO
BOSQUE_NW_02(3),ATL08_20230316152045_13141813_007_01.h5,2023-03-16T15:20:45Z,gt2r,-71.43145751953125,-42.56875991821289,164215366.69474816,1314.0,18.0,13.0,007,01,25094.0,0.0,1770450.0,1770453.0,1104.255126953125,110.79447174072266,16.2763671875,82.9125747680664,20.17578125,4.8496623039245605,,,,,,,43.0,10.0,20.0,1.0,0.0,0.0,0.0,0.0,2023,3,Otoño,Arbustos,1,1,1,1,5.094046712815744,10–20 m,1314_gt2r_1770450,300430.4,5284206.4,BOSQUE_NW_02,operacional,SI,,2023-03-16,NO,1086.93,21.596,21.766,-4.27,PASA
BOSQUE_NW_02(3),ATL08_20231112153308_08342109_007_01.h5,2023-11-12T15:33:08Z,gt2l,-71.44081115722656,-42.56277847290039,185038632.23378584,834.0,21.0,9.0,007,01,28775.0,1.0,1238471.0,1238475.0,961.5134887695312,,11.75482177734375,,12.19158935546875,3.0095973014831543,,,,,,,37.0,5.0,20.0,1.0,0.0,0.0,0.0,0.0,2023,11,Primavera,Arbustos,1,1,0,0,,10–20 m,834_gt2l_1238471,299643.5,5284848.5,BOSQUE_NW_02,operacional,SI,,2023-11-12,NO,943.74,21.558,21.737,-3.79,PASA
BOSQUE_NW_02(3),ATL08_20231112153308_08342109_007_01.h5,2023-11-12T15:33:08Z,gt2l,-71.44908905029297,-42.627201080322266,185038633.24812254,834.0,21.0,9.0,007,01,28775.0,1.0,1238831.0,1238835.0,1108.2967529296875,,12.1553955078125,,12.1553955078125,2.9299237728118896,,,,,,,36.0,5.0,20.0,1.0,0.0,0.0,0.0,0.0,2023,11,Primavera,Arbustos,1,1,0,0,,10–20 m,834_gt2l_1238831,299171.0,5277674.8,BOSQUE_NW_02,operacional,SI,,2023-11-12,NO,1088.41,21.741,21.936,-1.85,PASA
BOSQUE_NW_02(3),ATL08_20231112153308_08342109_007_01.h5,2023-11-12T15:33:08Z,gt2l,-71.44921112060547,-42.62809371948242,185038633.262229,834.0,21.0,9.0,007,01,28775.0,1.0,1238837.0,1238839.0,1118.105712890625,,13.9901123046875,,13.9901123046875,2.727109909057617,,,,,,,10.0,2.0,20.0,1.0,0.0,0.0,0.0,0.0,2023,11,Primavera,Arbustos,1,1,0,0,,10–20 m,834_gt2l_1238837,299163.9,5277575.4,BOSQUE_NW_02,operacional,SI,,2023-11-12,NO,1105.33,21.742,21.939,-8.97,DESCARTADO
BOSQUE_NW_02(3),ATL08_20231112153308_08342109_007_01.h5,2023-11-12T15:33:08Z,gt2l,-71.4493179321289,-42.628990173339844,185038633.27636415,834.0,21.0,9.0,007,01,28775.0,1.0,1238841.0,1238845.0,1119.9371337890625,,13.898193359375,,14.4129638671875,3.2662367820739746,,,,,,,43.0,3.0,20.0,1.0,0.0,0.0,0.0,0.0,2023,11,Primavera,Arbustos,1,1,0,0,,10–20 m,834_gt2l_1238841,299158.0,5277475.6,BOSQUE_NW_02,operacional,SI,,2023-11-12,NO,1103.03,21.743,21.942,-4.83,PASA
BOSQUE_NW_02(3),ATL08_20231112153308_08342109_007_01.h5,2023-11-12T15:33:08Z,gt2r,-71.44176483154297,-42.561988830566406,185038632.57171786,834.0,21.0,9.0,007,01,28775.0,1.0,1238467.0,1238471.0,937.6248168945312,,12.14141845703125,,14.2176513671875,3.0078840255737305,,,,,,,63.0,8.0,126.0,1.0,0.0,0.0,0.0,0.0,2023,11,Primavera,Bosque abierto desconocido,1,1,0,0,,10–20 m,834_gt2r_1238467,299562.7,5284934.0,BOSQUE_NW_02,operacional,SI,,2023-11-12,NO,920.60,21.553,21.734,-4.53,PASA
BOSQUE_NW_02(3),ATL08_20231112153308_08342109_007_01.h5,2023-11-12T15:33:08Z,gt2r,-71.44187927246094,-42.56288528442383,185038632.58578682,834.0,21.0,9.0,007,01,28775.0,1.0,1238472.0,1238476.0,943.6631469726562,,14.24908447265625,,15.2978515625,4.100604057312012,,,,,,,63.0,8.0,126.0,1.0,0.0,0.0,0.0,0.0,2023,11,Primavera,Bosque abierto desconocido,1,1,0,0,,10–20 m,834_gt2r_1238472,299556.1,5284834.1,BOSQUE_NW_02,operacional,SI,,2023-11-12,NO,931.29,21.556,21.736,-9.18,DESCARTADO
BOSQUE_NW_02(3),ATL08_20231112153308_08342109_007_01.h5,2023-11-12T15:33:08Z,gt2r,-71.45042419433594,-42.62873077392578,185038633.62279218,834.0,21.0,9.0,007,01,28775.0,1.0,1238840.0,1238844.0,1101.1103515625,,16.9075927734375,,17.516357421875,4.796625137329102,,,,,,,58.0,3.0,116.0,1.0,0.0,0.0,0.0,0.0,2023,11,Primavera,Bosque cerrado desconocido,1,1,0,0,,10–20 m,834_gt2r_1238840,299066.5,5277501.8,BOSQUE_NW_02,operacional,SI,,2023-11-12,NO,1086.72,21.741,21.940,-7.35,DESCARTADO
BOSQUE_NW_02(3),ATL08_20231112153308_08342109_007_01.h5,2023-11-12T15:33:08Z,gt3l,-71.48355865478516,-42.58393478393555,185038632.5940305,834.0,21.0,9.0,007,01,28775.0,1.0,1238605.0,1238609.0,951.631591796875,,18.1048583984375,,20.4052734375,4.025753021240234,,,,,,,42.0,2.0,126.0,1.0,0.0,0.0,0.0,0.0,2023,11,Primavera,Bosque abierto desconocido,1,1,0,0,,10–20 m,834_gt3l_1238605,296203.3,5282397.1,BOSQUE_NW_02,operacional,SI,,2023-11-12,NO,936.60,21.564,21.760,-6.53,DESCARTADO
BOSQUE_NW_02(3),ATL08_20231112153308_08342109_007_01.h5,2023-11-12T15:33:08Z,gt3r,-71.48446655273438,-42.58242416381836,185038632.92166814,834.0,21.0,9.0,007,01,28775.0,1.0,1238597.0,1238601.0,937.2874145507812,,10.23345947265625,,10.794677734375,2.130068063735962,,,,,,,63.0,6.0,126.0,1.0,0.0,0.0,0.0,0.0,2023,11,Primavera,Bosque abierto desconocido,1,1,0,0,,10–20 m,834_gt3r_1238597,296123.8,5282562.6,BOSQUE_NW_02,operacional,SI,,2023-11-12,NO,917.54,21.557,21.755,-1.81,PASA
BOSQUE_NW_02(3),ATL08_20231112153308_08342109_007_01.h5,2023-11-12T15:33:08Z,gt3r,-71.4974594116211,-42.67981719970703,185038634.45429713,834.0,21.0,9.0,007,01,28775.0,1.0,1239143.0,1239146.0,1091.296630859375,,26.952392578125,,34.05615234375,6.318631172180176,,,,,,,43.0,2.0,40.0,1.0,0.0,0.0,0.0,0.0,2023,11,Primavera,Cultivos/manejo,1,1,0,0,,20–30 m,834_gt3r_1239143,295377.1,5271715.8,BOSQUE_NW_02,operacional,SI,,2023-11-12,NO,1088.67,21.769,22.004,-19.14,DESCARTADO
BOSQUE_NW_02(3),ATL08_20240213232239_08722213_007_01.h5,2024-02-13T23:22:39Z,gt1l,-71.52262878417969,-42.68612289428711,193101872.62810972,872.0,22.0,13.0,007,01,30200.0,1.0,1769737.0,1769741.0,1487.029052734375,211.80422973632812,32.4222412109375,192.66912841796875,32.4222412109375,10.015111923217773,,,,,,,20.0,7.0,30.0,1.0,0.0,0.0,0.0,0.0,2024,2,Verano,Herbáceas,1,1,1,1,5.942498766956699,>30 m,872_gt1l_1769737,293335.7,5270954.2,BOSQUE_NW_02,operacional,SI,,2024-02-13,NO,1460.60,21.752,21.996,4.68,PASA
BOSQUE_NW_02(3),ATL08_20240213232239_08722213_007_01.h5,2024-02-13T23:22:39Z,gt1l,-71.52336120605469,-42.680397033691406,193101872.71836892,872.0,22.0,13.0,007,01,30200.0,1.0,1769769.0,1769771.0,1382.98291015625,,19.1851806640625,,19.1851806640625,4.060632228851318,,,,,,,17.0,1.0,116.0,1.0,0.0,0.0,0.0,0.0,2024,2,Verano,Bosque cerrado desconocido,1,1,0,0,,10–20 m,872_gt1l_1769769,293256.7,5271588.3,BOSQUE_NW_02,operacional,SI,,2024-02-13,NO,1362.48,21.742,21.986,-1.24,PASA
BOSQUE_NW_02(3),ATL08_20240213232239_08722213_007_01.h5,2024-02-13T23:22:39Z,gt1l,-71.52375793457031,-42.6773567199707,193101872.76621228,872.0,22.0,13.0,007,01,30200.0,1.0,1769787.0,1769791.0,1300.079345703125,,23.2271728515625,,23.2271728515625,5.601436614990234,,,,,,,13.0,3.0,116.0,1.0,0.0,0.0,0.0,0.0,2024,2,Verano,Bosque cerrado desconocido,1,1,0,0,,20–30 m,872_gt1l_1769787,293214.1,5271925.0,BOSQUE_NW_02,operacional,SI,,2024-02-13,NO,1285.47,21.737,21.980,-7.13,DESCARTADO
BOSQUE_NW_02(3),ATL08_20240213232239_08722213_007_01.h5,2024-02-13T23:22:39Z,gt1l,-71.52516174316406,-42.66644287109375,193101872.9381747,872.0,22.0,13.0,007,01,30200.0,1.0,1769847.0,1769851.0,1092.4036865234375,,31.9495849609375,,31.9495849609375,8.996686935424805,,,,,,,24.0,5.0,112.0,1.0,0.0,0.0,0.0,0.0,2024,2,Verano,Bosque cerrado perennifolio latifolio,1,1,0,0,,>30 m,872_gt1l_1769847,293062.8,5273133.5,BOSQUE_NW_02,operacional,SI,,2024-02-13,NO,1076.50,21.717,21.959,-5.81,DESCARTADO
BOSQUE_NW_02(3),ATL08_20240213232239_08722213_007_01.h5,2024-02-13T23:22:39Z,gt1l,-71.52645111083984,-42.65660095214844,193101873.09321183,872.0,22.0,13.0,007,01,30200.0,1.0,1769902.0,1769906.0,1158.509033203125,,25.14111328125,,25.14111328125,6.291098117828369,,,,,,,30.0,3.0,112.0,1.0,0.0,0.0,0.0,0.0,2024,2,Verano,Bosque cerrado perennifolio latifolio,1,1,0,0,,20–30 m,872_gt1l_1769902,292924.5,5274223.3,BOSQUE_NW_02,operacional,SI,,2024-02-13,NO,1141.95,21.692,21.931,-5.13,DESCARTADO
BOSQUE_NW_02(3),ATL08_20240213232239_08722213_007_01.h5,2024-02-13T23:22:39Z,gt1l,-71.52727508544922,-42.65034103393555,193101873.1919735,872.0,22.0,13.0,007,01,30200.0,1.0,1769937.0,1769941.0,1320.993408203125,165.71426391601562,15.494140625,134.35128784179688,15.494140625,3.139777421951294,,,,,,,27.0,8.0,112.0,1.0,0.0,0.0,0.0,0.0,2024,2,Verano,Bosque cerrado perennifolio latifolio,1,1,1,1,8.67110290873566,10–20 m,872_gt1l_1769937,292836.1,5274916.4,BOSQUE_NW_02,operacional,SI,,2024-02-13,NO,1305.36,21.677,21.915,-6.05,DESCARTADO
BOSQUE_NW_02(3),ATL08_20240213232239_08722213_007_01.h5,2024-02-13T23:22:39Z,gt1l,-71.52809143066406,-42.64407730102539,193101873.2905736,872.0,22.0,13.0,007,01,30200.0,1.0,1769972.0,1769976.0,1335.597900390625,,11.1141357421875,,11.1141357421875,2.5541768074035645,,,,,,,25.0,3.0,114.0,1.0,0.0,0.0,0.0,0.0,2024,2,Verano,Bosque cerrado caducifolio latifolio,1,1,0,0,,10–20 m,872_gt1l_1769972,292748.4,5275610.0,BOSQUE_NW_02,operacional,SI,,2024-02-13,NO,1314.43,21.661,21.895,-0.49,PASA
BOSQUE_NW_02(3),ATL08_20240213232239_08722213_007_01.h5,2024-02-13T23:22:39Z,gt1l,-71.5283203125,-42.64228820800781,193101873.31883335,872.0,22.0,13.0,007,01,30200.0,1.0,1769983.0,1769986.0,1318.6004638671875,,26.5516357421875,,26.5516357421875,4.731109619140625,,,,,,,27.0,2.0,112.0,1.0,0.0,0.0,0.0,0.0,2024,2,Verano,Bosque cerrado perennifolio latifolio,1,1,0,0,,20–30 m,872_gt1l_1769983,292723.7,5275808.2,BOSQUE_NW_02,operacional,SI,,2024-02-13,NO,1301.24,21.657,21.890,-4.30,PASA
BOSQUE_NW_02(3),ATL08_20240213232239_08722213_007_01.h5,2024-02-13T23:22:39Z,gt1l,-71.52854919433594,-42.640499114990234,193101873.3470188,872.0,22.0,13.0,007,01,30200.0,1.0,1769992.0,1769996.0,1301.4122314453125,,27.94775390625,,27.94775390625,7.215669631958008,,,,,,,33.0,5.0,114.0,1.0,0.0,0.0,0.0,0.0,2024,2,Verano,Bosque cerrado caducifolio latifolio,1,1,0,0,,20–30 m,872_gt1l_1769992,292699.0,5276006.3,BOSQUE_NW_02,operacional,SI,,2024-02-13,NO,1280.50,21.652,21.884,-0.74,PASA
BOSQUE_NW_02(3),ATL08_20240213232239_08722213_007_01.h5,2024-02-13T23:22:39Z,gt1l,-71.52890014648438,-42.637813568115234,193101873.38928735,872.0,22.0,13.0,007,01,30200.0,1.0,1770007.0,1770010.0,1277.039794921875,,23.6519775390625,,23.6519775390625,5.485020637512207,,,,,,,24.0,5.0,112.0,1.0,0.0,0.0,0.0,0.0,2024,2,Verano,Bosque cerrado perennifolio latifolio,1,1,0,0,,20–30 m,872_gt1l_1770007,292661.3,5276303.6,BOSQUE_NW_02,operacional,SI,,2024-02-13,NO,1259.10,21.645,21.876,-3.70,PASA
BOSQUE_NW_02(3),ATL08_20240213232239_08722213_007_01.h5,2024-02-13T23:22:39Z,gt1l,-71.52901458740234,-42.63692092895508,193101873.40337518,872.0,22.0,13.0,007,01,30200.0,1.0,1770013.0,1770016.0,1261.4783935546875,,31.8135986328125,,31.8135986328125,7.71027946472168,,,,,,,29.0,1.0,112.0,1.0,0.0,0.0,0.0,0.0,2024,2,Verano,Bosque cerrado perennifolio latifolio,1,1,0,0,,>30 m,872_gt1l_1770013,292649.0,5276402.5,BOSQUE_NW_02,operacional,SI,,2024-02-13,NO,1233.82,21.643,21.873,6.02,DESCARTADO
BOSQUE_NW_02(3),ATL08_20240213232239_08722213_007_01.h5,2024-02-13T23:22:39Z,gt1l,-71.52913665771484,-42.636024475097656,193101873.41746742,872.0,22.0,13.0,007,01,30200.0,1.0,1770017.0,1770021.0,1259.9222412109375,,22.322998046875,,22.322998046875,5.61361026763916,,,,,,,34.0,1.0,112.0,1.0,0.0,0.0,0.0,0.0,2024,2,Verano,Bosque cerrado perennifolio latifolio,1,1,0,0,,20–30 m,872_gt1l_1770017,292636.0,5276501.7,BOSQUE_NW_02,operacional,SI,,2024-02-13,NO,1243.62,21.641,21.870,-5.34,DESCARTADO
BOSQUE_NW_02(3),ATL08_20240213232239_08722213_007_01.h5,2024-02-13T23:22:39Z,gt1l,-71.52935791015625,-42.63423538208008,193101873.44567528,872.0,22.0,13.0,007,01,30200.0,1.0,1770027.0,1770031.0,1228.7713623046875,,23.3582763671875,,23.3582763671875,5.680722713470459,,,,,,,26.0,4.0,112.0,1.0,0.0,0.0,0.0,0.0,2024,2,Verano,Bosque cerrado perennifolio latifolio,1,1,0,0,,20–30 m,872_gt1l_1770027,292611.9,5276699.9,BOSQUE_NW_02,operacional,SI,,2024-02-13,NO,1203.75,21.636,21.865,3.38,PASA
BOSQUE_NW_02(3),ATL08_20240213232239_08722213_007_01.h5,2024-02-13T23:22:39Z,gt1l,-71.53018951416016,-42.62797546386719,193101873.54435694,872.0,22.0,13.0,007,01,30200.0,1.0,1770062.0,1770066.0,1344.9366455078125,168.08094787597656,15.6055908203125,147.03097534179688,15.6055908203125,4.697147846221924,,,,,,,22.0,8.0,112.0,1.0,0.0,0.0,0.0,0.0,2024,2,Verano,Bosque cerrado perennifolio latifolio,1,1,1,1,9.421685922356678,10–20 m,872_gt1l_1770062,292522.9,5277393.0,BOSQUE_NW_02,operacional,SI,,2024-02-13,NO,1325.77,21.620,21.843,-2.46,PASA
BOSQUE_NW_02(3),ATL08_20240213232239_08722213_007_01.h5,2024-02-13T23:22:39Z,gt1l,-71.53053283691406,-42.62528991699219,193101873.5866556,872.0,22.0,13.0,007,01,30200.0,1.0,1770077.0,1770081.0,1353.5653076171875,,20.3455810546875,,20.3455810546875,4.863037109375,,,,,,,34.0,2.0,114.0,1.0,0.0,0.0,0.0,0.0,2024,2,Verano,Bosque cerrado caducifolio latifolio,1,1,0,0,,20–30 m,872_gt1l_1770077,292485.8,5277690.4,BOSQUE_NW_02,operacional,SI,,2024-02-13,NO,1333.51,21.613,21.834,-1.56,PASA
BOSQUE_NW_02(3),ATL08_20240213232239_08722213_007_01.h5,2024-02-13T23:22:39Z,gt1l,-71.53064727783203,-42.62439727783203,193101873.60075957,872.0,22.0,13.0,007,01,30200.0,1.0,1770082.0,1770086.0,1356.288818359375,,21.4774169921875,,21.4774169921875,5.039722442626953,,,,,,,24.0,4.0,112.0,1.0,0.0,0.0,0.0,0.0,2024,2,Verano,Bosque cerrado perennifolio latifolio,1,1,0,0,,20–30 m,872_gt1l_1770082,292473.5,5277789.2,BOSQUE_NW_02,operacional,SI,,2024-02-13,NO,1337.23,21.611,21.831,-2.55,PASA
BOSQUE_NW_02(3),ATL08_20240213232239_08722213_007_01.h5,2024-02-13T23:22:39Z,gt1l,-71.53076934814453,-42.62350082397461,193101873.61479476,872.0,22.0,13.0,007,01,30200.0,1.0,1770087.0,1770091.0,1344.10595703125,,30.2396240234375,,30.2396240234375,7.2434186935424805,,,,,,,28.0,4.0,30.0,1.0,0.0,0.0,0.0,0.0,2024,2,Verano,Herbáceas,1,1,0,0,,>30 m,872_gt1l_1770087,292460.5,5277888.5,BOSQUE_NW_02,operacional,SI,,2024-02-13,NO,1329.86,21.608,21.827,-7.36,DESCARTADO
BOSQUE_NW_02(3),ATL08_20240213232239_08722213_007_01.h5,2024-02-13T23:22:39Z,gt1l,-71.53087615966797,-42.62260818481445,193101873.62889057,872.0,22.0,13.0,007,01,30200.0,1.0,1770092.0,1770096.0,1302.1593017578125,,30.664306640625,,30.664306640625,7.097323894500732,,,,,,,34.0,4.0,20.0,1.0,0.0,0.0,0.0,0.0,2024,2,Verano,Arbustos,1,1,0,0,,>30 m,872_gt1l_1770092,292448.7,5277987.4,BOSQUE_NW_02,operacional,SI,,2024-02-13,NO,1281.65,21.606,21.824,-1.10,PASA
BOSQUE_NW_02(3),ATL08_20240213232239_08722213_007_01.h5,2024-02-13T23:22:39Z,gt1l,-71.53156280517578,-42.61723709106445,193101873.71341947,872.0,22.0,13.0,007,01,30200.0,1.0,1770122.0,1770126.0,1037.812255859375,,15.243896484375,,15.243896484375,3.439126491546631,,,,,,,34.0,5.0,116.0,1.0,0.0,0.0,0.0,0.0,2024,2,Verano,Bosque cerrado desconocido,1,1,0,0,,10–20 m,872_gt1l_1770122,292374.6,5278582.1,BOSQUE_NW_02,operacional,SI,,2024-02-13,NO,1015.35,21.590,21.805,0.87,PASA
BOSQUE_NW_02(3),ATL08_20240213232239_08722213_007_01.h5,2024-02-13T23:22:39Z,gt1l,-71.53179168701172,-42.615447998046875,193101873.7416454,872.0,22.0,13.0,007,01,30200.0,1.0,1770132.0,1770136.0,1005.0173950195312,56.00602340698242,12.1505126953125,52.89632797241211,12.1505126953125,2.9568989276885986,,,,,,,10.0,18.0,126.0,1.0,0.0,0.0,0.0,0.0,2024,2,Verano,Bosque abierto desconocido,1,1,1,1,4.353423538483177,10–20 m,872_gt1l_1770132,292349.9,5278780.2,BOSQUE_NW_02,operacional,SI,,2024-02-13,NO,982.26,21.585,21.800,1.17,PASA
BOSQUE_NW_02(3),ATL08_20240213232239_08722213_007_01.h5,2024-02-13T23:22:39Z,gt1l,-71.53207397460938,-42.61330032348633,193101873.77542955,872.0,22.0,13.0,007,01,30200.0,1.0,1770144.0,1770146.0,913.8951416015625,,26.2440185546875,,26.2440185546875,5.966833114624023,,,,,,,21.0,4.0,20.0,1.0,0.0,0.0,0.0,0.0,2024,2,Verano,Arbustos,1,1,0,0,,20–30 m,872_gt1l_1770144,292319.6,5279018.1,BOSQUE_NW_02,operacional,SI,,2024-02-13,NO,905.28,21.579,21.793,-12.96,DESCARTADO
BOSQUE_NW_02(3),ATL08_20240213232239_08722213_007_01.h5,2024-02-13T23:22:39Z,gt1l,-71.5323715209961,-42.61097717285156,193101873.81206137,872.0,22.0,13.0,007,01,30200.0,1.0,1770157.0,1770161.0,874.3952026367188,30.142704010009766,10.91180419921875,30.260284423828125,10.91180419921875,2.244091272354126,,,,,,,19.0,29.0,116.0,1.0,0.0,0.0,0.0,0.0,2024,2,Verano,Bosque cerrado desconocido,1,1,1,1,2.773169667578407,10–20 m,872_gt1l_1770157,292287.4,5279275.3,BOSQUE_NW_02,operacional,SI,,2024-02-13,NO,854.43,21.572,21.786,-1.60,PASA
BOSQUE_NW_02(3),ATL08_20240213232239_08722213_007_01.h5,2024-02-13T23:22:39Z,gt1l,-71.53379821777344,-42.600242614746094,193101873.98149022,872.0,22.0,13.0,007,01,30200.0,1.0,1770217.0,1770221.0,1327.9583740234375,221.23719787597656,16.1026611328125,125.88063049316406,16.2218017578125,4.613497734069824,,,,,,,43.0,6.0,112.0,1.0,0.0,0.0,0.0,0.0,2024,2,Verano,Bosque cerrado perennifolio latifolio,1,1,1,1,7.817380584172902,10–20 m,872_gt1l_1770217,292134.7,5280463.9,BOSQUE_NW_02,operacional,SI,,2024-02-13,NO,1309.02,21.542,21.751,-2.60,PASA
BOSQUE_NW_02(3),ATL08_20240213232239_08722213_007_01.h5,2024-02-13T23:22:39Z,gt1l,-71.5339126586914,-42.59934616088867,193101873.99554205,872.0,22.0,13.0,007,01,30200.0,1.0,1770222.0,1770226.0,1316.510009765625,,22.3050537109375,,22.3050537109375,4.696719169616699,,,,,,,13.0,4.0,112.0,1.0,0.0,0.0,0.0,0.0,2024,2,Verano,Bosque cerrado perennifolio latifolio,1,1,0,0,,20–30 m,872_gt1l_1770222,292122.3,5280563.1,BOSQUE_NW_02,operacional,SI,,2024-02-13,NO,1301.19,21.539,21.748,-6.21,DESCARTADO
BOSQUE_NW_02(3),ATL08_20240213232239_08722213_007_01.h5,2024-02-13T23:22:39Z,gt1l,-71.5351791381836,-42.589508056640625,193101874.15062955,872.0,22.0,13.0,007,01,30200.0,1.0,1770277.0,1770281.0,1140.209228515625,,20.280029296875,,20.280029296875,4.723965644836426,,,,,,,28.0,4.0,40.0,1.0,0.0,0.0,0.0,0.0,2024,2,Verano,Cultivos/manejo,1,1,0,0,,20–30 m,872_gt1l_1770277,291985.7,5281652.5,BOSQUE_NW_02,operacional,SI,,2024-02-13,NO,1124.53,21.511,21.717,-5.84,DESCARTADO
BOSQUE_NW_02(3),ATL08_20240213232239_08722213_007_01.h5,2024-02-13T23:22:39Z,gt1l,-71.53564453125,-42.5859260559082,193101874.20703962,872.0,22.0,13.0,007,01,30200.0,1.0,1770297.0,1770301.0,1042.01953125,,18.275634765625,,18.275634765625,2.8935294151306152,,,,,,,19.0,3.0,30.0,1.0,0.0,0.0,0.0,0.0,2024,2,Verano,Herbáceas,1,1,0,0,,10–20 m,872_gt1l_1770297,291935.6,5282049.2,BOSQUE_NW_02,operacional,SI,,2024-02-13,NO,1017.91,21.501,21.706,2.61,PASA
BOSQUE_NW_02(3),ATL08_20240213232239_08722213_007_01.h5,2024-02-13T23:22:39Z,gt1l,-71.53633880615234,-42.58055877685547,193101874.29168603,872.0,22.0,13.0,007,01,30200.0,1.0,1770327.0,1770331.0,896.7877807617188,,13.35882568359375,,13.35882568359375,2.370643138885498,,,,,,,30.0,5.0,20.0,1.0,0.0,0.0,0.0,0.0,2024,2,Verano,Arbustos,1,1,0,0,,10–20 m,872_gt1l_1770327,291860.7,5282643.5,BOSQUE_NW_02,operacional,SI,,2024-02-13,NO,878.52,21.486,21.697,-3.22,PASA
BOSQUE_NW_02(3),ATL08_20240213232239_08722213_007_01.h5,2024-02-13T23:22:39Z,gt1l,-71.53656768798828,-42.57876968383789,193101874.31984606,872.0,22.0,13.0,007,01,30200.0,1.0,1770337.0,1770341.0,864.9769287109375,50.96504211425781,5.651123046875,35.06095504760742,7.64422607421875,1.5200166702270508,,,,,,,33.0,17.0,20.0,1.0,0.0,0.0,0.0,0.0,2024,2,Verano,Arbustos,1,1,1,1,6.204245555579557,5–10 m,872_gt1l_1770337,291836.0,5282841.6,BOSQUE_NW_02,operacional,SI,,2024-02-13,NO,845.13,21.481,21.696,-1.64,PASA
BOSQUE_NW_02(3),ATL08_20240213232239_08722213_007_01.h5,2024-02-13T23:22:39Z,gt1l,-71.53679656982422,-42.57698059082031,193101874.34799862,872.0,22.0,13.0,007,01,30200.0,1.0,1770347.0,1770351.0,850.8287353515625,56.72673416137695,5.807373046875,38.899070739746094,5.807373046875,1.3040751218795776,,,,,,,25.0,15.0,126.0,1.0,0.0,0.0,0.0,0.0,2024,2,Verano,Bosque abierto desconocido,1,1,1,1,6.6982214549964265,5–10 m,872_gt1l_1770347,291811.2,5283039.7,BOSQUE_NW_02,operacional,SI,,2024-02-13,NO,828.32,21.476,21.696,1.03,PASA
BOSQUE_NW_02(3),ATL08_20240213232239_08722213_007_01.h5,2024-02-13T23:22:39Z,gt1l,-71.53702545166016,-42.575191497802734,193101874.3762575,872.0,22.0,13.0,007,01,30200.0,1.0,1770357.0,1770361.0,838.0643310546875,83.63786315917969,7.2596435546875,32.99428939819336,10.51776123046875,1.9766857624053955,,,,,,,26.0,10.0,116.0,1.0,0.0,0.0,0.0,0.0,2024,2,Verano,Bosque cerrado desconocido,1,1,1,1,4.544891102386037,5–10 m,872_gt1l_1770357,291786.5,5283237.9,BOSQUE_NW_02,operacional,SI,,2024-02-13,NO,814.25,21.471,21.695,2.35,PASA
BOSQUE_NW_02(3),ATL08_20240213232239_08722213_007_01.h5,2024-02-13T23:22:39Z,gt1l,-71.53761291503906,-42.570716857910156,193101874.44683477,872.0,22.0,13.0,007,01,30200.0,1.0,1770382.0,1770386.0,807.3468627929688,,10.988525390625,,10.988525390625,2.52447772026062,,,,,,,29.0,2.0,116.0,1.0,0.0,0.0,0.0,0.0,2024,2,Verano,Bosque cerrado desconocido,1,1,0,0,,10–20 m,872_gt1l_1770382,291723.4,5283733.3,BOSQUE_NW_02,operacional,SI,,2024-02-13,NO,785.87,21.459,21.692,0.01,PASA
BOSQUE_NW_02(3),ATL08_20240213232239_08722213_007_01.h5,2024-02-13T23:22:39Z,gt1l,-71.5383071899414,-42.56534957885742,193101874.5314871,872.0,22.0,13.0,007,01,30200.0,1.0,1770412.0,1770416.0,782.3642578125,,24.40087890625,,24.40087890625,4.575087547302246,,,,,,,37.0,5.0,116.0,1.0,0.0,0.0,0.0,0.0,2024,2,Verano,Bosque cerrado desconocido,1,1,0,0,,20–30 m,872_gt1l_1770412,291648.5,5284327.6,BOSQUE_NW_02,operacional,SI,,2024-02-13,NO,760.47,21.444,21.688,0.45,PASA
BOSQUE_NW_02(3),ATL08_20240213232239_08722213_007_01.h5,2024-02-13T23:22:39Z,gt1r,-71.52120971679688,-42.68836975097656,193101872.94383606,872.0,22.0,13.0,007,01,30200.0,1.0,1769724.0,1769728.0,1552.6343994140625,13.987567901611328,5.43017578125,13.914044380187988,10.6683349609375,1.5800049304962158,,,,,,,106.0,111.0,30.0,1.0,0.0,0.0,0.0,0.0,2024,2,Verano,Herbáceas,1,1,1,1,2.5623561631710277,5–10 m,872_gt1r_1769724,293459.4,5270708.2,BOSQUE_NW_02,operacional,SI,,2024-02-13,NO,1531.13,21.757,22.001,-0.25,PASA
BOSQUE_NW_02(3),ATL08_20240213232239_08722213_007_01.h5,2024-02-13T23:22:39Z,gt1r,-71.52132415771484,-42.687477111816406,193101872.95792556,872.0,22.0,13.0,007,01,30200.0,1.0,1769729.0,1769733.0,1533.822509765625,36.528785705566406,8.09326171875,12.931986808776855,10.632568359375,1.854663372039795,,,,,,,135.0,42.0,30.0,1.0,0.0,0.0,0.0,0.0,2024,2,Verano,Herbáceas,1,1,1,1,1.5978708286199095,5–10 m,872_gt1r_1769729,293447.1,5270807.0,BOSQUE_NW_02,operacional,SI,,2024-02-13,NO,1514.73,21.755,21.999,-2.66,PASA
BOSQUE_NW_02(3),ATL08_20240213232239_08722213_007_01.h5,2024-02-13T23:22:39Z,gt1r,-71.52214050292969,-42.68121337890625,193101873.05671343,872.0,22.0,13.0,007,01,30200.0,1.0,1769764.0,1769768.0,1356.897705078125,71.79107666015625,16.577392578125,45.9907341003418,17.031494140625,3.9254226684570312,,,,,,,88.0,19.0,116.0,1.0,0.0,0.0,0.0,0.0,2024,2,Verano,Bosque cerrado desconocido,1,1,1,1,2.7743044561199395,10–20 m,872_gt1r_1769764,293359.4,5271500.6,BOSQUE_NW_02,operacional,SI,,2024-02-13,NO,1343.17,21.745,21.989,-8.02,DESCARTADO
BOSQUE_NW_02(3),ATL08_20240213232239_08722213_007_01.h5,2024-02-13T23:22:39Z,gt1r,-71.52236938476562,-42.67942428588867,193101873.08484665,872.0,22.0,13.0,007,01,30200.0,1.0,1769774.0,1769778.0,1333.426025390625,,24.55224609375,,24.7069091796875,6.776172161102295,,,,,,,67.0,8.0,116.0,1.0,0.0,0.0,0.0,0.0,2024,2,Verano,Bosque cerrado desconocido,1,1,0,0,,20–30 m,872_gt1r_1769774,293334.7,5271698.7,BOSQUE_NW_02,operacional,SI,,2024-02-13,NO,1310.27,21.742,21.985,1.41,PASA
BOSQUE_NW_02(3),ATL08_20240213232239_08722213_007_01.h5,2024-02-13T23:22:39Z,gt1r,-71.5226058959961,-42.677635192871094,193101873.1131521,872.0,22.0,13.0,007,01,30200.0,1.0,1769784.0,1769788.0,1284.31689453125,,17.2320556640625,,18.047119140625,4.262314319610596,,,,,,,83.0,8.0,112.0,1.0,0.0,0.0,0.0,0.0,2024,2,Verano,Bosque cerrado perennifolio latifolio,1,1,0,0,,10–20 m,872_gt1r_1769784,293309.4,5271896.8,BOSQUE_NW_02,operacional,SI,,2024-02-13,NO,1262.81,21.738,21.982,-0.23,PASA
BOSQUE_NW_02(3),ATL08_20240213232239_08722213_007_01.h5,2024-02-13T23:22:39Z,gt1r,-71.52433776855469,-42.664215087890625,193101873.3245067,872.0,22.0,13.0,007,01,30200.0,1.0,1769859.0,1769863.0,1105.102294921875,,23.833740234375,,26.2935791015625,5.756597995758057,,,,,,,91.0,5.0,112.0,1.0,0.0,0.0,0.0,0.0,2024,2,Verano,Bosque cerrado perennifolio latifolio,1,1,0,0,,20–30 m,872_gt1r_1769859,293123.0,5273382.9,BOSQUE_NW_02,operacional,SI,,2024-02-13,NO,1089.69,21.713,21.953,-6.30,DESCARTADO
BOSQUE_NW_02(3),ATL08_20240213232239_08722213_007_01.h5,2024-02-13T23:22:39Z,gt1r,-71.5248031616211,-42.66063690185547,193101873.380835,872.0,22.0,13.0,007,01,30200.0,1.0,1769879.0,1769883.0,1145.05712890625,,17.9862060546875,,19.0924072265625,4.80305814743042,,,,,,,74.0,2.0,112.0,1.0,0.0,0.0,0.0,0.0,2024,2,Verano,Bosque cerrado perennifolio latifolio,1,1,0,0,,10–20 m,872_gt1r_1769879,293072.9,5273779.1,BOSQUE_NW_02,operacional,SI,,2024-02-13,NO,1124.96,21.704,21.943,-1.61,PASA
BOSQUE_NW_02(3),ATL08_20240213232239_08722213_007_01.h5,2024-02-13T23:22:39Z,gt1r,-71.52515411376953,-42.65795135498047,193101873.42326048,872.0,22.0,13.0,007,01,30200.0,1.0,1769894.0,1769898.0,1173.7828369140625,,18.96533203125,,19.7354736328125,4.501194000244141,,,,,,,107.0,8.0,112.0,1.0,0.0,0.0,0.0,0.0,2024,2,Verano,Bosque cerrado perennifolio latifolio,1,1,0,0,,10–20 m,872_gt1r_1769894,293035.3,5274076.5,BOSQUE_NW_02,operacional,SI,,2024-02-13,NO,1154.49,21.697,21.935,-2.41,PASA
BOSQUE_NW_02(3),ATL08_20240213232239_08722213_007_01.h5,2024-02-13T23:22:39Z,gt1r,-71.52527618408203,-42.65705871582031,193101873.4372098,872.0,22.0,13.0,007,01,30200.0,1.0,1769899.0,1769903.0,1183.025634765625,,22.4703369140625,,22.728271484375,5.236690044403076,,,,,,,104.0,4.0,112.0,1.0,0.0,0.0,0.0,0.0,2024,2,Verano,Bosque cerrado perennifolio latifolio,1,1,0,0,,20–30 m,872_gt1r_1769899,293022.3,5274175.3,BOSQUE_NW_02,operacional,SI,,2024-02-13,NO,1167.48,21.695,21.933,-6.15,DESCARTADO
BOSQUE_NW_02(3),ATL08_20240213232239_08722213_007_01.h5,2024-02-13T23:22:39Z,gt1r,-71.52537536621094,-42.65616226196289,193101873.4513956,872.0,22.0,13.0,007,01,30200.0,1.0,1769904.0,1769908.0,1181.6787109375,,18.7052001953125,,20.2437744140625,4.62393045425415,,,,,,,87.0,8.0,112.0,1.0,0.0,0.0,0.0,0.0,2024,2,Verano,Bosque cerrado perennifolio latifolio,1,1,0,0,,10–20 m,872_gt1r_1769904,293011.2,5274274.7,BOSQUE_NW_02,operacional,SI,,2024-02-13,NO,1164.00,21.693,21.930,-4.01,PASA
BOSQUE_NW_02(3),ATL08_20240213232239_08722213_007_01.h5,2024-02-13T23:22:39Z,gt1r,-71.52549743652344,-42.655269622802734,193101873.4655859,872.0,22.0,13.0,007,01,30200.0,1.0,1769909.0,1769913.0,1177.841552734375,,25.024658203125,,25.9124755859375,6.677225589752197,,,,,,,55.0,5.0,112.0,1.0,0.0,0.0,0.0,0.0,2024,2,Verano,Bosque cerrado perennifolio latifolio,1,1,0,0,,20–30 m,872_gt1r_1769909,292998.2,5274373.5,BOSQUE_NW_02,operacional,SI,,2024-02-13,NO,1163.17,21.691,21.928,-7.02,DESCARTADO
BOSQUE_NW_02(3),ATL08_20240213232239_08722213_007_01.h5,2024-02-13T23:22:39Z,gt1r,-71.5258560180664,-42.652587890625,193101873.50778767,872.0,22.0,13.0,007,01,30200.0,1.0,1769924.0,1769928.0,1265.9718017578125,,21.1209716796875,,23.13818359375,6.299417018890381,,,,,,,47.0,1.0,112.0,1.0,0.0,0.0,0.0,0.0,2024,2,Verano,Bosque cerrado perennifolio latifolio,1,1,0,0,,20–30 m,872_gt1r_1769924,292959.9,5274670.4,BOSQUE_NW_02,operacional,SI,,2024-02-13,NO,1243.68,21.684,21.920,0.61,PASA
BOSQUE_NW_02(3),ATL08_20240213232239_08722213_007_01.h5,2024-02-13T23:22:39Z,gt1r,-71.52632904052734,-42.649009704589844,193101873.56401265,872.0,22.0,13.0,007,01,30200.0,1.0,1769944.0,1769948.0,1343.66259765625,,15.1231689453125,,16.9722900390625,5.0598955154418945,,,,,,,100.0,8.0,112.0,1.0,0.0,0.0,0.0,0.0,2024,2,Verano,Bosque cerrado perennifolio latifolio,1,1,0,0,,10–20 m,872_gt1r_1769944,292909.3,5275066.6,BOSQUE_NW_02,operacional,SI,,2024-02-13,NO,1322.87,21.675,21.910,-0.88,PASA
BOSQUE_NW_02(3),ATL08_20240213232239_08722213_007_01.h5,2024-02-13T23:22:39Z,gt1r,-71.52644348144531,-42.64811325073242,193101873.57804325,872.0,22.0,13.0,007,01,30200.0,1.0,1769949.0,1769953.0,1333.47314453125,53.32756423950195,14.438232421875,25.56962013244629,15.8681640625,4.050780773162842,,,,,,,90.0,25.0,112.0,1.0,0.0,0.0,0.0,0.0,2024,2,Verano,Bosque cerrado perennifolio latifolio,1,1,1,1,1.7709660978795718,10–20 m,872_gt1r_1769949,292896.9,5275165.9,BOSQUE_NW_02,operacional,SI,,2024-02-13,NO,1310.88,21.673,21.908,0.92,PASA
BOSQUE_NW_02(3),ATL08_20240213232239_08722213_007_01.h5,2024-02-13T23:22:39Z,gt1r,-71.52714538574219,-42.64274597167969,193101873.66268933,872.0,22.0,13.0,007,01,30200.0,1.0,1769979.0,1769983.0,1336.6693115234375,53.43964767456055,15.578857421875,30.627546310424805,16.897216796875,4.668084621429443,,,,,,,97.0,25.0,114.0,1.0,0.0,0.0,0.0,0.0,2024,2,Verano,Bosque cerrado caducifolio latifolio,1,1,1,1,1.9659687152293492,10–20 m,872_gt1r_1769979,292821.6,5275760.2,BOSQUE_NW_02,operacional,SI,,2024-02-13,NO,1318.29,21.659,21.891,-3.28,PASA
BOSQUE_NW_02(3),ATL08_20240213232239_08722213_007_01.h5,2024-02-13T23:22:39Z,gt1r,-71.52818298339844,-42.63469314575195,193101873.78967467,872.0,22.0,13.0,007,01,30200.0,1.0,1770024.0,1770028.0,1242.6990966796875,,14.8009033203125,,15.534423828125,3.541121244430542,,,,,,,42.0,8.0,112.0,1.0,0.0,0.0,0.0,0.0,2024,2,Verano,Bosque cerrado perennifolio latifolio,1,1,0,0,,10–20 m,872_gt1r_1770024,292709.7,5276651.9,BOSQUE_NW_02,operacional,SI,,2024-02-13,NO,1216.47,21.639,21.866,4.59,PASA
BOSQUE_NW_02(3),ATL08_20240213232239_08722213_007_01.h5,2024-02-13T23:22:39Z,gt1r,-71.5284194946289,-42.632904052734375,193101873.81785408,872.0,22.0,13.0,007,01,30200.0,1.0,1770034.0,1770038.0,1277.8115234375,,19.87451171875,,22.0264892578125,5.056708812713623,,,,,,,72.0,6.0,112.0,1.0,0.0,0.0,0.0,0.0,2024,2,Verano,Bosque cerrado perennifolio latifolio,1,1,0,0,,10–20 m,872_gt1r_1770034,292684.4,5276850.0,BOSQUE_NW_02,operacional,SI,,2024-02-13,NO,1252.67,21.635,21.860,3.51,PASA
BOSQUE_NW_02(3),ATL08_20240213232239_08722213_007_01.h5,2024-02-13T23:22:39Z,gt1r,-71.52853393554688,-42.63201141357422,193101873.83193693,872.0,22.0,13.0,007,01,30200.0,1.0,1770039.0,1770043.0,1297.814208984375,129.86672973632812,15.154052734375,54.27153778076172,17.744873046875,3.916797637939453,,,,,,,82.0,10.0,112.0,1.0,0.0,0.0,0.0,0.0,2024,2,Verano,Bosque cerrado perennifolio latifolio,1,1,1,1,3.5813216920945368,10–20 m,872_gt1r_1770039,292672.1,5276948.9,BOSQUE_NW_02,operacional,SI,,2024-02-13,NO,1276.99,21.632,21.857,-0.81,PASA
BOSQUE_NW_02(3),ATL08_20240213232239_08722213_007_01.h5,2024-02-13T23:22:39Z,gt1r,-71.52877044677734,-42.63022232055664,193101873.8601026,872.0,22.0,13.0,007,01,30200.0,1.0,1770049.0,1770053.0,1340.738525390625,,14.9598388671875,,15.36669921875,4.095955848693848,,,,,,,100.0,6.0,114.0,1.0,0.0,0.0,0.0,0.0,2024,2,Verano,Bosque cerrado caducifolio latifolio,1,1,0,0,,10–20 m,872_gt1r_1770049,292646.7,5277147.0,BOSQUE_NW_02,operacional,SI,,2024-02-13,NO,1320.88,21.628,21.851,-1.77,PASA
BOSQUE_NW_02(3),ATL08_20240213232239_08722213_007_01.h5,2024-02-13T23:22:39Z,gt1r,-71.52889251708984,-42.62932586669922,193101873.87414414,872.0,22.0,13.0,007,01,30200.0,1.0,1770054.0,1770058.0,1345.6224365234375,44.85053634643555,15.6351318359375,31.834932327270508,15.7218017578125,3.7940850257873535,,,,,,,63.0,30.0,112.0,1.0,0.0,0.0,0.0,0.0,2024,2,Verano,Bosque cerrado perennifolio latifolio,1,1,1,1,2.0361153753815886,10–20 m,872_gt1r_1770054,292633.7,5277246.2,BOSQUE_NW_02,operacional,SI,,2024-02-13,NO,1324.48,21.625,21.848,-0.49,PASA
BOSQUE_NW_02(3),ATL08_20240213232239_08722213_007_01.h5,2024-02-13T23:22:39Z,gt1r,-71.52900695800781,-42.62843322753906,193101873.8881953,872.0,22.0,13.0,007,01,30200.0,1.0,1770059.0,1770063.0,1343.7767333984375,89.67118072509766,10.0284423828125,32.879920959472656,11.79541015625,2.536055326461792,,,,,,,78.0,15.0,112.0,1.0,0.0,0.0,0.0,0.0,2024,2,Verano,Bosque cerrado perennifolio latifolio,1,1,1,1,3.278666786362032,10–20 m,872_gt1r_1770059,292621.4,5277345.1,BOSQUE_NW_02,operacional,SI,,2024-02-13,NO,1325.43,21.623,21.845,-3.28,PASA
BOSQUE_NW_02(3),ATL08_20240213232239_08722213_007_01.h5,2024-02-13T23:22:39Z,gt1r,-71.52970886230469,-42.62306594848633,193101873.9729931,872.0,22.0,13.0,007,01,30200.0,1.0,1770089.0,1770093.0,1333.9150390625,,15.052978515625,,15.4742431640625,3.808483362197876,,,,,,,46.0,5.0,112.0,1.0,0.0,0.0,0.0,0.0,2024,2,Verano,Bosque cerrado perennifolio latifolio,1,1,0,0,,10–20 m,872_gt1r_1770089,292546.0,5277939.4,BOSQUE_NW_02,operacional,SI,,2024-02-13,NO,1310.26,21.609,21.826,2.05,PASA
BOSQUE_NW_02(3),ATL08_20240213232239_08722213_007_01.h5,2024-02-13T23:22:39Z,gt1r,-71.53038787841797,-42.61769485473633,193101874.05785537,872.0,22.0,13.0,007,01,30200.0,1.0,1770119.0,1770123.0,1069.00439453125,62.83292007446289,10.57666015625,17.82819938659668,11.64013671875,2.442746639251709,,,,,,,91.0,17.0,116.0,1.0,0.0,0.0,0.0,0.0,2024,2,Verano,Bosque cerrado desconocido,1,1,1,1,1.6856171157264208,10–20 m,872_gt1r_1770119,292472.5,5278534.2,BOSQUE_NW_02,operacional,SI,,2024-02-13,NO,1049.18,21.593,21.807,-1.77,PASA
BOSQUE_NW_02(3),ATL08_20240213232239_08722213_007_01.h5,2024-02-13T23:22:39Z,gt1r,-71.53084564208984,-42.61411666870117,193101874.11407542,872.0,22.0,13.0,007,01,30200.0,1.0,1770139.0,1770143.0,986.3939819335938,49.33158493041992,7.02398681640625,14.720727920532227,8.888427734375,1.585315465927124,,,,,,,81.0,20.0,126.0,1.0,0.0,0.0,0.0,0.0,2024,2,Verano,Bosque abierto desconocido,1,1,1,1,2.095779548752618,5–10 m,872_gt1r_1770139,292423.0,5278930.4,BOSQUE_NW_02,operacional,SI,,2024-02-13,NO,964.99,21.583,21.797,-0.18,PASA
BOSQUE_NW_02(3),ATL08_20240213232239_08722213_007_01.h5,2024-02-13T23:22:39Z,gt1r,-71.53119659423828,-42.61143493652344,193101874.15648597,872.0,22.0,13.0,007,01,30200.0,1.0,1770154.0,1770158.0,894.713623046875,34.418216705322266,8.4085693359375,11.862739562988281,8.95086669921875,1.9749025106430054,,,,,,,87.0,26.0,116.0,1.0,0.0,0.0,0.0,0.0,2024,2,Verano,Bosque cerrado desconocido,1,1,1,1,1.410791668481338,5–10 m,872_gt1r_1770154,292385.3,5279227.4,BOSQUE_NW_02,operacional,SI,,2024-02-13,NO,874.31,21.575,21.789,-1.18,PASA
BOSQUE_NW_02(3),ATL08_20240213232239_08722213_007_01.h5,2024-02-13T23:22:39Z,gt1r,-71.53214263916016,-42.604278564453125,193101874.2691899,872.0,22.0,13.0,007,01,30200.0,1.0,1770194.0,1770198.0,1114.5621337890625,101.79619598388672,19.0599365234375,72.26576232910156,19.0599365234375,3.886155366897583,,,,,,,30.0,11.0,112.0,1.0,0.0,0.0,0.0,0.0,2024,2,Verano,Bosque cerrado perennifolio latifolio,1,1,1,1,3.791500682084553,10–20 m,872_gt1r_1770194,292283.9,5280019.7,BOSQUE_NW_02,operacional,SI,,2024-02-13,NO,1089.12,21.555,21.766,3.89,PASA
BOSQUE_NW_02(3),ATL08_20240213232239_08722213_007_01.h5,2024-02-13T23:22:39Z,gt1r,-71.53225708007812,-42.6033821105957,193101874.28323683,872.0,22.0,13.0,007,01,30200.0,1.0,1770199.0,1770203.0,1186.8880615234375,,13.9912109375,,17.4503173828125,3.758307933807373,,,,,,,43.0,4.0,112.0,1.0,0.0,0.0,0.0,0.0,2024,2,Verano,Bosque cerrado perennifolio latifolio,1,1,0,0,,10–20 m,872_gt1r_1770199,292271.6,5280119.0,BOSQUE_NW_02,operacional,SI,,2024-02-13,NO,1156.22,21.552,21.763,9.11,DESCARTADO
BOSQUE_NW_02(3),ATL08_20240213232239_08722213_007_01.h5,2024-02-13T23:22:39Z,gt1r,-71.53237915039062,-42.60248565673828,193101874.29736128,872.0,22.0,13.0,007,01,30200.0,1.0,1770204.0,1770208.0,1242.1944580078125,,19.4041748046875,,19.5477294921875,4.64496374130249,,,,,,,47.0,7.0,112.0,1.0,0.0,0.0,0.0,0.0,2024,2,Verano,Bosque cerrado perennifolio latifolio,1,1,0,0,,10–20 m,872_gt1r_1770204,292258.6,5280218.3,BOSQUE_NW_02,operacional,SI,,2024-02-13,NO,1225.11,21.549,21.760,-4.46,PASA
BOSQUE_NW_02(3),ATL08_20240213232239_08722213_007_01.h5,2024-02-13T23:22:39Z,gt1r,-71.53388977050781,-42.590858459472656,193101874.48078883,872.0,22.0,13.0,007,01,30200.0,1.0,1770269.0,1770273.0,1160.2762451171875,,18.4171142578125,,19.4564208984375,4.893119812011719,,,,,,,81.0,7.0,116.0,1.0,0.0,0.0,0.0,0.0,2024,2,Verano,Bosque cerrado desconocido,1,1,0,0,,10–20 m,872_gt1r_1770269,292096.0,5281505.8,BOSQUE_NW_02,operacional,SI,,2024-02-13,NO,1141.99,21.516,21.722,-3.23,PASA
BOSQUE_NW_02(3),ATL08_20240213232239_08722213_007_01.h5,2024-02-13T23:22:39Z,gt1r,-71.5348129272461,-42.583702087402344,193101874.59379864,872.0,22.0,13.0,007,01,30200.0,1.0,1770309.0,1770313.0,964.7607421875,53.61125564575195,9.51116943359375,18.75342559814453,11.60760498046875,2.176124334335327,,,,,,,103.0,18.0,116.0,1.0,0.0,0.0,0.0,0.0,2024,2,Verano,Bosque cerrado desconocido,1,1,1,1,1.9717265820022973,5–10 m,872_gt1r_1770309,291996.4,5282298.2,BOSQUE_NW_02,operacional,SI,,2024-02-13,NO,941.93,21.496,21.699,1.33,PASA
BOSQUE_NW_02(3),ATL08_20240213232239_08722213_007_01.h5,2024-02-13T23:22:39Z,gt1r,-71.53491973876953,-42.58280563354492,193101874.60781598,872.0,22.0,13.0,007,01,30200.0,1.0,1770314.0,1770318.0,939.0609741210938,39.29978942871094,7.7327880859375,13.903250694274902,8.24017333984375,1.817565679550171,,,,,,,79.0,24.0,116.0,1.0,0.0,0.0,0.0,0.0,2024,2,Verano,Bosque cerrado desconocido,1,1,1,1,1.7979609087644246,5–10 m,872_gt1r_1770314,291984.7,5282397.5,BOSQUE_NW_02,operacional,SI,,2024-02-13,NO,918.35,21.494,21.699,-0.78,PASA
BOSQUE_NW_02(3),ATL08_20240213232239_08722213_007_01.h5,2024-02-13T23:22:39Z,gt1r,-71.53654479980469,-42.570281982421875,193101874.80554086,872.0,22.0,13.0,007,01,30200.0,1.0,1770384.0,1770388.0,802.0746459960938,,10.04486083984375,,11.95025634765625,2.3497583866119385,,,,,,,100.0,5.0,116.0,1.0,0.0,0.0,0.0,0.0,2024,2,Verano,Bosque cerrado desconocido,1,1,0,0,,10–20 m,872_gt1r_1770384,291809.6,5283784.2,BOSQUE_NW_02,operacional,SI,,2024-02-13,NO,784.90,21.458,21.693,-4.29,PASA
BOSQUE_NW_02(3),ATL08_20240213232239_08722213_007_01.h5,2024-02-13T23:22:39Z,gt1r,-71.53677368164062,-42.5684928894043,193101874.83361444,872.0,22.0,13.0,007,01,30200.0,1.0,1770394.0,1770398.0,789.2709350585938,,10.53973388671875,,11.31591796875,2.2227113246917725,,,,,,,118.0,6.0,116.0,1.0,0.0,0.0,0.0,0.0,2024,2,Verano,Bosque cerrado desconocido,1,1,0,0,,10–20 m,872_gt1r_1770394,291784.9,5283982.3,BOSQUE_NW_02,operacional,SI,,2024-02-13,NO,771.39,21.453,21.692,-3.57,PASA
BOSQUE_NW_02(3),ATL08_20240213232239_08722213_007_01.h5,2024-02-13T23:22:39Z,gt1r,-71.53783416748047,-42.56044006347656,193101874.9607249,872.0,22.0,13.0,007,01,30200.0,1.0,1770439.0,1770443.0,767.7293701171875,25.594030380249023,11.520751953125,18.21528434753418,12.84814453125,3.3689842224121094,,,,,,,122.0,30.0,116.0,1.0,0.0,0.0,0.0,0.0,2024,2,Verano,Bosque cerrado desconocido,1,1,1,1,1.581084674129564,10–20 m,872_gt1r_1770439,291671.0,5284874.0,BOSQUE_NW_02,operacional,SI,,2024-02-13,NO,747.53,21.431,21.680,-1.23,PASA
BOSQUE_NW_02(3),ATL08_20240213232239_08722213_007_01.h5,2024-02-13T23:22:39Z,gt1r,-71.53794860839844,-42.559547424316406,193101874.9747582,872.0,22.0,13.0,007,01,30200.0,1.0,1770444.0,1770448.0,766.3171997070312,18.24848747253418,12.23138427734375,16.516706466674805,13.21600341796875,2.976323366165161,,,,,,,119.0,42.0,116.0,1.0,0.0,0.0,0.0,0.0,2024,2,Verano,Bosque cerrado desconocido,1,1,1,1,1.35035463625068,10–20 m,872_gt1r_1770444,291658.6,5284972.8,BOSQUE_NW_02,operacional,SI,,2024-02-13,NO,746.91,21.429,21.679,-2.02,PASA
BOSQUE_NW_02(3),ATL08_20240213232239_08722213_007_01.h5,2024-02-13T23:22:39Z,gt1r,-71.53805541992188,-42.558650970458984,193101874.98880935,872.0,22.0,13.0,007,01,30200.0,1.0,1770449.0,1770453.0,766.4744262695312,19.65771484375,6.9417724609375,12.086583137512207,9.2205810546875,1.8389140367507935,,,,,,,102.0,39.0,90.0,1.0,0.0,0.0,0.0,0.0,2024,2,Verano,Humedal herbáceo,1,1,1,1,1.7411379018147608,5–10 m,872_gt1r_1770449,291646.9,5285072.1,BOSQUE_NW_02,operacional,SI,,2024-02-13,NO,746.45,21.426,21.678,-1.40,PASA
BOSQUE_NW_02(3),ATL08_20240213232239_08722213_007_01.h5,2024-02-13T23:22:39Z,gt1r,-71.53817749023438,-42.55775833129883,193101875.00302196,872.0,22.0,13.0,007,01,30200.0,1.0,1770454.0,1770458.0,770.619873046875,55.0647087097168,9.90740966796875,10.723333358764648,10.72564697265625,2.07529354095459,,,,,,,88.0,14.0,126.0,1.0,0.0,0.0,0.0,0.0,2024,2,Verano,Bosque abierto desconocido,1,1,1,1,1.0823548957941882,5–10 m,872_gt1r_1770454,291633.9,5285171.0,BOSQUE_NW_02,operacional,SI,,2024-02-13,NO,750.69,21.424,21.677,-1.49,PASA
BOSQUE_NW_02(3),ATL08_20240213232239_08722213_007_01.h5,2024-02-13T23:22:39Z,gt2l,-71.48139190673828,-42.691856384277344,193101872.47566208,872.0,22.0,13.0,007,01,30200.0,1.0,1769689.0,1769693.0,1078.63623046875,134.41311645507812,8.0794677734375,89.78135681152344,8.0794677734375,1.619292140007019,,,,,,,27.0,8.0,116.0,1.0,0.0,0.0,0.0,0.0,2024,2,Verano,Bosque cerrado desconocido,1,1,1,1,11.112286022935017,5–10 m,872_gt2l_1769689,296732.9,5270417.6,BOSQUE_NW_02,operacional,SI,,2024-02-13,NO,1056.86,21.788,22.030,-0.01,PASA
BOSQUE_NW_02(3),ATL08_20240213232239_08722213_007_01.h5,2024-02-13T23:22:39Z,gt2l,-71.48174285888672,-42.689170837402344,193101872.51793778,872.0,22.0,13.0,007,01,30200.0,1.0,1769704.0,1769708.0,1072.4437255859375,89.35347747802734,5.6011962890625,56.257747650146484,5.6011962890625,1.2736988067626953,,,,,,,17.0,12.0,116.0,1.0,0.0,0.0,0.0,0.0,2024,2,Verano,Bosque cerrado desconocido,1,1,1,1,10.043880761686825,5–10 m,872_gt2l_1769704,296695.3,5270715.0,BOSQUE_NW_02,operacional,SI,,2024-02-13,NO,1052.31,21.786,22.029,-1.66,PASA
BOSQUE_NW_02(3),ATL08_20240213232239_08722213_007_01.h5,2024-02-13T23:22:39Z,gt2l,-71.48185729980469,-42.68827819824219,193101872.53207114,872.0,22.0,13.0,007,01,30200.0,1.0,1769709.0,1769713.0,1070.36474609375,118.93594360351562,4.64990234375,68.90467834472656,4.64990234375,0.957584023475647,,,,,,,11.0,9.0,116.0,1.0,0.0,0.0,0.0,0.0,2024,2,Verano,Bosque cerrado desconocido,1,1,1,1,14.818521605586476,2–5 m,872_gt2l_1769709,296683.1,5270813.8,BOSQUE_NW_02,operacional,SI,,2024-02-13,NO,1049.99,21.785,22.029,-1.41,PASA
BOSQUE_NW_02(3),ATL08_20240213232239_08722213_007_01.h5,2024-02-13T23:22:39Z,gt2l,-71.48197937011719,-42.687381744384766,193101872.54613164,872.0,22.0,13.0,007,01,30200.0,1.0,1769714.0,1769718.0,1067.5819091796875,53.366249084472656,4.19970703125,60.46767044067383,4.19970703125,1.122316598892212,,,,,,,15.0,20.0,114.0,1.0,0.0,0.0,0.0,0.0,2024,2,Verano,Bosque cerrado caducifolio latifolio,1,1,1,1,14.398068720206952,2–5 m,872_gt2l_1769714,296670.1,5270913.1,BOSQUE_NW_02,operacional,SI,,2024-02-13,NO,1047.30,21.784,22.028,-1.51,PASA
BOSQUE_NW_02(3),ATL08_20240213232239_08722213_007_01.h5,2024-02-13T23:22:39Z,gt2l,-71.48255920410156,-42.68291091918945,193101872.61667305,872.0,22.0,13.0,007,01,30200.0,1.0,1769739.0,1769743.0,1058.5751953125,27.84234619140625,3.975830078125,29.38353729248047,3.975830078125,0.8471700549125671,,,,,,,22.0,38.0,20.0,1.0,0.0,0.0,0.0,0.0,2024,2,Verano,Arbustos,1,1,1,1,7.39054152594412,2–5 m,872_gt2l_1769739,296608.0,5271408.2,BOSQUE_NW_02,operacional,SI,,2024-02-13,NO,1037.18,21.780,22.025,-0.38,PASA
BOSQUE_NW_02(3),ATL08_20240213232239_08722213_007_01.h5,2024-02-13T23:22:39Z,gt2l,-71.48267364501953,-42.68201446533203,193101872.6307876,872.0,22.0,13.0,007,01,30200.0,1.0,1769744.0,1769748.0,1055.09765625,50.22770309448242,12.2196044921875,53.445579528808594,12.2196044921875,2.7710211277008057,,,,,,,25.0,21.0,20.0,1.0,0.0,0.0,0.0,0.0,2024,2,Verano,Arbustos,1,1,1,1,4.3737569053874505,10–20 m,872_gt2l_1769744,296595.7,5271507.5,BOSQUE_NW_02,operacional,SI,,2024-02-13,NO,1034.74,21.779,22.025,-1.43,PASA
BOSQUE_NW_02(3),ATL08_20240213232239_08722213_007_01.h5,2024-02-13T23:22:39Z,gt2l,-71.48338317871094,-42.6766471862793,193101872.71533272,872.0,22.0,13.0,007,01,30200.0,1.0,1769774.0,1769778.0,1062.0076904296875,81.76505279541016,8.911865234375,65.47229766845703,8.911865234375,1.8840882778167725,,,,,,,17.0,13.0,116.0,1.0,0.0,0.0,0.0,0.0,2024,2,Verano,Bosque cerrado desconocido,1,1,1,1,7.346643597786484,5–10 m,872_gt2l_1769774,296520.1,5272101.8,BOSQUE_NW_02,operacional,SI,,2024-02-13,NO,1041.31,21.775,22.019,-1.07,PASA
BOSQUE_NW_02(3),ATL08_20240213232239_08722213_007_01.h5,2024-02-13T23:22:39Z,gt2l,-71.48419952392578,-42.670387268066406,193101872.81404257,872.0,22.0,13.0,007,01,30200.0,1.0,1769809.0,1769813.0,1067.867919921875,66.76805114746094,18.9197998046875,89.64266967773438,18.9197998046875,4.051699638366699,,,,,,,36.0,16.0,116.0,1.0,0.0,0.0,0.0,0.0,2024,2,Verano,Bosque cerrado desconocido,1,1,1,1,4.738034789116788,10–20 m,872_gt2l_1769809,296432.7,5272795.0,BOSQUE_NW_02,operacional,SI,,2024-02-13,NO,1046.26,21.769,22.010,-0.16,PASA
BOSQUE_NW_02(3),ATL08_20240213232239_08722213_007_01.h5,2024-02-13T23:22:39Z,gt2l,-71.48550415039062,-42.660545349121094,193101872.96915013,872.0,22.0,13.0,007,01,30200.0,1.0,1769864.0,1769868.0,1168.4661865234375,,29.8162841796875,,29.8162841796875,5.876186370849609,,,,,,,29.0,2.0,114.0,1.0,0.0,0.0,0.0,0.0,2024,2,Verano,Bosque cerrado caducifolio latifolio,1,1,0,0,,20–30 m,872_gt2l_1769864,296293.7,5273884.8,BOSQUE_NW_02,operacional,SI,,2024-02-13,NO,1142.80,21.752,21.983,3.91,PASA
BOSQUE_NW_02(3),ATL08_20240213232239_08722213_007_01.h5,2024-02-13T23:22:39Z,gt2l,-71.48584747314453,-42.65786361694336,193101873.0114019,872.0,22.0,13.0,007,01,30200.0,1.0,1769879.0,1769883.0,1124.1368408203125,,31.0389404296875,,31.0389404296875,8.104150772094727,,,,,,,20.0,4.0,112.0,1.0,0.0,0.0,0.0,0.0,2024,2,Verano,Bosque cerrado perennifolio latifolio,1,1,0,0,,>30 m,872_gt2l_1769879,296256.8,5274181.8,BOSQUE_NW_02,operacional,SI,,2024-02-13,NO,1113.99,21.747,21.973,-11.60,DESCARTADO
BOSQUE_NW_02(3),ATL08_20240213232239_08722213_007_01.h5,2024-02-13T23:22:39Z,gt2l,-71.48717498779297,-42.64802551269531,193101873.1665655,872.0,22.0,13.0,007,01,30200.0,1.0,1769934.0,1769938.0,1415.2960205078125,,28.2344970703125,,28.2344970703125,6.304808139801025,,,,,,,28.0,5.0,112.0,1.0,0.0,0.0,0.0,0.0,2024,2,Verano,Bosque cerrado perennifolio latifolio,1,1,0,0,,20–30 m,872_gt2l_1769934,296115.8,5275271.1,BOSQUE_NW_02,operacional,SI,,2024-02-13,NO,1394.61,21.726,21.940,-1.04,PASA
BOSQUE_NW_02(3),ATL08_20240213232239_08722213_007_01.h5,2024-02-13T23:22:39Z,gt2l,-71.48728942871094,-42.64712905883789,193101873.18067187,872.0,22.0,13.0,007,01,30200.0,1.0,1769939.0,1769943.0,1403.1456298828125,,32.4686279296875,,32.4686279296875,6.463621139526367,,,,,,,27.0,2.0,114.0,1.0,0.0,0.0,0.0,0.0,2024,2,Verano,Bosque cerrado caducifolio latifolio,1,1,0,0,,>30 m,872_gt2l_1769939,296103.5,5275370.4,BOSQUE_NW_02,operacional,SI,,2024-02-13,NO,1390.06,21.724,21.937,-8.64,DESCARTADO
BOSQUE_NW_02(3),ATL08_20240213232239_08722213_007_01.h5,2024-02-13T23:22:39Z,gt2l,-71.48811340332031,-42.640869140625,193101873.27934217,872.0,22.0,13.0,007,01,30200.0,1.0,1769974.0,1769978.0,1414.937744140625,,23.4132080078125,,23.4132080078125,5.563600063323975,,,,,,,37.0,2.0,20.0,1.0,0.0,0.0,0.0,0.0,2024,2,Verano,Arbustos,1,1,0,0,,20–30 m,872_gt2l_1769974,296015.5,5276063.6,BOSQUE_NW_02,operacional,SI,,2024-02-13,NO,1404.90,21.711,21.919,-11.67,DESCARTADO
BOSQUE_NW_02(3),ATL08_20240213232239_08722213_007_01.h5,2024-02-13T23:22:39Z,gt2l,-71.48822021484375,-42.63997268676758,193101873.29345447,872.0,22.0,13.0,007,01,30200.0,1.0,1769979.0,1769983.0,1399.0718994140625,100.26158905029297,34.3966064453125,133.0549774169922,34.3966064453125,8.59589958190918,,,,,,,26.0,14.0,20.0,1.0,0.0,0.0,0.0,0.0,2024,2,Verano,Arbustos,1,1,1,1,3.8682588536324825,>30 m,872_gt2l_1769979,296003.8,5276162.9,BOSQUE_NW_02,operacional,SI,,2024-02-13,NO,1378.84,21.709,21.917,-1.48,PASA
BOSQUE_NW_02(3),ATL08_20240213232239_08722213_007_01.h5,2024-02-13T23:22:39Z,gt2l,-71.48844909667969,-42.63818359375,193101873.32159346,872.0,22.0,13.0,007,01,30200.0,1.0,1769989.0,1769993.0,1335.8096923828125,,21.744384765625,,21.744384765625,7.086863040924072,,,,,,,26.0,4.0,116.0,1.0,0.0,0.0,0.0,0.0,2024,2,Verano,Bosque cerrado desconocido,1,1,0,0,,20–30 m,872_gt2l_1769989,295979.2,5276361.0,BOSQUE_NW_02,operacional,SI,,2024-02-13,NO,1310.03,21.705,21.912,4.08,PASA
BOSQUE_NW_02(3),ATL08_20240213232239_08722213_007_01.h5,2024-02-13T23:22:39Z,gt2l,-71.4911117553711,-42.61760330200195,193101873.6457595,872.0,22.0,13.0,007,01,30200.0,1.0,1770104.0,1770108.0,1097.62548828125,73.12718963623047,23.59375,86.98533630371094,23.59375,6.100383758544922,,,,,,,21.0,15.0,116.0,1.0,0.0,0.0,0.0,0.0,2024,2,Verano,Bosque cerrado desconocido,1,1,1,1,3.6867957108857614,20–30 m,872_gt2l_1770104,295693.5,5278640.0,BOSQUE_NW_02,operacional,SI,,2024-02-13,NO,1070.57,21.653,21.853,5.40,DESCARTADO
BOSQUE_NW_02(3),ATL08_20240213232239_08722213_007_01.h5,2024-02-13T23:22:39Z,gt2l,-71.49122619628906,-42.6167106628418,193101873.65982896,872.0,22.0,13.0,007,01,30200.0,1.0,1770109.0,1770113.0,1091.935546875,83.84071350097656,14.85302734375,86.02867889404297,14.85302734375,2.9772732257843018,,,,,,,30.0,13.0,40.0,1.0,0.0,0.0,0.0,0.0,2024,2,Verano,Cultivos/manejo,1,1,1,1,5.791996264670107,10–20 m,872_gt2l_1770109,295681.2,5278738.8,BOSQUE_NW_02,operacional,SI,,2024-02-13,NO,1068.44,21.650,21.851,1.84,PASA
BOSQUE_NW_02(3),ATL08_20240213232239_08722213_007_01.h5,2024-02-13T23:22:39Z,gt2l,-71.49156951904297,-42.6140251159668,193101873.70217955,872.0,22.0,13.0,007,01,30200.0,1.0,1770124.0,1770128.0,1068.118408203125,,15.392333984375,,15.392333984375,3.76619553565979,,,,,,,23.0,4.0,116.0,1.0,0.0,0.0,0.0,0.0,2024,2,Verano,Bosque cerrado desconocido,1,1,0,0,,10–20 m,872_gt2l_1770124,295644.3,5279036.2,BOSQUE_NW_02,operacional,SI,,2024-02-13,NO,1043.19,21.641,21.844,3.29,PASA
BOSQUE_NW_02(3),ATL08_20240213232239_08722213_007_01.h5,2024-02-13T23:22:39Z,gt2l,-71.49250793457031,-42.606868743896484,193101873.8149391,872.0,22.0,13.0,007,01,30200.0,1.0,1770164.0,1770168.0,1046.3909912109375,,13.20654296875,,17.0509033203125,2.439716339111328,,,,,,,27.0,1.0,116.0,1.0,0.0,0.0,0.0,0.0,2024,2,Verano,Bosque cerrado desconocido,1,1,0,0,,10–20 m,872_gt2l_1770164,295543.9,5279828.7,BOSQUE_NW_02,operacional,SI,,2024-02-13,NO,1029.95,21.618,21.829,-5.17,DESCARTADO
BOSQUE_NW_02(3),ATL08_20240213232239_08722213_007_01.h5,2024-02-13T23:22:39Z,gt2l,-71.49297332763672,-42.60329055786133,193101873.8713435,872.0,22.0,13.0,007,01,30200.0,1.0,1770184.0,1770188.0,1045.6107177734375,,36.1241455078125,,36.1241455078125,9.282767295837402,,,,,,,41.0,5.0,116.0,1.0,0.0,0.0,0.0,0.0,2024,2,Verano,Bosque cerrado desconocido,1,1,0,0,,>30 m,872_gt2l_1770184,295494.0,5280224.9,BOSQUE_NW_02,operacional,SI,,2024-02-13,NO,1026.05,21.607,21.822,-2.05,PASA
BOSQUE_NW_02(3),ATL08_20240213232239_08722213_007_01.h5,2024-02-13T23:22:39Z,gt2l,-71.49343872070312,-42.59971237182617,193101873.92775646,872.0,22.0,13.0,007,01,30200.0,1.0,1770204.0,1770208.0,1003.642578125,,15.67132568359375,,15.67132568359375,2.585810661315918,,,,,,,29.0,1.0,126.0,1.0,0.0,0.0,0.0,0.0,2024,2,Verano,Bosque abierto desconocido,1,1,0,0,,10–20 m,872_gt2l_1770204,295444.1,5280621.1,BOSQUE_NW_02,operacional,SI,,2024-02-13,NO,982.56,21.596,21.813,-0.51,PASA
BOSQUE_NW_02(3),ATL08_20240213232239_08722213_007_01.h5,2024-02-13T23:22:39Z,gt2l,-71.4935531616211,-42.59881591796875,193101873.9418411,872.0,22.0,13.0,007,01,30200.0,1.0,1770209.0,1770213.0,990.2977294921875,65.92961883544922,14.0828857421875,63.866249084472656,14.0828857421875,3.071037530899048,,,,,,,17.0,15.0,116.0,1.0,0.0,0.0,0.0,0.0,2024,2,Verano,Bosque cerrado desconocido,1,1,1,1,4.535025722260265,10–20 m,872_gt2l_1770209,295431.8,5280720.4,BOSQUE_NW_02,operacional,SI,,2024-02-13,NO,969.61,21.593,21.810,-0.91,PASA
BOSQUE_NW_02(3),ATL08_20240213232239_08722213_007_01.h5,2024-02-13T23:22:39Z,gt2l,-71.4942398071289,-42.593448638916016,193101874.0264593,872.0,22.0,13.0,007,01,30200.0,1.0,1770239.0,1770243.0,908.8626708984375,,18.4801025390625,,18.4801025390625,2.56425142288208,,,,,,,20.0,1.0,112.0,1.0,0.0,0.0,0.0,0.0,2024,2,Verano,Bosque cerrado perennifolio latifolio,1,1,0,0,,10–20 m,872_gt2l_1770239,295357.9,5281314.8,BOSQUE_NW_02,operacional,SI,,2024-02-13,NO,892.87,21.575,21.791,-5.58,DESCARTADO
BOSQUE_NW_02(3),ATL08_20240213232239_08722213_007_01.h5,2024-02-13T23:22:39Z,gt2l,-71.49542236328125,-42.584503173828125,193101874.1674245,872.0,22.0,13.0,007,01,30200.0,1.0,1770289.0,1770293.0,930.6000366210938,,19.00921630859375,,19.00921630859375,3.681082248687744,,,,,,,38.0,5.0,116.0,1.0,0.0,0.0,0.0,0.0,2024,2,Verano,Bosque cerrado desconocido,1,1,0,0,,10–20 m,872_gt2l_1770289,295231.5,5282305.3,BOSQUE_NW_02,operacional,SI,,2024-02-13,NO,910.46,21.547,21.761,-1.41,PASA
BOSQUE_NW_02(3),ATL08_20240213232239_08722213_007_01.h5,2024-02-13T23:22:39Z,gt2l,-71.49553680419922,-42.58361053466797,193101874.18153566,872.0,22.0,13.0,007,01,30200.0,1.0,1770294.0,1770298.0,928.5031127929688,132.53268432617188,27.422607421875,132.67794799804688,27.422607421875,6.007713317871094,,,,,,,28.0,7.0,30.0,1.0,0.0,0.0,0.0,0.0,2024,2,Verano,Herbáceas,1,1,1,1,4.838268876365482,20–30 m,872_gt2l_1770294,295219.2,5282404.2,BOSQUE_NW_02,operacional,SI,,2024-02-13,NO,908.69,21.544,21.758,-1.73,PASA
BOSQUE_NW_02(3),ATL08_20240213232239_08722213_007_01.h5,2024-02-13T23:22:39Z,gt2l,-71.49565124511719,-42.58271408081055,193101874.19563526,872.0,22.0,13.0,007,01,30200.0,1.0,1770299.0,1770303.0,921.3029174804688,43.91698455810547,20.43798828125,45.119815826416016,20.43798828125,3.44010591506958,,,,,,,26.0,21.0,30.0,1.0,0.0,0.0,0.0,0.0,2024,2,Verano,Herbáceas,1,1,1,1,2.2076446666626848,20–30 m,872_gt2l_1770299,295206.9,5282503.4,BOSQUE_NW_02,operacional,SI,,2024-02-13,NO,900.11,21.541,21.755,-0.35,PASA
BOSQUE_NW_02(3),ATL08_20240213232239_08722213_007_01.h5,2024-02-13T23:22:39Z,gt2l,-71.49576568603516,-42.58182144165039,193101874.20980266,872.0,22.0,13.0,007,01,30200.0,1.0,1770304.0,1770308.0,921.7316284179688,70.91181182861328,22.4317626953125,72.85616302490234,22.4317626953125,4.069784164428711,,,,,,,31.0,13.0,116.0,1.0,0.0,0.0,0.0,0.0,2024,2,Verano,Bosque cerrado desconocido,1,1,1,1,3.2479018262852293,20–30 m,872_gt2l_1770304,295194.6,5282602.3,BOSQUE_NW_02,operacional,SI,,2024-02-13,NO,901.21,21.537,21.752,-1.01,PASA
BOSQUE_NW_02(3),ATL08_20240213232239_08722213_007_01.h5,2024-02-13T23:22:39Z,gt2l,-71.49588775634766,-42.58092498779297,193101874.2239415,872.0,22.0,13.0,007,01,30200.0,1.0,1770309.0,1770313.0,924.56396484375,,18.24267578125,,18.24267578125,3.1168107986450195,,,,,,,34.0,4.0,116.0,1.0,0.0,0.0,0.0,0.0,2024,2,Verano,Bosque cerrado desconocido,1,1,0,0,,10–20 m,872_gt2l_1770309,295181.6,5282701.5,BOSQUE_NW_02,operacional,SI,,2024-02-13,NO,906.80,21.534,21.748,-3.77,PASA
BOSQUE_NW_02(3),ATL08_20240213232239_08722213_007_01.h5,2024-02-13T23:22:39Z,gt2l,-71.49774932861328,-42.566612243652344,193101874.449558,872.0,22.0,13.0,007,01,30200.0,1.0,1770389.0,1770393.0,821.294677734375,,16.89483642578125,,16.89483642578125,3.6717090606689453,,,,,,,28.0,4.0,126.0,1.0,0.0,0.0,0.0,0.0,2024,2,Verano,Bosque abierto desconocido,1,1,0,0,,10–20 m,872_gt2l_1770389,294982.0,5284286.5,BOSQUE_NW_02,operacional,SI,,2024-02-13,NO,801.29,21.484,21.698,-1.48,PASA
BOSQUE_NW_02(3),ATL08_20240213232239_08722213_007_01.h5,2024-02-13T23:22:39Z,gt2l,-71.4986801147461,-42.559452056884766,193101874.56239522,872.0,22.0,13.0,007,01,30200.0,1.0,1770429.0,1770433.0,803.6373901367188,,10.69830322265625,,13.42620849609375,2.90228271484375,,,,,,,39.0,2.0,126.0,1.0,0.0,0.0,0.0,0.0,2024,2,Verano,Bosque abierto desconocido,1,1,0,0,,10–20 m,872_gt2l_1770429,294882.1,5285079.3,BOSQUE_NW_02,operacional,SI,,2024-02-13,NO,784.67,21.459,21.678,-2.49,PASA
BOSQUE_NW_02(3),ATL08_20240213232239_08722213_007_01.h5,2024-02-13T23:22:39Z,gt2r,-71.48014831542969,-42.69266891479492,193101872.81443563,872.0,22.0,13.0,007,01,30200.0,1.0,1769684.0,1769688.0,1075.7357177734375,29.08566665649414,8.6590576171875,19.303691864013672,8.9556884765625,2.2094852924346924,,,,,,,51.0,37.0,116.0,1.0,0.0,0.0,0.0,0.0,2024,2,Verano,Bosque cerrado desconocido,1,1,1,1,2.229306319165433,5–10 m,872_gt2r_1769684,296837.4,5270330.4,BOSQUE_NW_02,operacional,SI,,2024-02-13,NO,1055.58,21.789,22.029,-1.63,PASA
BOSQUE_NW_02(3),ATL08_20240213232239_08722213_007_01.h5,2024-02-13T23:22:39Z,gt2r,-71.48027038574219,-42.691776275634766,193101872.82852617,872.0,22.0,13.0,007,01,30200.0,1.0,1769689.0,1769693.0,1075.5107421875,18.53265380859375,7.51123046875,19.04852294921875,8.5738525390625,1.8916430473327637,,,,,,,82.0,58.0,116.0,1.0,0.0,0.0,0.0,0.0,2024,2,Verano,Bosque cerrado desconocido,1,1,1,1,2.5360056555938373,5–10 m,872_gt2r_1769689,296824.5,5270429.2,BOSQUE_NW_02,operacional,SI,,2024-02-13,NO,1054.30,21.788,22.029,-0.58,PASA
BOSQUE_NW_02(3),ATL08_20240213232239_08722213_007_01.h5,2024-02-13T23:22:39Z,gt2r,-71.4807357788086,-42.68819808959961,193101872.8848728,872.0,22.0,13.0,007,01,30200.0,1.0,1769709.0,1769713.0,1067.72119140625,24.83247947692871,4.9307861328125,17.18531608581543,5.822509765625,1.154127597808838,,,,,,,86.0,43.0,116.0,1.0,0.0,0.0,0.0,0.0,2024,2,Verano,Bosque cerrado desconocido,1,1,1,1,3.4853095678706705,2–5 m,872_gt2r_1769709,296774.7,5270825.4,BOSQUE_NW_02,operacional,SI,,2024-02-13,NO,1047.04,21.785,22.027,-1.11,PASA
BOSQUE_NW_02(3),ATL08_20240213232239_08722213_007_01.h5,2024-02-13T23:22:39Z,gt2r,-71.48141479492188,-42.68282699584961,193101872.96950984,872.0,22.0,13.0,007,01,30200.0,1.0,1769739.0,1769743.0,1057.689208984375,19.224069595336914,4.8077392578125,14.83171558380127,5.183837890625,1.2685129642486572,,,,,,,65.0,55.0,20.0,1.0,0.0,0.0,0.0,0.0,2024,2,Verano,Arbustos,1,1,1,1,3.0849667148025897,2–5 m,872_gt2r_1769739,296701.5,5271420.3,BOSQUE_NW_02,operacional,SI,,2024-02-13,NO,1036.70,21.781,22.024,-0.79,PASA
BOSQUE_NW_02(3),ATL08_20240213232239_08722213_007_01.h5,2024-02-13T23:22:39Z,gt2r,-71.48190307617188,-42.67925262451172,193101873.0259754,872.0,22.0,13.0,007,01,30200.0,1.0,1769759.0,1769763.0,1066.339599609375,44.37944412231445,5.0830078125,19.351829528808594,5.675048828125,1.1747565269470215,,,,,,,61.0,24.0,116.0,1.0,0.0,0.0,0.0,0.0,2024,2,Verano,Bosque cerrado desconocido,1,1,1,1,3.8071610830931797,5–10 m,872_gt2r_1769759,296649.9,5271816.0,BOSQUE_NW_02,operacional,SI,,2024-02-13,NO,1045.21,21.778,22.021,-0.65,PASA
BOSQUE_NW_02(3),ATL08_20240213232239_08722213_007_01.h5,2024-02-13T23:22:39Z,gt2r,-71.48202514648438,-42.6783561706543,193101873.0401056,872.0,22.0,13.0,007,01,30200.0,1.0,1769764.0,1769768.0,1067.4598388671875,41.036094665527344,4.509033203125,19.378189086914062,5.349609375,1.1122021675109863,,,,,,,60.0,26.0,20.0,1.0,0.0,0.0,0.0,0.0,2024,2,Verano,Arbustos,1,1,1,1,4.297637257025285,2–5 m,872_gt2r_1769764,296636.9,5271915.3,BOSQUE_NW_02,operacional,SI,,2024-02-13,NO,1046.10,21.777,22.020,-0.41,PASA
BOSQUE_NW_02(3),ATL08_20240213232239_08722213_007_01.h5,2024-02-13T23:22:39Z,gt2r,-71.48225402832031,-42.67656707763672,193101873.068162,872.0,22.0,13.0,007,01,30200.0,1.0,1769774.0,1769778.0,1058.9677734375,24.628173828125,6.9033203125,20.284326553344727,7.6038818359375,1.8849681615829468,,,,,,,70.0,43.0,126.0,1.0,0.0,0.0,0.0,0.0,2024,2,Verano,Bosque abierto desconocido,1,1,1,1,2.938343526754138,5–10 m,872_gt2r_1769774,296612.3,5272113.4,BOSQUE_NW_02,operacional,SI,,2024-02-13,NO,1039.01,21.775,22.018,-1.82,PASA
BOSQUE_NW_02(3),ATL08_20240213232239_08722213_007_01.h5,2024-02-13T23:22:39Z,gt2r,-71.48237609863281,-42.67567443847656,193101873.08219734,872.0,22.0,13.0,007,01,30200.0,1.0,1769779.0,1769783.0,1057.73876953125,9.705086708068848,4.6455078125,10.26241397857666,4.827392578125,1.1360383033752441,,,,,,,67.0,109.0,126.0,1.0,0.0,0.0,0.0,0.0,2024,2,Verano,Bosque abierto desconocido,1,1,1,1,2.209104879979504,2–5 m,872_gt2r_1769779,296599.4,5272212.3,BOSQUE_NW_02,operacional,SI,,2024-02-13,NO,1036.92,21.774,22.017,-0.96,PASA
BOSQUE_NW_02(3),ATL08_20240213232239_08722213_007_01.h5,2024-02-13T23:22:39Z,gt2r,-71.48249053955078,-42.67477798461914,193101873.0963912,872.0,22.0,13.0,007,01,30200.0,1.0,1769784.0,1769788.0,1059.4290771484375,12.762128829956055,3.6072998046875,14.286192893981934,4.4039306640625,0.8250983953475952,,,,,,,59.0,83.0,30.0,1.0,0.0,0.0,0.0,0.0,2024,2,Verano,Herbáceas,1,1,1,1,3.9603564071435824,2–5 m,872_gt2r_1769784,296587.1,5272311.5,BOSQUE_NW_02,operacional,SI,,2024-02-13,NO,1037.73,21.774,22.016,-0.08,PASA
BOSQUE_NW_02(3),ATL08_20240213232239_08722213_007_01.h5,2024-02-13T23:22:39Z,gt2r,-71.48271942138672,-42.67298889160156,193101873.12462318,872.0,22.0,13.0,007,01,30200.0,1.0,1769794.0,1769798.0,1062.559326171875,36.63117599487305,4.67138671875,18.80665397644043,5.35693359375,1.0268038511276245,,,,,,,48.0,29.0,116.0,1.0,0.0,0.0,0.0,0.0,2024,2,Verano,Bosque cerrado desconocido,1,1,1,1,4.02592529985889,2–5 m,872_gt2r_1769794,296562.5,5272509.7,BOSQUE_NW_02,operacional,SI,,2024-02-13,NO,1039.89,21.772,22.014,0.90,PASA
BOSQUE_NW_02(3),ATL08_20240213232239_08722213_007_01.h5,2024-02-13T23:22:39Z,gt2r,-71.48283386230469,-42.67209243774414,193101873.1386653,872.0,22.0,13.0,007,01,30200.0,1.0,1769799.0,1769803.0,1065.0712890625,7.245683670043945,3.65087890625,9.926504135131836,5.061279296875,0.8920055031776428,,,,,,,48.0,147.0,30.0,1.0,0.0,0.0,0.0,0.0,2024,2,Verano,Herbáceas,1,1,1,1,2.718935464591414,2–5 m,872_gt2r_1769799,296550.2,5272608.9,BOSQUE_NW_02,operacional,SI,,2024-02-13,NO,1043.63,21.771,22.013,-0.33,PASA
BOSQUE_NW_02(3),ATL08_20240213232239_08722213_007_01.h5,2024-02-13T23:22:39Z,gt2r,-71.48353576660156,-42.666725158691406,193101873.22334895,872.0,22.0,13.0,007,01,30200.0,1.0,1769829.0,1769833.0,1072.7088623046875,1.8590970039367676,19.90625,2.602313995361328,19.90625,6.0947771072387695,,,,,,,23.0,577.0,112.0,1.0,0.0,0.0,0.0,0.0,2024,2,Verano,Bosque cerrado perennifolio latifolio,1,1,1,1,0.13072848956289246,10–20 m,872_gt2r_1769829,296475.2,5273203.3,BOSQUE_NW_02,operacional,SI,,2024-02-13,NO,1053.11,21.766,22.006,-2.17,PASA
BOSQUE_NW_02(3),ATL08_20240213232239_08722213_007_01.h5,2024-02-13T23:22:39Z,gt2r,-71.48401641845703,-42.66314697265625,193101873.2795722,872.0,22.0,13.0,007,01,30200.0,1.0,1769849.0,1769853.0,1126.5126953125,,25.5875244140625,,25.9149169921875,8.219202041625977,,,,,,,91.0,3.0,112.0,1.0,0.0,0.0,0.0,0.0,2024,2,Verano,Bosque cerrado perennifolio latifolio,1,1,0,0,,20–30 m,872_gt2r_1769849,296424.1,5273599.5,BOSQUE_NW_02,operacional,SI,,2024-02-13,NO,1113.76,21.759,21.994,-9.01,DESCARTADO
BOSQUE_NW_02(3),ATL08_20240213232239_08722213_007_01.h5,2024-02-13T23:22:39Z,gt2r,-71.48412322998047,-42.662254333496094,193101873.29373053,872.0,22.0,13.0,007,01,30200.0,1.0,1769854.0,1769858.0,1125.90869140625,,25.9849853515625,,26.0208740234375,5.5994648933410645,,,,,,,58.0,5.0,112.0,1.0,0.0,0.0,0.0,0.0,2024,2,Verano,Bosque cerrado perennifolio latifolio,1,1,0,0,,20–30 m,872_gt2r_1769854,296412.4,5273698.4,BOSQUE_NW_02,operacional,SI,,2024-02-13,NO,1111.40,21.757,21.991,-7.25,DESCARTADO
BOSQUE_NW_02(3),ATL08_20240213232239_08722213_007_01.h5,2024-02-13T23:22:39Z,gt2r,-71.48424530029297,-42.66135787963867,193101873.30773252,872.0,22.0,13.0,007,01,30200.0,1.0,1769859.0,1769863.0,1126.01904296875,,25.87451171875,,26.104248046875,7.022397994995117,,,,,,,72.0,6.0,112.0,1.0,0.0,0.0,0.0,0.0,2024,2,Verano,Bosque cerrado perennifolio latifolio,1,1,0,0,,20–30 m,872_gt2r_1769859,296399.5,5273797.6,BOSQUE_NW_02,operacional,SI,,2024-02-13,NO,1113.28,21.755,21.988,-9.02,DESCARTADO
BOSQUE_NW_02(3),ATL08_20240213232239_08722213_007_01.h5,2024-02-13T23:22:39Z,gt2r,-71.48448181152344,-42.659568786621094,193101873.33583748,872.0,22.0,13.0,007,01,30200.0,1.0,1769869.0,1769873.0,1126.483642578125,,27.406982421875,,28.059814453125,8.294499397277832,,,,,,,87.0,3.0,112.0,1.0,0.0,0.0,0.0,0.0,2024,2,Verano,Bosque cerrado perennifolio latifolio,1,1,0,0,,20–30 m,872_gt2r_1769869,296374.3,5273995.7,BOSQUE_NW_02,operacional,SI,,2024-02-13,NO,1117.17,21.751,21.982,-12.44,DESCARTADO
BOSQUE_NW_02(3),ATL08_20240213232239_08722213_007_01.h5,2024-02-13T23:22:39Z,gt2r,-71.48471069335938,-42.657779693603516,193101873.3641791,872.0,22.0,13.0,007,01,30200.0,1.0,1769879.0,1769883.0,1110.9429931640625,,27.5286865234375,,27.950439453125,8.550493240356445,,,,,,,71.0,8.0,112.0,1.0,0.0,0.0,0.0,0.0,2024,2,Verano,Bosque cerrado perennifolio latifolio,1,1,0,0,,20–30 m,872_gt2r_1769879,296349.7,5274193.8,BOSQUE_NW_02,operacional,SI,,2024-02-13,NO,1100.71,21.748,21.976,-11.52,DESCARTADO
BOSQUE_NW_02(3),ATL08_20240213232239_08722213_007_01.h5,2024-02-13T23:22:39Z,gt2r,-71.48495483398438,-42.65599060058594,193101873.39235455,872.0,22.0,13.0,007,01,30200.0,1.0,1769889.0,1769893.0,1145.783203125,,27.1138916015625,,29.1229248046875,7.780016899108887,,,,,,,45.0,8.0,112.0,1.0,0.0,0.0,0.0,0.0,2024,2,Verano,Bosque cerrado perennifolio latifolio,1,1,0,0,,20–30 m,872_gt2r_1769889,296323.8,5274391.9,BOSQUE_NW_02,operacional,SI,,2024-02-13,NO,1131.72,21.744,21.969,-7.68,DESCARTADO
BOSQUE_NW_02(3),ATL08_20240213232239_08722213_007_01.h5,2024-02-13T23:22:39Z,gt2r,-71.48507690429688,-42.65509796142578,193101873.40650037,872.0,22.0,13.0,007,01,30200.0,1.0,1769894.0,1769898.0,1186.775634765625,,19.4754638671875,,21.5797119140625,5.673851490020752,,,,,,,42.0,8.0,112.0,1.0,0.0,0.0,0.0,0.0,2024,2,Verano,Bosque cerrado perennifolio latifolio,1,1,0,0,,10–20 m,872_gt2r_1769894,296310.9,5274490.8,BOSQUE_NW_02,operacional,SI,,2024-02-13,NO,1159.76,21.742,21.966,5.28,DESCARTADO
BOSQUE_NW_02(3),ATL08_20240213232239_08722213_007_01.h5,2024-02-13T23:22:39Z,gt2r,-71.48519134521484,-42.65420150756836,193101873.42062077,872.0,22.0,13.0,007,01,30200.0,1.0,1769899.0,1769903.0,1222.998779296875,110.72380828857422,21.456787109375,69.51032257080078,22.0635986328125,5.842105865478516,,,,,,,60.0,11.0,112.0,1.0,0.0,0.0,0.0,0.0,2024,2,Verano,Bosque cerrado perennifolio latifolio,1,1,1,1,3.2395494356389456,20–30 m,872_gt2r_1769899,296298.6,5274590.0,BOSQUE_NW_02,operacional,SI,,2024-02-13,NO,1195.61,21.740,21.963,5.65,DESCARTADO
BOSQUE_NW_02(3),ATL08_20240213232239_08722213_007_01.h5,2024-02-13T23:22:39Z,gt2r,-71.48568725585938,-42.65062713623047,193101873.47679505,872.0,22.0,13.0,007,01,30200.0,1.0,1769919.0,1769923.0,1375.5321044921875,92.02174377441406,18.251708984375,72.56805419921875,22.96875,4.8932976722717285,,,,,,,47.0,15.0,112.0,1.0,0.0,0.0,0.0,0.0,2024,2,Verano,Bosque cerrado perennifolio latifolio,1,1,1,1,3.975959416257574,10–20 m,872_gt2r_1769919,296246.3,5274985.8,BOSQUE_NW_02,operacional,SI,,2024-02-13,NO,1363.15,21.733,21.950,-9.35,DESCARTADO
BOSQUE_NW_02(3),ATL08_20240213232239_08722213_007_01.h5,2024-02-13T23:22:39Z,gt2r,-71.48580932617188,-42.64973449707031,193101873.49085978,872.0,22.0,13.0,007,01,30200.0,1.0,1769924.0,1769928.0,1398.2498779296875,,16.1895751953125,,16.32177734375,4.035662651062012,,,,,,,55.0,6.0,116.0,1.0,0.0,0.0,0.0,0.0,2024,2,Verano,Bosque cerrado desconocido,1,1,0,0,,10–20 m,872_gt2r_1769924,296233.3,5275084.6,BOSQUE_NW_02,operacional,SI,,2024-02-13,NO,1379.07,21.731,21.948,-2.55,PASA
BOSQUE_NW_02(3),ATL08_20240213232239_08722213_007_01.h5,2024-02-13T23:22:39Z,gt2r,-71.48604583740234,-42.64794158935547,193101873.5190167,872.0,22.0,13.0,007,01,30200.0,1.0,1769934.0,1769938.0,1400.328857421875,,18.8480224609375,,20.0936279296875,4.359556674957275,,,,,,,59.0,5.0,116.0,1.0,0.0,0.0,0.0,0.0,2024,2,Verano,Bosque cerrado desconocido,1,1,0,0,,10–20 m,872_gt2r_1769934,296208.1,5275283.2,BOSQUE_NW_02,operacional,SI,,2024-02-13,NO,1376.38,21.727,21.943,2.22,PASA
BOSQUE_NW_02(3),ATL08_20240213232239_08722213_007_01.h5,2024-02-13T23:22:39Z,gt2r,-71.48638153076172,-42.645259857177734,193101873.56142285,872.0,22.0,13.0,007,01,30200.0,1.0,1769949.0,1769953.0,1335.4781494140625,,20.6668701171875,,22.071533203125,6.1548943519592285,,,,,,,79.0,2.0,112.0,1.0,0.0,0.0,0.0,0.0,2024,2,Verano,Bosque cerrado perennifolio latifolio,1,1,0,0,,20–30 m,872_gt2r_1769949,296171.8,5275580.1,BOSQUE_NW_02,operacional,SI,,2024-02-13,NO,1321.77,21.722,21.935,-8.01,DESCARTADO
BOSQUE_NW_02(3),ATL08_20240213232239_08722213_007_01.h5,2024-02-13T23:22:39Z,gt2r,-71.48651123046875,-42.64436340332031,193101873.57557636,872.0,22.0,13.0,007,01,30200.0,1.0,1769954.0,1769958.0,1327.9136962890625,,23.8428955078125,,24.42041015625,6.752274990081787,,,,,,,56.0,6.0,112.0,1.0,0.0,0.0,0.0,0.0,2024,2,Verano,Bosque cerrado perennifolio latifolio,1,1,0,0,,20–30 m,872_gt2r_1769954,296158.3,5275679.4,BOSQUE_NW_02,operacional,SI,,2024-02-13,NO,1313.41,21.720,21.933,-7.22,DESCARTADO
BOSQUE_NW_02(3),ATL08_20240213232239_08722213_007_01.h5,2024-02-13T23:22:39Z,gt2r,-71.48661804199219,-42.643470764160156,193101873.58960962,872.0,22.0,13.0,007,01,30200.0,1.0,1769959.0,1769963.0,1327.154296875,,21.8353271484375,,23.0345458984375,4.7923784255981445,,,,,,,74.0,1.0,112.0,1.0,0.0,0.0,0.0,0.0,2024,2,Verano,Bosque cerrado perennifolio latifolio,1,1,0,0,,20–30 m,872_gt2r_1769959,296146.6,5275778.3,BOSQUE_NW_02,operacional,SI,,2024-02-13,NO,1310.77,21.718,21.930,-5.33,DESCARTADO
BOSQUE_NW_02(3),ATL08_20240213232239_08722213_007_01.h5,2024-02-13T23:22:39Z,gt2r,-71.48674011230469,-42.642574310302734,193101873.6037146,872.0,22.0,13.0,007,01,30200.0,1.0,1769964.0,1769968.0,1335.171630859375,,24.45556640625,,24.7423095703125,4.989698886871338,,,,,,,58.0,9.0,112.0,1.0,0.0,0.0,0.0,0.0,2024,2,Verano,Bosque cerrado perennifolio latifolio,1,1,0,0,,20–30 m,872_gt2r_1769964,296133.6,5275877.5,BOSQUE_NW_02,operacional,SI,,2024-02-13,NO,1324.64,21.716,21.927,-11.19,DESCARTADO
BOSQUE_NW_02(3),ATL08_20240213232239_08722213_007_01.h5,2024-02-13T23:22:39Z,gt2r,-71.48686981201172,-42.64168167114258,193101873.61786354,872.0,22.0,13.0,007,01,30200.0,1.0,1769969.0,1769973.0,1357.8350830078125,,23.0382080078125,,24.1956787109375,6.172063827514648,,,,,,,80.0,6.0,116.0,1.0,0.0,0.0,0.0,0.0,2024,2,Verano,Bosque cerrado desconocido,1,1,0,0,,20–30 m,872_gt2r_1769969,296120.1,5275976.3,BOSQUE_NW_02,operacional,SI,,2024-02-13,NO,1344.94,21.714,21.925,-8.82,DESCARTADO
BOSQUE_NW_02(3),ATL08_20240213232239_08722213_007_01.h5,2024-02-13T23:22:39Z,gt2r,-71.48697662353516,-42.640785217285156,193101873.63193715,872.0,22.0,13.0,007,01,30200.0,1.0,1769974.0,1769978.0,1371.9771728515625,,19.7894287109375,,20.13671875,4.427613735198975,,,,,,,55.0,8.0,116.0,1.0,0.0,0.0,0.0,0.0,2024,2,Verano,Bosque cerrado desconocido,1,1,0,0,,10–20 m,872_gt2r_1769974,296108.4,5276075.6,BOSQUE_NW_02,operacional,SI,,2024-02-13,NO,1348.67,21.712,21.922,1.60,PASA
BOSQUE_NW_02(3),ATL08_20240213232239_08722213_007_01.h5,2024-02-13T23:22:39Z,gt2r,-71.487060546875,-42.640071868896484,193101873.643154,872.0,22.0,13.0,007,01,30200.0,1.0,1769979.0,1769983.0,1361.1170654296875,,22.4456787109375,,23.6654052734375,5.411984443664551,,,,,,,49.0,5.0,116.0,1.0,0.0,0.0,0.0,0.0,2024,2,Verano,Bosque cerrado desconocido,1,1,0,0,,20–30 m,872_gt2r_1769979,296099.2,5276154.6,BOSQUE_NW_02,operacional,SI,,2024-02-13,NO,1339.29,21.711,21.920,0.12,PASA
BOSQUE_NW_02(3),ATL08_20240213232239_08722213_007_01.h5,2024-02-13T23:22:39Z,gt2r,-71.4873046875,-42.63810348510742,193101873.67418548,872.0,22.0,13.0,007,01,30200.0,1.0,1769989.0,1769993.0,1303.1702880859375,,26.91015625,,29.274658203125,8.052250862121582,,,,,,,51.0,8.0,116.0,1.0,0.0,0.0,0.0,0.0,2024,2,Verano,Bosque cerrado desconocido,1,1,0,0,,20–30 m,872_gt2r_1769989,296072.8,5276372.6,BOSQUE_NW_02,operacional,SI,,2024-02-13,NO,1292.20,21.707,21.915,-10.74,DESCARTADO
BOSQUE_NW_02(3),ATL08_20240213232239_08722213_007_01.h5,2024-02-13T23:22:39Z,gt2r,-71.4874267578125,-42.63720703125,193101873.68828732,872.0,22.0,13.0,007,01,30200.0,1.0,1769994.0,1769996.0,1273.619140625,,34.3548583984375,,34.3548583984375,10.776591300964355,,,,,,,41.0,6.0,116.0,1.0,0.0,0.0,0.0,0.0,2024,2,Verano,Bosque cerrado desconocido,1,1,0,0,,>30 m,872_gt2r_1769994,296059.8,5276471.9,BOSQUE_NW_02,operacional,SI,,2024-02-13,NO,1263.40,21.705,21.912,-11.48,DESCARTADO
BOSQUE_NW_02(3),ATL08_20240213232239_08722213_007_01.h5,2024-02-13T23:22:39Z,gt2r,-71.48787689208984,-42.63380813598633,193101873.741864,872.0,22.0,13.0,007,01,30200.0,1.0,1770014.0,1770018.0,1239.1759033203125,113.40369415283203,16.21142578125,73.58036804199219,16.21142578125,3.8698315620422363,,,,,,,31.0,11.0,112.0,1.0,0.0,0.0,0.0,0.0,2024,2,Verano,Bosque cerrado perennifolio latifolio,1,1,1,1,4.538796835938676,10–20 m,872_gt2r_1770014,296011.8,5276848.3,BOSQUE_NW_02,operacional,SI,,2024-02-13,NO,1210.64,21.697,21.902,6.84,DESCARTADO
BOSQUE_NW_02(3),ATL08_20240213232239_08722213_007_01.h5,2024-02-13T23:22:39Z,gt2r,-71.48835754394531,-42.63005065917969,193101873.80122083,872.0,22.0,13.0,007,01,30200.0,1.0,1770034.0,1770038.0,1230.4866943359375,,24.241943359375,,30.6978759765625,8.028619766235352,,,,,,,43.0,3.0,112.0,1.0,0.0,0.0,0.0,0.0,2024,2,Verano,Bosque cerrado perennifolio latifolio,1,1,0,0,,20–30 m,872_gt2r_1770034,295960.1,5277264.4,BOSQUE_NW_02,operacional,SI,,2024-02-13,NO,1211.43,21.689,21.892,-2.63,PASA
BOSQUE_NW_02(3),ATL08_20240213232239_08722213_007_01.h5,2024-02-13T23:22:39Z,gt2r,-71.48847198486328,-42.629154205322266,193101873.8153072,872.0,22.0,13.0,007,01,30200.0,1.0,1770039.0,1770043.0,1223.1241455078125,,28.8592529296875,,30.638671875,8.752557754516602,,,,,,,66.0,8.0,112.0,1.0,0.0,0.0,0.0,0.0,2024,2,Verano,Bosque cerrado perennifolio latifolio,1,1,0,0,,20–30 m,872_gt2r_1770039,295947.8,5277363.6,BOSQUE_NW_02,operacional,SI,,2024-02-13,NO,1209.70,21.687,21.889,-8.27,DESCARTADO
BOSQUE_NW_02(3),ATL08_20240213232239_08722213_007_01.h5,2024-02-13T23:22:39Z,gt2r,-71.48882293701172,-42.62647247314453,193101873.85755923,872.0,22.0,13.0,007,01,30200.0,1.0,1770054.0,1770058.0,1201.6324462890625,63.297279357910156,21.192138671875,38.93412780761719,24.435791015625,6.50626802444458,,,,,,,81.0,19.0,112.0,1.0,0.0,0.0,0.0,0.0,2024,2,Verano,Bosque cerrado perennifolio latifolio,1,1,1,1,1.837196727071645,20–30 m,872_gt2r_1770054,295910.2,5277660.6,BOSQUE_NW_02,operacional,SI,,2024-02-13,NO,1183.06,21.682,21.882,-3.11,PASA
BOSQUE_NW_02(3),ATL08_20240213232239_08722213_007_01.h5,2024-02-13T23:22:39Z,gt2r,-71.48975372314453,-42.61931228637695,193101873.97037214,872.0,22.0,13.0,007,01,30200.0,1.0,1770094.0,1770098.0,1102.8382568359375,45.926937103271484,11.7642822265625,30.667543411254883,14.82861328125,2.9160709381103516,,,,,,,84.0,24.0,116.0,1.0,0.0,0.0,0.0,0.0,2024,2,Verano,Bosque cerrado desconocido,1,1,1,1,2.6068350640220808,10–20 m,872_gt2r_1770094,295810.5,5278453.5,BOSQUE_NW_02,operacional,SI,,2024-02-13,NO,1080.50,21.660,21.862,0.68,PASA
BOSQUE_NW_02(3),ATL08_20240213232239_08722213_007_01.h5,2024-02-13T23:22:39Z,gt2r,-71.49009704589844,-42.61663055419922,193101874.01275465,872.0,22.0,13.0,007,01,30200.0,1.0,1770109.0,1770113.0,1074.5623779296875,53.756553649902344,7.234130859375,20.315174102783203,7.9375,1.670544981956482,,,,,,,62.0,20.0,116.0,1.0,0.0,0.0,0.0,0.0,2024,2,Verano,Bosque cerrado desconocido,1,1,1,1,2.8082397868786066,5–10 m,872_gt2r_1770109,295773.6,5278750.5,BOSQUE_NW_02,operacional,SI,,2024-02-13,NO,1052.69,21.652,21.854,0.22,PASA
BOSQUE_NW_02(3),ATL08_20240213232239_08722213_007_01.h5,2024-02-13T23:22:39Z,gt2r,-71.49103546142578,-42.609474182128906,193101874.12564835,872.0,22.0,13.0,007,01,30200.0,1.0,1770149.0,1770153.0,1060.1846923828125,66.30572509765625,4.8602294921875,17.671356201171875,4.94921875,1.103792667388916,,,,,,,47.0,16.0,116.0,1.0,0.0,0.0,0.0,0.0,2024,2,Verano,Bosque cerrado desconocido,1,1,1,1,3.635909832977521,2–5 m,872_gt2r_1770149,295673.2,5279542.9,BOSQUE_NW_02,operacional,SI,,2024-02-13,NO,1037.62,21.629,21.837,0.94,PASA
BOSQUE_NW_02(3),ATL08_20240213232239_08722213_007_01.h5,2024-02-13T23:22:39Z,gt2r,-71.49114990234375,-42.608577728271484,193101874.13983583,872.0,22.0,13.0,007,01,30200.0,1.0,1770154.0,1770158.0,1059.315673828125,33.041603088378906,4.90966796875,15.452476501464844,7.5760498046875,1.1614184379577637,,,,,,,57.0,32.0,116.0,1.0,0.0,0.0,0.0,0.0,2024,2,Verano,Bosque cerrado desconocido,1,1,1,1,3.1473567255096966,2–5 m,872_gt2r_1770154,295660.9,5279642.2,BOSQUE_NW_02,operacional,SI,,2024-02-13,NO,1035.85,21.626,21.835,1.84,PASA
BOSQUE_NW_02(3),ATL08_20240213232239_08722213_007_01.h5,2024-02-13T23:22:39Z,gt2r,-71.49150085449219,-42.60589599609375,193101874.1819706,872.0,22.0,13.0,007,01,30200.0,1.0,1770169.0,1770173.0,1043.1627197265625,,15.053955078125,,16.8961181640625,3.3937618732452393,,,,,,,77.0,3.0,116.0,1.0,0.0,0.0,0.0,0.0,2024,2,Verano,Bosque cerrado desconocido,1,1,0,0,,10–20 m,872_gt2r_1770169,295623.3,5279939.1,BOSQUE_NW_02,operacional,SI,,2024-02-13,NO,1028.20,21.617,21.829,-6.65,DESCARTADO
BOSQUE_NW_02(3),ATL08_20240213232239_08722213_007_01.h5,2024-02-13T23:22:39Z,gt2r,-71.4918441772461,-42.60321044921875,193101874.2243295,872.0,22.0,13.0,007,01,30200.0,1.0,1770184.0,1770188.0,1028.56103515625,,22.9178466796875,,23.2554931640625,5.489504337310791,,,,,,,75.0,5.0,116.0,1.0,0.0,0.0,0.0,0.0,2024,2,Verano,Bosque cerrado desconocido,1,1,0,0,,20–30 m,872_gt2r_1770184,295586.4,5280236.5,BOSQUE_NW_02,operacional,SI,,2024-02-13,NO,1011.35,21.609,21.823,-4.40,PASA
BOSQUE_NW_02(3),ATL08_20240213232239_08722213_007_01.h5,2024-02-13T23:22:39Z,gt2r,-71.49217987060547,-42.60052490234375,193101874.26671416,872.0,22.0,13.0,007,01,30200.0,1.0,1770199.0,1770203.0,969.15869140625,,14.5711669921875,,15.3433837890625,3.4621071815490723,,,,,,,111.0,2.0,126.0,1.0,0.0,0.0,0.0,0.0,2024,2,Verano,Bosque abierto desconocido,1,1,0,0,,10–20 m,872_gt2r_1770199,295550.0,5280534.0,BOSQUE_NW_02,operacional,SI,,2024-02-13,NO,955.04,21.600,21.817,-7.49,DESCARTADO
BOSQUE_NW_02(3),ATL08_20240213232239_08722213_007_01.h5,2024-02-13T23:22:39Z,gt2r,-71.49287414550781,-42.595157623291016,193101874.35141653,872.0,22.0,13.0,007,01,30200.0,1.0,1770229.0,1770233.0,881.8189086914062,19.174562454223633,9.74053955078125,14.892511367797852,11.400146484375,2.424299716949463,,,,,,,79.0,46.0,116.0,1.0,0.0,0.0,0.0,0.0,2024,2,Verano,Bosque cerrado desconocido,1,1,1,1,1.5289205787992908,5–10 m,872_gt2r_1770229,295475.5,5281128.3,BOSQUE_NW_02,operacional,SI,,2024-02-13,NO,861.83,21.583,21.798,-1.59,PASA
BOSQUE_NW_02(3),ATL08_20240213232239_08722213_007_01.h5,2024-02-13T23:22:39Z,gt2r,-71.49347686767578,-42.5906867980957,193101874.4218036,872.0,22.0,13.0,007,01,30200.0,1.0,1770254.0,1770258.0,952.4600219726562,,10.146728515625,,11.40167236328125,2.703735113143921,,,,,,,82.0,6.0,116.0,1.0,0.0,0.0,0.0,0.0,2024,2,Verano,Bosque cerrado desconocido,1,1,0,0,,10–20 m,872_gt2r_1770254,295411.4,5281623.3,BOSQUE_NW_02,operacional,SI,,2024-02-13,NO,933.72,21.568,21.782,-2.83,PASA
BOSQUE_NW_02(3),ATL08_20240213232239_08722213_007_01.h5,2024-02-13T23:22:39Z,gt2r,-71.49359130859375,-42.58979034423828,193101874.4360453,872.0,22.0,13.0,007,01,30200.0,1.0,1770259.0,1770263.0,942.2546997070312,37.76494598388672,7.0648193359375,17.833232879638672,8.13775634765625,1.7622706890106201,,,,,,,82.0,25.0,126.0,1.0,0.0,0.0,0.0,0.0,2024,2,Verano,Bosque abierto desconocido,1,1,1,1,2.5242305615550755,5–10 m,872_gt2r_1770259,295399.1,5281722.6,BOSQUE_NW_02,operacional,SI,,2024-02-13,NO,922.99,21.565,21.779,-2.31,PASA
BOSQUE_NW_02(3),ATL08_20240213232239_08722213_007_01.h5,2024-02-13T23:22:39Z,gt2r,-71.49381256103516,-42.5880012512207,193101874.46418363,872.0,22.0,13.0,007,01,30200.0,1.0,1770269.0,1770273.0,914.393798828125,,11.755126953125,,12.16241455078125,2.461074113845825,,,,,,,74.0,7.0,126.0,1.0,0.0,0.0,0.0,0.0,2024,2,Verano,Bosque abierto desconocido,1,1,0,0,,10–20 m,872_gt2r_1770269,295375.1,5281920.8,BOSQUE_NW_02,operacional,SI,,2024-02-13,NO,896.38,21.560,21.773,-3.55,PASA
BOSQUE_NW_02(3),ATL08_20240213232239_08722213_007_01.h5,2024-02-13T23:22:39Z,gt2r,-71.4942855834961,-42.58442306518555,193101874.52060324,872.0,22.0,13.0,007,01,30200.0,1.0,1770289.0,1770293.0,913.5010986328125,60.86872100830078,7.15771484375,13.074470520019531,10.96685791015625,1.702454924583435,,,,,,,84.0,15.0,116.0,1.0,0.0,0.0,0.0,0.0,2024,2,Verano,Bosque cerrado desconocido,1,1,1,1,1.826626347295177,5–10 m,872_gt2r_1770289,295324.6,5282317.0,BOSQUE_NW_02,operacional,SI,,2024-02-13,NO,891.59,21.548,21.761,0.36,PASA
BOSQUE_NW_02(3),ATL08_20240213232239_08722213_007_01.h5,2024-02-13T23:22:39Z,gt2r,-71.49464416503906,-42.58173751831055,193101874.56292447,872.0,22.0,13.0,007,01,30200.0,1.0,1770304.0,1770308.0,905.4451293945312,27.464460372924805,5.797119140625,15.101974487304688,6.05023193359375,1.2457901239395142,,,,,,,60.0,33.0,116.0,1.0,0.0,0.0,0.0,0.0,2024,2,Verano,Bosque cerrado desconocido,1,1,1,1,2.6050826489787324,5–10 m,872_gt2r_1770304,295286.4,5282614.3,BOSQUE_NW_02,operacional,SI,,2024-02-13,NO,884.10,21.539,21.751,-0.19,PASA
BOSQUE_NW_02(3),ATL08_20240213232239_08722213_007_01.h5,2024-02-13T23:22:39Z,gt2r,-71.49475860595703,-42.58084487915039,193101874.5769503,872.0,22.0,13.0,007,01,30200.0,1.0,1770309.0,1770313.0,903.638916015625,33.47621154785156,6.2891845703125,19.40500831604004,7.9190673828125,1.460681438446045,,,,,,,43.0,27.0,116.0,1.0,0.0,0.0,0.0,0.0,2024,2,Verano,Bosque cerrado desconocido,1,1,1,1,3.0854569617243452,5–10 m,872_gt2r_1770309,295274.0,5282713.2,BOSQUE_NW_02,operacional,SI,,2024-02-13,NO,881.27,21.536,21.748,0.83,PASA
BOSQUE_NW_02(3),ATL08_20240213232239_08722213_007_01.h5,2024-02-13T23:22:39Z,gt2r,-71.49580383300781,-42.572792053222656,193101874.70397678,872.0,22.0,13.0,007,01,30200.0,1.0,1770354.0,1770358.0,824.1202392578125,15.271613121032715,8.88714599609375,11.803899765014648,10.087890625,1.7498996257781982,,,,,,,87.0,54.0,126.0,1.0,0.0,0.0,0.0,0.0,2024,2,Verano,Bosque abierto desconocido,1,1,1,1,1.3281991507963216,5–10 m,872_gt2r_1770354,295161.9,5283604.9,BOSQUE_NW_02,operacional,SI,,2024-02-13,NO,800.96,21.507,21.721,1.65,PASA
BOSQUE_NW_02(3),ATL08_20240213232239_08722213_007_01.h5,2024-02-13T23:22:39Z,gt2r,-71.49639129638672,-42.568321228027344,193101874.77461228,872.0,22.0,13.0,007,01,30200.0,1.0,1770379.0,1770383.0,819.6267700195312,,7.28375244140625,,9.11431884765625,1.736649751663208,,,,,,,67.0,7.0,126.0,1.0,0.0,0.0,0.0,0.0,2024,2,Verano,Bosque abierto desconocido,1,1,0,0,,5–10 m,872_gt2r_1770379,295099.0,5284100.0,BOSQUE_NW_02,operacional,SI,,2024-02-13,NO,800.41,21.492,21.705,-2.27,PASA
BOSQUE_NW_02(3),ATL08_20240213232239_08722213_007_01.h5,2024-02-13T23:22:39Z,gt2r,-71.49651336669922,-42.56742477416992,193101874.7886416,872.0,22.0,13.0,007,01,30200.0,1.0,1770384.0,1770388.0,822.927490234375,24.19188690185547,5.849609375,13.555420875549316,7.7015380859375,1.30862295627594,,,,,,,62.0,34.0,126.0,1.0,0.0,0.0,0.0,0.0,2024,2,Verano,Bosque abierto desconocido,1,1,1,1,2.317320697255843,5–10 m,872_gt2r_1770384,295086.1,5284199.2,BOSQUE_NW_02,operacional,SI,,2024-02-13,NO,801.82,21.489,21.702,-0.38,PASA
BOSQUE_NW_02(3),ATL08_20240213232239_08722213_007_01.h5,2024-02-13T23:22:39Z,gt2r,-71.49707794189453,-42.562950134277344,193101874.85892057,872.0,22.0,13.0,007,01,30200.0,1.0,1770409.0,1770413.0,802.30322265625,47.133819580078125,7.11004638671875,16.245140075683594,7.46087646484375,1.6525225639343262,,,,,,,70.0,17.0,116.0,1.0,0.0,0.0,0.0,0.0,2024,2,Verano,Bosque cerrado desconocido,1,1,1,1,2.284814921324394,5–10 m,872_gt2r_1770409,295025.1,5284694.8,BOSQUE_NW_02,operacional,SI,,2024-02-13,NO,780.87,21.473,21.689,-0.04,PASA
BOSQUE_NW_02(3),ATL08_20240213232239_08722213_007_01.h5,2024-02-13T23:22:39Z,gt2r,-71.49742126464844,-42.56026840209961,193101874.90133497,872.0,22.0,13.0,007,01,30200.0,1.0,1770424.0,1770428.0,791.5421142578125,,17.04150390625,,17.55816650390625,4.466413497924805,,,,,,,70.0,7.0,126.0,1.0,0.0,0.0,0.0,0.0,2024,2,Verano,Bosque abierto desconocido,1,1,0,0,,10–20 m,872_gt2r_1770424,294988.1,5284991.7,BOSQUE_NW_02,operacional,SI,,2024-02-13,NO,778.01,21.464,21.681,-7.93,DESCARTADO
BOSQUE_NW_02(3),ATL08_20240213232239_08722213_007_01.h5,2024-02-13T23:22:39Z,gt2r,-71.49766540527344,-42.55847930908203,193101874.92948005,872.0,22.0,13.0,007,01,30200.0,1.0,1770434.0,1770438.0,809.5520629882812,28.881589889526367,6.84710693359375,14.159993171691895,8.050537109375,1.504949927330017,,,,,,,65.0,28.0,126.0,1.0,0.0,0.0,0.0,0.0,2024,2,Verano,Bosque abierto desconocido,1,1,1,1,2.0680257091092233,5–10 m,872_gt2r_1770434,294962.2,5285189.8,BOSQUE_NW_02,operacional,SI,,2024-02-13,NO,787.64,21.457,21.676,0.45,PASA
BOSQUE_NW_02(3),ATL08_20240213232239_08722213_007_01.h5,2024-02-13T23:22:39Z,gt3l,-71.44233703613281,-42.68039321899414,193101872.5945033,872.0,22.0,13.0,007,01,30200.0,1.0,1769737.0,1769741.0,1016.5650024414062,,8.18212890625,,9.84332275390625,1.9350143671035767,,,,,,,24.0,4.0,126.0,1.0,0.0,0.0,0.0,0.0,2024,2,Verano,Bosque abierto desconocido,1,1,0,0,,5–10 m,872_gt3l_1769737,299895.5,5271783.9,BOSQUE_NW_02,operacional,SI,,2024-02-13,NO,999.34,21.800,21.986,-4.57,PASA
BOSQUE_NW_02(3),ATL08_20240213232239_08722213_007_01.h5,2024-02-13T23:22:39Z,gt3l,-71.44258117675781,-42.67860412597656,193101872.62269133,872.0,22.0,13.0,007,01,30200.0,1.0,1769747.0,1769751.0,1043.4154052734375,,9.806640625,,9.806640625,1.8896970748901367,,,,,,,18.0,1.0,116.0,1.0,0.0,0.0,0.0,0.0,2024,2,Verano,Bosque cerrado desconocido,1,1,0,0,,5–10 m,872_gt3l_1769747,299869.7,5271982.0,BOSQUE_NW_02,operacional,SI,,2024-02-13,NO,1027.12,21.800,21.985,-5.50,DESCARTADO
BOSQUE_NW_02(3),ATL08_20240213232239_08722213_007_01.h5,2024-02-13T23:22:39Z,gt3l,-71.44705963134766,-42.64461135864258,193101873.1583976,872.0,22.0,13.0,007,01,30200.0,1.0,1769937.0,1769941.0,1062.605712890625,70.79911041259766,6.2996826171875,44.267581939697266,6.2996826171875,1.5146833658218384,,,,,,,21.0,15.0,126.0,1.0,0.0,0.0,0.0,0.0,2024,2,Verano,Bosque abierto desconocido,1,1,1,1,7.026954313368342,5–10 m,872_gt3l_1769937,299393.4,5275746.2,BOSQUE_NW_02,operacional,SI,,2024-02-13,NO,1042.59,21.766,21.974,-1.75,PASA
BOSQUE_NW_02(3),ATL08_20240213232239_08722213_007_01.h5,2024-02-13T23:22:39Z,gt3l,-71.44717407226562,-42.643714904785156,193101873.17247757,872.0,22.0,13.0,007,01,30200.0,1.0,1769942.0,1769946.0,1067.0595703125,76.20711517333984,7.049072265625,38.75926971435547,7.049072265625,1.5026614665985107,,,,,,,16.0,14.0,126.0,1.0,0.0,0.0,0.0,0.0,2024,2,Verano,Bosque abierto desconocido,1,1,1,1,5.49849231981436,5–10 m,872_gt3l_1769942,299381.2,5275845.5,BOSQUE_NW_02,operacional,SI,,2024-02-13,NO,1047.56,21.765,21.972,-2.27,PASA
BOSQUE_NW_02(3),ATL08_20240213232239_08722213_007_01.h5,2024-02-13T23:22:39Z,gt3l,-71.4474105834961,-42.64192581176758,193101873.2007163,872.0,22.0,13.0,007,01,30200.0,1.0,1769952.0,1769956.0,1073.209716796875,,5.84130859375,,6.3607177734375,1.3384413719177246,,,,,,,44.0,2.0,20.0,1.0,0.0,0.0,0.0,0.0,2024,2,Verano,Arbustos,1,1,0,0,,5–10 m,872_gt3l_1769952,299356.0,5276043.6,BOSQUE_NW_02,operacional,SI,,2024-02-13,NO,1052.86,21.763,21.970,-1.41,PASA
BOSQUE_NW_02(3),ATL08_20240213232239_08722213_007_01.h5,2024-02-13T23:22:39Z,gt3l,-71.44788360595703,-42.63834762573242,193101873.25709632,872.0,22.0,13.0,007,01,30200.0,1.0,1769972.0,1769976.0,1087.505615234375,,7.6402587890625,,8.00439453125,2.060328960418701,,,,,,,33.0,1.0,126.0,1.0,0.0,0.0,0.0,0.0,2024,2,Verano,Bosque abierto desconocido,1,1,0,0,,5–10 m,872_gt3l_1769972,299305.7,5276439.9,BOSQUE_NW_02,operacional,SI,,2024-02-13,NO,1069.55,21.757,21.965,-3.80,PASA
BOSQUE_NW_02(3),ATL08_20240213232239_08722213_007_01.h5,2024-02-13T23:22:39Z,gt3l,-71.44821166992188,-42.635841369628906,193101873.2965184,872.0,22.0,13.0,007,01,30200.0,1.0,1769987.0,1769991.0,1083.065185546875,,5.994140625,,6.576171875,1.4787635803222656,,,,,,,13.0,2.0,30.0,1.0,0.0,0.0,0.0,0.0,2024,2,Verano,Herbáceas,1,1,0,0,,5–10 m,872_gt3l_1769987,299270.8,5276717.4,BOSQUE_NW_02,operacional,SI,,2024-02-13,NO,1066.06,21.753,21.961,-4.75,PASA
BOSQUE_NW_02(3),ATL08_20240213232239_08722213_007_01.h5,2024-02-13T23:22:39Z,gt3l,-71.44847106933594,-42.63387680053711,193101873.32755432,872.0,22.0,13.0,007,01,30200.0,1.0,1769997.0,1770000.0,1079.361572265625,119.982177734375,4.3642578125,152.98741149902344,4.3642578125,0.9801812171936035,,,,,,,22.0,9.0,116.0,1.0,0.0,0.0,0.0,0.0,2024,2,Verano,Bosque cerrado desconocido,1,1,1,1,35.05462281830387,2–5 m,872_gt3l_1769997,299243.2,5276935.0,BOSQUE_NW_02,operacional,SI,,2024-02-13,NO,1058.08,21.750,21.958,-0.47,PASA
BOSQUE_NW_02(3),ATL08_20240213232239_08722213_007_01.h5,2024-02-13T23:22:39Z,gt3l,-71.44883728027344,-42.63119125366211,193101873.3698266,872.0,22.0,13.0,007,01,30200.0,1.0,1770012.0,1770016.0,1113.673828125,,12.9962158203125,,12.9962158203125,3.2924978733062744,,,,,,,28.0,4.0,20.0,1.0,0.0,0.0,0.0,0.0,2024,2,Verano,Arbustos,1,1,0,0,,10–20 m,872_gt3l_1770012,299204.5,5277232.3,BOSQUE_NW_02,operacional,SI,,2024-02-13,NO,1098.76,21.746,21.949,-6.83,DESCARTADO
BOSQUE_NW_02(3),ATL08_20240213232239_08722213_007_01.h5,2024-02-13T23:22:39Z,gt3l,-71.45047760009766,-42.61866760253906,193101873.5671458,872.0,22.0,13.0,007,01,30200.0,1.0,1770082.0,1770086.0,1152.8150634765625,,9.644775390625,,9.644775390625,2.6847400665283203,,,,,,,21.0,5.0,126.0,1.0,0.0,0.0,0.0,0.0,2024,2,Verano,Bosque abierto desconocido,1,1,0,0,,5–10 m,872_gt3l_1770082,299029.7,5278619.2,BOSQUE_NW_02,operacional,SI,,2024-02-13,NO,1133.30,21.717,21.907,-2.20,PASA
BOSQUE_NW_02(3),ATL08_20240213232239_08722213_007_01.h5,2024-02-13T23:22:39Z,gt3l,-71.45201110839844,-42.60703659057617,193101873.75046837,872.0,22.0,13.0,007,01,30200.0,1.0,1770147.0,1770151.0,1101.7000732421875,68.82006072998047,15.65478515625,62.445098876953125,15.65478515625,3.1448352336883545,,,,,,,24.0,16.0,116.0,1.0,0.0,0.0,0.0,0.0,2024,2,Verano,Bosque cerrado desconocido,1,1,1,1,3.9888825208196876,10–20 m,872_gt3l_1770147,298866.5,5279907.1,BOSQUE_NW_02,operacional,SI,,2024-02-13,NO,1080.88,21.682,21.875,-0.86,PASA
BOSQUE_NW_02(3),ATL08_20240213232239_08722213_007_01.h5,2024-02-13T23:22:39Z,gt3l,-71.4523696899414,-42.60435485839844,193101873.79273108,872.0,22.0,13.0,007,01,30200.0,1.0,1770162.0,1770166.0,1143.587890625,,20.533447265625,,20.533447265625,5.031105995178223,,,,,,,20.0,5.0,112.0,1.0,0.0,0.0,0.0,0.0,2024,2,Verano,Bosque cerrado perennifolio latifolio,1,1,0,0,,20–30 m,872_gt3l_1770162,298828.4,5280204.1,BOSQUE_NW_02,operacional,SI,,2024-02-13,NO,1126.63,21.673,21.868,-4.71,PASA
BOSQUE_NW_02(3),ATL08_20240213232239_08722213_007_01.h5,2024-02-13T23:22:39Z,gt3l,-71.45259857177734,-42.60256576538086,193101873.82095346,872.0,22.0,13.0,007,01,30200.0,1.0,1770172.0,1770176.0,1151.017578125,,28.30126953125,,28.30126953125,7.755002498626709,,,,,,,34.0,4.0,116.0,1.0,0.0,0.0,0.0,0.0,2024,2,Verano,Bosque cerrado desconocido,1,1,0,0,,20–30 m,872_gt3l_1770172,298803.9,5280402.2,BOSQUE_NW_02,operacional,SI,,2024-02-13,NO,1129.60,21.668,21.863,-0.25,PASA
BOSQUE_NW_02(3),ATL08_20240213232239_08722213_007_01.h5,2024-02-13T23:22:39Z,gt3l,-71.45307159423828,-42.5989875793457,193101873.87737358,872.0,22.0,13.0,007,01,30200.0,1.0,1770192.0,1770196.0,1132.1640625,36.515071868896484,18.29931640625,50.43672561645508,18.29931640625,4.048750400543213,,,,,,,26.0,31.0,126.0,1.0,0.0,0.0,0.0,0.0,2024,2,Verano,Bosque abierto desconocido,1,1,1,1,2.75620818268538,10–20 m,872_gt3l_1770192,298753.6,5280798.5,BOSQUE_NW_02,operacional,SI,,2024-02-13,NO,1110.32,21.657,21.851,0.19,PASA
BOSQUE_NW_02(3),ATL08_20240213232239_08722213_007_01.h5,2024-02-13T23:22:39Z,gt3l,-71.45318603515625,-42.59809112548828,193101873.89141813,872.0,22.0,13.0,007,01,30200.0,1.0,1770197.0,1770201.0,1118.9398193359375,37.3286247253418,16.005126953125,51.320640563964844,16.005126953125,3.7468080520629883,,,,,,,21.0,30.0,116.0,1.0,0.0,0.0,0.0,0.0,2024,2,Verano,Bosque cerrado desconocido,1,1,1,1,3.206512557774151,10–20 m,872_gt3l_1770197,298741.3,5280897.7,BOSQUE_NW_02,operacional,SI,,2024-02-13,NO,1098.16,21.654,21.848,-0.87,PASA
BOSQUE_NW_02(3),ATL08_20240213232239_08722213_007_01.h5,2024-02-13T23:22:39Z,gt3l,-71.4540023803711,-42.59183120727539,193101873.9901621,872.0,22.0,13.0,007,01,30200.0,1.0,1770232.0,1770236.0,1104.613525390625,64.91915130615234,16.9171142578125,82.80873107910156,16.9171142578125,4.586799621582031,,,,,,,35.0,17.0,112.0,1.0,0.0,0.0,0.0,0.0,2024,2,Verano,Bosque cerrado perennifolio latifolio,1,1,1,1,4.894967889742757,10–20 m,872_gt3l_1770232,298654.2,5281591.0,BOSQUE_NW_02,operacional,SI,,2024-02-13,NO,1076.89,21.634,21.822,6.09,DESCARTADO
BOSQUE_NW_02(3),ATL08_20240213232239_08722213_007_01.h5,2024-02-13T23:22:39Z,gt3l,-71.45436096191406,-42.58914566040039,193101874.03249526,872.0,22.0,13.0,007,01,30200.0,1.0,1770247.0,1770251.0,1110.205078125,100.75601196289062,16.9169921875,131.7291259765625,16.9169921875,4.644730091094971,,,,,,,22.0,11.0,116.0,1.0,0.0,0.0,0.0,0.0,2024,2,Verano,Bosque cerrado desconocido,1,1,1,1,7.786793569243203,10–20 m,872_gt3l_1770247,298616.1,5281888.3,BOSQUE_NW_02,operacional,SI,,2024-02-13,NO,1086.46,21.626,21.811,2.12,PASA
BOSQUE_NW_02(3),ATL08_20240213232239_08722213_007_01.h5,2024-02-13T23:22:39Z,gt3l,-71.45459747314453,-42.58735656738281,193101874.0606958,872.0,22.0,13.0,007,01,30200.0,1.0,1770257.0,1770261.0,1127.6588134765625,112.76203918457031,4.5606689453125,59.159000396728516,4.5606689453125,1.2603856325149536,,,,,,,18.0,10.0,126.0,1.0,0.0,0.0,0.0,0.0,2024,2,Verano,Bosque abierto desconocido,1,1,1,1,12.97156209014748,2–5 m,872_gt3l_1770257,298590.9,5282086.4,BOSQUE_NW_02,operacional,SI,,2024-02-13,NO,1104.77,21.620,21.804,1.27,PASA
BOSQUE_NW_02(3),ATL08_20240213232239_08722213_007_01.h5,2024-02-13T23:22:39Z,gt3l,-71.45494079589844,-42.58467102050781,193101874.10301507,872.0,22.0,13.0,007,01,30200.0,1.0,1770272.0,1770276.0,1085.9561767578125,,8.736572265625,,9.0701904296875,2.40004825592041,,,,,,,20.0,1.0,126.0,1.0,0.0,0.0,0.0,0.0,2024,2,Verano,Bosque abierto desconocido,1,1,0,0,,5–10 m,872_gt3l_1770272,298554.1,5282383.8,BOSQUE_NW_02,operacional,SI,,2024-02-13,NO,1069.54,21.612,21.793,-5.20,DESCARTADO
BOSQUE_NW_02(3),ATL08_20240213232239_08722213_007_01.h5,2024-02-13T23:22:39Z,gt3l,-71.45584869384766,-42.5775146484375,193101874.21575606,872.0,22.0,13.0,007,01,30200.0,1.0,1770312.0,1770316.0,952.0419921875,50.04192352294922,6.51995849609375,51.88412857055664,6.51995849609375,1.8337825536727905,,,,,,,15.0,19.0,20.0,1.0,0.0,0.0,0.0,0.0,2024,2,Verano,Arbustos,1,1,1,1,7.957739087087987,5–10 m,872_gt3l_1770312,298456.5,5283176.4,BOSQUE_NW_02,operacional,SI,,2024-02-13,NO,928.65,21.585,21.769,1.81,PASA
BOSQUE_NW_02(3),ATL08_20240213232239_08722213_007_01.h5,2024-02-13T23:22:39Z,gt3l,-71.45609283447266,-42.57572555541992,193101874.24403918,872.0,22.0,13.0,007,01,30200.0,1.0,1770322.0,1770326.0,940.0184936523438,30.330066680908203,9.0894775390625,39.242530822753906,9.0894775390625,2.31335711479187,,,,,,,23.0,31.0,20.0,1.0,0.0,0.0,0.0,0.0,2024,2,Verano,Arbustos,1,1,1,1,4.3173582479418755,5–10 m,872_gt3l_1770322,298430.7,5283374.5,BOSQUE_NW_02,operacional,SI,,2024-02-13,NO,919.28,21.578,21.763,-0.84,PASA
BOSQUE_NW_02(3),ATL08_20240213232239_08722213_007_01.h5,2024-02-13T23:22:39Z,gt3l,-71.45620727539062,-42.5748291015625,193101874.25811958,872.0,22.0,13.0,007,01,30200.0,1.0,1770327.0,1770331.0,943.0664672851562,94.2100601196289,7.15325927734375,55.711700439453125,7.15325927734375,1.7960187196731567,,,,,,,23.0,10.0,20.0,1.0,0.0,0.0,0.0,0.0,2024,2,Verano,Arbustos,1,1,1,1,7.788295975221631,5–10 m,872_gt3l_1770327,298418.4,5283473.8,BOSQUE_NW_02,operacional,SI,,2024-02-13,NO,921.50,21.575,21.759,-0.01,PASA
BOSQUE_NW_02(3),ATL08_20240213232239_08722213_007_01.h5,2024-02-13T23:22:39Z,gt3l,-71.4563217163086,-42.573936462402344,193101874.27216074,872.0,22.0,13.0,007,01,30200.0,1.0,1770332.0,1770336.0,946.954345703125,,9.8282470703125,,9.8282470703125,1.9860649108886719,,,,,,,6.0,4.0,20.0,1.0,0.0,0.0,0.0,0.0,2024,2,Verano,Arbustos,1,1,0,0,,5–10 m,872_gt3l_1770332,298406.2,5283572.6,BOSQUE_NW_02,operacional,SI,,2024-02-13,NO,928.05,21.572,21.756,-2.67,PASA
BOSQUE_NW_02(3),ATL08_20240213232239_08722213_007_01.h5,2024-02-13T23:22:39Z,gt3l,-71.45667266845703,-42.571250915527344,193101874.3144978,872.0,22.0,13.0,007,01,30200.0,1.0,1770347.0,1770351.0,940.8704223632812,,11.73687744140625,,11.73687744140625,2.426795482635498,,,,,,,18.0,3.0,126.0,1.0,0.0,0.0,0.0,0.0,2024,2,Verano,Bosque abierto desconocido,1,1,0,0,,10–20 m,872_gt3l_1770347,298368.7,5283870.0,BOSQUE_NW_02,operacional,SI,,2024-02-13,NO,921.86,21.561,21.747,-2.55,PASA
BOSQUE_NW_02(3),ATL08_20240213232239_08722213_007_01.h5,2024-02-13T23:22:39Z,gt3r,-71.44087219238281,-42.683536529541016,193101872.89618972,872.0,22.0,13.0,007,01,30200.0,1.0,1769719.0,1769723.0,1009.4036254882812,53.25444030761719,7.9454345703125,17.68994903564453,8.3154296875,2.0106770992279053,,,,,,,101.0,19.0,20.0,1.0,0.0,0.0,0.0,0.0,2024,2,Verano,Arbustos,1,1,1,1,2.2264293889904594,5–10 m,872_gt3r_1769719,300025.6,5271438.3,BOSQUE_NW_02,operacional,SI,,2024-02-13,NO,990.25,21.801,21.986,-2.65,PASA
BOSQUE_NW_02(3),ATL08_20240213232239_08722213_007_01.h5,2024-02-13T23:22:39Z,gt3r,-71.44111633300781,-42.68174743652344,193101872.92425096,872.0,22.0,13.0,007,01,30200.0,1.0,1769729.0,1769733.0,1014.8389892578125,63.65922546386719,7.86016845703125,14.404845237731934,8.70416259765625,1.618750810623169,,,,,,,76.0,16.0,30.0,1.0,0.0,0.0,0.0,0.0,2024,2,Verano,Herbáceas,1,1,1,1,1.8326382337068357,5–10 m,872_gt3r_1769729,299999.8,5271636.4,BOSQUE_NW_02,operacional,SI,,2024-02-13,NO,994.76,21.801,21.985,-1.72,PASA
BOSQUE_NW_02(3),ATL08_20240213232239_08722213_007_01.h5,2024-02-13T23:22:39Z,gt3r,-71.44171142578125,-42.677276611328125,193101872.99480098,872.0,22.0,13.0,007,01,30200.0,1.0,1769754.0,1769758.0,1070.0343017578125,50.9144401550293,7.7977294921875,19.187118530273438,9.4716796875,1.917870283126831,,,,,,,99.0,21.0,30.0,1.0,0.0,0.0,0.0,0.0,2024,2,Verano,Herbáceas,1,1,1,1,2.4606032498943313,5–10 m,872_gt3r_1769754,299936.7,5272131.4,BOSQUE_NW_02,operacional,SI,,2024-02-13,NO,1049.46,21.800,21.984,-1.23,PASA
BOSQUE_NW_02(3),ATL08_20240213232239_08722213_007_01.h5,2024-02-13T23:22:39Z,gt3r,-71.44194030761719,-42.67548751831055,193101873.0230253,872.0,22.0,13.0,007,01,30200.0,1.0,1769764.0,1769768.0,1090.0687255859375,24.21680450439453,5.4814453125,16.079042434692383,6.19189453125,1.1571695804595947,,,,,,,74.0,45.0,116.0,1.0,0.0,0.0,0.0,0.0,2024,2,Verano,Bosque cerrado desconocido,1,1,1,1,2.9333581780019595,5–10 m,872_gt3r_1769764,299912.2,5272329.6,BOSQUE_NW_02,operacional,SI,,2024-02-13,NO,1068.00,21.800,21.983,0.27,PASA
BOSQUE_NW_02(3),ATL08_20240213232239_08722213_007_01.h5,2024-02-13T23:22:39Z,gt3r,-71.44206237792969,-42.67459487915039,193101873.03715962,872.0,22.0,13.0,007,01,30200.0,1.0,1769769.0,1769773.0,1108.3995361328125,50.295982360839844,8.0413818359375,21.508756637573242,9.0631103515625,1.9584320783615112,,,,,,,105.0,22.0,116.0,1.0,0.0,0.0,0.0,0.0,2024,2,Verano,Bosque cerrado desconocido,1,1,1,1,2.674758776091082,5–10 m,872_gt3r_1769769,299899.3,5272428.4,BOSQUE_NW_02,operacional,SI,,2024-02-13,NO,1086.01,21.800,21.983,0.59,PASA
BOSQUE_NW_02(3),ATL08_20240213232239_08722213_007_01.h5,2024-02-13T23:22:39Z,gt3r,-71.44277954101562,-42.669227600097656,193101873.12168822,872.0,22.0,13.0,007,01,30200.0,1.0,1769799.0,1769803.0,1107.0941162109375,46.143367767333984,5.619873046875,12.960441589355469,6.06787109375,1.1787205934524536,,,,,,,79.0,24.0,116.0,1.0,0.0,0.0,0.0,0.0,2024,2,Verano,Bosque cerrado desconocido,1,1,1,1,2.306180492202094,5–10 m,872_gt3r_1769799,299823.3,5273022.8,BOSQUE_NW_02,operacional,SI,,2024-02-13,NO,1085.39,21.799,21.981,-0.09,PASA
BOSQUE_NW_02(3),ATL08_20240213232239_08722213_007_01.h5,2024-02-13T23:22:39Z,gt3r,-71.44617462158203,-42.64328384399414,193101873.53047553,872.0,22.0,13.0,007,01,30200.0,1.0,1769944.0,1769948.0,1072.0418701171875,10.617534637451172,6.0655517578125,9.9253568649292,6.685791015625,1.3077728748321533,,,,,,,80.0,101.0,126.0,1.0,0.0,0.0,0.0,0.0,2024,2,Verano,Bosque abierto desconocido,1,1,1,1,1.6363485567731288,5–10 m,872_gt3r_1769944,299461.7,5275895.8,BOSQUE_NW_02,operacional,SI,,2024-02-13,NO,1051.28,21.766,21.972,-1.00,PASA
BOSQUE_NW_02(3),ATL08_20240213232239_08722213_007_01.h5,2024-02-13T23:22:39Z,gt3r,-71.4468994140625,-42.637916564941406,193101873.6151489,872.0,22.0,13.0,007,01,30200.0,1.0,1769974.0,1769978.0,1101.6541748046875,15.96009349822998,3.5318603515625,14.177638053894043,4.0745849609375,0.7493403553962708,,,,,,,128.0,69.0,126.0,1.0,0.0,0.0,0.0,0.0,2024,2,Verano,Bosque abierto desconocido,1,1,1,1,4.014212523329762,2–5 m,872_gt3r_1769974,299385.0,5276490.1,BOSQUE_NW_02,operacional,SI,,2024-02-13,NO,1079.90,21.758,21.964,-0.00,PASA
BOSQUE_NW_02(3),ATL08_20240213232239_08722213_007_01.h5,2024-02-13T23:22:39Z,gt3r,-71.44771575927734,-42.63165283203125,193101873.71371216,872.0,22.0,13.0,007,01,30200.0,1.0,1770009.0,1770013.0,1116.183837890625,19.643293380737305,6.5863037109375,14.530080795288086,6.9573974609375,1.6732935905456543,,,,,,,65.0,57.0,126.0,1.0,0.0,0.0,0.0,0.0,2024,2,Verano,Bosque abierto desconocido,1,1,1,1,2.2061054930034287,5–10 m,872_gt3r_1770009,299298.0,5277183.7,BOSQUE_NW_02,operacional,SI,,2024-02-13,NO,1096.95,21.748,21.951,-2.51,PASA
BOSQUE_NW_02(3),ATL08_20240213232239_08722213_007_01.h5,2024-02-13T23:22:39Z,gt3r,-71.44807434082031,-42.628971099853516,193101873.75600573,872.0,22.0,13.0,007,01,30200.0,1.0,1770024.0,1770028.0,1142.2841796875,30.864139556884766,3.611572265625,19.48394203186035,4.3428955078125,0.8835869431495667,,,,,,,100.0,37.0,116.0,1.0,0.0,0.0,0.0,0.0,2024,2,Verano,Bosque cerrado desconocido,1,1,1,1,5.394864230548232,2–5 m,872_gt3r_1770024,299259.9,5277480.7,BOSQUE_NW_02,operacional,SI,,2024-02-13,NO,1118.62,21.744,21.942,1.92,PASA
BOSQUE_NW_02(3),ATL08_20240213232239_08722213_007_01.h5,2024-02-13T23:22:39Z,gt3r,-71.44820404052734,-42.628074645996094,193101873.76997486,872.0,22.0,13.0,007,01,30200.0,1.0,1770029.0,1770033.0,1141.2579345703125,,8.8487548828125,,10.473876953125,2.0238428115844727,,,,,,,64.0,4.0,126.0,1.0,0.0,0.0,0.0,0.0,2024,2,Verano,Bosque abierto desconocido,1,1,0,0,,5–10 m,872_gt3r_1770029,299246.4,5277579.9,BOSQUE_NW_02,operacional,SI,,2024-02-13,NO,1122.23,21.743,21.940,-2.71,PASA
BOSQUE_NW_02(3),ATL08_20240213232239_08722213_007_01.h5,2024-02-13T23:22:39Z,gt3r,-71.44878387451172,-42.62360382080078,193101873.84061727,872.0,22.0,13.0,007,01,30200.0,1.0,1770054.0,1770058.0,1155.0224609375,21.78401756286621,4.89501953125,16.8577880859375,5.5296630859375,1.0237277746200562,,,,,,,83.0,53.0,126.0,1.0,0.0,0.0,0.0,0.0,2024,2,Verano,Bosque abierto desconocido,1,1,1,1,3.4438653366583543,2–5 m,872_gt3r_1770054,299184.5,5278075.0,BOSQUE_NW_02,operacional,SI,,2024-02-13,NO,1135.69,21.734,21.925,-2.40,PASA
BOSQUE_NW_02(3),ATL08_20240213232239_08722213_007_01.h5,2024-02-13T23:22:39Z,gt3r,-71.44950103759766,-42.61823654174805,193101873.92523998,872.0,22.0,13.0,007,01,30200.0,1.0,1770084.0,1770088.0,1165.0125732421875,14.039898872375488,4.3402099609375,12.13141918182373,5.0208740234375,1.0675588846206665,,,,,,,97.0,83.0,126.0,1.0,0.0,0.0,0.0,0.0,2024,2,Verano,Bosque abierto desconocido,1,1,1,1,2.795122653283645,2–5 m,872_gt3r_1770084,299108.4,5278669.4,BOSQUE_NW_02,operacional,SI,,2024-02-13,NO,1142.54,21.718,21.906,0.75,PASA
BOSQUE_NW_02(3),ATL08_20240213232239_08722213_007_01.h5,2024-02-13T23:22:39Z,gt3r,-71.45053100585938,-42.61018371582031,193101874.05230218,872.0,22.0,13.0,007,01,30200.0,1.0,1770129.0,1770133.0,1111.8853759765625,44.51359558105469,6.9884033203125,16.08246612548828,8.32177734375,1.7184772491455078,,,,,,,93.0,25.0,116.0,1.0,0.0,0.0,0.0,0.0,2024,2,Verano,Bosque cerrado desconocido,1,1,1,1,2.301307664762703,5–10 m,872_gt3r_1770129,298998.0,5279561.2,BOSQUE_NW_02,operacional,SI,,2024-02-13,NO,1091.73,21.693,21.884,-1.53,PASA
BOSQUE_NW_02(3),ATL08_20240213232239_08722213_007_01.h5,2024-02-13T23:22:39Z,gt3r,-71.4507827758789,-42.608394622802734,193101874.08026952,872.0,22.0,13.0,007,01,30200.0,1.0,1770139.0,1770143.0,1112.2979736328125,21.85943031311035,3.8267822265625,15.459219932556152,5.3258056640625,0.9102071523666382,,,,,,,81.0,51.0,20.0,1.0,0.0,0.0,0.0,0.0,2024,2,Verano,Arbustos,1,1,1,1,4.039743841510096,2–5 m,872_gt3r_1770139,298971.6,5279759.3,BOSQUE_NW_02,operacional,SI,,2024-02-13,NO,1091.01,21.687,21.879,-0.40,PASA
BOSQUE_NW_02(3),ATL08_20240213232239_08722213_007_01.h5,2024-02-13T23:22:39Z,gt3r,-71.4529037475586,-42.59229278564453,193101874.33412158,872.0,22.0,13.0,007,01,30200.0,1.0,1770229.0,1770233.0,1123.3829345703125,44.901737213134766,5.724365234375,12.33124828338623,6.2899169921875,1.3290210962295532,,,,,,,92.0,25.0,112.0,1.0,0.0,0.0,0.0,0.0,2024,2,Verano,Bosque cerrado perennifolio latifolio,1,1,1,1,2.1541686769629376,5–10 m,872_gt3r_1770229,298745.8,5281542.3,BOSQUE_NW_02,operacional,SI,,2024-02-13,NO,1098.61,21.638,21.825,3.13,PASA
BOSQUE_NW_02(3),ATL08_20240213232239_08722213_007_01.h5,2024-02-13T23:22:39Z,gt3r,-71.45325469970703,-42.58960723876953,193101874.3766159,872.0,22.0,13.0,007,01,30200.0,1.0,1770244.0,1770248.0,1116.125244140625,61.98281478881836,4.64404296875,17.959312438964844,5.05419921875,1.1301698684692383,,,,,,,84.0,18.0,114.0,1.0,0.0,0.0,0.0,0.0,2024,2,Verano,Bosque cerrado caducifolio latifolio,1,1,1,1,3.867171893071181,2–5 m,872_gt3r_1770244,298708.3,5281839.7,BOSQUE_NW_02,operacional,SI,,2024-02-13,NO,1092.23,21.629,21.814,2.26,PASA
BOSQUE_NW_02(3),ATL08_20240213232239_08722213_007_01.h5,2024-02-13T23:22:39Z,gt3r,-71.453369140625,-42.588714599609375,193101874.39079696,872.0,22.0,13.0,007,01,30200.0,1.0,1770249.0,1770253.0,1118.0279541015625,93.13007354736328,5.4461669921875,12.468689918518066,6.978271484375,1.3970566987991333,,,,,,,46.0,12.0,116.0,1.0,0.0,0.0,0.0,0.0,2024,2,Verano,Bosque cerrado desconocido,1,1,1,1,2.2894431875490304,5–10 m,872_gt3r_1770249,298696.1,5281938.6,BOSQUE_NW_02,operacional,SI,,2024-02-13,NO,1095.36,21.626,21.811,1.05,PASA
BOSQUE_NW_02(3),ATL08_20240213232239_08722213_007_01.h5,2024-02-13T23:22:39Z,gt3r,-71.4539566040039,-42.5842399597168,193101874.46121535,872.0,22.0,13.0,007,01,30200.0,1.0,1770274.0,1770278.0,1083.7147216796875,30.988962173461914,5.518310546875,12.484376907348633,7.6727294921875,1.2190895080566406,,,,,,,92.0,35.0,126.0,1.0,0.0,0.0,0.0,0.0,2024,2,Verano,Bosque abierto desconocido,1,1,1,1,2.262354900345087,5–10 m,872_gt3r_1770274,298633.5,5282434.1,BOSQUE_NW_02,operacional,SI,,2024-02-13,NO,1062.51,21.612,21.792,-0.41,PASA
BOSQUE_NW_02(3),ATL08_20240213232239_08722213_007_01.h5,2024-02-13T23:22:39Z,gt3r,-71.45463562011719,-42.57887268066406,193101874.54601443,872.0,22.0,13.0,007,01,30200.0,1.0,1770304.0,1770308.0,971.5831909179688,38.909358978271484,8.59814453125,13.78495979309082,9.71917724609375,1.9186064004898071,,,,,,,93.0,25.0,20.0,1.0,0.0,0.0,0.0,0.0,2024,2,Verano,Arbustos,1,1,1,1,1.6032482058180475,5–10 m,872_gt3r_1770304,298560.5,5283028.5,BOSQUE_NW_02,operacional,SI,,2024-02-13,NO,949.40,21.592,21.774,0.60,PASA
BOSQUE_NW_02(3),ATL08_20240213232239_08722213_007_01.h5,2024-02-13T23:22:39Z,gt3r,-71.45475006103516,-42.57797622680664,193101874.56017813,872.0,22.0,13.0,007,01,30200.0,1.0,1770309.0,1770313.0,961.65380859375,25.97599983215332,5.42431640625,11.94711971282959,5.6552734375,1.168756127357483,,,,,,,75.0,37.0,126.0,1.0,0.0,0.0,0.0,0.0,2024,2,Verano,Bosque abierto desconocido,1,1,1,1,2.202511582669457,5–10 m,872_gt3r_1770309,298548.2,5283127.8,BOSQUE_NW_02,operacional,SI,,2024-02-13,NO,939.96,21.589,21.771,0.11,PASA
BOSQUE_NW_02(3),ATL08_20240213232239_08722213_007_01.h5,2024-02-13T23:22:39Z,gt3r,-71.45555877685547,-42.571712493896484,193101874.65873846,872.0,22.0,13.0,007,01,30200.0,1.0,1770344.0,1770348.0,945.9857788085938,16.0208740234375,4.7474365234375,11.751419067382812,6.08526611328125,1.1680748462677002,,,,,,,99.0,59.0,20.0,1.0,0.0,0.0,0.0,0.0,2024,2,Verano,Arbustos,1,1,1,1,2.475318839834409,2–5 m,872_gt3r_1770344,298461.6,5283821.4,BOSQUE_NW_02,operacional,SI,,2024-02-13,NO,923.21,21.565,21.750,1.21,PASA
BOSQUE_NW_02(3),ATL08_20240213232239_08722213_007_01.h5,2024-02-13T23:22:39Z,gt3r,-71.4559097290039,-42.56903076171875,193101874.70127684,872.0,22.0,13.0,007,01,30200.0,1.0,1770359.0,1770363.0,915.2831420898438,17.30076026916504,4.215087890625,11.48259449005127,10.32049560546875,1.0943927764892578,,,,,,,103.0,53.0,20.0,1.0,0.0,0.0,0.0,0.0,2024,2,Verano,Arbustos,1,1,1,1,2.724164901896901,2–5 m,872_gt3r_1770359,298424.2,5284118.4,BOSQUE_NW_02,operacional,SI,,2024-02-13,NO,893.76,21.554,21.741,-0.03,PASA
BOSQUE_NW_02(3),ATL08_20241109221128_08342509_007_01.h5,2024-11-09T22:11:28Z,gt1l,-71.46546173095703,-42.559940338134766,216425738.14301586,834.0,25.0,9.0,007,01,34323.0,0.0,1238465.0,1238469.0,839.1474609375,13.752591133117676,4.87982177734375,12.011019706726074,5.978759765625,1.2231076955795288,,,,,,,78.0,61.0,20.0,1.0,0.0,0.0,0.0,0.0,2024,11,Primavera,Arbustos,1,1,1,1,2.461364421645758,2–5 m,834_gt1l_1238465,297610.7,5285105.1,BOSQUE_NW_02,operacional,SI,,2024-11-09,NO,817.13,21.507,21.704,0.51,PASA
BOSQUE_NW_02(3),ATL08_20241109221128_08342509_007_01.h5,2024-11-09T22:11:28Z,gt1l,-71.4658203125,-42.562625885009766,216425738.18533918,834.0,25.0,9.0,007,01,34323.0,0.0,1238480.0,1238484.0,880.9609985351562,,16.8876953125,,17.88671875,4.3298258781433105,,,,,,,95.0,8.0,20.0,1.0,0.0,0.0,0.0,0.0,2024,11,Primavera,Arbustos,1,1,0,0,,10–20 m,834_gt1l_1238480,297590.0,5284806.0,BOSQUE_NW_02,operacional,SI,,2024-11-09,NO,865.46,21.516,21.712,-6.02,DESCARTADO
BOSQUE_NW_02(3),ATL08_20241109221128_08342509_007_01.h5,2024-11-09T22:11:28Z,gt1l,-71.46662139892578,-42.56888961791992,216425738.28378582,834.0,25.0,9.0,007,01,34323.0,0.0,1238515.0,1238519.0,910.5521240234375,53.48471450805664,6.0350341796875,13.298057556152344,7.86590576171875,1.5139278173446655,,,,,,,86.0,17.0,126.0,1.0,0.0,0.0,0.0,0.0,2024,11,Primavera,Bosque abierto desconocido,1,1,1,1,2.203476759238658,5–10 m,834_gt1l_1238515,297544.5,5284108.5,BOSQUE_NW_02,operacional,SI,,2024-11-09,NO,888.99,21.537,21.731,0.02,PASA
BOSQUE_NW_02(3),ATL08_20241109221128_08342509_007_01.h5,2024-11-09T22:11:28Z,gt1l,-71.46916961669922,-42.58856964111328,216425738.59373766,834.0,25.0,9.0,007,01,34323.0,0.0,1238625.0,1238629.0,1118.775146484375,,21.5064697265625,,23.7611083984375,5.07070255279541,,,,,,,106.0,8.0,116.0,1.0,0.0,0.0,0.0,0.0,2024,11,Primavera,Bosque cerrado desconocido,1,1,0,0,,20–30 m,834_gt1l_1238625,297399.1,5281916.9,BOSQUE_NW_02,operacional,SI,,2024-11-09,NO,1097.71,21.600,21.796,-0.54,PASA
BOSQUE_NW_02(3),ATL08_20241109221128_08342509_007_01.h5,2024-11-09T22:11:28Z,gt1l,-71.46929168701172,-42.5894660949707,216425738.6077907,834.0,25.0,9.0,007,01,34323.0,0.0,1238630.0,1238634.0,1103.845947265625,,21.8837890625,,23.5482177734375,5.534820079803467,,,,,,,132.0,9.0,112.0,1.0,0.0,0.0,0.0,0.0,2024,11,Primavera,Bosque cerrado perennifolio latifolio,1,1,0,0,,20–30 m,834_gt1l_1238630,297392.0,5281817.1,BOSQUE_NW_02,operacional,SI,,2024-11-09,NO,1084.61,21.603,21.799,-2.37,PASA
BOSQUE_NW_02(3),ATL08_20241109221128_08342509_007_01.h5,2024-11-09T22:11:28Z,gt1r,-71.46661376953125,-42.56058120727539,216425738.50187096,834.0,25.0,9.0,007,01,34323.0,0.0,1238469.0,1238473.0,839.1406860351562,93.37492370605469,10.0084228515625,74.54287719726562,10.0084228515625,2.2200520038604736,,,,,,,20.0,9.0,20.0,1.0,0.0,0.0,0.0,0.0,2024,11,Primavera,Arbustos,1,1,1,1,7.4480143677810435,10–20 m,834_gt1r_1238469,297518.2,5285031.1,BOSQUE_NW_02,operacional,SI,,2024-11-09,NO,817.99,21.508,21.705,-0.36,PASA
BOSQUE_NW_02(3),ATL08_20241109221128_08342509_007_01.h5,2024-11-09T22:11:28Z,gt1r,-71.46672058105469,-42.56147766113281,216425738.51596865,834.0,25.0,9.0,007,01,34323.0,0.0,1238474.0,1238478.0,851.1910400390625,60.930660247802734,19.10992431640625,71.39668273925781,19.10992431640625,4.326785564422607,,,,,,,29.0,14.0,20.0,1.0,0.0,0.0,0.0,0.0,2024,11,Primavera,Arbustos,1,1,1,1,3.7361049451128565,10–20 m,834_gt1r_1238474,297512.4,5284931.3,BOSQUE_NW_02,operacional,SI,,2024-11-09,NO,827.76,21.511,21.708,1.92,PASA
BOSQUE_NW_02(3),ATL08_20241109221128_08342509_007_01.h5,2024-11-09T22:11:28Z,gt1r,-71.4671859741211,-42.56505584716797,216425738.57221225,834.0,25.0,9.0,007,01,34323.0,0.0,1238494.0,1238498.0,903.9754638671875,25.838592529296875,14.89825439453125,35.812644958496094,14.89825439453125,3.2186152935028076,,,,,,,16.0,35.0,20.0,1.0,0.0,0.0,0.0,0.0,2024,11,Primavera,Arbustos,1,1,1,1,2.403814836967877,10–20 m,834_gt1r_1238494,297485.7,5284532.9,BOSQUE_NW_02,operacional,SI,,2024-11-09,NO,882.65,21.523,21.718,-0.20,PASA
BOSQUE_NW_02(3),ATL08_20241109221128_08342509_007_01.h5,2024-11-09T22:11:28Z,gt1r,-71.4700927734375,-42.58742141723633,216425738.9239985,834.0,25.0,9.0,007,01,34323.0,0.0,1238619.0,1238623.0,1154.147705078125,50.17390823364258,20.859130859375,60.95943069458008,20.859130859375,6.988130569458008,,,,,,,21.0,23.0,30.0,1.0,0.0,0.0,0.0,0.0,2024,11,Primavera,Herbáceas,1,1,1,1,2.9224338782640245,20–30 m,834_gt1r_1238619,297319.6,5282042.2,BOSQUE_NW_02,operacional,SI,,2024-11-09,NO,1132.10,21.596,21.790,0.46,PASA
BOSQUE_NW_02(3),ATL08_20241109221128_08342509_007_01.h5,2024-11-09T22:11:28Z,gt1r,-71.47032165527344,-42.589210510253906,216425738.95215976,834.0,25.0,9.0,007,01,34323.0,0.0,1238629.0,1238633.0,1134.6136474609375,,21.2646484375,,21.2646484375,4.9019269943237305,,,,,,,35.0,5.0,112.0,1.0,0.0,0.0,0.0,0.0,2024,11,Primavera,Bosque cerrado perennifolio latifolio,1,1,0,0,,20–30 m,834_gt1r_1238629,297306.6,5281843.0,BOSQUE_NW_02,operacional,SI,,2024-11-09,NO,1119.21,21.601,21.797,-6.20,DESCARTADO
BOSQUE_NW_02(3),ATL08_20241109221128_08342509_007_01.h5,2024-11-09T22:11:28Z,gt1r,-71.47126007080078,-42.596370697021484,216425739.06483945,834.0,25.0,9.0,007,01,34323.0,0.0,1238669.0,1238673.0,1104.7403564453125,,29.400146484375,,29.400146484375,6.475263595581055,,,,,,,34.0,2.0,112.0,1.0,0.0,0.0,0.0,0.0,2024,11,Primavera,Bosque cerrado perennifolio latifolio,1,1,0,0,,20–30 m,834_gt1r_1238669,297252.8,5281045.6,BOSQUE_NW_02,operacional,SI,,2024-11-09,NO,1086.36,21.620,21.824,-3.24,PASA
BOSQUE_NW_02(3),ATL08_20241109221128_08342509_007_01.h5,2024-11-09T22:11:28Z,gt1r,-71.47137451171875,-42.59726333618164,216425739.07893267,834.0,25.0,9.0,007,01,34323.0,0.0,1238674.0,1238678.0,1105.0389404296875,,23.6009521484375,,23.6009521484375,5.1950154304504395,,,,,,,30.0,2.0,112.0,1.0,0.0,0.0,0.0,0.0,2024,11,Primavera,Bosque cerrado perennifolio latifolio,1,1,0,0,,20–30 m,834_gt1r_1238674,297246.4,5280946.2,BOSQUE_NW_02,operacional,SI,,2024-11-09,NO,1081.64,21.623,21.827,1.78,PASA
BOSQUE_NW_02(3),ATL08_20241109221128_08342509_007_01.h5,2024-11-09T22:11:28Z,gt2l,-71.50569915771484,-42.56248092651367,216425738.21101457,834.0,25.0,9.0,007,01,34323.0,0.0,1238495.0,1238499.0,790.1189575195312,24.66854476928711,4.00164794921875,20.72231674194336,4.09808349609375,0.861325204372406,,,,,,,42.0,32.0,126.0,1.0,0.0,0.0,0.0,0.0,2024,11,Primavera,Bosque abierto desconocido,1,1,1,1,5.178445731586413,2–5 m,834_gt2l_1238495,294315.8,5284725.9,BOSQUE_NW_02,operacional,SI,,2024-11-09,NO,768.49,21.463,21.684,0.16,PASA
BOSQUE_NW_02(3),ATL08_20241109221128_08342509_007_01.h5,2024-11-09T22:11:28Z,gt2l,-71.50602722167969,-42.56498718261719,216425738.25053105,834.0,25.0,9.0,007,01,34323.0,0.0,1238510.0,1238514.0,801.3362426757812,22.292665481567383,12.67181396484375,16.539901733398438,14.93206787109375,3.0025839805603027,,,,,,,67.0,36.0,112.0,1.0,0.0,0.0,0.0,0.0,2024,11,Primavera,Bosque cerrado perennifolio latifolio,1,1,1,1,1.3052513065048286,10–20 m,834_gt2l_1238510,294297.1,5284446.8,BOSQUE_NW_02,operacional,SI,,2024-11-09,NO,776.06,21.470,21.691,3.80,PASA
BOSQUE_NW_02(3),ATL08_20241109221128_08342509_007_01.h5,2024-11-09T22:11:28Z,gt2r,-71.50674438476562,-42.562225341796875,216425738.55560768,834.0,25.0,9.0,007,01,34323.0,0.0,1238494.0,1238498.0,782.38232421875,,14.05615234375,,14.05615234375,3.592226266860962,,,,,,,36.0,4.0,126.0,1.0,0.0,0.0,0.0,0.0,2024,11,Primavera,Bosque abierto desconocido,1,1,0,0,,10–20 m,834_gt2r_1238494,294229.2,5284751.8,BOSQUE_NW_02,operacional,SI,,2024-11-09,NO,761.45,21.461,21.684,-0.53,PASA
BOSQUE_NW_02(3),ATL08_20241109221128_08342509_007_01.h5,2024-11-09T22:11:28Z,gt2r,-71.5068588256836,-42.5631217956543,216425738.56972075,834.0,25.0,9.0,007,01,34323.0,0.0,1238499.0,1238503.0,789.3301391601562,,14.8306884765625,,14.8306884765625,4.187119483947754,,,,,,,30.0,3.0,126.0,1.0,0.0,0.0,0.0,0.0,2024,11,Primavera,Bosque abierto desconocido,1,1,0,0,,10–20 m,834_gt2r_1238499,294222.7,5284652.0,BOSQUE_NW_02,operacional,SI,,2024-11-09,NO,768.76,21.464,21.686,-0.90,PASA
BOSQUE_NW_02(3),ATL08_20241109221128_08342509_007_01.h5,2024-11-09T22:11:28Z,gt2r,-71.50697326660156,-42.56401824951172,216425738.58380935,834.0,25.0,9.0,007,01,34323.0,0.0,1238504.0,1238508.0,790.9064331054688,98.82176208496094,10.64239501953125,65.96520233154297,10.64239501953125,1.9900908470153809,,,,,,,39.0,8.0,116.0,1.0,0.0,0.0,0.0,0.0,2024,11,Primavera,Bosque cerrado desconocido,1,1,1,1,6.19834184039228,10–20 m,834_gt2r_1238504,294216.3,5284552.1,BOSQUE_NW_02,operacional,SI,,2024-11-09,NO,768.74,21.467,21.688,0.70,PASA
BOSQUE_NW_02(3),ATL08_20241109221128_08342509_007_01.h5,2024-11-09T22:11:28Z,gt2r,-71.50723266601562,-42.56580352783203,216425738.61208326,834.0,25.0,9.0,007,01,34323.0,0.0,1238514.0,1238518.0,791.1187744140625,,8.81268310546875,,8.81268310546875,2.2802741527557373,,,,,,,14.0,3.0,112.0,1.0,0.0,0.0,0.0,0.0,2024,11,Primavera,Bosque cerrado perennifolio latifolio,1,1,0,0,,5–10 m,834_gt2r_1238514,294200.9,5284353.2,BOSQUE_NW_02,operacional,SI,,2024-11-09,NO,768.19,21.472,21.693,1.46,PASA
BOSQUE_NW_02(3),ATL08_20241109221128_08342509_007_01.h5,2024-11-09T22:11:28Z,gt3l,-71.54579162597656,-42.56375503540039,216425738.258422,834.0,25.0,9.0,007,01,34323.0,0.0,1238518.0,1238522.0,744.8956909179688,62.25590896606445,11.31011962890625,17.39299964904785,12.1663818359375,2.912586212158203,,,,,,,111.0,12.0,116.0,1.0,0.0,0.0,0.0,0.0,2024,11,Primavera,Bosque cerrado desconocido,1,1,1,1,1.5378263201208817,10–20 m,834_gt3l_1238518,291028.8,5284486.3,BOSQUE_NW_02,operacional,SI,,2024-11-09,NO,724.49,21.437,21.685,-1.03,PASA
BOSQUE_NW_02(3),ATL08_20241109221128_08342509_007_01.h5,2024-11-09T22:11:28Z,gt3l,-71.5458984375,-42.56465148925781,216425738.27248237,834.0,25.0,9.0,007,01,34323.0,0.0,1238523.0,1238527.0,745.2857055664062,31.0808162689209,12.2332763671875,17.390031814575195,15.14923095703125,3.0953516960144043,,,,,,,131.0,24.0,112.0,1.0,0.0,0.0,0.0,0.0,2024,11,Primavera,Bosque cerrado perennifolio latifolio,1,1,1,1,1.421535105772589,10–20 m,834_gt3l_1238523,291023.1,5284386.4,BOSQUE_NW_02,operacional,SI,,2024-11-09,NO,724.90,21.439,21.685,-1.06,PASA
BOSQUE_NW_02(3),ATL08_20241109221128_08342509_007_01.h5,2024-11-09T22:11:28Z,gt3r,-71.54645538330078,-42.56081771850586,216425738.5611297,834.0,25.0,9.0,007,01,34323.0,0.0,1238502.0,1238506.0,737.7056274414062,73.79004669189453,21.72857666015625,55.4542350769043,24.15069580078125,5.2623701095581055,,,,,,,47.0,10.0,126.0,1.0,0.0,0.0,0.0,0.0,2024,11,Primavera,Bosque abierto desconocido,1,1,1,1,2.5521338072084068,20–30 m,834_gt3r_1238502,290964.5,5284810.8,BOSQUE_NW_02,operacional,SI,,2024-11-09,NO,717.57,21.430,21.683,-1.30,PASA
BOSQUE_NW_02(3),ATL08_20241109221128_08342509_007_01.h5,2024-11-09T22:11:28Z,gt3r,-71.54692840576172,-42.564395904541016,216425738.61742884,834.0,25.0,9.0,007,01,34323.0,0.0,1238522.0,1238526.0,738.1190185546875,26.341060638427734,18.8013916015625,32.98838424682617,18.8013916015625,5.425731658935547,,,,,,,25.0,28.0,126.0,1.0,0.0,0.0,0.0,0.0,2024,11,Primavera,Bosque abierto desconocido,1,1,1,1,1.754571413963031,10–20 m,834_gt3r_1238522,290937.7,5284412.3,BOSQUE_NW_02,operacional,SI,,2024-11-09,NO,717.01,21.439,21.685,-0.33,PASA
BOSQUE_NW_02(3),ATL08_20250208175114_08342609_007_01.h5,2025-02-08T17:51:14Z,gt3l,-71.41410827636719,-42.66687774658203,224272534.10994935,834.0,26.0,9.0,007,01,35710.0,0.0,1239037.0,1239041.0,1238.36669921875,,22.502197265625,,25.9017333984375,5.441977024078369,,,,,,,91.0,5.0,126.0,1.0,0.0,0.0,0.0,0.0,2025,2,Verano,Bosque abierto desconocido,1,1,0,0,,20–30 m,834_gt3l_1239037,302165.5,5273351.2,BOSQUE_NW_02,operacional,SI,,2025-02-08,NO,1219.21,21.820,21.972,-2.67,PASA
BOSQUE_NW_02(3),ATL08_20250208175114_08342609_007_01.h5,2025-02-08T17:51:14Z,gt3l,-71.41513061523438,-42.67312240600586,224272534.20853385,834.0,26.0,9.0,007,01,35710.0,0.0,1239072.0,1239076.0,1223.5198974609375,,26.4044189453125,,27.675048828125,8.108010292053223,,,,,,,126.0,9.0,116.0,1.0,0.0,0.0,0.0,0.0,2025,2,Verano,Bosque cerrado desconocido,1,1,0,0,,20–30 m,834_gt3l_1239072,302101.5,5272655.4,BOSQUE_NW_02,operacional,SI,,2025-02-08,NO,1207.16,21.817,21.970,-5.46,DESCARTADO
BOSQUE_NW_02(3),ATL08_20250208175114_08342609_007_01.h5,2025-02-08T17:51:14Z,gt3l,-71.41553497314453,-42.675804138183594,224272534.2507799,834.0,26.0,9.0,007,01,35710.0,0.0,1239087.0,1239091.0,1197.811767578125,70.60693359375,18.5689697265625,27.0963077545166,19.318115234375,5.902281761169434,,,,,,,122.0,17.0,112.0,1.0,0.0,0.0,0.0,0.0,2025,2,Verano,Bosque cerrado perennifolio latifolio,1,1,1,1,1.4592251564585155,10–20 m,834_gt3l_1239087,302076.9,5272356.6,BOSQUE_NW_02,operacional,SI,,2025-02-08,NO,1180.38,21.816,21.970,-4.39,PASA
BOSQUE_NW_02(3),ATL08_20250208175114_08342609_007_01.h5,2025-02-08T17:51:14Z,gt3l,-71.41732788085938,-42.688316345214844,224272534.44781804,834.0,26.0,9.0,007,01,35710.0,0.0,1239157.0,1239161.0,1120.6318359375,15.78475570678711,4.4591064453125,13.562752723693848,5.7828369140625,0.936335563659668,,,,,,,118.0,71.0,30.0,1.0,0.0,0.0,0.0,0.0,2025,2,Verano,Herbáceas,1,1,1,1,3.0415853243313533,2–5 m,834_gt3l_1239157,301969.8,5270962.9,BOSQUE_NW_02,operacional,SI,,2025-02-08,NO,1098.84,21.810,21.965,-0.02,PASA
BOSQUE_NW_02(3),ATL08_20250208175114_08342609_007_01.h5,2025-02-08T17:51:14Z,gt3r,-71.41364288330078,-42.65228271484375,224272534.23115256,834.0,26.0,9.0,007,01,35710.0,0.0,1238956.0,1238960.0,1268.8929443359375,126.74192810058594,6.9764404296875,61.96895980834961,6.9764404296875,1.579891324043274,,,,,,,28.0,10.0,126.0,1.0,0.0,0.0,0.0,0.0,2025,2,Verano,Bosque abierto desconocido,1,1,1,1,8.88260430701125,5–10 m,834_gt3r_1238956,302157.3,5274973.1,BOSQUE_NW_02,operacional,SI,,2025-02-08,NO,1246.85,21.809,21.979,0.23,PASA
BOSQUE_NW_02(3),ATL08_20250208175114_08342609_007_01.h5,2025-02-08T17:51:14Z,gt3r,-71.4137954711914,-42.653175354003906,224272534.24517602,834.0,26.0,9.0,007,01,35710.0,0.0,1238961.0,1238965.0,1271.3311767578125,,10.570556640625,,10.648681640625,2.0750863552093506,,,,,,,26.0,1.0,126.0,1.0,0.0,0.0,0.0,0.0,2025,2,Verano,Bosque abierto desconocido,1,1,0,0,,10–20 m,834_gt3r_1238961,302147.7,5274873.6,BOSQUE_NW_02,operacional,SI,,2025-02-08,NO,1255.39,21.809,21.978,-5.87,DESCARTADO
BOSQUE_NW_02(3),ATL08_20250208175114_08342609_007_01.h5,2025-02-08T17:51:14Z,gt3r,-71.41393280029297,-42.65406799316406,224272534.25929788,834.0,26.0,9.0,007,01,35710.0,0.0,1238966.0,1238970.0,1261.4359130859375,,10.881103515625,,11.6182861328125,2.2958133220672607,,,,,,,46.0,2.0,126.0,1.0,0.0,0.0,0.0,0.0,2025,2,Verano,Bosque abierto desconocido,1,1,0,0,,10–20 m,834_gt3r_1238966,302139.2,5274774.2,BOSQUE_NW_02,operacional,SI,,2025-02-08,NO,1244.34,21.810,21.978,-4.72,PASA
BOSQUE_NW_02(3),ATL08_20250208175114_08342609_007_01.h5,2025-02-08T17:51:14Z,gt3r,-71.4140625,-42.65496063232422,224272534.27343377,834.0,26.0,9.0,007,01,35710.0,0.0,1238971.0,1238975.0,1252.8243408203125,,10.88916015625,,12.611328125,2.333636999130249,,,,,,,50.0,4.0,30.0,1.0,0.0,0.0,0.0,0.0,2025,2,Verano,Herbáceas,1,1,0,0,,10–20 m,834_gt3r_1238971,302131.4,5274674.8,BOSQUE_NW_02,operacional,SI,,2025-02-08,NO,1233.95,21.811,21.977,-2.94,PASA
BOSQUE_NW_02(3),ATL08_20250208175114_08342609_007_01.h5,2025-02-08T17:51:14Z,gt3r,-71.41472625732422,-42.65943145751953,224272534.34378666,834.0,26.0,9.0,007,01,35710.0,0.0,1238996.0,1239000.0,1228.3077392578125,111.58560180664062,10.3759765625,87.10792541503906,10.3759765625,2.7521979808807373,,,,,,,37.0,11.0,126.0,1.0,0.0,0.0,0.0,0.0,2025,2,Verano,Bosque abierto desconocido,1,1,1,1,8.395154411764706,10–20 m,834_gt3r_1238996,302091.2,5274176.7,BOSQUE_NW_02,operacional,SI,,2025-02-08,NO,1205.65,21.814,21.975,0.84,PASA
BOSQUE_NW_02(3),ATL08_20250208175114_08342609_007_01.h5,2025-02-08T17:51:14Z,gt3r,-71.41485595703125,-42.66032409667969,224272534.35786018,834.0,26.0,9.0,007,01,35710.0,0.0,1239001.0,1239005.0,1224.1322021484375,94.18379211425781,11.1893310546875,66.76311492919922,11.1893310546875,2.300266742706299,,,,,,,26.0,13.0,126.0,1.0,0.0,0.0,0.0,0.0,2025,2,Verano,Bosque abierto desconocido,1,1,1,1,5.966676167046682,10–20 m,834_gt3r_1239001,302083.4,5274077.3,BOSQUE_NW_02,operacional,SI,,2025-02-08,NO,1204.09,21.814,21.974,-1.77,PASA
BOSQUE_NW_02(3),ATL08_20250208175114_08342609_007_01.h5,2025-02-08T17:51:14Z,gt3r,-71.41649627685547,-42.672847747802734,224272534.5549056,834.0,26.0,9.0,007,01,35710.0,0.0,1239072.0,1239074.0,1227.08349609375,,21.8826904296875,,21.8826904296875,5.412901401519775,,,,,,,28.0,4.0,116.0,1.0,0.0,0.0,0.0,0.0,2025,2,Verano,Bosque cerrado desconocido,1,1,0,0,,20–30 m,834_gt3r_1239072,301988.8,5272682.7,BOSQUE_NW_02,operacional,SI,,2025-02-08,NO,1208.65,21.816,21.970,-3.38,PASA
BOSQUE_NW_02(3),ATL08_20250208175114_08342609_007_01.h5,2025-02-08T17:51:14Z,gt3r,-71.41667175292969,-42.673736572265625,224272534.5688075,834.0,26.0,9.0,007,01,35710.0,0.0,1239076.0,1239080.0,1224.57275390625,94.16079711914062,13.1480712890625,91.5729751586914,13.1480712890625,2.724335193634033,,,,,,,16.0,13.0,116.0,1.0,0.0,0.0,0.0,0.0,2025,2,Verano,Bosque cerrado desconocido,1,1,1,1,6.9647458661764565,10–20 m,834_gt3r_1239076,301977.2,5272583.6,BOSQUE_NW_02,operacional,SI,,2025-02-08,NO,1206.03,21.815,21.970,-3.27,PASA
BOSQUE_NW_02(3),ATL08_20250208175114_08342609_007_01.h5,2025-02-08T17:51:14Z,gt3r,-71.41718292236328,-42.67911911010742,224272534.65344977,834.0,26.0,9.0,007,01,35710.0,0.0,1239106.0,1239110.0,1161.4332275390625,,19.91455078125,,19.91455078125,5.960172176361084,,,,,,,28.0,2.0,112.0,1.0,0.0,0.0,0.0,0.0,2025,2,Verano,Bosque cerrado perennifolio latifolio,1,1,0,0,,10–20 m,834_gt3r_1239106,301952.4,5271984.6,BOSQUE_NW_02,operacional,SI,,2025-02-08,NO,1135.59,21.813,21.969,4.03,PASA
BOSQUE_NW_02(3),ATL08_20250208175114_08342609_007_01.h5,2025-02-08T17:51:14Z,gt3r,-71.41783905029297,-42.68539047241211,224272534.7520966,834.0,26.0,9.0,007,01,35710.0,0.0,1239141.0,1239145.0,1135.2642822265625,103.31853485107422,7.203125,42.351165771484375,7.62548828125,1.5887941122055054,,,,,,,36.0,11.0,20.0,1.0,0.0,0.0,0.0,0.0,2025,2,Verano,Arbustos,1,1,1,1,5.879554467190889,5–10 m,834_gt3r_1239141,301918.6,5271286.7,BOSQUE_NW_02,operacional,SI,,2025-02-08,NO,1114.58,21.811,21.967,-1.13,PASA
BOSQUE_NW_02(3),ATL08_20250208175114_08342609_007_01.h5,2025-02-08T17:51:14Z,gt3r,-71.41826629638672,-42.689876556396484,224272534.8224687,834.0,26.0,9.0,007,01,35710.0,0.0,1239166.0,1239170.0,1117.4261474609375,101.58024597167969,11.7855224609375,72.14790344238281,12.9437255859375,3.382174491882324,,,,,,,55.0,11.0,30.0,1.0,0.0,0.0,0.0,0.0,2025,2,Verano,Herbáceas,1,1,1,1,6.121739929775136,10–20 m,834_gt3r_1239166,301897.9,5270787.5,BOSQUE_NW_02,operacional,SI,,2025-02-08,NO,1096.18,21.809,21.964,-0.57,PASA
BOSQUE_NW_02(3),ATL08_20250510133034_08342709_007_01.h5,2025-05-10T13:30:34Z,gt2l,-71.41155242919922,-42.58869171142578,232119284.47290578,834.0,27.0,9.0,007,01,37097.0,1.0,1238603.0,1238607.0,1243.2301025390625,207.2285614013672,18.794189453125,196.70018005371094,18.794189453125,4.954996109008789,,,,,,,24.0,6.0,116.0,1.0,0.0,0.0,0.0,0.0,2025,5,Otoño,Bosque cerrado desconocido,1,1,1,1,10.466010281757836,10–20 m,834_gt2l_1238603,302127.3,5282039.7,BOSQUE_NW_02,operacional,SI,,2025-05-10,NO,1224.97,21.697,21.855,-3.43,PASA
BOSQUE_NW_02(3),ATL08_20250510133034_08342709_007_01.h5,2025-05-10T13:30:34Z,gt2l,-71.41293334960938,-42.599430084228516,232119284.6419741,834.0,27.0,9.0,007,01,37097.0,1.0,1238663.0,1238667.0,1290.007080078125,,23.0089111328125,,23.0089111328125,6.706150531768799,,,,,,,29.0,2.0,40.0,1.0,0.0,0.0,0.0,0.0,2025,5,Otoño,Cultivos/manejo,1,1,0,0,,20–30 m,834_gt2l_1238663,302048.0,5280844.0,BOSQUE_NW_02,operacional,SI,,2025-05-10,NO,1276.21,21.722,21.889,-7.93,DESCARTADO
BOSQUE_NW_02(3),ATL08_20250510133034_08342709_007_01.h5,2025-05-10T13:30:34Z,gt2l,-71.41500854492188,-42.614627838134766,232119284.88137016,834.0,27.0,9.0,007,01,37097.0,1.0,1238748.0,1238752.0,1224.9696044921875,,28.064453125,,28.064453125,7.983124256134033,,,,,,,32.0,5.0,112.0,1.0,0.0,0.0,0.0,0.0,2025,5,Otoño,Bosque cerrado perennifolio latifolio,1,1,0,0,,20–30 m,834_gt2l_1238748,301926.0,5279151.5,BOSQUE_NW_02,operacional,SI,,2025-05-10,NO,1210.53,21.757,21.932,-7.31,DESCARTADO
BOSQUE_NW_02(3),ATL08_20250510133034_08342709_007_01.h5,2025-05-10T13:30:34Z,gt2l,-71.41590881347656,-42.62088394165039,232119284.9799789,834.0,27.0,9.0,007,01,37097.0,1.0,1238784.0,1238787.0,1181.786865234375,73.92449188232422,17.4254150390625,99.0806655883789,17.4254150390625,5.0639190673828125,,,,,,,17.0,16.0,30.0,1.0,0.0,0.0,0.0,0.0,2025,5,Otoño,Herbáceas,1,1,1,1,5.685985978886016,10–20 m,834_gt2l_1238784,301872.0,5278454.6,BOSQUE_NW_02,operacional,SI,,2025-05-10,NO,1160.37,21.772,21.945,-0.36,PASA
BOSQUE_NW_02(3),ATL08_20250510133034_08342709_007_01.h5,2025-05-10T13:30:34Z,gt2l,-71.41788482666016,-42.6342887878418,232119285.1914128,834.0,27.0,9.0,007,01,37097.0,1.0,1238858.0,1238862.0,1236.442626953125,,21.0198974609375,,21.0198974609375,6.260206699371338,,,,,,,32.0,4.0,126.0,1.0,0.0,0.0,0.0,0.0,2025,5,Otoño,Bosque abierto desconocido,1,1,0,0,,20–30 m,834_gt2l_1238858,301752.5,5276961.4,BOSQUE_NW_02,operacional,SI,,2025-05-10,NO,1216.27,21.788,21.966,-1.62,PASA
BOSQUE_NW_02(3),ATL08_20250510133034_08342709_007_01.h5,2025-05-10T13:30:34Z,gt2l,-71.4188003540039,-42.64054489135742,232119285.2900343,834.0,27.0,9.0,007,01,37097.0,1.0,1238893.0,1238897.0,1224.4248046875,,16.7978515625,,16.7978515625,2.9172823429107666,,,,,,,23.0,2.0,20.0,1.0,0.0,0.0,0.0,0.0,2025,5,Otoño,Arbustos,1,1,0,0,,10–20 m,834_gt2l_1238893,301697.3,5276264.5,BOSQUE_NW_02,operacional,SI,,2025-05-10,NO,1206.32,21.793,21.970,-3.68,PASA
BOSQUE_NW_02(3),ATL08_20250510133034_08342709_007_01.h5,2025-05-10T13:30:34Z,gt2l,-71.42008209228516,-42.64948272705078,232119285.43098885,834.0,27.0,9.0,007,01,37097.0,1.0,1238944.0,1238947.0,1173.53759765625,,18.669189453125,,18.669189453125,4.44675350189209,,,,,,,25.0,4.0,20.0,1.0,0.0,0.0,0.0,0.0,2025,5,Otoño,Arbustos,1,1,0,0,,10–20 m,834_gt2l_1238944,301620.6,5275269.0,BOSQUE_NW_02,operacional,SI,,2025-05-10,NO,1150.76,21.800,21.976,0.97,PASA
BOSQUE_NW_02(3),ATL08_20250510133034_08342709_007_01.h5,2025-05-10T13:30:34Z,gt2l,-71.42129516601562,-42.658424377441406,232119285.57180503,834.0,27.0,9.0,007,01,37097.0,1.0,1238993.0,1238997.0,1238.5692138671875,,19.08642578125,,19.08642578125,4.8058576583862305,,,,,,,25.0,3.0,20.0,1.0,0.0,0.0,0.0,0.0,2025,5,Otoño,Arbustos,1,1,0,0,,10–20 m,834_gt2l_1238993,301549.6,5274273.1,BOSQUE_NW_02,operacional,SI,,2025-05-10,NO,1217.97,21.807,21.974,-1.21,PASA
BOSQUE_NW_02(3),ATL08_20250510133034_08342709_007_01.h5,2025-05-10T13:30:34Z,gt2l,-71.42174530029297,-42.66182327270508,232119285.6254001,834.0,27.0,9.0,007,01,37097.0,1.0,1239013.0,1239017.0,1226.421630859375,61.3494987487793,19.3297119140625,75.95899200439453,19.3297119140625,5.2850141525268555,,,,,,,32.0,20.0,30.0,1.0,0.0,0.0,0.0,0.0,2025,5,Otoño,Herbáceas,1,1,1,1,3.929649461000701,10–20 m,834_gt2l_1239013,301523.5,5273894.6,BOSQUE_NW_02,operacional,SI,,2025-05-10,NO,1204.37,21.810,21.973,0.24,PASA
BOSQUE_NW_02(3),ATL08_20250510133034_08342709_007_01.h5,2025-05-10T13:30:34Z,gt2l,-71.42223358154297,-42.66558074951172,232119285.68456084,834.0,27.0,9.0,007,01,37097.0,1.0,1239033.0,1239037.0,1224.1278076171875,68.01594543457031,20.93017578125,79.30596923828125,20.93017578125,7.28472900390625,,,,,,,20.0,18.0,30.0,1.0,0.0,0.0,0.0,0.0,2025,5,Otoño,Herbáceas,1,1,1,1,3.7890732532369067,20–30 m,834_gt2l_1239033,301495.5,5273476.2,BOSQUE_NW_02,operacional,SI,,2025-05-10,NO,1203.17,21.813,21.972,-0.85,PASA
BOSQUE_NW_02(3),ATL08_20250510133034_08342709_007_01.h5,2025-05-10T13:30:34Z,gt2l,-71.42256927490234,-42.66826629638672,232119285.7267505,834.0,27.0,9.0,007,01,37097.0,1.0,1239048.0,1239051.0,1227.9476318359375,,18.22021484375,,18.22021484375,4.91660213470459,,,,,,,38.0,1.0,126.0,1.0,0.0,0.0,0.0,0.0,2025,5,Otoño,Bosque abierto desconocido,1,1,0,0,,10–20 m,834_gt2l_1239048,301476.5,5273177.2,BOSQUE_NW_02,operacional,SI,,2025-05-10,NO,1208.57,21.813,21.971,-2.44,PASA
BOSQUE_NW_02(3),ATL08_20250510133034_08342709_007_01.h5,2025-05-10T13:30:34Z,gt2r,-71.40983581542969,-42.56696319580078,232119284.4824183,834.0,27.0,9.0,007,01,37097.0,1.0,1238482.0,1238486.0,1122.1683349609375,70.20232391357422,8.06884765625,24.854759216308594,8.6690673828125,1.9058259725570679,,,,,,,28.0,16.0,116.0,1.0,0.0,0.0,0.0,0.0,2025,5,Otoño,Bosque cerrado desconocido,1,1,1,1,3.080335665658094,5–10 m,834_gt2r_1238482,302199.5,5284456.7,BOSQUE_NW_02,operacional,SI,,2025-05-10,NO,1098.83,21.628,21.789,1.71,PASA
BOSQUE_NW_02(3),ATL08_20250510133034_08342709_007_01.h5,2025-05-10T13:30:34Z,gt2r,-71.40994262695312,-42.5678596496582,232119284.4965116,834.0,27.0,9.0,007,01,37097.0,1.0,1238487.0,1238491.0,1138.764404296875,32.52877426147461,4.5755615234375,26.435789108276367,5.1932373046875,1.050290584564209,,,,,,,26.0,35.0,116.0,1.0,0.0,0.0,0.0,0.0,2025,5,Otoño,Bosque cerrado desconocido,1,1,1,1,5.777605431128778,2–5 m,834_gt2r_1238487,302193.5,5284356.9,BOSQUE_NW_02,operacional,SI,,2025-05-10,NO,1114.57,21.631,21.791,2.57,PASA
BOSQUE_NW_02(3),ATL08_20250510133034_08342709_007_01.h5,2025-05-10T13:30:34Z,gt2r,-71.41051483154297,-42.57233428955078,232119284.56706896,834.0,27.0,9.0,007,01,37097.0,1.0,1238512.0,1238516.0,1208.83740234375,,6.669921875,,8.3260498046875,1.63069748878479,,,,,,,47.0,8.0,126.0,1.0,0.0,0.0,0.0,0.0,2025,5,Otoño,Bosque abierto desconocido,1,1,0,0,,5–10 m,834_gt2r_1238512,302160.7,5283858.6,BOSQUE_NW_02,operacional,SI,,2025-05-10,NO,1187.57,21.646,21.804,-0.37,PASA
BOSQUE_NW_02(3),ATL08_20250510133034_08342709_007_01.h5,2025-05-10T13:30:34Z,gt2r,-71.41062927246094,-42.57322692871094,232119284.5810522,834.0,27.0,9.0,007,01,37097.0,1.0,1238517.0,1238521.0,1206.984375,60.344566345214844,10.7490234375,46.23706817626953,10.9576416015625,2.218146562576294,,,,,,,50.0,20.0,116.0,1.0,0.0,0.0,0.0,0.0,2025,5,Otoño,Bosque cerrado desconocido,1,1,1,1,4.301513383528664,10–20 m,834_gt2r_1238517,302154.2,5283759.2,BOSQUE_NW_02,operacional,SI,,2025-05-10,NO,1185.13,21.649,21.807,0.20,PASA
BOSQUE_NW_02(3),ATL08_20250510133034_08342709_007_01.h5,2025-05-10T13:30:34Z,gt2r,-71.41110229492188,-42.576805114746094,232119284.6372948,834.0,27.0,9.0,007,01,37097.0,1.0,1238537.0,1238541.0,1212.252197265625,,21.1856689453125,,21.8275146484375,6.196438312530518,,,,,,,64.0,8.0,116.0,1.0,0.0,0.0,0.0,0.0,2025,5,Otoño,Bosque cerrado desconocido,1,1,0,0,,20–30 m,834_gt2r_1238537,302126.7,5283360.8,BOSQUE_NW_02,operacional,SI,,2025-05-10,NO,1193.94,21.660,21.818,-3.35,PASA
BOSQUE_NW_02(3),ATL08_20250510133034_08342709_007_01.h5,2025-05-10T13:30:34Z,gt2r,-71.41120910644531,-42.577701568603516,232119284.65140098,834.0,27.0,9.0,007,01,37097.0,1.0,1238542.0,1238546.0,1194.7642822265625,,27.0997314453125,,29.31591796875,7.116207599639893,,,,,,,55.0,6.0,112.0,1.0,0.0,0.0,0.0,0.0,2025,5,Otoño,Bosque cerrado perennifolio latifolio,1,1,0,0,,20–30 m,834_gt2r_1238542,302120.7,5283261.0,BOSQUE_NW_02,operacional,SI,,2025-05-10,NO,1181.58,21.663,21.820,-8.48,DESCARTADO
BOSQUE_NW_02(3),ATL08_20250510133034_08342709_007_01.h5,2025-05-10T13:30:34Z,gt2r,-71.41168975830078,-42.58127975463867,232119284.70789742,834.0,27.0,9.0,007,01,37097.0,1.0,1238562.0,1238566.0,1164.537353515625,46.633113861083984,4.416748046875,34.37202072143555,4.6221923828125,0.9462931156158447,,,,,,,42.0,25.0,116.0,1.0,0.0,0.0,0.0,0.0,2025,5,Otoño,Bosque cerrado desconocido,1,1,1,1,7.782200921729037,2–5 m,834_gt2r_1238562,302092.6,5282862.5,BOSQUE_NW_02,operacional,SI,,2025-05-10,NO,1143.86,21.675,21.831,-1.00,PASA
BOSQUE_NW_02(3),ATL08_20250510133034_08342709_007_01.h5,2025-05-10T13:30:34Z,gt2r,-71.41205596923828,-42.583961486816406,232119284.75019863,834.0,27.0,9.0,007,01,37097.0,1.0,1238577.0,1238581.0,1181.3035888671875,,11.6317138671875,,14.7607421875,2.6115074157714844,,,,,,,67.0,4.0,116.0,1.0,0.0,0.0,0.0,0.0,2025,5,Otoño,Bosque cerrado desconocido,1,1,0,0,,10–20 m,834_gt2r_1238577,302071.0,5282563.8,BOSQUE_NW_02,operacional,SI,,2025-05-10,NO,1161.37,21.684,21.839,-1.75,PASA
BOSQUE_NW_02(3),ATL08_20250510133034_08342709_007_01.h5,2025-05-10T13:30:34Z,gt2r,-71.41278839111328,-42.589324951171875,232119284.83446708,834.0,27.0,9.0,007,01,37097.0,1.0,1238607.0,1238611.0,1236.052001953125,,10.5260009765625,,11.0015869140625,2.2119832038879395,,,,,,,26.0,4.0,116.0,1.0,0.0,0.0,0.0,0.0,2025,5,Otoño,Bosque cerrado desconocido,1,1,0,0,,10–20 m,834_gt2r_1238607,302027.9,5281966.5,BOSQUE_NW_02,operacional,SI,,2025-05-10,NO,1220.65,21.696,21.856,-6.29,DESCARTADO
BOSQUE_NW_02(3),ATL08_20250510133034_08342709_007_01.h5,2025-05-10T13:30:34Z,gt2r,-71.41394805908203,-42.59737014770508,232119284.96146262,834.0,27.0,9.0,007,01,37097.0,1.0,1238652.0,1238656.0,1269.1195068359375,35.25912857055664,11.6180419921875,48.7960090637207,14.805419921875,2.9559366703033447,,,,,,,56.0,36.0,40.0,1.0,0.0,0.0,0.0,0.0,2025,5,Otoño,Cultivos/manejo,1,1,1,1,4.2000200288941425,10–20 m,834_gt2r_1238652,301958.2,5281070.4,BOSQUE_NW_02,operacional,SI,,2025-05-10,NO,1247.40,21.715,21.881,0.01,PASA
BOSQUE_NW_02(3),ATL08_20250510133034_08342709_007_01.h5,2025-05-10T13:30:34Z,gt2r,-71.41565704345703,-42.608985900878906,232119285.14452934,834.0,27.0,9.0,007,01,37097.0,1.0,1238717.0,1238721.0,1284.020751953125,,32.2362060546875,,32.6300048828125,8.631192207336426,,,,,,,60.0,7.0,112.0,1.0,0.0,0.0,0.0,0.0,2025,5,Otoño,Bosque cerrado perennifolio latifolio,1,1,0,0,,>30 m,834_gt2r_1238717,301854.9,5279776.5,BOSQUE_NW_02,operacional,SI,,2025-05-10,NO,1269.80,21.742,21.915,-7.52,DESCARTADO
BOSQUE_NW_02(3),ATL08_20250510133034_08342709_007_01.h5,2025-05-10T13:30:34Z,gt2r,-71.41577911376953,-42.60987854003906,232119285.15859717,834.0,27.0,9.0,007,01,37097.0,1.0,1238722.0,1238726.0,1281.880126953125,,26.7728271484375,,31.600341796875,6.67093563079834,,,,,,,81.0,3.0,112.0,1.0,0.0,0.0,0.0,0.0,2025,5,Otoño,Bosque cerrado perennifolio latifolio,1,1,0,0,,20–30 m,834_gt2r_1238722,301847.7,5279677.1,BOSQUE_NW_02,operacional,SI,,2025-05-10,NO,1264.50,21.744,21.917,-4.36,PASA
BOSQUE_NW_02(3),ATL08_20250510133034_08342709_007_01.h5,2025-05-10T13:30:34Z,gt2r,-71.41683197021484,-42.617027282714844,232119285.27148595,834.0,27.0,9.0,007,01,37097.0,1.0,1238762.0,1238766.0,1197.40673828125,,23.0618896484375,,23.2518310546875,7.0845208168029785,,,,,,,64.0,7.0,112.0,1.0,0.0,0.0,0.0,0.0,2025,5,Otoño,Bosque cerrado perennifolio latifolio,1,1,0,0,,20–30 m,834_gt2r_1238762,301784.0,5278880.7,BOSQUE_NW_02,operacional,SI,,2025-05-10,NO,1185.26,21.761,21.938,-9.61,DESCARTADO
BOSQUE_NW_02(3),ATL08_20250510133034_08342709_007_01.h5,2025-05-10T13:30:34Z,gt2r,-71.41722106933594,-42.61970901489258,232119285.31367302,834.0,27.0,9.0,007,01,37097.0,1.0,1238777.0,1238781.0,1167.3131103515625,35.411075592041016,4.8787841796875,35.95390701293945,4.8787841796875,1.050864815711975,,,,,,,29.0,33.0,116.0,1.0,0.0,0.0,0.0,0.0,2025,5,Otoño,Bosque cerrado desconocido,1,1,1,1,7.369439944203968,2–5 m,834_gt2r_1238777,301760.6,5278582.0,BOSQUE_NW_02,operacional,SI,,2025-05-10,NO,1146.01,21.767,21.942,-0.47,PASA
BOSQUE_NW_02(3),ATL08_20250510133034_08342709_007_01.h5,2025-05-10T13:30:34Z,gt2r,-71.41898345947266,-42.632225036621094,232119285.5109712,834.0,27.0,9.0,007,01,37097.0,1.0,1238847.0,1238851.0,1222.6575927734375,,7.054931640625,,7.7689208984375,1.3422297239303589,,,,,,,39.0,5.0,30.0,1.0,0.0,0.0,0.0,0.0,2025,5,Otoño,Herbáceas,1,1,0,0,,5–10 m,834_gt2r_1238847,301655.8,5277188.0,BOSQUE_NW_02,operacional,SI,,2025-05-10,NO,1204.82,21.785,21.963,-3.95,PASA
BOSQUE_NW_02(3),ATL08_20250510133034_08342709_007_01.h5,2025-05-10T13:30:34Z,gt2r,-71.4197006225586,-42.63759231567383,232119285.59538785,834.0,27.0,9.0,007,01,37097.0,1.0,1238877.0,1238881.0,1204.884765625,35.47322082519531,7.18115234375,37.1223030090332,7.5499267578125,1.556810736656189,,,,,,,43.0,34.0,126.0,1.0,0.0,0.0,0.0,0.0,2025,5,Otoño,Bosque abierto desconocido,1,1,1,1,5.169407531277623,5–10 m,834_gt2r_1238877,301614.1,5276590.3,BOSQUE_NW_02,operacional,SI,,2025-05-10,NO,1184.43,21.789,21.968,-1.34,PASA
BOSQUE_NW_02(3),ATL08_20250510133034_08342709_007_01.h5,2025-05-10T13:30:34Z,gt2r,-71.42017364501953,-42.641170501708984,232119285.65193138,834.0,27.0,9.0,007,01,37097.0,1.0,1238897.0,1238901.0,1202.6661376953125,50.1194953918457,3.3248291015625,34.74980545043945,3.824462890625,0.7383552193641663,,,,,,,43.0,24.0,126.0,1.0,0.0,0.0,0.0,0.0,2025,5,Otoño,Bosque abierto desconocido,1,1,1,1,10.45160650034879,2–5 m,834_gt2r_1238897,301586.7,5276191.8,BOSQUE_NW_02,operacional,SI,,2025-05-10,NO,1182.30,21.792,21.970,-1.43,PASA
BOSQUE_NW_02(3),ATL08_20250510133034_08342709_007_01.h5,2025-05-10T13:30:34Z,gt2r,-71.42040252685547,-42.64295959472656,232119285.6799295,834.0,27.0,9.0,007,01,37097.0,1.0,1238907.0,1238911.0,1197.535400390625,56.9866943359375,3.83447265625,26.482656478881836,7.076171875,0.9750115275382996,,,,,,,52.0,21.0,116.0,1.0,0.0,0.0,0.0,0.0,2025,5,Otoño,Bosque cerrado desconocido,1,1,1,1,6.906466378294919,2–5 m,834_gt2r_1238907,301573.6,5275992.6,BOSQUE_NW_02,operacional,SI,,2025-05-10,NO,1176.68,21.793,21.972,-0.94,PASA
BOSQUE_NW_02(3),ATL08_20250510133034_08342709_007_01.h5,2025-05-10T13:30:34Z,gt2r,-71.42051696777344,-42.64385223388672,232119285.693974,834.0,27.0,9.0,007,01,37097.0,1.0,1238912.0,1238916.0,1180.29443359375,,25.671875,,28.91748046875,7.803597927093506,,,,,,,61.0,9.0,116.0,1.0,0.0,0.0,0.0,0.0,2025,5,Otoño,Bosque cerrado desconocido,1,1,0,0,,20–30 m,834_gt2r_1238912,301567.1,5275893.2,BOSQUE_NW_02,operacional,SI,,2025-05-10,NO,1168.84,21.794,21.972,-10.33,DESCARTADO
BOSQUE_NW_02(3),ATL08_20250510133034_08342709_007_01.h5,2025-05-10T13:30:34Z,gt2r,-71.42118072509766,-42.64922332763672,232119285.7786534,834.0,27.0,9.0,007,01,37097.0,1.0,1238942.0,1238946.0,1164.2789306640625,33.271942138671875,6.01025390625,23.900157928466797,6.5341796875,1.2008835077285767,,,,,,,40.0,35.0,20.0,1.0,0.0,0.0,0.0,0.0,2025,5,Otoño,Arbustos,1,1,1,1,3.9765637693963765,5–10 m,834_gt2r_1238942,301529.7,5275295.2,BOSQUE_NW_02,operacional,SI,,2025-05-10,NO,1143.04,21.798,21.976,-0.56,PASA
BOSQUE_NW_02(3),ATL08_20250510133034_08342709_007_01.h5,2025-05-10T13:30:34Z,gt2r,-71.42172241210938,-42.6536979675293,232119285.8489712,834.0,27.0,9.0,007,01,37097.0,1.0,1238967.0,1238971.0,1231.301025390625,123.17286682128906,8.085205078125,21.28830337524414,9.130859375,2.345630645751953,,,,,,,40.0,10.0,126.0,1.0,0.0,0.0,0.0,0.0,2025,5,Otoño,Bosque abierto desconocido,1,1,1,1,2.6329948553612947,5–10 m,834_gt2r_1238967,301499.6,5274797.0,BOSQUE_NW_02,operacional,SI,,2025-05-10,NO,1212.29,21.802,21.975,-2.79,PASA
BOSQUE_NW_02(3),ATL08_20250510133034_08342709_007_01.h5,2025-05-10T13:30:34Z,gt2r,-71.42204284667969,-42.6563835144043,232119285.8911164,834.0,27.0,9.0,007,01,37097.0,1.0,1238982.0,1238986.0,1233.4771728515625,,9.1827392578125,,9.631591796875,1.5757956504821777,,,,,,,34.0,8.0,126.0,1.0,0.0,0.0,0.0,0.0,2025,5,Otoño,Bosque abierto desconocido,1,1,0,0,,5–10 m,834_gt2r_1238982,301481.8,5274498.0,BOSQUE_NW_02,operacional,SI,,2025-05-10,NO,1213.35,21.804,21.975,-1.68,PASA
BOSQUE_NW_02(3),ATL08_20250510133034_08342709_007_01.h5,2025-05-10T13:30:34Z,gt2r,-71.42214965820312,-42.65727996826172,232119285.90521386,834.0,27.0,9.0,007,01,37097.0,1.0,1238987.0,1238991.0,1229.468505859375,36.17349624633789,5.9566650390625,29.01698112487793,5.9716796875,1.0145705938339233,,,,,,,44.0,34.0,116.0,1.0,0.0,0.0,0.0,0.0,2025,5,Otoño,Bosque cerrado desconocido,1,1,1,1,4.871346791298645,5–10 m,834_gt2r_1238987,301475.9,5274398.2,BOSQUE_NW_02,operacional,SI,,2025-05-10,NO,1208.99,21.805,21.974,-1.32,PASA
BOSQUE_NW_02(3),ATL08_20250510133034_08342709_007_01.h5,2025-05-10T13:30:34Z,gt3l,-71.4492416381836,-42.56850051879883,232119284.1822606,834.0,27.0,9.0,007,01,37097.0,1.0,1238506.0,1238510.0,930.2177734375,115.94701385498047,17.34625244140625,110.33338165283203,17.34625244140625,4.483661651611328,,,,,,,37.0,8.0,126.0,1.0,0.0,0.0,0.0,0.0,2025,5,Otoño,Bosque abierto desconocido,1,1,1,1,6.360646602228704,10–20 m,834_gt3l_1238506,298969.8,5284193.1,BOSQUE_NW_02,operacional,SI,,2025-05-10,NO,906.54,21.564,21.745,2.11,PASA
BOSQUE_NW_02(3),ATL08_20250510133034_08342709_007_01.h5,2025-05-10T13:30:34Z,gt3l,-71.44934844970703,-42.56939697265625,232119284.1963565,834.0,27.0,9.0,007,01,37097.0,1.0,1238511.0,1238515.0,935.4037475585938,,9.350341796875,,9.350341796875,1.769709587097168,,,,,,,27.0,1.0,126.0,1.0,0.0,0.0,0.0,0.0,2025,5,Otoño,Bosque abierto desconocido,1,1,0,0,,5–10 m,834_gt3l_1238511,298963.9,5284093.3,BOSQUE_NW_02,operacional,SI,,2025-05-10,NO,912.52,21.567,21.748,1.32,PASA
BOSQUE_NW_02(3),ATL08_20250510133034_08342709_007_01.h5,2025-05-10T13:30:34Z,gt3l,-71.45030975341797,-42.57745361328125,232119284.32329592,834.0,27.0,9.0,007,01,37097.0,1.0,1238556.0,1238560.0,995.2179565429688,,23.388427734375,,23.388427734375,3.973461627960205,,,,,,,36.0,3.0,20.0,1.0,0.0,0.0,0.0,0.0,2025,5,Otoño,Arbustos,1,1,0,0,,20–30 m,834_gt3l_1238556,298910.9,5283196.3,BOSQUE_NW_02,operacional,SI,,2025-05-10,NO,979.80,21.595,21.773,-6.17,DESCARTADO
BOSQUE_NW_02(3),ATL08_20250510133034_08342709_007_01.h5,2025-05-10T13:30:34Z,gt3l,-71.4504165649414,-42.57835006713867,232119284.33740023,834.0,27.0,9.0,007,01,37097.0,1.0,1238561.0,1238565.0,1016.3273315429688,92.534912109375,17.21575927734375,90.37767028808594,17.21575927734375,3.2997119426727295,,,,,,,32.0,11.0,20.0,1.0,0.0,0.0,0.0,0.0,2025,5,Otoño,Arbustos,1,1,1,1,5.249705739497913,10–20 m,834_gt3l_1238561,298905.0,5283096.5,BOSQUE_NW_02,operacional,SI,,2025-05-10,NO,997.02,21.598,21.776,-2.29,PASA
BOSQUE_NW_02(3),ATL08_20250510133034_08342709_007_01.h5,2025-05-10T13:30:34Z,gt3r,-71.44915771484375,-42.55965805053711,232119284.39569753,834.0,27.0,9.0,007,01,37097.0,1.0,1238457.0,1238461.0,841.3296508789062,,13.8365478515625,,16.14849853515625,3.352609395980835,,,,,,,98.0,6.0,126.0,1.0,0.0,0.0,0.0,0.0,2025,5,Otoño,Bosque abierto desconocido,1,1,0,0,,10–20 m,834_gt3r_1238457,298948.3,5285175.3,BOSQUE_NW_02,operacional,SI,,2025-05-10,NO,823.22,21.532,21.718,-3.42,PASA
BOSQUE_NW_02(3),ATL08_20250510133034_08342709_007_01.h5,2025-05-10T13:30:34Z,gt3r,-71.45083618164062,-42.573081970214844,232119284.60706916,834.0,27.0,9.0,007,01,37097.0,1.0,1238532.0,1238536.0,949.865234375,50.008358001708984,7.44970703125,20.09673309326172,10.4886474609375,1.7449445724487305,,,,,,,62.0,19.0,20.0,1.0,0.0,0.0,0.0,0.0,2025,5,Otoño,Arbustos,1,1,1,1,2.697654150553844,5–10 m,834_gt3r_1238532,298853.6,5283680.6,BOSQUE_NW_02,operacional,SI,,2025-05-10,NO,929.18,21.578,21.759,-0.89,PASA
BOSQUE_NW_02(3),ATL08_20251209153552_13142913_007_01.h5,2025-12-09T15:35:52Z,gt1l,-71.41423034667969,-42.64409255981445,250529875.20178938,1314.0,29.0,13.0,007,01,40351.0,0.0,1770026.0,1770030.0,1208.929931640625,30.98301887512207,4.941162109375,20.37546730041504,8.1217041015625,1.0853312015533447,,,,,,,144.0,39.0,30.0,1.0,0.0,0.0,0.0,0.0,2025,12,Verano,Herbáceas,1,1,1,1,4.123618462498147,2–5 m,1314_gt1l_1770026,302083.2,5275881.3,BOSQUE_NW_02,operacional,SI,,2025-12-09,NO,1188.82,21.801,21.975,-1.69,PASA
BOSQUE_NW_02(3),ATL08_20251209153552_13142913_007_01.h5,2025-12-09T15:35:52Z,gt1l,-71.41481018066406,-42.63962173461914,250529875.27220255,1314.0,29.0,13.0,007,01,40351.0,0.0,1770051.0,1770055.0,1245.17919921875,13.83554458618164,10.0989990234375,16.19255256652832,11.1229248046875,2.0118815898895264,,,,,,,146.0,90.0,126.0,1.0,0.0,0.0,0.0,0.0,2025,12,Verano,Bosque abierto desconocido,1,1,1,1,1.6033819321052567,10–20 m,1314_gt1l_1770051,302021.5,5276376.4,BOSQUE_NW_02,operacional,SI,,2025-12-09,NO,1223.71,21.797,21.971,-0.32,PASA
BOSQUE_NW_02(3),ATL08_20251209153552_13142913_007_01.h5,2025-12-09T15:35:52Z,gt1l,-71.41493225097656,-42.63872528076172,250529875.28635257,1314.0,29.0,13.0,007,01,40351.0,0.0,1770056.0,1770060.0,1241.6671142578125,28.230751037597656,6.7774658203125,16.59042739868164,10.8194580078125,1.4415066242218018,,,,,,,99.0,44.0,126.0,1.0,0.0,0.0,0.0,0.0,2025,12,Verano,Bosque abierto desconocido,1,1,1,1,2.44788064426073,5–10 m,1314_gt1l_1770056,302008.6,5276475.6,BOSQUE_NW_02,operacional,SI,,2025-12-09,NO,1221.69,21.796,21.970,-1.81,PASA
BOSQUE_NW_02(3),ATL08_20251209153552_13142913_007_01.h5,2025-12-09T15:35:52Z,gt1l,-71.41561889648438,-42.633358001708984,250529875.37104675,1314.0,29.0,13.0,007,01,40351.0,0.0,1770086.0,1770090.0,1260.694091796875,125.8940658569336,17.2489013671875,24.466039657592773,19.1053466796875,4.353895664215088,,,,,,,109.0,10.0,126.0,1.0,0.0,0.0,0.0,0.0,2025,12,Verano,Bosque abierto desconocido,1,1,1,1,1.4184114765786997,10–20 m,1314_gt1l_1770086,301935.3,5277070.1,BOSQUE_NW_02,operacional,SI,,2025-12-09,NO,1239.11,21.790,21.966,-0.20,PASA
BOSQUE_NW_02(3),ATL08_20251209153552_13142913_007_01.h5,2025-12-09T15:35:52Z,gt1l,-71.41748809814453,-42.619049072265625,250529875.59659895,1314.0,29.0,13.0,007,01,40351.0,0.0,1770166.0,1770170.0,1178.1627197265625,34.62711715698242,6.2625732421875,16.19666862487793,8.4127197265625,1.4838674068450928,,,,,,,97.0,34.0,116.0,1.0,0.0,0.0,0.0,0.0,2025,12,Verano,Bosque cerrado desconocido,1,1,1,1,2.586264143909713,5–10 m,1314_gt1l_1770166,301736.6,5278654.7,BOSQUE_NW_02,operacional,SI,,2025-12-09,NO,1159.18,21.765,21.941,-2.78,PASA
BOSQUE_NW_02(3),ATL08_20251209153552_13142913_007_01.h5,2025-12-09T15:35:52Z,gt1l,-71.41828155517578,-42.61278533935547,250529875.69540933,1314.0,29.0,13.0,007,01,40351.0,0.0,1770201.0,1770205.0,1250.2294921875,,21.483642578125,,23.674072265625,6.613834381103516,,,,,,,163.0,8.0,112.0,1.0,0.0,0.0,0.0,0.0,2025,12,Verano,Bosque cerrado perennifolio latifolio,1,1,0,0,,20–30 m,1314_gt1l_1770201,301651.6,5279348.4,BOSQUE_NW_02,operacional,SI,,2025-12-09,NO,1234.12,21.748,21.924,-5.64,DESCARTADO
BOSQUE_NW_02(3),ATL08_20251209153552_13142913_007_01.h5,2025-12-09T15:35:52Z,gt1l,-71.41899108886719,-42.607421875,250529875.77978343,1314.0,29.0,13.0,007,01,40351.0,0.0,1770231.0,1770235.0,1250.95556640625,,24.62353515625,,25.431884765625,6.9226603507995605,,,,,,,142.0,8.0,112.0,1.0,0.0,0.0,0.0,0.0,2025,12,Verano,Bosque cerrado perennifolio latifolio,1,1,0,0,,20–30 m,1314_gt1l_1770231,301576.4,5279942.4,BOSQUE_NW_02,operacional,SI,,2025-12-09,NO,1238.62,21.733,21.907,-9.40,DESCARTADO
BOSQUE_NW_02(3),ATL08_20251209153552_13142913_007_01.h5,2025-12-09T15:35:52Z,gt1l,-71.42039489746094,-42.59668731689453,250529875.94879428,1314.0,29.0,13.0,007,01,40351.0,0.0,1770291.0,1770295.0,1267.209228515625,40.94059753417969,8.49609375,14.49401569366455,11.2718505859375,2.075937271118164,,,,,,,130.0,31.0,30.0,1.0,0.0,0.0,0.0,0.0,2025,12,Verano,Herbáceas,1,1,1,1,1.7059623069324712,5–10 m,1314_gt1l_1770291,301427.1,5281131.1,BOSQUE_NW_02,operacional,SI,,2025-12-09,NO,1249.36,21.703,21.872,-3.85,PASA
BOSQUE_NW_02(3),ATL08_20251209153552_13142913_007_01.h5,2025-12-09T15:35:52Z,gt1l,-71.42094421386719,-42.59221267700195,250529876.0192039,1314.0,29.0,13.0,007,01,40351.0,0.0,1770316.0,1770320.0,1309.4486083984375,,28.7315673828125,,30.8419189453125,7.555129528045654,,,,,,,174.0,3.0,116.0,1.0,0.0,0.0,0.0,0.0,2025,12,Verano,Bosque cerrado desconocido,1,1,0,0,,20–30 m,1314_gt1l_1770316,301367.9,5281626.7,BOSQUE_NW_02,operacional,SI,,2025-12-09,NO,1301.04,21.690,21.856,-13.28,DESCARTADO
BOSQUE_NW_02(3),ATL08_20251209153552_13142913_007_01.h5,2025-12-09T15:35:52Z,gt1l,-71.4216537475586,-42.586849212646484,250529876.10377064,1314.0,29.0,13.0,007,01,40351.0,0.0,1770346.0,1770350.0,1225.610107421875,81.59733581542969,9.759521484375,16.219890594482422,10.78125,2.0701637268066406,,,,,,,97.0,15.0,20.0,1.0,0.0,0.0,0.0,0.0,2025,12,Verano,Arbustos,1,1,1,1,1.6619555190744215,5–10 m,1314_gt1l_1770346,301292.6,5282220.7,BOSQUE_NW_02,operacional,SI,,2025-12-09,NO,1203.12,21.675,21.837,0.82,PASA
BOSQUE_NW_02(3),ATL08_20251209153552_13142913_007_01.h5,2025-12-09T15:35:52Z,gt1l,-71.42212677001953,-42.58327102661133,250529876.16004053,1314.0,29.0,13.0,007,01,40351.0,0.0,1770366.0,1770370.0,1147.05908203125,42.507686614990234,8.8585205078125,14.648393630981445,9.782470703125,2.015306234359741,,,,,,,95.0,27.0,116.0,1.0,0.0,0.0,0.0,0.0,2025,12,Verano,Bosque cerrado desconocido,1,1,1,1,1.6535936918656726,5–10 m,1314_gt1l_1770366,301242.4,5282616.9,BOSQUE_NW_02,operacional,SI,,2025-12-09,NO,1121.26,21.665,21.824,4.13,PASA
BOSQUE_NW_02(3),ATL08_20251209153552_13142913_007_01.h5,2025-12-09T15:35:52Z,gt1l,-71.42272186279297,-42.578800201416016,250529876.23056164,1314.0,29.0,13.0,007,01,40351.0,0.0,1770391.0,1770395.0,1102.075927734375,,16.0380859375,,18.1688232421875,3.2265031337738037,,,,,,,76.0,3.0,116.0,1.0,0.0,0.0,0.0,0.0,2025,12,Verano,Bosque cerrado desconocido,1,1,0,0,,10–20 m,1314_gt1l_1770391,301179.4,5283112.0,BOSQUE_NW_02,operacional,SI,,2025-12-09,NO,1085.99,21.647,21.808,-5.57,DESCARTADO
BOSQUE_NW_02(3),ATL08_20251209153552_13142913_007_01.h5,2025-12-09T15:35:52Z,gt1l,-71.42375183105469,-42.57074737548828,250529876.35747132,1314.0,29.0,13.0,007,01,40351.0,0.0,1770436.0,1770440.0,1181.253662109375,84.25769805908203,21.5697021484375,19.944961547851562,24.2919921875,5.146406173706055,,,,,,,129.0,14.0,116.0,1.0,0.0,0.0,0.0,0.0,2025,12,Verano,Bosque cerrado desconocido,1,1,1,1,0.9246748708255281,20–30 m,1314_gt1l_1770436,301069.2,5284003.8,BOSQUE_NW_02,operacional,SI,,2025-12-09,NO,1160.95,21.616,21.781,-1.31,PASA
BOSQUE_NW_02(3),ATL08_20251209153552_13142913_007_01.h5,2025-12-09T15:35:52Z,gt1l,-71.42422485351562,-42.567169189453125,250529876.41403714,1314.0,29.0,13.0,007,01,40351.0,0.0,1770456.0,1770460.0,1089.556884765625,27.168380737304688,5.4976806640625,16.934364318847656,7.018798828125,1.1657016277313232,,,,,,,66.0,40.0,20.0,1.0,0.0,0.0,0.0,0.0,2025,12,Verano,Arbustos,1,1,1,1,3.080274274485423,5–10 m,1314_gt1l_1770456,301019.0,5284400.1,BOSQUE_NW_02,operacional,SI,,2025-12-09,NO,1064.81,21.603,21.769,3.14,PASA
BOSQUE_NW_02(3),ATL08_20251209153552_13142913_007_01.h5,2025-12-09T15:35:52Z,gt1l,-71.42481994628906,-42.56269836425781,250529876.48441583,1314.0,29.0,13.0,007,01,40351.0,0.0,1770481.0,1770485.0,977.0796508789062,89.36151123046875,14.12493896484375,12.429612159729004,14.8922119140625,3.950443983078003,,,,,,,93.0,11.0,20.0,1.0,0.0,0.0,0.0,0.0,2025,12,Verano,Arbustos,1,1,1,1,0.879976344723731,10–20 m,1314_gt1l_1770481,300955.9,5284895.2,BOSQUE_NW_02,operacional,SI,,2025-12-09,NO,960.97,21.585,21.755,-5.47,DESCARTADO
BOSQUE_NW_02(3),ATL08_20251209153552_13142913_007_01.h5,2025-12-09T15:35:52Z,gt1l,-71.42516326904297,-42.56001663208008,250529876.5267196,1314.0,29.0,13.0,007,01,40351.0,0.0,1770496.0,1770500.0,941.0144653320312,,9.9920654296875,,11.8048095703125,2.101679801940918,,,,,,,104.0,9.0,126.0,1.0,0.0,0.0,0.0,0.0,2025,12,Verano,Bosque abierto desconocido,1,1,0,0,,5–10 m,1314_gt1l_1770496,300919.2,5285192.1,BOSQUE_NW_02,operacional,SI,,2025-12-09,NO,920.68,21.575,21.747,-1.24,PASA
BOSQUE_NW_02(3),ATL08_20251209153552_13142913_007_01.h5,2025-12-09T15:35:52Z,gt1r,-71.41287231445312,-42.64562225341797,250529875.52847308,1314.0,29.0,13.0,007,01,40351.0,0.0,1770017.0,1770020.0,1170.0242919921875,,30.9744873046875,,30.9744873046875,7.146301746368408,,,,,,,15.0,3.0,116.0,1.0,0.0,0.0,0.0,0.0,2025,12,Verano,Bosque cerrado desconocido,1,1,0,0,,>30 m,1314_gt1r_1770017,302199.4,5275714.6,BOSQUE_NW_02,operacional,SI,,2025-12-09,NO,1156.04,21.804,21.976,-7.82,DESCARTADO
BOSQUE_NW_02(3),ATL08_20251209153552_13142913_007_01.h5,2025-12-09T15:35:52Z,gt1r,-71.41320037841797,-42.64311981201172,250529875.56803027,1314.0,29.0,13.0,007,01,40351.0,0.0,1770031.0,1770035.0,1211.7171630859375,,11.596923828125,,12.0506591796875,2.060995101928711,,,,,,,45.0,4.0,126.0,1.0,0.0,0.0,0.0,0.0,2025,12,Verano,Bosque abierto desconocido,1,1,0,0,,10–20 m,1314_gt1r_1770031,302164.6,5275991.7,BOSQUE_NW_02,operacional,SI,,2025-12-09,NO,1194.91,21.801,21.975,-4.99,PASA
BOSQUE_NW_02(3),ATL08_20251209153552_13142913_007_01.h5,2025-12-09T15:35:52Z,gt1r,-71.41377258300781,-42.63864517211914,250529875.6384218,1314.0,29.0,13.0,007,01,40351.0,0.0,1770056.0,1770060.0,1250.8218994140625,59.541114807128906,10.8050537109375,61.197654724121094,10.8822021484375,2.635714054107666,,,,,,,47.0,21.0,126.0,1.0,0.0,0.0,0.0,0.0,2025,12,Verano,Bosque abierto desconocido,1,1,1,1,5.663799214822347,10–20 m,1314_gt1r_1770056,302103.5,5276487.3,BOSQUE_NW_02,operacional,SI,,2025-12-09,NO,1229.78,21.797,21.971,-0.76,PASA
BOSQUE_NW_02(3),ATL08_20251209153552_13142913_007_01.h5,2025-12-09T15:35:52Z,gt1r,-71.41389465332031,-42.637752532958984,250529875.6524804,1314.0,29.0,13.0,007,01,40351.0,0.0,1770061.0,1770065.0,1247.0296630859375,,8.6712646484375,,8.683349609375,1.773940086364746,,,,,,,41.0,3.0,126.0,1.0,0.0,0.0,0.0,0.0,2025,12,Verano,Bosque abierto desconocido,1,1,0,0,,5–10 m,1314_gt1r_1770061,302090.6,5276586.1,BOSQUE_NW_02,operacional,SI,,2025-12-09,NO,1228.44,21.796,21.970,-3.21,PASA
BOSQUE_NW_02(3),ATL08_20251209153552_13142913_007_01.h5,2025-12-09T15:35:52Z,gt1r,-71.41400146484375,-42.63685607910156,250529875.6665671,1314.0,29.0,13.0,007,01,40351.0,0.0,1770066.0,1770070.0,1261.6173095703125,,6.202392578125,,6.202392578125,2.7636849880218506,,,,,,,6.0,5.0,126.0,1.0,0.0,0.0,0.0,0.0,2025,12,Verano,Bosque abierto desconocido,1,1,0,0,,5–10 m,1314_gt1r_1770066,302079.0,5276685.4,BOSQUE_NW_02,operacional,SI,,2025-12-09,NO,1229.06,21.795,21.970,10.76,DESCARTADO
BOSQUE_NW_02(3),ATL08_20251209153552_13142913_007_01.h5,2025-12-09T15:35:52Z,gt1r,-71.41458892822266,-42.63238525390625,250529875.73708442,1314.0,29.0,13.0,007,01,40351.0,0.0,1770091.0,1770095.0,1250.07177734375,,9.4241943359375,,11.0758056640625,2.1283886432647705,,,,,,,32.0,3.0,126.0,1.0,0.0,0.0,0.0,0.0,2025,12,Verano,Bosque abierto desconocido,1,1,0,0,,5–10 m,1314_gt1r_1770091,302016.7,5277180.5,BOSQUE_NW_02,operacional,SI,,2025-12-09,NO,1234.60,21.791,21.965,-6.31,DESCARTADO
BOSQUE_NW_02(3),ATL08_20251209153552_13142913_007_01.h5,2025-12-09T15:35:52Z,gt1r,-71.41494750976562,-42.629703521728516,250529875.7793164,1314.0,29.0,13.0,007,01,40351.0,0.0,1770106.0,1770110.0,1236.1802978515625,,7.1182861328125,,7.1182861328125,1.4907127618789673,,,,,,,24.0,1.0,126.0,1.0,0.0,0.0,0.0,0.0,2025,12,Verano,Bosque abierto desconocido,1,1,0,0,,5–10 m,1314_gt1r_1770106,301978.8,5277477.5,BOSQUE_NW_02,operacional,SI,,2025-12-09,NO,1217.89,21.788,21.960,-3.50,PASA
BOSQUE_NW_02(3),ATL08_20251209153552_13142913_007_01.h5,2025-12-09T15:35:52Z,gt1r,-71.41529083251953,-42.627017974853516,250529875.82150653,1314.0,29.0,13.0,007,01,40351.0,0.0,1770121.0,1770125.0,1228.93603515625,,10.9534912109375,,11.9544677734375,2.6793086528778076,,,,,,,55.0,4.0,126.0,1.0,0.0,0.0,0.0,0.0,2025,12,Verano,Bosque abierto desconocido,1,1,0,0,,10–20 m,1314_gt1r_1770121,301942.1,5277774.9,BOSQUE_NW_02,operacional,SI,,2025-12-09,NO,1208.98,21.785,21.956,-1.83,PASA
BOSQUE_NW_02(3),ATL08_20251209153552_13142913_007_01.h5,2025-12-09T15:35:52Z,gt1r,-71.41561126708984,-42.624332427978516,250529875.8636519,1314.0,29.0,13.0,007,01,40351.0,0.0,1770136.0,1770140.0,1196.911865234375,,12.7027587890625,,12.7027587890625,3.1745362281799316,,,,,,,28.0,5.0,126.0,1.0,0.0,0.0,0.0,0.0,2025,12,Verano,Bosque abierto desconocido,1,1,0,0,,10–20 m,1314_gt1r_1770136,301907.3,5278072.4,BOSQUE_NW_02,operacional,SI,,2025-12-09,NO,1179.76,21.781,21.951,-4.63,PASA
BOSQUE_NW_02(3),ATL08_20251209153552_13142913_007_01.h5,2025-12-09T15:35:52Z,gt1r,-71.41576385498047,-42.62343978881836,250529875.87781507,1314.0,29.0,13.0,007,01,40351.0,0.0,1770141.0,1770145.0,1197.1109619140625,,13.384765625,,13.384765625,2.671100616455078,,,,,,,28.0,3.0,126.0,1.0,0.0,0.0,0.0,0.0,2025,12,Verano,Bosque abierto desconocido,1,1,0,0,,10–20 m,1314_gt1r_1770141,301892.0,5278171.1,BOSQUE_NW_02,operacional,SI,,2025-12-09,NO,1179.15,21.779,21.949,-3.82,PASA
BOSQUE_NW_02(3),ATL08_20251209153552_13142913_007_01.h5,2025-12-09T15:35:52Z,gt1r,-71.4172592163086,-42.611812591552734,250529876.06095567,1314.0,29.0,13.0,007,01,40351.0,0.0,1770206.0,1770210.0,1317.0478515625,,20.26513671875,,20.26513671875,6.017507076263428,,,,,,,19.0,5.0,112.0,1.0,0.0,0.0,0.0,0.0,2025,12,Verano,Bosque cerrado perennifolio latifolio,1,1,0,0,,20–30 m,1314_gt1r_1770206,301732.4,5279458.8,BOSQUE_NW_02,operacional,SI,,2025-12-09,NO,1246.17,21.747,21.922,49.13,DESCARTADO
BOSQUE_NW_02(3),ATL08_20251209153552_13142913_007_01.h5,2025-12-09T15:35:52Z,gt1r,-71.41740417480469,-42.610740661621094,250529876.07778552,1314.0,29.0,13.0,007,01,40351.0,0.0,1770212.0,1770215.0,1261.675048828125,,21.677490234375,,21.677490234375,4.873816967010498,,,,,,,33.0,4.0,112.0,1.0,0.0,0.0,0.0,0.0,2025,12,Verano,Bosque cerrado perennifolio latifolio,1,1,0,0,,20–30 m,1314_gt1r_1770212,301717.1,5279577.5,BOSQUE_NW_02,operacional,SI,,2025-12-09,NO,1247.15,21.744,21.919,-7.22,DESCARTADO
BOSQUE_NW_02(3),ATL08_20251209153552_13142913_007_01.h5,2025-12-09T15:35:52Z,gt1r,-71.41749572753906,-42.610023498535156,250529876.08904365,1314.0,29.0,13.0,007,01,40351.0,0.0,1770216.0,1770220.0,1268.7608642578125,,25.1260986328125,,25.1260986328125,6.600957870483398,,,,,,,37.0,4.0,112.0,1.0,0.0,0.0,0.0,0.0,2025,12,Verano,Bosque cerrado perennifolio latifolio,1,1,0,0,,20–30 m,1314_gt1r_1770216,301707.3,5279657.0,BOSQUE_NW_02,operacional,SI,,2025-12-09,NO,1252.78,21.742,21.916,-5.76,DESCARTADO
BOSQUE_NW_02(3),ATL08_20251209153552_13142913_007_01.h5,2025-12-09T15:35:52Z,gt1r,-71.41830444335938,-42.603763580322266,250529876.18773952,1314.0,29.0,13.0,007,01,40351.0,0.0,1770251.0,1770255.0,1305.427490234375,,20.1712646484375,,20.1712646484375,5.038299560546875,,,,,,,32.0,3.0,112.0,1.0,0.0,0.0,0.0,0.0,2025,12,Verano,Bosque cerrado perennifolio latifolio,1,1,0,0,,20–30 m,1314_gt1r_1770251,301621.1,5280350.2,BOSQUE_NW_02,operacional,SI,,2025-12-09,NO,1286.75,21.725,21.897,-3.05,PASA
BOSQUE_NW_02(3),ATL08_20251209153552_13142913_007_01.h5,2025-12-09T15:35:52Z,gt1r,-71.41853332519531,-42.60197448730469,250529876.21591476,1314.0,29.0,13.0,007,01,40351.0,0.0,1770261.0,1770265.0,1298.8529052734375,,18.7215576171875,,18.7215576171875,4.648468494415283,,,,,,,35.0,5.0,126.0,1.0,0.0,0.0,0.0,0.0,2025,12,Verano,Bosque abierto desconocido,1,1,0,0,,10–20 m,1314_gt1r_1770261,301596.7,5280548.4,BOSQUE_NW_02,operacional,SI,,2025-12-09,NO,1283.89,21.720,21.891,-6.75,DESCARTADO
BOSQUE_NW_02(3),ATL08_20251209153552_13142913_007_01.h5,2025-12-09T15:35:52Z,gt1r,-71.41864776611328,-42.601078033447266,250529876.2300634,1314.0,29.0,13.0,007,01,40351.0,0.0,1770266.0,1770270.0,1284.70068359375,,20.235107421875,,20.98876953125,5.8641228675842285,,,,,,,41.0,4.0,116.0,1.0,0.0,0.0,0.0,0.0,2025,12,Verano,Bosque cerrado desconocido,1,1,0,0,,20–30 m,1314_gt1r_1770266,301584.4,5280647.6,BOSQUE_NW_02,operacional,SI,,2025-12-09,NO,1267.02,21.717,21.889,-4.04,PASA
BOSQUE_NW_02(3),ATL08_20251209153552_13142913_007_01.h5,2025-12-09T15:35:52Z,gt1r,-71.41887664794922,-42.59928894042969,250529876.2582696,1314.0,29.0,13.0,007,01,40351.0,0.0,1770276.0,1770280.0,1296.657470703125,129.57919311523438,13.3243408203125,141.70477294921875,13.3243408203125,3.85296893119812,,,,,,,35.0,10.0,116.0,1.0,0.0,0.0,0.0,0.0,2025,12,Verano,Bosque cerrado desconocido,1,1,1,1,10.635030645057855,10–20 m,1314_gt1r_1770276,301560.0,5280845.8,BOSQUE_NW_02,operacional,SI,,2025-12-09,NO,1277.70,21.712,21.883,-2.76,PASA
BOSQUE_NW_02(3),ATL08_20251209153552_13142913_007_01.h5,2025-12-09T15:35:52Z,gt1r,-71.41946411132812,-42.594818115234375,250529876.3288073,1314.0,29.0,13.0,007,01,40351.0,0.0,1770301.0,1770305.0,1268.20166015625,,26.1802978515625,,26.1802978515625,5.551452159881592,,,,,,,32.0,2.0,112.0,1.0,0.0,0.0,0.0,0.0,2025,12,Verano,Bosque cerrado perennifolio latifolio,1,1,0,0,,20–30 m,1314_gt1r_1770301,301497.6,5281340.9,BOSQUE_NW_02,operacional,SI,,2025-12-09,NO,1245.87,21.699,21.867,0.64,PASA
BOSQUE_NW_02(3),ATL08_20251209153552_13142913_007_01.h5,2025-12-09T15:35:52Z,gt1r,-71.42028045654297,-42.588558197021484,250529876.42752358,1314.0,29.0,13.0,007,01,40351.0,0.0,1770337.0,1770340.0,1257.7183837890625,,24.7545166015625,,25.0087890625,6.897190093994141,,,,,,,50.0,4.0,40.0,1.0,0.0,0.0,0.0,0.0,2025,12,Verano,Cultivos/manejo,1,1,0,0,,20–30 m,1314_gt1r_1770337,301410.7,5282034.1,BOSQUE_NW_02,operacional,SI,,2025-12-09,NO,1233.50,21.682,21.845,2.54,PASA
BOSQUE_NW_02(3),ATL08_20251209153552_13142913_007_01.h5,2025-12-09T15:35:52Z,gt1r,-71.4205093383789,-42.586769104003906,250529876.45578125,1314.0,29.0,13.0,007,01,40351.0,0.0,1770346.0,1770350.0,1202.2318115234375,75.14017486572266,14.3460693359375,51.687923431396484,15.064697265625,3.780256748199463,,,,,,,44.0,16.0,40.0,1.0,0.0,0.0,0.0,0.0,2025,12,Verano,Cultivos/manejo,1,1,1,1,3.602932776988334,10–20 m,1314_gt1r_1770346,301386.2,5282232.3,BOSQUE_NW_02,operacional,SI,,2025-12-09,NO,1178.95,21.677,21.838,1.60,PASA
BOSQUE_NW_02(3),ATL08_20251209153552_13142913_007_01.h5,2025-12-09T15:35:52Z,gt1r,-71.4206314086914,-42.585872650146484,250529876.46986428,1314.0,29.0,13.0,007,01,40351.0,0.0,1770351.0,1770355.0,1184.98193359375,118.70869445800781,8.0244140625,67.27033996582031,9.6898193359375,1.9605188369750977,,,,,,,39.0,10.0,40.0,1.0,0.0,0.0,0.0,0.0,2025,12,Verano,Cultivos/manejo,1,1,1,1,8.383208972252646,5–10 m,1314_gt1r_1770351,301373.4,5282331.5,BOSQUE_NW_02,operacional,SI,,2025-12-09,NO,1162.79,21.674,21.835,0.52,PASA
BOSQUE_NW_02(3),ATL08_20251209153552_13142913_007_01.h5,2025-12-09T15:35:52Z,gt1r,-71.4207534790039,-42.58498001098633,250529876.48395205,1314.0,29.0,13.0,007,01,40351.0,0.0,1770356.0,1770359.0,1169.4971923828125,,9.9688720703125,,9.9688720703125,2.0710527896881104,,,,,,,22.0,2.0,116.0,1.0,0.0,0.0,0.0,0.0,2025,12,Verano,Bosque cerrado desconocido,1,1,0,0,,5–10 m,1314_gt1r_1770356,301360.5,5282430.4,BOSQUE_NW_02,operacional,SI,,2025-12-09,NO,1145.23,21.672,21.832,2.59,PASA
BOSQUE_NW_02(3),ATL08_20251209153552_13142913_007_01.h5,2025-12-09T15:35:52Z,gt1r,-71.42086791992188,-42.584083557128906,250529876.49809772,1314.0,29.0,13.0,007,01,40351.0,0.0,1770361.0,1770365.0,1145.5672607421875,,20.185546875,,20.58251953125,5.222162246704102,,,,,,,69.0,4.0,116.0,1.0,0.0,0.0,0.0,0.0,2025,12,Verano,Bosque cerrado desconocido,1,1,0,0,,20–30 m,1314_gt1r_1770361,301348.3,5282529.6,BOSQUE_NW_02,operacional,SI,,2025-12-09,NO,1127.95,21.669,21.829,-4.05,PASA
BOSQUE_NW_02(3),ATL08_20251209153552_13142913_007_01.h5,2025-12-09T15:35:52Z,gt1r,-71.42098236083984,-42.58319091796875,250529876.51215234,1314.0,29.0,13.0,007,01,40351.0,0.0,1770366.0,1770370.0,1138.6837158203125,94.7773666381836,12.3154296875,55.62160873413086,13.0833740234375,2.80216121673584,,,,,,,40.0,12.0,116.0,1.0,0.0,0.0,0.0,0.0,2025,12,Verano,Bosque cerrado desconocido,1,1,1,1,4.516416409781144,10–20 m,1314_gt1r_1770366,301336.1,5282628.5,BOSQUE_NW_02,operacional,SI,,2025-12-09,NO,1114.24,21.666,21.825,2.77,PASA
BOSQUE_NW_02(3),ATL08_20251209153552_13142913_007_01.h5,2025-12-09T15:35:52Z,gt1r,-71.42144775390625,-42.579612731933594,250529876.56859887,1314.0,29.0,13.0,007,01,40351.0,0.0,1770386.0,1770390.0,1120.85888671875,,15.8890380859375,,16.052490234375,3.619051456451416,,,,,,,25.0,1.0,116.0,1.0,0.0,0.0,0.0,0.0,2025,12,Verano,Bosque cerrado desconocido,1,1,0,0,,10–20 m,1314_gt1r_1770386,301286.5,5283024.8,BOSQUE_NW_02,operacional,SI,,2025-12-09,NO,1105.43,21.653,21.813,-6.22,DESCARTADO
BOSQUE_NW_02(3),ATL08_20251209153552_13142913_007_01.h5,2025-12-09T15:35:52Z,gt1r,-71.42156982421875,-42.57872009277344,250529876.58267283,1314.0,29.0,13.0,007,01,40351.0,0.0,1770391.0,1770395.0,1106.971435546875,,15.1568603515625,,17.0570068359375,3.029791831970215,,,,,,,49.0,5.0,116.0,1.0,0.0,0.0,0.0,0.0,2025,12,Verano,Bosque cerrado desconocido,1,1,0,0,,10–20 m,1314_gt1r_1770391,301273.7,5283123.6,BOSQUE_NW_02,operacional,SI,,2025-12-09,NO,1091.42,21.649,21.810,-6.10,DESCARTADO
BOSQUE_NW_02(3),ATL08_20251209153552_13142913_007_01.h5,2025-12-09T15:35:52Z,gt1r,-71.42191314697266,-42.57603454589844,250529876.62494284,1314.0,29.0,13.0,007,01,40351.0,0.0,1770406.0,1770410.0,1106.1572265625,123.14404296875,15.1064453125,71.51022338867188,16.0233154296875,3.7777130603790283,,,,,,,51.0,9.0,116.0,1.0,0.0,0.0,0.0,0.0,2025,12,Verano,Bosque cerrado desconocido,1,1,1,1,4.733755818087788,10–20 m,1314_gt1r_1770406,301236.9,5283421.0,BOSQUE_NW_02,operacional,SI,,2025-12-09,NO,1085.85,21.639,21.800,-1.33,PASA
BOSQUE_NW_02(3),ATL08_20251209153552_13142913_007_01.h5,2025-12-09T15:35:52Z,gt1r,-71.42214965820312,-42.57424545288086,250529876.6530854,1314.0,29.0,13.0,007,01,40351.0,0.0,1770416.0,1770420.0,1124.046142578125,102.10903930664062,10.2349853515625,61.361671447753906,10.9036865234375,2.9459941387176514,,,,,,,40.0,11.0,112.0,1.0,0.0,0.0,0.0,0.0,2025,12,Verano,Bosque cerrado perennifolio latifolio,1,1,1,1,5.995286689725088,10–20 m,1314_gt1r_1770416,301211.8,5283619.1,BOSQUE_NW_02,operacional,SI,,2025-12-09,NO,1099.47,21.632,21.794,2.94,PASA
BOSQUE_NW_02(3),ATL08_20251209153552_13142913_007_01.h5,2025-12-09T15:35:52Z,gt1r,-71.42337036132812,-42.564945220947266,250529876.79959977,1314.0,29.0,13.0,007,01,40351.0,0.0,1770468.0,1770470.0,1034.5357666015625,74.18854522705078,15.426513671875,92.25104522705078,15.426513671875,3.3967702388763428,,,,,,,25.0,14.0,20.0,1.0,0.0,0.0,0.0,0.0,2025,12,Verano,Arbustos,1,1,1,1,5.980031988383686,10–20 m,1314_gt1r_1770468,301082.1,5284649.0,BOSQUE_NW_02,operacional,SI,,2025-12-09,NO,1014.32,21.596,21.763,-1.38,PASA
BOSQUE_NW_02(3),ATL08_20260209123923_08723013_007_01.h5,2026-02-09T12:39:23Z,gt1l,-71.5583267211914,-42.6586799621582,255876078.3853652,872.0,30.0,13.0,007,01,41296.0,0.0,1769903.0,1769906.0,1027.85986328125,,12.3785400390625,,15.54437255859375,3.2119626998901367,,,,,,,41.0,4.0,116.0,1.0,0.0,0.0,0.0,0.0,2026,2,Verano,Bosque cerrado desconocido,1,1,0,0,,10–20 m,872_gt1l_1769903,290318.7,5273913.8,BOSQUE_NW_02,operacional,SI,,2026-02-09,NO,1008.72,21.646,21.927,-2.51,PASA
BOSQUE_NW_02(3),ATL08_20260209123923_08723013_007_01.h5,2026-02-09T12:39:23Z,gt1l,-71.55867767333984,-42.65599822998047,255876078.42757824,872.0,30.0,13.0,007,01,41296.0,0.0,1769918.0,1769922.0,985.7633056640625,,17.03070068359375,,18.30755615234375,3.984879732131958,,,,,,,52.0,1.0,116.0,1.0,0.0,0.0,0.0,0.0,2026,2,Verano,Bosque cerrado desconocido,1,1,0,0,,10–20 m,872_gt1l_1769918,290280.9,5274210.8,BOSQUE_NW_02,operacional,SI,,2026-02-09,NO,974.81,21.639,21.917,-10.68,DESCARTADO
BOSQUE_NW_02(3),ATL08_20260209123923_08723013_007_01.h5,2026-02-09T12:39:23Z,gt1l,-71.55879974365234,-42.65510177612305,255876078.4416781,872.0,30.0,13.0,007,01,41296.0,0.0,1769923.0,1769927.0,993.7235717773438,,22.38775634765625,,26.53302001953125,5.182000637054443,,,,,,,54.0,9.0,30.0,1.0,0.0,0.0,0.0,0.0,2026,2,Verano,Herbáceas,1,1,0,0,,20–30 m,872_gt1l_1769923,290267.9,5274310.0,BOSQUE_NW_02,operacional,SI,,2026-02-09,NO,975.49,21.637,21.914,-3.40,PASA
