aoi,granule,acquisition_datetime,beam,longitude,latitude,delta_time,rgt,cycle,region,version,revision,orbit_number,sc_orient,segment_id_beg,segment_id_end,h_te_best_fit_m,h_te_uncertainty_m,h_canopy_m,h_canopy_uncertainty_m,h_max_canopy_m,canopy_openness_m,rh50_m,rh75_m,rh90_m,rh95_m,rh98_m,rh100_m,n_ca_photons,n_te_photons,segment_landcover,segment_snowcover,cloud_flag_atm,msw_flag,night_flag,terrain_flg,year,month,season,landcover_label,qa_valid_height,qa_operational,qa_uncertainty_available,qa_conservative,uncertainty_ratio,height_class,segment_key,este_utm19s,norte_utm19s,aoi_normalizado,nivel,dentro_aoi,fuera_del_borde_m,fecha,extremo_3iqr
BOSQUE_NW_02(3),ATL08_20181124182732_08720113_007_02.h5,2018-11-24T18:27:32Z,gt1l,-71.54549407958984,-42.67149353027344,28319367.008656565,872.0,1.0,13.0,007,02,1073.0,1.0,1769827.0,1769831.0,1089.466064453125,77.75824737548828,10.3958740234375,44.17817687988281,11.5216064453125,3.1328625679016113,,,,,,,34.0,14.0,20.0,1.0,0.0,0.0,0.0,0.0,2018,11,Primavera,Arbustos,1,1,1,1,4.249587555628618,10–20 m,872_gt1l_1769827,291413.4,5272522.6,BOSQUE_NW_02,conservador,SI,,2018-11-24,NO
BOSQUE_NW_02(3),ATL08_20181124182732_08720113_007_02.h5,2018-11-24T18:27:32Z,gt1l,-71.5466537475586,-42.66254806518555,28319367.149575923,872.0,1.0,13.0,007,02,1073.0,1.0,1769877.0,1769881.0,1102.4019775390625,39.389915466308594,16.274169921875,47.60184097290039,17.76904296875,4.194454669952393,,,,,,,56.0,28.0,112.0,1.0,0.0,0.0,0.0,0.0,2018,11,Primavera,Bosque cerrado perennifolio latifolio,1,1,1,1,2.924993483625617,10–20 m,872_gt1l_1769877,291288.4,5273513.2,BOSQUE_NW_02,conservador,SI,,2018-11-24,NO
BOSQUE_NW_02(3),ATL08_20181124182732_08720113_007_02.h5,2018-11-24T18:27:32Z,gt1l,-71.54898834228516,-42.644657135009766,28319367.431452956,872.0,1.0,13.0,007,02,1073.0,1.0,1769977.0,1769981.0,1054.567626953125,70.2439956665039,17.85791015625,62.588069915771484,17.881591796875,4.6583051681518555,,,,,,,67.0,15.0,126.0,1.0,0.0,0.0,0.0,0.0,2018,11,Primavera,Bosque abierto desconocido,1,1,1,1,3.504781319210893,10–20 m,872_gt1l_1769977,291037.2,5275494.2,BOSQUE_NW_02,conservador,SI,,2018-11-24,NO
BOSQUE_NW_02(3),ATL08_20181124182732_08720113_007_02.h5,2018-11-24T18:27:32Z,gt1l,-71.54944610595703,-42.64107894897461,28319367.487903725,872.0,1.0,13.0,007,02,1073.0,1.0,1769997.0,1770001.0,968.2887573242188,42.15372085571289,16.3182373046875,52.965641021728516,16.3182373046875,2.8460967540740967,,,,,,,46.0,23.0,126.0,1.0,0.0,0.0,0.0,0.0,2018,11,Primavera,Bosque abierto desconocido,1,1,1,1,3.2457942627488237,10–20 m,872_gt1l_1769997,290987.6,5275890.4,BOSQUE_NW_02,conservador,SI,,2018-11-24,NO
BOSQUE_NW_02(3),ATL08_20181124182732_08720113_007_02.h5,2018-11-24T18:27:32Z,gt1l,-71.55226135253906,-42.61943054199219,28319367.828952406,872.0,1.0,13.0,007,02,1073.0,1.0,1770118.0,1770122.0,1110.766357421875,111.52867126464844,20.450927734375,75.54380798339844,24.3807373046875,5.393912315368652,,,,,,,68.0,10.0,30.0,1.0,0.0,0.0,0.0,0.0,2018,11,Primavera,Herbáceas,1,1,1,1,3.693906162331228,20–30 m,872_gt1l_1770118,290684.2,5278287.5,BOSQUE_NW_02,conservador,SI,,2018-11-24,NO
BOSQUE_NW_02(3),ATL08_20181124182732_08720113_007_02.h5,2018-11-24T18:27:32Z,gt1l,-71.55400085449219,-42.60601043701172,28319368.04040843,872.0,1.0,13.0,007,02,1073.0,1.0,1770193.0,1770197.0,1215.896240234375,110.33078002929688,21.76123046875,82.46868896484375,23.02392578125,5.5621018409729,,,,,,,53.0,11.0,112.0,1.0,0.0,0.0,0.0,0.0,2018,11,Primavera,Bosque cerrado perennifolio latifolio,1,1,1,1,3.789707070253775,20–30 m,872_gt1l_1770193,290496.6,5279773.5,BOSQUE_NW_02,conservador,SI,,2018-11-24,NO
BOSQUE_NW_02(3),ATL08_20181124182732_08720113_007_02.h5,2018-11-24T18:27:32Z,gt1l,-71.55504608154297,-42.59796142578125,28319368.167141117,872.0,1.0,13.0,007,02,1073.0,1.0,1770238.0,1770242.0,1371.1759033203125,228.1967315673828,24.468017578125,130.14479064941406,25.0181884765625,5.164793014526367,,,,,,,60.0,6.0,112.0,1.0,0.0,0.0,0.0,0.0,2018,11,Primavera,Bosque cerrado perennifolio latifolio,1,1,1,1,5.318975688727911,20–30 m,872_gt1l_1770238,290383.8,5280664.8,BOSQUE_NW_02,conservador,SI,,2018-11-24,NO
BOSQUE_NW_02(3),ATL08_20181124182732_08720113_007_02.h5,2018-11-24T18:27:32Z,gt1l,-71.55528259277344,-42.59617233276367,28319368.195375662,872.0,1.0,13.0,007,02,1073.0,1.0,1770248.0,1770252.0,1359.41455078125,226.9383544921875,24.14599609375,102.03079223632812,24.9130859375,6.396184921264648,,,,,,,60.0,6.0,112.0,1.0,0.0,0.0,0.0,0.0,2018,11,Primavera,Bosque cerrado perennifolio latifolio,1,1,1,1,4.225578097510667,20–30 m,872_gt1l_1770248,290358.4,5280862.9,BOSQUE_NW_02,conservador,SI,,2018-11-24,NO
BOSQUE_NW_02(3),ATL08_20181124182732_08720113_007_02.h5,2018-11-24T18:27:32Z,gt1l,-71.5572509765625,-42.580963134765625,28319368.434911273,872.0,1.0,13.0,007,02,1073.0,1.0,1770333.0,1770337.0,1069.8631591796875,134.4349365234375,21.1427001953125,69.50657653808594,23.6610107421875,5.297640323638916,,,,,,,70.0,8.0,116.0,1.0,0.0,0.0,0.0,0.0,2018,11,Primavera,Bosque cerrado desconocido,1,1,1,1,3.2874976183740277,20–30 m,872_gt1l_1770333,290145.9,5282547.0,BOSQUE_NW_02,conservador,SI,,2018-11-24,NO
BOSQUE_NW_02(3),ATL08_20181124182732_08720113_007_02.h5,2018-11-24T18:27:32Z,gt1l,-71.55760192871094,-42.578277587890625,28319368.477247547,872.0,1.0,13.0,007,02,1073.0,1.0,1770348.0,1770352.0,1000.5059814453125,77.1568374633789,19.58343505859375,54.915340423583984,19.90325927734375,4.910488605499268,,,,,,,62.0,13.0,116.0,1.0,0.0,0.0,0.0,0.0,2018,11,Primavera,Bosque cerrado desconocido,1,1,1,1,2.8041730298733074,10–20 m,872_gt1l_1770348,290108.1,5282844.3,BOSQUE_NW_02,conservador,SI,,2018-11-24,NO
BOSQUE_NW_02(3),ATL08_20181124182732_08720113_007_02.h5,2018-11-24T18:27:32Z,gt1l,-71.5577163696289,-42.57738494873047,28319368.49138116,872.0,1.0,13.0,007,02,1073.0,1.0,1770353.0,1770357.0,983.3414306640625,140.20877075195312,18.3858642578125,69.89256286621094,18.50531005859375,4.27969217300415,,,,,,,56.0,7.0,116.0,1.0,0.0,0.0,0.0,0.0,2018,11,Primavera,Bosque cerrado desconocido,1,1,1,1,3.801429287530624,10–20 m,872_gt1l_1770353,290095.7,5282943.2,BOSQUE_NW_02,conservador,SI,,2018-11-24,NO
BOSQUE_NW_02(3),ATL08_20181124182732_08720113_007_02.h5,2018-11-24T18:27:32Z,gt1l,-71.55887603759766,-42.56843948364258,28319368.632340543,872.0,1.0,13.0,007,02,1073.0,1.0,1770403.0,1770407.0,810.544677734375,115.59920501708984,24.4208984375,57.95063400268555,27.19677734375,6.671922206878662,,,,,,,56.0,7.0,112.0,1.0,0.0,0.0,0.0,0.0,2018,11,Primavera,Bosque cerrado perennifolio latifolio,1,1,1,1,2.372993530561443,20–30 m,872_gt1l_1770403,289970.5,5283933.7,BOSQUE_NW_02,conservador,SI,,2018-11-24,NO
BOSQUE_NW_02(3),ATL08_20181124182732_08720113_007_02.h5,2018-11-24T18:27:32Z,gt1l,-71.56027221679688,-42.557701110839844,28319368.801429577,872.0,1.0,13.0,007,02,1073.0,1.0,1770463.0,1770467.0,705.6160278320312,46.83731460571289,18.272705078125,37.31521987915039,18.8634033203125,5.378894329071045,,,,,,,51.0,15.0,112.0,1.0,0.0,0.0,0.0,0.0,2018,11,Primavera,Bosque cerrado perennifolio latifolio,1,1,1,1,2.042128941479057,10–20 m,872_gt1l_1770463,289819.8,5285122.7,BOSQUE_NW_02,conservador,SI,,2018-11-24,NO
BOSQUE_NW_02(3),ATL08_20181124182732_08720113_007_02.h5,2018-11-24T18:27:32Z,gt1r,-71.54251098632812,-42.685546875,28319367.136545196,872.0,1.0,13.0,007,02,1073.0,1.0,1769748.0,1769752.0,1353.719482421875,96.6812973022461,15.8990478515625,36.93881607055664,23.4569091796875,3.929018974304199,,,,,,,149.0,14.0,112.0,1.0,0.0,0.0,0.0,0.0,2018,11,Primavera,Bosque cerrado perennifolio latifolio,1,1,1,1,2.3233351088333527,10–20 m,872_gt1r_1769748,291704.8,5270969.3,BOSQUE_NW_02,conservador,SI,,2018-11-24,NO
BOSQUE_NW_02(3),ATL08_20181124182732_08720113_007_02.h5,2018-11-24T18:27:32Z,gt1r,-71.5433120727539,-42.679283142089844,28319367.23537585,872.0,1.0,13.0,007,02,1073.0,1.0,1769783.0,1769787.0,1182.1031494140625,74.25855255126953,24.3363037109375,39.35541915893555,29.3614501953125,7.637585639953613,,,,,,,193.0,16.0,116.0,1.0,0.0,0.0,0.0,0.0,2018,11,Primavera,Bosque cerrado desconocido,1,1,1,1,1.6171485869995936,20–30 m,872_gt1r_1769783,291618.3,5271663.0,BOSQUE_NW_02,conservador,SI,,2018-11-24,NO
BOSQUE_NW_02(3),ATL08_20181124182732_08720113_007_02.h5,2018-11-24T18:27:32Z,gt1r,-71.54389953613281,-42.67481231689453,28319367.305890143,872.0,1.0,13.0,007,02,1073.0,1.0,1769808.0,1769812.0,1100.540283203125,25.563499450683594,18.3193359375,24.8723087310791,21.898681640625,5.295594215393066,,,,,,,167.0,43.0,116.0,1.0,0.0,0.0,0.0,0.0,2018,11,Primavera,Bosque cerrado desconocido,1,1,1,1,1.3577079876659204,10–20 m,872_gt1r_1769808,291555.2,5272158.0,BOSQUE_NW_02,conservador,SI,,2018-11-24,NO
BOSQUE_NW_02(3),ATL08_20181124182732_08720113_007_02.h5,2018-11-24T18:27:32Z,gt1r,-71.54401397705078,-42.67391586303711,28319367.320024434,872.0,1.0,13.0,007,02,1073.0,1.0,1769813.0,1769817.0,1094.8056640625,68.45594787597656,14.461181640625,19.93052101135254,17.313232421875,3.5821871757507324,,,,,,,132.0,16.0,112.0,1.0,0.0,0.0,0.0,0.0,2018,11,Primavera,Bosque cerrado perennifolio latifolio,1,1,1,1,1.378208330871305,10–20 m,872_gt1r_1769813,291542.8,5272257.3,BOSQUE_NW_02,conservador,SI,,2018-11-24,NO
BOSQUE_NW_02(3),ATL08_20181124182732_08720113_007_02.h5,2018-11-24T18:27:32Z,gt1r,-71.54413604736328,-42.67302322387695,28319367.334146447,872.0,1.0,13.0,007,02,1073.0,1.0,1769818.0,1769822.0,1092.09521484375,13.812433242797852,9.8369140625,10.678224563598633,10.9559326171875,2.362755537033081,,,,,,,94.0,79.0,116.0,1.0,0.0,0.0,0.0,0.0,2018,11,Primavera,Bosque cerrado desconocido,1,1,1,1,1.0855258565596149,5–10 m,872_gt1r_1769818,291529.8,5272356.1,BOSQUE_NW_02,conservador,SI,,2018-11-24,NO
BOSQUE_NW_02(3),ATL08_20181124182732_08720113_007_02.h5,2018-11-24T18:27:32Z,gt1r,-71.54588317871094,-42.65960693359375,28319367.545403335,872.0,1.0,13.0,007,02,1073.0,1.0,1769893.0,1769897.0,1221.2850341796875,93.869384765625,21.4765625,23.816207885742188,24.2166748046875,6.038104057312012,,,,,,,144.0,13.0,112.0,1.0,0.0,0.0,0.0,0.0,2018,11,Primavera,Bosque cerrado perennifolio latifolio,1,1,1,1,1.108939472308112,20–30 m,872_gt1r_1769893,291341.7,5273841.7,BOSQUE_NW_02,conservador,SI,,2018-11-24,NO
BOSQUE_NW_02(3),ATL08_20181124182732_08720113_007_02.h5,2018-11-24T18:27:32Z,gt1r,-71.54832458496094,-42.64081954956055,28319367.84178639,872.0,1.0,13.0,007,02,1073.0,1.0,1769998.0,1770002.0,980.2339477539062,21.80375099182129,6.71441650390625,9.207088470458984,8.29620361328125,1.8264373540878296,,,,,,,97.0,45.0,126.0,1.0,0.0,0.0,0.0,0.0,2018,11,Primavera,Bosque abierto desconocido,1,1,1,1,1.371241784763065,5–10 m,872_gt1r_1769998,291078.7,5275922.0,BOSQUE_NW_02,conservador,SI,,2018-11-24,NO
BOSQUE_NW_02(3),ATL08_20181124182732_08720113_007_02.h5,2018-11-24T18:27:32Z,gt1r,-71.54890441894531,-42.63634490966797,28319367.91216025,872.0,1.0,13.0,007,02,1073.0,1.0,1770023.0,1770027.0,913.5882568359375,2.9542577266693115,12.4466552734375,4.037491798400879,12.84576416015625,2.7416157722473145,,,,,,,72.0,309.0,20.0,1.0,0.0,0.0,0.0,0.0,2018,11,Primavera,Arbustos,1,1,1,1,0.3243836765542403,10–20 m,872_gt1r_1770023,291016.2,5276417.5,BOSQUE_NW_02,conservador,SI,,2018-11-24,NO
BOSQUE_NW_02(3),ATL08_20181124182732_08720113_007_02.h5,2018-11-24T18:27:32Z,gt1r,-71.54901885986328,-42.63545227050781,28319367.926139105,872.0,1.0,13.0,007,02,1073.0,1.0,1770028.0,1770032.0,914.7325439453125,3.53183913230896,10.911376953125,4.965506553649902,10.911376953125,3.580579996109009,,,,,,,17.0,259.0,20.0,1.0,0.0,0.0,0.0,0.0,2018,11,Primavera,Arbustos,1,1,1,1,0.4550760710569888,10–20 m,872_gt1r_1770028,291003.8,5276516.3,BOSQUE_NW_02,conservador,SI,,2018-11-24,NO
BOSQUE_NW_02(3),ATL08_20181124182732_08720113_007_02.h5,2018-11-24T18:27:32Z,gt1r,-71.5507583618164,-42.622032165527344,28319368.137486625,872.0,1.0,13.0,007,02,1073.0,1.0,1770103.0,1770107.0,1027.977783203125,64.38567352294922,18.850341796875,13.792251586914062,21.350830078125,5.573302268981934,,,,,,,140.0,16.0,20.0,1.0,0.0,0.0,0.0,0.0,2018,11,Primavera,Arbustos,1,1,1,1,0.7316711673207186,10–20 m,872_gt1r_1770103,290816.2,5278002.3,BOSQUE_NW_02,conservador,SI,,2018-11-24,NO
BOSQUE_NW_02(3),ATL08_20181124182732_08720113_007_02.h5,2018-11-24T18:27:32Z,gt1r,-71.55123138427734,-42.61845397949219,28319368.193851475,872.0,1.0,13.0,007,02,1073.0,1.0,1770123.0,1770127.0,1089.8006591796875,57.286781311035156,20.954345703125,23.516386032104492,23.2908935546875,5.546644687652588,,,,,,,185.0,19.0,20.0,1.0,0.0,0.0,0.0,0.0,2018,11,Primavera,Arbustos,1,1,1,1,1.1222677322058978,20–30 m,872_gt1r_1770123,290765.4,5278398.5,BOSQUE_NW_02,conservador,SI,,2018-11-24,NO
BOSQUE_NW_02(3),ATL08_20181124182732_08720113_007_02.h5,2018-11-24T18:27:32Z,gt1r,-71.55529022216797,-42.58714294433594,28319368.687097173,872.0,1.0,13.0,007,02,1073.0,1.0,1770298.0,1770302.0,1190.1824951171875,47.464534759521484,21.81787109375,25.271690368652344,23.3558349609375,5.688023567199707,,,,,,,143.0,25.0,114.0,1.0,0.0,0.0,0.0,0.0,2018,11,Primavera,Bosque cerrado caducifolio latifolio,1,1,1,1,1.1583023045677328,20–30 m,872_gt1r_1770298,290327.5,5281865.5,BOSQUE_NW_02,conservador,SI,,2018-11-24,NO
BOSQUE_NW_02(3),ATL08_20181124182732_08720113_007_02.h5,2018-11-24T18:27:32Z,gt1r,-71.55667877197266,-42.57640838623047,28319368.856291514,872.0,1.0,13.0,007,02,1073.0,1.0,1770358.0,1770362.0,986.89697265625,11.459774017333984,9.20709228515625,10.84125804901123,12.82635498046875,2.1512348651885986,,,,,,,101.0,86.0,116.0,1.0,0.0,0.0,0.0,0.0,2018,11,Primavera,Bosque cerrado desconocido,1,1,1,1,1.1774898864095884,5–10 m,872_gt1r_1770358,290177.6,5283054.2,BOSQUE_NW_02,conservador,SI,,2018-11-24,NO
BOSQUE_NW_02(3),ATL08_20181124182732_08720113_007_02.h5,2018-11-24T18:27:32Z,gt1r,-71.55703735351562,-42.57372283935547,28319368.898751915,872.0,1.0,13.0,007,02,1073.0,1.0,1770373.0,1770377.0,944.69482421875,26.93161964416504,7.48333740234375,9.098695755004883,8.31201171875,1.6598833799362183,,,,,,,113.0,35.0,116.0,1.0,0.0,0.0,0.0,0.0,2018,11,Primavera,Bosque cerrado desconocido,1,1,1,1,1.2158606869917705,5–10 m,872_gt1r_1770373,290139.1,5283351.5,BOSQUE_NW_02,conservador,SI,,2018-11-24,NO
BOSQUE_NW_02(3),ATL08_20181124182732_08720113_007_02.h5,2018-11-24T18:27:32Z,gt1r,-71.55806732177734,-42.565673828125,28319369.025546744,872.0,1.0,13.0,007,02,1073.0,1.0,1770418.0,1770422.0,782.9630737304688,12.401533126831055,7.42041015625,9.725691795349121,7.98577880859375,1.456618070602417,,,,,,,98.0,63.0,126.0,1.0,0.0,0.0,0.0,0.0,2018,11,Primavera,Bosque abierto desconocido,1,1,1,1,1.3106676842057643,5–10 m,872_gt1r_1770418,290027.6,5284242.8,BOSQUE_NW_02,conservador,SI,,2018-11-24,NO
BOSQUE_NW_02(3),ATL08_20181124182732_08720113_007_02.h5,2018-11-24T18:27:32Z,gt1r,-71.55876922607422,-42.560306549072266,28319369.110154893,872.0,1.0,13.0,007,02,1073.0,1.0,1770448.0,1770452.0,769.7138671875,64.3355941772461,15.52410888671875,15.478903770446777,18.2734375,4.20370626449585,,,,,,,222.0,12.0,116.0,1.0,0.0,0.0,0.0,0.0,2018,11,Primavera,Bosque cerrado desconocido,1,1,1,1,0.9970880701364672,10–20 m,872_gt1r_1770448,289951.9,5284837.1,BOSQUE_NW_02,conservador,SI,,2018-11-24,NO
BOSQUE_NW_02(3),ATL08_20181124182732_08720113_007_02.h5,2018-11-24T18:27:32Z,gt2l,-71.50345611572266,-42.684940338134766,28319366.734776933,872.0,1.0,13.0,007,02,1073.0,1.0,1769736.0,1769740.0,1293.61328125,144.02171325683594,21.8701171875,115.35826873779297,23.3731689453125,5.860285758972168,,,,,,,56.0,9.0,116.0,1.0,0.0,0.0,0.0,0.0,2018,11,Primavera,Bosque cerrado desconocido,1,1,1,1,5.274698244585845,20–30 m,872_gt2l_1769736,294902.6,5271132.3,BOSQUE_NW_02,conservador,SI,,2018-11-24,NO
BOSQUE_NW_02(3),ATL08_20181124182732_08720113_007_02.h5,2018-11-24T18:27:32Z,gt2l,-71.50788879394531,-42.651126861572266,28319367.26751544,872.0,1.0,13.0,007,02,1073.0,1.0,1769926.0,1769930.0,1437.614990234375,119.67716217041016,20.6240234375,113.67591857910156,21.207275390625,5.943402290344238,,,,,,,44.0,12.0,116.0,1.0,0.0,0.0,0.0,0.0,2018,11,Primavera,Bosque cerrado desconocido,1,1,1,1,5.5118206650409585,20–30 m,872_gt2l_1769926,294427.9,5274876.5,BOSQUE_NW_02,conservador,SI,,2018-11-24,NO
BOSQUE_NW_02(3),ATL08_20181124182732_08720113_007_02.h5,2018-11-24T18:27:32Z,gt2l,-71.50802612304688,-42.650054931640625,28319367.28442254,872.0,1.0,13.0,007,02,1073.0,1.0,1769931.0,1769935.0,1416.095703125,118.04348754882812,24.7509765625,87.76336669921875,25.05224609375,6.299110412597656,,,,,,,57.0,12.0,116.0,1.0,0.0,0.0,0.0,0.0,2018,11,Primavera,Bosque cerrado desconocido,1,1,1,1,3.5458547050700338,20–30 m,872_gt2l_1769931,294413.2,5274995.2,BOSQUE_NW_02,conservador,SI,,2018-11-24,NO
BOSQUE_NW_02(3),ATL08_20181124182732_08720113_007_02.h5,2018-11-24T18:27:32Z,gt2l,-71.51082611083984,-42.62858200073242,28319367.62272501,872.0,1.0,13.0,007,02,1073.0,1.0,1770051.0,1770055.0,1275.3553466796875,159.33914184570312,26.857666015625,82.58641052246094,27.6866455078125,7.013859272003174,,,,,,,63.0,8.0,112.0,1.0,0.0,0.0,0.0,0.0,2018,11,Primavera,Bosque cerrado perennifolio latifolio,1,1,1,1,3.074966025507004,20–30 m,872_gt2l_1770051,294112.8,5277373.0,BOSQUE_NW_02,conservador,SI,,2018-11-24,NO
BOSQUE_NW_02(3),ATL08_20181124182732_08720113_007_02.h5,2018-11-24T18:27:32Z,gt2l,-71.51302337646484,-42.6115837097168,28319367.890508115,872.0,1.0,13.0,007,02,1073.0,1.0,1770146.0,1770150.0,1050.2779541015625,74.99748992919922,9.6358642578125,64.78913116455078,16.18603515625,2.7598233222961426,,,,,,,45.0,14.0,116.0,1.0,0.0,0.0,0.0,0.0,2018,11,Primavera,Bosque cerrado desconocido,1,1,1,1,6.723748844014847,5–10 m,872_gt2l_1770146,293876.5,5279255.3,BOSQUE_NW_02,conservador,SI,,2018-11-24,NO
BOSQUE_NW_02(3),ATL08_20181124182732_08720113_007_02.h5,2018-11-24T18:27:32Z,gt2l,-71.51372528076172,-42.60621643066406,28319367.975108847,872.0,1.0,13.0,007,02,1073.0,1.0,1770176.0,1770180.0,1008.0928344726562,48.11382293701172,24.45947265625,45.07366943359375,25.00128173828125,7.4897308349609375,,,,,,,60.0,21.0,20.0,1.0,0.0,0.0,0.0,0.0,2018,11,Primavera,Arbustos,1,1,1,1,1.8427899107659753,20–30 m,872_gt2l_1770176,293801.2,5279849.6,BOSQUE_NW_02,conservador,SI,,2018-11-24,NO
BOSQUE_NW_02(3),ATL08_20181124182732_08720113_007_02.h5,2018-11-24T18:27:32Z,gt2l,-71.51627349853516,-42.5865364074707,28319368.285097204,872.0,1.0,13.0,007,02,1073.0,1.0,1770286.0,1770290.0,925.098876953125,115.51463317871094,12.87298583984375,87.70924377441406,14.03082275390625,3.290621757507324,,,,,,,55.0,8.0,126.0,1.0,0.0,0.0,0.0,0.0,2018,11,Primavera,Bosque abierto desconocido,1,1,1,1,6.813434339602961,10–20 m,872_gt2l_1770286,293527.2,5282028.9,BOSQUE_NW_02,conservador,SI,,2018-11-24,NO
BOSQUE_NW_02(3),ATL08_20181124182732_08720113_007_02.h5,2018-11-24T18:27:32Z,gt2l,-71.51685333251953,-42.582061767578125,28319368.35550195,872.0,1.0,13.0,007,02,1073.0,1.0,1770311.0,1770315.0,885.042236328125,38.49928665161133,11.60980224609375,38.1405143737793,11.9573974609375,3.264352560043335,,,,,,,42.0,23.0,126.0,1.0,0.0,0.0,0.0,0.0,2018,11,Primavera,Bosque abierto desconocido,1,1,1,1,3.2851993139342324,10–20 m,872_gt2l_1770311,293464.8,5282524.3,BOSQUE_NW_02,conservador,SI,,2018-11-24,NO
BOSQUE_NW_02(3),ATL08_20181124182732_08720113_007_02.h5,2018-11-24T18:27:32Z,gt2l,-71.51731872558594,-42.57848358154297,28319368.411957722,872.0,1.0,13.0,007,02,1073.0,1.0,1770331.0,1770335.0,868.3140258789062,62.005977630615234,12.243896484375,68.67303466796875,12.53729248046875,3.163342237472534,,,,,,,47.0,14.0,126.0,1.0,0.0,0.0,0.0,0.0,2018,11,Primavera,Bosque abierto desconocido,1,1,1,1,5.608756555203286,10–20 m,872_gt2l_1770331,293414.8,5282920.6,BOSQUE_NW_02,conservador,SI,,2018-11-24,NO
BOSQUE_NW_02(3),ATL08_20181124182732_08720113_007_02.h5,2018-11-24T18:27:32Z,gt2l,-71.51848602294922,-42.56953811645508,28319368.552960057,872.0,1.0,13.0,007,02,1073.0,1.0,1770381.0,1770385.0,845.4382934570312,49.64139938354492,6.39691162109375,32.366024017333984,6.39691162109375,1.4209787845611572,,,,,,,26.0,17.0,116.0,1.0,0.0,0.0,0.0,0.0,2018,11,Primavera,Bosque cerrado desconocido,1,1,1,1,5.059632825097561,5–10 m,872_gt2l_1770381,293289.4,5283911.1,BOSQUE_NW_02,conservador,SI,,2018-11-24,NO
BOSQUE_NW_02(3),ATL08_20181124182732_08720113_007_02.h5,2018-11-24T18:27:32Z,gt2l,-71.51883697509766,-42.56685256958008,28319368.5951565,872.0,1.0,13.0,007,02,1073.0,1.0,1770396.0,1770400.0,819.2420043945312,43.35014343261719,18.0987548828125,48.817142486572266,18.0987548828125,4.53216028213501,,,,,,,32.0,19.0,20.0,1.0,0.0,0.0,0.0,0.0,2018,11,Primavera,Arbustos,1,1,1,1,2.697265242977102,10–20 m,872_gt2l_1770396,293251.8,5284208.5,BOSQUE_NW_02,conservador,SI,,2018-11-24,NO
BOSQUE_NW_02(3),ATL08_20181124182732_08720113_007_02.h5,2018-11-24T18:27:32Z,gt2r,-71.50235748291016,-42.6846809387207,28319367.088434447,872.0,1.0,13.0,007,02,1073.0,1.0,1769737.0,1769741.0,1344.3409423828125,103.26610565185547,19.752685546875,31.81435203552246,21.95166015625,4.6924333572387695,,,,,,,108.0,13.0,116.0,1.0,0.0,0.0,0.0,0.0,2018,11,Primavera,Bosque cerrado desconocido,1,1,1,1,1.6106342583151025,10–20 m,872_gt2r_1769737,294991.7,5271163.8,BOSQUE_NW_02,conservador,SI,,2018-11-24,NO
BOSQUE_NW_02(3),ATL08_20181124182732_08720113_007_02.h5,2018-11-24T18:27:32Z,gt2r,-71.50282287597656,-42.68110275268555,28319367.144748446,872.0,1.0,13.0,007,02,1073.0,1.0,1769757.0,1769761.0,1337.13671875,88.98853302001953,20.4500732421875,25.32040786743164,21.3193359375,5.891517162322998,,,,,,,128.0,15.0,116.0,1.0,0.0,0.0,0.0,0.0,2018,11,Primavera,Bosque cerrado desconocido,1,1,1,1,1.2381573194171687,20–30 m,872_gt2r_1769757,294941.8,5271560.0,BOSQUE_NW_02,conservador,SI,,2018-11-24,NO
BOSQUE_NW_02(3),ATL08_20181124182732_08720113_007_02.h5,2018-11-24T18:27:32Z,gt2r,-71.503173828125,-42.67842102050781,28319367.187092718,872.0,1.0,13.0,007,02,1073.0,1.0,1769772.0,1769776.0,1257.27197265625,39.43061065673828,20.834716796875,33.22660827636719,22.91162109375,5.7358078956604,,,,,,,89.0,32.0,116.0,1.0,0.0,0.0,0.0,0.0,2018,11,Primavera,Bosque cerrado desconocido,1,1,1,1,1.5947712944843506,20–30 m,872_gt2r_1769772,294904.2,5271856.9,BOSQUE_NW_02,conservador,SI,,2018-11-24,NO
BOSQUE_NW_02(3),ATL08_20181124182732_08720113_007_02.h5,2018-11-24T18:27:32Z,gt2r,-71.50633239746094,-42.654266357421875,28319367.56756914,872.0,1.0,13.0,007,02,1073.0,1.0,1769907.0,1769911.0,1287.6129150390625,71.42533874511719,20.453857421875,25.785873413085938,22.14208984375,5.361084461212158,,,,,,,106.0,18.0,112.0,1.0,0.0,0.0,0.0,0.0,2018,11,Primavera,Bosque cerrado perennifolio latifolio,1,1,1,1,1.2606851060528295,20–30 m,872_gt2r_1769907,294565.9,5274531.7,BOSQUE_NW_02,conservador,SI,,2018-11-24,NO
BOSQUE_NW_02(3),ATL08_20181124182732_08720113_007_02.h5,2018-11-24T18:27:32Z,gt2r,-71.50786590576172,-42.64263916015625,28319367.750872403,872.0,1.0,13.0,007,02,1073.0,1.0,1769972.0,1769976.0,1383.2420654296875,51.18228530883789,15.0858154296875,30.65558624267578,16.100341796875,3.7594380378723145,,,,,,,100.0,27.0,116.0,1.0,0.0,0.0,0.0,0.0,2018,11,Primavera,Bosque cerrado desconocido,1,1,1,1,2.0320801607017147,10–20 m,872_gt2r_1769972,294401.9,5275819.1,BOSQUE_NW_02,conservador,SI,,2018-11-24,NO
BOSQUE_NW_02(3),ATL08_20181124182732_08720113_007_02.h5,2018-11-24T18:27:32Z,gt2r,-71.50798034667969,-42.64174270629883,28319367.764923044,872.0,1.0,13.0,007,02,1073.0,1.0,1769977.0,1769981.0,1376.4056396484375,52.979591369628906,13.9085693359375,16.856037139892578,15.0076904296875,3.3474416732788086,,,,,,,73.0,26.0,114.0,1.0,0.0,0.0,0.0,0.0,2018,11,Primavera,Bosque cerrado caducifolio latifolio,1,1,1,1,1.211917396589403,10–20 m,872_gt2r_1769977,294389.5,5275918.4,BOSQUE_NW_02,conservador,SI,,2018-11-24,NO
BOSQUE_NW_02(3),ATL08_20181124182732_08720113_007_02.h5,2018-11-24T18:27:32Z,gt2r,-71.50809478759766,-42.64085006713867,28319367.778969884,872.0,1.0,13.0,007,02,1073.0,1.0,1769982.0,1769986.0,1367.1768798828125,124.23290252685547,16.3861083984375,27.74250602722168,17.00830078125,4.2779693603515625,,,,,,,89.0,11.0,114.0,1.0,0.0,0.0,0.0,0.0,2018,11,Primavera,Bosque cerrado caducifolio latifolio,1,1,1,1,1.6930503175401348,10–20 m,872_gt2r_1769982,294377.2,5276017.3,BOSQUE_NW_02,conservador,SI,,2018-11-24,NO
BOSQUE_NW_02(3),ATL08_20181124182732_08720113_007_02.h5,2018-11-24T18:27:32Z,gt2r,-71.50856018066406,-42.637271881103516,28319367.83518508,872.0,1.0,13.0,007,02,1073.0,1.0,1770002.0,1770006.0,1382.7230224609375,55.300270080566406,15.42431640625,31.170982360839844,16.3572998046875,4.519487380981445,,,,,,,85.0,25.0,112.0,1.0,0.0,0.0,0.0,0.0,2018,11,Primavera,Bosque cerrado perennifolio latifolio,1,1,1,1,2.020898789926873,10–20 m,872_gt2r_1770002,294327.2,5276413.5,BOSQUE_NW_02,conservador,SI,,2018-11-24,NO
BOSQUE_NW_02(3),ATL08_20181124182732_08720113_007_02.h5,2018-11-24T18:27:32Z,gt2r,-71.51191711425781,-42.611324310302734,28319368.24420842,872.0,1.0,13.0,007,02,1073.0,1.0,1770147.0,1770151.0,1066.5560302734375,22.183412551879883,6.15673828125,13.722247123718262,6.539794921875,1.2026594877243042,,,,,,,79.0,48.0,116.0,1.0,0.0,0.0,0.0,0.0,2018,11,Primavera,Bosque cerrado desconocido,1,1,1,1,2.228817678592672,5–10 m,872_gt2r_1770147,293966.4,5279286.8,BOSQUE_NW_02,conservador,SI,,2018-11-24,NO
BOSQUE_NW_02(3),ATL08_20181124182732_08720113_007_02.h5,2018-11-24T18:27:32Z,gt2r,-71.51261138916016,-42.60595703125,28319368.328914158,872.0,1.0,13.0,007,02,1073.0,1.0,1770177.0,1770181.0,1021.6048583984375,17.874849319458008,5.22125244140625,13.021535873413086,7.0096435546875,1.310538649559021,,,,,,,44.0,57.0,126.0,1.0,0.0,0.0,0.0,0.0,2018,11,Primavera,Bosque abierto desconocido,1,1,1,1,2.4939487258168214,5–10 m,872_gt2r_1770177,293891.7,5279881.1,BOSQUE_NW_02,conservador,SI,,2018-11-24,NO
BOSQUE_NW_02(3),ATL08_20181124182732_08720113_007_02.h5,2018-11-24T18:27:32Z,gt2r,-71.5136489868164,-42.597904205322266,28319368.455743525,872.0,1.0,13.0,007,02,1073.0,1.0,1770222.0,1770226.0,878.9727172851562,46.151119232177734,9.0419921875,13.681468963623047,11.05059814453125,2.117546796798706,,,,,,,97.0,19.0,126.0,1.0,0.0,0.0,0.0,0.0,2018,11,Primavera,Bosque abierto desconocido,1,1,1,1,1.5131033825197107,5–10 m,872_gt2r_1770222,293780.0,5280772.9,BOSQUE_NW_02,conservador,SI,,2018-11-24,NO
BOSQUE_NW_02(3),ATL08_20181124182732_08720113_007_02.h5,2018-11-24T18:27:32Z,gt2r,-71.51411437988281,-42.59432601928711,28319368.512128852,872.0,1.0,13.0,007,02,1073.0,1.0,1770242.0,1770246.0,895.5449829101562,49.9658088684082,17.71270751953125,16.603132247924805,18.40692138671875,5.507941722869873,,,,,,,97.0,18.0,126.0,1.0,0.0,0.0,0.0,0.0,2018,11,Primavera,Bosque abierto desconocido,1,1,1,1,0.9373571053220999,10–20 m,872_gt2r_1770242,293730.1,5281169.1,BOSQUE_NW_02,conservador,SI,,2018-11-24,NO
BOSQUE_NW_02(3),ATL08_20181124182732_08720113_007_02.h5,2018-11-24T18:27:32Z,gt2r,-71.51516723632812,-42.586273193359375,28319368.639094558,872.0,1.0,13.0,007,02,1073.0,1.0,1770287.0,1770291.0,911.1912841796875,23.872896194458008,8.652587890625,20.46255874633789,11.89019775390625,1.6329190731048584,,,,,,,123.0,38.0,20.0,1.0,0.0,0.0,0.0,0.0,2018,11,Primavera,Arbustos,1,1,1,1,2.3649061997404135,5–10 m,872_gt2r_1770287,293617.1,5282060.8,BOSQUE_NW_02,conservador,SI,,2018-11-24,NO
BOSQUE_NW_02(3),ATL08_20181124182732_08720113_007_02.h5,2018-11-24T18:27:32Z,gt2r,-71.51528930664062,-42.58538055419922,28319368.65312066,872.0,1.0,13.0,007,02,1073.0,1.0,1770292.0,1770296.0,893.2850952148438,29.812950134277344,6.23272705078125,16.892820358276367,8.129638671875,1.572512149810791,,,,,,,95.0,30.0,20.0,1.0,0.0,0.0,0.0,0.0,2018,11,Primavera,Arbustos,1,1,1,1,2.7103417525975106,5–10 m,872_gt2r_1770292,293604.1,5282159.6,BOSQUE_NW_02,conservador,SI,,2018-11-24,NO
BOSQUE_NW_02(3),ATL08_20181124182732_08720113_007_02.h5,2018-11-24T18:27:32Z,gt2r,-71.51551818847656,-42.58359146118164,28319368.681245077,872.0,1.0,13.0,007,02,1073.0,1.0,1770302.0,1770306.0,885.5086669921875,74.06542205810547,9.4190673828125,11.982603073120117,10.34906005859375,2.2965517044067383,,,,,,,69.0,12.0,126.0,1.0,0.0,0.0,0.0,0.0,2018,11,Primavera,Bosque abierto desconocido,1,1,1,1,1.2721644921009319,5–10 m,872_gt2r_1770302,293579.4,5282357.7,BOSQUE_NW_02,conservador,SI,,2018-11-24,NO
BOSQUE_NW_02(3),ATL08_20181124182732_08720113_007_02.h5,2018-11-24T18:27:32Z,gt2r,-71.51564025878906,-42.58269500732422,28319368.695301514,872.0,1.0,13.0,007,02,1073.0,1.0,1770307.0,1770311.0,896.1640014648438,20.823230743408203,7.267333984375,12.952550888061523,7.53271484375,1.4743602275848389,,,,,,,72.0,43.0,126.0,1.0,0.0,0.0,0.0,0.0,2018,11,Primavera,Bosque abierto desconocido,1,1,1,1,1.7822974581751605,5–10 m,872_gt2r_1770307,293566.5,5282457.0,BOSQUE_NW_02,conservador,SI,,2018-11-24,NO
BOSQUE_NW_02(3),ATL08_20181124182732_08720113_007_02.h5,2018-11-24T18:27:32Z,gt2r,-71.51598358154297,-42.580013275146484,28319368.737733725,872.0,1.0,13.0,007,02,1073.0,1.0,1770322.0,1770326.0,893.5755004882812,27.05406951904297,8.77447509765625,13.05668830871582,10.42596435546875,2.0033390522003174,,,,,,,80.0,33.0,126.0,1.0,0.0,0.0,0.0,0.0,2018,11,Primavera,Bosque abierto desconocido,1,1,1,1,1.488030698520461,5–10 m,872_gt2r_1770322,293529.4,5282754.0,BOSQUE_NW_02,conservador,SI,,2018-11-24,NO
BOSQUE_NW_02(3),ATL08_20181124182732_08720113_007_02.h5,2018-11-24T18:27:32Z,gt2r,-71.51679992675781,-42.57374954223633,28319368.836372625,872.0,1.0,13.0,007,02,1073.0,1.0,1770357.0,1770361.0,854.2838745117188,19.41931915283203,15.73126220703125,13.180731773376465,16.70770263671875,3.6788740158081055,,,,,,,132.0,44.0,126.0,1.0,0.0,0.0,0.0,0.0,2018,11,Primavera,Bosque abierto desconocido,1,1,1,1,0.8378686719419883,10–20 m,872_gt2r_1770357,293441.7,5283447.5,BOSQUE_NW_02,conservador,SI,,2018-11-24,NO
BOSQUE_NW_02(3),ATL08_20181124182732_08720113_007_02.h5,2018-11-24T18:27:32Z,gt3l,-71.46239471435547,-42.69049835205078,28319366.58460372,872.0,1.0,13.0,007,02,1073.0,1.0,1769689.0,1769693.0,1043.4609375,30.678089141845703,12.896728515625,32.961463928222656,13.1651611328125,3.6305811405181885,,,,,,,49.0,34.0,30.0,1.0,0.0,0.0,0.0,0.0,2018,11,Primavera,Herbáceas,1,1,1,1,2.5558004022716516,10–20 m,872_gt3l_1769689,298284.7,5270614.0,BOSQUE_NW_02,conservador,SI,,2018-11-24,NO
BOSQUE_NW_02(3),ATL08_20181124182732_08720113_007_02.h5,2018-11-24T18:27:32Z,gt3l,-71.46250915527344,-42.68960189819336,28319366.598688602,872.0,1.0,13.0,007,02,1073.0,1.0,1769694.0,1769698.0,1032.5924072265625,47.06717300415039,14.87548828125,46.00303649902344,15.6434326171875,4.160534381866455,,,,,,,68.0,22.0,20.0,1.0,0.0,0.0,0.0,0.0,2018,11,Primavera,Arbustos,1,1,1,1,3.0925395946167735,10–20 m,872_gt3l_1769694,298272.5,5270713.2,BOSQUE_NW_02,conservador,SI,,2018-11-24,NO
BOSQUE_NW_02(3),ATL08_20181124182732_08720113_007_02.h5,2018-11-24T18:27:32Z,gt3l,-71.4627456665039,-42.68781280517578,28319366.626906253,872.0,1.0,13.0,007,02,1073.0,1.0,1769704.0,1769708.0,1029.66943359375,41.14255905151367,11.18536376953125,48.74810028076172,12.19189453125,2.829730987548828,,,,,,,47.0,25.0,20.0,1.0,0.0,0.0,0.0,0.0,2018,11,Primavera,Arbustos,1,1,1,1,4.358204282416881,10–20 m,872_gt3l_1769704,298247.3,5270911.4,BOSQUE_NW_02,conservador,SI,,2018-11-24,NO
BOSQUE_NW_02(3),ATL08_20181124182732_08720113_007_02.h5,2018-11-24T18:27:32Z,gt3l,-71.46404266357422,-42.677974700927734,28319366.78204243,872.0,1.0,13.0,007,02,1073.0,1.0,1769759.0,1769763.0,1058.763671875,176.7853546142578,10.7452392578125,48.46749496459961,11.555419921875,2.4263079166412354,,,,,,,47.0,6.0,116.0,1.0,0.0,0.0,0.0,0.0,2018,11,Primavera,Bosque cerrado desconocido,1,1,1,1,4.51060174666288,10–20 m,872_gt3l_1769759,298109.2,5272000.8,BOSQUE_NW_02,conservador,SI,,2018-11-24,NO
BOSQUE_NW_02(3),ATL08_20181124182732_08720113_007_02.h5,2018-11-24T18:27:32Z,gt3l,-71.46475219726562,-42.672607421875,28319366.86653994,872.0,1.0,13.0,007,02,1073.0,1.0,1769789.0,1769793.0,1081.8974609375,72.09666442871094,11.2677001953125,58.993770599365234,12.256591796875,2.8031320571899414,,,,,,,43.0,15.0,116.0,1.0,0.0,0.0,0.0,0.0,2018,11,Primavera,Bosque cerrado desconocido,1,1,1,1,5.235653201343372,10–20 m,872_gt3l_1769789,298033.6,5272595.1,BOSQUE_NW_02,conservador,SI,,2018-11-24,NO
BOSQUE_NW_02(3),ATL08_20181124182732_08720113_007_02.h5,2018-11-24T18:27:32Z,gt3l,-71.4649887084961,-42.67081832885742,28319366.894749492,872.0,1.0,13.0,007,02,1073.0,1.0,1769799.0,1769803.0,1087.6812744140625,57.208168029785156,11.5357666015625,44.02858352661133,11.5357666015625,2.180821180343628,,,,,,,28.0,19.0,116.0,1.0,0.0,0.0,0.0,0.0,2018,11,Primavera,Bosque cerrado desconocido,1,1,1,1,3.8167020057988803,10–20 m,872_gt3l_1769799,298008.4,5272793.2,BOSQUE_NW_02,conservador,SI,,2018-11-24,NO
BOSQUE_NW_02(3),ATL08_20181124182732_08720113_007_02.h5,2018-11-24T18:27:32Z,gt3l,-71.46629333496094,-42.660980224609375,28319367.04967701,872.0,1.0,13.0,007,02,1073.0,1.0,1769854.0,1769858.0,1120.05859375,86.09786224365234,15.5294189453125,83.86686706542969,15.5294189453125,4.45997953414917,,,,,,,41.0,13.0,112.0,1.0,0.0,0.0,0.0,0.0,2018,11,Primavera,Bosque cerrado perennifolio latifolio,1,1,1,1,5.400515457839754,10–20 m,872_gt3l_1769854,297869.6,5273882.6,BOSQUE_NW_02,conservador,SI,,2018-11-24,NO
BOSQUE_NW_02(3),ATL08_20181124182732_08720113_007_02.h5,2018-11-24T18:27:32Z,gt3l,-71.46946716308594,-42.63682556152344,28319367.43021007,872.0,1.0,13.0,007,02,1073.0,1.0,1769989.0,1769993.0,1116.47509765625,101.48595428466797,16.44873046875,113.49297332763672,16.44873046875,4.897679328918457,,,,,,,28.0,11.0,112.0,1.0,0.0,0.0,0.0,0.0,2018,11,Primavera,Bosque cerrado perennifolio latifolio,1,1,1,1,6.899801388517826,10–20 m,872_gt3l_1769989,297531.1,5276557.4,BOSQUE_NW_02,conservador,SI,,2018-11-24,NO
BOSQUE_NW_02(3),ATL08_20181124182732_08720113_007_02.h5,2018-11-24T18:27:32Z,gt3l,-71.47076416015625,-42.626983642578125,28319367.585276607,872.0,1.0,13.0,007,02,1073.0,1.0,1770044.0,1770048.0,1130.65869140625,37.67430877685547,12.9984130859375,43.343441009521484,12.9984130859375,2.85841703414917,,,,,,,28.0,30.0,112.0,1.0,0.0,0.0,0.0,0.0,2018,11,Primavera,Bosque cerrado perennifolio latifolio,1,1,1,1,3.3345178925274457,10–20 m,872_gt3l_1770044,297392.8,5277647.3,BOSQUE_NW_02,conservador,SI,,2018-11-24,NO
BOSQUE_NW_02(3),ATL08_20181124182732_08720113_007_02.h5,2018-11-24T18:27:32Z,gt3l,-71.47111511230469,-42.62430191040039,28319367.627486326,872.0,1.0,13.0,007,02,1073.0,1.0,1770059.0,1770063.0,1117.10791015625,46.5679817199707,13.581787109375,58.87729263305664,14.343505859375,3.3320963382720947,,,,,,,56.0,24.0,116.0,1.0,0.0,0.0,0.0,0.0,2018,11,Primavera,Bosque cerrado desconocido,1,1,1,1,4.3350180767018385,10–20 m,872_gt3l_1770059,297355.4,5277944.2,BOSQUE_NW_02,conservador,SI,,2018-11-24,NO
BOSQUE_NW_02(3),ATL08_20181124182732_08720113_007_02.h5,2018-11-24T18:27:32Z,gt3l,-71.47122955322266,-42.62340545654297,28319367.641653392,872.0,1.0,13.0,007,02,1073.0,1.0,1770064.0,1770068.0,1108.65478515625,42.650081634521484,16.2454833984375,40.467227935791016,17.3306884765625,5.087524890899658,,,,,,,40.0,26.0,114.0,1.0,0.0,0.0,0.0,0.0,2018,11,Primavera,Bosque cerrado caducifolio latifolio,1,1,1,1,2.4909833055311346,10–20 m,872_gt3l_1770064,297343.1,5278043.5,BOSQUE_NW_02,conservador,SI,,2018-11-24,NO
BOSQUE_NW_02(3),ATL08_20181124182732_08720113_007_02.h5,2018-11-24T18:27:32Z,gt3l,-71.4720458984375,-42.61714553833008,28319367.740335885,872.0,1.0,13.0,007,02,1073.0,1.0,1770099.0,1770103.0,1104.861083984375,61.43907165527344,10.54638671875,43.502689361572266,10.54638671875,1.9781256914138794,,,,,,,27.0,18.0,116.0,1.0,0.0,0.0,0.0,0.0,2018,11,Primavera,Bosque cerrado desconocido,1,1,1,1,4.124890402912172,10–20 m,872_gt3l_1770099,297255.8,5278736.7,BOSQUE_NW_02,conservador,SI,,2018-11-24,NO
BOSQUE_NW_02(3),ATL08_20181124182732_08720113_007_02.h5,2018-11-24T18:27:32Z,gt3l,-71.47240447998047,-42.61445999145508,28319367.78258218,872.0,1.0,13.0,007,02,1073.0,1.0,1770114.0,1770118.0,1088.7799072265625,31.140220642089844,9.630126953125,39.5940055847168,9.630126953125,1.8495694398880005,,,,,,,23.0,35.0,116.0,1.0,0.0,0.0,0.0,0.0,2018,11,Primavera,Bosque cerrado desconocido,1,1,1,1,4.111472857776651,5–10 m,872_gt3l_1770114,297217.7,5279034.1,BOSQUE_NW_02,conservador,SI,,2018-11-24,NO
BOSQUE_NW_02(3),ATL08_20181124182732_08720113_007_02.h5,2018-11-24T18:27:32Z,gt3l,-71.47404479980469,-42.60193634033203,28319367.979929607,872.0,1.0,13.0,007,02,1073.0,1.0,1770184.0,1770187.0,1060.9793701171875,48.25503921508789,8.54150390625,65.51948547363281,8.54150390625,2.3926851749420166,,,,,,,25.0,22.0,126.0,1.0,0.0,0.0,0.0,0.0,2018,11,Primavera,Bosque abierto desconocido,1,1,1,1,7.670720073743783,5–10 m,872_gt3l_1770184,297042.4,5280420.9,BOSQUE_NW_02,conservador,SI,,2018-11-24,NO
BOSQUE_NW_02(3),ATL08_20181124182732_08720113_007_02.h5,2018-11-24T18:27:32Z,gt3l,-71.47545623779297,-42.59120178222656,28319368.149019603,872.0,1.0,13.0,007,02,1073.0,1.0,1770244.0,1770248.0,1137.167236328125,94.91068267822266,15.551025390625,59.82787322998047,16.78271484375,3.7038705348968506,,,,,,,59.0,12.0,126.0,1.0,0.0,0.0,0.0,0.0,2018,11,Primavera,Bosque abierto desconocido,1,1,1,1,3.8471979645823193,10–20 m,872_gt3l_1770244,296891.8,5281609.6,BOSQUE_NW_02,conservador,SI,,2018-11-24,NO
BOSQUE_NW_02(3),ATL08_20181124182732_08720113_007_02.h5,2018-11-24T18:27:32Z,gt3l,-71.47650909423828,-42.582969665527344,28319368.278664306,872.0,1.0,13.0,007,02,1073.0,1.0,1770290.0,1770293.0,990.35302734375,36.68870162963867,20.3675537109375,42.841400146484375,21.7454833984375,6.008644104003906,,,,,,,44.0,27.0,20.0,1.0,0.0,0.0,0.0,0.0,2018,11,Primavera,Arbustos,1,1,1,1,2.1034141239788795,20–30 m,872_gt3l_1770290,296778.6,5282521.2,BOSQUE_NW_02,conservador,SI,,2018-11-24,NO
BOSQUE_NW_02(3),ATL08_20181124182732_08720113_007_02.h5,2018-11-24T18:27:32Z,gt3l,-71.47798156738281,-42.57151794433594,28319368.45912292,872.0,1.0,13.0,007,02,1073.0,1.0,1770354.0,1770358.0,861.7471313476562,26.953641891479492,11.00250244140625,28.51154899597168,11.4185791015625,3.318183660507202,,,,,,,43.0,32.0,20.0,1.0,0.0,0.0,0.0,0.0,2018,11,Primavera,Arbustos,1,1,1,1,2.5913694768812583,10–20 m,872_gt3l_1770354,296620.6,5283789.4,BOSQUE_NW_02,conservador,SI,,2018-11-24,NO
BOSQUE_NW_02(3),ATL08_20181124182732_08720113_007_02.h5,2018-11-24T18:27:32Z,gt3l,-71.4790267944336,-42.5634651184082,28319368.585959155,872.0,1.0,13.0,007,02,1073.0,1.0,1770399.0,1770403.0,813.176513671875,90.33970642089844,9.859375,32.97922134399414,10.87835693359375,2.4128787517547607,,,,,,,39.0,9.0,126.0,1.0,0.0,0.0,0.0,0.0,2018,11,Primavera,Bosque abierto desconocido,1,1,1,1,3.3449606434479002,5–10 m,872_gt3l_1770399,296508.6,5284681.1,BOSQUE_NW_02,conservador,SI,,2018-11-24,NO
BOSQUE_NW_02(3),ATL08_20181124182732_08720113_007_02.h5,2018-11-24T18:27:32Z,gt3r,-71.46127319335938,-42.6904182434082,28319366.935046982,872.0,1.0,13.0,007,02,1073.0,1.0,1769689.0,1769693.0,1039.7874755859375,13.874659538269043,5.6221923828125,9.097268104553223,7.7357177734375,1.459049940109253,,,,,,,88.0,75.0,30.0,1.0,0.0,0.0,0.0,0.0,2018,11,Primavera,Herbáceas,1,1,1,1,1.6180997527520247,5–10 m,872_gt3r_1769689,298376.3,5270625.5,BOSQUE_NW_02,conservador,SI,,2018-11-24,NO
BOSQUE_NW_02(3),ATL08_20181124182732_08720113_007_02.h5,2018-11-24T18:27:32Z,gt3r,-71.46234130859375,-42.68236541748047,28319367.061995197,872.0,1.0,13.0,007,02,1073.0,1.0,1769734.0,1769738.0,1033.2698974609375,4.132876873016357,10.80078125,5.780725479125977,10.8946533203125,2.6093506813049316,,,,,,,63.0,250.0,116.0,1.0,0.0,0.0,0.0,0.0,2018,11,Primavera,Bosque cerrado desconocido,1,1,1,1,0.5352136429136528,10–20 m,872_gt3r_1769734,298262.8,5271517.3,BOSQUE_NW_02,conservador,SI,,2018-11-24,NO
BOSQUE_NW_02(3),ATL08_20181124182732_08720113_007_02.h5,2018-11-24T18:27:32Z,gt3r,-71.46305847167969,-42.677001953125,28319367.146472644,872.0,1.0,13.0,007,02,1073.0,1.0,1769764.0,1769768.0,1068.072998046875,10.781854629516602,3.5545654296875,11.198505401611328,4.259765625,0.7199345827102661,,,,,,,148.0,99.0,116.0,1.0,0.0,0.0,0.0,0.0,2018,11,Primavera,Bosque cerrado desconocido,1,1,1,1,3.150456961090697,2–5 m,872_gt3r_1769764,298186.6,5272111.2,BOSQUE_NW_02,conservador,SI,,2018-11-24,NO
BOSQUE_NW_02(3),ATL08_20181124182732_08720113_007_02.h5,2018-11-24T18:27:32Z,gt3r,-71.46328735351562,-42.675209045410156,28319367.1746383,872.0,1.0,13.0,007,02,1073.0,1.0,1769774.0,1769778.0,1075.9674072265625,10.447638511657715,5.01513671875,9.959814071655273,6.4224853515625,1.0450512170791626,,,,,,,139.0,103.0,116.0,1.0,0.0,0.0,0.0,0.0,2018,11,Primavera,Bosque cerrado desconocido,1,1,1,1,1.9859506590156752,5–10 m,872_gt3r_1769774,298162.1,5272309.7,BOSQUE_NW_02,conservador,SI,,2018-11-24,NO
BOSQUE_NW_02(3),ATL08_20181124182732_08720113_007_02.h5,2018-11-24T18:27:32Z,gt3r,-71.4634017944336,-42.67431640625,28319367.188713796,872.0,1.0,13.0,007,02,1073.0,1.0,1769779.0,1769783.0,1078.912109375,9.807942390441895,3.7408447265625,9.792929649353027,5.2222900390625,0.8984578251838684,,,,,,,110.0,110.0,116.0,1.0,0.0,0.0,0.0,0.0,2018,11,Primavera,Bosque cerrado desconocido,1,1,1,1,2.6178391152716594,2–5 m,872_gt3r_1769779,298149.8,5272408.6,BOSQUE_NW_02,conservador,SI,,2018-11-24,NO
BOSQUE_NW_02(3),ATL08_20181124182732_08720113_007_02.h5,2018-11-24T18:27:32Z,gt3r,-71.4635238647461,-42.673423767089844,28319367.202848047,872.0,1.0,13.0,007,02,1073.0,1.0,1769784.0,1769788.0,1082.70458984375,9.66612720489502,3.588134765625,10.795487403869629,5.3856201171875,0.7615827918052673,,,,,,,115.0,112.0,116.0,1.0,0.0,0.0,0.0,0.0,2018,11,Primavera,Bosque cerrado desconocido,1,1,1,1,3.0086627479247467,2–5 m,872_gt3r_1769784,298136.9,5272507.4,BOSQUE_NW_02,conservador,SI,,2018-11-24,NO
BOSQUE_NW_02(3),ATL08_20181124182732_08720113_007_02.h5,2018-11-24T18:27:32Z,gt3r,-71.4636459350586,-42.67252731323242,28319367.21698477,872.0,1.0,13.0,007,02,1073.0,1.0,1769789.0,1769793.0,1086.2113037109375,11.43546199798584,5.5653076171875,8.892748832702637,5.8173828125,1.2080819606781006,,,,,,,94.0,95.0,116.0,1.0,0.0,0.0,0.0,0.0,2018,11,Primavera,Bosque cerrado desconocido,1,1,1,1,1.5978899001447655,5–10 m,872_gt3r_1769789,298124.0,5272606.7,BOSQUE_NW_02,conservador,SI,,2018-11-24,NO
BOSQUE_NW_02(3),ATL08_20181124182732_08720113_007_02.h5,2018-11-24T18:27:32Z,gt3r,-71.46376037597656,-42.671634674072266,28319367.231055316,872.0,1.0,13.0,007,02,1073.0,1.0,1769794.0,1769798.0,1091.767333984375,22.259164810180664,5.1632080078125,12.464984893798828,5.976806640625,1.2980972528457642,,,,,,,101.0,49.0,116.0,1.0,0.0,0.0,0.0,0.0,2018,11,Primavera,Bosque cerrado desconocido,1,1,1,1,2.4141938258032485,5–10 m,872_gt3r_1769794,298111.7,5272705.5,BOSQUE_NW_02,conservador,SI,,2018-11-24,NO
BOSQUE_NW_02(3),ATL08_20181124182732_08720113_007_02.h5,2018-11-24T18:27:32Z,gt3r,-71.46446228027344,-42.66626739501953,28319367.315509304,872.0,1.0,13.0,007,02,1073.0,1.0,1769824.0,1769828.0,1098.4781494140625,11.095349311828613,4.5960693359375,9.971929550170898,6.7930908203125,1.1183346509933472,,,,,,,113.0,99.0,116.0,1.0,0.0,0.0,0.0,0.0,2018,11,Primavera,Bosque cerrado desconocido,1,1,1,1,2.169664733340416,2–5 m,872_gt3r_1769824,298036.8,5273299.9,BOSQUE_NW_02,conservador,SI,,2018-11-24,NO
BOSQUE_NW_02(3),ATL08_20181124182732_08720113_007_02.h5,2018-11-24T18:27:32Z,gt3r,-71.46846771240234,-42.6358528137207,28319367.794947483,872.0,1.0,13.0,007,02,1073.0,1.0,1769994.0,1769998.0,1131.5028076171875,28.27950668334961,20.0115966796875,17.524221420288086,20.799072265625,5.000833034515381,,,,,,,141.0,40.0,112.0,1.0,0.0,0.0,0.0,0.0,2018,11,Primavera,Bosque cerrado perennifolio latifolio,1,1,1,1,0.8757033084759204,20–30 m,872_gt3r_1769994,297609.9,5276667.8,BOSQUE_NW_02,conservador,SI,,2018-11-24,NO
BOSQUE_NW_02(3),ATL08_20181124182732_08720113_007_02.h5,2018-11-24T18:27:32Z,gt3r,-71.46952819824219,-42.62779998779297,28319367.921573076,872.0,1.0,13.0,007,02,1073.0,1.0,1770039.0,1770043.0,1143.7152099609375,16.32410430908203,17.543701171875,15.305469512939453,22.3916015625,4.971524238586426,,,,,,,137.0,70.0,112.0,1.0,0.0,0.0,0.0,0.0,2018,11,Primavera,Bosque cerrado perennifolio latifolio,1,1,1,1,0.8724196429813941,10–20 m,872_gt3r_1770039,297496.9,5277559.6,BOSQUE_NW_02,conservador,SI,,2018-11-24,NO
BOSQUE_NW_02(3),ATL08_20181124182732_08720113_007_02.h5,2018-11-24T18:27:32Z,gt3r,-71.47010803222656,-42.62332534790039,28319367.992061343,872.0,1.0,13.0,007,02,1073.0,1.0,1770064.0,1770068.0,1102.7000732421875,16.007352828979492,9.03076171875,12.418497085571289,10.8018798828125,2.5679121017456055,,,,,,,120.0,69.0,114.0,1.0,0.0,0.0,0.0,0.0,2018,11,Primavera,Bosque cerrado caducifolio latifolio,1,1,1,1,1.3751328484049743,5–10 m,872_gt3r_1770064,297434.8,5278055.1,BOSQUE_NW_02,conservador,SI,,2018-11-24,NO
BOSQUE_NW_02(3),ATL08_20181124182732_08720113_007_02.h5,2018-11-24T18:27:32Z,gt3r,-71.47022247314453,-42.622432708740234,28319368.006182797,872.0,1.0,13.0,007,02,1073.0,1.0,1770069.0,1770073.0,1092.6693115234375,15.600823402404785,9.1331787109375,14.89766788482666,10.2601318359375,2.146977186203003,,,,,,,142.0,70.0,112.0,1.0,0.0,0.0,0.0,0.0,2018,11,Primavera,Bosque cerrado perennifolio latifolio,1,1,1,1,1.631159134878841,5–10 m,872_gt3r_1770069,297422.5,5278153.9,BOSQUE_NW_02,conservador,SI,,2018-11-24,NO
BOSQUE_NW_02(3),ATL08_20181124182732_08720113_007_02.h5,2018-11-24T18:27:32Z,gt3r,-71.470458984375,-42.620643615722656,28319368.034348387,872.0,1.0,13.0,007,02,1073.0,1.0,1770079.0,1770083.0,1116.0596923828125,79.77622985839844,22.2271728515625,17.85658836364746,23.76806640625,5.382552146911621,,,,,,,140.0,14.0,112.0,1.0,0.0,0.0,0.0,0.0,2018,11,Primavera,Bosque cerrado perennifolio latifolio,1,1,1,1,0.8033675035011121,20–30 m,872_gt3r_1770079,297397.3,5278352.1,BOSQUE_NW_02,conservador,SI,,2018-11-24,NO
BOSQUE_NW_02(3),ATL08_20181124182732_08720113_007_02.h5,2018-11-24T18:27:32Z,gt3r,-71.47139739990234,-42.613487243652344,28319368.147031672,872.0,1.0,13.0,007,02,1073.0,1.0,1770119.0,1770123.0,1096.3846435546875,23.353185653686523,3.609619140625,15.080401420593262,4.5421142578125,0.8161680698394775,,,,,,,115.0,47.0,116.0,1.0,0.0,0.0,0.0,0.0,2018,11,Primavera,Bosque cerrado desconocido,1,1,1,1,4.177837282296246,2–5 m,872_gt3r_1770119,297297.1,5279144.5,BOSQUE_NW_02,conservador,SI,,2018-11-24,NO
BOSQUE_NW_02(3),ATL08_20181124182732_08720113_007_02.h5,2018-11-24T18:27:32Z,gt3r,-71.47163391113281,-42.611698150634766,28319368.17530705,872.0,1.0,13.0,007,02,1073.0,1.0,1770129.0,1770133.0,1092.874755859375,15.607794761657715,3.5657958984375,14.876766204833984,4.658935546875,0.7481815814971924,,,,,,,130.0,70.0,114.0,1.0,0.0,0.0,0.0,0.0,2018,11,Primavera,Bosque cerrado caducifolio latifolio,1,1,1,1,4.172074518160967,2–5 m,872_gt3r_1770129,297271.9,5279342.6,BOSQUE_NW_02,conservador,SI,,2018-11-24,NO
BOSQUE_NW_02(3),ATL08_20181124182732_08720113_007_02.h5,2018-11-24T18:27:32Z,gt3r,-71.47232818603516,-42.606327056884766,28319368.259746376,872.0,1.0,13.0,007,02,1073.0,1.0,1770159.0,1770163.0,1065.8360595703125,106.74104309082031,7.898681640625,7.998655796051025,8.350341796875,1.9273515939712524,,,,,,,46.0,10.0,116.0,1.0,0.0,0.0,0.0,0.0,2018,11,Primavera,Bosque cerrado desconocido,1,1,1,1,1.0126570686064662,5–10 m,872_gt3r_1770159,297197.5,5279937.4,BOSQUE_NW_02,conservador,SI,,2018-11-24,NO
BOSQUE_NW_02(3),ATL08_20181124182732_08720113_007_02.h5,2018-11-24T18:27:32Z,gt3r,-71.473388671875,-42.5982780456543,28319368.386766046,872.0,1.0,13.0,007,02,1073.0,1.0,1770204.0,1770208.0,1116.3646240234375,39.87668228149414,21.67529296875,18.08625030517578,25.381591796875,5.438714504241943,,,,,,,146.0,28.0,112.0,1.0,0.0,0.0,0.0,0.0,2018,11,Primavera,Bosque cerrado perennifolio latifolio,1,1,1,1,0.8344178014687662,20–30 m,872_gt3r_1770204,297084.4,5280828.7,BOSQUE_NW_02,conservador,SI,,2018-11-24,NO
BOSQUE_NW_02(3),ATL08_20181124182732_08720113_007_02.h5,2018-11-24T18:27:32Z,gt3r,-71.47421264648438,-42.59201431274414,28319368.48538869,872.0,1.0,13.0,007,02,1073.0,1.0,1770239.0,1770243.0,1134.8896484375,8.79608154296875,2.9552001953125,10.711414337158203,6.233154296875,0.7591214776039124,,,,,,,132.0,129.0,126.0,1.0,0.0,0.0,0.0,0.0,2018,11,Primavera,Bosque abierto desconocido,1,1,1,1,3.6245985480606384,2–5 m,872_gt3r_1770239,296996.5,5281522.3,BOSQUE_NW_02,conservador,SI,,2018-11-24,NO
BOSQUE_NW_02(3),ATL08_20181124182732_08720113_007_02.h5,2018-11-24T18:27:32Z,gt3r,-71.47433471679688,-42.591121673583984,28319368.499420755,872.0,1.0,13.0,007,02,1073.0,1.0,1770244.0,1770248.0,1137.70849609375,8.429634094238281,6.300048828125,8.903088569641113,7.620361328125,1.3716391324996948,,,,,,,67.0,135.0,126.0,1.0,0.0,0.0,0.0,0.0,2018,11,Primavera,Bosque abierto desconocido,1,1,1,1,1.4131777090195698,5–10 m,872_gt3r_1770244,296983.5,5281621.2,BOSQUE_NW_02,conservador,SI,,2018-11-24,NO
BOSQUE_NW_02(3),ATL08_20181124182732_08720113_007_02.h5,2018-11-24T18:27:32Z,gt3r,-71.47492218017578,-42.586647033691406,28319368.569788832,872.0,1.0,13.0,007,02,1073.0,1.0,1770269.0,1770273.0,1130.3614501953125,10.85281753540039,9.932373046875,13.458066940307617,10.9656982421875,1.8871890306472778,,,,,,,144.0,104.0,20.0,1.0,0.0,0.0,0.0,0.0,2018,11,Primavera,Arbustos,1,1,1,1,1.354969942912273,5–10 m,872_gt3r_1770269,296920.8,5282116.7,BOSQUE_NW_02,conservador,SI,,2018-11-24,NO
BOSQUE_NW_02(3),ATL08_20181124182732_08720113_007_02.h5,2018-11-24T18:27:32Z,gt3r,-71.47791290283203,-42.563385009765625,28319368.936547663,872.0,1.0,13.0,007,02,1073.0,1.0,1770399.0,1770403.0,827.8890380859375,13.155315399169922,9.97137451171875,10.052421569824219,10.8204345703125,2.3845536708831787,,,,,,,138.0,63.0,126.0,1.0,0.0,0.0,0.0,0.0,2018,11,Primavera,Bosque abierto desconocido,1,1,1,1,1.0081279725287842,5–10 m,872_gt3r_1770399,296599.8,5284692.7,BOSQUE_NW_02,conservador,SI,,2018-11-24,NO
BOSQUE_NW_02(3),ATL08_20181124182732_08720113_007_02.h5,2018-11-24T18:27:32Z,gt3r,-71.47803497314453,-42.5624885559082,28319368.950608294,872.0,1.0,13.0,007,02,1073.0,1.0,1770404.0,1770408.0,825.42822265625,5.128689765930176,11.2327880859375,7.037951946258545,12.25665283203125,2.75872802734375,,,,,,,95.0,161.0,126.0,1.0,0.0,0.0,0.0,0.0,2018,11,Primavera,Bosque abierto desconocido,1,1,1,1,0.6265543240390572,10–20 m,872_gt3r_1770404,296586.8,5284791.9,BOSQUE_NW_02,conservador,SI,,2018-11-24,NO
BOSQUE_NW_02(3),ATL08_20181124182732_08720113_007_02.h5,2018-11-24T18:27:32Z,gt3r,-71.47838592529297,-42.55980682373047,28319368.99282794,872.0,1.0,13.0,007,02,1073.0,1.0,1770419.0,1770423.0,802.4064331054688,4.664090156555176,10.4259033203125,6.409050941467285,10.4259033203125,2.9169681072235107,,,,,,,34.0,172.0,20.0,1.0,0.0,0.0,0.0,0.0,2018,11,Primavera,Arbustos,1,1,1,1,0.6147238032584388,10–20 m,872_gt3r_1770419,296549.3,5285088.9,BOSQUE_NW_02,conservador,SI,,2018-11-24,NO
BOSQUE_NW_02(3),ATL08_20190223140731_08720213_007_01.h5,2019-02-23T14:07:31Z,gt1l,-71.59223175048828,-42.57693862915039,36166168.555213146,872.0,2.0,13.0,007,01,2460.0,0.0,1770369.0,1770373.0,847.5233764648438,24.93335723876953,14.62042236328125,14.71288013458252,17.32537841796875,3.8186283111572266,,,,,,,180.0,34.0,116.0,1.0,0.0,0.0,0.0,0.0,2019,2,Verano,Bosque cerrado desconocido,1,1,1,1,1.0063238782713606,10–20 m,872_gt1l_1770369,287261.4,5282906.5,BOSQUE_NW_02,conservador,SI,,2019-02-23,NO
BOSQUE_NW_02(3),ATL08_20190223140731_08720213_007_01.h5,2019-02-23T14:07:31Z,gt1l,-71.59245300292969,-42.57514953613281,36166168.58344219,872.0,2.0,13.0,007,01,2460.0,0.0,1770379.0,1770383.0,815.48193359375,50.97933578491211,14.9471435546875,17.064577102661133,15.5628662109375,4.148510932922363,,,,,,,104.0,16.0,112.0,1.0,0.0,0.0,0.0,0.0,2019,2,Verano,Bosque cerrado perennifolio latifolio,1,1,1,1,1.1416614177970876,10–20 m,872_gt1l_1770379,287237.2,5283104.6,BOSQUE_NW_02,conservador,SI,,2019-02-23,NO
BOSQUE_NW_02(3),ATL08_20190223140731_08720213_007_01.h5,2019-02-23T14:07:31Z,gt2l,-71.538330078125,-42.681640625,36166166.84334167,872.0,2.0,13.0,007,01,2460.0,0.0,1769768.0,1769771.0,1301.4482421875,118.82421112060547,23.997802734375,44.23554611206055,25.834228515625,5.601846694946289,,,,,,,61.0,11.0,116.0,1.0,0.0,0.0,0.0,0.0,2019,2,Verano,Bosque cerrado desconocido,1,1,1,1,1.8433165153364872,20–30 m,872_gt2l_1769768,292034.3,5271413.4,BOSQUE_NW_02,conservador,SI,,2019-02-23,NO
BOSQUE_NW_02(3),ATL08_20190223140731_08720213_007_01.h5,2019-02-23T14:07:31Z,gt2l,-71.53937530517578,-42.673587799072266,36166166.97008567,872.0,2.0,13.0,007,01,2460.0,0.0,1769813.0,1769817.0,1098.260986328125,14.256265640258789,8.9913330078125,12.255475997924805,11.0972900390625,2.2400529384613037,,,,,,,69.0,77.0,116.0,1.0,0.0,0.0,0.0,0.0,2019,2,Verano,Bosque cerrado desconocido,1,1,1,1,1.363032154106195,5–10 m,872_gt2l_1769813,291921.8,5272305.1,BOSQUE_NW_02,conservador,SI,,2019-02-23,NO
BOSQUE_NW_02(3),ATL08_20190223140731_08720213_007_01.h5,2019-02-23T14:07:31Z,gt2l,-71.53958892822266,-42.67197799682617,36166166.99530879,872.0,2.0,13.0,007,01,2460.0,0.0,1769823.0,1769827.0,1116.3873291015625,35.982818603515625,16.1795654296875,16.307714462280273,24.4627685546875,3.6628201007843018,,,,,,,113.0,31.0,112.0,1.0,0.0,0.0,0.0,0.0,2019,2,Verano,Bosque cerrado perennifolio latifolio,1,1,1,1,1.007920424880982,10–20 m,872_gt2l_1769823,291898.9,5272483.4,BOSQUE_NW_02,conservador,SI,,2019-02-23,NO
BOSQUE_NW_02(3),ATL08_20190223140731_08720213_007_01.h5,2019-02-23T14:07:31Z,gt2l,-71.54338836669922,-42.6431770324707,36166167.44926804,872.0,2.0,13.0,007,01,2460.0,0.0,1769983.0,1769987.0,1156.1971435546875,24.55701446533203,6.353515625,16.872472763061523,7.26171875,1.6078298091888428,,,,,,,64.0,47.0,20.0,1.0,0.0,0.0,0.0,0.0,2019,2,Verano,Arbustos,1,1,1,1,2.6556120672264063,5–10 m,872_gt2l_1769983,291491.3,5275672.4,BOSQUE_NW_02,conservador,SI,,2019-02-23,NO
BOSQUE_NW_02(3),ATL08_20190223140731_08720213_007_01.h5,2019-02-23T14:07:31Z,gt2l,-71.54350280761719,-42.64228439331055,36166167.4633212,872.0,2.0,13.0,007,01,2460.0,0.0,1769988.0,1769992.0,1139.2216796875,13.700874328613281,4.3692626953125,10.964248657226562,5.6605224609375,0.9996500611305237,,,,,,,109.0,83.0,30.0,1.0,0.0,0.0,0.0,0.0,2019,2,Verano,Herbáceas,1,1,1,1,2.5094047718827706,2–5 m,872_gt2l_1769988,291478.9,5275771.2,BOSQUE_NW_02,conservador,SI,,2019-02-23,NO
BOSQUE_NW_02(3),ATL08_20190223140731_08720213_007_01.h5,2019-02-23T14:07:31Z,gt2l,-71.54396057128906,-42.638702392578125,36166167.5196464,872.0,2.0,13.0,007,01,2460.0,0.0,1770008.0,1770012.0,1064.7244873046875,17.457042694091797,9.475830078125,13.367060661315918,10.6534423828125,2.3307371139526367,,,,,,,83.0,61.0,126.0,1.0,0.0,0.0,0.0,0.0,2019,2,Verano,Bosque abierto desconocido,1,1,1,1,1.4106479908471388,5–10 m,872_gt2l_1770008,291429.4,5276167.9,BOSQUE_NW_02,conservador,SI,,2019-02-23,NO
BOSQUE_NW_02(3),ATL08_20190223140731_08720213_007_01.h5,2019-02-23T14:07:31Z,gt2l,-71.54566955566406,-42.625282287597656,36166167.73089067,872.0,2.0,13.0,007,01,2460.0,0.0,1770083.0,1770087.0,898.1923217773438,5.346940994262695,16.3255615234375,6.747997283935547,17.626220703125,3.24955153465271,,,,,,,73.0,168.0,116.0,1.0,0.0,0.0,0.0,0.0,2019,2,Verano,Bosque cerrado desconocido,1,1,1,1,0.41333936809756316,10–20 m,872_gt2l_1770083,291244.4,5277654.0,BOSQUE_NW_02,conservador,SI,,2019-02-23,NO
BOSQUE_NW_02(3),ATL08_20190223140731_08720213_007_01.h5,2019-02-23T14:07:31Z,gt2l,-71.54601287841797,-42.622596740722656,36166167.773209564,872.0,2.0,13.0,007,01,2460.0,0.0,1770098.0,1770102.0,897.6802368164062,8.015447616577148,16.1947021484375,10.943758010864258,16.1947021484375,4.8466925621032715,,,,,,,44.0,112.0,20.0,1.0,0.0,0.0,0.0,0.0,2019,2,Verano,Arbustos,1,1,1,1,0.6757616108376612,10–20 m,872_gt2l_1770098,291207.3,5277951.4,BOSQUE_NW_02,conservador,SI,,2019-02-23,NO
BOSQUE_NW_02(3),ATL08_20190223140731_08720213_007_01.h5,2019-02-23T14:07:31Z,gt2l,-71.5463638305664,-42.61991500854492,36166167.81556661,872.0,2.0,13.0,007,01,2460.0,0.0,1770113.0,1770117.0,929.19873046875,27.231355667114258,9.7095947265625,9.602375984191895,10.72076416015625,2.627293348312378,,,,,,,69.0,34.0,116.0,1.0,0.0,0.0,0.0,0.0,2019,2,Verano,Bosque cerrado desconocido,1,1,1,1,0.9889574441168706,5–10 m,872_gt2l_1770113,291169.6,5278248.3,BOSQUE_NW_02,conservador,SI,,2019-02-23,NO
BOSQUE_NW_02(3),ATL08_20190223140731_08720213_007_01.h5,2019-02-23T14:07:31Z,gt2l,-71.54706573486328,-42.61454772949219,36166167.900271684,872.0,2.0,13.0,007,01,2460.0,0.0,1770143.0,1770147.0,1037.5731201171875,51.79557418823242,11.135498046875,18.374414443969727,16.13427734375,2.2061879634857178,,,,,,,107.0,20.0,116.0,1.0,0.0,0.0,0.0,0.0,2019,2,Verano,Bosque cerrado desconocido,1,1,1,1,1.6500756739054177,10–20 m,872_gt2l_1770143,291094.0,5278842.6,BOSQUE_NW_02,conservador,SI,,2019-02-23,NO
BOSQUE_NW_02(3),ATL08_20190223140731_08720213_007_01.h5,2019-02-23T14:07:31Z,gt2l,-71.5488510131836,-42.601131439208984,36166168.11196133,872.0,2.0,13.0,007,01,2460.0,0.0,1770218.0,1770222.0,1280.736328125,67.66523742675781,17.6434326171875,28.082698822021484,18.3028564453125,4.638113021850586,,,,,,,102.0,19.0,114.0,1.0,0.0,0.0,0.0,0.0,2019,2,Verano,Bosque cerrado caducifolio latifolio,1,1,1,1,1.591679999654063,10–20 m,872_gt2l_1770218,290902.7,5280328.1,BOSQUE_NW_02,conservador,SI,,2019-02-23,NO
BOSQUE_NW_02(3),ATL08_20190223140731_08720213_007_01.h5,2019-02-23T14:07:31Z,gt2l,-71.5489730834961,-42.60023880004883,36166168.12612389,872.0,2.0,13.0,007,01,2460.0,0.0,1770223.0,1770227.0,1301.5556640625,45.0323600769043,18.902587890625,31.4599609375,21.62158203125,5.291471004486084,,,,,,,88.0,29.0,114.0,1.0,0.0,0.0,0.0,0.0,2019,2,Verano,Bosque cerrado caducifolio latifolio,1,1,1,1,1.6643203099773975,10–20 m,872_gt2l_1770223,290889.7,5280426.9,BOSQUE_NW_02,conservador,SI,,2019-02-23,NO
BOSQUE_NW_02(3),ATL08_20190223140731_08720213_007_01.h5,2019-02-23T14:07:31Z,gt2l,-71.5492172241211,-42.59844970703125,36166168.1541169,872.0,2.0,13.0,007,01,2460.0,0.0,1770233.0,1770237.0,1301.4483642578125,34.31975555419922,19.2030029296875,25.048288345336914,23.3350830078125,5.137688159942627,,,,,,,99.0,38.0,114.0,1.0,0.0,0.0,0.0,0.0,2019,2,Verano,Bosque cerrado caducifolio latifolio,1,1,1,1,1.3043943406691203,10–20 m,872_gt2l_1770233,290863.7,5280625.0,BOSQUE_NW_02,conservador,SI,,2019-02-23,NO
BOSQUE_NW_02(3),ATL08_20190223140731_08720213_007_01.h5,2019-02-23T14:07:31Z,gt2l,-71.55107116699219,-42.58431625366211,36166168.37680308,872.0,2.0,13.0,007,01,2460.0,0.0,1770313.0,1770316.0,1129.2476806640625,53.70369338989258,22.72802734375,33.520713806152344,23.086669921875,6.574226379394531,,,,,,,101.0,21.0,116.0,1.0,0.0,0.0,0.0,0.0,2019,2,Verano,Bosque cerrado desconocido,1,1,1,1,1.4748624374288353,20–30 m,872_gt2l_1770313,290664.3,5282189.9,BOSQUE_NW_02,conservador,SI,,2019-02-23,NO
BOSQUE_NW_02(3),ATL08_20190223140731_08720213_007_01.h5,2019-02-23T14:07:31Z,gt2l,-71.55143737792969,-42.581451416015625,36166168.42170067,872.0,2.0,13.0,007,01,2460.0,0.0,1770328.0,1770332.0,1086.8131103515625,98.61862182617188,19.10302734375,12.947937965393066,23.17236328125,4.6816325187683105,,,,,,,98.0,11.0,40.0,1.0,0.0,0.0,0.0,0.0,2019,2,Verano,Cultivos/manejo,1,1,1,1,0.6777950809785803,10–20 m,872_gt2l_1770328,290624.6,5282507.1,BOSQUE_NW_02,conservador,SI,,2019-02-23,NO
BOSQUE_NW_02(3),ATL08_20190223140731_08720213_007_01.h5,2019-02-23T14:07:31Z,gt2l,-71.55167388916016,-42.57966232299805,36166168.45000923,872.0,2.0,13.0,007,01,2460.0,0.0,1770338.0,1770342.0,1024.7509765625,27.597957611083984,8.81494140625,13.546414375305176,9.031494140625,1.9278069734573364,,,,,,,60.0,37.0,116.0,1.0,0.0,0.0,0.0,0.0,2019,2,Verano,Bosque cerrado desconocido,1,1,1,1,1.536756031719105,5–10 m,872_gt2l_1770338,290599.2,5282705.2,BOSQUE_NW_02,conservador,SI,,2019-02-23,NO
BOSQUE_NW_02(3),ATL08_20190223140731_08720213_007_01.h5,2019-02-23T14:07:31Z,gt2l,-71.55189514160156,-42.57787322998047,36166168.47801171,872.0,2.0,13.0,007,01,2460.0,0.0,1770348.0,1770352.0,982.851806640625,33.865596771240234,5.66278076171875,11.410489082336426,6.88262939453125,1.3662443161010742,,,,,,,80.0,29.0,116.0,1.0,0.0,0.0,0.0,0.0,2019,2,Verano,Bosque cerrado desconocido,1,1,1,1,2.0149975007814267,5–10 m,872_gt2l_1770348,290575.1,5282903.4,BOSQUE_NW_02,conservador,SI,,2019-02-23,NO
BOSQUE_NW_02(3),ATL08_20190223140731_08720213_007_01.h5,2019-02-23T14:07:31Z,gt2l,-71.552001953125,-42.57697677612305,36166168.49218169,872.0,2.0,13.0,007,01,2460.0,0.0,1770353.0,1770357.0,965.602783203125,33.39301681518555,4.44879150390625,12.01543140411377,6.03387451171875,1.086920976638794,,,,,,,70.0,29.0,126.0,1.0,0.0,0.0,0.0,0.0,2019,2,Verano,Bosque abierto desconocido,1,1,1,1,2.7008304150832085,2–5 m,872_gt2l_1770353,290563.3,5283002.6,BOSQUE_NW_02,conservador,SI,,2019-02-23,NO
BOSQUE_NW_02(3),ATL08_20190223140731_08720213_007_01.h5,2019-02-23T14:07:31Z,gt2l,-71.55209350585938,-42.576263427734375,36166168.50341051,872.0,2.0,13.0,007,01,2460.0,0.0,1770358.0,1770362.0,957.1331787109375,45.817203521728516,12.42523193359375,14.031532287597656,13.66656494140625,3.119152307510376,,,,,,,98.0,21.0,126.0,1.0,0.0,0.0,0.0,0.0,2019,2,Verano,Bosque abierto desconocido,1,1,1,1,1.129277293380818,10–20 m,872_gt2l_1770358,290553.4,5283081.6,BOSQUE_NW_02,conservador,SI,,2019-02-23,NO
BOSQUE_NW_02(3),ATL08_20190223140731_08720213_007_01.h5,2019-02-23T14:07:31Z,gt2l,-71.55235290527344,-42.57429504394531,36166168.53442885,872.0,2.0,13.0,007,01,2460.0,0.0,1770368.0,1770372.0,941.03759765625,31.404726028442383,6.47625732421875,14.660806655883789,13.56109619140625,1.8634679317474365,,,,,,,87.0,30.0,126.0,1.0,0.0,0.0,0.0,0.0,2019,2,Verano,Bosque abierto desconocido,1,1,1,1,2.2637776607575373,5–10 m,872_gt2l_1770368,290525.5,5283299.6,BOSQUE_NW_02,conservador,SI,,2019-02-23,NO
BOSQUE_NW_02(3),ATL08_20190223140731_08720213_007_01.h5,2019-02-23T14:07:31Z,gt2l,-71.55245971679688,-42.57339859008789,36166168.548494376,872.0,2.0,13.0,007,01,2460.0,0.0,1770373.0,1770377.0,927.4750366210938,18.171661376953125,5.02423095703125,14.277997970581055,6.1444091796875,1.1728349924087524,,,,,,,92.0,51.0,126.0,1.0,0.0,0.0,0.0,0.0,2019,2,Verano,Bosque abierto desconocido,1,1,1,1,2.8418275538467146,5–10 m,872_gt2l_1770373,290513.7,5283398.9,BOSQUE_NW_02,conservador,SI,,2019-02-23,NO
BOSQUE_NW_02(3),ATL08_20190223140731_08720213_007_01.h5,2019-02-23T14:07:31Z,gt2l,-71.55450439453125,-42.55729293823242,36166168.802066974,872.0,2.0,13.0,007,01,2460.0,0.0,1770463.0,1770467.0,729.2559204101562,9.361515045166016,9.74505615234375,11.40927791595459,15.16680908203125,2.682394504547119,,,,,,,100.0,78.0,116.0,1.0,0.0,0.0,0.0,0.0,2019,2,Verano,Bosque cerrado desconocido,1,1,1,1,1.1707760055554512,5–10 m,872_gt2l_1770463,290291.9,5285182.3,BOSQUE_NW_02,conservador,SI,,2019-02-23,NO
BOSQUE_NW_02(3),ATL08_20190223140731_08720213_007_01.h5,2019-02-23T14:07:31Z,gt2r,-71.53857421875,-42.67100524902344,36166167.3607404,872.0,2.0,13.0,007,01,2460.0,0.0,1769827.0,1769831.0,1122.683837890625,74.7701644897461,18.930908203125,76.17415618896484,19.4263916015625,5.540698528289795,,,,,,,51.0,15.0,126.0,1.0,0.0,0.0,0.0,0.0,2019,2,Verano,Bosque abierto desconocido,1,1,1,1,4.023798297029958,10–20 m,872_gt2r_1769827,291978.8,5272593.9,BOSQUE_NW_02,conservador,SI,,2019-02-23,NO
BOSQUE_NW_02(3),ATL08_20190223140731_08720213_007_01.h5,2019-02-23T14:07:31Z,gt2r,-71.53949737548828,-42.663848876953125,36166167.4735608,872.0,2.0,13.0,007,01,2460.0,0.0,1769867.0,1769871.0,1073.1190185546875,35.764278411865234,19.93359375,33.19331359863281,19.9554443359375,5.747489929199219,,,,,,,65.0,30.0,30.0,1.0,0.0,0.0,0.0,0.0,2019,2,Verano,Herbáceas,1,1,1,1,1.665194646531452,10–20 m,872_gt2r_1769867,291879.3,5273386.4,BOSQUE_NW_02,conservador,SI,,2019-02-23,NO
BOSQUE_NW_02(3),ATL08_20190223140731_08720213_007_01.h5,2019-02-23T14:07:31Z,gt2r,-71.53961181640625,-42.6629524230957,36166167.487673186,872.0,2.0,13.0,007,01,2460.0,0.0,1769872.0,1769876.0,1088.776611328125,51.849273681640625,15.3043212890625,59.56083297729492,15.3043212890625,4.262757301330566,,,,,,,25.0,21.0,112.0,1.0,0.0,0.0,0.0,0.0,2019,2,Verano,Bosque cerrado perennifolio latifolio,1,1,1,1,3.8917657210882726,10–20 m,872_gt2r_1769872,291866.9,5273485.6,BOSQUE_NW_02,conservador,SI,,2019-02-23,NO
BOSQUE_NW_02(3),ATL08_20190223140731_08720213_007_01.h5,2019-02-23T14:07:31Z,gt2r,-71.54544067382812,-42.61822509765625,36166168.19247211,872.0,2.0,13.0,007,01,2460.0,0.0,1770122.0,1770126.0,912.594970703125,56.780784606933594,20.981201171875,68.44939422607422,23.9796142578125,6.034316062927246,,,,,,,55.0,16.0,116.0,1.0,0.0,0.0,0.0,0.0,2019,2,Verano,Bosque cerrado desconocido,1,1,1,1,3.2624154196581294,20–30 m,872_gt2r_1770122,291239.6,5278438.2,BOSQUE_NW_02,conservador,SI,,2019-02-23,NO
BOSQUE_NW_02(3),ATL08_20190223140731_08720213_007_01.h5,2019-02-23T14:07:31Z,gt2r,-71.5457992553711,-42.61553955078125,36166168.23468549,872.0,2.0,13.0,007,01,2460.0,0.0,1770137.0,1770141.0,960.167236328125,120.4803466796875,18.7510986328125,137.19345092773438,18.7510986328125,4.229013919830322,,,,,,,39.0,8.0,126.0,1.0,0.0,0.0,0.0,0.0,2019,2,Verano,Bosque abierto desconocido,1,1,1,1,7.316555345064417,10–20 m,872_gt2r_1770137,291201.2,5278735.6,BOSQUE_NW_02,conservador,SI,,2019-02-23,NO
BOSQUE_NW_02(3),ATL08_20190223140731_08720213_007_01.h5,2019-02-23T14:07:31Z,gt2r,-71.54846954345703,-42.594966888427734,36166168.55888352,872.0,2.0,13.0,007,01,2460.0,0.0,1770253.0,1770256.0,1275.607177734375,70.89119720458984,23.162109375,79.021240234375,23.162109375,5.356226921081543,,,,,,,42.0,18.0,112.0,1.0,0.0,0.0,0.0,0.0,2019,2,Verano,Bosque cerrado perennifolio latifolio,1,1,1,1,3.4116599207353064,20–30 m,872_gt2r_1770253,290913.4,5281013.6,BOSQUE_NW_02,conservador,SI,,2019-02-23,NO
BOSQUE_NW_02(3),ATL08_20190223140731_08720213_007_01.h5,2019-02-23T14:07:31Z,gt2r,-71.5501708984375,-42.58154296875,36166168.77033198,872.0,2.0,13.0,007,01,2460.0,0.0,1770327.0,1770331.0,1077.4189453125,89.73055267333984,22.4501953125,96.17649841308594,23.0313720703125,6.789676189422607,,,,,,,49.0,12.0,116.0,1.0,0.0,0.0,0.0,0.0,2019,2,Verano,Bosque cerrado desconocido,1,1,1,1,4.2839938394449515,20–30 m,872_gt2r_1770327,290728.9,5282500.1,BOSQUE_NW_02,conservador,SI,,2019-02-23,NO
BOSQUE_NW_02(3),ATL08_20190223140731_08720213_007_01.h5,2019-02-23T14:07:31Z,gt2r,-71.55120849609375,-42.573490142822266,36166168.89715346,872.0,2.0,13.0,007,01,2460.0,0.0,1770372.0,1770376.0,924.379638671875,54.225990295410156,15.77117919921875,57.16791915893555,19.30633544921875,3.842789649963379,,,,,,,73.0,17.0,126.0,1.0,0.0,0.0,0.0,0.0,2019,2,Verano,Bosque abierto desconocido,1,1,1,1,3.6248347974999517,10–20 m,872_gt2r_1770372,290616.7,5283391.8,BOSQUE_NW_02,conservador,SI,,2019-02-23,NO
BOSQUE_NW_02(3),ATL08_20190223140731_08720213_007_01.h5,2019-02-23T14:07:31Z,gt2r,-71.55155944824219,-42.57080841064453,36166168.93948316,872.0,2.0,13.0,007,01,2460.0,0.0,1770387.0,1770391.0,843.1884765625,49.340301513671875,30.06231689453125,54.681663513183594,31.0078125,6.255481719970703,,,,,,,58.0,17.0,116.0,1.0,0.0,0.0,0.0,0.0,2019,2,Verano,Bosque cerrado desconocido,1,1,1,1,1.8189437529058494,>30 m,872_gt2r_1770387,290579.0,5283688.7,BOSQUE_NW_02,conservador,SI,,2019-02-23,NO
BOSQUE_NW_02(3),ATL08_20190223140731_08720213_007_01.h5,2019-02-23T14:07:31Z,gt2r,-71.55226135253906,-42.5654411315918,36166169.0240681,872.0,2.0,13.0,007,01,2460.0,0.0,1770417.0,1770421.0,755.26025390625,20.98233985900879,24.4012451171875,26.465808868408203,24.7828369140625,6.528926372528076,,,,,,,66.0,36.0,126.0,1.0,0.0,0.0,0.0,0.0,2019,2,Verano,Bosque abierto desconocido,1,1,1,1,1.0846089509492483,20–30 m,872_gt2r_1770417,290503.4,5284283.0,BOSQUE_NW_02,conservador,SI,,2019-02-23,NO
BOSQUE_NW_02(3),ATL08_20190223140731_08720213_007_01.h5,2019-02-23T14:07:31Z,gt2r,-71.55250549316406,-42.56365203857422,36166169.0521282,872.0,2.0,13.0,007,01,2460.0,0.0,1770427.0,1770431.0,740.5197143554688,74.15312194824219,23.52728271484375,53.077598571777344,24.27105712890625,5.997023105621338,,,,,,,53.0,10.0,20.0,1.0,0.0,0.0,0.0,0.0,2019,2,Verano,Arbustos,1,1,1,1,2.2560020727888737,20–30 m,872_gt2r_1770427,290477.3,5284481.1,BOSQUE_NW_02,conservador,SI,,2019-02-23,NO
BOSQUE_NW_02(3),ATL08_20190223140731_08720213_007_01.h5,2019-02-23T14:07:31Z,gt3l,-71.49909210205078,-42.67343521118164,36166166.91040923,872.0,2.0,13.0,007,01,2460.0,0.0,1769798.0,1769802.0,1206.9896240234375,38.91755676269531,13.279541015625,18.40766716003418,15.3154296875,3.744934558868408,,,,,,,175.0,31.0,112.0,1.0,0.0,0.0,0.0,0.0,2019,2,Verano,Bosque cerrado perennifolio latifolio,1,1,1,1,1.386167423887265,10–20 m,872_gt3l_1769798,295222.3,5272420.5,BOSQUE_NW_02,conservador,SI,,2019-02-23,NO
BOSQUE_NW_02(3),ATL08_20190223140731_08720213_007_01.h5,2019-02-23T14:07:31Z,gt3l,-71.50444030761719,-42.633182525634766,36166167.544937156,872.0,2.0,13.0,007,01,2460.0,0.0,1770023.0,1770027.0,1386.6356201171875,20.391998291015625,7.8944091796875,14.447525024414062,8.6610107421875,2.076075792312622,,,,,,,72.0,68.0,116.0,1.0,0.0,0.0,0.0,0.0,2019,2,Verano,Bosque cerrado desconocido,1,1,1,1,1.8300957925499837,5–10 m,872_gt3l_1770023,294651.6,5276877.6,BOSQUE_NW_02,conservador,SI,,2019-02-23,NO
BOSQUE_NW_02(3),ATL08_20190223140731_08720213_007_01.h5,2019-02-23T14:07:31Z,gt3l,-71.50477600097656,-42.63050079345703,36166167.58727241,872.0,2.0,13.0,007,01,2460.0,0.0,1770038.0,1770042.0,1373.27294921875,37.18423080444336,17.9344482421875,18.96823501586914,18.633056640625,4.142396450042725,,,,,,,77.0,37.0,112.0,1.0,0.0,0.0,0.0,0.0,2019,2,Verano,Bosque cerrado perennifolio latifolio,1,1,1,1,1.057642519007072,10–20 m,872_gt3l_1770038,294615.2,5277174.6,BOSQUE_NW_02,conservador,SI,,2019-02-23,NO
BOSQUE_NW_02(3),ATL08_20190223140731_08720213_007_01.h5,2019-02-23T14:07:31Z,gt3r,-71.50113677978516,-42.649200439453125,36166167.64215063,872.0,2.0,13.0,007,01,2460.0,0.0,1769933.0,1769937.0,1433.419921875,130.26754760742188,16.6549072265625,127.2751693725586,16.6549072265625,4.237630844116211,,,,,,,30.0,11.0,112.0,1.0,0.0,0.0,0.0,0.0,2019,2,Verano,Bosque cerrado perennifolio latifolio,1,1,1,1,7.641902031706942,10–20 m,872_gt3r_1769933,294975.1,5275106.9,BOSQUE_NW_02,conservador,SI,,2019-02-23,NO
BOSQUE_NW_02(3),ATL08_20190223140731_08720213_007_01.h5,2019-02-23T14:07:31Z,gt3r,-71.50159454345703,-42.64562225341797,36166167.69854597,872.0,2.0,13.0,007,01,2460.0,0.0,1769953.0,1769957.0,1410.5662841796875,108.63358306884766,23.4390869140625,118.18368530273438,23.4390869140625,4.957742214202881,,,,,,,41.0,13.0,114.0,1.0,0.0,0.0,0.0,0.0,2019,2,Verano,Bosque cerrado caducifolio latifolio,1,1,1,1,5.042162509830064,20–30 m,872_gt3r_1769953,294925.8,5275503.1,BOSQUE_NW_02,conservador,SI,,2019-02-23,NO
BOSQUE_NW_02(3),ATL08_20190223140731_08720213_007_01.h5,2019-02-23T14:07:31Z,gt3r,-71.50312805175781,-42.633811950683594,36166167.88460632,872.0,2.0,13.0,007,01,2460.0,0.0,1770019.0,1770023.0,1383.0867919921875,76.93447875976562,29.35888671875,94.10529327392578,29.35888671875,7.399991512298584,,,,,,,41.0,18.0,126.0,1.0,0.0,0.0,0.0,0.0,2019,2,Verano,Bosque abierto desconocido,1,1,1,1,3.2053427016980724,20–30 m,872_gt3r_1770019,294761.3,5276810.9,BOSQUE_NW_02,conservador,SI,,2019-02-23,NO
BOSQUE_NW_02(3),ATL08_20200221204631_08720613_007_01.h5,2020-02-21T20:46:31Z,gt1l,-71.52194213867188,-42.68878173828125,67553307.03893621,872.0,6.0,13.0,007,01,8008.0,1.0,1769722.0,1769726.0,1557.9853515625,38.904273986816406,9.1044921875,51.37164306640625,11.1953125,2.504415273666382,,,,,,,54.0,40.0,30.0,1.0,0.0,0.0,0.0,0.0,2020,2,Verano,Herbáceas,1,1,1,1,5.642450123350852,5–10 m,872_gt1l_1769722,293400.8,5270660.6,BOSQUE_NW_02,conservador,SI,,2020-02-21,NO
BOSQUE_NW_02(3),ATL08_20200221204631_08720613_007_01.h5,2020-02-21T20:46:31Z,gt1l,-71.52332305908203,-42.67804718017578,67553307.20802478,872.0,6.0,13.0,007,01,8008.0,1.0,1769782.0,1769786.0,1300.4169921875,130.08724975585938,35.2247314453125,132.87767028808594,35.2247314453125,8.471975326538086,,,,,,,32.0,10.0,112.0,1.0,0.0,0.0,0.0,0.0,2020,2,Verano,Bosque cerrado perennifolio latifolio,1,1,1,1,3.7722834166779293,>30 m,872_gt1l_1769782,293252.0,5271849.3,BOSQUE_NW_02,conservador,SI,,2020-02-21,NO
BOSQUE_NW_02(3),ATL08_20200221204631_08720613_007_01.h5,2020-02-21T20:46:31Z,gt1l,-71.52401733398438,-42.67267990112305,67553307.29256034,872.0,6.0,13.0,007,01,8008.0,1.0,1769812.0,1769816.0,1115.96533203125,111.5821762084961,21.5677490234375,106.15271759033203,24.05859375,5.505251407623291,,,,,,,50.0,10.0,126.0,1.0,0.0,0.0,0.0,0.0,2020,2,Verano,Bosque abierto desconocido,1,1,1,1,4.9218264490641435,20–30 m,872_gt1l_1769812,293177.3,5272443.7,BOSQUE_NW_02,conservador,SI,,2020-02-21,NO
BOSQUE_NW_02(3),ATL08_20200221204631_08720613_007_01.h5,2020-02-21T20:46:31Z,gt1l,-71.52436065673828,-42.66999435424805,67553307.33482964,872.0,6.0,13.0,007,01,8008.0,1.0,1769827.0,1769831.0,1067.6402587890625,6.317258358001709,20.87353515625,8.861760139465332,20.87353515625,7.307068347930908,,,,,,,27.0,169.0,30.0,1.0,0.0,0.0,0.0,0.0,2020,2,Verano,Herbáceas,1,1,1,1,0.4245452470379424,20–30 m,872_gt1l_1769827,293140.3,5272741.1,BOSQUE_NW_02,conservador,SI,,2020-02-21,NO
BOSQUE_NW_02(3),ATL08_20200221204631_08720613_007_01.h5,2020-02-21T20:46:31Z,gt1l,-71.52587890625,-42.65836715698242,67553307.51804292,872.0,6.0,13.0,007,01,8008.0,1.0,1769892.0,1769896.0,1150.463623046875,115.30474853515625,18.482177734375,102.6172866821289,25.4193115234375,4.514749526977539,,,,,,,47.0,10.0,112.0,1.0,0.0,0.0,0.0,0.0,2020,2,Verano,Bosque cerrado perennifolio latifolio,1,1,1,1,5.5522291884073285,10–20 m,872_gt1l_1769892,292977.2,5274028.6,BOSQUE_NW_02,conservador,SI,,2020-02-21,NO
BOSQUE_NW_02(3),ATL08_20200221204631_08720613_007_01.h5,2020-02-21T20:46:31Z,gt1l,-71.53142547607422,-42.615604400634766,67553308.1915399,872.0,6.0,13.0,007,01,8008.0,1.0,1770131.0,1770135.0,1016.4246215820312,44.262298583984375,6.9722900390625,49.70499038696289,6.9722900390625,1.3444151878356934,,,,,,,22.0,23.0,126.0,1.0,0.0,0.0,0.0,0.0,2020,2,Verano,Bosque abierto desconocido,1,1,1,1,7.12893326417704,5–10 m,872_gt1l_1770131,292380.4,5278763.8,BOSQUE_NW_02,conservador,SI,,2020-02-21,NO
BOSQUE_NW_02(3),ATL08_20200221204631_08720613_007_01.h5,2020-02-21T20:46:31Z,gt1l,-71.53211975097656,-42.610233306884766,67553308.27601103,872.0,6.0,13.0,007,01,8008.0,1.0,1770161.0,1770165.0,874.2006225585938,124.78331756591797,12.4483642578125,49.63678741455078,12.76123046875,2.6649367809295654,,,,,,,37.0,7.0,116.0,1.0,0.0,0.0,0.0,0.0,2020,2,Verano,Bosque cerrado desconocido,1,1,1,1,3.9874144414917088,10–20 m,872_gt1l_1770161,292305.6,5279358.5,BOSQUE_NW_02,conservador,SI,,2020-02-21,NO
BOSQUE_NW_02(3),ATL08_20200221204631_08720613_007_01.h5,2020-02-21T20:46:31Z,gt1l,-71.53469848632812,-42.59055709838867,67553308.58615878,872.0,6.0,13.0,007,01,8008.0,1.0,1770271.0,1770275.0,1165.80029296875,194.07330322265625,16.8128662109375,237.0952606201172,16.8128662109375,3.5665974617004395,,,,,,,25.0,6.0,116.0,1.0,0.0,0.0,0.0,0.0,2020,2,Verano,Bosque cerrado desconocido,1,1,1,1,14.102013163340134,10–20 m,872_gt1l_1770271,292028.6,5281537.2,BOSQUE_NW_02,conservador,SI,,2020-02-21,NO
BOSQUE_NW_02(3),ATL08_20200221204631_08720613_007_01.h5,2020-02-21T20:46:31Z,gt1l,-71.53515625,-42.58697509765625,67553308.64245813,872.0,6.0,13.0,007,01,8008.0,1.0,1770291.0,1770295.0,1065.4578857421875,81.55076599121094,24.9853515625,75.93167114257812,24.9853515625,7.230994701385498,,,,,,,37.0,13.0,30.0,1.0,0.0,0.0,0.0,0.0,2020,2,Verano,Herbáceas,1,1,1,1,3.039047537619699,20–30 m,872_gt1l_1770291,291979.1,5281933.9,BOSQUE_NW_02,conservador,SI,,2020-02-21,NO
BOSQUE_NW_02(3),ATL08_20200221204631_08720613_007_01.h5,2020-02-21T20:46:31Z,gt1l,-71.53527069091797,-42.586082458496094,67553308.65655348,872.0,6.0,13.0,007,01,8008.0,1.0,1770296.0,1770300.0,1036.171630859375,173.38739013671875,20.8392333984375,123.48367309570312,22.8388671875,5.568614959716797,,,,,,,62.0,6.0,30.0,1.0,0.0,0.0,0.0,0.0,2020,2,Verano,Herbáceas,1,1,1,1,5.925538177664529,20–30 m,872_gt1l_1770296,291966.8,5282032.7,BOSQUE_NW_02,conservador,SI,,2020-02-21,NO
BOSQUE_NW_02(3),ATL08_20200221204631_08720613_007_01.h5,2020-02-21T20:46:31Z,gt1l,-71.53561401367188,-42.583396911621094,67553308.69885491,872.0,6.0,13.0,007,01,8008.0,1.0,1770311.0,1770315.0,977.036865234375,108.3796157836914,20.63201904296875,116.1259536743164,20.63201904296875,4.561556339263916,,,,,,,46.0,9.0,116.0,1.0,0.0,0.0,0.0,0.0,2020,2,Verano,Bosque cerrado desconocido,1,1,1,1,5.628433816024968,20–30 m,872_gt1l_1770311,291929.7,5282330.1,BOSQUE_NW_02,conservador,SI,,2020-02-21,NO
BOSQUE_NW_02(3),ATL08_20200221204631_08720613_007_01.h5,2020-02-21T20:46:31Z,gt1l,-71.53607177734375,-42.57981872558594,67553308.75525075,872.0,6.0,13.0,007,01,8008.0,1.0,1770331.0,1770335.0,877.09912109375,44.01176071166992,21.05303955078125,48.33679962158203,22.0386962890625,6.217052936553955,,,,,,,47.0,20.0,20.0,1.0,0.0,0.0,0.0,0.0,2020,2,Verano,Arbustos,1,1,1,1,2.2959534895182543,20–30 m,872_gt1l_1770331,291880.2,5282726.3,BOSQUE_NW_02,conservador,SI,,2020-02-21,NO
BOSQUE_NW_02(3),ATL08_20200221204631_08720613_007_01.h5,2020-02-21T20:46:31Z,gt1l,-71.53884887695312,-42.558345794677734,67553309.0935656,872.0,6.0,13.0,007,01,8008.0,1.0,1770451.0,1770455.0,763.4203491210938,31.81437873840332,18.92071533203125,36.399471282958984,19.4349365234375,5.143335342407227,,,,,,,50.0,24.0,126.0,1.0,0.0,0.0,0.0,0.0,2020,2,Verano,Bosque abierto desconocido,1,1,1,1,1.9237893834456463,10–20 m,872_gt1l_1770451,291580.7,5285104.1,BOSQUE_NW_02,conservador,SI,,2020-02-21,NO
BOSQUE_NW_02(3),ATL08_20200221204631_08720613_007_01.h5,2020-02-21T20:46:31Z,gt1r,-71.5228500366211,-42.67313766479492,67553307.63518725,872.0,6.0,13.0,007,01,8008.0,1.0,1769809.0,1769813.0,1135.2509765625,30.68869400024414,7.058349609375,12.376341819763184,8.16064453125,1.6608389616012573,,,,,,,86.0,37.0,116.0,1.0,0.0,0.0,0.0,0.0,2020,2,Verano,Bosque cerrado desconocido,1,1,1,1,1.7534328142834907,5–10 m,872_gt1r_1769809,293274.5,5272395.7,BOSQUE_NW_02,conservador,SI,,2020-02-21,NO
BOSQUE_NW_02(3),ATL08_20200221204631_08720613_007_01.h5,2020-02-21T20:46:31Z,gt1r,-71.52447509765625,-42.660614013671875,67553307.83258879,872.0,6.0,13.0,007,01,8008.0,1.0,1769879.0,1769883.0,1151.3238525390625,21.677112579345703,14.6500244140625,15.566547393798828,15.84033203125,3.523005247116089,,,,,,,60.0,53.0,112.0,1.0,0.0,0.0,0.0,0.0,2020,2,Verano,Bosque cerrado perennifolio latifolio,1,1,1,1,1.0625611912876105,10–20 m,872_gt1r_1769879,293099.8,5273782.5,BOSQUE_NW_02,conservador,SI,,2020-02-21,NO
BOSQUE_NW_02(3),ATL08_20200221204631_08720613_007_01.h5,2020-02-21T20:46:31Z,gt1r,-71.52855682373047,-42.629302978515625,67553308.32554027,872.0,6.0,13.0,007,01,8008.0,1.0,1770054.0,1770058.0,1346.988525390625,96.11952209472656,14.115966796875,31.856260299682617,14.8818359375,3.7687933444976807,,,,,,,123.0,14.0,112.0,1.0,0.0,0.0,0.0,0.0,2020,2,Verano,Bosque cerrado perennifolio latifolio,1,1,1,1,2.2567537001245266,10–20 m,872_gt1r_1770054,292661.2,5277249.6,BOSQUE_NW_02,conservador,SI,,2020-02-21,NO
BOSQUE_NW_02(3),ATL08_20200221204631_08720613_007_01.h5,2020-02-21T20:46:31Z,gt1r,-71.5289077758789,-42.62662124633789,67553308.36782765,872.0,6.0,13.0,007,01,8008.0,1.0,1770069.0,1770073.0,1344.7255859375,8.907966613769531,15.810546875,11.643269538879395,16.2449951171875,3.489452838897705,,,,,,,52.0,151.0,112.0,1.0,0.0,0.0,0.0,0.0,2020,2,Verano,Bosque cerrado perennifolio latifolio,1,1,1,1,0.7364242129593885,10–20 m,872_gt1r_1770069,292623.5,5277546.5,BOSQUE_NW_02,conservador,SI,,2020-02-21,NO
BOSQUE_NW_02(3),ATL08_20200221204631_08720613_007_01.h5,2020-02-21T20:46:31Z,gt1r,-71.53108978271484,-42.609619140625,67553308.63584399,872.0,6.0,13.0,007,01,8008.0,1.0,1770164.0,1770168.0,874.62451171875,7.594459533691406,10.780029296875,8.103272438049316,18.5528564453125,2.613011598587036,,,,,,,111.0,115.0,114.0,1.0,0.0,0.0,0.0,0.0,2020,2,Verano,Bosque cerrado caducifolio latifolio,1,1,1,1,0.7516929884780885,10–20 m,872_gt1r_1770164,292388.1,5279429.3,BOSQUE_NW_02,conservador,SI,,2020-02-21,NO
BOSQUE_NW_02(3),ATL08_20200221204631_08720613_007_01.h5,2020-02-21T20:46:31Z,gt1r,-71.53331756591797,-42.59262466430664,67553308.90364827,872.0,6.0,13.0,007,01,8008.0,1.0,1770259.0,1770263.0,1197.1546630859375,18.454784393310547,18.9576416015625,21.314258575439453,21.7601318359375,5.326794624328613,,,,,,,108.0,65.0,30.0,1.0,0.0,0.0,0.0,0.0,2020,2,Verano,Herbáceas,1,1,1,1,1.1243096068280307,10–20 m,872_gt1r_1770259,292148.8,5281311.0,BOSQUE_NW_02,conservador,SI,,2020-02-21,NO
BOSQUE_NW_02(3),ATL08_20200221204631_08720613_007_01.h5,2020-02-21T20:46:31Z,gt1r,-71.53401184082031,-42.587257385253906,67553308.98820722,872.0,6.0,13.0,007,01,8008.0,1.0,1770289.0,1770293.0,1063.502685546875,42.471675872802734,9.7384033203125,11.85716438293457,11.100830078125,1.9445157051086426,,,,,,,93.0,25.0,116.0,1.0,0.0,0.0,0.0,0.0,2020,2,Verano,Bosque cerrado desconocido,1,1,1,1,1.2175676025044813,5–10 m,872_gt1r_1770289,292074.0,5281905.4,BOSQUE_NW_02,conservador,SI,,2020-02-21,NO
BOSQUE_NW_02(3),ATL08_20200221204631_08720613_007_01.h5,2020-02-21T20:46:31Z,gt1r,-71.53412628173828,-42.586360931396484,67553309.00233318,872.0,6.0,13.0,007,01,8008.0,1.0,1770294.0,1770298.0,1034.8726806640625,54.369537353515625,9.7391357421875,18.107572555541992,12.2669677734375,2.751997709274292,,,,,,,97.0,19.0,116.0,1.0,0.0,0.0,0.0,0.0,2020,2,Verano,Bosque cerrado desconocido,1,1,1,1,1.8592586688266923,5–10 m,872_gt1r_1770294,292061.6,5282004.6,BOSQUE_NW_02,conservador,SI,,2020-02-21,NO
BOSQUE_NW_02(3),ATL08_20200221204631_08720613_007_01.h5,2020-02-21T20:46:31Z,gt1r,-71.53469848632812,-42.581886291503906,67553309.0729168,872.0,6.0,13.0,007,01,8008.0,1.0,1770319.0,1770323.0,914.955078125,30.507038116455078,6.3076171875,16.01728057861328,7.254638671875,1.6284043788909912,,,,,,,129.0,30.0,20.0,1.0,0.0,0.0,0.0,0.0,2020,2,Verano,Arbustos,1,1,1,1,2.5393552117200806,5–10 m,872_gt1r_1770319,291999.8,5282500.1,BOSQUE_NW_02,conservador,SI,,2020-02-21,NO
BOSQUE_NW_02(3),ATL08_20200221204631_08720613_007_01.h5,2020-02-21T20:46:31Z,gt1r,-71.53551483154297,-42.575626373291016,67553309.17153051,872.0,6.0,13.0,007,01,8008.0,1.0,1770354.0,1770358.0,833.4849243164062,16.653881072998047,11.4473876953125,15.154065132141113,13.00970458984375,2.1429014205932617,,,,,,,135.0,50.0,126.0,1.0,0.0,0.0,0.0,0.0,2020,2,Verano,Bosque abierto desconocido,1,1,1,1,1.3238011619320302,10–20 m,872_gt1r_1770354,291911.9,5283193.3,BOSQUE_NW_02,conservador,SI,,2020-02-21,NO
BOSQUE_NW_02(3),ATL08_20200221204631_08720613_007_01.h5,2020-02-21T20:46:31Z,gt1r,-71.53585815429688,-42.572940826416016,67553309.21385464,872.0,6.0,13.0,007,01,8008.0,1.0,1770369.0,1770373.0,829.4544677734375,16.874839782714844,7.22259521484375,8.830048561096191,7.83709716796875,1.8989704847335815,,,,,,,77.0,49.0,126.0,1.0,0.0,0.0,0.0,0.0,2020,2,Verano,Bosque abierto desconocido,1,1,1,1,1.22255896923987,5–10 m,872_gt1r_1770369,291874.8,5283490.7,BOSQUE_NW_02,conservador,SI,,2020-02-21,NO
BOSQUE_NW_02(3),ATL08_20200221204631_08720613_007_01.h5,2020-02-21T20:46:31Z,gt1r,-71.53597259521484,-42.57204818725586,67553309.22785112,872.0,6.0,13.0,007,01,8008.0,1.0,1770374.0,1770378.0,819.0499267578125,4.550707817077637,7.13897705078125,5.89398717880249,8.27239990234375,1.4734249114990234,,,,,,,67.0,180.0,126.0,1.0,0.0,0.0,0.0,0.0,2020,2,Verano,Bosque abierto desconocido,1,1,1,1,0.8256066852263497,5–10 m,872_gt1r_1770374,291862.5,5283589.5,BOSQUE_NW_02,conservador,SI,,2020-02-21,NO
BOSQUE_NW_02(3),ATL08_20200221204631_08720613_007_01.h5,2020-02-21T20:46:31Z,gt1r,-71.53643035888672,-42.56846618652344,67553309.28447483,872.0,6.0,13.0,007,01,8008.0,1.0,1770394.0,1770398.0,789.2391357421875,41.53342819213867,15.86639404296875,11.817978858947754,18.92437744140625,3.848253011703491,,,,,,,141.0,19.0,116.0,1.0,0.0,0.0,0.0,0.0,2020,2,Verano,Bosque cerrado desconocido,1,1,1,1,0.7448433983766422,10–20 m,872_gt1r_1770394,291813.0,5283986.2,BOSQUE_NW_02,conservador,SI,,2020-02-21,NO
BOSQUE_NW_02(3),ATL08_20200221204631_08720613_007_01.h5,2020-02-21T20:46:31Z,gt1r,-71.53749084472656,-42.56041717529297,67553309.41119649,872.0,6.0,13.0,007,01,8008.0,1.0,1770439.0,1770443.0,767.9114379882812,13.714583396911621,10.65899658203125,12.001577377319336,12.627685546875,3.0774011611938477,,,,,,,96.0,56.0,116.0,1.0,0.0,0.0,0.0,0.0,2020,2,Verano,Bosque cerrado desconocido,1,1,1,1,1.1259575218882596,10–20 m,872_gt1r_1770439,291699.1,5284877.4,BOSQUE_NW_02,conservador,SI,,2020-02-21,NO
BOSQUE_NW_02(3),ATL08_20200221204631_08720613_007_01.h5,2020-02-21T20:46:31Z,gt1r,-71.53759765625,-42.55952072143555,67553309.42528835,872.0,6.0,13.0,007,01,8008.0,1.0,1770444.0,1770448.0,766.48876953125,13.687871932983398,11.87652587890625,10.380488395690918,13.72369384765625,3.116507053375244,,,,,,,125.0,56.0,126.0,1.0,0.0,0.0,0.0,0.0,2020,2,Verano,Bosque abierto desconocido,1,1,1,1,0.8740340821491893,10–20 m,872_gt1r_1770444,291687.4,5284976.7,BOSQUE_NW_02,conservador,SI,,2020-02-21,NO
BOSQUE_NW_02(3),ATL08_20200221204631_08720613_007_01.h5,2020-02-21T20:46:31Z,gt1r,-71.53771209716797,-42.55862808227539,67553309.4395183,872.0,6.0,13.0,007,01,8008.0,1.0,1770449.0,1770453.0,768.1617431640625,5.409496784210205,10.42059326171875,6.86289644241333,11.01953125,2.6602041721343994,,,,,,,93.0,142.0,90.0,1.0,0.0,0.0,0.0,0.0,2020,2,Verano,Humedal herbáceo,1,1,1,1,0.658589800988104,10–20 m,872_gt1r_1770449,291675.0,5285075.5,BOSQUE_NW_02,conservador,SI,,2020-02-21,NO
BOSQUE_NW_02(3),ATL08_20200221204631_08720613_007_01.h5,2020-02-21T20:46:31Z,gt2l,-71.48153686523438,-42.68915557861328,67553306.97126429,872.0,6.0,13.0,007,01,8008.0,1.0,1769704.0,1769708.0,1072.0546875,59.53639221191406,14.51953125,63.55259704589844,16.21044921875,3.9458844661712646,,,,,,,45.0,18.0,116.0,1.0,0.0,0.0,0.0,0.0,2020,2,Verano,Bosque cerrado desconocido,1,1,1,1,4.377041927293516,10–20 m,872_gt2l_1769704,296712.2,5270717.2,BOSQUE_NW_02,conservador,SI,,2020-02-21,NO
BOSQUE_NW_02(3),ATL08_20200221204631_08720613_007_01.h5,2020-02-21T20:46:31Z,gt2l,-71.48177337646484,-42.6873664855957,67553306.9994733,872.0,6.0,13.0,007,01,8008.0,1.0,1769714.0,1769718.0,1067.1060791015625,76.23377227783203,11.0966796875,63.036373138427734,11.6153564453125,2.280888319015503,,,,,,,42.0,14.0,114.0,1.0,0.0,0.0,0.0,0.0,2020,2,Verano,Bosque cerrado caducifolio latifolio,1,1,1,1,5.680651772749274,10–20 m,872_gt2l_1769714,296687.0,5270915.3,BOSQUE_NW_02,conservador,SI,,2020-02-21,NO
BOSQUE_NW_02(3),ATL08_20200221204631_08720613_007_01.h5,2020-02-21T20:46:31Z,gt2l,-71.48188781738281,-42.68647384643555,67553307.01360857,872.0,6.0,13.0,007,01,8008.0,1.0,1769719.0,1769723.0,1063.3203125,75.97169494628906,11.6207275390625,65.62689208984375,11.6207275390625,2.5303235054016113,,,,,,,40.0,14.0,116.0,1.0,0.0,0.0,0.0,0.0,2020,2,Verano,Bosque cerrado desconocido,1,1,1,1,5.6473996029286635,10–20 m,872_gt2l_1769719,296674.7,5271014.1,BOSQUE_NW_02,conservador,SI,,2020-02-21,NO
BOSQUE_NW_02(3),ATL08_20200221204631_08720613_007_01.h5,2020-02-21T20:46:31Z,gt2l,-71.48200225830078,-42.685577392578125,67553307.02765076,872.0,6.0,13.0,007,01,8008.0,1.0,1769724.0,1769728.0,1059.6207275390625,58.88409423828125,12.873046875,48.459938049316406,12.873046875,2.273651361465454,,,,,,,19.0,18.0,116.0,1.0,0.0,0.0,0.0,0.0,2020,2,Verano,Bosque cerrado desconocido,1,1,1,1,3.764449746813837,10–20 m,872_gt2l_1769724,296662.4,5271113.4,BOSQUE_NW_02,conservador,SI,,2020-02-21,NO
BOSQUE_NW_02(3),ATL08_20200221204631_08720613_007_01.h5,2020-02-21T20:46:31Z,gt2l,-71.48235321044922,-42.68289566040039,67553307.07000728,872.0,6.0,13.0,007,01,8008.0,1.0,1769739.0,1769743.0,1058.115478515625,105.83050537109375,15.2423095703125,94.13578033447266,15.2423095703125,4.413910388946533,,,,,,,41.0,10.0,20.0,1.0,0.0,0.0,0.0,0.0,2020,2,Verano,Arbustos,1,1,1,1,6.175952528731029,10–20 m,872_gt2l_1769739,296624.9,5271410.4,BOSQUE_NW_02,conservador,SI,,2020-02-21,NO
BOSQUE_NW_02(3),ATL08_20200221204631_08720613_007_01.h5,2020-02-21T20:46:31Z,gt2l,-71.48246765136719,-42.68199920654297,67553307.08404012,872.0,6.0,13.0,007,01,8008.0,1.0,1769744.0,1769748.0,1054.5216064453125,87.89615631103516,15.5294189453125,88.22126770019531,15.5294189453125,3.817779779434204,,,,,,,26.0,12.0,20.0,1.0,0.0,0.0,0.0,0.0,2020,2,Verano,Arbustos,1,1,1,1,5.680912338759757,10–20 m,872_gt2l_1769744,296612.6,5271509.7,BOSQUE_NW_02,conservador,SI,,2020-02-21,NO
BOSQUE_NW_02(3),ATL08_20200221204631_08720613_007_01.h5,2020-02-21T20:46:31Z,gt2l,-71.48294067382812,-42.67842102050781,67553307.14045705,872.0,6.0,13.0,007,01,8008.0,1.0,1769764.0,1769768.0,1071.1741943359375,107.12601470947266,15.80615234375,101.71125793457031,15.80615234375,4.906692028045654,,,,,,,32.0,10.0,116.0,1.0,0.0,0.0,0.0,0.0,2020,2,Verano,Bosque cerrado desconocido,1,1,1,1,6.4349157038707485,10–20 m,872_gt2l_1769764,296562.1,5271905.9,BOSQUE_NW_02,conservador,SI,,2020-02-21,NO
BOSQUE_NW_02(3),ATL08_20200221204631_08720613_007_01.h5,2020-02-21T20:46:31Z,gt2l,-71.4830551147461,-42.677528381347656,67553307.15454367,872.0,6.0,13.0,007,01,8008.0,1.0,1769769.0,1769773.0,1068.8240966796875,71.24180603027344,15.4776611328125,89.51753234863281,15.4776611328125,3.968355894088745,,,,,,,37.0,15.0,116.0,1.0,0.0,0.0,0.0,0.0,2020,2,Verano,Bosque cerrado desconocido,1,1,1,1,5.783660178401016,10–20 m,872_gt2l_1769769,296549.8,5272004.7,BOSQUE_NW_02,conservador,SI,,2020-02-21,NO
BOSQUE_NW_02(3),ATL08_20200221204631_08720613_007_01.h5,2020-02-21T20:46:31Z,gt2l,-71.48446655273438,-42.66679382324219,67553307.32368813,872.0,6.0,13.0,007,01,8008.0,1.0,1769829.0,1769833.0,1077.99755859375,119.80055236816406,23.90771484375,85.50428009033203,23.90771484375,5.176345348358154,,,,,,,33.0,9.0,112.0,1.0,0.0,0.0,0.0,0.0,2020,2,Verano,Bosque cerrado perennifolio latifolio,1,1,1,1,3.5764304806690768,20–30 m,872_gt2l_1769829,296399.1,5273193.4,BOSQUE_NW_02,conservador,SI,,2020-02-21,NO
BOSQUE_NW_02(3),ATL08_20200221204631_08720613_007_01.h5,2020-02-21T20:46:31Z,gt2l,-71.49333190917969,-42.59880065917969,67553308.39451675,872.0,6.0,13.0,007,01,8008.0,1.0,1770209.0,1770213.0,986.5048217773438,163.7998504638672,20.71612548828125,60.846065521240234,20.71612548828125,3.9122812747955322,,,,,,,32.0,6.0,116.0,1.0,0.0,0.0,0.0,0.0,2020,2,Verano,Bosque cerrado desconocido,1,1,1,1,2.9371353999404857,20–30 m,872_gt2l_1770209,295449.9,5280722.6,BOSQUE_NW_02,conservador,SI,,2020-02-21,NO
BOSQUE_NW_02(3),ATL08_20200221204631_08720613_007_01.h5,2020-02-21T20:46:31Z,gt2l,-71.49507904052734,-42.58538055419922,67553308.60592534,872.0,6.0,13.0,007,01,8008.0,1.0,1770284.0,1770288.0,922.1167602539062,92.13165283203125,12.39813232421875,40.8512077331543,12.49163818359375,2.5429115295410156,,,,,,,33.0,10.0,116.0,1.0,0.0,0.0,0.0,0.0,2020,2,Verano,Bosque cerrado desconocido,1,1,1,1,3.294948518443763,10–20 m,872_gt2l_1770284,295262.6,5282208.7,BOSQUE_NW_02,conservador,SI,,2020-02-21,NO
BOSQUE_NW_02(3),ATL08_20200221204631_08720613_007_01.h5,2020-02-21T20:46:31Z,gt2l,-71.49530792236328,-42.58359146118164,67553308.6341168,872.0,6.0,13.0,007,01,8008.0,1.0,1770294.0,1770298.0,925.6915283203125,84.13298797607422,18.8843994140625,82.61227416992188,19.856689453125,4.986978530883789,,,,,,,48.0,11.0,30.0,1.0,0.0,0.0,0.0,0.0,2020,2,Verano,Herbáceas,1,1,1,1,4.374630739297095,10–20 m,872_gt2l_1770294,295238.0,5282406.8,BOSQUE_NW_02,conservador,SI,,2020-02-21,NO
BOSQUE_NW_02(3),ATL08_20200221204631_08720613_007_01.h5,2020-02-21T20:46:31Z,gt2r,-71.47993469238281,-42.69265365600586,67553307.26652026,872.0,6.0,13.0,007,01,8008.0,1.0,1769684.0,1769688.0,1075.8018798828125,14.154995918273926,7.6505126953125,14.947883605957031,7.9971923828125,1.9733710289001465,,,,,,,57.0,76.0,116.0,1.0,0.0,0.0,0.0,0.0,2020,2,Verano,Bosque cerrado desconocido,1,1,1,1,1.9538407687520942,5–10 m,872_gt2r_1769684,296854.8,5270332.6,BOSQUE_NW_02,conservador,SI,,2020-02-21,NO
BOSQUE_NW_02(3),ATL08_20200221204631_08720613_007_01.h5,2020-02-21T20:46:31Z,gt2r,-71.48004913330078,-42.6917610168457,67553307.28063488,872.0,6.0,13.0,007,01,8008.0,1.0,1769689.0,1769693.0,1074.981201171875,14.72279167175293,8.837890625,14.105772018432617,9.814697265625,2.1738624572753906,,,,,,,71.0,73.0,116.0,1.0,0.0,0.0,0.0,0.0,2020,2,Verano,Bosque cerrado desconocido,1,1,1,1,1.596056414019337,5–10 m,872_gt2r_1769689,296842.6,5270431.4,BOSQUE_NW_02,conservador,SI,,2020-02-21,NO
BOSQUE_NW_02(3),ATL08_20200221204631_08720613_007_01.h5,2020-02-21T20:46:31Z,gt2r,-71.48051452636719,-42.68818283081055,67553307.33703223,872.0,6.0,13.0,007,01,8008.0,1.0,1769709.0,1769713.0,1067.378173828125,24.259126663208008,6.010498046875,15.914687156677246,8.3167724609375,1.3628747463226318,,,,,,,52.0,44.0,116.0,1.0,0.0,0.0,0.0,0.0,2020,2,Verano,Bosque cerrado desconocido,1,1,1,1,2.6478150450363542,5–10 m,872_gt2r_1769709,296792.8,5270827.7,BOSQUE_NW_02,conservador,SI,,2020-02-21,NO
BOSQUE_NW_02(3),ATL08_20200221204631_08720613_007_01.h5,2020-02-21T20:46:31Z,gt2r,-71.48062896728516,-42.687286376953125,67553307.35112995,872.0,6.0,13.0,007,01,8008.0,1.0,1769714.0,1769718.0,1062.618896484375,23.111312866210938,5.049072265625,15.055846214294434,6.083251953125,1.3604865074157715,,,,,,,59.0,46.0,116.0,1.0,0.0,0.0,0.0,0.0,2020,2,Verano,Bosque cerrado desconocido,1,1,1,1,2.981903490824912,5–10 m,872_gt2r_1769714,296780.5,5270926.9,BOSQUE_NW_02,conservador,SI,,2020-02-21,NO
BOSQUE_NW_02(3),ATL08_20200221204631_08720613_007_01.h5,2020-02-21T20:46:31Z,gt2r,-71.4811019897461,-42.68370819091797,67553307.40745863,872.0,6.0,13.0,007,01,8008.0,1.0,1769734.0,1769738.0,1059.3419189453125,18.921466827392578,5.7342529296875,15.012247085571289,6.9576416015625,1.525121808052063,,,,,,,86.0,56.0,40.0,1.0,0.0,0.0,0.0,0.0,2020,2,Verano,Cultivos/manejo,1,1,1,1,2.617995276742948,5–10 m,872_gt2r_1769734,296730.0,5271323.2,BOSQUE_NW_02,conservador,SI,,2020-02-21,NO
BOSQUE_NW_02(3),ATL08_20200221204631_08720613_007_01.h5,2020-02-21T20:46:31Z,gt2r,-71.48121643066406,-42.68281173706055,67553307.42154495,872.0,6.0,13.0,007,01,8008.0,1.0,1769739.0,1769743.0,1057.1214599609375,20.723344802856445,5.1318359375,13.490274429321289,5.946044921875,1.3373663425445557,,,,,,,62.0,51.0,20.0,1.0,0.0,0.0,0.0,0.0,2020,2,Verano,Arbustos,1,1,1,1,2.628742343601332,5–10 m,872_gt2r_1769739,296717.7,5271422.4,BOSQUE_NW_02,conservador,SI,,2020-02-21,NO
BOSQUE_NW_02(3),ATL08_20200221204631_08720613_007_01.h5,2020-02-21T20:46:31Z,gt2r,-71.481689453125,-42.67923355102539,67553307.4779595,872.0,6.0,13.0,007,01,8008.0,1.0,1769759.0,1769763.0,1065.310546875,34.342933654785156,5.1630859375,24.33194923400879,8.2952880859375,1.2744184732437134,,,,,,,85.0,31.0,116.0,1.0,0.0,0.0,0.0,0.0,2020,2,Verano,Bosque cerrado desconocido,1,1,1,1,4.712675622399281,5–10 m,872_gt2r_1769759,296667.3,5271818.7,BOSQUE_NW_02,conservador,SI,,2020-02-21,NO
BOSQUE_NW_02(3),ATL08_20200221204631_08720613_007_01.h5,2020-02-21T20:46:31Z,gt2r,-71.4820327758789,-42.676551818847656,67553307.52017982,872.0,6.0,13.0,007,01,8008.0,1.0,1769774.0,1769778.0,1058.9091796875,19.604764938354492,6.4049072265625,18.30101203918457,6.900146484375,1.632206678390503,,,,,,,100.0,54.0,126.0,1.0,0.0,0.0,0.0,0.0,2020,2,Verano,Bosque abierto desconocido,1,1,1,1,2.857342252091711,5–10 m,872_gt2r_1769774,296630.4,5272115.6,BOSQUE_NW_02,conservador,SI,,2020-02-21,NO
BOSQUE_NW_02(3),ATL08_20200221204631_08720613_007_01.h5,2020-02-21T20:46:31Z,gt2r,-71.4821548461914,-42.675655364990234,67553307.53429523,872.0,6.0,13.0,007,01,8008.0,1.0,1769779.0,1769783.0,1057.8250732421875,28.605998992919922,5.28759765625,21.724031448364258,5.94189453125,1.2931861877441406,,,,,,,76.0,37.0,126.0,1.0,0.0,0.0,0.0,0.0,2020,2,Verano,Bosque abierto desconocido,1,1,1,1,4.10848798654077,5–10 m,872_gt2r_1769779,296617.5,5272214.9,BOSQUE_NW_02,conservador,SI,,2020-02-21,NO
BOSQUE_NW_02(3),ATL08_20200221204631_08720613_007_01.h5,2020-02-21T20:46:31Z,gt2r,-71.48226928710938,-42.67476272583008,67553307.54844981,872.0,6.0,13.0,007,01,8008.0,1.0,1769784.0,1769788.0,1059.2396240234375,10.184711456298828,3.6002197265625,13.272974967956543,3.889404296875,0.6591694951057434,,,,,,,85.0,104.0,30.0,1.0,0.0,0.0,0.0,0.0,2020,2,Verano,Herbáceas,1,1,1,1,3.686712472027261,2–5 m,872_gt2r_1769784,296605.2,5272313.8,BOSQUE_NW_02,conservador,SI,,2020-02-21,NO
BOSQUE_NW_02(3),ATL08_20200221204631_08720613_007_01.h5,2020-02-21T20:46:31Z,gt2r,-71.48262786865234,-42.67207717895508,67553307.59069532,872.0,6.0,13.0,007,01,8008.0,1.0,1769799.0,1769803.0,1065.26318359375,11.837785720825195,5.3153076171875,15.24070930480957,6.16796875,1.0639958381652832,,,,,,,64.0,90.0,30.0,1.0,0.0,0.0,0.0,0.0,2020,2,Verano,Herbáceas,1,1,1,1,2.867324038881106,5–10 m,872_gt2r_1769799,296567.1,5272611.1,BOSQUE_NW_02,conservador,SI,,2020-02-21,NO
BOSQUE_NW_02(3),ATL08_20200221204631_08720613_007_01.h5,2020-02-21T20:46:31Z,gt2r,-71.48307037353516,-42.668678283691406,67553307.64424242,872.0,6.0,13.0,007,01,8008.0,1.0,1769819.0,1769823.0,1068.970458984375,34.56284713745117,12.6220703125,13.300904273986816,13.359375,2.3110287189483643,,,,,,,85.0,31.0,116.0,1.0,0.0,0.0,0.0,0.0,2020,2,Verano,Bosque cerrado desconocido,1,1,1,1,1.0537815068907157,10–20 m,872_gt2r_1769819,296519.7,5272987.5,BOSQUE_NW_02,conservador,SI,,2020-02-21,NO
BOSQUE_NW_02(3),ATL08_20200221204631_08720613_007_01.h5,2020-02-21T20:46:31Z,gt2r,-71.48332214355469,-42.666709899902344,67553307.67520219,872.0,6.0,13.0,007,01,8008.0,1.0,1769829.0,1769833.0,1072.7733154296875,1.8182151317596436,25.752685546875,2.5734100341796875,26.632568359375,6.075389862060547,,,,,,,53.0,590.0,112.0,1.0,0.0,0.0,0.0,0.0,2020,2,Verano,Bosque cerrado perennifolio latifolio,1,1,1,1,0.09992783197292454,20–30 m,872_gt2r_1769829,296492.6,5273205.5,BOSQUE_NW_02,conservador,SI,,2020-02-21,NO
BOSQUE_NW_02(3),ATL08_20200221204631_08720613_007_01.h5,2020-02-21T20:46:31Z,gt2r,-71.4926528930664,-42.59514236450195,67553308.80275494,872.0,6.0,13.0,007,01,8008.0,1.0,1770229.0,1770233.0,883.3181762695312,33.97500228881836,8.326171875,14.403793334960938,9.295654296875,2.0921435356140137,,,,,,,73.0,26.0,116.0,1.0,0.0,0.0,0.0,0.0,2020,2,Verano,Bosque cerrado desconocido,1,1,1,1,1.729941868988975,5–10 m,872_gt2r_1770229,295493.6,5281130.5,BOSQUE_NW_02,conservador,SI,,2020-02-21,NO
BOSQUE_NW_02(3),ATL08_20200221204631_08720613_007_01.h5,2020-02-21T20:46:31Z,gt2r,-71.49301147460938,-42.59245681762695,67553308.8447746,872.0,6.0,13.0,007,01,8008.0,1.0,1770244.0,1770248.0,927.5942993164062,23.757781982421875,5.81268310546875,12.875792503356934,7.12176513671875,1.126070499420166,,,,,,,78.0,39.0,112.0,1.0,0.0,0.0,0.0,0.0,2020,2,Verano,Bosque cerrado perennifolio latifolio,1,1,1,1,2.215120327348139,5–10 m,872_gt2r_1770244,295455.4,5281427.9,BOSQUE_NW_02,conservador,SI,,2020-02-21,NO
BOSQUE_NW_02(3),ATL08_20200221204631_08720613_007_01.h5,2020-02-21T20:46:31Z,gt2r,-71.49348449707031,-42.5888786315918,67553308.90137948,872.0,6.0,13.0,007,01,8008.0,1.0,1770264.0,1770268.0,934.2626342773438,66.80396270751953,8.0521240234375,13.804455757141113,8.3822021484375,1.762133002281189,,,,,,,61.0,14.0,126.0,1.0,0.0,0.0,0.0,0.0,2020,2,Verano,Bosque abierto desconocido,1,1,1,1,1.7143868769234267,5–10 m,872_gt2r_1770264,295404.9,5281824.1,BOSQUE_NW_02,conservador,SI,,2020-02-21,NO
BOSQUE_NW_02(3),ATL08_20200221204631_08720613_007_01.h5,2020-02-21T20:46:31Z,gt2r,-71.49406433105469,-42.584407806396484,67553308.97178534,872.0,6.0,13.0,007,01,8008.0,1.0,1770289.0,1770293.0,911.0067138671875,39.59836196899414,6.1160888671875,14.183396339416504,7.501953125,1.4422508478164673,,,,,,,71.0,23.0,116.0,1.0,0.0,0.0,0.0,0.0,2020,2,Verano,Bosque cerrado desconocido,1,1,1,1,2.3190304535157575,5–10 m,872_gt2r_1770289,295342.7,5282319.2,BOSQUE_NW_02,conservador,SI,,2020-02-21,NO
BOSQUE_NW_02(3),ATL08_20200221204631_08720613_007_01.h5,2020-02-21T20:46:31Z,gt3l,-71.44147491455078,-42.68701171875,67553306.9433059,872.0,6.0,13.0,007,01,8008.0,1.0,1769700.0,1769704.0,1001.1714477539062,18.541179656982422,12.01995849609375,24.98478889465332,12.01995849609375,4.32205867767334,,,,,,,8.0,54.0,30.0,1.0,0.0,0.0,0.0,0.0,2020,2,Verano,Herbáceas,1,1,1,1,2.0786085827811207,10–20 m,872_gt3l_1769700,299987.3,5271050.9,BOSQUE_NW_02,conservador,SI,,2020-02-21,NO
BOSQUE_NW_02(3),ATL08_20200221204631_08720613_007_01.h5,2020-02-21T20:46:31Z,gt3l,-71.44266510009766,-42.67806625366211,67553307.08433902,872.0,6.0,13.0,007,01,8008.0,1.0,1769750.0,1769754.0,1049.3514404296875,175.7673797607422,13.6575927734375,39.32095718383789,13.6973876953125,3.8406333923339844,,,,,,,23.0,6.0,126.0,1.0,0.0,0.0,0.0,0.0,2020,2,Verano,Bosque abierto desconocido,1,1,1,1,2.8790547379852165,10–20 m,872_gt3l_1769750,299861.1,5272041.5,BOSQUE_NW_02,conservador,SI,,2020-02-21,NO
BOSQUE_NW_02(3),ATL08_20200221204631_08720613_007_01.h5,2020-02-21T20:46:31Z,gt3l,-71.4461898803711,-42.65122985839844,67553307.50717911,872.0,6.0,13.0,007,01,8008.0,1.0,1769900.0,1769904.0,1065.1943359375,66.73695373535156,9.91015625,32.16558074951172,10.1292724609375,2.0325582027435303,,,,,,,38.0,16.0,30.0,1.0,0.0,0.0,0.0,0.0,2020,2,Verano,Herbáceas,1,1,1,1,3.2457188300650373,5–10 m,872_gt3l_1769900,299486.0,5275013.3,BOSQUE_NW_02,conservador,SI,,2020-02-21,NO
BOSQUE_NW_02(3),ATL08_20200221204631_08720613_007_01.h5,2020-02-21T20:46:31Z,gt3l,-71.44725799560547,-42.64318084716797,67553307.63402551,872.0,6.0,13.0,007,01,8008.0,1.0,1769945.0,1769949.0,1069.636962890625,62.93738555908203,9.356201171875,52.291969299316406,9.356201171875,1.7170754671096802,,,,,,,37.0,17.0,126.0,1.0,0.0,0.0,0.0,0.0,2020,2,Verano,Bosque abierto desconocido,1,1,1,1,5.589017202463273,5–10 m,872_gt3l_1769945,299372.6,5275904.6,BOSQUE_NW_02,conservador,SI,,2020-02-21,NO
BOSQUE_NW_02(3),ATL08_20200221204631_08720613_007_01.h5,2020-02-21T20:46:31Z,gt3l,-71.4474868774414,-42.64139175415039,67553307.66218433,872.0,6.0,13.0,007,01,8008.0,1.0,1769955.0,1769959.0,1074.0234375,32.545955657958984,13.5423583984375,40.18202209472656,13.5423583984375,3.65461802482605,,,,,,,29.0,33.0,30.0,1.0,0.0,0.0,0.0,0.0,2020,2,Verano,Herbáceas,1,1,1,1,2.967136219003236,10–20 m,872_gt3l_1769955,299348.0,5276102.8,BOSQUE_NW_02,conservador,SI,,2020-02-21,NO
BOSQUE_NW_02(3),ATL08_20200221204631_08720613_007_01.h5,2020-02-21T20:46:31Z,gt3l,-71.44819641113281,-42.636024475097656,67553307.74674514,872.0,6.0,13.0,007,01,8008.0,1.0,1769985.0,1769989.0,1087.006103515625,38.811405181884766,13.4110107421875,49.86577606201172,13.4110107421875,3.397963285446167,,,,,,,33.0,28.0,116.0,1.0,0.0,0.0,0.0,0.0,2020,2,Verano,Bosque cerrado desconocido,1,1,1,1,3.718271278774474,10–20 m,872_gt3l_1769985,299272.6,5276697.1,BOSQUE_NW_02,conservador,SI,,2020-02-21,NO
BOSQUE_NW_02(3),ATL08_20200221204631_08720613_007_01.h5,2020-02-21T20:46:31Z,gt3l,-71.44961547851562,-42.62528991699219,67553307.91584584,872.0,6.0,13.0,007,01,8008.0,1.0,1770045.0,1770049.0,1134.00732421875,49.321468353271484,13.9527587890625,57.578189849853516,13.9527587890625,3.818448066711426,,,,,,,34.0,23.0,116.0,1.0,0.0,0.0,0.0,0.0,2020,2,Verano,Bosque cerrado desconocido,1,1,1,1,4.12665270863772,10–20 m,872_gt3l_1770045,299121.7,5277885.8,BOSQUE_NW_02,conservador,SI,,2020-02-21,NO
BOSQUE_NW_02(3),ATL08_20200221204631_08720613_007_01.h5,2020-02-21T20:46:31Z,gt3l,-71.45091247558594,-42.615447998046875,67553308.07082176,872.0,6.0,13.0,007,01,8008.0,1.0,1770100.0,1770104.0,1144.0357666015625,31.784114837646484,10.7384033203125,34.530033111572266,10.76123046875,2.486701011657715,,,,,,,39.0,36.0,126.0,1.0,0.0,0.0,0.0,0.0,2020,2,Verano,Bosque abierto desconocido,1,1,1,1,3.2155649291227593,10–20 m,872_gt3l_1770100,298983.7,5278975.7,BOSQUE_NW_02,conservador,SI,,2020-02-21,NO
BOSQUE_NW_02(3),ATL08_20200221204631_08720613_007_01.h5,2020-02-21T20:46:31Z,gt3l,-71.45454406738281,-42.58771514892578,67553308.5076583,872.0,6.0,13.0,007,01,8008.0,1.0,1770255.0,1770259.0,1127.9239501953125,80.45159912109375,17.6312255859375,59.3935546875,17.6312255859375,5.250311374664307,,,,,,,34.0,14.0,126.0,1.0,0.0,0.0,0.0,0.0,2020,2,Verano,Bosque abierto desconocido,1,1,1,1,3.3686571814310935,10–20 m,872_gt3l_1770255,298596.4,5282046.7,BOSQUE_NW_02,conservador,SI,,2020-02-21,NO
BOSQUE_NW_02(3),ATL08_20200221204631_08720613_007_01.h5,2020-02-21T20:46:31Z,gt3l,-71.45545959472656,-42.5805549621582,67553308.62035382,872.0,6.0,13.0,007,01,8008.0,1.0,1770295.0,1770299.0,1002.56689453125,52.6898078918457,13.26190185546875,47.44499969482422,13.26190185546875,3.105318069458008,,,,,,,30.0,19.0,20.0,1.0,0.0,0.0,0.0,0.0,2020,2,Verano,Arbustos,1,1,1,1,3.577541156003921,10–20 m,872_gt3l_1770295,298498.2,5282839.7,BOSQUE_NW_02,conservador,SI,,2020-02-21,NO
BOSQUE_NW_02(3),ATL08_20200221204631_08720613_007_01.h5,2020-02-21T20:46:31Z,gt3r,-71.43973541259766,-42.691585540771484,67553307.22098845,872.0,6.0,13.0,007,01,8008.0,1.0,1769674.0,1769678.0,998.0877685546875,12.48090934753418,9.3607177734375,15.752537727355957,10.4053955078125,2.4935178756713867,,,,,,,98.0,80.0,30.0,1.0,0.0,0.0,0.0,0.0,2020,2,Verano,Herbáceas,1,1,1,1,1.682834383924729,5–10 m,872_gt3r_1769674,300144.5,5270547.1,BOSQUE_NW_02,conservador,SI,,2020-02-21,NO
BOSQUE_NW_02(3),ATL08_20200221204631_08720613_007_01.h5,2020-02-21T20:46:31Z,gt3r,-71.43986511230469,-42.69068908691406,67553307.23500231,872.0,6.0,13.0,007,01,8008.0,1.0,1769679.0,1769683.0,1003.7134399414062,9.939515113830566,5.69012451171875,7.185400009155273,6.265380859375,1.6502046585083008,,,,,,,72.0,101.0,20.0,1.0,0.0,0.0,0.0,0.0,2020,2,Verano,Arbustos,1,1,1,1,1.2627843194568098,5–10 m,872_gt3r_1769679,300131.0,5270646.4,BOSQUE_NW_02,conservador,SI,,2020-02-21,NO
BOSQUE_NW_02(3),ATL08_20200221204631_08720613_007_01.h5,2020-02-21T20:46:31Z,gt3r,-71.44068908691406,-42.68442916870117,67553307.33365251,872.0,6.0,13.0,007,01,8008.0,1.0,1769714.0,1769718.0,1018.6039428710938,7.718714714050293,2.09716796875,10.695679664611816,6.0921630859375,0.6662932634353638,,,,,,,153.0,132.0,20.0,1.0,0.0,0.0,0.0,0.0,2020,2,Verano,Arbustos,1,1,1,1,5.100058661961583,2–5 m,872_gt3r_1769714,300043.4,5271339.6,BOSQUE_NW_02,conservador,SI,,2020-02-21,NO
BOSQUE_NW_02(3),ATL08_20200221204631_08720613_007_01.h5,2020-02-21T20:46:31Z,gt3r,-71.44163513183594,-42.67727279663086,67553307.44658497,872.0,6.0,13.0,007,01,8008.0,1.0,1769754.0,1769758.0,1070.74755859375,17.559843063354492,4.3365478515625,12.853296279907227,6.416259765625,1.06626296043396,,,,,,,100.0,61.0,30.0,1.0,0.0,0.0,0.0,0.0,2020,2,Verano,Herbáceas,1,1,1,1,2.9639466045038705,2–5 m,872_gt3r_1769754,299942.9,5272132.1,BOSQUE_NW_02,conservador,SI,,2020-02-21,NO
BOSQUE_NW_02(3),ATL08_20200221204631_08720613_007_01.h5,2020-02-21T20:46:31Z,gt3r,-71.44329833984375,-42.66474914550781,67553307.6437973,872.0,6.0,13.0,007,01,8008.0,1.0,1769824.0,1769828.0,1105.8411865234375,8.44053840637207,2.5263671875,11.103219032287598,2.935546875,0.52817302942276,,,,,,,147.0,131.0,20.0,1.0,0.0,0.0,0.0,0.0,2020,2,Verano,Arbustos,1,1,1,1,4.394934785103402,2–5 m,872_gt3r_1769824,299766.4,5273518.9,BOSQUE_NW_02,conservador,SI,,2020-02-21,NO
BOSQUE_NW_02(3),ATL08_20200221204631_08720613_007_01.h5,2020-02-21T20:46:31Z,gt3r,-71.44575500488281,-42.64596176147461,67553307.93970141,872.0,6.0,13.0,007,01,8008.0,1.0,1769929.0,1769933.0,1063.2596435546875,11.673261642456055,5.481201171875,12.141742706298828,6.3223876953125,1.2606909275054932,,,,,,,109.0,91.0,126.0,1.0,0.0,0.0,0.0,0.0,2020,2,Verano,Bosque abierto desconocido,1,1,1,1,2.2151609338114113,5–10 m,872_gt3r_1769929,299504.7,5275599.4,BOSQUE_NW_02,conservador,SI,,2020-02-21,NO
BOSQUE_NW_02(3),ATL08_20200221204631_08720613_007_01.h5,2020-02-21T20:46:31Z,gt3r,-71.44776916503906,-42.63075256347656,67553308.17915842,872.0,6.0,13.0,007,01,8008.0,1.0,1770014.0,1770018.0,1131.1888427734375,9.123629570007324,3.7457275390625,9.477399826049805,4.28857421875,0.8284572958946228,,,,,,,92.0,124.0,20.0,1.0,0.0,0.0,0.0,0.0,2020,2,Verano,Arbustos,1,1,1,1,2.5301893229591004,2–5 m,872_gt3r_1770014,299290.7,5277283.6,BOSQUE_NW_02,conservador,SI,,2020-02-21,NO
BOSQUE_NW_02(3),ATL08_20200221204631_08720613_007_01.h5,2020-02-21T20:46:31Z,gt3r,-71.44941711425781,-42.618228912353516,67553308.37637657,872.0,6.0,13.0,007,01,8008.0,1.0,1770084.0,1770088.0,1165.75634765625,15.965953826904297,3.912841796875,12.995871543884277,4.6705322265625,0.9025425910949707,,,,,,,139.0,73.0,126.0,1.0,0.0,0.0,0.0,0.0,2020,2,Verano,Bosque abierto desconocido,1,1,1,1,3.321338356757347,2–5 m,872_gt3r_1770084,299115.3,5278670.4,BOSQUE_NW_02,conservador,SI,,2020-02-21,NO
BOSQUE_NW_02(3),ATL08_20200221204631_08720613_007_01.h5,2020-02-21T20:46:31Z,gt3r,-71.4507064819336,-42.60839080810547,67553308.53151157,872.0,6.0,13.0,007,01,8008.0,1.0,1770139.0,1770143.0,1113.4322509765625,24.787155151367188,3.8140869140625,20.230344772338867,4.38134765625,0.7904765009880066,,,,,,,129.0,45.0,20.0,1.0,0.0,0.0,0.0,0.0,2020,2,Verano,Arbustos,1,1,1,1,5.304112157945271,2–5 m,872_gt3r_1770139,298977.9,5279759.9,BOSQUE_NW_02,conservador,SI,,2020-02-21,NO
BOSQUE_NW_02(3),ATL08_20200221204631_08720613_007_01.h5,2020-02-21T20:46:31Z,gt3r,-71.45093536376953,-42.60660171508789,67553308.55961917,872.0,6.0,13.0,007,01,8008.0,1.0,1770149.0,1770153.0,1117.64306640625,53.14346694946289,19.38427734375,13.42039680480957,22.3548583984375,5.127313137054443,,,,,,,103.0,21.0,116.0,1.0,0.0,0.0,0.0,0.0,2020,2,Verano,Bosque cerrado desconocido,1,1,1,1,0.692334130740069,10–20 m,872_gt3r_1770149,298953.3,5279958.0,BOSQUE_NW_02,conservador,SI,,2020-02-21,NO
BOSQUE_NW_02(3),ATL08_20200221204631_08720613_007_01.h5,2020-02-21T20:46:31Z,gt3r,-71.45398712158203,-42.58333969116211,67553308.92619425,872.0,6.0,13.0,007,01,8008.0,1.0,1770279.0,1770283.0,1071.6300048828125,16.749046325683594,5.42578125,13.928597450256348,6.2276611328125,1.3091859817504883,,,,,,,81.0,64.0,126.0,1.0,0.0,0.0,0.0,0.0,2020,2,Verano,Bosque abierto desconocido,1,1,1,1,2.567113712934215,5–10 m,872_gt3r_1770279,298628.1,5282534.0,BOSQUE_NW_02,conservador,SI,,2020-02-21,NO
BOSQUE_NW_02(3),ATL08_20200221204631_08720613_007_01.h5,2020-02-21T20:46:31Z,gt3r,-71.4541015625,-42.58244705200195,67553308.94022858,872.0,6.0,13.0,007,01,8008.0,1.0,1770284.0,1770288.0,1056.9176025390625,14.894452095031738,3.22119140625,13.24714469909668,5.8031005859375,0.7568442225456238,,,,,,,141.0,71.0,20.0,1.0,0.0,0.0,0.0,0.0,2020,2,Verano,Arbustos,1,1,1,1,4.112498460474458,2–5 m,872_gt3r_1770284,298615.8,5282632.8,BOSQUE_NW_02,conservador,SI,,2020-02-21,NO
BOSQUE_NW_02(3),ATL08_20200221204631_08720613_007_01.h5,2020-02-21T20:46:31Z,gt3r,-71.45420837402344,-42.58155059814453,67553308.95433378,872.0,6.0,13.0,007,01,8008.0,1.0,1770289.0,1770293.0,1032.725341796875,18.812854766845703,4.4600830078125,11.348311424255371,5.6904296875,0.981954038143158,,,,,,,91.0,55.0,20.0,1.0,0.0,0.0,0.0,0.0,2020,2,Verano,Arbustos,1,1,1,1,2.5444170891835673,2–5 m,872_gt3r_1770289,298604.1,5282732.1,BOSQUE_NW_02,conservador,SI,,2020-02-21,NO
BOSQUE_NW_02(3),ATL08_20200221204631_08720613_007_01.h5,2020-02-21T20:46:31Z,gt3r,-71.45431518554688,-42.58065414428711,67553308.96854347,872.0,6.0,13.0,007,01,8008.0,1.0,1770294.0,1770298.0,1010.258544921875,12.497498512268066,4.6348876953125,10.08585262298584,6.11724853515625,1.0221365690231323,,,,,,,92.0,81.0,20.0,1.0,0.0,0.0,0.0,0.0,2020,2,Verano,Arbustos,1,1,1,1,2.176072708986278,2–5 m,872_gt3r_1770294,298592.5,5282831.4,BOSQUE_NW_02,conservador,SI,,2020-02-21,NO
BOSQUE_NW_02(3),ATL08_20200821120606_08720813_007_01.h5,2020-08-21T12:06:06Z,gt1l,-71.55646514892578,-42.67317581176758,83246882.0332845,872.0,8.0,13.0,007,01,10782.0,0.0,1769822.0,1769826.0,1046.10107421875,31.705089569091797,8.7572021484375,7.76306676864624,10.0343017578125,1.9792909622192383,,,,,,,218.0,33.0,126.0,1.0,0.0,0.0,0.0,0.0,2020,8,Invierno,Bosque abierto desconocido,1,1,1,1,0.8864779683122151,5–10 m,872_gt1l_1769822,290520.0,5272308.7,BOSQUE_NW_02,conservador,SI,,2020-08-21,NO
BOSQUE_NW_02(3),ATL08_20200821120606_08720813_007_01.h5,2020-08-21T12:06:06Z,gt1l,-71.5577392578125,-42.663333892822266,83246882.18831575,872.0,8.0,13.0,007,01,10782.0,0.0,1769877.0,1769881.0,1058.94677734375,3.0812785625457764,4.2825927734375,2.8484301567077637,5.6650390625,1.042008638381958,,,,,,,430.0,343.0,116.0,1.0,0.0,0.0,0.0,0.0,2020,8,Invierno,Bosque cerrado desconocido,1,1,1,1,0.6651181439372346,2–5 m,872_gt1l_1769877,290382.5,5273398.4,BOSQUE_NW_02,conservador,SI,,2020-08-21,NO
BOSQUE_NW_02(3),ATL08_20200821120606_08720813_007_01.h5,2020-08-21T12:06:06Z,gt1l,-71.55855560302734,-42.65707015991211,83246882.28682263,872.0,8.0,13.0,007,01,10782.0,0.0,1769912.0,1769916.0,988.1620483398438,12.34398365020752,7.98626708984375,4.059300422668457,10.60382080078125,2.257974624633789,,,,,,,294.0,80.0,116.0,1.0,0.0,0.0,0.0,0.0,2020,8,Invierno,Bosque cerrado desconocido,1,1,1,1,0.5082850820041728,5–10 m,872_gt1l_1769912,290294.5,5274092.0,BOSQUE_NW_02,conservador,SI,,2020-08-21,NO
BOSQUE_NW_02(3),ATL08_20200821120606_08720813_007_01.h5,2020-08-21T12:06:06Z,gt1l,-71.55877685546875,-42.65528106689453,83246882.31504828,872.0,8.0,13.0,007,01,10782.0,0.0,1769922.0,1769926.0,993.9613647460938,4.060725688934326,5.76751708984375,2.6634559631347656,8.43182373046875,1.4816536903381348,,,,,,,289.0,245.0,30.0,1.0,0.0,0.0,0.0,0.0,2020,8,Invierno,Herbáceas,1,1,1,1,0.4618028731678925,5–10 m,872_gt1l_1769922,290270.4,5274290.1,BOSQUE_NW_02,conservador,SI,,2020-08-21,NO
BOSQUE_NW_02(3),ATL08_20200821120606_08720813_007_01.h5,2020-08-21T12:06:06Z,gt1l,-71.56006622314453,-42.645442962646484,83246882.47000283,872.0,8.0,13.0,007,01,10782.0,0.0,1769977.0,1769981.0,920.9340209960938,3.2049245834350586,3.77655029296875,4.048999786376953,4.68524169921875,0.6972414255142212,,,,,,,404.0,287.0,30.0,1.0,0.0,0.0,0.0,0.0,2020,8,Invierno,Herbáceas,1,1,1,1,1.0721424242424242,2–5 m,872_gt1l_1769977,290131.6,5275379.5,BOSQUE_NW_02,conservador,SI,,2020-08-21,NO
BOSQUE_NW_02(3),ATL08_20200821120606_08720813_007_01.h5,2020-08-21T12:06:06Z,gt1l,-71.56063842773438,-42.640968322753906,83246882.54056285,872.0,8.0,13.0,007,01,10782.0,0.0,1770002.0,1770006.0,949.47265625,5.420888900756836,5.760009765625,3.897244453430176,7.53948974609375,1.217804193496704,,,,,,,480.0,175.0,116.0,1.0,0.0,0.0,0.0,0.0,2020,8,Invierno,Bosque cerrado desconocido,1,1,1,1,0.6766037927033443,5–10 m,872_gt1l_1770002,290069.6,5275875.0,BOSQUE_NW_02,conservador,SI,,2020-08-21,NO
BOSQUE_NW_02(3),ATL08_20200821120606_08720813_007_01.h5,2020-08-21T12:06:06Z,gt1l,-71.5623779296875,-42.6275520324707,83246882.75199531,872.0,8.0,13.0,007,01,10782.0,0.0,1770077.0,1770081.0,1129.460205078125,10.869002342224121,10.4232177734375,4.307610511779785,14.9622802734375,3.0285675525665283,,,,,,,312.0,104.0,112.0,1.0,0.0,0.0,0.0,0.0,2020,8,Invierno,Bosque cerrado perennifolio latifolio,1,1,1,1,0.41327070060430743,10–20 m,872_gt1l_1770077,289881.9,5277360.5,BOSQUE_NW_02,conservador,SI,,2020-08-21,NO
BOSQUE_NW_02(3),ATL08_20200821120606_08720813_007_01.h5,2020-08-21T12:06:06Z,gt1l,-71.56249237060547,-42.62665557861328,83246882.7661172,872.0,8.0,13.0,007,01,10782.0,0.0,1770082.0,1770086.0,1136.20947265625,2.7926812171936035,2.8587646484375,3.6236507892608643,4.03662109375,0.5783541202545166,,,,,,,337.0,407.0,112.0,1.0,0.0,0.0,0.0,0.0,2020,8,Invierno,Bosque cerrado perennifolio latifolio,1,1,1,1,1.2675582759991888,2–5 m,872_gt1l_1770082,289869.4,5277459.8,BOSQUE_NW_02,conservador,SI,,2020-08-21,NO
BOSQUE_NW_02(3),ATL08_20200821120606_08720813_007_01.h5,2020-08-21T12:06:06Z,gt1l,-71.56272888183594,-42.6248664855957,83246882.79416798,872.0,8.0,13.0,007,01,10782.0,0.0,1770092.0,1770096.0,1137.8758544921875,3.260143995285034,4.09521484375,2.1892125606536865,5.270751953125,1.0350826978683472,,,,,,,382.0,349.0,112.0,1.0,0.0,0.0,0.0,0.0,2020,8,Invierno,Bosque cerrado perennifolio latifolio,1,1,1,1,0.5345781953283355,2–5 m,872_gt1l_1770092,289844.0,5277657.9,BOSQUE_NW_02,conservador,SI,,2020-08-21,NO
BOSQUE_NW_02(3),ATL08_20200821120606_08720813_007_01.h5,2020-08-21T12:06:06Z,gt1l,-71.56366729736328,-42.61771011352539,83246882.9069755,872.0,8.0,13.0,007,01,10782.0,0.0,1770132.0,1770136.0,1206.898193359375,20.06096649169922,6.4691162109375,4.677032947540283,10.475341796875,1.4762632846832275,,,,,,,266.0,60.0,112.0,1.0,0.0,0.0,0.0,0.0,2020,8,Invierno,Bosque cerrado perennifolio latifolio,1,1,1,1,0.7229786565949617,5–10 m,872_gt1l_1770132,289743.0,5278450.3,BOSQUE_NW_02,conservador,SI,,2020-08-21,NO
BOSQUE_NW_02(3),ATL08_20200821120606_08720813_007_01.h5,2020-08-21T12:06:06Z,gt1l,-71.56492614746094,-42.60786819458008,83246883.06202413,872.0,8.0,13.0,007,01,10782.0,0.0,1770187.0,1770191.0,1407.83544921875,14.36921501159668,4.8414306640625,4.603726387023926,6.2625732421875,1.0890965461730957,,,,,,,421.0,98.0,112.0,1.0,0.0,0.0,0.0,0.0,2020,8,Invierno,Bosque cerrado perennifolio latifolio,1,1,1,1,0.950902059012632,2–5 m,872_gt1l_1770187,289606.6,5279540.1,BOSQUE_NW_02,conservador,SI,,2020-08-21,NO
BOSQUE_NW_02(3),ATL08_20200821120606_08720813_007_01.h5,2020-08-21T12:06:06Z,gt1l,-71.5650405883789,-42.60697555541992,83246883.07612309,872.0,8.0,13.0,007,01,10782.0,0.0,1770192.0,1770196.0,1417.8106689453125,15.774083137512207,6.0093994140625,4.576132774353027,8.028564453125,1.3755300045013428,,,,,,,356.0,90.0,112.0,1.0,0.0,0.0,0.0,0.0,2020,8,Invierno,Bosque cerrado perennifolio latifolio,1,1,1,1,0.7614958599098093,5–10 m,872_gt1l_1770192,289594.2,5279638.9,BOSQUE_NW_02,conservador,SI,,2020-08-21,NO
BOSQUE_NW_02(3),ATL08_20200821120606_08720813_007_01.h5,2020-08-21T12:06:06Z,gt1l,-71.56597137451172,-42.59981918334961,83246883.18875325,872.0,8.0,13.0,007,01,10782.0,0.0,1770232.0,1770236.0,1389.3800048828125,22.763629913330078,12.1998291015625,6.856311798095703,16.495849609375,2.4339356422424316,,,,,,,339.0,61.0,114.0,1.0,0.0,0.0,0.0,0.0,2020,8,Invierno,Bosque cerrado caducifolio latifolio,1,1,1,1,0.5620006428792987,10–20 m,872_gt1l_1770232,289493.7,5280431.3,BOSQUE_NW_02,conservador,SI,,2020-08-21,NO
BOSQUE_NW_02(3),ATL08_20200821120606_08720813_007_01.h5,2020-08-21T12:06:06Z,gt1l,-71.56620025634766,-42.59803009033203,83246883.21703285,872.0,8.0,13.0,007,01,10782.0,0.0,1770242.0,1770246.0,1368.63916015625,19.26796531677246,5.898681640625,6.310816287994385,12.03515625,1.3548721075057983,,,,,,,284.0,71.0,112.0,1.0,0.0,0.0,0.0,0.0,2020,8,Invierno,Bosque cerrado perennifolio latifolio,1,1,1,1,1.0698689423295806,5–10 m,872_gt1l_1770242,289468.9,5280629.4,BOSQUE_NW_02,conservador,SI,,2020-08-21,NO
BOSQUE_NW_02(3),ATL08_20200821120606_08720813_007_01.h5,2020-08-21T12:06:06Z,gt1l,-71.5693359375,-42.573875427246094,83246883.5973771,872.0,8.0,13.0,007,01,10782.0,0.0,1770377.0,1770381.0,935.7279663085938,19.785663604736328,8.27325439453125,11.211994171142578,9.03826904296875,1.8198984861373901,,,,,,,105.0,47.0,116.0,1.0,0.0,0.0,0.0,0.0,2020,8,Invierno,Bosque cerrado desconocido,1,1,1,1,1.3552096474337694,5–10 m,872_gt1l_1770377,289130.2,5283304.0,BOSQUE_NW_02,conservador,SI,,2020-08-21,NO
BOSQUE_NW_02(3),ATL08_20200821120606_08720813_007_01.h5,2020-08-21T12:06:06Z,gt1l,-71.5694580078125,-42.57297897338867,83246883.6115072,872.0,8.0,13.0,007,01,10782.0,0.0,1770382.0,1770386.0,896.4653930664062,11.053346633911133,10.98480224609375,9.424543380737305,13.348388671875,2.8017122745513916,,,,,,,170.0,81.0,112.0,1.0,0.0,0.0,0.0,0.0,2020,8,Invierno,Bosque cerrado perennifolio latifolio,1,1,1,1,0.8579620433393527,10–20 m,872_gt1l_1770382,289117.2,5283403.2,BOSQUE_NW_02,conservador,SI,,2020-08-21,NO
BOSQUE_NW_02(3),ATL08_20200821120606_08720813_007_01.h5,2020-08-21T12:06:06Z,gt1l,-71.57026672363281,-42.56671905517578,83246883.71019208,872.0,8.0,13.0,007,01,10782.0,0.0,1770417.0,1770421.0,822.7892456054688,5.056822776794434,11.637451171875,6.582136154174805,14.14996337890625,2.839752674102783,,,,,,,141.0,163.0,126.0,1.0,0.0,0.0,0.0,0.0,2020,8,Invierno,Bosque abierto desconocido,1,1,1,1,0.56559946477647,10–20 m,872_gt1l_1770417,289029.7,5284096.4,BOSQUE_NW_02,conservador,SI,,2020-08-21,NO
BOSQUE_NW_02(3),ATL08_20200821120606_08720813_007_01.h5,2020-08-21T12:06:06Z,gt1l,-71.57081604003906,-42.56242370605469,83246883.77776664,872.0,8.0,13.0,007,01,10782.0,0.0,1770442.0,1770446.0,700.6959838867188,9.559844970703125,17.6845703125,10.992391586303711,18.7159423828125,5.03170919418335,,,,,,,136.0,73.0,116.0,1.0,0.0,0.0,0.0,0.0,2020,8,Invierno,Bosque cerrado desconocido,1,1,1,1,0.6215809257482467,10–20 m,872_gt1l_1770442,288970.1,5284572.0,BOSQUE_NW_02,conservador,SI,,2020-08-21,NO
BOSQUE_NW_02(3),ATL08_20200821120606_08720813_007_01.h5,2020-08-21T12:06:06Z,gt1l,-71.57108306884766,-42.560455322265625,83246883.80870664,872.0,8.0,13.0,007,01,10782.0,0.0,1770452.0,1770456.0,672.1986083984375,37.38270568847656,11.78582763671875,22.286603927612305,12.9759521484375,3.035860061645508,,,,,,,160.0,18.0,112.0,1.0,0.0,0.0,0.0,0.0,2020,8,Invierno,Bosque cerrado perennifolio latifolio,1,1,1,1,1.8909663890025323,10–20 m,872_gt1l_1770452,288941.5,5284789.9,BOSQUE_NW_02,conservador,SI,,2020-08-21,NO
BOSQUE_NW_02(3),ATL08_20200821120606_08720813_007_01.h5,2020-08-21T12:06:06Z,gt1r,-71.55496215820312,-42.675777435302734,83246882.34271401,872.0,8.0,13.0,007,01,10782.0,0.0,1769807.0,1769811.0,1156.9862060546875,21.87504768371582,5.0345458984375,13.12178897857666,5.4110107421875,1.1045129299163818,,,,,,,83.0,53.0,20.0,1.0,0.0,0.0,0.0,0.0,2020,8,Invierno,Arbustos,1,1,1,1,2.6063500548577943,5–10 m,872_gt1r_1769807,290651.9,5272023.5,BOSQUE_NW_02,conservador,SI,,2020-08-21,NO
BOSQUE_NW_02(3),ATL08_20200821120606_08720813_007_01.h5,2020-08-21T12:06:06Z,gt1r,-71.55508422851562,-42.67488098144531,83246882.35687599,872.0,8.0,13.0,007,01,10782.0,0.0,1769812.0,1769816.0,1121.744384765625,38.557861328125,6.8463134765625,26.018938064575195,6.8663330078125,1.538337230682373,,,,,,,45.0,29.0,126.0,1.0,0.0,0.0,0.0,0.0,2020,8,Invierno,Bosque abierto desconocido,1,1,1,1,3.80043042925916,5–10 m,872_gt1r_1769812,290638.9,5272122.7,BOSQUE_NW_02,conservador,SI,,2020-08-21,NO
BOSQUE_NW_02(3),ATL08_20200821120606_08720813_007_01.h5,2020-08-21T12:06:06Z,gt1r,-71.55636596679688,-42.665042877197266,83246882.51186645,872.0,8.0,13.0,007,01,10782.0,0.0,1769867.0,1769871.0,1070.60595703125,23.284021377563477,6.3663330078125,13.666037559509277,7.2454833984375,1.3849633932113647,,,,,,,95.0,46.0,112.0,1.0,0.0,0.0,0.0,0.0,2020,8,Invierno,Bosque cerrado perennifolio latifolio,1,1,1,1,2.146610543736698,5–10 m,872_gt1r_1769867,290500.8,5273212.1,BOSQUE_NW_02,conservador,SI,,2020-08-21,NO
BOSQUE_NW_02(3),ATL08_20200821120606_08720813_007_01.h5,2020-08-21T12:06:06Z,gt1r,-71.55683135986328,-42.66146469116211,83246882.5682185,872.0,8.0,13.0,007,01,10782.0,0.0,1769887.0,1769891.0,1054.04736328125,14.673726081848145,8.17333984375,18.244178771972656,9.2552490234375,1.8016575574874878,,,,,,,58.0,72.0,116.0,1.0,0.0,0.0,0.0,0.0,2020,8,Invierno,Bosque cerrado desconocido,1,1,1,1,2.2321571255750046,5–10 m,872_gt1r_1769887,290450.6,5273608.3,BOSQUE_NW_02,conservador,SI,,2020-08-21,NO
BOSQUE_NW_02(3),ATL08_20200821120606_08720813_007_01.h5,2020-08-21T12:06:06Z,gt1r,-71.55706024169922,-42.65967559814453,83246882.59642792,872.0,8.0,13.0,007,01,10782.0,0.0,1769897.0,1769901.0,1042.83447265625,16.374788284301758,11.032958984375,21.504894256591797,11.032958984375,2.2133657932281494,,,,,,,43.0,64.0,116.0,1.0,0.0,0.0,0.0,0.0,2020,8,Invierno,Bosque cerrado desconocido,1,1,1,1,1.9491502041335664,10–20 m,872_gt1r_1769897,290425.9,5273806.4,BOSQUE_NW_02,conservador,SI,,2020-08-21,NO
BOSQUE_NW_02(3),ATL08_20200821120606_08720813_007_01.h5,2020-08-21T12:06:06Z,gt1r,-71.55752563476562,-42.656097412109375,83246882.65278982,872.0,8.0,13.0,007,01,10782.0,0.0,1769917.0,1769921.0,1003.1983032226562,25.741291046142578,7.7733154296875,16.35218048095703,9.616455078125,1.9168583154678345,,,,,,,94.0,39.0,30.0,1.0,0.0,0.0,0.0,0.0,2020,8,Invierno,Herbáceas,1,1,1,1,2.1036301213900974,5–10 m,872_gt1r_1769917,290375.7,5274202.6,BOSQUE_NW_02,conservador,SI,,2020-08-21,NO
BOSQUE_NW_02(3),ATL08_20200821120606_08720813_007_01.h5,2020-08-21T12:06:06Z,gt1r,-71.55891418457031,-42.64535903930664,83246882.82194655,872.0,8.0,13.0,007,01,10782.0,0.0,1769977.0,1769981.0,919.1435546875,18.02031898498535,7.330322265625,20.690227508544922,8.96282958984375,1.537548542022705,,,,,,,116.0,51.0,20.0,1.0,0.0,0.0,0.0,0.0,2020,8,Invierno,Arbustos,1,1,1,1,2.822553601165695,5–10 m,872_gt1r_1769977,290225.8,5275391.7,BOSQUE_NW_02,conservador,SI,,2020-08-21,NO
BOSQUE_NW_02(3),ATL08_20200821120606_08720813_007_01.h5,2020-08-21T12:06:06Z,gt1r,-71.55903625488281,-42.644466400146484,83246882.83605422,872.0,8.0,13.0,007,01,10782.0,0.0,1769982.0,1769986.0,911.9754028320312,12.665032386779785,4.56951904296875,13.318185806274414,6.11077880859375,1.1425961256027222,,,,,,,55.0,72.0,126.0,1.0,0.0,0.0,0.0,0.0,2020,8,Invierno,Bosque abierto desconocido,1,1,1,1,2.9145705885102915,2–5 m,872_gt1r_1769982,290212.8,5275490.5,BOSQUE_NW_02,conservador,SI,,2020-08-21,NO
BOSQUE_NW_02(3),ATL08_20200821120606_08720813_007_01.h5,2020-08-21T12:06:06Z,gt1r,-71.55937957763672,-42.64178466796875,83246882.87828928,872.0,8.0,13.0,007,01,10782.0,0.0,1769997.0,1770001.0,930.8789672851562,15.972602844238281,4.83123779296875,11.642922401428223,5.042236328125,1.1101759672164917,,,,,,,37.0,58.0,126.0,1.0,0.0,0.0,0.0,0.0,2020,8,Invierno,Bosque abierto desconocido,1,1,1,1,2.4099253442612594,2–5 m,872_gt1r_1769997,290175.6,5275787.4,BOSQUE_NW_02,conservador,SI,,2020-08-21,NO
BOSQUE_NW_02(3),ATL08_20200821120606_08720813_007_01.h5,2020-08-21T12:06:06Z,gt1r,-71.55973052978516,-42.63909912109375,83246882.92056444,872.0,8.0,13.0,007,01,10782.0,0.0,1770012.0,1770016.0,967.237548828125,40.23416519165039,4.79998779296875,10.779598236083984,6.14678955078125,1.0618877410888672,,,,,,,76.0,24.0,116.0,1.0,0.0,0.0,0.0,0.0,2020,8,Invierno,Bosque cerrado desconocido,1,1,1,1,2.245755343768676,2–5 m,872_gt1r_1770012,290137.8,5276084.8,BOSQUE_NW_02,conservador,SI,,2020-08-21,NO
BOSQUE_NW_02(3),ATL08_20200821120606_08720813_007_01.h5,2020-08-21T12:06:06Z,gt1r,-71.56123352050781,-42.62746810913086,83246883.1036612,872.0,8.0,13.0,007,01,10782.0,0.0,1770077.0,1770081.0,1134.6497802734375,12.755439758300781,14.65673828125,16.822593688964844,15.860107421875,3.6736035346984863,,,,,,,123.0,89.0,112.0,1.0,0.0,0.0,0.0,0.0,2020,8,Invierno,Bosque cerrado perennifolio latifolio,1,1,1,1,1.1477719917047007,10–20 m,872_gt1r_1770077,289975.4,5277372.7,BOSQUE_NW_02,conservador,SI,,2020-08-21,NO
BOSQUE_NW_02(3),ATL08_20200821120606_08720813_007_01.h5,2020-08-21T12:06:06Z,gt1r,-71.56157684326172,-42.624786376953125,83246883.14592947,872.0,8.0,13.0,007,01,10782.0,0.0,1770092.0,1770096.0,1141.7708740234375,10.48076057434082,16.1641845703125,14.026265144348145,23.213623046875,4.618359088897705,,,,,,,117.0,109.0,112.0,1.0,0.0,0.0,0.0,0.0,2020,8,Invierno,Bosque cerrado perennifolio latifolio,1,1,1,1,0.8677372547520333,10–20 m,872_gt1r_1770092,289938.2,5277669.6,BOSQUE_NW_02,conservador,SI,,2020-08-21,NO
BOSQUE_NW_02(3),ATL08_20200821120606_08720813_007_01.h5,2020-08-21T12:06:06Z,gt1r,-71.56181335449219,-42.62299728393555,83246883.17405896,872.0,8.0,13.0,007,01,10782.0,0.0,1770102.0,1770106.0,1147.891845703125,11.2530517578125,14.0948486328125,15.905248641967773,21.0228271484375,4.301324844360352,,,,,,,60.0,102.0,112.0,1.0,0.0,0.0,0.0,0.0,2020,8,Invierno,Bosque cerrado perennifolio latifolio,1,1,1,1,1.1284440902004937,10–20 m,872_gt1r_1770102,289912.8,5277867.7,BOSQUE_NW_02,conservador,SI,,2020-08-21,NO
BOSQUE_NW_02(3),ATL08_20200821120606_08720813_007_01.h5,2020-08-21T12:06:06Z,gt1r,-71.56413269042969,-42.6051025390625,83246883.45580365,872.0,8.0,13.0,007,01,10782.0,0.0,1770202.0,1770206.0,1423.60791015625,71.47205352783203,11.142822265625,18.213159561157227,12.4468994140625,3.2225708961486816,,,,,,,77.0,20.0,112.0,1.0,0.0,0.0,0.0,0.0,2020,8,Invierno,Bosque cerrado perennifolio latifolio,1,1,1,1,1.634519435649964,10–20 m,872_gt1r_1770202,289662.4,5279849.2,BOSQUE_NW_02,conservador,SI,,2020-08-21,NO
BOSQUE_NW_02(3),ATL08_20200821120606_08720813_007_01.h5,2020-08-21T12:06:06Z,gt1r,-71.5645980834961,-42.601524353027344,83246883.5121503,872.0,8.0,13.0,007,01,10782.0,0.0,1770222.0,1770226.0,1462.2083740234375,133.26983642578125,10.6358642578125,28.051532745361328,12.1014404296875,2.6421446800231934,,,,,,,121.0,11.0,112.0,1.0,0.0,0.0,0.0,0.0,2020,8,Invierno,Bosque cerrado perennifolio latifolio,1,1,1,1,2.6374474199175935,10–20 m,872_gt1r_1770222,289612.1,5280245.4,BOSQUE_NW_02,conservador,SI,,2020-08-21,NO
BOSQUE_NW_02(3),ATL08_20200821120606_08720813_007_01.h5,2020-08-21T12:06:06Z,gt1r,-71.56726837158203,-42.58095169067383,83246883.83650908,872.0,8.0,13.0,007,01,10782.0,0.0,1770337.0,1770341.0,1133.50146484375,35.40280532836914,18.1712646484375,42.48393630981445,19.760009765625,5.27037239074707,,,,,,,54.0,32.0,30.0,1.0,0.0,0.0,0.0,0.0,2020,8,Invierno,Herbáceas,1,1,1,1,2.337973560550588,10–20 m,872_gt1r_1770337,289323.7,5282523.3,BOSQUE_NW_02,conservador,SI,,2020-08-21,NO
BOSQUE_NW_02(3),ATL08_20200821120606_08720813_007_01.h5,2020-08-21T12:06:06Z,gt1r,-71.56761169433594,-42.57826614379883,83246883.87879406,872.0,8.0,13.0,007,01,10782.0,0.0,1770352.0,1770356.0,1098.1134033203125,45.63393020629883,18.648193359375,38.96654510498047,26.1185302734375,4.208906650543213,,,,,,,166.0,24.0,20.0,1.0,0.0,0.0,0.0,0.0,2020,8,Invierno,Arbustos,1,1,1,1,2.0895614043700825,10–20 m,872_gt1r_1770352,289286.5,5282820.7,BOSQUE_NW_02,conservador,SI,,2020-08-21,NO
BOSQUE_NW_02(3),ATL08_20200821120606_08720813_007_01.h5,2020-08-21T12:06:06Z,gt1r,-71.56808471679688,-42.57468795776367,83246883.93525216,872.0,8.0,13.0,007,01,10782.0,0.0,1770372.0,1770376.0,971.7416381835938,23.695924758911133,17.616943359375,27.069299697875977,19.25775146484375,4.356846809387207,,,,,,,59.0,41.0,20.0,1.0,0.0,0.0,0.0,0.0,2020,8,Invierno,Arbustos,1,1,1,1,1.5365491700619465,10–20 m,872_gt1r_1770372,289235.6,5283216.9,BOSQUE_NW_02,conservador,SI,,2020-08-21,NO
BOSQUE_NW_02(3),ATL08_20200821120606_08720813_007_01.h5,2020-08-21T12:06:06Z,gt2l,-71.5140609741211,-42.68894577026367,83246881.72387426,872.0,8.0,13.0,007,01,10782.0,0.0,1769718.0,1769722.0,1396.4559326171875,16.041950225830078,5.262939453125,5.567934513092041,6.745361328125,1.2077834606170654,,,,,,,374.0,87.0,116.0,1.0,0.0,0.0,0.0,0.0,2020,8,Invierno,Bosque cerrado desconocido,1,1,1,1,1.0579514666059748,5–10 m,872_gt2l_1769718,294047.0,5270661.7,BOSQUE_NW_02,conservador,SI,,2020-08-21,NO
BOSQUE_NW_02(3),ATL08_20200821120606_08720813_007_01.h5,2020-08-21T12:06:06Z,gt2l,-71.514404296875,-42.68626022338867,83246881.76614381,872.0,8.0,13.0,007,01,10782.0,0.0,1769733.0,1769737.0,1351.021484375,13.656861305236816,4.302978515625,5.923849105834961,6.646240234375,0.9481831789016724,,,,,,,397.0,99.0,116.0,1.0,0.0,0.0,0.0,0.0,2020,8,Invierno,Bosque cerrado desconocido,1,1,1,1,1.3766857269503545,2–5 m,872_gt2l_1769733,294010.0,5270959.1,BOSQUE_NW_02,conservador,SI,,2020-08-21,NO
BOSQUE_NW_02(3),ATL08_20200821120606_08720813_007_01.h5,2020-08-21T12:06:06Z,gt2l,-71.51475524902344,-42.68357849121094,83246881.80852804,872.0,8.0,13.0,007,01,10782.0,0.0,1769748.0,1769752.0,1339.791748046875,4.336880683898926,10.1883544921875,6.04579496383667,15.1546630859375,2.1630401611328125,,,,,,,396.0,309.0,112.0,1.0,0.0,0.0,0.0,0.0,2020,8,Invierno,Bosque cerrado perennifolio latifolio,1,1,1,1,0.5934024938445779,10–20 m,872_gt2l_1769748,293972.3,5271256.0,BOSQUE_NW_02,conservador,SI,,2020-08-21,NO
BOSQUE_NW_02(3),ATL08_20200821120606_08720813_007_01.h5,2020-08-21T12:06:06Z,gt2l,-71.51487731933594,-42.682682037353516,83246881.82247497,872.0,8.0,13.0,007,01,10782.0,0.0,1769753.0,1769757.0,1337.42724609375,10.798912048339844,13.7098388671875,8.101722717285156,16.0419921875,3.149860143661499,,,,,,,308.0,124.0,112.0,1.0,0.0,0.0,0.0,0.0,2020,8,Invierno,Bosque cerrado perennifolio latifolio,1,1,1,1,0.5909422273864536,10–20 m,872_gt2l_1769753,293959.4,5271355.3,BOSQUE_NW_02,conservador,SI,,2020-08-21,NO
BOSQUE_NW_02(3),ATL08_20200821120606_08720813_007_01.h5,2020-08-21T12:06:06Z,gt2l,-71.51988983154297,-42.64421463012695,83246882.428625,872.0,8.0,13.0,007,01,10782.0,0.0,1769968.0,1769972.0,1315.921875,4.586301803588867,12.6571044921875,6.010664463043213,13.38232421875,3.5879106521606445,,,,,,,203.0,287.0,112.0,1.0,0.0,0.0,0.0,0.0,2020,8,Invierno,Bosque cerrado perennifolio latifolio,1,1,1,1,0.4748846362731104,10–20 m,872_gt2l_1769968,293421.3,5275614.9,BOSQUE_NW_02,conservador,SI,,2020-08-21,NO
BOSQUE_NW_02(3),ATL08_20200821120606_08720813_007_01.h5,2020-08-21T12:06:06Z,gt2l,-71.52059173583984,-42.63884735107422,83246882.51337898,872.0,8.0,13.0,007,01,10782.0,0.0,1769998.0,1770002.0,1298.9578857421875,6.331218242645264,14.177734375,8.548699378967285,17.9573974609375,3.6675169467926025,,,,,,,301.0,205.0,116.0,1.0,0.0,0.0,0.0,0.0,2020,8,Invierno,Bosque cerrado desconocido,1,1,1,1,0.6029665356152707,10–20 m,872_gt2l_1769998,293346.0,5276209.2,BOSQUE_NW_02,conservador,SI,,2020-08-21,NO
BOSQUE_NW_02(3),ATL08_20200821120606_08720813_007_01.h5,2020-08-21T12:06:06Z,gt2l,-71.52082061767578,-42.63705825805664,83246882.54124054,872.0,8.0,13.0,007,01,10782.0,0.0,1770008.0,1770012.0,1307.501708984375,12.085524559020996,5.89892578125,4.59071683883667,7.0311279296875,1.4050853252410889,,,,,,,309.0,108.0,116.0,1.0,0.0,0.0,0.0,0.0,2020,8,Invierno,Bosque cerrado desconocido,1,1,1,1,0.7782292927686036,5–10 m,872_gt2l_1770008,293321.3,5276407.3,BOSQUE_NW_02,conservador,SI,,2020-08-21,NO
BOSQUE_NW_02(3),ATL08_20200821120606_08720813_007_01.h5,2020-08-21T12:06:06Z,gt2l,-71.52140045166016,-42.63258743286133,83246882.6119158,872.0,8.0,13.0,007,01,10782.0,0.0,1770033.0,1770037.0,1312.6505126953125,15.222972869873047,6.0240478515625,3.899507522583008,9.2222900390625,1.2421379089355469,,,,,,,296.0,86.0,116.0,1.0,0.0,0.0,0.0,0.0,2020,8,Invierno,Bosque cerrado desconocido,1,1,1,1,0.6473234640012969,5–10 m,872_gt2l_1770033,293258.9,5276902.4,BOSQUE_NW_02,conservador,SI,,2020-08-21,NO
BOSQUE_NW_02(3),ATL08_20200821120606_08720813_007_01.h5,2020-08-21T12:06:06Z,gt2l,-71.5228042602539,-42.62185287475586,83246882.78084865,872.0,8.0,13.0,007,01,10782.0,0.0,1770093.0,1770097.0,1288.8929443359375,10.466721534729004,14.3629150390625,12.895764350891113,15.6279296875,3.302560567855835,,,,,,,347.0,123.0,114.0,1.0,0.0,0.0,0.0,0.0,2020,8,Invierno,Bosque cerrado caducifolio latifolio,1,1,1,1,0.897851467882306,10–20 m,872_gt2l_1770093,293108.2,5278091.0,BOSQUE_NW_02,conservador,SI,,2020-08-21,NO
BOSQUE_NW_02(3),ATL08_20200821120606_08720813_007_01.h5,2020-08-21T12:06:06Z,gt2l,-71.52535247802734,-42.602169036865234,83246883.09077404,872.0,8.0,13.0,007,01,10782.0,0.0,1770203.0,1770207.0,1133.953125,7.897571086883545,17.6903076171875,8.755409240722656,23.0291748046875,3.275268077850342,,,,,,,297.0,144.0,112.0,1.0,0.0,0.0,0.0,0.0,2020,8,Invierno,Bosque cerrado perennifolio latifolio,1,1,1,1,0.4949269074448485,10–20 m,872_gt2l_1770203,292834.0,5280270.7,BOSQUE_NW_02,conservador,SI,,2020-08-21,NO
BOSQUE_NW_02(3),ATL08_20200821120606_08720813_007_01.h5,2020-08-21T12:06:06Z,gt2l,-71.52546691894531,-42.60127639770508,83246883.10501513,872.0,8.0,13.0,007,01,10782.0,0.0,1770208.0,1770212.0,1160.3486328125,5.943517208099365,4.0238037109375,7.824930191040039,11.4188232421875,1.0319887399673462,,,,,,,354.0,195.0,112.0,1.0,0.0,0.0,0.0,0.0,2020,8,Invierno,Bosque cerrado perennifolio latifolio,1,1,1,1,1.9446600165336894,2–5 m,872_gt2l_1770208,292821.6,5280369.5,BOSQUE_NW_02,conservador,SI,,2020-08-21,NO
BOSQUE_NW_02(3),ATL08_20200821120606_08720813_007_01.h5,2020-08-21T12:06:06Z,gt2l,-71.52651977539062,-42.593223571777344,83246883.23167023,872.0,8.0,13.0,007,01,10782.0,0.0,1770253.0,1770257.0,1167.8560791015625,12.707326889038086,7.794189453125,7.196249485015869,14.763916015625,1.7553144693374634,,,,,,,392.0,92.0,126.0,1.0,0.0,0.0,0.0,0.0,2020,8,Invierno,Bosque abierto desconocido,1,1,1,1,0.9232838806773689,5–10 m,872_gt2l_1770253,292708.5,5281261.2,BOSQUE_NW_02,conservador,SI,,2020-08-21,NO
BOSQUE_NW_02(3),ATL08_20200821120606_08720813_007_01.h5,2020-08-21T12:06:06Z,gt2l,-71.52709197998047,-42.588748931884766,83246883.30224608,872.0,8.0,13.0,007,01,10782.0,0.0,1770278.0,1770282.0,1041.541748046875,12.096540451049805,5.0042724609375,5.897244453430176,5.930419921875,1.1268929243087769,,,,,,,184.0,86.0,126.0,1.0,0.0,0.0,0.0,0.0,2020,8,Invierno,Bosque abierto desconocido,1,1,1,1,1.1784419212708868,5–10 m,872_gt2l_1770278,292646.8,5281756.7,BOSQUE_NW_02,conservador,SI,,2020-08-21,NO
BOSQUE_NW_02(3),ATL08_20200821120606_08720813_007_01.h5,2020-08-21T12:06:06Z,gt2l,-71.52721405029297,-42.58785629272461,83246883.31630722,872.0,8.0,13.0,007,01,10782.0,0.0,1770283.0,1770287.0,1023.2633056640625,10.037969589233398,4.026123046875,8.839241981506348,5.62408447265625,0.9054008722305298,,,,,,,215.0,102.0,126.0,1.0,0.0,0.0,0.0,0.0,2020,8,Invierno,Bosque abierto desconocido,1,1,1,1,2.19547238834819,2–5 m,872_gt2l_1770283,292633.8,5281855.5,BOSQUE_NW_02,conservador,SI,,2020-08-21,NO
BOSQUE_NW_02(3),ATL08_20200821120606_08720813_007_01.h5,2020-08-21T12:06:06Z,gt2l,-71.52918243408203,-42.57264709472656,83246883.5558419,872.0,8.0,13.0,007,01,10782.0,0.0,1770368.0,1770372.0,902.6455078125,32.16606140136719,4.97314453125,11.01242733001709,6.309326171875,1.1674771308898926,,,,,,,95.0,28.0,116.0,1.0,0.0,0.0,0.0,0.0,2020,8,Invierno,Bosque cerrado desconocido,1,1,1,1,2.214379103767796,2–5 m,872_gt2l_1770368,292421.8,5283539.7,BOSQUE_NW_02,conservador,SI,,2020-08-21,NO
BOSQUE_NW_02(3),ATL08_20200821120606_08720813_007_01.h5,2020-08-21T12:06:06Z,gt2l,-71.5298843383789,-42.56727981567383,83246883.64030991,872.0,8.0,13.0,007,01,10782.0,0.0,1770398.0,1770402.0,840.1065673828125,32.295738220214844,6.10272216796875,15.265670776367188,6.19439697265625,1.3410803079605103,,,,,,,75.0,26.0,126.0,1.0,0.0,0.0,0.0,0.0,2020,8,Invierno,Bosque abierto desconocido,1,1,1,1,2.5014526888495503,5–10 m,872_gt2l_1770398,292346.3,5284134.0,BOSQUE_NW_02,conservador,SI,,2020-08-21,NO
BOSQUE_NW_02(3),ATL08_20200821120606_08720813_007_01.h5,2020-08-21T12:06:06Z,gt2l,-71.53079986572266,-42.560123443603516,83246883.75320566,872.0,8.0,13.0,007,01,10782.0,0.0,1770438.0,1770442.0,768.5397338867188,2.6499266624450684,20.51751708984375,3.7076516151428223,20.51751708984375,3.9094960689544678,,,,,,,24.0,290.0,20.0,1.0,0.0,0.0,0.0,0.0,2020,8,Invierno,Arbustos,1,1,1,1,0.18070664198340666,20–30 m,872_gt2l_1770438,292247.4,5284926.4,BOSQUE_NW_02,conservador,SI,,2020-08-21,NO
BOSQUE_NW_02(3),ATL08_20200821120606_08720813_007_01.h5,2020-08-21T12:06:06Z,gt2r,-71.5129165649414,-42.68940734863281,83246882.06656463,872.0,8.0,13.0,007,01,10782.0,0.0,1769715.0,1769719.0,1391.5791015625,22.75107192993164,10.06494140625,14.798118591308594,11.173095703125,1.887624740600586,,,,,,,70.0,61.0,116.0,1.0,0.0,0.0,0.0,0.0,2020,8,Invierno,Bosque cerrado desconocido,1,1,1,1,1.4702637595206909,10–20 m,872_gt2r_1769715,294142.2,5270613.2,BOSQUE_NW_02,conservador,SI,,2020-08-21,NO
BOSQUE_NW_02(3),ATL08_20200821120606_08720813_007_01.h5,2020-08-21T12:06:06Z,gt2r,-71.51373291015625,-42.683143615722656,83246882.1652513,872.0,8.0,13.0,007,01,10782.0,0.0,1769750.0,1769754.0,1332.8345947265625,17.315467834472656,14.092041015625,21.76685333251953,16.08154296875,3.5449395179748535,,,,,,,89.0,77.0,112.0,1.0,0.0,0.0,0.0,0.0,2020,8,Invierno,Bosque cerrado perennifolio latifolio,1,1,1,1,1.5446203504790283,10–20 m,872_gt2r_1769750,294054.7,5271306.8,BOSQUE_NW_02,conservador,SI,,2020-08-21,NO
BOSQUE_NW_02(3),ATL08_20200821120606_08720813_007_01.h5,2020-08-21T12:06:06Z,gt2r,-71.51863861083984,-42.645572662353516,83246882.7571124,872.0,8.0,13.0,007,01,10782.0,0.0,1769960.0,1769964.0,1327.0869140625,82.9111328125,8.1256103515625,22.64242935180664,11.401123046875,1.7041596174240112,,,,,,,82.0,16.0,112.0,1.0,0.0,0.0,0.0,0.0,2020,8,Invierno,Bosque cerrado perennifolio latifolio,1,1,1,1,2.78655120934425,5–10 m,872_gt2r_1769960,293528.3,5275467.1,BOSQUE_NW_02,conservador,SI,,2020-08-21,NO
BOSQUE_NW_02(3),ATL08_20200821120606_08720813_007_01.h5,2020-08-21T12:06:06Z,gt2r,-71.51910400390625,-42.64199447631836,83246882.81344146,872.0,8.0,13.0,007,01,10782.0,0.0,1769980.0,1769984.0,1314.4776611328125,18.780630111694336,17.6959228515625,25.66094970703125,22.311279296875,3.922744035720825,,,,,,,104.0,70.0,112.0,1.0,0.0,0.0,0.0,0.0,2020,8,Invierno,Bosque cerrado perennifolio latifolio,1,1,1,1,1.450105197806367,10–20 m,872_gt2r_1769980,293478.4,5275863.3,BOSQUE_NW_02,conservador,SI,,2020-08-21,NO
BOSQUE_NW_02(3),ATL08_20200821120606_08720813_007_01.h5,2020-08-21T12:06:06Z,gt2r,-71.5199203491211,-42.6357307434082,83246882.91207741,872.0,8.0,13.0,007,01,10782.0,0.0,1770015.0,1770019.0,1341.6923828125,26.823657989501953,8.453369140625,32.81244659423828,11.596435546875,2.1333675384521484,,,,,,,101.0,50.0,112.0,1.0,0.0,0.0,0.0,0.0,2020,8,Invierno,Bosque cerrado perennifolio latifolio,1,1,1,1,3.881582129963899,5–10 m,872_gt2r_1770015,293390.7,5276556.9,BOSQUE_NW_02,conservador,SI,,2020-08-21,NO
BOSQUE_NW_02(3),ATL08_20200821120606_08720813_007_01.h5,2020-08-21T12:06:06Z,gt2r,-71.52003479003906,-42.63483810424805,83246882.92614575,872.0,8.0,13.0,007,01,10782.0,0.0,1770020.0,1770024.0,1340.9539794921875,41.88383483886719,6.051025390625,25.3146915435791,11.875244140625,1.5490840673446655,,,,,,,85.0,32.0,112.0,1.0,0.0,0.0,0.0,0.0,2020,8,Invierno,Bosque cerrado perennifolio latifolio,1,1,1,1,4.183537484869881,5–10 m,872_gt2r_1770020,293378.3,5276655.8,BOSQUE_NW_02,conservador,SI,,2020-08-21,NO
BOSQUE_NW_02(3),ATL08_20200821120606_08720813_007_01.h5,2020-08-21T12:06:06Z,gt2r,-71.5232925415039,-42.6096076965332,83246883.32370365,872.0,8.0,13.0,007,01,10782.0,0.0,1770161.0,1770164.0,883.1557006835938,30.462976455688477,9.409912109375,37.97824478149414,9.409912109375,1.7085384130477905,,,,,,,43.0,29.0,126.0,1.0,0.0,0.0,0.0,0.0,2020,8,Invierno,Bosque abierto desconocido,1,1,1,1,4.035982944373816,5–10 m,872_gt2r_1770161,293027.6,5279449.6,BOSQUE_NW_02,conservador,SI,,2020-08-21,NO
BOSQUE_NW_02(3),ATL08_20200821120606_08720813_007_01.h5,2020-08-21T12:06:06Z,gt2r,-71.52338409423828,-42.608890533447266,83246883.33501856,872.0,8.0,13.0,007,01,10782.0,0.0,1770165.0,1770169.0,869.0069580078125,12.967866897583008,16.56951904296875,17.453048706054688,16.56951904296875,3.7913012504577637,,,,,,,41.0,67.0,126.0,1.0,0.0,0.0,0.0,0.0,2020,8,Invierno,Bosque abierto desconocido,1,1,1,1,1.0533225895570495,10–20 m,872_gt2r_1770165,293017.7,5279529.1,BOSQUE_NW_02,conservador,SI,,2020-08-21,NO
BOSQUE_NW_02(3),ATL08_20200821120606_08720813_007_01.h5,2020-08-21T12:06:06Z,gt2r,-71.52373504638672,-42.60620880126953,83246883.37728828,872.0,8.0,13.0,007,01,10782.0,0.0,1770180.0,1770184.0,904.5484619140625,31.514602661132812,8.69775390625,20.478288650512695,8.85693359375,2.261042356491089,,,,,,,60.0,29.0,116.0,1.0,0.0,0.0,0.0,0.0,2020,8,Invierno,Bosque cerrado desconocido,1,1,1,1,2.3544341299191602,5–10 m,872_gt2r_1770180,292980.1,5279826.0,BOSQUE_NW_02,conservador,SI,,2020-08-21,NO
BOSQUE_NW_02(3),ATL08_20200821120606_08720813_007_01.h5,2020-08-21T12:06:06Z,gt2r,-71.5252685546875,-42.59457778930664,83246883.56033623,872.0,8.0,13.0,007,01,10782.0,0.0,1770245.0,1770249.0,1213.938232421875,32.73313522338867,4.704833984375,19.078264236450195,6.211669921875,1.0924795866012573,,,,,,,98.0,37.0,116.0,1.0,0.0,0.0,0.0,0.0,2020,8,Invierno,Bosque cerrado desconocido,1,1,1,1,4.055034524025738,2–5 m,872_gt2r_1770245,292815.7,5281113.9,BOSQUE_NW_02,conservador,SI,,2020-08-21,NO
BOSQUE_NW_02(3),ATL08_20200821120606_08720813_007_01.h5,2020-08-21T12:06:06Z,gt2r,-71.52584075927734,-42.59010696411133,83246883.6308692,872.0,8.0,13.0,007,01,10782.0,0.0,1770270.0,1770274.0,1081.0106201171875,30.97080421447754,4.5087890625,26.434167861938477,5.25732421875,1.002934217453003,,,,,,,49.0,35.0,126.0,1.0,0.0,0.0,0.0,0.0,2020,8,Invierno,Bosque abierto desconocido,1,1,1,1,5.862808726581113,2–5 m,872_gt2r_1770270,292753.9,5281609.0,BOSQUE_NW_02,conservador,SI,,2020-08-21,NO
BOSQUE_NW_02(3),ATL08_20200821120606_08720813_007_01.h5,2020-08-21T12:06:06Z,gt2r,-71.52804565429688,-42.5731086730957,83246883.89874958,872.0,8.0,13.0,007,01,10782.0,0.0,1770365.0,1770369.0,915.0606689453125,31.561695098876953,4.2215576171875,18.00231170654297,9.2432861328125,1.0067377090454102,,,,,,,91.0,29.0,116.0,1.0,0.0,0.0,0.0,0.0,2020,8,Invierno,Bosque cerrado desconocido,1,1,1,1,4.264376644594165,2–5 m,872_gt2r_1770365,292516.6,5283491.2,BOSQUE_NW_02,conservador,SI,,2020-08-21,NO
BOSQUE_NW_02(3),ATL08_20200821120606_08720813_007_01.h5,2020-08-21T12:06:06Z,gt2r,-71.52863311767578,-42.568634033203125,83246883.9692431,872.0,8.0,13.0,007,01,10782.0,0.0,1770390.0,1770394.0,879.4968872070312,17.568096160888672,19.689208984375,23.66496467590332,19.689208984375,3.724871873855591,,,,,,,46.0,50.0,126.0,1.0,0.0,0.0,0.0,0.0,2020,8,Invierno,Bosque abierto desconocido,1,1,1,1,1.2019256179709104,10–20 m,872_gt2r_1770390,292453.5,5283986.7,BOSQUE_NW_02,conservador,SI,,2020-08-21,NO
BOSQUE_NW_02(3),ATL08_20200821120606_08720813_007_01.h5,2020-08-21T12:06:06Z,gt3l,-71.48587036132812,-42.595741271972656,83246883.1307207,872.0,8.0,13.0,007,01,10782.0,0.0,1770223.0,1770227.0,982.4458618164062,16.883541107177734,5.610595703125,7.594990253448486,7.15252685546875,1.3950884342193604,,,,,,,144.0,58.0,112.0,1.0,0.0,0.0,0.0,0.0,2020,8,Invierno,Bosque cerrado perennifolio latifolio,1,1,1,1,1.353686962191593,5–10 m,872_gt3l_1770223,296052.1,5281080.4,BOSQUE_NW_02,conservador,SI,,2020-08-21,NO
BOSQUE_NW_02(3),ATL08_20200821120606_08720813_007_01.h5,2020-08-21T12:06:06Z,gt3l,-71.48657989501953,-42.59037399291992,83246883.21529762,872.0,8.0,13.0,007,01,10782.0,0.0,1770253.0,1770257.0,1011.4072875976562,6.8322434425354,4.60589599609375,6.281598091125488,5.5302734375,0.9903268218040466,,,,,,,190.0,148.0,116.0,1.0,0.0,0.0,0.0,0.0,2020,8,Invierno,Bosque cerrado desconocido,1,1,1,1,1.3638167462862596,2–5 m,872_gt3l_1770253,295976.3,5281674.7,BOSQUE_NW_02,conservador,SI,,2020-08-21,NO
BOSQUE_NW_02(3),ATL08_20200821120606_08720813_007_01.h5,2020-08-21T12:06:06Z,gt3l,-71.48680877685547,-42.588584899902344,83246883.24340756,872.0,8.0,13.0,007,01,10782.0,0.0,1770263.0,1770267.0,980.1882934570312,7.668395042419434,4.67767333984375,6.120456695556641,6.228271484375,1.0260132551193237,,,,,,,284.0,128.0,126.0,1.0,0.0,0.0,0.0,0.0,2020,8,Invierno,Bosque abierto desconocido,1,1,1,1,1.3084403828338051,2–5 m,872_gt3l_1770263,295951.7,5281872.9,BOSQUE_NW_02,conservador,SI,,2020-08-21,NO
BOSQUE_NW_02(3),ATL08_20200821120606_08720813_007_01.h5,2020-08-21T12:06:06Z,gt3l,-71.48692321777344,-42.58768844604492,83246883.2574923,872.0,8.0,13.0,007,01,10782.0,0.0,1770268.0,1770272.0,965.1622924804688,10.615959167480469,4.5985107421875,7.313724040985107,5.94940185546875,0.8743043541908264,,,,,,,410.0,91.0,126.0,1.0,0.0,0.0,0.0,0.0,2020,8,Invierno,Bosque abierto desconocido,1,1,1,1,1.5904549213917867,2–5 m,872_gt3l_1770268,295939.4,5281972.1,BOSQUE_NW_02,conservador,SI,,2020-08-21,NO
BOSQUE_NW_02(3),ATL08_20200821120606_08720813_007_01.h5,2020-08-21T12:06:06Z,gt3l,-71.48773956298828,-42.581424713134766,83246883.35620755,872.0,8.0,13.0,007,01,10782.0,0.0,1770303.0,1770307.0,917.2400512695312,29.572439193725586,5.708984375,10.072907447814941,7.2779541015625,1.2979382276535034,,,,,,,98.0,31.0,20.0,1.0,0.0,0.0,0.0,0.0,2020,8,Invierno,Arbustos,1,1,1,1,1.7643956939039513,5–10 m,872_gt3l_1770303,295852.0,5282665.7,BOSQUE_NW_02,conservador,SI,,2020-08-21,NO
BOSQUE_NW_02(3),ATL08_20200821120606_08720813_007_01.h5,2020-08-21T12:06:06Z,gt3l,-71.48785400390625,-42.58053207397461,83246883.37029324,872.0,8.0,13.0,007,01,10782.0,0.0,1770308.0,1770312.0,902.46533203125,22.573299407958984,5.0059814453125,12.1807279586792,5.9166259765625,1.127924919128418,,,,,,,150.0,40.0,126.0,1.0,0.0,0.0,0.0,0.0,2020,8,Invierno,Bosque abierto desconocido,1,1,1,1,2.433234739630325,5–10 m,872_gt3l_1770308,295839.7,5282764.6,BOSQUE_NW_02,conservador,SI,,2020-08-21,NO
BOSQUE_NW_02(3),ATL08_20200821120606_08720813_007_01.h5,2020-08-21T12:06:06Z,gt3l,-71.4886703491211,-42.57426834106445,83246883.46883625,872.0,8.0,13.0,007,01,10782.0,0.0,1770343.0,1770347.0,872.8095703125,14.078824996948242,4.10260009765625,9.158858299255371,5.3951416015625,1.0270100831985474,,,,,,,102.0,62.0,126.0,1.0,0.0,0.0,0.0,0.0,2020,8,Invierno,Bosque abierto desconocido,1,1,1,1,2.2324521233467722,2–5 m,872_gt3l_1770343,295752.2,5283458.2,BOSQUE_NW_02,conservador,SI,,2020-08-21,NO
BOSQUE_NW_02(3),ATL08_20200821120606_08720813_007_01.h5,2020-08-21T12:06:06Z,gt3r,-71.47654724121094,-42.65882110595703,83246882.48691732,872.0,8.0,13.0,007,01,10782.0,0.0,1769870.0,1769874.0,1130.28173828125,15.93655776977539,15.9361572265625,20.917266845703125,17.241455078125,4.254469871520996,,,,,,,107.0,71.0,112.0,1.0,0.0,0.0,0.0,0.0,2020,8,Invierno,Bosque cerrado perennifolio latifolio,1,1,1,1,1.312566545894645,10–20 m,872_gt3r_1769870,297022.2,5274097.8,BOSQUE_NW_02,conservador,SI,,2020-08-21,NO
BOSQUE_NW_02(3),ATL08_20200821120606_08720813_007_01.h5,2020-08-21T12:06:06Z,gt3r,-71.47702026367188,-42.655242919921875,83246882.54326116,872.0,8.0,13.0,007,01,10782.0,0.0,1769890.0,1769894.0,1161.1376953125,17.884607315063477,16.668701171875,22.353111267089844,17.7889404296875,4.0227370262146,,,,,,,133.0,65.0,112.0,1.0,0.0,0.0,0.0,0.0,2020,8,Invierno,Bosque cerrado perennifolio latifolio,1,1,1,1,1.341022976931527,10–20 m,872_gt3r_1769890,296971.8,5274494.1,BOSQUE_NW_02,conservador,SI,,2020-08-21,NO
BOSQUE_NW_02(3),ATL08_20200821120606_08720813_007_01.h5,2020-08-21T12:06:06Z,gt3r,-71.48475646972656,-42.59601974487305,83246883.47612315,872.0,8.0,13.0,007,01,10782.0,0.0,1770221.0,1770224.0,996.9965209960938,36.91477584838867,22.45159912109375,25.266504287719727,24.9246826171875,5.032087802886963,,,,,,,50.0,27.0,112.0,1.0,0.0,0.0,0.0,0.0,2020,8,Invierno,Bosque cerrado perennifolio latifolio,1,1,1,1,1.1253766001897527,20–30 m,872_gt3r_1770221,296144.4,5281052.2,BOSQUE_NW_02,conservador,SI,,2020-08-21,NO
BOSQUE_NW_02(3),ATL08_20200821120606_08720813_007_01.h5,2020-08-21T12:06:06Z,gt3r,-71.48543548583984,-42.5908317565918,83246883.5578818,872.0,8.0,13.0,007,01,10782.0,0.0,1770250.0,1770254.0,1027.96728515625,35.43312072753906,5.3486328125,20.22512435913086,6.22491455078125,1.3412612676620483,,,,,,,52.0,29.0,116.0,1.0,0.0,0.0,0.0,0.0,2020,8,Invierno,Bosque cerrado desconocido,1,1,1,1,3.7813634003560344,5–10 m,872_gt3r_1770250,296071.7,5281626.7,BOSQUE_NW_02,conservador,SI,,2020-08-21,NO
BOSQUE_NW_02(3),ATL08_20200821120606_08720813_007_01.h5,2020-08-21T12:06:06Z,gt3r,-71.48648071289062,-42.58277893066406,83246883.68475994,872.0,8.0,13.0,007,01,10782.0,0.0,1770295.0,1770299.0,939.0131225585938,19.94207763671875,4.55224609375,22.529560089111328,5.87939453125,0.9628521800041199,,,,,,,79.0,47.0,126.0,1.0,0.0,0.0,0.0,0.0,2020,8,Invierno,Bosque abierto desconocido,1,1,1,1,4.949108555454253,2–5 m,872_gt3r_1770295,295959.7,5282518.4,BOSQUE_NW_02,conservador,SI,,2020-08-21,NO
BOSQUE_NW_02(3),ATL08_20200821120606_08720813_007_01.h5,2020-08-21T12:06:06Z,gt3r,-71.4867172241211,-42.580989837646484,83246883.71300219,872.0,8.0,13.0,007,01,10782.0,0.0,1770305.0,1770309.0,934.2398071289062,25.928220748901367,10.84454345703125,26.02712631225586,11.435791015625,3.1587371826171875,,,,,,,77.0,36.0,20.0,1.0,0.0,0.0,0.0,0.0,2020,8,Invierno,Arbustos,1,1,1,1,2.400020472542873,10–20 m,872_gt3r_1770305,295934.4,5282716.5,BOSQUE_NW_02,conservador,SI,,2020-08-21,NO
BOSQUE_NW_02(3),ATL08_20200821120606_08720813_007_01.h5,2020-08-21T12:06:06Z,gt3r,-71.4874038696289,-42.57562255859375,83246883.79754448,872.0,8.0,13.0,007,01,10782.0,0.0,1770335.0,1770339.0,872.6629638671875,72.89667510986328,20.1463623046875,69.30915069580078,24.3551025390625,4.895190238952637,,,,,,,50.0,12.0,126.0,1.0,0.0,0.0,0.0,0.0,2020,8,Invierno,Bosque abierto desconocido,1,1,1,1,3.4402811608165345,20–30 m,872_gt3r_1770335,295860.6,5283310.9,BOSQUE_NW_02,conservador,SI,,2020-08-21,NO
BOSQUE_NW_02(3),ATL08_20200821120606_08720813_007_01.h5,2020-08-21T12:06:06Z,gt3r,-71.48880004882812,-42.56488800048828,83246883.96674186,872.0,8.0,13.0,007,01,10782.0,0.0,1770395.0,1770399.0,796.777099609375,15.32359790802002,19.28424072265625,20.732730865478516,19.28424072265625,5.845044136047363,,,,,,,29.0,52.0,20.0,1.0,0.0,0.0,0.0,0.0,2020,8,Invierno,Arbustos,1,1,1,1,1.0751126354236231,10–20 m,872_gt3r_1770395,295710.9,5284499.6,BOSQUE_NW_02,conservador,SI,,2020-08-21,NO
BOSQUE_NW_02(3),ATL08_20200821120606_08720813_007_01.h5,2020-08-21T12:06:06Z,gt3r,-71.4890365600586,-42.5630989074707,83246883.99494565,872.0,8.0,13.0,007,01,10782.0,0.0,1770405.0,1770409.0,794.7246704101562,9.810356140136719,15.568115234375,13.8403902053833,15.568115234375,3.705735206604004,,,,,,,22.0,81.0,20.0,1.0,0.0,0.0,0.0,0.0,2020,8,Invierno,Arbustos,1,1,1,1,0.8890215672879389,10–20 m,872_gt3r_1770405,295685.7,5284697.7,BOSQUE_NW_02,conservador,SI,,2020-08-21,NO
BOSQUE_NW_02(3),ATL08_20200821120606_08720813_007_01.h5,2020-08-21T12:06:06Z,gt3r,-71.48915100097656,-42.56220245361328,83246884.00902408,872.0,8.0,13.0,007,01,10782.0,0.0,1770410.0,1770414.0,793.5621337890625,9.122918128967285,14.71478271484375,12.583908081054688,14.71478271484375,5.038713455200195,,,,,,,21.0,87.0,20.0,1.0,0.0,0.0,0.0,0.0,2020,8,Invierno,Arbustos,1,1,1,1,0.8551881685864439,10–20 m,872_gt3r_1770410,295673.4,5284796.9,BOSQUE_NW_02,conservador,SI,,2020-08-21,NO
BOSQUE_NW_02(3),ATL08_20200821120606_08720813_007_01.h5,2020-08-21T12:06:06Z,gt3r,-71.48927307128906,-42.561309814453125,83246884.02315056,872.0,8.0,13.0,007,01,10782.0,0.0,1770415.0,1770419.0,793.2992553710938,46.648895263671875,16.1875,49.234092712402344,16.1875,2.3964579105377197,,,,,,,27.0,17.0,20.0,1.0,0.0,0.0,0.0,0.0,2020,8,Invierno,Arbustos,1,1,1,1,3.04148835288972,10–20 m,872_gt3r_1770415,295660.4,5284895.8,BOSQUE_NW_02,conservador,SI,,2020-08-21,NO
BOSQUE_NW_02(3),ATL08_20210216151542_08341009_007_01.h5,2021-02-16T15:15:42Z,gt1l,-71.48152160644531,-42.56005859375,98723986.2894983,834.0,10.0,9.0,007,01,13518.0,1.0,1238472.0,1238476.0,782.1422729492188,30.083681106567383,17.619873046875,32.868553161621094,17.88482666015625,5.499486446380615,,,,,,,52.0,26.0,20.0,1.0,0.0,0.0,0.0,0.0,2021,2,Verano,Arbustos,1,1,1,1,1.8654250841750841,10–20 m,834_gt1l_1238472,296292.7,5285053.4,BOSQUE_NW_02,conservador,SI,,2021-02-16,NO
BOSQUE_NW_02(3),ATL08_20210216151542_08341009_007_01.h5,2021-02-16T15:15:42Z,gt1l,-71.4822998046875,-42.56542205810547,98723986.37410372,834.0,10.0,9.0,007,01,13518.0,1.0,1238502.0,1238506.0,820.7825927734375,90.9422378540039,16.633056640625,61.53551483154297,16.75152587890625,4.1339192390441895,,,,,,,55.0,9.0,126.0,1.0,0.0,0.0,0.0,0.0,2021,2,Verano,Bosque abierto desconocido,1,1,1,1,3.6995914918757062,10–20 m,834_gt1l_1238502,296246.3,5284455.9,BOSQUE_NW_02,conservador,SI,,2021-02-16,NO
BOSQUE_NW_02(3),ATL08_20210216151542_08341009_007_01.h5,2021-02-16T15:15:42Z,gt1l,-71.48242950439453,-42.566314697265625,98723986.38818306,834.0,10.0,9.0,007,01,13518.0,1.0,1238507.0,1238511.0,816.0912475585938,62.77849578857422,16.264892578125,61.24130630493164,16.264892578125,3.954240083694458,,,,,,,39.0,13.0,126.0,1.0,0.0,0.0,0.0,0.0,2021,2,Verano,Bosque abierto desconocido,1,1,1,1,3.7652450522357817,10–20 m,834_gt1l_1238507,296238.5,5284356.5,BOSQUE_NW_02,conservador,SI,,2021-02-16,NO
BOSQUE_NW_02(3),ATL08_20210216151542_08341009_007_01.h5,2021-02-16T15:15:42Z,gt1l,-71.48307800292969,-42.57078170776367,98723986.45861806,834.0,10.0,9.0,007,01,13518.0,1.0,1238532.0,1238536.0,840.7789306640625,42.042606353759766,14.73516845703125,42.765438079833984,14.73516845703125,4.000369548797607,,,,,,,38.0,20.0,126.0,1.0,0.0,0.0,0.0,0.0,2021,2,Verano,Bosque abierto desconocido,1,1,1,1,2.9022700490015367,10–20 m,834_gt1l_1238532,296199.8,5283858.9,BOSQUE_NW_02,conservador,SI,,2021-02-16,NO
BOSQUE_NW_02(3),ATL08_20210216151542_08341009_007_01.h5,2021-02-16T15:15:42Z,gt1l,-71.48532104492188,-42.585975646972656,98723986.69833769,834.0,10.0,9.0,007,01,13518.0,1.0,1238617.0,1238621.0,961.162109375,137.7362518310547,14.17181396484375,76.0296630859375,15.07244873046875,3.126826763153076,,,,,,,47.0,7.0,20.0,1.0,0.0,0.0,0.0,0.0,2021,2,Verano,Arbustos,1,1,1,1,5.364850489467723,10–20 m,834_gt1l_1238617,296065.3,5282166.2,BOSQUE_NW_02,conservador,SI,,2021-02-16,NO
BOSQUE_NW_02(3),ATL08_20210216151542_08341009_007_01.h5,2021-02-16T15:15:42Z,gt1l,-71.48558044433594,-42.58776092529297,98723986.72648396,834.0,10.0,9.0,007,01,13518.0,1.0,1238627.0,1238631.0,992.7686157226562,142.0402069091797,12.72265625,39.19660186767578,13.962158203125,2.7413482666015625,,,,,,,63.0,7.0,20.0,1.0,0.0,0.0,0.0,0.0,2021,2,Verano,Arbustos,1,1,1,1,3.0808504998848636,10–20 m,834_gt1l_1238627,296049.8,5281967.3,BOSQUE_NW_02,conservador,SI,,2021-02-16,NO
BOSQUE_NW_02(3),ATL08_20210216151542_08341009_007_01.h5,2021-02-16T15:15:42Z,gt1l,-71.48663330078125,-42.59490966796875,98723986.83929886,834.0,10.0,9.0,007,01,13518.0,1.0,1238667.0,1238671.0,974.7546997070312,162.37025451660156,7.301513671875,46.076297760009766,8.8505859375,1.9028340578079224,,,,,,,28.0,6.0,112.0,1.0,0.0,0.0,0.0,0.0,2021,2,Verano,Bosque cerrado perennifolio latifolio,1,1,1,1,6.310513111478918,5–10 m,834_gt1l_1238667,295986.8,5281170.9,BOSQUE_NW_02,conservador,SI,,2021-02-16,NO
BOSQUE_NW_02(3),ATL08_20210216151542_08341009_007_01.h5,2021-02-16T15:15:42Z,gt1l,-71.4871597290039,-42.59848403930664,98723986.89552467,834.0,10.0,9.0,007,01,13518.0,1.0,1238687.0,1238691.0,926.9830322265625,48.76900863647461,13.2015380859375,50.740577697753906,15.7938232421875,3.681084394454956,,,,,,,50.0,19.0,126.0,1.0,0.0,0.0,0.0,0.0,2021,2,Verano,Bosque abierto desconocido,1,1,1,1,3.843535303799458,10–20 m,834_gt1l_1238687,295955.2,5280772.7,BOSQUE_NW_02,conservador,SI,,2021-02-16,NO
BOSQUE_NW_02(3),ATL08_20210216151542_08341009_007_01.h5,2021-02-16T15:15:42Z,gt1l,-71.48789978027344,-42.603851318359375,98723986.9801854,834.0,10.0,9.0,007,01,13518.0,1.0,1238717.0,1238721.0,1006.7974853515625,62.874542236328125,14.85931396484375,55.00637435913086,14.85931396484375,3.954193592071533,,,,,,,38.0,16.0,126.0,1.0,0.0,0.0,0.0,0.0,2021,2,Verano,Bosque abierto desconocido,1,1,1,1,3.701811166334641,10–20 m,834_gt1l_1238717,295912.1,5280174.9,BOSQUE_NW_02,conservador,SI,,2021-02-16,NO
BOSQUE_NW_02(3),ATL08_20210216151542_08341009_007_01.h5,2021-02-16T15:15:42Z,gt1l,-71.48814392089844,-42.60564041137695,98723987.0084375,834.0,10.0,9.0,007,01,13518.0,1.0,1238727.0,1238731.0,1032.11474609375,93.78960418701172,7.572509765625,34.828369140625,8.7921142578125,1.8257595300674438,,,,,,,22.0,11.0,126.0,1.0,0.0,0.0,0.0,0.0,2021,2,Verano,Bosque abierto desconocido,1,1,1,1,4.599316503852726,5–10 m,834_gt1l_1238727,295897.9,5279975.6,BOSQUE_NW_02,conservador,SI,,2021-02-16,NO
BOSQUE_NW_02(3),ATL08_20210216151542_08341009_007_01.h5,2021-02-16T15:15:42Z,gt1l,-71.48849487304688,-42.60832214355469,98723987.05072585,834.0,10.0,9.0,007,01,13518.0,1.0,1238742.0,1238746.0,1091.0172119140625,99.28952026367188,10.2257080078125,64.54507446289062,10.312744140625,2.574906587600708,,,,,,,44.0,11.0,116.0,1.0,0.0,0.0,0.0,0.0,2021,2,Verano,Bosque cerrado desconocido,1,1,1,1,6.312039656674903,10–20 m,834_gt1l_1238742,295877.8,5279677.0,BOSQUE_NW_02,conservador,SI,,2021-02-16,NO
BOSQUE_NW_02(3),ATL08_20210216151542_08341009_007_01.h5,2021-02-16T15:15:42Z,gt1l,-71.48929595947266,-42.614585876464844,98723987.14939058,834.0,10.0,9.0,007,01,13518.0,1.0,1238777.0,1238781.0,1084.753173828125,154.97665405273438,14.117431640625,81.06364440917969,19.2840576171875,3.9929821491241455,,,,,,,49.0,7.0,112.0,1.0,0.0,0.0,0.0,0.0,2021,2,Verano,Bosque cerrado perennifolio latifolio,1,1,1,1,5.742095763078253,10–20 m,834_gt1l_1238777,295832.6,5278979.5,BOSQUE_NW_02,conservador,SI,,2021-02-16,NO
BOSQUE_NW_02(3),ATL08_20210216151542_08341009_007_01.h5,2021-02-16T15:15:42Z,gt1l,-71.49407196044922,-42.66029739379883,98723987.86816385,834.0,10.0,9.0,007,01,13518.0,1.0,1239032.0,1239036.0,1160.0321044921875,165.92855834960938,17.8017578125,183.79100036621094,17.8017578125,4.34065055847168,,,,,,,36.0,7.0,112.0,1.0,0.0,0.0,0.0,0.0,2021,2,Verano,Bosque cerrado perennifolio latifolio,1,1,1,1,10.324317536617478,10–20 m,834_gt1l_1239032,295590.6,5273891.6,BOSQUE_NW_02,conservador,SI,,2021-02-16,NO
BOSQUE_NW_02(3),ATL08_20210216151542_08341009_007_01.h5,2021-02-16T15:15:42Z,gt1r,-71.48486328125,-42.5726432800293,98723986.8409309,834.0,10.0,9.0,007,01,13518.0,1.0,1238543.0,1238547.0,865.3441772460938,19.666990280151367,5.42279052734375,7.710763454437256,5.5325927734375,1.0856035947799683,,,,,,,86.0,44.0,126.0,1.0,0.0,0.0,0.0,0.0,2021,2,Verano,Bosque abierto desconocido,1,1,1,1,1.4219179987787995,5–10 m,834_gt1r_1238543,296059.4,5283647.8,BOSQUE_NW_02,conservador,SI,,2021-02-16,NO
BOSQUE_NW_02(3),ATL08_20210216151542_08341009_007_01.h5,2021-02-16T15:15:42Z,gt1r,-71.48648071289062,-42.584266662597656,98723987.02426395,834.0,10.0,9.0,007,01,13518.0,1.0,1238608.0,1238612.0,934.9092407226562,20.725265502929688,8.46331787109375,11.22087574005127,9.0628662109375,2.0232014656066895,,,,,,,103.0,45.0,126.0,1.0,0.0,0.0,0.0,0.0,2021,2,Verano,Bosque abierto desconocido,1,1,1,1,1.3258246837656764,5–10 m,834_gt1r_1238608,295964.5,5282353.2,BOSQUE_NW_02,conservador,SI,,2021-02-16,NO
BOSQUE_NW_02(3),ATL08_20210216151542_08341009_007_01.h5,2021-02-16T15:15:42Z,gt1r,-71.48672485351562,-42.586055755615234,98723987.05234961,834.0,10.0,9.0,007,01,13518.0,1.0,1238618.0,1238622.0,947.7377319335938,63.02824401855469,7.3289794921875,10.244206428527832,7.85101318359375,1.7246341705322266,,,,,,,88.0,15.0,116.0,1.0,0.0,0.0,0.0,0.0,2021,2,Verano,Bosque cerrado desconocido,1,1,1,1,1.3977671024250904,5–10 m,834_gt1r_1238618,295950.4,5282153.9,BOSQUE_NW_02,conservador,SI,,2021-02-16,NO
BOSQUE_NW_02(3),ATL08_20210216151542_08341009_007_01.h5,2021-02-16T15:15:42Z,gt1r,-71.48695373535156,-42.58784484863281,98723987.08055441,834.0,10.0,9.0,007,01,13518.0,1.0,1238628.0,1238632.0,966.7031860351562,13.442733764648438,7.4493408203125,9.721065521240234,8.6260986328125,1.6562272310256958,,,,,,,111.0,72.0,126.0,1.0,0.0,0.0,0.0,0.0,2021,2,Verano,Bosque abierto desconocido,1,1,1,1,1.3049564727570668,5–10 m,834_gt1r_1238628,295937.4,5281954.7,BOSQUE_NW_02,conservador,SI,,2021-02-16,NO
BOSQUE_NW_02(3),ATL08_20210216151542_08341009_007_01.h5,2021-02-16T15:15:42Z,gt1r,-71.48828887939453,-42.59858322143555,98723987.24972467,834.0,10.0,9.0,007,01,13518.0,1.0,1238688.0,1238692.0,928.1435546875,13.060410499572754,7.6903076171875,11.84522819519043,10.9595947265625,1.7034934759140015,,,,,,,107.0,71.0,126.0,1.0,0.0,0.0,0.0,0.0,2021,2,Verano,Bosque abierto desconocido,1,1,1,1,1.540280153256401,5–10 m,834_gt1r_1238688,295862.9,5280759.0,BOSQUE_NW_02,conservador,SI,,2021-02-16,NO
BOSQUE_NW_02(3),ATL08_20210216151542_08341009_007_01.h5,2021-02-16T15:15:42Z,gt1r,-71.4886703491211,-42.602169036865234,98723987.30604367,834.0,10.0,9.0,007,01,13518.0,1.0,1238708.0,1238712.0,995.9630737304688,38.173439025878906,9.46429443359375,12.941791534423828,10.17230224609375,2.4175429344177246,,,,,,,115.0,26.0,30.0,1.0,0.0,0.0,0.0,0.0,2021,2,Verano,Herbáceas,1,1,1,1,1.3674333174258204,5–10 m,834_gt1r_1238708,295843.3,5280359.9,BOSQUE_NW_02,conservador,SI,,2021-02-16,NO
BOSQUE_NW_02(3),ATL08_20210216151542_08341009_007_01.h5,2021-02-16T15:15:42Z,gt1r,-71.48989868164062,-42.61381912231445,98723987.48933154,834.0,10.0,9.0,007,01,13518.0,1.0,1238773.0,1238777.0,1080.481201171875,22.553688049316406,6.3719482421875,14.184967994689941,6.700927734375,1.3483048677444458,,,,,,,79.0,48.0,116.0,1.0,0.0,0.0,0.0,0.0,2021,2,Verano,Bosque cerrado desconocido,1,1,1,1,2.2261586967662215,5–10 m,834_gt1r_1238773,295780.7,5279063.2,BOSQUE_NW_02,conservador,SI,,2021-02-16,NO
BOSQUE_NW_02(3),ATL08_20210216151542_08341009_007_01.h5,2021-02-16T15:15:42Z,gt1r,-71.4902572631836,-42.617408752441406,98723987.54562554,834.0,10.0,9.0,007,01,13518.0,1.0,1238793.0,1238797.0,1085.7203369140625,25.857004165649414,4.51416015625,13.731600761413574,5.4359130859375,1.1502407789230347,,,,,,,98.0,42.0,116.0,1.0,0.0,0.0,0.0,0.0,2021,2,Verano,Bosque cerrado desconocido,1,1,1,1,3.0418949009599783,2–5 m,834_gt1r_1238793,295763.0,5278663.7,BOSQUE_NW_02,conservador,SI,,2021-02-16,NO
BOSQUE_NW_02(3),ATL08_20210216151542_08341009_007_01.h5,2021-02-16T15:15:42Z,gt1r,-71.49181365966797,-42.633548736572266,98723987.79898354,834.0,10.0,9.0,007,01,13518.0,1.0,1238883.0,1238887.0,1240.3394775390625,77.26934814453125,24.9866943359375,40.09928512573242,26.620361328125,6.516980171203613,,,,,,,133.0,16.0,112.0,1.0,0.0,0.0,0.0,0.0,2021,2,Verano,Bosque cerrado perennifolio latifolio,1,1,1,1,1.604825535807632,20–30 m,834_gt1r_1238883,295688.1,5276867.6,BOSQUE_NW_02,conservador,SI,,2021-02-16,NO
BOSQUE_NW_02(3),ATL08_20210216151542_08341009_007_01.h5,2021-02-16T15:15:42Z,gt1r,-71.49223327636719,-42.63803482055664,98723987.8694449,834.0,10.0,9.0,007,01,13518.0,1.0,1238908.0,1238912.0,1390.29345703125,19.30028533935547,9.9375,20.101791381835938,13.0067138671875,2.4079978466033936,,,,,,,144.0,72.0,116.0,1.0,0.0,0.0,0.0,0.0,2021,2,Verano,Bosque cerrado desconocido,1,1,1,1,2.0228217742727987,5–10 m,834_gt1r_1238908,295668.4,5276368.4,BOSQUE_NW_02,conservador,SI,,2021-02-16,NO
BOSQUE_NW_02(3),ATL08_20210216151542_08341009_007_01.h5,2021-02-16T15:15:42Z,gt1r,-71.49459075927734,-42.65953826904297,98723988.2079365,834.0,10.0,9.0,007,01,13518.0,1.0,1239028.0,1239032.0,1167.04736328125,96.78093719482422,18.90478515625,20.47079849243164,19.2279052734375,4.671160697937012,,,,,,,71.0,12.0,112.0,1.0,0.0,0.0,0.0,0.0,2021,2,Verano,Bosque cerrado perennifolio latifolio,1,1,1,1,1.0828368755972828,10–20 m,834_gt1r_1239028,295545.6,5273974.7,BOSQUE_NW_02,conservador,SI,,2021-02-16,NO
BOSQUE_NW_02(3),ATL08_20210216151542_08341009_007_01.h5,2021-02-16T15:15:42Z,gt1r,-71.49577331542969,-42.66938781738281,98723988.36281665,834.0,10.0,9.0,007,01,13518.0,1.0,1239083.0,1239087.0,1275.16357421875,105.98506927490234,19.3270263671875,42.09620666503906,26.6927490234375,4.526166915893555,,,,,,,119.0,12.0,112.0,1.0,0.0,0.0,0.0,0.0,2021,2,Verano,Bosque cerrado perennifolio latifolio,1,1,1,1,2.1781005450744346,10–20 m,834_gt1r_1239083,295481.0,5272878.0,BOSQUE_NW_02,conservador,SI,,2021-02-16,NO
BOSQUE_NW_02(3),ATL08_20210216151542_08341009_007_01.h5,2021-02-16T15:15:42Z,gt2l,-71.52149200439453,-42.557918548583984,98723986.283994,834.0,10.0,9.0,007,01,13518.0,1.0,1238476.0,1238480.0,771.5294799804688,15.744123458862305,12.75921630859375,19.990234375,12.75921630859375,3.7269058227539062,,,,,,,27.0,49.0,126.0,1.0,0.0,0.0,0.0,0.0,2021,2,Verano,Bosque abierto desconocido,1,1,1,1,1.5667290130927494,10–20 m,834_gt2l_1238476,293004.3,5285194.1,BOSQUE_NW_02,conservador,SI,,2021-02-16,NO
BOSQUE_NW_02(3),ATL08_20210216151542_08341009_007_01.h5,2021-02-16T15:15:42Z,gt2l,-71.5217514038086,-42.5597038269043,98723986.31221303,834.0,10.0,9.0,007,01,13518.0,1.0,1238486.0,1238490.0,771.8456420898438,77.33738708496094,13.16943359375,45.86892318725586,14.77667236328125,4.449838638305664,,,,,,,51.0,10.0,126.0,1.0,0.0,0.0,0.0,0.0,2021,2,Verano,Bosque abierto desconocido,1,1,1,1,3.482983748748656,10–20 m,834_gt2l_1238486,292988.9,5284995.2,BOSQUE_NW_02,conservador,SI,,2021-02-16,NO
BOSQUE_NW_02(3),ATL08_20210216151542_08341009_007_01.h5,2021-02-16T15:15:42Z,gt2l,-71.52188110351562,-42.56060028076172,98723986.32630387,834.0,10.0,9.0,007,01,13518.0,1.0,1238491.0,1238495.0,773.57568359375,35.178916931152344,13.04931640625,34.41599655151367,13.04931640625,3.767214298248291,,,,,,,35.0,22.0,126.0,1.0,0.0,0.0,0.0,0.0,2021,2,Verano,Bosque abierto desconocido,1,1,1,1,2.6373792680074835,10–20 m,834_gt2l_1238491,292981.2,5284895.3,BOSQUE_NW_02,conservador,SI,,2021-02-16,NO
BOSQUE_NW_02(3),ATL08_20210216151542_08341009_007_01.h5,2021-02-16T15:15:42Z,gt2l,-71.52437591552734,-42.577579498291016,98723986.59408438,834.0,10.0,9.0,007,01,13518.0,1.0,1238586.0,1238590.0,859.0845336914062,143.0779571533203,13.070556640625,101.88452911376953,13.2691650390625,3.7634458541870117,,,,,,,46.0,6.0,126.0,1.0,0.0,0.0,0.0,0.0,2021,2,Verano,Bosque abierto desconocido,1,1,1,1,7.794964814053832,10–20 m,834_gt2l_1238586,292832.6,5283003.7,BOSQUE_NW_02,conservador,SI,,2021-02-16,NO
BOSQUE_NW_02(3),ATL08_20210216151542_08341009_007_01.h5,2021-02-16T15:15:42Z,gt2l,-71.5247802734375,-42.580257415771484,98723986.63633619,834.0,10.0,9.0,007,01,13518.0,1.0,1238601.0,1238605.0,863.3330078125,86.33352661132812,11.94329833984375,72.29573822021484,13.8502197265625,3.6779158115386963,,,,,,,46.0,10.0,126.0,1.0,0.0,0.0,0.0,0.0,2021,2,Verano,Bosque abierto desconocido,1,1,1,1,6.053247282539261,10–20 m,834_gt2l_1238601,292808.3,5282705.3,BOSQUE_NW_02,conservador,SI,,2021-02-16,NO
BOSQUE_NW_02(3),ATL08_20210216151542_08341009_007_01.h5,2021-02-16T15:15:42Z,gt2l,-71.52529907226562,-42.583831787109375,98723986.69276154,834.0,10.0,9.0,007,01,13518.0,1.0,1238621.0,1238625.0,903.9118041992188,69.72777557373047,14.07696533203125,41.5009880065918,17.5885009765625,3.285330295562744,,,,,,,42.0,13.0,126.0,1.0,0.0,0.0,0.0,0.0,2021,2,Verano,Bosque abierto desconocido,1,1,1,1,2.948148768410966,10–20 m,834_gt2l_1238621,292777.6,5282307.1,BOSQUE_NW_02,conservador,SI,,2021-02-16,NO
BOSQUE_NW_02(3),ATL08_20210216151542_08341009_007_01.h5,2021-02-16T15:15:42Z,gt2l,-71.53789520263672,-42.69219970703125,98723988.39849763,834.0,10.0,9.0,007,01,13518.0,1.0,1239226.0,1239230.0,1527.002197265625,152.7539825439453,23.8326416015625,167.20550537109375,23.8326416015625,5.157342910766602,,,,,,,37.0,10.0,20.0,1.0,0.0,0.0,0.0,0.0,2021,2,Verano,Arbustos,1,1,1,1,7.015819235083514,20–30 m,834_gt2l_1239226,292105.2,5270241.9,BOSQUE_NW_02,conservador,SI,,2021-02-16,NO
BOSQUE_NW_02(3),ATL08_20210216151542_08341009_007_01.h5,2021-02-16T15:15:42Z,gt2r,-71.523681640625,-42.56263732910156,98723986.7112636,834.0,10.0,9.0,007,01,13518.0,1.0,1238503.0,1238507.0,799.2952880859375,37.99116134643555,10.32928466796875,8.654959678649902,11.26361083984375,2.5044941902160645,,,,,,,87.0,21.0,126.0,1.0,0.0,0.0,0.0,0.0,2021,2,Verano,Bosque abierto desconocido,1,1,1,1,0.8379050395899194,10–20 m,834_gt2r_1238503,292840.1,5284664.7,BOSQUE_NW_02,conservador,SI,,2021-02-16,NO
BOSQUE_NW_02(3),ATL08_20210216151542_08341009_007_01.h5,2021-02-16T15:15:42Z,gt2r,-71.52381896972656,-42.56352996826172,98723986.72542593,834.0,10.0,9.0,007,01,13518.0,1.0,1238508.0,1238512.0,791.0568237304688,8.328944206237793,7.4515380859375,7.896487712860107,7.97216796875,1.4677237272262573,,,,,,,70.0,95.0,116.0,1.0,0.0,0.0,0.0,0.0,2021,2,Verano,Bosque cerrado desconocido,1,1,1,1,1.0597124542330816,5–10 m,834_gt2r_1238508,292831.8,5284565.3,BOSQUE_NW_02,conservador,SI,,2021-02-16,NO
BOSQUE_NW_02(3),ATL08_20210216151542_08341009_007_01.h5,2021-02-16T15:15:42Z,gt2r,-71.52510833740234,-42.57246780395508,98723986.86625573,834.0,10.0,9.0,007,01,13518.0,1.0,1238558.0,1238562.0,889.7050170898438,29.758275985717773,6.3018798828125,12.760396003723145,7.06378173828125,1.542798399925232,,,,,,,58.0,30.0,126.0,1.0,0.0,0.0,0.0,0.0,2021,2,Verano,Bosque abierto desconocido,1,1,1,1,2.0248554782082326,5–10 m,834_gt2r_1238558,292755.6,5283569.6,BOSQUE_NW_02,conservador,SI,,2021-02-16,NO
BOSQUE_NW_02(3),ATL08_20210216151542_08341009_007_01.h5,2021-02-16T15:15:42Z,gt2r,-71.52588653564453,-42.57783126831055,98723986.95080489,834.0,10.0,9.0,007,01,13518.0,1.0,1238588.0,1238592.0,853.891357421875,14.015889167785645,15.29913330078125,16.682313919067383,16.588623046875,3.9254612922668457,,,,,,,110.0,61.0,116.0,1.0,0.0,0.0,0.0,0.0,2021,2,Verano,Bosque cerrado desconocido,1,1,1,1,1.090409083383534,10–20 m,834_gt2r_1238588,292709.5,5282972.1,BOSQUE_NW_02,conservador,SI,,2021-02-16,NO
BOSQUE_NW_02(3),ATL08_20210216151542_08341009_007_01.h5,2021-02-16T15:15:42Z,gt2r,-71.5264892578125,-42.58230209350586,98723987.0213112,834.0,10.0,9.0,007,01,13518.0,1.0,1238613.0,1238617.0,882.2589721679688,21.55023765563965,6.68975830078125,11.375014305114746,7.3758544921875,1.4304066896438599,,,,,,,80.0,41.0,126.0,1.0,0.0,0.0,0.0,0.0,2021,2,Verano,Bosque abierto desconocido,1,1,1,1,1.700362523379408,5–10 m,834_gt2r_1238613,292674.8,5282474.1,BOSQUE_NW_02,conservador,SI,,2021-02-16,NO
BOSQUE_NW_02(3),ATL08_20210216151542_08341009_007_01.h5,2021-02-16T15:15:42Z,gt2r,-71.52694702148438,-42.58588409423828,98723987.07760906,834.0,10.0,9.0,007,01,13518.0,1.0,1238633.0,1238637.0,970.324951171875,74.80884552001953,10.29888916015625,13.247878074645996,11.3167724609375,2.4859001636505127,,,,,,,89.0,13.0,30.0,1.0,0.0,0.0,0.0,0.0,2021,2,Verano,Herbáceas,1,1,1,1,1.2863404847484547,10–20 m,834_gt2r_1238633,292649.1,5282075.2,BOSQUE_NW_02,conservador,SI,,2021-02-16,NO
BOSQUE_NW_02(3),ATL08_20210216151542_08341009_007_01.h5,2021-02-16T15:15:42Z,gt2r,-71.52716827392578,-42.58767318725586,98723987.105806,834.0,10.0,9.0,007,01,13518.0,1.0,1238643.0,1238647.0,1020.9296875,44.4079704284668,5.85357666015625,13.272012710571289,6.9732666015625,1.3409498929977417,,,,,,,80.0,23.0,126.0,1.0,0.0,0.0,0.0,0.0,2021,2,Verano,Bosque abierto desconocido,1,1,1,1,2.267333885094625,5–10 m,834_gt2r_1238643,292636.9,5281876.0,BOSQUE_NW_02,conservador,SI,,2021-02-16,NO
BOSQUE_NW_02(3),ATL08_20210216151542_08341009_007_01.h5,2021-02-16T15:15:42Z,gt2r,-71.5277099609375,-42.5921516418457,98723987.17614196,834.0,10.0,9.0,007,01,13518.0,1.0,1238668.0,1238672.0,1152.243896484375,16.930755615234375,18.5216064453125,20.75776481628418,22.5184326171875,4.731647491455078,,,,,,,95.0,68.0,20.0,1.0,0.0,0.0,0.0,0.0,2021,2,Verano,Arbustos,1,1,1,1,1.1207324201372184,10–20 m,834_gt2r_1238668,292607.3,5281377.3,BOSQUE_NW_02,conservador,SI,,2021-02-16,NO
BOSQUE_NW_02(3),ATL08_20210216151542_08341009_007_01.h5,2021-02-16T15:15:42Z,gt2r,-71.5278091430664,-42.59304428100586,98723987.19025095,834.0,10.0,9.0,007,01,13518.0,1.0,1238673.0,1238677.0,1165.761474609375,43.18962478637695,23.2333984375,37.79188537597656,24.1571044921875,7.297512054443359,,,,,,,111.0,27.0,40.0,1.0,0.0,0.0,0.0,0.0,2021,2,Verano,Cultivos/manejo,1,1,1,1,1.6266189157664663,20–30 m,834_gt2r_1238673,292602.2,5281277.9,BOSQUE_NW_02,conservador,SI,,2021-02-16,NO
BOSQUE_NW_02(3),ATL08_20210216151542_08341009_007_01.h5,2021-02-16T15:15:42Z,gt2r,-71.53010559082031,-42.613651275634766,98723987.51468219,834.0,10.0,9.0,007,01,13518.0,1.0,1238788.0,1238792.0,990.66943359375,29.039098739624023,8.21624755859375,14.914216041564941,12.00335693359375,1.8528774976730347,,,,,,,72.0,34.0,126.0,1.0,0.0,0.0,0.0,0.0,2021,2,Verano,Bosque abierto desconocido,1,1,1,1,1.8152101595290273,5–10 m,834_gt2r_1238788,292482.2,5278983.9,BOSQUE_NW_02,conservador,SI,,2021-02-16,NO
BOSQUE_NW_02(3),ATL08_20210216151542_08341009_007_01.h5,2021-02-16T15:15:42Z,gt2r,-71.53018951416016,-42.61454772949219,98723987.52872689,834.0,10.0,9.0,007,01,13518.0,1.0,1238793.0,1238797.0,1014.8613891601562,50.703407287597656,7.0859375,18.92404556274414,10.44439697265625,1.8307963609695435,,,,,,,93.0,20.0,126.0,1.0,0.0,0.0,0.0,0.0,2021,2,Verano,Bosque abierto desconocido,1,1,1,1,2.6706481058778944,5–10 m,834_gt2r_1238793,292478.3,5278884.2,BOSQUE_NW_02,conservador,SI,,2021-02-16,NO
BOSQUE_NW_02(3),ATL08_20210216151542_08341009_007_01.h5,2021-02-16T15:15:42Z,gt2r,-71.53053283691406,-42.61813735961914,98723987.58497527,834.0,10.0,9.0,007,01,13518.0,1.0,1238813.0,1238817.0,1059.6363525390625,44.2344856262207,10.48095703125,14.896475791931152,12.7862548828125,2.765535831451416,,,,,,,81.0,24.0,112.0,1.0,0.0,0.0,0.0,0.0,2021,2,Verano,Bosque cerrado perennifolio latifolio,1,1,1,1,1.4212896539424644,10–20 m,834_gt2r_1238813,292462.0,5278484.7,BOSQUE_NW_02,conservador,SI,,2021-02-16,NO
BOSQUE_NW_02(3),ATL08_20210216151542_08341009_007_01.h5,2021-02-16T15:15:42Z,gt2r,-71.53153228759766,-42.628902435302734,98723987.75412457,834.0,10.0,9.0,007,01,13518.0,1.0,1238873.0,1238877.0,1346.11083984375,46.369537353515625,14.80712890625,37.472381591796875,15.1458740234375,4.393111705780029,,,,,,,80.0,29.0,112.0,1.0,0.0,0.0,0.0,0.0,2021,2,Verano,Bosque cerrado perennifolio latifolio,1,1,1,1,2.5306986809563066,10–20 m,834_gt2r_1238873,292415.9,5277286.8,BOSQUE_NW_02,conservador,SI,,2021-02-16,NO
BOSQUE_NW_02(3),ATL08_20210216151542_08341009_007_01.h5,2021-02-16T15:15:42Z,gt2r,-71.53366088867188,-42.64952087402344,98723988.07836318,834.0,10.0,9.0,007,01,13518.0,1.0,1238988.0,1238992.0,1342.358154296875,103.10320281982422,23.9151611328125,45.45128631591797,24.0670166015625,5.199029445648193,,,,,,,102.0,13.0,112.0,1.0,0.0,0.0,0.0,0.0,2021,2,Verano,Bosque cerrado perennifolio latifolio,1,1,1,1,1.900521851536141,20–30 m,834_gt2r_1238988,292309.9,5274991.9,BOSQUE_NW_02,conservador,SI,,2021-02-16,NO
BOSQUE_NW_02(3),ATL08_20210216151542_08341009_007_01.h5,2021-02-16T15:15:42Z,gt3l,-71.56185913085938,-42.55790328979492,98723986.31296518,834.0,10.0,9.0,007,01,13518.0,1.0,1238492.0,1238496.0,704.069091796875,117.66683959960938,19.417724609375,50.37836456298828,20.6533203125,4.822307586669922,,,,,,,56.0,6.0,116.0,1.0,0.0,0.0,0.0,0.0,2021,2,Verano,Bosque cerrado desconocido,1,1,1,1,2.594452520902747,10–20 m,834_gt3l_1238492,289690.2,5285096.3,BOSQUE_NW_02,conservador,SI,,2021-02-16,NO
BOSQUE_NW_02(3),ATL08_20210216151542_08341009_007_01.h5,2021-02-16T15:15:42Z,gt3l,-71.56273651123047,-42.56415939331055,98723986.41161405,834.0,10.0,9.0,007,01,13518.0,1.0,1238527.0,1238531.0,841.54150390625,105.87330627441406,26.427978515625,71.20265197753906,26.832275390625,6.970994472503662,,,,,,,64.0,8.0,126.0,1.0,0.0,0.0,0.0,0.0,2021,2,Verano,Bosque abierto desconocido,1,1,1,1,2.694214842631341,20–30 m,834_gt3l_1238527,289639.2,5284399.4,BOSQUE_NW_02,conservador,SI,,2021-02-16,NO
BOSQUE_NW_02(3),ATL08_20210216151542_08341009_007_01.h5,2021-02-16T15:15:42Z,gt3l,-71.5644302368164,-42.57577896118164,98723986.59497945,834.0,10.0,9.0,007,01,13518.0,1.0,1238592.0,1238596.0,960.5310668945312,60.20433807373047,22.8336181640625,65.55155181884766,24.8258056640625,6.731318950653076,,,,,,,54.0,16.0,30.0,1.0,0.0,0.0,0.0,0.0,2021,2,Verano,Herbáceas,1,1,1,1,2.870835070808808,20–30 m,834_gt3l_1238592,289539.2,5283104.8,BOSQUE_NW_02,conservador,SI,,2021-02-16,NO
BOSQUE_NW_02(3),ATL08_20210216151542_08341009_007_01.h5,2021-02-16T15:15:42Z,gt3l,-71.5707015991211,-42.622291564941406,98723987.3279108,834.0,10.0,9.0,007,01,13518.0,1.0,1238852.0,1238856.0,1281.64453125,85.56282806396484,20.4835205078125,83.0150375366211,20.4835205078125,5.341432571411133,,,,,,,36.0,15.0,112.0,1.0,0.0,0.0,0.0,0.0,2021,2,Verano,Bosque cerrado perennifolio latifolio,1,1,1,1,4.052771959046728,20–30 m,834_gt3l_1238852,289181.5,5277924.0,BOSQUE_NW_02,conservador,SI,,2021-02-16,NO
BOSQUE_NW_02(3),ATL08_20210216151542_08341009_007_01.h5,2021-02-16T15:15:42Z,gt3l,-71.57099914550781,-42.624977111816406,98723987.3702006,834.0,10.0,9.0,007,01,13518.0,1.0,1238867.0,1238871.0,1269.9627685546875,211.35643005371094,14.8212890625,180.47769165039062,14.8212890625,3.585512399673462,,,,,,,27.0,6.0,112.0,1.0,0.0,0.0,0.0,0.0,2021,2,Verano,Bosque cerrado perennifolio latifolio,1,1,1,1,12.176922728470712,10–20 m,834_gt3l_1238867,289166.2,5277625.0,BOSQUE_NW_02,conservador,SI,,2021-02-16,NO
BOSQUE_NW_02(3),ATL08_20210216151542_08341009_007_01.h5,2021-02-16T15:15:42Z,gt3l,-71.57299041748047,-42.643802642822266,98723987.66607,834.0,10.0,9.0,007,01,13518.0,1.0,1238972.0,1238976.0,1039.0030517578125,148.4755096435547,22.08447265625,123.61209869384766,22.08447265625,5.240657806396484,,,,,,,42.0,7.0,116.0,1.0,0.0,0.0,0.0,0.0,2021,2,Verano,Bosque cerrado desconocido,1,1,1,1,5.597240224745185,20–30 m,834_gt3l_1238972,289066.5,5275529.5,BOSQUE_NW_02,conservador,SI,,2021-02-16,NO
BOSQUE_NW_02(3),ATL08_20210216151542_08341009_007_01.h5,2021-02-16T15:15:42Z,gt3l,-71.5740737915039,-42.65456008911133,98723987.83515258,834.0,10.0,9.0,007,01,13518.0,1.0,1239032.0,1239035.0,971.2025146484375,122.7105941772461,35.03082275390625,93.18964385986328,35.03082275390625,8.24712085723877,,,,,,,33.0,8.0,112.0,1.0,0.0,0.0,0.0,0.0,2021,2,Verano,Bosque cerrado perennifolio latifolio,1,1,1,1,2.6602185313923807,>30 m,834_gt3l_1239032,289014.1,5274332.1,BOSQUE_NW_02,conservador,SI,,2021-02-16,NO
BOSQUE_NW_02(3),ATL08_20210216151542_08341009_007_01.h5,2021-02-16T15:15:42Z,gt3l,-71.57466888427734,-42.65993881225586,98723987.91971077,834.0,10.0,9.0,007,01,13518.0,1.0,1239062.0,1239065.0,856.60986328125,31.728853225708008,11.948486328125,40.64132308959961,11.948486328125,3.3287699222564697,,,,,,,35.0,27.0,116.0,1.0,0.0,0.0,0.0,0.0,2021,2,Verano,Bosque cerrado desconocido,1,1,1,1,3.40137838162277,10–20 m,834_gt3l_1239062,288983.5,5273733.3,BOSQUE_NW_02,conservador,SI,,2021-02-16,NO
BOSQUE_NW_02(3),ATL08_20210216151542_08341009_007_01.h5,2021-02-16T15:15:42Z,gt3l,-71.5748519897461,-42.6617317199707,98723987.94792795,834.0,10.0,9.0,007,01,13518.0,1.0,1239072.0,1239076.0,857.5790405273438,38.96157455444336,16.89453125,35.90296936035156,16.89453125,3.6712708473205566,,,,,,,33.0,22.0,116.0,1.0,0.0,0.0,0.0,0.0,2021,2,Verano,Bosque cerrado desconocido,1,1,1,1,2.125123735549133,10–20 m,834_gt3l_1239072,288974.5,5273533.8,BOSQUE_NW_02,conservador,SI,,2021-02-16,NO
BOSQUE_NW_02(3),ATL08_20210216151542_08341009_007_01.h5,2021-02-16T15:15:42Z,gt3l,-71.57582092285156,-42.670692443847656,98723988.08886887,834.0,10.0,9.0,007,01,13518.0,1.0,1239122.0,1239126.0,846.3431396484375,21.703027725219727,12.9749755859375,29.412546157836914,12.9749755859375,3.7058911323547363,,,,,,,25.0,39.0,20.0,1.0,0.0,0.0,0.0,0.0,2021,2,Verano,Arbustos,1,1,1,1,2.266867167728218,10–20 m,834_gt3l_1239122,288925.5,5272536.2,BOSQUE_NW_02,conservador,SI,,2021-02-16,NO
BOSQUE_NW_02(3),ATL08_20210216151542_08341009_007_01.h5,2021-02-16T15:15:42Z,gt3l,-71.57592010498047,-42.67158889770508,98723988.10300818,834.0,10.0,9.0,007,01,13518.0,1.0,1239127.0,1239131.0,847.5895385742188,18.42283821105957,17.1922607421875,21.963367462158203,17.6947021484375,4.54059362411499,,,,,,,57.0,46.0,20.0,1.0,0.0,0.0,0.0,0.0,2021,2,Verano,Arbustos,1,1,1,1,1.2775147952626758,10–20 m,834_gt3l_1239127,288920.4,5272436.4,BOSQUE_NW_02,conservador,SI,,2021-02-16,NO
BOSQUE_NW_02(3),ATL08_20210216151542_08341009_007_01.h5,2021-02-16T15:15:42Z,gt3l,-71.57640838623047,-42.67606735229492,98723988.17346507,834.0,10.0,9.0,007,01,13518.0,1.0,1239152.0,1239156.0,914.289306640625,41.490867614746094,19.131103515625,42.05836868286133,20.4449462890625,5.341029644012451,,,,,,,52.0,22.0,126.0,1.0,0.0,0.0,0.0,0.0,2021,2,Verano,Bosque abierto desconocido,1,1,1,1,2.198428786322278,10–20 m,834_gt3l_1239152,288895.5,5271937.9,BOSQUE_NW_02,conservador,SI,,2021-02-16,NO
BOSQUE_NW_02(3),ATL08_20210216151542_08341009_007_01.h5,2021-02-16T15:15:42Z,gt3r,-71.56333923339844,-42.5583381652832,98723986.67216453,834.0,10.0,9.0,007,01,13518.0,1.0,1238495.0,1238499.0,716.1516723632812,35.65092086791992,20.8577880859375,15.048264503479004,23.39202880859375,5.559181213378906,,,,,,,199.0,20.0,112.0,1.0,0.0,0.0,0.0,0.0,2021,2,Verano,Bosque cerrado perennifolio latifolio,1,1,1,1,0.7214698146072677,20–30 m,834_gt3r_1238495,289570.1,5285044.3,BOSQUE_NW_02,conservador,SI,,2021-02-16,NO
BOSQUE_NW_02(3),ATL08_20210216151542_08341009_007_01.h5,2021-02-16T15:15:42Z,gt3r,-71.56503295898438,-42.56995391845703,98723986.85539943,834.0,10.0,9.0,007,01,13518.0,1.0,1238560.0,1238564.0,828.4976806640625,10.608075141906738,8.091796875,8.962362289428711,9.071044921875,1.860086441040039,,,,,,,132.0,78.0,20.0,1.0,0.0,0.0,0.0,0.0,2021,2,Verano,Arbustos,1,1,1,1,1.1075861675567222,5–10 m,834_gt3r_1238560,289470.2,5283750.2,BOSQUE_NW_02,conservador,SI,,2021-02-16,NO
BOSQUE_NW_02(3),ATL08_20210216151542_08341009_007_01.h5,2021-02-16T15:15:42Z,gt3r,-71.56907653808594,-42.60308074951172,98723987.3766679,834.0,10.0,9.0,007,01,13518.0,1.0,1238745.0,1238749.0,1483.4134521484375,74.13961791992188,15.22265625,32.381778717041016,17.916259765625,3.738892078399658,,,,,,,123.0,20.0,116.0,1.0,0.0,0.0,0.0,0.0,2021,2,Verano,Bosque cerrado desconocido,1,1,1,1,2.1272094820535026,10–20 m,834_gt3r_1238745,289250.0,5280061.4,BOSQUE_NW_02,conservador,SI,,2021-02-16,NO
BOSQUE_NW_02(3),ATL08_20210216151542_08341009_007_01.h5,2021-02-16T15:15:42Z,gt3r,-71.56916809082031,-42.60397720336914,98723987.3907314,834.0,10.0,9.0,007,01,13518.0,1.0,1238750.0,1238754.0,1502.5577392578125,83.65648651123047,9.7186279296875,25.377525329589844,10.794677734375,2.270390510559082,,,,,,,111.0,18.0,30.0,1.0,0.0,0.0,0.0,0.0,2021,2,Verano,Herbáceas,1,1,1,1,2.61122511461408,5–10 m,834_gt3r_1238750,289245.5,5279961.6,BOSQUE_NW_02,conservador,SI,,2021-02-16,NO
BOSQUE_NW_02(3),ATL08_20210216151542_08341009_007_01.h5,2021-02-16T15:15:42Z,gt3r,-71.57451629638672,-42.65416717529297,98723988.18017276,834.0,10.0,9.0,007,01,13518.0,1.0,1239030.0,1239034.0,997.979736328125,71.27650451660156,21.67962646484375,22.57247543334961,23.6358642578125,6.218533992767334,,,,,,,139.0,14.0,112.0,1.0,0.0,0.0,0.0,0.0,2021,2,Verano,Bosque cerrado perennifolio latifolio,1,1,1,1,1.0411837800782098,20–30 m,834_gt3r_1239030,288976.5,5274374.7,BOSQUE_NW_02,conservador,SI,,2021-02-16,NO
BOSQUE_NW_02(3),ATL08_20210216151542_08341009_007_01.h5,2021-02-16T15:15:42Z,gt3r,-71.57520294189453,-42.65953826904297,98723988.26480472,834.0,10.0,9.0,007,01,13518.0,1.0,1239060.0,1239064.0,868.6360473632812,37.732704162597656,15.46551513671875,22.071901321411133,19.9434814453125,3.7257509231567383,,,,,,,149.0,23.0,112.0,1.0,0.0,0.0,0.0,0.0,2021,2,Verano,Bosque cerrado perennifolio latifolio,1,1,1,1,1.4271688415348853,10–20 m,834_gt3r_1239060,288938.4,5273776.5,BOSQUE_NW_02,conservador,SI,,2021-02-16,NO
BOSQUE_NW_02(3),ATL08_20210216151542_08341009_007_01.h5,2021-02-16T15:15:42Z,gt3r,-71.57543182373047,-42.66132736206055,98723988.29305968,834.0,10.0,9.0,007,01,13518.0,1.0,1239070.0,1239074.0,858.9319458007812,9.875677108764648,10.45806884765625,9.176292419433594,11.27423095703125,2.9233808517456055,,,,,,,112.0,87.0,116.0,1.0,0.0,0.0,0.0,0.0,2021,2,Verano,Bosque cerrado desconocido,1,1,1,1,0.877436604511366,10–20 m,834_gt3r_1239070,288925.6,5273577.2,BOSQUE_NW_02,conservador,SI,,2021-02-16,NO
BOSQUE_NW_02(3),ATL08_20210216151542_08341009_007_01.h5,2021-02-16T15:15:42Z,gt3r,-71.57554626464844,-42.66222381591797,98723988.30709922,834.0,10.0,9.0,007,01,13518.0,1.0,1239075.0,1239079.0,857.2200317382812,11.428193092346191,11.97259521484375,9.590606689453125,13.42108154296875,3.0713813304901123,,,,,,,101.0,75.0,116.0,1.0,0.0,0.0,0.0,0.0,2021,2,Verano,Bosque cerrado desconocido,1,1,1,1,0.8010465999520797,10–20 m,834_gt3r_1239075,288919.3,5273477.4,BOSQUE_NW_02,conservador,SI,,2021-02-16,NO
BOSQUE_NW_02(3),ATL08_20210216151542_08341009_007_01.h5,2021-02-16T15:15:42Z,gt3r,-71.57646942138672,-42.66938018798828,98723988.41986084,834.0,10.0,9.0,007,01,13518.0,1.0,1239115.0,1239119.0,843.619384765625,7.272586822509766,9.9681396484375,8.747401237487793,12.54461669921875,2.854835033416748,,,,,,,83.0,116.0,126.0,1.0,0.0,0.0,0.0,0.0,2021,2,Verano,Bosque abierto desconocido,1,1,1,1,0.8775359842454598,5–10 m,834_gt3r_1239115,288867.9,5272680.4,BOSQUE_NW_02,conservador,SI,,2021-02-16,NO
BOSQUE_NW_02(3),ATL08_20210216151542_08341009_007_01.h5,2021-02-16T15:15:42Z,gt3r,-71.57672119140625,-42.67116928100586,98723988.44809537,834.0,10.0,9.0,007,01,13518.0,1.0,1239125.0,1239129.0,846.6751708984375,3.919257164001465,12.90692138671875,5.409153461456299,13.96441650390625,3.482876777648926,,,,,,,80.0,216.0,20.0,1.0,0.0,0.0,0.0,0.0,2021,2,Verano,Arbustos,1,1,1,1,0.41908936293842536,10–20 m,834_gt3r_1239125,288853.3,5272481.0,BOSQUE_NW_02,conservador,SI,,2021-02-16,NO
BOSQUE_NW_02(3),ATL08_20210216151542_08341009_007_01.h5,2021-02-16T15:15:42Z,gt3r,-71.57783508300781,-42.67921829223633,98723988.57486376,834.0,10.0,9.0,007,01,13518.0,1.0,1239170.0,1239174.0,913.6080932617188,57.14535140991211,14.92816162109375,14.440874099731445,18.47100830078125,4.247243881225586,,,,,,,149.0,16.0,116.0,1.0,0.0,0.0,0.0,0.0,2021,2,Verano,Bosque cerrado desconocido,1,1,1,1,0.9673578345592294,10–20 m,834_gt3r_1239170,288789.3,5271584.4,BOSQUE_NW_02,conservador,SI,,2021-02-16,NO
BOSQUE_NW_02(3),ATL08_20211118142535_08721313_007_01.h5,2021-11-18T14:25:35Z,gt1l,-71.47296905517578,-42.69396209716797,122480850.78574851,872.0,13.0,13.0,007,01,17717.0,0.0,1769674.0,1769678.0,1065.144775390625,17.75745391845703,6.3319091796875,12.903809547424316,7.3480224609375,1.6100053787231445,,,,,,,105.0,60.0,20.0,1.0,0.0,0.0,0.0,0.0,2021,11,Primavera,Arbustos,1,1,1,1,2.0379018683368355,5–10 m,872_gt1l_1769674,297429.7,5270204.0,BOSQUE_NW_02,conservador,SI,,2021-11-18,NO
BOSQUE_NW_02(3),ATL08_20211118142535_08721313_007_01.h5,2021-11-18T14:25:35Z,gt1l,-71.47309112548828,-42.69306945800781,122480850.79980652,872.0,13.0,13.0,007,01,17717.0,0.0,1769679.0,1769683.0,1066.197265625,10.661490440368652,18.4261474609375,12.19878101348877,20.4256591796875,3.8556113243103027,,,,,,,117.0,100.0,20.0,1.0,0.0,0.0,0.0,0.0,2021,11,Primavera,Arbustos,1,1,1,1,0.6620364370441281,10–20 m,872_gt1l_1769679,297416.8,5270302.8,BOSQUE_NW_02,conservador,SI,,2021-11-18,NO
BOSQUE_NW_02(3),ATL08_20211118142535_08721313_007_01.h5,2021-11-18T14:25:35Z,gt1l,-71.47482299804688,-42.679649353027344,122480851.01134728,872.0,13.0,13.0,007,01,17717.0,0.0,1769754.0,1769758.0,1053.0482177734375,9.846940994262695,5.453125,9.32654857635498,8.2965087890625,1.3533653020858765,,,,,,,130.0,107.0,20.0,1.0,0.0,0.0,0.0,0.0,2021,11,Primavera,Arbustos,1,1,1,1,1.7103126329132343,5–10 m,872_gt1l_1769754,297231.3,5271789.0,BOSQUE_NW_02,conservador,SI,,2021-11-18,NO
BOSQUE_NW_02(3),ATL08_20211118142535_08721313_007_01.h5,2021-11-18T14:25:35Z,gt1l,-71.47494506835938,-42.67875289916992,122480851.02540192,872.0,13.0,13.0,007,01,17717.0,0.0,1769759.0,1769763.0,1055.6337890625,7.998054504394531,13.5179443359375,10.889726638793945,15.26171875,3.2729992866516113,,,,,,,154.0,132.0,30.0,1.0,0.0,0.0,0.0,0.0,2021,11,Primavera,Herbáceas,1,1,1,1,0.8055756384381293,10–20 m,872_gt1l_1769759,297218.4,5271888.3,BOSQUE_NW_02,conservador,SI,,2021-11-18,NO
BOSQUE_NW_02(3),ATL08_20211118142535_08721313_007_01.h5,2021-11-18T14:25:35Z,gt1l,-71.47505187988281,-42.677860260009766,122480851.03942402,872.0,13.0,13.0,007,01,17717.0,0.0,1769764.0,1769768.0,1055.758544921875,17.601966857910156,5.8572998046875,10.998344421386719,11.384033203125,1.5981535911560059,,,,,,,93.0,60.0,30.0,1.0,0.0,0.0,0.0,0.0,2021,11,Primavera,Herbáceas,1,1,1,1,1.8777158055978158,5–10 m,872_gt1l_1769764,297206.7,5271987.1,BOSQUE_NW_02,conservador,SI,,2021-11-18,NO
BOSQUE_NW_02(3),ATL08_20211118142535_08721313_007_01.h5,2021-11-18T14:25:35Z,gt1l,-71.47515869140625,-42.676963806152344,122480851.05350307,872.0,13.0,13.0,007,01,17717.0,0.0,1769769.0,1769773.0,1056.0909423828125,9.184849739074707,4.9320068359375,8.747957229614258,5.9349365234375,1.166908621788025,,,,,,,92.0,115.0,20.0,1.0,0.0,0.0,0.0,0.0,2021,11,Primavera,Arbustos,1,1,1,1,1.7737114972898052,2–5 m,872_gt1l_1769769,297195.0,5272086.4,BOSQUE_NW_02,conservador,SI,,2021-11-18,NO
BOSQUE_NW_02(3),ATL08_20211118142535_08721313_007_01.h5,2021-11-18T14:25:35Z,gt1l,-71.47526550292969,-42.67606735229492,122480851.06765832,872.0,13.0,13.0,007,01,17717.0,0.0,1769774.0,1769778.0,1056.0750732421875,16.78046989440918,6.441650390625,12.373180389404297,11.8173828125,1.6980243921279907,,,,,,,94.0,63.0,116.0,1.0,0.0,0.0,0.0,0.0,2021,11,Primavera,Bosque cerrado desconocido,1,1,1,1,1.9208090534394542,5–10 m,872_gt1l_1769774,297183.4,5272185.7,BOSQUE_NW_02,conservador,SI,,2021-11-18,NO
BOSQUE_NW_02(3),ATL08_20211118142535_08721313_007_01.h5,2021-11-18T14:25:35Z,gt1l,-71.47561645507812,-42.67338562011719,122480851.1097889,872.0,13.0,13.0,007,01,17717.0,0.0,1769789.0,1769793.0,1060.3563232421875,7.975305080413818,12.2545166015625,8.739130973815918,16.9234619140625,2.608534336090088,,,,,,,112.0,133.0,20.0,1.0,0.0,0.0,0.0,0.0,2021,11,Primavera,Arbustos,1,1,1,1,0.7131355122324159,10–20 m,872_gt1l_1769789,297145.9,5272482.7,BOSQUE_NW_02,conservador,SI,,2021-11-18,NO
BOSQUE_NW_02(3),ATL08_20211118142535_08721313_007_01.h5,2021-11-18T14:25:35Z,gt1l,-71.47616577148438,-42.668907165527344,122480851.18036129,872.0,13.0,13.0,007,01,17717.0,0.0,1769814.0,1769818.0,1066.239990234375,50.98868942260742,11.3453369140625,31.596590042114258,12.1251220703125,2.941286325454712,,,,,,,103.0,21.0,114.0,1.0,0.0,0.0,0.0,0.0,2021,11,Primavera,Bosque cerrado caducifolio latifolio,1,1,1,1,2.784984728214674,10–20 m,872_gt1l_1769814,297086.3,5272978.7,BOSQUE_NW_02,conservador,SI,,2021-11-18,NO
BOSQUE_NW_02(3),ATL08_20211118142535_08721313_007_01.h5,2021-11-18T14:25:35Z,gt1l,-71.48336791992188,-42.611995697021484,122480852.07695071,872.0,13.0,13.0,007,01,17717.0,0.0,1770132.0,1770136.0,1108.191650390625,32.677513122558594,21.63671875,20.464597702026367,22.63916015625,6.105409622192383,,,,,,,98.0,34.0,112.0,1.0,0.0,0.0,0.0,0.0,2021,11,Primavera,Bosque cerrado perennifolio latifolio,1,1,1,1,0.9458272272465698,20–30 m,872_gt1l_1770132,296310.4,5279281.4,BOSQUE_NW_02,conservador,SI,,2021-11-18,NO
BOSQUE_NW_02(3),ATL08_20211118142535_08721313_007_01.h5,2021-11-18T14:25:35Z,gt1l,-71.48395538330078,-42.607521057128906,122480852.1473544,872.0,13.0,13.0,007,01,17717.0,0.0,1770157.0,1770161.0,1108.1873779296875,20.100553512573242,4.5106201171875,12.95317554473877,5.6243896484375,0.9288457632064819,,,,,,,118.0,55.0,126.0,1.0,0.0,0.0,0.0,0.0,2021,11,Primavera,Bosque abierto desconocido,1,1,1,1,2.8717061530811074,2–5 m,872_gt1l_1770157,296247.6,5279776.9,BOSQUE_NW_02,conservador,SI,,2021-11-18,NO
BOSQUE_NW_02(3),ATL08_20211118142535_08721313_007_01.h5,2021-11-18T14:25:35Z,gt1l,-71.48418426513672,-42.60573196411133,122480852.17552692,872.0,13.0,13.0,007,01,17717.0,0.0,1770167.0,1770171.0,1077.3204345703125,48.91439437866211,8.1265869140625,11.923248291015625,10.25439453125,1.821831226348877,,,,,,,96.0,22.0,126.0,1.0,0.0,0.0,0.0,0.0,2021,11,Primavera,Bosque abierto desconocido,1,1,1,1,1.4671901521637902,5–10 m,872_gt1l_1770167,296223.0,5279975.0,BOSQUE_NW_02,conservador,SI,,2021-11-18,NO
BOSQUE_NW_02(3),ATL08_20211118142535_08721313_007_01.h5,2021-11-18T14:25:35Z,gt1l,-71.48484802246094,-42.60036087036133,122480852.26006094,872.0,13.0,13.0,007,01,17717.0,0.0,1770197.0,1770201.0,946.824462890625,21.94188117980957,8.0128173828125,12.523838996887207,8.49072265625,1.8835554122924805,,,,,,,104.0,43.0,116.0,1.0,0.0,0.0,0.0,0.0,2021,11,Primavera,Bosque cerrado desconocido,1,1,1,1,1.562975717348913,5–10 m,872_gt1l_1770197,296151.0,5280569.9,BOSQUE_NW_02,conservador,SI,,2021-11-18,NO
BOSQUE_NW_02(3),ATL08_20211118142535_08721313_007_01.h5,2021-11-18T14:25:35Z,gt1l,-71.4850845336914,-42.59857177734375,122480852.2882362,872.0,13.0,13.0,007,01,17717.0,0.0,1770207.0,1770211.0,952.3468627929688,31.604408264160156,9.129150390625,10.870572090148926,9.63018798828125,2.230829954147339,,,,,,,88.0,30.0,112.0,1.0,0.0,0.0,0.0,0.0,2021,11,Primavera,Bosque cerrado perennifolio latifolio,1,1,1,1,1.1907539721672507,5–10 m,872_gt1l_1770207,296125.8,5280768.0,BOSQUE_NW_02,conservador,SI,,2021-11-18,NO
BOSQUE_NW_02(3),ATL08_20211118142535_08721313_007_01.h5,2021-11-18T14:25:35Z,gt1l,-71.48580932617188,-42.59320831298828,122480852.37270583,872.0,13.0,13.0,007,01,17717.0,0.0,1770237.0,1770241.0,1004.8667602539062,67.22035217285156,11.47747802734375,12.096503257751465,12.59765625,2.8390495777130127,,,,,,,80.0,15.0,112.0,1.0,0.0,0.0,0.0,0.0,2021,11,Primavera,Bosque cerrado perennifolio latifolio,1,1,1,1,1.0539339068158493,10–20 m,872_gt1l_1770237,296048.8,5281361.8,BOSQUE_NW_02,conservador,SI,,2021-11-18,NO
BOSQUE_NW_02(3),ATL08_20211118142535_08721313_007_01.h5,2021-11-18T14:25:35Z,gt1l,-71.48616027832031,-42.59052276611328,122480852.41499016,872.0,13.0,13.0,007,01,17717.0,0.0,1770252.0,1770256.0,1015.2445678710938,39.045284271240234,10.97711181640625,10.505495071411133,13.1065673828125,3.0261077880859375,,,,,,,93.0,26.0,116.0,1.0,0.0,0.0,0.0,0.0,2021,11,Primavera,Bosque cerrado desconocido,1,1,1,1,0.9570363541081686,10–20 m,872_gt1l_1770252,296011.3,5281659.2,BOSQUE_NW_02,conservador,SI,,2021-11-18,NO
BOSQUE_NW_02(3),ATL08_20211118142535_08721313_007_01.h5,2021-11-18T14:25:35Z,gt1l,-71.48651123046875,-42.58784103393555,122480852.45726621,872.0,13.0,13.0,007,01,17717.0,0.0,1770267.0,1770271.0,971.334716796875,38.9943962097168,7.8165283203125,12.105356216430664,8.39056396484375,1.8442364931106567,,,,,,,105.0,25.0,126.0,1.0,0.0,0.0,0.0,0.0,2021,11,Primavera,Bosque abierto desconocido,1,1,1,1,1.5486870539409368,5–10 m,872_gt1l_1770267,295973.7,5281956.2,BOSQUE_NW_02,conservador,SI,,2021-11-18,NO
BOSQUE_NW_02(3),ATL08_20211118142535_08721313_007_01.h5,2021-11-18T14:25:35Z,gt1l,-71.48673248291016,-42.5860481262207,122480852.48555656,872.0,13.0,13.0,007,01,17717.0,0.0,1770277.0,1770281.0,944.567626953125,85.85492706298828,11.66851806640625,12.298325538635254,14.49517822265625,2.6569998264312744,,,,,,,114.0,11.0,116.0,1.0,0.0,0.0,0.0,0.0,2021,11,Primavera,Bosque cerrado desconocido,1,1,1,1,1.053974932261726,10–20 m,872_gt1l_1770277,295949.7,5282154.7,BOSQUE_NW_02,conservador,SI,,2021-11-18,NO
BOSQUE_NW_02(3),ATL08_20211118142535_08721313_007_01.h5,2021-11-18T14:25:35Z,gt1l,-71.48685455322266,-42.58515548706055,122480852.49951543,872.0,13.0,13.0,007,01,17717.0,0.0,1770282.0,1770286.0,932.28466796875,44.418609619140625,6.9300537109375,13.768851280212402,7.68060302734375,1.5456033945083618,,,,,,,106.0,21.0,112.0,1.0,0.0,0.0,0.0,0.0,2021,11,Primavera,Bosque cerrado perennifolio latifolio,1,1,1,1,1.9868318276496804,5–10 m,872_gt1l_1770282,295936.8,5282253.6,BOSQUE_NW_02,conservador,SI,,2021-11-18,NO
BOSQUE_NW_02(3),ATL08_20211118142535_08721313_007_01.h5,2021-11-18T14:25:35Z,gt1l,-71.4872055053711,-42.58246994018555,122480852.54189588,872.0,13.0,13.0,007,01,17717.0,0.0,1770297.0,1770301.0,929.556640625,12.435315132141113,9.93505859375,10.397336959838867,10.51177978515625,2.376769542694092,,,,,,,127.0,75.0,126.0,1.0,0.0,0.0,0.0,0.0,2021,11,Primavera,Bosque abierto desconocido,1,1,1,1,1.0465300090308154,5–10 m,872_gt1l_1770297,295899.2,5282551.0,BOSQUE_NW_02,conservador,SI,,2021-11-18,NO
BOSQUE_NW_02(3),ATL08_20211118142535_08721313_007_01.h5,2021-11-18T14:25:35Z,gt1l,-71.48741912841797,-42.58086013793945,122480852.56725073,872.0,13.0,13.0,007,01,17717.0,0.0,1770307.0,1770311.0,918.845458984375,24.794553756713867,8.84490966796875,9.939108848571777,9.6910400390625,2.4658420085906982,,,,,,,110.0,37.0,126.0,1.0,0.0,0.0,0.0,0.0,2021,11,Primavera,Bosque abierto desconocido,1,1,1,1,1.1237094805575683,5–10 m,872_gt1l_1770307,295876.4,5282729.2,BOSQUE_NW_02,conservador,SI,,2021-11-18,NO
BOSQUE_NW_02(3),ATL08_20211118142535_08721313_007_01.h5,2021-11-18T14:25:35Z,gt1l,-71.48826599121094,-42.57442092895508,122480852.66880704,872.0,13.0,13.0,007,01,17717.0,0.0,1770342.0,1770346.0,865.9422607421875,32.11543273925781,7.849609375,12.937946319580078,8.21014404296875,1.991152048110962,,,,,,,129.0,27.0,126.0,1.0,0.0,0.0,0.0,0.0,2021,11,Primavera,Bosque abierto desconocido,1,1,1,1,1.6482280456892262,5–10 m,872_gt1l_1770342,295785.9,5283442.2,BOSQUE_NW_02,conservador,SI,,2021-11-18,NO
BOSQUE_NW_02(3),ATL08_20211118142535_08721313_007_01.h5,2021-11-18T14:25:35Z,gt1l,-71.48849487304688,-42.5726318359375,122480852.69704904,872.0,13.0,13.0,007,01,17717.0,0.0,1770352.0,1770356.0,874.9708862304688,12.850634574890137,7.0037841796875,9.604802131652832,11.96533203125,1.8154549598693848,,,,,,,97.0,68.0,126.0,1.0,0.0,0.0,0.0,0.0,2021,11,Primavera,Bosque abierto desconocido,1,1,1,1,1.3713732298474945,5–10 m,872_gt1l_1770352,295761.3,5283640.4,BOSQUE_NW_02,conservador,SI,,2021-11-18,NO
BOSQUE_NW_02(3),ATL08_20211118142535_08721313_007_01.h5,2021-11-18T14:25:35Z,gt1l,-71.48906707763672,-42.56815719604492,122480852.76749186,872.0,13.0,13.0,007,01,17717.0,0.0,1770377.0,1770381.0,813.566162109375,7.748486518859863,7.346435546875,8.475391387939453,7.52239990234375,1.2478071451187134,,,,,,,65.0,105.0,20.0,1.0,0.0,0.0,0.0,0.0,2021,11,Primavera,Arbustos,1,1,1,1,1.1536739598218737,5–10 m,872_gt1l_1770377,295699.7,5284135.9,BOSQUE_NW_02,conservador,SI,,2021-11-18,NO
BOSQUE_NW_02(3),ATL08_20211118142535_08721313_007_01.h5,2021-11-18T14:25:35Z,gt1l,-71.48941802978516,-42.56547164916992,122480852.80990283,872.0,13.0,13.0,007,01,17717.0,0.0,1770392.0,1770396.0,797.4874877929688,7.454878330230713,5.0645751953125,8.498961448669434,7.25909423828125,1.1623685359954834,,,,,,,89.0,107.0,20.0,1.0,0.0,0.0,0.0,0.0,2021,11,Primavera,Arbustos,1,1,1,1,1.6781193132517054,5–10 m,872_gt1l_1770392,295662.1,5284433.3,BOSQUE_NW_02,conservador,SI,,2021-11-18,NO
BOSQUE_NW_02(3),ATL08_20211118142535_08721313_007_01.h5,2021-11-18T14:25:35Z,gt1l,-71.4897689819336,-42.56278991699219,122480852.8522557,872.0,13.0,13.0,007,01,17717.0,0.0,1770407.0,1770411.0,794.7561645507812,5.519293308258057,9.60980224609375,5.851020336151123,10.94671630859375,2.027215003967285,,,,,,,73.0,144.0,20.0,1.0,0.0,0.0,0.0,0.0,2021,11,Primavera,Arbustos,1,1,1,1,0.6088595983886641,5–10 m,872_gt1l_1770407,295624.5,5284730.2,BOSQUE_NW_02,conservador,SI,,2021-11-18,NO
BOSQUE_NW_02(3),ATL08_20211118142535_08721313_007_01.h5,2021-11-18T14:25:35Z,gt1r,-71.47317504882812,-42.68289566040039,122480851.30837426,872.0,13.0,13.0,007,01,17717.0,0.0,1769736.0,1769737.0,1034.8326416015625,38.361793518066406,14.774169921875,47.51937484741211,14.774169921875,4.210999488830566,,,,,,,4.0,27.0,20.0,1.0,0.0,0.0,0.0,0.0,2021,11,Primavera,Arbustos,1,1,1,1,3.2163820437081716,10–20 m,872_gt1r_1769736,297376.9,5271432.4,BOSQUE_NW_02,conservador,SI,,2021-11-18,NO
BOSQUE_NW_02(3),ATL08_20211118142535_08721313_007_01.h5,2021-11-18T14:25:35Z,gt1r,-71.47394561767578,-42.67669677734375,122480851.40720084,872.0,13.0,13.0,007,01,17717.0,0.0,1769770.0,1769774.0,1053.379150390625,32.912593841552734,16.1624755859375,40.53940200805664,16.46826171875,4.369175434112549,,,,,,,47.0,32.0,20.0,1.0,0.0,0.0,0.0,0.0,2021,11,Primavera,Arbustos,1,1,1,1,2.5082421187586386,10–20 m,872_gt1r_1769770,297293.6,5272119.0,BOSQUE_NW_02,conservador,SI,,2021-11-18,NO
BOSQUE_NW_02(3),ATL08_20211118142535_08721313_007_01.h5,2021-11-18T14:25:35Z,gt1r,-71.48445892333984,-42.59527587890625,122480852.6900017,872.0,13.0,13.0,007,01,17717.0,0.0,1770225.0,1770229.0,999.7314453125,166.67665100097656,12.318603515625,45.8182373046875,12.35162353515625,3.1169543266296387,,,,,,,33.0,6.0,112.0,1.0,0.0,0.0,0.0,0.0,2021,11,Primavera,Bosque cerrado perennifolio latifolio,1,1,1,1,3.7194343698594845,10–20 m,872_gt1r_1770225,296166.4,5281135.5,BOSQUE_NW_02,conservador,SI,,2021-11-18,NO
BOSQUE_NW_02(3),ATL08_20211118142535_08721313_007_01.h5,2021-11-18T14:25:35Z,gt1r,-71.48619842529297,-42.58185577392578,122480852.90159766,872.0,13.0,13.0,007,01,17717.0,0.0,1770300.0,1770303.0,936.7046508789062,155.90054321289062,14.79705810546875,95.21055603027344,15.0023193359375,3.235323905944824,,,,,,,51.0,6.0,20.0,1.0,0.0,0.0,0.0,0.0,2021,11,Primavera,Arbustos,1,1,1,1,6.43442469115433,10–20 m,872_gt1r_1770300,295979.8,5282621.6,BOSQUE_NW_02,conservador,SI,,2021-11-18,NO
BOSQUE_NW_02(3),ATL08_20211118142535_08721313_007_01.h5,2021-11-18T14:25:35Z,gt1r,-71.48641967773438,-42.5800666809082,122480852.92977121,872.0,13.0,13.0,007,01,17717.0,0.0,1770310.0,1770314.0,924.9449462890625,46.20068359375,11.72216796875,54.785186767578125,11.72216796875,2.956300735473633,,,,,,,42.0,20.0,20.0,1.0,0.0,0.0,0.0,0.0,2021,11,Primavera,Arbustos,1,1,1,1,4.673639459324364,10–20 m,872_gt1r_1770310,295955.9,5282819.7,BOSQUE_NW_02,conservador,SI,,2021-11-18,NO
BOSQUE_NW_02(3),ATL08_20211118142535_08721313_007_01.h5,2021-11-18T14:25:35Z,gt1r,-71.48766326904297,-42.57022476196289,122480853.08486426,872.0,13.0,13.0,007,01,17717.0,0.0,1770365.0,1770369.0,833.62939453125,59.78010177612305,11.70025634765625,42.364349365234375,14.6585693359375,2.7144596576690674,,,,,,,47.0,14.0,20.0,1.0,0.0,0.0,0.0,0.0,2021,11,Primavera,Arbustos,1,1,1,1,3.6208052290854837,10–20 m,872_gt1r_1770365,295821.7,5283909.7,BOSQUE_NW_02,conservador,SI,,2021-11-18,NO
BOSQUE_NW_02(3),ATL08_20211118142535_08721313_007_01.h5,2021-11-18T14:25:35Z,gt1r,-71.48799133300781,-42.56753921508789,122480853.12715392,872.0,13.0,13.0,007,01,17717.0,0.0,1770380.0,1770384.0,812.8439331054688,54.29525375366211,12.46697998046875,50.349857330322266,12.46697998046875,3.3290257453918457,,,,,,,40.0,15.0,20.0,1.0,0.0,0.0,0.0,0.0,2021,11,Primavera,Arbustos,1,1,1,1,4.038657109356259,10–20 m,872_gt1r_1770380,295786.0,5284207.1,BOSQUE_NW_02,conservador,SI,,2021-11-18,NO
BOSQUE_NW_02(3),ATL08_20211118142535_08721313_007_01.h5,2021-11-18T14:25:35Z,gt1r,-71.4885482788086,-42.56306457519531,122480853.19757405,872.0,13.0,13.0,007,01,17717.0,0.0,1770405.0,1770409.0,794.3599243164062,30.56138801574707,10.203369140625,26.861459732055664,10.203369140625,2.4457764625549316,,,,,,,31.0,26.0,20.0,1.0,0.0,0.0,0.0,0.0,2021,11,Primavera,Arbustos,1,1,1,1,2.6326068734596704,10–20 m,872_gt1r_1770405,295725.6,5284702.7,BOSQUE_NW_02,conservador,SI,,2021-11-18,NO
BOSQUE_NW_02(3),ATL08_20211118142535_08721313_007_01.h5,2021-11-18T14:25:35Z,gt1r,-71.48865509033203,-42.56216812133789,122480853.21167354,872.0,13.0,13.0,007,01,17717.0,0.0,1770410.0,1770414.0,793.50634765625,29.387968063354492,9.5645751953125,23.974294662475586,9.5645751953125,1.9559415578842163,,,,,,,17.0,27.0,126.0,1.0,0.0,0.0,0.0,0.0,2021,11,Primavera,Bosque abierto desconocido,1,1,1,1,2.5065718207981824,5–10 m,872_gt1r_1770410,295714.0,5284802.0,BOSQUE_NW_02,conservador,SI,,2021-11-18,NO
BOSQUE_NW_02(3),ATL08_20211118142535_08721313_007_01.h5,2021-11-18T14:25:35Z,gt1r,-71.48876953125,-42.56127166748047,122480853.2257972,872.0,13.0,13.0,007,01,17717.0,0.0,1770415.0,1770419.0,792.550537109375,20.325801849365234,8.55084228515625,21.236730575561523,8.55084228515625,1.538570761680603,,,,,,,21.0,39.0,126.0,1.0,0.0,0.0,0.0,0.0,2021,11,Primavera,Bosque abierto desconocido,1,1,1,1,2.4835834725226094,5–10 m,872_gt1r_1770415,295701.6,5284901.2,BOSQUE_NW_02,conservador,SI,,2021-11-18,NO
BOSQUE_NW_02(3),ATL08_20211118142535_08721313_007_01.h5,2021-11-18T14:25:35Z,gt2l,-71.44013214111328,-42.63526153564453,122480851.64788015,872.0,13.0,13.0,007,01,17717.0,0.0,1769986.0,1769990.0,1140.8389892578125,16.053009033203125,24.0775146484375,20.102909088134766,26.4576416015625,6.561534404754639,,,,,,,134.0,71.0,20.0,1.0,0.0,0.0,0.0,0.0,2021,11,Primavera,Arbustos,1,1,1,1,0.8349245917472357,20–30 m,872_gt2l_1769986,299931.4,5276801.0,BOSQUE_NW_02,conservador,SI,,2021-11-18,NO
BOSQUE_NW_02(3),ATL08_20211118142535_08721313_007_01.h5,2021-11-18T14:25:35Z,gt2l,-71.4409408569336,-42.628997802734375,122480851.74657018,872.0,13.0,13.0,007,01,17717.0,0.0,1770021.0,1770025.0,1173.121826171875,15.434891700744629,3.9423828125,16.12565040588379,6.3824462890625,0.9362319707870483,,,,,,,76.0,76.0,126.0,1.0,0.0,0.0,0.0,0.0,2021,11,Primavera,Bosque abierto desconocido,1,1,1,1,4.090330942686401,2–5 m,872_gt2l_1770021,299845.0,5277494.6,BOSQUE_NW_02,conservador,SI,,2021-11-18,NO
BOSQUE_NW_02(3),ATL08_20211118142535_08721313_007_01.h5,2021-11-18T14:25:35Z,gt2l,-71.4410629272461,-42.62810516357422,122480851.7606974,872.0,13.0,13.0,007,01,17717.0,0.0,1770026.0,1770030.0,1179.441650390625,19.984739303588867,4.1844482421875,15.902544021606445,5.1810302734375,0.9034259915351868,,,,,,,126.0,59.0,20.0,1.0,0.0,0.0,0.0,0.0,2021,11,Primavera,Arbustos,1,1,1,1,3.8003920950144403,2–5 m,872_gt2l_1770026,299832.1,5277593.5,BOSQUE_NW_02,conservador,SI,,2021-11-18,NO
BOSQUE_NW_02(3),ATL08_20211118142535_08721313_007_01.h5,2021-11-18T14:25:35Z,gt2l,-71.44290924072266,-42.61378860473633,122480851.98637632,872.0,13.0,13.0,007,01,17717.0,0.0,1770106.0,1770110.0,1194.232421875,20.93627166748047,10.3719482421875,21.972028732299805,13.717041015625,2.232912063598633,,,,,,,69.0,57.0,126.0,1.0,0.0,0.0,0.0,0.0,2021,11,Primavera,Bosque abierto desconocido,1,1,1,1,2.118409022032083,10–20 m,872_gt2l_1770106,299634.8,5279178.9,BOSQUE_NW_02,conservador,SI,,2021-11-18,NO
BOSQUE_NW_02(3),ATL08_20211118142535_08721313_007_01.h5,2021-11-18T14:25:35Z,gt2l,-71.44313049316406,-42.61199951171875,122480852.01441999,872.0,13.0,13.0,007,01,17717.0,0.0,1770116.0,1770120.0,1168.0732421875,31.58831024169922,3.782958984375,21.485456466674805,4.32470703125,0.8711833953857422,,,,,,,79.0,37.0,30.0,1.0,0.0,0.0,0.0,0.0,2021,11,Primavera,Herbáceas,1,1,1,1,5.679537249919329,2–5 m,872_gt2l_1770116,299610.9,5279377.1,BOSQUE_NW_02,conservador,SI,,2021-11-18,NO
BOSQUE_NW_02(3),ATL08_20211118142535_08721313_007_01.h5,2021-11-18T14:25:35Z,gt2l,-71.44464874267578,-42.60036849975586,122480852.19770932,872.0,13.0,13.0,007,01,17717.0,0.0,1770181.0,1770185.0,1174.1202392578125,17.26947021484375,4.150390625,20.783565521240234,4.885986328125,0.789482593536377,,,,,,,75.0,68.0,116.0,1.0,0.0,0.0,0.0,0.0,2021,11,Primavera,Bosque cerrado desconocido,1,1,1,1,5.007616727941176,2–5 m,872_gt2l_1770181,299449.0,5280665.1,BOSQUE_NW_02,conservador,SI,,2021-11-18,NO
BOSQUE_NW_02(3),ATL08_20211118142535_08721313_007_01.h5,2021-11-18T14:25:35Z,gt2l,-71.44664764404297,-42.58515930175781,122480852.43719015,872.0,13.0,13.0,007,01,17717.0,0.0,1770266.0,1770270.0,1139.7740478515625,24.712322235107422,6.9012451171875,19.902311325073242,8.3590087890625,1.3130313158035278,,,,,,,81.0,46.0,116.0,1.0,0.0,0.0,0.0,0.0,2021,11,Primavera,Bosque cerrado desconocido,1,1,1,1,2.8838725457681083,5–10 m,872_gt2l_1770266,299236.2,5282349.3,BOSQUE_NW_02,conservador,SI,,2021-11-18,NO
BOSQUE_NW_02(3),ATL08_20211118142535_08721313_007_01.h5,2021-11-18T14:25:35Z,gt2l,-71.44688415527344,-42.583370208740234,122480852.46529612,872.0,13.0,13.0,007,01,17717.0,0.0,1770276.0,1770280.0,1137.0513916015625,33.432960510253906,4.45361328125,21.184192657470703,11.064697265625,1.4200316667556763,,,,,,,65.0,34.0,126.0,1.0,0.0,0.0,0.0,0.0,2021,11,Primavera,Bosque abierto desconocido,1,1,1,1,4.756630475002741,2–5 m,872_gt2l_1770276,299211.1,5282547.5,BOSQUE_NW_02,conservador,SI,,2021-11-18,NO
BOSQUE_NW_02(3),ATL08_20211118142535_08721313_007_01.h5,2021-11-18T14:25:35Z,gt2l,-71.44768524169922,-42.57710647583008,122480852.5640361,872.0,13.0,13.0,007,01,17717.0,0.0,1770311.0,1770315.0,1011.6387329101562,18.41790199279785,7.49835205078125,14.637772560119629,12.2342529296875,1.6256954669952393,,,,,,,72.0,55.0,20.0,1.0,0.0,0.0,0.0,0.0,2021,11,Primavera,Arbustos,1,1,1,1,1.952131943257389,5–10 m,872_gt2l_1770311,299125.2,5283241.1,BOSQUE_NW_02,conservador,SI,,2021-11-18,NO
BOSQUE_NW_02(3),ATL08_20211118142535_08721313_007_01.h5,2021-11-18T14:25:35Z,gt2l,-71.4480209350586,-42.57442092895508,122480852.60631302,872.0,13.0,13.0,007,01,17717.0,0.0,1770326.0,1770330.0,959.2576293945312,95.919921875,7.51690673828125,16.997541427612305,8.1551513671875,1.8628618717193604,,,,,,,77.0,10.0,20.0,1.0,0.0,0.0,0.0,0.0,2021,11,Primavera,Arbustos,1,1,1,1,2.2612414945963284,5–10 m,872_gt2l_1770326,299089.0,5283538.6,BOSQUE_NW_02,conservador,SI,,2021-11-18,NO
BOSQUE_NW_02(3),ATL08_20211118142535_08721313_007_01.h5,2021-11-18T14:25:35Z,gt2l,-71.4481430053711,-42.57352828979492,122480852.62031905,872.0,13.0,13.0,007,01,17717.0,0.0,1770331.0,1770335.0,952.4530029296875,68.19400787353516,9.1383056640625,15.361517906188965,10.6396484375,2.108694076538086,,,,,,,75.0,14.0,126.0,1.0,0.0,0.0,0.0,0.0,2021,11,Primavera,Bosque abierto desconocido,1,1,1,1,1.6810028544569269,5–10 m,872_gt2l_1770331,299076.1,5283637.4,BOSQUE_NW_02,conservador,SI,,2021-11-18,NO
BOSQUE_NW_02(3),ATL08_20211118142535_08721313_007_01.h5,2021-11-18T14:25:35Z,gt2l,-71.4486083984375,-42.569950103759766,122480852.67671803,872.0,13.0,13.0,007,01,17717.0,0.0,1770351.0,1770355.0,925.9115600585938,29.901819229125977,8.360107421875,13.536813735961914,9.0545654296875,1.7039291858673096,,,,,,,68.0,31.0,20.0,1.0,0.0,0.0,0.0,0.0,2021,11,Primavera,Arbustos,1,1,1,1,1.6192152867009315,5–10 m,872_gt2l_1770351,299026.4,5284033.6,BOSQUE_NW_02,conservador,SI,,2021-11-18,NO
BOSQUE_NW_02(3),ATL08_20211118142535_08721313_007_01.h5,2021-11-18T14:25:35Z,gt2r,-71.44131469726562,-42.61710739135742,122480852.28430815,872.0,13.0,13.0,007,01,17717.0,0.0,1770087.0,1770091.0,1268.0364990234375,35.31416702270508,15.071533203125,40.114505767822266,15.262939453125,4.525386810302734,,,,,,,44.0,36.0,30.0,1.0,0.0,0.0,0.0,0.0,2021,11,Primavera,Herbáceas,1,1,1,1,2.6616074972057087,10–20 m,872_gt2r_1770087,299776.2,5278814.2,BOSQUE_NW_02,conservador,SI,,2021-11-18,NO
BOSQUE_NW_02(3),ATL08_20211118142535_08721313_007_01.h5,2021-11-18T14:25:35Z,gt2r,-71.44200134277344,-42.61173629760742,122480852.36889672,872.0,13.0,13.0,007,01,17717.0,0.0,1770117.0,1770121.0,1169.195068359375,64.99431610107422,14.922119140625,66.56336212158203,15.718994140625,4.642946243286133,,,,,,,49.0,18.0,126.0,1.0,0.0,0.0,0.0,0.0,2021,11,Primavera,Bosque abierto desconocido,1,1,1,1,4.4607177770324435,10–20 m,872_gt2r_1770117,299702.7,5279409.0,BOSQUE_NW_02,conservador,SI,,2021-11-18,NO
BOSQUE_NW_02(3),ATL08_20211118142535_08721313_007_01.h5,2021-11-18T14:25:35Z,gt2r,-71.4422378540039,-42.609947204589844,122480852.39710315,872.0,13.0,13.0,007,01,17717.0,0.0,1770127.0,1770131.0,1157.27490234375,55.05152130126953,14.0604248046875,68.50786590576172,14.0604248046875,3.3524396419525146,,,,,,,31.0,21.0,116.0,1.0,0.0,0.0,0.0,0.0,2021,11,Primavera,Bosque cerrado desconocido,1,1,1,1,4.872389480218435,10–20 m,872_gt2r_1770127,299677.5,5279607.1,BOSQUE_NW_02,conservador,SI,,2021-11-18,NO
BOSQUE_NW_02(3),ATL08_20211118142535_08721313_007_01.h5,2021-11-18T14:25:35Z,gt2r,-71.44246673583984,-42.608158111572266,122480852.42533606,872.0,13.0,13.0,007,01,17717.0,0.0,1770137.0,1770141.0,1148.865478515625,191.81593322753906,14.62939453125,81.65299224853516,15.3499755859375,3.8963840007781982,,,,,,,49.0,6.0,126.0,1.0,0.0,0.0,0.0,0.0,2021,11,Primavera,Bosque abierto desconocido,1,1,1,1,5.5814334676746435,10–20 m,872_gt2r_1770137,299653.0,5279805.3,BOSQUE_NW_02,conservador,SI,,2021-11-18,NO
BOSQUE_NW_02(3),ATL08_20211118142535_08721313_007_01.h5,2021-11-18T14:25:35Z,gt2r,-71.44438171386719,-42.593849182128906,122480852.65086526,872.0,13.0,13.0,007,01,17717.0,0.0,1770217.0,1770221.0,1198.6331787109375,199.67481994628906,18.1947021484375,121.70719146728516,18.1947021484375,4.037926197052002,,,,,,,27.0,6.0,112.0,1.0,0.0,0.0,0.0,0.0,2021,11,Primavera,Bosque cerrado perennifolio latifolio,1,1,1,1,6.689155473629832,10–20 m,872_gt2r_1770217,299450.0,5281389.7,BOSQUE_NW_02,conservador,SI,,2021-11-18,NO
BOSQUE_NW_02(3),ATL08_20211118142535_08721313_007_01.h5,2021-11-18T14:25:35Z,gt2r,-71.44462585449219,-42.59206008911133,122480852.67905037,872.0,13.0,13.0,007,01,17717.0,0.0,1770227.0,1770231.0,1213.557861328125,134.65280151367188,14.395263671875,143.69882202148438,14.395263671875,4.144768714904785,,,,,,,36.0,9.0,116.0,1.0,0.0,0.0,0.0,0.0,2021,11,Primavera,Bosque cerrado desconocido,1,1,1,1,9.982368180045112,10–20 m,872_gt2r_1770227,299424.3,5281587.8,BOSQUE_NW_02,conservador,SI,,2021-11-18,NO
BOSQUE_NW_02(3),ATL08_20211118142535_08721313_007_01.h5,2021-11-18T14:25:35Z,gt2r,-71.4449691772461,-42.58937454223633,122480852.72135934,872.0,13.0,13.0,007,01,17717.0,0.0,1770242.0,1770246.0,1187.4500732421875,169.5186004638672,8.084716796875,64.72990417480469,9.083740234375,1.6909509897232056,,,,,,,33.0,7.0,20.0,1.0,0.0,0.0,0.0,0.0,2021,11,Primavera,Arbustos,1,1,1,1,8.006452891438926,5–10 m,872_gt2r_1770242,299387.5,5281885.2,BOSQUE_NW_02,conservador,SI,,2021-11-18,NO
BOSQUE_NW_02(3),ATL08_20211118142535_08721313_007_01.h5,2021-11-18T14:25:35Z,gt2r,-71.445556640625,-42.58489990234375,122480852.79187092,872.0,13.0,13.0,007,01,17717.0,0.0,1770267.0,1770271.0,1144.7442626953125,114.75984191894531,10.5911865234375,70.7018814086914,11.86181640625,2.8651418685913086,,,,,,,41.0,10.0,116.0,1.0,0.0,0.0,0.0,0.0,2021,11,Primavera,Bosque cerrado desconocido,1,1,1,1,6.67553925636504,10–20 m,872_gt2r_1770267,299324.9,5282380.7,BOSQUE_NW_02,conservador,SI,,2021-11-18,NO
BOSQUE_NW_02(3),ATL08_20211118142535_08721313_007_01.h5,2021-11-18T14:25:35Z,gt2r,-71.4466781616211,-42.575950622558594,122480852.93289472,872.0,13.0,13.0,007,01,17717.0,0.0,1770317.0,1770321.0,992.847900390625,110.16693878173828,17.78167724609375,83.06900024414062,17.78167724609375,4.135632038116455,,,,,,,41.0,9.0,20.0,1.0,0.0,0.0,0.0,0.0,2021,11,Primavera,Arbustos,1,1,1,1,4.671606569756466,10–20 m,872_gt2r_1770317,299204.1,5283371.9,BOSQUE_NW_02,conservador,SI,,2021-11-18,NO
BOSQUE_NW_02(3),ATL08_20211118142535_08721313_007_01.h5,2021-11-18T14:25:35Z,gt2r,-71.44723510742188,-42.571475982666016,122480853.0034424,872.0,13.0,13.0,007,01,17717.0,0.0,1770342.0,1770346.0,942.3290405273438,49.76496887207031,13.4805908203125,55.828853607177734,13.4805908203125,4.609494209289551,,,,,,,22.0,19.0,20.0,1.0,0.0,0.0,0.0,0.0,2021,11,Primavera,Arbustos,1,1,1,1,4.141424834515045,10–20 m,872_gt2r_1770342,299144.1,5283867.5,BOSQUE_NW_02,conservador,SI,,2021-11-18,NO
BOSQUE_NW_02(3),ATL08_20211118142535_08721313_007_01.h5,2021-11-18T14:25:35Z,gt2r,-71.4480209350586,-42.56521224975586,122480853.10215947,872.0,13.0,13.0,007,01,17717.0,0.0,1770377.0,1770381.0,902.9978637695312,45.116294860839844,15.205322265625,45.886627197265625,15.82305908203125,3.554330825805664,,,,,,,56.0,20.0,20.0,1.0,0.0,0.0,0.0,0.0,2021,11,Primavera,Arbustos,1,1,1,1,3.0178003725052585,10–20 m,872_gt2r_1770377,299059.4,5284561.2,BOSQUE_NW_02,conservador,SI,,2021-11-18,NO
BOSQUE_NW_02(3),ATL08_20220214215513_08341409_007_01.h5,2022-02-14T21:55:13Z,gt2l,-71.42435455322266,-42.56087875366211,130111157.14640819,834.0,14.0,9.0,007,01,19066.0,0.0,1238454.0,1238458.0,947.8248291015625,56.05064010620117,7.79931640625,12.950910568237305,8.54156494140625,1.651296615600586,,,,,,,52.0,17.0,126.0,1.0,0.0,0.0,0.0,0.0,2022,2,Verano,Bosque abierto desconocido,1,1,1,1,1.660518678003506,5–10 m,834_gt2l_1238454,300988.4,5285098.3,BOSQUE_NW_02,conservador,SI,,2022-02-14,NO
BOSQUE_NW_02(3),ATL08_20220214215513_08341409_007_01.h5,2022-02-14T21:55:13Z,gt2l,-71.42655944824219,-42.577877044677734,130111157.41412486,834.0,14.0,9.0,007,01,19066.0,0.0,1238549.0,1238553.0,1094.27099609375,21.064058303833008,3.4947509765625,18.676605224609375,5.2349853515625,0.854227602481842,,,,,,,74.0,52.0,126.0,1.0,0.0,0.0,0.0,0.0,2022,2,Verano,Bosque abierto desconocido,1,1,1,1,5.344187711760802,2–5 m,834_gt2l_1238549,300861.5,5283205.5,BOSQUE_NW_02,conservador,SI,,2022-02-14,NO
BOSQUE_NW_02(3),ATL08_20220214215513_08341409_007_01.h5,2022-02-14T21:55:13Z,gt2l,-71.42667388916016,-42.578773498535156,130111157.42815569,834.0,14.0,9.0,007,01,19066.0,0.0,1238554.0,1238558.0,1100.765869140625,21.169940948486328,4.603271484375,14.172179222106934,6.0050048828125,1.0738904476165771,,,,,,,75.0,52.0,20.0,1.0,0.0,0.0,0.0,0.0,2022,2,Verano,Arbustos,1,1,1,1,3.07871896546009,2–5 m,834_gt2l_1238554,300854.9,5283105.7,BOSQUE_NW_02,conservador,SI,,2022-02-14,NO
BOSQUE_NW_02(3),ATL08_20220214215513_08341409_007_01.h5,2022-02-14T21:55:13Z,gt2l,-71.4298095703125,-42.602928161621094,130111157.80888183,834.0,14.0,9.0,007,01,19066.0,0.0,1238689.0,1238693.0,1199.120849609375,11.986566543579102,5.3741455078125,13.692940711975098,5.5599365234375,1.2706538438796997,,,,,,,47.0,100.0,126.0,1.0,0.0,0.0,0.0,0.0,2022,2,Verano,Bosque abierto desconocido,1,1,1,1,2.5479289111300396,5–10 m,834_gt2l_1238689,300674.6,5280415.9,BOSQUE_NW_02,conservador,SI,,2022-02-14,NO
BOSQUE_NW_02(3),ATL08_20220214215513_08341409_007_01.h5,2022-02-14T21:55:13Z,gt2l,-71.43132781982422,-42.614559173583984,130111157.99208951,834.0,14.0,9.0,007,01,19066.0,0.0,1238754.0,1238758.0,1179.1181640625,21.808467864990234,3.460693359375,16.683507919311523,4.2967529296875,0.780540943145752,,,,,,,77.0,54.0,126.0,1.0,0.0,0.0,0.0,0.0,2022,2,Verano,Bosque abierto desconocido,1,1,1,1,4.820857032627866,2–5 m,834_gt2l_1238754,300587.2,5279120.7,BOSQUE_NW_02,conservador,SI,,2022-02-14,NO
BOSQUE_NW_02(3),ATL08_20220214215513_08341409_007_01.h5,2022-02-14T21:55:13Z,gt2l,-71.43144226074219,-42.61545181274414,130111158.0061287,834.0,14.0,9.0,007,01,19066.0,0.0,1238759.0,1238763.0,1169.51953125,31.601598739624023,3.923583984375,22.999004364013672,4.7103271484375,1.0453294515609741,,,,,,,66.0,37.0,126.0,1.0,0.0,0.0,0.0,0.0,2022,2,Verano,Bosque abierto desconocido,1,1,1,1,5.861733674009085,2–5 m,834_gt2l_1238759,300580.7,5279021.3,BOSQUE_NW_02,conservador,SI,,2022-02-14,NO
BOSQUE_NW_02(3),ATL08_20220214215513_08341409_007_01.h5,2022-02-14T21:55:13Z,gt2l,-71.43214416503906,-42.620819091796875,130111158.09067574,834.0,14.0,9.0,007,01,19066.0,0.0,1238789.0,1238793.0,1164.967041015625,10.689157485961914,2.9197998046875,13.090139389038086,3.0533447265625,0.7012483477592468,,,,,,,60.0,109.0,126.0,1.0,0.0,0.0,0.0,0.0,2022,2,Verano,Bosque abierto desconocido,1,1,1,1,4.483231818846941,2–5 m,834_gt2l_1238789,300540.2,5278423.7,BOSQUE_NW_02,conservador,SI,,2022-02-14,NO
BOSQUE_NW_02(3),ATL08_20220214215513_08341409_007_01.h5,2022-02-14T21:55:13Z,gt2l,-71.4323501586914,-42.62242889404297,130111158.116038,834.0,14.0,9.0,007,01,19066.0,0.0,1238799.0,1238803.0,1162.1177978515625,11.613821029663086,10.4619140625,13.384710311889648,12.7200927734375,2.519498109817505,,,,,,,93.0,100.0,126.0,1.0,0.0,0.0,0.0,0.0,2022,2,Verano,Bosque abierto desconocido,1,1,1,1,1.279374905196957,10–20 m,834_gt2l_1238799,300528.5,5278244.4,BOSQUE_NW_02,conservador,SI,,2022-02-14,NO
BOSQUE_NW_02(3),ATL08_20220214215513_08341409_007_01.h5,2022-02-14T21:55:13Z,gt2l,-71.43318176269531,-42.62887191772461,130111158.21756871,834.0,14.0,9.0,007,01,19066.0,0.0,1238834.0,1238838.0,1226.0814208984375,14.253873825073242,14.57470703125,19.600296020507812,17.0262451171875,2.925899028778076,,,,,,,68.0,86.0,20.0,1.0,0.0,0.0,0.0,0.0,2022,2,Verano,Arbustos,1,1,1,1,1.3448157810981942,10–20 m,834_gt2l_1238834,300480.9,5277526.9,BOSQUE_NW_02,conservador,SI,,2022-02-14,NO
BOSQUE_NW_02(3),ATL08_20220214215513_08341409_007_01.h5,2022-02-14T21:55:13Z,gt2l,-71.43412017822266,-42.63602828979492,130111158.33023427,834.0,14.0,9.0,007,01,19066.0,0.0,1238874.0,1238878.0,1153.81787109375,26.816837310791016,7.0924072265625,21.77937126159668,9.028076171875,1.2983859777450562,,,,,,,98.0,43.0,126.0,1.0,0.0,0.0,0.0,0.0,2022,2,Verano,Bosque abierto desconocido,1,1,1,1,3.0708010081582073,5–10 m,834_gt2l_1238874,300426.8,5276730.0,BOSQUE_NW_02,conservador,SI,,2022-02-14,NO
BOSQUE_NW_02(3),ATL08_20220214215513_08341409_007_01.h5,2022-02-14T21:55:13Z,gt2l,-71.43435668945312,-42.6378173828125,130111158.35854717,834.0,14.0,9.0,007,01,19066.0,0.0,1238884.0,1238888.0,1143.56640625,20.428232192993164,3.8404541015625,18.615909576416016,7.2083740234375,0.9407217502593994,,,,,,,95.0,56.0,116.0,1.0,0.0,0.0,0.0,0.0,2022,2,Verano,Bosque cerrado desconocido,1,1,1,1,4.847319896061791,2–5 m,834_gt2l_1238884,300413.1,5276530.8,BOSQUE_NW_02,conservador,SI,,2022-02-14,NO
BOSQUE_NW_02(3),ATL08_20220214215513_08341409_007_01.h5,2022-02-14T21:55:13Z,gt2l,-71.43516540527344,-42.644081115722656,130111158.45717694,834.0,14.0,9.0,007,01,19066.0,0.0,1238919.0,1238923.0,1126.857666015625,29.629741668701172,3.5401611328125,23.454225540161133,5.109375,0.8329097628593445,,,,,,,83.0,38.0,30.0,1.0,0.0,0.0,0.0,0.0,2022,2,Verano,Herbáceas,1,1,1,1,6.6251858772111305,2–5 m,834_gt2l_1238919,300366.9,5275833.3,BOSQUE_NW_02,conservador,SI,,2022-02-14,NO
BOSQUE_NW_02(3),ATL08_20220214215513_08341409_007_01.h5,2022-02-14T21:55:13Z,gt2l,-71.43528747558594,-42.64497375488281,130111158.47119662,834.0,14.0,9.0,007,01,19066.0,0.0,1238924.0,1238928.0,1126.389892578125,25.037353515625,3.6976318359375,21.553955078125,5.4498291015625,0.7894768118858337,,,,,,,82.0,45.0,116.0,1.0,0.0,0.0,0.0,0.0,2022,2,Verano,Bosque cerrado desconocido,1,1,1,1,5.82912416229243,2–5 m,834_gt2l_1238924,300359.7,5275733.9,BOSQUE_NW_02,conservador,SI,,2022-02-14,NO
BOSQUE_NW_02(3),ATL08_20220214215513_08341409_007_01.h5,2022-02-14T21:55:13Z,gt2l,-71.43562316894531,-42.64765930175781,130111158.51355225,834.0,14.0,9.0,007,01,19066.0,0.0,1238939.0,1238943.0,1099.8134765625,78.5219955444336,12.3814697265625,21.662389755249023,12.6466064453125,2.9414925575256348,,,,,,,84.0,14.0,116.0,1.0,0.0,0.0,0.0,0.0,2022,2,Verano,Bosque cerrado desconocido,1,1,1,1,1.7495814498319022,10–20 m,834_gt2l_1238939,300340.8,5275434.9,BOSQUE_NW_02,conservador,SI,,2022-02-14,NO
BOSQUE_NW_02(3),ATL08_20220214215513_08341409_007_01.h5,2022-02-14T21:55:13Z,gt2l,-71.43632507324219,-42.65302658081055,130111158.5979527,834.0,14.0,9.0,007,01,19066.0,0.0,1238969.0,1238973.0,1138.2413330078125,15.807693481445312,2.497314453125,21.202613830566406,2.99755859375,0.45761120319366455,,,,,,,86.0,72.0,20.0,1.0,0.0,0.0,0.0,0.0,2022,2,Verano,Arbustos,1,1,1,1,8.490165827549125,2–5 m,834_gt2l_1238969,300300.4,5274837.2,BOSQUE_NW_02,conservador,SI,,2022-02-14,NO
BOSQUE_NW_02(3),ATL08_20220214215513_08341409_007_01.h5,2022-02-14T21:55:13Z,gt2l,-71.437255859375,-42.66018295288086,130111158.71074273,834.0,14.0,9.0,007,01,19066.0,0.0,1239009.0,1239013.0,1143.255615234375,12.84483528137207,3.6759033203125,17.039905548095703,4.7152099609375,0.638539731502533,,,,,,,83.0,89.0,30.0,1.0,0.0,0.0,0.0,0.0,2022,2,Verano,Herbáceas,1,1,1,1,4.635569562979444,2–5 m,834_gt2l_1239009,300247.0,5274040.2,BOSQUE_NW_02,conservador,SI,,2022-02-14,NO
BOSQUE_NW_02(3),ATL08_20220214215513_08341409_007_01.h5,2022-02-14T21:55:13Z,gt2l,-71.43760681152344,-42.66286849975586,130111158.75320347,834.0,14.0,9.0,007,01,19066.0,0.0,1239024.0,1239028.0,1126.56396484375,24.459165573120117,6.5240478515625,24.91582679748535,8.5316162109375,1.2473684549331665,,,,,,,67.0,46.0,20.0,1.0,0.0,0.0,0.0,0.0,2022,2,Verano,Arbustos,1,1,1,1,3.8190748082140518,5–10 m,834_gt2l_1239024,300226.9,5273741.2,BOSQUE_NW_02,conservador,SI,,2022-02-14,NO
BOSQUE_NW_02(3),ATL08_20220214215513_08341409_007_01.h5,2022-02-14T21:55:13Z,gt2l,-71.43795776367188,-42.665550231933594,130111158.795541,834.0,14.0,9.0,007,01,19066.0,0.0,1239039.0,1239043.0,1146.9385986328125,37.010738372802734,3.8238525390625,26.196659088134766,4.7442626953125,0.7666967511177063,,,,,,,101.0,31.0,20.0,1.0,0.0,0.0,0.0,0.0,2022,2,Verano,Arbustos,1,1,1,1,6.850854948124502,2–5 m,834_gt2l_1239039,300206.7,5273442.5,BOSQUE_NW_02,conservador,SI,,2022-02-14,NO
BOSQUE_NW_02(3),ATL08_20220214215513_08341409_007_01.h5,2022-02-14T21:55:13Z,gt2l,-71.43830108642578,-42.668235778808594,130111158.83767822,834.0,14.0,9.0,007,01,19066.0,0.0,1239054.0,1239058.0,1155.08642578125,26.865589141845703,4.2347412109375,21.808151245117188,5.5936279296875,0.8614168167114258,,,,,,,101.0,43.0,30.0,1.0,0.0,0.0,0.0,0.0,2022,2,Verano,Herbáceas,1,1,1,1,5.149819117350321,2–5 m,834_gt2l_1239054,300187.2,5273143.5,BOSQUE_NW_02,conservador,SI,,2022-02-14,NO
BOSQUE_NW_02(3),ATL08_20220214215513_08341409_007_01.h5,2022-02-14T21:55:13Z,gt2l,-71.43853759765625,-42.67002487182617,130111158.8659765,834.0,14.0,9.0,007,01,19066.0,0.0,1239064.0,1239068.0,1164.0511474609375,24.24534034729004,3.179931640625,22.889375686645508,10.562255859375,1.094660758972168,,,,,,,85.0,48.0,126.0,1.0,0.0,0.0,0.0,0.0,2022,2,Verano,Bosque abierto desconocido,1,1,1,1,7.198071617082533,2–5 m,834_gt2l_1239064,300173.5,5272944.3,BOSQUE_NW_02,conservador,SI,,2022-02-14,NO
BOSQUE_NW_02(3),ATL08_20220214215513_08341409_007_01.h5,2022-02-14T21:55:13Z,gt2l,-71.43876647949219,-42.67181396484375,130111158.89411642,834.0,14.0,9.0,007,01,19066.0,0.0,1239074.0,1239078.0,1170.630126953125,9.59423542022705,16.2017822265625,13.225751876831055,16.4578857421875,3.3332059383392334,,,,,,,91.0,122.0,116.0,1.0,0.0,0.0,0.0,0.0,2022,2,Verano,Bosque cerrado desconocido,1,1,1,1,0.8163146308155962,10–20 m,834_gt2l_1239074,300160.5,5272745.0,BOSQUE_NW_02,conservador,SI,,2022-02-14,NO
BOSQUE_NW_02(3),ATL08_20220214215513_08341409_007_01.h5,2022-02-14T21:55:13Z,gt2l,-71.43981170654297,-42.67986297607422,130111159.02084827,834.0,14.0,9.0,007,01,19066.0,0.0,1239119.0,1239123.0,1062.0667724609375,53.0587158203125,5.3553466796875,14.459553718566895,6.2862548828125,1.2592980861663818,,,,,,,74.0,20.0,20.0,1.0,0.0,0.0,0.0,0.0,2022,2,Verano,Arbustos,1,1,1,1,2.700021974937886,5–10 m,834_gt2l_1239119,300100.7,5271848.7,BOSQUE_NW_02,conservador,SI,,2022-02-14,NO
BOSQUE_NW_02(3),ATL08_20220214215513_08341409_007_01.h5,2022-02-14T21:55:13Z,gt2r,-71.42547607421875,-42.56061935424805,130111157.49529758,834.0,14.0,9.0,007,01,19066.0,0.0,1238453.0,1238457.0,942.5922241210938,28.58264923095703,17.84686279296875,35.259300231933594,17.84686279296875,3.1155738830566406,,,,,,,31.0,33.0,20.0,1.0,0.0,0.0,0.0,0.0,2022,2,Verano,Arbustos,1,1,1,1,1.975658166981871,10–20 m,834_gt2r_1238453,300895.5,5285124.5,BOSQUE_NW_02,conservador,SI,,2022-02-14,NO
BOSQUE_NW_02(3),ATL08_20220214215513_08341409_007_01.h5,2022-02-14T21:55:13Z,gt2r,-71.42571258544922,-42.562408447265625,130111157.52352391,834.0,14.0,9.0,007,01,19066.0,0.0,1238463.0,1238467.0,981.1123657226562,57.5157470703125,19.54937744140625,60.67885971069336,19.54937744140625,4.993971824645996,,,,,,,32.0,17.0,20.0,1.0,0.0,0.0,0.0,0.0,2022,2,Verano,Arbustos,1,1,1,1,3.103876831503261,10–20 m,834_gt2r_1238463,300881.7,5284925.2,BOSQUE_NW_02,conservador,SI,,2022-02-14,NO
BOSQUE_NW_02(3),ATL08_20220214215513_08341409_007_01.h5,2022-02-14T21:55:13Z,gt2r,-71.42652130126953,-42.56867218017578,130111157.62208718,834.0,14.0,9.0,007,01,19066.0,0.0,1238498.0,1238502.0,1120.682861328125,86.18106079101562,13.520751953125,99.61175537109375,13.520751953125,3.470918655395508,,,,,,,31.0,13.0,20.0,1.0,0.0,0.0,0.0,0.0,2022,2,Verano,Arbustos,1,1,1,1,7.367323630848125,10–20 m,834_gt2r_1238498,300835.3,5284227.8,BOSQUE_NW_02,conservador,SI,,2022-02-14,NO
BOSQUE_NW_02(3),ATL08_20220214215513_08341409_007_01.h5,2022-02-14T21:55:13Z,gt2r,-71.42768859863281,-42.57761764526367,130111157.76302081,834.0,14.0,9.0,007,01,19066.0,0.0,1238548.0,1238552.0,1091.580322265625,38.93437957763672,20.5877685546875,50.212120056152344,20.5877685546875,5.823492527008057,,,,,,,35.0,28.0,20.0,1.0,0.0,0.0,0.0,0.0,2022,2,Verano,Arbustos,1,1,1,1,2.4389296937535203,20–30 m,834_gt2r_1238548,300768.0,5283231.6,BOSQUE_NW_02,conservador,SI,,2022-02-14,NO
BOSQUE_NW_02(3),ATL08_20220214215513_08341409_007_01.h5,2022-02-14T21:55:13Z,gt2r,-71.42826843261719,-42.582088470458984,130111157.83347249,834.0,14.0,9.0,007,01,19066.0,0.0,1238573.0,1238577.0,1128.7462158203125,66.47150421142578,25.242431640625,73.35533142089844,26.5413818359375,6.8009257316589355,,,,,,,52.0,17.0,20.0,1.0,0.0,0.0,0.0,0.0,2022,2,Verano,Arbustos,1,1,1,1,2.906032685965201,20–30 m,834_gt2r_1238573,300734.6,5282733.8,BOSQUE_NW_02,conservador,SI,,2022-02-14,NO
BOSQUE_NW_02(3),ATL08_20220214215513_08341409_007_01.h5,2022-02-14T21:55:13Z,gt2r,-71.43163299560547,-42.608036041259766,130111158.24216686,834.0,14.0,9.0,007,01,19066.0,0.0,1238718.0,1238722.0,1184.4434814453125,84.76324462890625,17.931884765625,88.89678192138672,18.5145263671875,5.006644248962402,,,,,,,47.0,14.0,126.0,1.0,0.0,0.0,0.0,0.0,2022,2,Verano,Bosque abierto desconocido,1,1,1,1,4.957470064262277,10–20 m,834_gt2r_1238718,300541.3,5279844.4,BOSQUE_NW_02,conservador,SI,,2022-02-14,NO
BOSQUE_NW_02(3),ATL08_20220214215513_08341409_007_01.h5,2022-02-14T21:55:13Z,gt2r,-71.43175506591797,-42.60892868041992,130111158.2562981,834.0,14.0,9.0,007,01,19066.0,0.0,1238723.0,1238727.0,1186.3956298828125,53.91072082519531,20.540283203125,67.6515121459961,20.540283203125,5.4219255447387695,,,,,,,40.0,22.0,126.0,1.0,0.0,0.0,0.0,0.0,2022,2,Verano,Bosque abierto desconocido,1,1,1,1,3.293601722867365,20–30 m,834_gt2r_1238723,300534.2,5279745.0,BOSQUE_NW_02,conservador,SI,,2022-02-14,NO
BOSQUE_NW_02(3),ATL08_20220214215513_08341409_007_01.h5,2022-02-14T21:55:13Z,gt2r,-71.43186950683594,-42.609825134277344,130111158.27041127,834.0,14.0,9.0,007,01,19066.0,0.0,1238728.0,1238732.0,1183.1258544921875,56.23923873901367,16.8741455078125,67.29985046386719,18.406005859375,4.489312648773193,,,,,,,48.0,21.0,126.0,1.0,0.0,0.0,0.0,0.0,2022,2,Verano,Bosque abierto desconocido,1,1,1,1,3.988341242684453,10–20 m,834_gt2r_1238728,300527.6,5279645.2,BOSQUE_NW_02,conservador,SI,,2022-02-14,NO
BOSQUE_NW_02(3),ATL08_20220214215513_08341409_007_01.h5,2022-02-14T21:55:13Z,gt2r,-71.43199157714844,-42.6107177734375,130111158.28448164,834.0,14.0,9.0,007,01,19066.0,0.0,1238733.0,1238737.0,1171.68505859375,36.67026901245117,19.2396240234375,47.73189163208008,19.2396240234375,4.773637294769287,,,,,,,38.0,32.0,126.0,1.0,0.0,0.0,0.0,0.0,2022,2,Verano,Bosque abierto desconocido,1,1,1,1,2.480916029020817,10–20 m,834_gt2r_1238733,300520.5,5279545.8,BOSQUE_NW_02,conservador,SI,,2022-02-14,NO
BOSQUE_NW_02(3),ATL08_20220214215513_08341409_007_01.h5,2022-02-14T21:55:13Z,gt2r,-71.43222045898438,-42.61250686645508,130111158.31270923,834.0,14.0,9.0,007,01,19066.0,0.0,1238743.0,1238747.0,1168.172119140625,64.84130859375,14.7880859375,59.1537971496582,14.7880859375,3.3967905044555664,,,,,,,37.0,18.0,126.0,1.0,0.0,0.0,0.0,0.0,2022,2,Verano,Bosque abierto desconocido,1,1,1,1,4.00009828179687,10–20 m,834_gt2r_1238743,300507.4,5279346.5,BOSQUE_NW_02,conservador,SI,,2022-02-14,NO
BOSQUE_NW_02(3),ATL08_20220214215513_08341409_007_01.h5,2022-02-14T21:55:13Z,gt2r,-71.43315124511719,-42.61966323852539,130111158.4254202,834.0,14.0,9.0,007,01,19066.0,0.0,1238783.0,1238787.0,1154.73046875,63.99568176269531,18.432861328125,48.1927490234375,19.1337890625,4.4337849617004395,,,,,,,43.0,18.0,30.0,1.0,0.0,0.0,0.0,0.0,2022,2,Verano,Herbáceas,1,1,1,1,2.6145017946782163,10–20 m,834_gt2r_1238783,300453.9,5278549.6,BOSQUE_NW_02,conservador,SI,,2022-02-14,NO
BOSQUE_NW_02(3),ATL08_20220214215513_08341409_007_01.h5,2022-02-14T21:55:13Z,gt2r,-71.43338775634766,-42.62145233154297,130111158.45366953,834.0,14.0,9.0,007,01,19066.0,0.0,1238793.0,1238797.0,1159.5501708984375,52.6619873046875,15.47216796875,54.86394500732422,15.47216796875,3.9874134063720703,,,,,,,27.0,22.0,126.0,1.0,0.0,0.0,0.0,0.0,2022,2,Verano,Bosque abierto desconocido,1,1,1,1,3.545976563732761,10–20 m,834_gt2r_1238793,300440.3,5278350.4,BOSQUE_NW_02,conservador,SI,,2022-02-14,NO
BOSQUE_NW_02(3),ATL08_20220214215513_08341409_007_01.h5,2022-02-14T21:55:13Z,gt2r,-71.4334945678711,-42.62234878540039,130111158.46771285,834.0,14.0,9.0,007,01,19066.0,0.0,1238798.0,1238802.0,1148.665283203125,44.305397033691406,13.5235595703125,54.42568588256836,13.5235595703125,2.820944309234619,,,,,,,24.0,26.0,126.0,1.0,0.0,0.0,0.0,0.0,2022,2,Verano,Bosque abierto desconocido,1,1,1,1,4.024508902378481,10–20 m,834_gt2r_1238798,300434.4,5278250.6,BOSQUE_NW_02,conservador,SI,,2022-02-14,NO
BOSQUE_NW_02(3),ATL08_20220214215513_08341409_007_01.h5,2022-02-14T21:55:13Z,gt2r,-71.4339599609375,-42.62592697143555,130111158.5241517,834.0,14.0,9.0,007,01,19066.0,0.0,1238818.0,1238822.0,1160.4241943359375,77.63890075683594,15.3798828125,87.02967071533203,15.3798828125,4.039996147155762,,,,,,,31.0,15.0,30.0,1.0,0.0,0.0,0.0,0.0,2022,2,Verano,Herbáceas,1,1,1,1,5.658669300431773,10–20 m,834_gt2r_1238818,300407.6,5277852.1,BOSQUE_NW_02,conservador,SI,,2022-02-14,NO
BOSQUE_NW_02(3),ATL08_20220214215513_08341409_007_01.h5,2022-02-14T21:55:13Z,gt2r,-71.43419647216797,-42.627716064453125,130111158.55226433,834.0,14.0,9.0,007,01,19066.0,0.0,1238828.0,1238832.0,1204.7154541015625,46.30154800415039,17.695556640625,59.112525939941406,17.695556640625,4.889378547668457,,,,,,,28.0,26.0,20.0,1.0,0.0,0.0,0.0,0.0,2022,2,Verano,Arbustos,1,1,1,1,3.340529328375712,10–20 m,834_gt2r_1238828,300394.0,5277652.9,BOSQUE_NW_02,conservador,SI,,2022-02-14,NO
BOSQUE_NW_02(3),ATL08_20220214215513_08341409_007_01.h5,2022-02-14T21:55:13Z,gt2r,-71.4344253540039,-42.6295051574707,130111158.58044367,834.0,14.0,9.0,007,01,19066.0,0.0,1238838.0,1238842.0,1208.0628662109375,67.03128051757812,19.55517578125,68.79496765136719,21.1761474609375,5.918107986450195,,,,,,,68.0,18.0,126.0,1.0,0.0,0.0,0.0,0.0,2022,2,Verano,Bosque abierto desconocido,1,1,1,1,3.5179928025668556,10–20 m,834_gt2r_1238838,300380.9,5277453.7,BOSQUE_NW_02,conservador,SI,,2022-02-14,NO
BOSQUE_NW_02(3),ATL08_20220214215513_08341409_007_01.h5,2022-02-14T21:55:13Z,gt2r,-71.43501281738281,-42.63397979736328,130111158.65095963,834.0,14.0,9.0,007,01,19066.0,0.0,1238863.0,1238867.0,1156.55859375,42.87099075317383,18.098388671875,56.82168197631836,18.098388671875,4.695806980133057,,,,,,,29.0,27.0,116.0,1.0,0.0,0.0,0.0,0.0,2022,2,Verano,Bosque cerrado desconocido,1,1,1,1,3.1395989447734416,10–20 m,834_gt2r_1238863,300347.0,5276955.4,BOSQUE_NW_02,conservador,SI,,2022-02-14,NO
BOSQUE_NW_02(3),ATL08_20220214215513_08341409_007_01.h5,2022-02-14T21:55:13Z,gt2r,-71.43524932861328,-42.63576889038086,130111158.67915076,834.0,14.0,9.0,007,01,19066.0,0.0,1238873.0,1238877.0,1141.138916015625,87.90058898925781,16.2506103515625,108.34320831298828,16.2506103515625,3.588752508163452,,,,,,,37.0,13.0,116.0,1.0,0.0,0.0,0.0,0.0,2022,2,Verano,Bosque cerrado desconocido,1,1,1,1,6.667023943661972,10–20 m,834_gt2r_1238873,300333.4,5276756.2,BOSQUE_NW_02,conservador,SI,,2022-02-14,NO
BOSQUE_NW_02(3),ATL08_20220214215513_08341409_007_01.h5,2022-02-14T21:55:13Z,gt2r,-71.43570709228516,-42.639347076416016,130111158.73556042,834.0,14.0,9.0,007,01,19066.0,0.0,1238893.0,1238897.0,1118.61083984375,79.88021087646484,18.7916259765625,88.54617309570312,18.7916259765625,5.346363544464111,,,,,,,38.0,14.0,20.0,1.0,0.0,0.0,0.0,0.0,2022,2,Verano,Arbustos,1,1,1,1,4.712001675966767,10–20 m,834_gt2r_1238893,300307.3,5276357.7,BOSQUE_NW_02,conservador,SI,,2022-02-14,NO
BOSQUE_NW_02(3),ATL08_20220214215513_08341409_007_01.h5,2022-02-14T21:55:13Z,gt2r,-71.43582153320312,-42.64023971557617,130111158.74969094,834.0,14.0,9.0,007,01,19066.0,0.0,1238898.0,1238902.0,1103.6817626953125,52.65882110595703,15.3797607421875,54.028656005859375,15.3797607421875,3.136693000793457,,,,,,,35.0,21.0,30.0,1.0,0.0,0.0,0.0,0.0,2022,2,Verano,Herbáceas,1,1,1,1,3.512971164606996,10–20 m,834_gt2r_1238898,300300.8,5276258.3,BOSQUE_NW_02,conservador,SI,,2022-02-14,NO
BOSQUE_NW_02(3),ATL08_20220214215513_08341409_007_01.h5,2022-02-14T21:55:13Z,gt2r,-71.43628692626953,-42.643821716308594,130111158.80599497,834.0,14.0,9.0,007,01,19066.0,0.0,1238918.0,1238922.0,1114.054931640625,69.59941101074219,15.9864501953125,88.02397918701172,15.9864501953125,3.7180356979370117,,,,,,,28.0,16.0,20.0,1.0,0.0,0.0,0.0,0.0,2022,2,Verano,Arbustos,1,1,1,1,5.506161662632387,10–20 m,834_gt2r_1238918,300274.1,5275859.4,BOSQUE_NW_02,conservador,SI,,2022-02-14,NO
BOSQUE_NW_02(3),ATL08_20220214215513_08341409_007_01.h5,2022-02-14T21:55:13Z,gt2r,-71.43744659423828,-42.652767181396484,130111158.94691397,834.0,14.0,9.0,007,01,19066.0,0.0,1238968.0,1238972.0,1128.5115966796875,80.58155822753906,8.2847900390625,39.992088317871094,9.219970703125,2.085629463195801,,,,,,,41.0,14.0,20.0,1.0,0.0,0.0,0.0,0.0,2022,2,Verano,Arbustos,1,1,1,1,4.827169805065641,5–10 m,834_gt2r_1238968,300207.6,5274863.3,BOSQUE_NW_02,conservador,SI,,2022-02-14,NO
BOSQUE_NW_02(3),ATL08_20220214215513_08341409_007_01.h5,2022-02-14T21:55:13Z,gt2r,-71.43803405761719,-42.6572380065918,130111159.01743977,834.0,14.0,9.0,007,01,19066.0,0.0,1238993.0,1238997.0,1143.2108154296875,32.653236389160156,13.572265625,33.04421615600586,13.572265625,2.2161078453063965,,,,,,,18.0,35.0,30.0,1.0,0.0,0.0,0.0,0.0,2022,2,Verano,Herbáceas,1,1,1,1,2.434686814199885,10–20 m,834_gt2r_1238993,300173.8,5274365.4,BOSQUE_NW_02,conservador,SI,,2022-02-14,NO
BOSQUE_NW_02(3),ATL08_20220214215513_08341409_007_01.h5,2022-02-14T21:55:13Z,gt2r,-71.43814849853516,-42.65813446044922,130111159.0315373,834.0,14.0,9.0,007,01,19066.0,0.0,1238998.0,1239002.0,1142.6407470703125,24.83790397644043,7.1058349609375,33.05588150024414,7.1058349609375,1.689666509628296,,,,,,,15.0,46.0,20.0,1.0,0.0,0.0,0.0,0.0,2022,2,Verano,Arbustos,1,1,1,1,4.651934879146553,5–10 m,834_gt2r_1238998,300167.3,5274265.6,BOSQUE_NW_02,conservador,SI,,2022-02-14,NO
BOSQUE_NW_02(3),ATL08_20220214215513_08341409_007_01.h5,2022-02-14T21:55:13Z,gt2r,-71.4384994506836,-42.66081619262695,130111159.07379653,834.0,14.0,9.0,007,01,19066.0,0.0,1239013.0,1239017.0,1134.77197265625,63.04218292236328,14.12548828125,73.34587860107422,14.12548828125,3.775838613510132,,,,,,,31.0,18.0,30.0,1.0,0.0,0.0,0.0,0.0,2022,2,Verano,Herbáceas,1,1,1,1,5.192449077914895,10–20 m,834_gt2r_1239013,300147.1,5273967.0,BOSQUE_NW_02,conservador,SI,,2022-02-14,NO
BOSQUE_NW_02(3),ATL08_20220214215513_08341409_007_01.h5,2022-02-14T21:55:13Z,gt2r,-71.43931579589844,-42.66707992553711,130111159.17246595,834.0,14.0,9.0,007,01,19066.0,0.0,1239048.0,1239052.0,1144.5703125,60.2053337097168,17.77880859375,77.61466217041016,17.77880859375,3.9920310974121094,,,,,,,34.0,19.0,116.0,1.0,0.0,0.0,0.0,0.0,2022,2,Verano,Bosque cerrado desconocido,1,1,1,1,4.36557161640713,10–20 m,834_gt2r_1239048,300100.3,5273269.5,BOSQUE_NW_02,conservador,SI,,2022-02-14,NO
BOSQUE_NW_02(3),ATL08_20220214215513_08341409_007_01.h5,2022-02-14T21:55:13Z,gt2r,-71.43954467773438,-42.66886901855469,130111159.20063493,834.0,14.0,9.0,007,01,19066.0,0.0,1239058.0,1239062.0,1146.9461669921875,95.5734634399414,17.8369140625,85.9496841430664,17.8369140625,5.344107151031494,,,,,,,41.0,12.0,20.0,1.0,0.0,0.0,0.0,0.0,2022,2,Verano,Arbustos,1,1,1,1,4.818640928688749,10–20 m,834_gt2r_1239058,300087.3,5273070.2,BOSQUE_NW_02,conservador,SI,,2022-02-14,NO
BOSQUE_NW_02(3),ATL08_20220214215513_08341409_007_01.h5,2022-02-14T21:55:13Z,gt2r,-71.43965911865234,-42.66976547241211,130111159.21474406,834.0,14.0,9.0,007,01,19066.0,0.0,1239063.0,1239067.0,1151.0438232421875,54.804832458496094,17.889892578125,63.02431869506836,17.889892578125,5.330784797668457,,,,,,,30.0,21.0,126.0,1.0,0.0,0.0,0.0,0.0,2022,2,Verano,Bosque abierto desconocido,1,1,1,1,3.5229009017154085,10–20 m,834_gt2r_1239063,300080.8,5272970.4,BOSQUE_NW_02,conservador,SI,,2022-02-14,NO
BOSQUE_NW_02(3),ATL08_20220214215513_08341409_007_01.h5,2022-02-14T21:55:13Z,gt2r,-71.43977355957031,-42.670658111572266,130111159.22883385,834.0,14.0,9.0,007,01,19066.0,0.0,1239068.0,1239072.0,1156.6534423828125,50.28855895996094,16.0426025390625,63.308738708496094,16.0426025390625,4.12956428527832,,,,,,,27.0,23.0,116.0,1.0,0.0,0.0,0.0,0.0,2022,2,Verano,Bosque cerrado desconocido,1,1,1,1,3.9462885497751503,10–20 m,834_gt2r_1239068,300074.3,5272871.0,BOSQUE_NW_02,conservador,SI,,2022-02-14,NO
BOSQUE_NW_02(3),ATL08_20220214215513_08341409_007_01.h5,2022-02-14T21:55:13Z,gt2r,-71.43989562988281,-42.67155456542969,130111159.24289493,834.0,14.0,9.0,007,01,19066.0,0.0,1239073.0,1239077.0,1164.4326171875,145.3429412841797,7.34130859375,96.97196197509766,7.34130859375,1.394482135772705,,,,,,,36.0,8.0,116.0,1.0,0.0,0.0,0.0,0.0,2022,2,Verano,Bosque cerrado desconocido,1,1,1,1,13.209084012304622,5–10 m,834_gt2r_1239073,300067.1,5272771.2,BOSQUE_NW_02,conservador,SI,,2022-02-14,NO
BOSQUE_NW_02(3),ATL08_20220214215513_08341409_007_01.h5,2022-02-14T21:55:13Z,gt2r,-71.44001007080078,-42.672447204589844,130111159.25703703,834.0,14.0,9.0,007,01,19066.0,0.0,1239078.0,1239082.0,1161.2547607421875,129.14004516601562,18.28662109375,103.3567886352539,18.28662109375,5.795567512512207,,,,,,,41.0,9.0,126.0,1.0,0.0,0.0,0.0,0.0,2022,2,Verano,Bosque abierto desconocido,1,1,1,1,5.652044087607807,10–20 m,834_gt2r_1239078,300060.6,5272671.8,BOSQUE_NW_02,conservador,SI,,2022-02-14,NO
BOSQUE_NW_02(3),ATL08_20220214215513_08341409_007_01.h5,2022-02-14T21:55:13Z,gt2r,-71.44117736816406,-42.681392669677734,130111159.39799708,834.0,14.0,9.0,007,01,19066.0,0.0,1239128.0,1239132.0,1022.7080688476562,102.15528869628906,14.227783203125,65.99951934814453,14.227783203125,3.6234028339385986,,,,,,,36.0,10.0,30.0,1.0,0.0,0.0,0.0,0.0,2022,2,Verano,Herbáceas,1,1,1,1,4.638777412186626,10–20 m,834_gt2r_1239128,299993.7,5271675.6,BOSQUE_NW_02,conservador,SI,,2022-02-14,NO
BOSQUE_NW_02(3),ATL08_20220214215513_08341409_007_01.h5,2022-02-14T21:55:13Z,gt2r,-71.44187927246094,-42.68675994873047,130111159.48256874,834.0,14.0,9.0,007,01,19066.0,0.0,1239158.0,1239162.0,1000.123779296875,23.273618698120117,13.007568359375,29.02925682067871,13.007568359375,3.47914457321167,,,,,,,24.0,43.0,30.0,1.0,0.0,0.0,0.0,0.0,2022,2,Verano,Herbáceas,1,1,1,1,2.2317204890763715,10–20 m,834_gt2r_1239158,299953.4,5271077.9,BOSQUE_NW_02,conservador,SI,,2022-02-14,NO
BOSQUE_NW_02(3),ATL08_20220214215513_08341409_007_01.h5,2022-02-14T21:55:13Z,gt2r,-71.44210815429688,-42.68854904174805,130111159.51079004,834.0,14.0,9.0,007,01,19066.0,0.0,1239168.0,1239172.0,987.31884765625,14.95936393737793,13.21112060546875,20.361713409423828,13.21112060546875,4.480747222900391,,,,,,,9.0,66.0,20.0,1.0,0.0,0.0,0.0,0.0,2022,2,Verano,Arbustos,1,1,1,1,1.5412555844047844,10–20 m,834_gt2r_1239168,299940.4,5270878.7,BOSQUE_NW_02,conservador,SI,,2022-02-14,NO
BOSQUE_NW_02(3),ATL08_20220214215513_08341409_007_01.h5,2022-02-14T21:55:13Z,gt2r,-71.44223022460938,-42.68944549560547,130111159.52488406,834.0,14.0,9.0,007,01,19066.0,0.0,1239173.0,1239177.0,986.0545654296875,17.60789680480957,11.70465087890625,24.610244750976562,11.70465087890625,3.423506736755371,,,,,,,10.0,56.0,20.0,1.0,0.0,0.0,0.0,0.0,2022,2,Verano,Arbustos,1,1,1,1,2.1026039140841326,10–20 m,834_gt2r_1239173,299933.3,5270778.9,BOSQUE_NW_02,conservador,SI,,2022-02-14,NO
BOSQUE_NW_02(3),ATL08_20220214215513_08341409_007_01.h5,2022-02-14T21:55:13Z,gt3l,-71.46495819091797,-42.563228607177734,130111157.21152073,834.0,14.0,9.0,007,01,19066.0,0.0,1238483.0,1238487.0,897.8184204101562,14.026976585388184,6.1478271484375,11.46310806274414,9.81439208984375,1.688204288482666,,,,,,,83.0,64.0,126.0,1.0,0.0,0.0,0.0,0.0,2022,2,Verano,Bosque abierto desconocido,1,1,1,1,1.8645787830351648,5–10 m,834_gt3l_1238483,297662.7,5284741.1,BOSQUE_NW_02,conservador,SI,,2022-02-14,NO
BOSQUE_NW_02(3),ATL08_20220214215513_08341409_007_01.h5,2022-02-14T21:55:13Z,gt3l,-71.46612548828125,-42.572174072265625,130111157.35248987,834.0,14.0,9.0,007,01,19066.0,0.0,1238533.0,1238537.0,900.4006958007812,13.83757209777832,4.9334716796875,11.804487228393555,7.94329833984375,1.2114102840423584,,,,,,,108.0,65.0,20.0,1.0,0.0,0.0,0.0,0.0,2022,2,Verano,Arbustos,1,1,1,1,2.392734365334653,2–5 m,834_gt3l_1238533,297595.8,5283744.9,BOSQUE_NW_02,conservador,SI,,2022-02-14,NO
BOSQUE_NW_02(3),ATL08_20220214215513_08341409_007_01.h5,2022-02-14T21:55:13Z,gt3l,-71.46623992919922,-42.57307052612305,130111157.36654338,834.0,14.0,9.0,007,01,19066.0,0.0,1238538.0,1238542.0,898.7692260742188,13.206180572509766,5.49725341796875,10.022472381591797,7.19708251953125,1.230281114578247,,,,,,,69.0,68.0,116.0,1.0,0.0,0.0,0.0,0.0,2022,2,Verano,Bosque cerrado desconocido,1,1,1,1,1.8231781618128726,5–10 m,834_gt3l_1238538,297589.3,5283645.1,BOSQUE_NW_02,conservador,SI,,2022-02-14,NO
BOSQUE_NW_02(3),ATL08_20220214215513_08341409_007_01.h5,2022-02-14T21:55:13Z,gt3l,-71.4669418334961,-42.57843780517578,130111157.45127755,834.0,14.0,9.0,007,01,19066.0,0.0,1238568.0,1238572.0,916.3403930664062,25.432899475097656,9.83428955078125,17.11317253112793,11.7318115234375,2.564133644104004,,,,,,,116.0,36.0,112.0,1.0,0.0,0.0,0.0,0.0,2022,2,Verano,Bosque cerrado perennifolio latifolio,1,1,1,1,1.7401534134988363,5–10 m,834_gt3l_1238568,297549.1,5283047.4,BOSQUE_NW_02,conservador,SI,,2022-02-14,NO
BOSQUE_NW_02(3),ATL08_20220214215513_08341409_007_01.h5,2022-02-14T21:55:13Z,gt3l,-71.46705627441406,-42.57933044433594,130111157.4652747,834.0,14.0,9.0,007,01,19066.0,0.0,1238573.0,1238577.0,917.313720703125,57.37095260620117,10.0889892578125,13.71408462524414,10.37322998046875,2.292022228240967,,,,,,,109.0,16.0,112.0,1.0,0.0,0.0,0.0,0.0,2022,2,Verano,Bosque cerrado perennifolio latifolio,1,1,1,1,1.359312045517792,10–20 m,834_gt3l_1238573,297542.6,5282948.0,BOSQUE_NW_02,conservador,SI,,2022-02-14,NO
BOSQUE_NW_02(3),ATL08_20220214215513_08341409_007_01.h5,2022-02-14T21:55:13Z,gt3l,-71.46729278564453,-42.581119537353516,130111157.49355067,834.0,14.0,9.0,007,01,19066.0,0.0,1238583.0,1238587.0,923.9148559570312,46.304298400878906,8.443115234375,13.81221866607666,9.08856201171875,2.0012948513031006,,,,,,,125.0,20.0,126.0,1.0,0.0,0.0,0.0,0.0,2022,2,Verano,Bosque abierto desconocido,1,1,1,1,1.6359149771925512,5–10 m,834_gt3l_1238583,297529.0,5282748.8,BOSQUE_NW_02,conservador,SI,,2022-02-14,NO
BOSQUE_NW_02(3),ATL08_20220214215513_08341409_007_01.h5,2022-02-14T21:55:13Z,gt3l,-71.4698486328125,-42.60080337524414,130111157.80371031,834.0,14.0,9.0,007,01,19066.0,0.0,1238693.0,1238697.0,1090.1436767578125,17.29532814025879,5.0831298828125,16.24542236328125,7.185302734375,0.9616998434066772,,,,,,,96.0,63.0,116.0,1.0,0.0,0.0,0.0,0.0,2022,2,Verano,Bosque cerrado desconocido,1,1,1,1,3.1959487044019115,5–10 m,834_gt3l_1238693,297383.0,5280556.8,BOSQUE_NW_02,conservador,SI,,2022-02-14,NO
BOSQUE_NW_02(3),ATL08_20220214215513_08341409_007_01.h5,2022-02-14T21:55:13Z,gt3l,-71.4704360961914,-42.60527801513672,130111157.87413542,834.0,14.0,9.0,007,01,19066.0,0.0,1238718.0,1238722.0,1060.177978515625,15.112252235412598,5.3736572265625,12.714807510375977,8.2490234375,1.354361891746521,,,,,,,108.0,70.0,116.0,1.0,0.0,0.0,0.0,0.0,2022,2,Verano,Bosque cerrado desconocido,1,1,1,1,2.366136687603644,5–10 m,834_gt3l_1238718,297349.3,5280058.5,BOSQUE_NW_02,conservador,SI,,2022-02-14,NO
BOSQUE_NW_02(3),ATL08_20220214215513_08341409_007_01.h5,2022-02-14T21:55:13Z,gt3l,-71.47066497802734,-42.6070671081543,130111157.90228799,834.0,14.0,9.0,007,01,19066.0,0.0,1238728.0,1238732.0,1081.222412109375,26.3214054107666,4.9228515625,12.04545783996582,5.5589599609375,1.106993317604065,,,,,,,77.0,41.0,126.0,1.0,0.0,0.0,0.0,0.0,2022,2,Verano,Bosque abierto desconocido,1,1,1,1,2.4468456314471334,2–5 m,834_gt3l_1238728,297336.4,5279859.2,BOSQUE_NW_02,conservador,SI,,2022-02-14,NO
BOSQUE_NW_02(3),ATL08_20220214215513_08341409_007_01.h5,2022-02-14T21:55:13Z,gt3l,-71.47101593017578,-42.60974884033203,130111157.94467261,834.0,14.0,9.0,007,01,19066.0,0.0,1238743.0,1238747.0,1109.8909912109375,18.484220504760742,3.024658203125,22.44287109375,4.703857421875,0.6443566083908081,,,,,,,114.0,60.0,40.0,1.0,0.0,0.0,0.0,0.0,2022,2,Verano,Cultivos/manejo,1,1,1,1,7.419969327629349,2–5 m,834_gt3l_1238743,297316.3,5279560.6,BOSQUE_NW_02,conservador,SI,,2022-02-14,NO
BOSQUE_NW_02(3),ATL08_20220214215513_08341409_007_01.h5,2022-02-14T21:55:13Z,gt3l,-71.47124481201172,-42.61153793334961,130111157.97278969,834.0,14.0,9.0,007,01,19066.0,0.0,1238753.0,1238757.0,1100.25927734375,35.4632682800293,4.3946533203125,14.159049987792969,5.90771484375,1.0525668859481812,,,,,,,95.0,31.0,114.0,1.0,0.0,0.0,0.0,0.0,2022,2,Verano,Bosque cerrado caducifolio latifolio,1,1,1,1,3.2218809894169604,2–5 m,834_gt3l_1238753,297303.3,5279361.4,BOSQUE_NW_02,conservador,SI,,2022-02-14,NO
BOSQUE_NW_02(3),ATL08_20220214215513_08341409_007_01.h5,2022-02-14T21:55:13Z,gt3l,-71.47136688232422,-42.61243438720703,130111157.98685847,834.0,14.0,9.0,007,01,19066.0,0.0,1238758.0,1238762.0,1092.192138671875,26.655635833740234,4.5384521484375,12.279989242553711,5.0362548828125,1.122458577156067,,,,,,,77.0,41.0,114.0,1.0,0.0,0.0,0.0,0.0,2022,2,Verano,Bosque cerrado caducifolio latifolio,1,1,1,1,2.7057659397778315,2–5 m,834_gt3l_1238758,297296.2,5279261.5,BOSQUE_NW_02,conservador,SI,,2022-02-14,NO
BOSQUE_NW_02(3),ATL08_20220214215513_08341409_007_01.h5,2022-02-14T21:55:13Z,gt3l,-71.4719467163086,-42.616905212402344,130111158.05739768,834.0,14.0,9.0,007,01,19066.0,0.0,1238783.0,1238787.0,1107.0089111328125,17.577102661132812,3.86376953125,15.074681282043457,5.03125,0.8675515055656433,,,,,,,102.0,63.0,116.0,1.0,0.0,0.0,0.0,0.0,2022,2,Verano,Bosque cerrado desconocido,1,1,1,1,3.9015477398742577,2–5 m,834_gt3l_1238783,297263.2,5278763.6,BOSQUE_NW_02,conservador,SI,,2022-02-14,NO
BOSQUE_NW_02(3),ATL08_20220214215513_08341409_007_01.h5,2022-02-14T21:55:13Z,gt3l,-71.472412109375,-42.620487213134766,130111158.1136854,834.0,14.0,9.0,007,01,19066.0,0.0,1238803.0,1238807.0,1083.7227783203125,54.1817741394043,6.4488525390625,22.261171340942383,7.9215087890625,1.7876778841018677,,,,,,,85.0,20.0,112.0,1.0,0.0,0.0,0.0,0.0,2022,2,Verano,Bosque cerrado perennifolio latifolio,1,1,1,1,3.4519585005394764,5–10 m,834_gt3l_1238803,297236.6,5278364.7,BOSQUE_NW_02,conservador,SI,,2022-02-14,NO
BOSQUE_NW_02(3),ATL08_20220214215513_08341409_007_01.h5,2022-02-14T21:55:13Z,gt3l,-71.4725341796875,-42.62137985229492,130111158.12776004,834.0,14.0,9.0,007,01,19066.0,0.0,1238808.0,1238812.0,1084.756103515625,8.966591835021973,6.85205078125,9.73464584350586,8.124755859375,2.067645788192749,,,,,,,72.0,121.0,112.0,1.0,0.0,0.0,0.0,0.0,2022,2,Verano,Bosque cerrado perennifolio latifolio,1,1,1,1,1.4206908492482007,5–10 m,834_gt3l_1238808,297229.5,5278265.3,BOSQUE_NW_02,conservador,SI,,2022-02-14,NO
BOSQUE_NW_02(3),ATL08_20220214215513_08341409_007_01.h5,2022-02-14T21:55:13Z,gt3l,-71.47311401367188,-42.6258544921875,130111158.19831981,834.0,14.0,9.0,007,01,19066.0,0.0,1238833.0,1238837.0,1107.025390625,79.17899322509766,8.603515625,12.763306617736816,9.8992919921875,1.969093680381775,,,,,,,63.0,14.0,114.0,1.0,0.0,0.0,0.0,0.0,2022,2,Verano,Bosque cerrado caducifolio latifolio,1,1,1,1,1.483498975773269,5–10 m,834_gt3l_1238833,297196.5,5277767.0,BOSQUE_NW_02,conservador,SI,,2022-02-14,NO
BOSQUE_NW_02(3),ATL08_20220214215513_08341409_007_01.h5,2022-02-14T21:55:13Z,gt3l,-71.47322845458984,-42.626747131347656,130111158.21227609,834.0,14.0,9.0,007,01,19066.0,0.0,1238838.0,1238842.0,1120.1226806640625,36.07040023803711,6.0040283203125,13.904779434204102,7.105224609375,1.3187395334243774,,,,,,,88.0,31.0,116.0,1.0,0.0,0.0,0.0,0.0,2022,2,Verano,Bosque cerrado desconocido,1,1,1,1,2.3159083689132864,5–10 m,834_gt3l_1238838,297190.0,5277667.6,BOSQUE_NW_02,conservador,SI,,2022-02-14,NO
BOSQUE_NW_02(3),ATL08_20220214215513_08341409_007_01.h5,2022-02-14T21:55:13Z,gt3l,-71.47686004638672,-42.65447998046875,130111158.64933218,834.0,14.0,9.0,007,01,19066.0,0.0,1238993.0,1238997.0,1173.7825927734375,78.31491088867188,18.0303955078125,26.95975685119629,18.4859619140625,5.23624849319458,,,,,,,132.0,15.0,112.0,1.0,0.0,0.0,0.0,0.0,2022,2,Verano,Bosque cerrado perennifolio latifolio,1,1,1,1,1.4952393495480858,10–20 m,834_gt3l_1238993,296982.4,5274579.2,BOSQUE_NW_02,conservador,SI,,2022-02-14,NO
BOSQUE_NW_02(3),ATL08_20220214215513_08341409_007_01.h5,2022-02-14T21:55:13Z,gt3l,-71.47850036621094,-42.66700744628906,130111158.84672393,834.0,14.0,9.0,007,01,19066.0,0.0,1239063.0,1239067.0,1082.1439208984375,29.24941635131836,4.5975341796875,11.699453353881836,5.152587890625,1.037651538848877,,,,,,,82.0,37.0,116.0,1.0,0.0,0.0,0.0,0.0,2022,2,Verano,Bosque cerrado desconocido,1,1,1,1,2.5447235184398482,2–5 m,834_gt3l_1239063,296888.8,5273184.0,BOSQUE_NW_02,conservador,SI,,2022-02-14,NO
BOSQUE_NW_02(3),ATL08_20220214215513_08341409_007_01.h5,2022-02-14T21:55:13Z,gt3l,-71.47860717773438,-42.66790008544922,130111158.8607069,834.0,14.0,9.0,007,01,19066.0,0.0,1239068.0,1239072.0,1080.962890625,19.653331756591797,5.3623046875,11.687434196472168,6.4727783203125,1.2592703104019165,,,,,,,82.0,55.0,116.0,1.0,0.0,0.0,0.0,0.0,2022,2,Verano,Bosque cerrado desconocido,1,1,1,1,2.1795542919663995,5–10 m,834_gt3l_1239068,296882.9,5273084.7,BOSQUE_NW_02,conservador,SI,,2022-02-14,NO
BOSQUE_NW_02(3),ATL08_20220214215513_08341409_007_01.h5,2022-02-14T21:55:13Z,gt3l,-71.47967529296875,-42.67595291137695,130111158.98754269,834.0,14.0,9.0,007,01,19066.0,0.0,1239113.0,1239117.0,1058.270263671875,18.564414978027344,5.5078125,11.355149269104004,6.5806884765625,1.2153931856155396,,,,,,,70.0,57.0,20.0,1.0,0.0,0.0,0.0,0.0,2022,2,Verano,Arbustos,1,1,1,1,2.0616441226174644,5–10 m,834_gt3l_1239113,296821.6,5272187.8,BOSQUE_NW_02,conservador,SI,,2022-02-14,NO
BOSQUE_NW_02(3),ATL08_20220214215513_08341409_007_01.h5,2022-02-14T21:55:13Z,gt3l,-71.48095703125,-42.685791015625,130111159.14258033,834.0,14.0,9.0,007,01,19066.0,0.0,1239168.0,1239172.0,1058.89013671875,20.761877059936523,4.743896484375,13.390382766723633,5.4437255859375,1.143815517425537,,,,,,,72.0,51.0,126.0,1.0,0.0,0.0,0.0,0.0,2022,2,Verano,Bosque abierto desconocido,1,1,1,1,2.822654923189748,2–5 m,834_gt3l_1239168,296748.7,5271092.2,BOSQUE_NW_02,conservador,SI,,2022-02-14,NO
BOSQUE_NW_02(3),ATL08_20220214215513_08341409_007_01.h5,2022-02-14T21:55:13Z,gt3l,-71.48118591308594,-42.68758010864258,130111159.17076707,834.0,14.0,9.0,007,01,19066.0,0.0,1239178.0,1239182.0,1066.5274658203125,22.700115203857422,5.6209716796875,12.187713623046875,6.7177734375,1.4212639331817627,,,,,,,76.0,47.0,116.0,1.0,0.0,0.0,0.0,0.0,2022,2,Verano,Bosque cerrado desconocido,1,1,1,1,2.1682574326231894,5–10 m,834_gt3l_1239178,296735.8,5270893.0,BOSQUE_NW_02,conservador,SI,,2022-02-14,NO
BOSQUE_NW_02(3),ATL08_20220214215513_08341409_007_01.h5,2022-02-14T21:55:13Z,gt3l,-71.4814224243164,-42.689369201660156,130111159.1989452,834.0,14.0,9.0,007,01,19066.0,0.0,1239188.0,1239192.0,1071.473876953125,48.70193099975586,6.60546875,14.739748001098633,6.8172607421875,1.645869493484497,,,,,,,79.0,22.0,116.0,1.0,0.0,0.0,0.0,0.0,2022,2,Verano,Bosque cerrado desconocido,1,1,1,1,2.2314461787588704,5–10 m,834_gt3l_1239188,296722.2,5270693.7,BOSQUE_NW_02,conservador,SI,,2022-02-14,NO
BOSQUE_NW_02(3),ATL08_20220214215513_08341409_007_01.h5,2022-02-14T21:55:13Z,gt3r,-71.46566009521484,-42.55992889404297,130111157.51240453,834.0,14.0,9.0,007,01,19066.0,0.0,1238465.0,1238469.0,839.0977783203125,55.92637252807617,16.48138427734375,70.47530364990234,16.48138427734375,4.475883960723877,,,,,,,22.0,15.0,20.0,1.0,0.0,0.0,0.0,0.0,2022,2,Verano,Arbustos,1,1,1,1,4.276054878884276,10–20 m,834_gt3r_1238465,297594.4,5285105.9,BOSQUE_NW_02,conservador,SI,,2022-02-14,NO
BOSQUE_NW_02(3),ATL08_20220214215513_08341409_007_01.h5,2022-02-14T21:55:13Z,gt3r,-71.46635437011719,-42.5652961730957,130111157.59693739,834.0,14.0,9.0,007,01,19066.0,0.0,1238495.0,1238499.0,908.5452270507812,69.86531066894531,16.4866943359375,71.78617095947266,16.4866943359375,3.176730155944824,,,,,,,41.0,13.0,20.0,1.0,0.0,0.0,0.0,0.0,2022,2,Verano,Arbustos,1,1,1,1,4.354188262166905,10–20 m,834_gt3r_1238495,297554.8,5284508.2,BOSQUE_NW_02,conservador,SI,,2022-02-14,NO
BOSQUE_NW_02(3),ATL08_20220214215513_08341409_007_01.h5,2022-02-14T21:55:13Z,gt3r,-71.4668197631836,-42.56887435913086,130111157.65330885,834.0,14.0,9.0,007,01,19066.0,0.0,1238515.0,1238519.0,907.680419921875,75.6741714477539,19.77069091796875,72.02859497070312,20.22509765625,5.384117126464844,,,,,,,49.0,12.0,126.0,1.0,0.0,0.0,0.0,0.0,2022,2,Verano,Bosque abierto desconocido,1,1,1,1,3.6432006989315364,10–20 m,834_gt3r_1238515,297528.1,5284109.7,BOSQUE_NW_02,conservador,SI,,2022-02-14,NO
BOSQUE_NW_02(3),ATL08_20220214215513_08341409_007_01.h5,2022-02-14T21:55:13Z,gt3r,-71.46705627441406,-42.57066345214844,130111157.68153873,834.0,14.0,9.0,007,01,19066.0,0.0,1238525.0,1238529.0,899.81689453125,59.96632385253906,14.296142578125,80.15350341796875,14.296142578125,2.804628849029541,,,,,,,31.0,15.0,20.0,1.0,0.0,0.0,0.0,0.0,2022,2,Verano,Arbustos,1,1,1,1,5.606652492443261,10–20 m,834_gt3r_1238525,297514.5,5283910.5,BOSQUE_NW_02,conservador,SI,,2022-02-14,NO
BOSQUE_NW_02(3),ATL08_20220214215513_08341409_007_01.h5,2022-02-14T21:55:13Z,gt3r,-71.4674072265625,-42.57334899902344,130111157.72372147,834.0,14.0,9.0,007,01,19066.0,0.0,1238540.0,1238544.0,894.7131958007812,63.947635650634766,12.14080810546875,43.849586486816406,12.14080810546875,2.9498395919799805,,,,,,,32.0,14.0,126.0,1.0,0.0,0.0,0.0,0.0,2022,2,Verano,Bosque abierto desconocido,1,1,1,1,3.6117518789432674,10–20 m,834_gt3r_1238540,297494.4,5283611.4,BOSQUE_NW_02,conservador,SI,,2022-02-14,NO
BOSQUE_NW_02(3),ATL08_20220214215513_08341409_007_01.h5,2022-02-14T21:55:13Z,gt3r,-71.46752166748047,-42.574241638183594,130111157.73792103,834.0,14.0,9.0,007,01,19066.0,0.0,1238545.0,1238549.0,897.89013671875,27.197751998901367,13.61236572265625,34.54317092895508,13.61236572265625,3.3606390953063965,,,,,,,33.0,33.0,126.0,1.0,0.0,0.0,0.0,0.0,2022,2,Verano,Bosque abierto desconocido,1,1,1,1,2.5376317116915144,10–20 m,834_gt3r_1238545,297487.9,5283512.0,BOSQUE_NW_02,conservador,SI,,2022-02-14,NO
BOSQUE_NW_02(3),ATL08_20220214215513_08341409_007_01.h5,2022-02-14T21:55:13Z,gt3r,-71.4678726196289,-42.576927185058594,130111157.78022563,834.0,14.0,9.0,007,01,19066.0,0.0,1238560.0,1238564.0,909.8576049804688,56.872779846191406,13.4747314453125,51.72087097167969,13.4747314453125,3.349398136138916,,,,,,,32.0,16.0,126.0,1.0,0.0,0.0,0.0,0.0,2022,2,Verano,Bosque abierto desconocido,1,1,1,1,3.838360057978892,10–20 m,834_gt3r_1238560,297467.8,5283212.9,BOSQUE_NW_02,conservador,SI,,2022-02-14,NO
BOSQUE_NW_02(3),ATL08_20220214215513_08341409_007_01.h5,2022-02-14T21:55:13Z,gt3r,-71.46868133544922,-42.583187103271484,130111157.87877563,834.0,14.0,9.0,007,01,19066.0,0.0,1238595.0,1238599.0,1007.2352294921875,52.97351837158203,29.376953125,62.54029846191406,29.376953125,7.501121997833252,,,,,,,33.0,19.0,20.0,1.0,0.0,0.0,0.0,0.0,2022,2,Verano,Arbustos,1,1,1,1,2.128889888471511,20–30 m,834_gt3r_1238595,297421.7,5282515.8,BOSQUE_NW_02,conservador,SI,,2022-02-14,NO
BOSQUE_NW_02(3),ATL08_20220214215513_08341409_007_01.h5,2022-02-14T21:55:13Z,gt3r,-71.46891021728516,-42.58498001098633,130111157.90698965,834.0,14.0,9.0,007,01,19066.0,0.0,1238605.0,1238609.0,1047.9456787109375,52.42097091674805,20.1617431640625,62.345458984375,20.1617431640625,5.6814284324646,,,,,,,40.0,20.0,20.0,1.0,0.0,0.0,0.0,0.0,2022,2,Verano,Arbustos,1,1,1,1,3.0922653104471287,20–30 m,834_gt3r_1238605,297408.7,5282316.2,BOSQUE_NW_02,conservador,SI,,2022-02-14,NO
BOSQUE_NW_02(3),ATL08_20220214215513_08341409_007_01.h5,2022-02-14T21:55:13Z,gt3r,-71.46913146972656,-42.586769104003906,130111157.93517396,834.0,14.0,9.0,007,01,19066.0,0.0,1238615.0,1238619.0,1121.3621826171875,74.8180160522461,22.0809326171875,94.22371673583984,22.0809326171875,5.369693756103516,,,,,,,35.0,15.0,20.0,1.0,0.0,0.0,0.0,0.0,2022,2,Verano,Arbustos,1,1,1,1,4.267198237020903,20–30 m,834_gt3r_1238615,297396.4,5282117.0,BOSQUE_NW_02,conservador,SI,,2022-02-14,NO
BOSQUE_NW_02(3),ATL08_20220214215513_08341409_007_01.h5,2022-02-14T21:55:13Z,gt3r,-71.46984100341797,-42.59213638305664,130111158.01973324,834.0,14.0,9.0,007,01,19066.0,0.0,1238645.0,1238649.0,1094.8526611328125,68.46014404296875,20.47802734375,78.09053802490234,20.47802734375,6.298818588256836,,,,,,,33.0,16.0,112.0,1.0,0.0,0.0,0.0,0.0,2022,2,Verano,Bosque cerrado perennifolio latifolio,1,1,1,1,3.813381861155488,20–30 m,834_gt3r_1238645,297355.5,5281519.2,BOSQUE_NW_02,conservador,SI,,2022-02-14,NO
BOSQUE_NW_02(3),ATL08_20220214215513_08341409_007_01.h5,2022-02-14T21:55:13Z,gt3r,-71.4700698852539,-42.59392547607422,130111158.04791313,834.0,14.0,9.0,007,01,19066.0,0.0,1238655.0,1238659.0,1109.3287353515625,158.1165771484375,22.01904296875,131.6492156982422,22.01904296875,4.750328063964844,,,,,,,43.0,7.0,116.0,1.0,0.0,0.0,0.0,0.0,2022,2,Verano,Bosque cerrado desconocido,1,1,1,1,5.978880003326311,20–30 m,834_gt3r_1238655,297342.6,5281320.0,BOSQUE_NW_02,conservador,SI,,2022-02-14,NO
BOSQUE_NW_02(3),ATL08_20220214215513_08341409_007_01.h5,2022-02-14T21:55:13Z,gt3r,-71.47148132324219,-42.60466003417969,130111158.21704955,834.0,14.0,9.0,007,01,19066.0,0.0,1238715.0,1238719.0,1049.269287109375,87.46548461914062,7.86279296875,51.307861328125,7.86279296875,1.8510546684265137,,,,,,,17.0,12.0,126.0,1.0,0.0,0.0,0.0,0.0,2022,2,Verano,Bosque abierto desconocido,1,1,1,1,6.525398993976277,5–10 m,834_gt3r_1238715,297261.6,5280124.6,BOSQUE_NW_02,conservador,SI,,2022-02-14,NO
BOSQUE_NW_02(3),ATL08_20220214215513_08341409_007_01.h5,2022-02-14T21:55:13Z,gt3r,-71.4717025756836,-42.606449127197266,130111158.24526857,834.0,14.0,9.0,007,01,19066.0,0.0,1238725.0,1238729.0,1076.4774169921875,178.4488525390625,11.6842041015625,66.18807983398438,11.6842041015625,2.198401927947998,,,,,,,25.0,6.0,116.0,1.0,0.0,0.0,0.0,0.0,2022,2,Verano,Bosque cerrado desconocido,1,1,1,1,5.664748686231286,10–20 m,834_gt3r_1238725,297249.2,5279925.4,BOSQUE_NW_02,conservador,SI,,2022-02-14,NO
BOSQUE_NW_02(3),ATL08_20220214215513_08341409_007_01.h5,2022-02-14T21:55:13Z,gt3r,-71.47193908691406,-42.608238220214844,130111158.27340806,834.0,14.0,9.0,007,01,19066.0,0.0,1238735.0,1238739.0,1085.807373046875,47.220481872558594,10.2691650390625,59.342708587646484,10.2691650390625,2.879148244857788,,,,,,,24.0,23.0,126.0,1.0,0.0,0.0,0.0,0.0,2022,2,Verano,Bosque abierto desconocido,1,1,1,1,5.778727711738484,10–20 m,834_gt3r_1238735,297235.6,5279726.1,BOSQUE_NW_02,conservador,SI,,2022-02-14,NO
BOSQUE_NW_02(3),ATL08_20220214215513_08341409_007_01.h5,2022-02-14T21:55:13Z,gt3r,-71.47264099121094,-42.61360549926758,130111158.3580106,834.0,14.0,9.0,007,01,19066.0,0.0,1238765.0,1238769.0,1088.893310546875,155.0218048095703,9.226806640625,49.73374938964844,10.981201171875,2.40289044380188,,,,,,,28.0,7.0,114.0,1.0,0.0,0.0,0.0,0.0,2022,2,Verano,Bosque cerrado caducifolio latifolio,1,1,1,1,5.390136731669886,5–10 m,834_gt3r_1238765,297195.5,5279128.4,BOSQUE_NW_02,conservador,SI,,2022-02-14,NO
BOSQUE_NW_02(3),ATL08_20220214215513_08341409_007_01.h5,2022-02-14T21:55:13Z,gt3r,-71.47276306152344,-42.614501953125,130111158.37208371,834.0,14.0,9.0,007,01,19066.0,0.0,1238770.0,1238774.0,1082.7882080078125,67.67149353027344,12.6214599609375,90.60077667236328,12.6214599609375,2.35005784034729,,,,,,,28.0,16.0,116.0,1.0,0.0,0.0,0.0,0.0,2022,2,Verano,Bosque cerrado desconocido,1,1,1,1,7.178311934813095,10–20 m,834_gt3r_1238770,297188.4,5279028.6,BOSQUE_NW_02,conservador,SI,,2022-02-14,NO
BOSQUE_NW_02(3),ATL08_20220214215513_08341409_007_01.h5,2022-02-14T21:55:13Z,gt3r,-71.47357940673828,-42.620765686035156,130111158.47075033,834.0,14.0,9.0,007,01,19066.0,0.0,1238805.0,1238809.0,1083.0684814453125,154.9180908203125,18.415283203125,96.37849426269531,18.447265625,4.732699871063232,,,,,,,46.0,7.0,116.0,1.0,0.0,0.0,0.0,0.0,2022,2,Verano,Bosque cerrado desconocido,1,1,1,1,5.233614558061223,10–20 m,834_gt3r_1238805,297141.8,5278331.0,BOSQUE_NW_02,conservador,SI,,2022-02-14,NO
BOSQUE_NW_02(3),ATL08_20220214215513_08341409_007_01.h5,2022-02-14T21:55:13Z,gt3r,-71.47393035888672,-42.62344741821289,130111158.51300679,834.0,14.0,9.0,007,01,19066.0,0.0,1238820.0,1238824.0,1095.6153564453125,68.4551010131836,15.0450439453125,67.5895004272461,15.0450439453125,2.6736395359039307,,,,,,,34.0,16.0,116.0,1.0,0.0,0.0,0.0,0.0,2022,2,Verano,Bosque cerrado desconocido,1,1,1,1,4.492476105282801,10–20 m,834_gt3r_1238820,297121.7,5278032.4,BOSQUE_NW_02,conservador,SI,,2022-02-14,NO
BOSQUE_NW_02(3),ATL08_20220214215513_08341409_007_01.h5,2022-02-14T21:55:13Z,gt3r,-71.47954559326172,-42.66638946533203,130111159.18952091,834.0,14.0,9.0,007,01,19066.0,0.0,1239060.0,1239064.0,1084.3984375,67.76514434814453,23.28466796875,70.36349487304688,23.28466796875,7.436795234680176,,,,,,,30.0,16.0,112.0,1.0,0.0,0.0,0.0,0.0,2022,2,Verano,Bosque cerrado perennifolio latifolio,1,1,1,1,3.0218809633652777,20–30 m,834_gt3r_1239060,296801.1,5273250.2,BOSQUE_NW_02,conservador,SI,,2022-02-14,NO
BOSQUE_NW_02(3),ATL08_20220214215513_08341409_007_01.h5,2022-02-14T21:55:13Z,gt3r,-71.47988891601562,-42.66907501220703,130111159.23189297,834.0,14.0,9.0,007,01,19066.0,0.0,1239075.0,1239079.0,1075.1300048828125,46.72372817993164,21.7008056640625,63.961090087890625,21.7008056640625,7.403928279876709,,,,,,,25.0,23.0,116.0,1.0,0.0,0.0,0.0,0.0,2022,2,Verano,Bosque cerrado desconocido,1,1,1,1,2.947406242792775,20–30 m,834_gt3r_1239075,296781.7,5272951.1,BOSQUE_NW_02,conservador,SI,,2022-02-14,NO
BOSQUE_NW_02(3),ATL08_20220214215513_08341409_007_01.h5,2022-02-14T21:55:13Z,gt3r,-71.48047637939453,-42.673545837402344,130111159.30236739,834.0,14.0,9.0,007,01,19066.0,0.0,1239100.0,1239104.0,1061.5489501953125,75.88232421875,21.9268798828125,72.209228515625,22.137451171875,6.1874213218688965,,,,,,,50.0,14.0,20.0,1.0,0.0,0.0,0.0,0.0,2022,2,Verano,Arbustos,1,1,1,1,3.2931830201809325,20–30 m,834_gt3r_1239100,296748.1,5272453.2,BOSQUE_NW_02,conservador,SI,,2022-02-14,NO
BOSQUE_NW_02(3),ATL08_20220214215513_08341409_007_01.h5,2022-02-14T21:55:13Z,gt3r,-71.48210906982422,-42.686073303222656,130111159.49967024,834.0,14.0,9.0,007,01,19066.0,0.0,1239170.0,1239174.0,1063.6610107421875,176.7336883544922,16.063720703125,83.7844467163086,16.25341796875,4.070245265960693,,,,,,,41.0,6.0,116.0,1.0,0.0,0.0,0.0,0.0,2022,2,Verano,Bosque cerrado desconocido,1,1,1,1,5.215755942520175,10–20 m,834_gt3r_1239170,296655.2,5271058.1,BOSQUE_NW_02,conservador,SI,,2022-02-14,NO
BOSQUE_NW_02(3),ATL08_20220214215513_08341409_007_01.h5,2022-02-14T21:55:13Z,gt3r,-71.48246002197266,-42.68875503540039,130111159.54189564,834.0,14.0,9.0,007,01,19066.0,0.0,1239185.0,1239189.0,1073.82177734375,153.3963623046875,18.641357421875,170.05970764160156,18.641357421875,3.9864468574523926,,,,,,,35.0,7.0,116.0,1.0,0.0,0.0,0.0,0.0,2022,2,Verano,Bosque cerrado desconocido,1,1,1,1,9.122710529762294,10–20 m,834_gt3r_1239185,296635.2,5270759.4,BOSQUE_NW_02,conservador,SI,,2022-02-14,NO
BOSQUE_NW_02(3),ATL08_20220214215513_08341409_007_01.h5,2022-02-14T21:55:13Z,gt3r,-71.48281860351562,-42.691436767578125,130111159.5841857,834.0,14.0,9.0,007,01,19066.0,0.0,1239200.0,1239204.0,1076.2060546875,97.89578247070312,13.8179931640625,54.58810043334961,13.8179931640625,3.082336902618408,,,,,,,28.0,11.0,112.0,1.0,0.0,0.0,0.0,0.0,2022,2,Verano,Bosque cerrado perennifolio latifolio,1,1,1,1,3.95050857134023,10–20 m,834_gt3r_1239200,296614.6,5270460.8,BOSQUE_NW_02,conservador,SI,,2022-02-14,NO
BOSQUE_NW_02(3),ATL08_20220217100520_08721413_007_01.h5,2022-02-17T10:05:20Z,gt1l,-71.58726501464844,-42.687625885009766,130327636.34716259,872.0,14.0,13.0,007,01,19104.0,0.0,1769754.0,1769758.0,843.69970703125,25.062423706054688,11.33203125,12.538350105285645,12.52716064453125,2.776942014694214,,,,,,,66.0,34.0,126.0,1.0,0.0,0.0,1.0,0.0,2022,2,Verano,Bosque abierto desconocido,1,1,1,1,1.1064521292496121,10–20 m,872_gt1l_1769754,288045.2,5270627.1,BOSQUE_NW_02,conservador,SI,,2022-02-17,NO
BOSQUE_NW_02(3),ATL08_20220217100520_08721413_007_01.h5,2022-02-17T10:05:20Z,gt1l,-71.58749389648438,-42.68583679199219,130327636.37539127,872.0,14.0,13.0,007,01,19104.0,0.0,1769764.0,1769768.0,835.3470458984375,19.46354103088379,9.09747314453125,11.410161972045898,10.67401123046875,2.1394200325012207,,,,,,,74.0,43.0,116.0,1.0,0.0,0.0,1.0,0.0,2022,2,Verano,Bosque cerrado desconocido,1,1,1,1,1.2542122181371727,5–10 m,872_gt1l_1769764,288020.4,5270825.2,BOSQUE_NW_02,conservador,SI,,2022-02-17,NO
BOSQUE_NW_02(3),ATL08_20220217100520_08721413_007_01.h5,2022-02-17T10:05:20Z,gt1l,-71.58887481689453,-42.67510223388672,130327636.5445553,872.0,14.0,13.0,007,01,19104.0,0.0,1769824.0,1769828.0,835.9962768554688,6.5309224128723145,10.74566650390625,6.3808770179748535,11.3836669921875,2.658334732055664,,,,,,,66.0,128.0,126.0,1.0,0.0,0.0,1.0,0.0,2022,2,Verano,Bosque abierto desconocido,1,1,1,1,0.5938093291519224,10–20 m,872_gt1l_1769824,287870.7,5272013.8,BOSQUE_NW_02,conservador,SI,,2022-02-17,NO
BOSQUE_NW_02(3),ATL08_20220217100520_08721413_007_01.h5,2022-02-17T10:05:20Z,gt1l,-71.5889892578125,-42.6742057800293,130327636.5586283,872.0,14.0,13.0,007,01,19104.0,0.0,1769829.0,1769833.0,862.0700073242188,29.678991317749023,11.225341796875,15.68307113647461,12.3133544921875,2.7035748958587646,,,,,,,84.0,29.0,126.0,1.0,0.0,0.0,1.0,0.0,2022,2,Verano,Bosque abierto desconocido,1,1,1,1,1.3971130162682963,10–20 m,872_gt1l_1769829,287858.3,5272113.1,BOSQUE_NW_02,conservador,SI,,2022-02-17,NO
BOSQUE_NW_02(3),ATL08_20220217100520_08721413_007_01.h5,2022-02-17T10:05:20Z,gt1l,-71.58977508544922,-42.66794204711914,130327636.65752424,872.0,14.0,13.0,007,01,19104.0,0.0,1769864.0,1769868.0,1150.2181396484375,105.13147735595703,28.5589599609375,43.338584899902344,29.249755859375,7.782973766326904,,,,,,,114.0,11.0,112.0,1.0,0.0,0.0,1.0,0.0,2022,2,Verano,Bosque cerrado perennifolio latifolio,1,1,1,1,1.5175127161206214,20–30 m,872_gt1l_1769864,287772.6,5272806.7,BOSQUE_NW_02,conservador,SI,,2022-02-17,NO
BOSQUE_NW_02(3),ATL08_20220217100520_08721413_007_01.h5,2022-02-17T10:05:20Z,gt1l,-71.59425354003906,-42.633052825927734,130327637.20732534,872.0,14.0,13.0,007,01,19104.0,0.0,1770059.0,1770063.0,1347.2327880859375,20.06587791442871,14.2275390625,17.521385192871094,14.354736328125,3.7431154251098633,,,,,,,101.0,67.0,112.0,1.0,0.0,0.0,1.0,0.0,2022,2,Verano,Bosque cerrado perennifolio latifolio,1,1,1,1,1.2315120075159585,10–20 m,872_gt1l_1770059,287286.6,5276669.9,BOSQUE_NW_02,conservador,SI,,2022-02-17,NO
BOSQUE_NW_02(3),ATL08_20220217100520_08721413_007_01.h5,2022-02-17T10:05:20Z,gt1l,-71.5943603515625,-42.63215637207031,130327637.22144234,872.0,14.0,13.0,007,01,19104.0,0.0,1770064.0,1770068.0,1359.56103515625,52.32007598876953,18.95458984375,29.303098678588867,19.8861083984375,5.579834461212158,,,,,,,89.0,26.0,114.0,1.0,0.0,0.0,1.0,0.0,2022,2,Verano,Bosque cerrado caducifolio latifolio,1,1,1,1,1.5459632163051598,10–20 m,872_gt1l_1770064,287274.8,5276769.2,BOSQUE_NW_02,conservador,SI,,2022-02-17,NO
BOSQUE_NW_02(3),ATL08_20220217100520_08721413_007_01.h5,2022-02-17T10:05:20Z,gt1l,-71.59471130371094,-42.62947463989258,130327637.26370086,872.0,14.0,13.0,007,01,19104.0,0.0,1770079.0,1770083.0,1415.37109375,30.74102020263672,13.6644287109375,27.88710594177246,14.071044921875,3.72184419631958,,,,,,,74.0,46.0,116.0,1.0,0.0,0.0,1.0,0.0,2022,2,Verano,Bosque cerrado desconocido,1,1,1,1,2.0408541426580546,10–20 m,872_gt1l_1770079,287236.9,5277066.2,BOSQUE_NW_02,conservador,SI,,2022-02-17,NO
BOSQUE_NW_02(3),ATL08_20220217100520_08721413_007_01.h5,2022-02-17T10:05:20Z,gt1r,-71.58590698242188,-42.689334869384766,130327636.67088929,872.0,14.0,13.0,007,01,19104.0,0.0,1769744.0,1769748.0,860.1241455078125,78.50173950195312,8.29937744140625,81.54255676269531,8.29937744140625,1.7679184675216675,,,,,,,26.0,11.0,126.0,1.0,0.0,0.0,1.0,0.0,2022,2,Verano,Bosque abierto desconocido,1,1,1,1,9.82514138420468,5–10 m,872_gt1r_1769744,288162.3,5270440.7,BOSQUE_NW_02,conservador,SI,,2022-02-17,NO
BOSQUE_NW_02(3),ATL08_20220217100520_08721413_007_01.h5,2022-02-17T10:05:20Z,gt1r,-71.58753204345703,-42.67681121826172,130327636.86823933,872.0,14.0,13.0,007,01,19104.0,0.0,1769814.0,1769818.0,836.4259033203125,3.3194122314453125,1.369384765625,4.55178165435791,1.369384765625,0.23967772722244263,,,,,,,2.0,252.0,90.0,1.0,0.0,0.0,1.0,0.0,2022,2,Verano,Humedal herbáceo,1,1,1,1,3.3239610726065254,<2 m,872_gt1r_1769814,287986.6,5271827.4,BOSQUE_NW_02,conservador,SI,,2022-02-17,NO
BOSQUE_NW_02(3),ATL08_20220217100520_08721413_007_01.h5,2022-02-17T10:05:20Z,gt1r,-71.587646484375,-42.67591857910156,130327636.88234605,872.0,14.0,13.0,007,01,19104.0,0.0,1769819.0,1769823.0,836.77490234375,3.0315754413604736,1.473876953125,4.198221206665039,1.473876953125,0.3065711259841919,,,,,,,1.0,276.0,116.0,1.0,0.0,0.0,1.0,0.0,2022,2,Verano,Bosque cerrado desconocido,1,1,1,1,2.8484204178399866,<2 m,872_gt1r_1769819,287974.1,5271926.3,BOSQUE_NW_02,conservador,SI,,2022-02-17,NO
BOSQUE_NW_02(3),ATL08_20220217100520_08721413_007_01.h5,2022-02-17T10:05:20Z,gt2l,-71.54701232910156,-42.686588287353516,130327636.30206223,872.0,14.0,13.0,007,01,19104.0,0.0,1769744.0,1769748.0,1312.1787109375,109.26644897460938,17.502197265625,44.417388916015625,18.8729248046875,5.399444103240967,,,,,,,85.0,12.0,116.0,1.0,0.0,0.0,1.0,0.0,2022,2,Verano,Bosque cerrado desconocido,1,1,1,1,2.537817866060344,10–20 m,872_gt2l_1769744,291339.5,5270842.6,BOSQUE_NW_02,conservador,SI,,2022-02-17,NO
BOSQUE_NW_02(3),ATL08_20220217100520_08721413_007_01.h5,2022-02-17T10:05:20Z,gt2l,-71.5478286743164,-42.680328369140625,130327636.40080252,872.0,14.0,13.0,007,01,19104.0,0.0,1769779.0,1769783.0,1168.39013671875,89.94656372070312,22.202880859375,53.782752990722656,24.0086669921875,6.488540172576904,,,,,,,93.0,13.0,116.0,1.0,0.0,0.0,1.0,0.0,2022,2,Verano,Bosque cerrado desconocido,1,1,1,1,2.422332188843561,20–30 m,872_gt2l_1769779,291251.7,5271535.7,BOSQUE_NW_02,conservador,SI,,2022-02-17,NO
BOSQUE_NW_02(3),ATL08_20220217100520_08721413_007_01.h5,2022-02-17T10:05:20Z,gt2l,-71.54898834228516,-42.671382904052734,130327636.54167575,872.0,14.0,13.0,007,01,19104.0,0.0,1769829.0,1769833.0,1101.41748046875,32.425025939941406,5.4774169921875,20.009723663330078,5.8123779296875,1.1858165264129639,,,,,,,55.0,34.0,126.0,1.0,0.0,0.0,1.0,0.0,2022,2,Verano,Bosque abierto desconocido,1,1,1,1,3.6531313376122663,5–10 m,872_gt2l_1769829,291126.7,5272526.3,BOSQUE_NW_02,conservador,SI,,2022-02-17,NO
BOSQUE_NW_02(3),ATL08_20220217100520_08721413_007_01.h5,2022-02-17T10:05:20Z,gt2l,-71.54933166503906,-42.668697357177734,130327636.5840087,872.0,14.0,13.0,007,01,19104.0,0.0,1769844.0,1769848.0,1072.5927734375,23.82839012145996,4.8065185546875,21.09454345703125,4.85302734375,1.0301079750061035,,,,,,,52.0,45.0,20.0,1.0,0.0,0.0,1.0,0.0,2022,2,Verano,Arbustos,1,1,1,1,4.388736507936508,2–5 m,872_gt2l_1769844,291089.5,5272823.7,BOSQUE_NW_02,conservador,SI,,2022-02-17,NO
BOSQUE_NW_02(3),ATL08_20220217100520_08721413_007_01.h5,2022-02-17T10:05:20Z,gt2l,-71.55142211914062,-42.65259552001953,130327636.83768278,872.0,14.0,13.0,007,01,19104.0,0.0,1769934.0,1769938.0,1100.8511962890625,37.936378479003906,9.465576171875,21.08575439453125,10.506591796875,2.259242534637451,,,,,,,61.0,29.0,116.0,1.0,0.0,0.0,1.0,0.0,2022,2,Verano,Bosque cerrado desconocido,1,1,1,1,2.227625029016533,5–10 m,872_gt2l_1769934,290864.2,5274606.6,BOSQUE_NW_02,conservador,SI,,2022-02-17,NO
BOSQUE_NW_02(3),ATL08_20220217100520_08721413_007_01.h5,2022-02-17T10:05:20Z,gt2l,-71.55361938476562,-42.635597229003906,130327637.10542329,872.0,14.0,13.0,007,01,19104.0,0.0,1770029.0,1770033.0,953.0653686523438,36.685604095458984,9.39459228515625,19.9063720703125,11.27587890625,2.7129549980163574,,,,,,,54.0,26.0,116.0,1.0,0.0,0.0,1.0,0.0,2022,2,Verano,Bosque cerrado desconocido,1,1,1,1,2.1189181463218145,5–10 m,872_gt2l_1770029,290627.1,5276488.8,BOSQUE_NW_02,conservador,SI,,2022-02-17,NO
BOSQUE_NW_02(3),ATL08_20220217100520_08721413_007_01.h5,2022-02-17T10:05:20Z,gt2l,-71.556640625,-42.61233901977539,130327637.47218283,872.0,14.0,13.0,007,01,19104.0,0.0,1770159.0,1770163.0,1203.480712890625,75.09923553466797,13.9833984375,24.756643295288086,14.398681640625,3.0535449981689453,,,,,,,52.0,16.0,114.0,1.0,0.0,0.0,1.0,0.0,2022,2,Verano,Bosque cerrado caducifolio latifolio,1,1,1,1,1.7704310869736015,10–20 m,872_gt2l_1770159,290301.3,5279064.2,BOSQUE_NW_02,conservador,SI,,2022-02-17,NO
BOSQUE_NW_02(3),ATL08_20220217100520_08721413_007_01.h5,2022-02-17T10:05:20Z,gt2l,-71.55860900878906,-42.597129821777344,130327637.71166936,872.0,14.0,13.0,007,01,19104.0,0.0,1770244.0,1770248.0,1412.8472900390625,45.67424011230469,16.6851806640625,35.26921844482422,16.8192138671875,4.646299839019775,,,,,,,60.0,31.0,116.0,1.0,0.0,0.0,1.0,0.0,2022,2,Verano,Bosque cerrado desconocido,1,1,1,1,2.1138050078647987,10–20 m,872_gt2l_1770244,290088.7,5280748.3,BOSQUE_NW_02,conservador,SI,,2022-02-17,NO
BOSQUE_NW_02(3),ATL08_20220217100520_08721413_007_01.h5,2022-02-17T10:05:20Z,gt2l,-71.56022644042969,-42.5846061706543,130327637.90899196,872.0,14.0,13.0,007,01,19104.0,0.0,1770314.0,1770318.0,1109.27099609375,85.5517578125,19.4515380859375,46.55528259277344,19.886474609375,4.766777038574219,,,,,,,59.0,13.0,116.0,1.0,0.0,0.0,1.0,0.0,2022,2,Verano,Bosque cerrado desconocido,1,1,1,1,2.393398526486222,10–20 m,872_gt2l_1770314,289913.9,5282135.0,BOSQUE_NW_02,conservador,SI,,2022-02-17,NO
BOSQUE_NW_02(3),ATL08_20220217100520_08721413_007_01.h5,2022-02-17T10:05:20Z,gt2l,-71.56092834472656,-42.57923889160156,130327637.99361983,872.0,14.0,13.0,007,01,19104.0,0.0,1770344.0,1770348.0,1014.3615112304688,46.09561538696289,6.4376220703125,15.620837211608887,7.69439697265625,1.5180833339691162,,,,,,,66.0,22.0,116.0,1.0,0.0,0.0,1.0,0.0,2022,2,Verano,Bosque cerrado desconocido,1,1,1,1,2.426491807222633,5–10 m,872_gt2l_1770344,289838.3,5282729.3,BOSQUE_NW_02,conservador,SI,,2022-02-17,NO
BOSQUE_NW_02(3),ATL08_20220217100520_08721413_007_01.h5,2022-02-17T10:05:20Z,gt2l,-71.56219482421875,-42.56939697265625,130327638.14853148,872.0,14.0,13.0,007,01,19104.0,0.0,1770399.0,1770403.0,820.8438110351562,13.69962215423584,7.699951171875,13.382597923278809,7.7611083984375,1.4804155826568604,,,,,,,71.0,60.0,116.0,1.0,0.0,0.0,1.0,0.0,2022,2,Verano,Bosque cerrado desconocido,1,1,1,1,1.7380107515694854,5–10 m,872_gt2l_1770399,289701.3,5283819.1,BOSQUE_NW_02,conservador,SI,,2022-02-17,NO
BOSQUE_NW_02(3),ATL08_20220217100520_08721413_007_01.h5,2022-02-17T10:05:20Z,gt2l,-71.56336212158203,-42.56045150756836,130327638.28943577,872.0,14.0,13.0,007,01,19104.0,0.0,1770449.0,1770453.0,745.3486328125,24.05283546447754,14.47198486328125,17.15160369873047,15.1973876953125,3.9341530799865723,,,,,,,87.0,31.0,112.0,1.0,0.0,0.0,1.0,0.0,2022,2,Verano,Bosque cerrado perennifolio latifolio,1,1,1,1,1.1851590407787136,10–20 m,872_gt2l_1770449,289575.4,5284809.6,BOSQUE_NW_02,conservador,SI,,2022-02-17,NO
BOSQUE_NW_02(3),ATL08_20220217100520_08721413_007_01.h5,2022-02-17T10:05:20Z,gt2l,-71.5634765625,-42.55955505371094,130327638.30352457,872.0,14.0,13.0,007,01,19104.0,0.0,1770454.0,1770458.0,734.365234375,12.43801212310791,14.06146240234375,13.77139949798584,14.63067626953125,4.046782970428467,,,,,,,75.0,59.0,112.0,1.0,0.0,0.0,1.0,0.0,2022,2,Verano,Bosque cerrado perennifolio latifolio,1,1,1,1,0.9793717825316972,10–20 m,872_gt2l_1770454,289563.0,5284908.9,BOSQUE_NW_02,conservador,SI,,2022-02-17,NO
BOSQUE_NW_02(3),ATL08_20220217100520_08721413_007_01.h5,2022-02-17T10:05:20Z,gt2r,-71.54594421386719,-42.686153411865234,130327636.65972951,872.0,14.0,13.0,007,01,19104.0,0.0,1769746.0,1769750.0,1336.5224609375,223.3564453125,14.1959228515625,172.87411499023438,14.1959228515625,3.926088571548462,,,,,,,21.0,6.0,116.0,1.0,0.0,0.0,1.0,0.0,2022,2,Verano,Bosque cerrado desconocido,1,1,1,1,12.177729957951037,10–20 m,872_gt2r_1769746,291425.6,5270893.5,BOSQUE_NW_02,conservador,SI,,2022-02-17,NO
BOSQUE_NW_02(3),ATL08_20220217100520_08721413_007_01.h5,2022-02-17T10:05:20Z,gt2r,-71.54802703857422,-42.670047760009766,130327636.9135224,872.0,14.0,13.0,007,01,19104.0,0.0,1769836.0,1769840.0,1084.600341796875,63.76023864746094,5.7777099609375,49.53559875488281,5.7777099609375,1.0369064807891846,,,,,,,12.0,17.0,126.0,1.0,0.0,0.0,1.0,0.0,2022,2,Verano,Bosque abierto desconocido,1,1,1,1,8.57356964779954,5–10 m,872_gt2r_1769836,291201.0,5272676.9,BOSQUE_NW_02,conservador,SI,,2022-02-17,NO
BOSQUE_NW_02(3),ATL08_20220217100520_08721413_007_01.h5,2022-02-17T10:05:20Z,gt2r,-71.55034637451172,-42.652156829833984,130327637.19548112,872.0,14.0,13.0,007,01,19104.0,0.0,1769936.0,1769940.0,1112.354248046875,92.85318756103516,15.591552734375,60.73964309692383,15.591552734375,3.6261229515075684,,,,,,,16.0,12.0,116.0,1.0,0.0,0.0,1.0,0.0,2022,2,Verano,Bosque cerrado desconocido,1,1,1,1,3.895676340369228,10–20 m,872_gt2r_1769936,290950.9,5274658.0,BOSQUE_NW_02,conservador,SI,,2022-02-17,NO
BOSQUE_NW_02(3),ATL08_20220217100520_08721413_007_01.h5,2022-02-17T10:05:20Z,gt2r,-71.55057525634766,-42.650367736816406,130327637.2236424,872.0,14.0,13.0,007,01,19104.0,0.0,1769946.0,1769950.0,1112.50341796875,101.08895874023438,14.7314453125,83.23237609863281,14.7314453125,3.1777822971343994,,,,,,,16.0,11.0,112.0,1.0,0.0,0.0,1.0,0.0,2022,2,Verano,Bosque cerrado perennifolio latifolio,1,1,1,1,5.649980319854159,10–20 m,872_gt2r_1769946,290926.2,5274856.1,BOSQUE_NW_02,conservador,SI,,2022-02-17,NO
BOSQUE_NW_02(3),ATL08_20220217100520_08721413_007_01.h5,2022-02-17T10:05:20Z,gt2r,-71.55126953125,-42.64500045776367,130327637.30820854,872.0,14.0,13.0,007,01,19104.0,0.0,1769976.0,1769980.0,1010.9797973632812,169.7946319580078,5.42620849609375,102.73921203613281,5.42620849609375,1.3884553909301758,,,,,,,23.0,6.0,116.0,1.0,0.0,0.0,1.0,0.0,2022,2,Verano,Bosque cerrado desconocido,1,1,1,1,18.93388580812796,5–10 m,872_gt2r_1769976,290851.3,5275450.4,BOSQUE_NW_02,conservador,SI,,2022-02-17,NO
BOSQUE_NW_02(3),ATL08_20220217100520_08721413_007_01.h5,2022-02-17T10:05:20Z,gt2r,-71.55231475830078,-42.63694763183594,130327637.43514276,872.0,14.0,13.0,007,01,19104.0,0.0,1770021.0,1770025.0,928.2864379882812,93.03131866455078,10.9229736328125,57.37312698364258,10.9229736328125,2.4135308265686035,,,,,,,34.0,10.0,126.0,1.0,0.0,0.0,1.0,0.0,2022,2,Verano,Bosque abierto desconocido,1,1,1,1,5.252519040354936,10–20 m,872_gt2r_1770021,290738.6,5276342.1,BOSQUE_NW_02,conservador,SI,,2022-02-17,NO
BOSQUE_NW_02(3),ATL08_20220217100520_08721413_007_01.h5,2022-02-17T10:05:20Z,gt2r,-71.55880737304688,-42.586849212646484,130327638.22445807,872.0,14.0,13.0,007,01,19104.0,0.0,1770301.0,1770305.0,1181.30810546875,131.1813201904297,26.1768798828125,112.23367309570312,26.1768798828125,6.884468078613281,,,,,,,20.0,9.0,116.0,1.0,0.0,0.0,1.0,0.0,2022,2,Verano,Bosque cerrado desconocido,1,1,1,1,4.287511483345069,20–30 m,872_gt2r_1770301,290037.9,5281889.4,BOSQUE_NW_02,conservador,SI,,2022-02-17,NO
BOSQUE_NW_02(3),ATL08_20220217100520_08721413_007_01.h5,2022-02-17T10:05:20Z,gt2r,-71.55892181396484,-42.58595657348633,130327638.23858455,872.0,14.0,13.0,007,01,19104.0,0.0,1770306.0,1770310.0,1154.5228271484375,54.91530227661133,16.0439453125,65.71879577636719,16.0439453125,5.943047046661377,,,,,,,17.0,21.0,116.0,1.0,0.0,0.0,1.0,0.0,2022,2,Verano,Bosque cerrado desconocido,1,1,1,1,4.096174257410676,10–20 m,872_gt2r_1770306,290025.5,5281988.3,BOSQUE_NW_02,conservador,SI,,2022-02-17,NO
BOSQUE_NW_02(3),ATL08_20220217100520_08721413_007_01.h5,2022-02-17T10:05:20Z,gt2r,-71.55961608886719,-42.580589294433594,130327638.3231589,872.0,14.0,13.0,007,01,19104.0,0.0,1770336.0,1770340.0,1015.7823486328125,168.85845947265625,22.90374755859375,207.28285217285156,22.90374755859375,4.727141857147217,,,,,,,39.0,6.0,116.0,1.0,0.0,0.0,1.0,0.0,2022,2,Verano,Bosque cerrado desconocido,1,1,1,1,9.050171883119479,20–30 m,872_gt2r_1770336,289950.5,5282582.6,BOSQUE_NW_02,conservador,SI,,2022-02-17,NO
BOSQUE_NW_02(3),ATL08_20220217100520_08721413_007_01.h5,2022-02-17T10:05:20Z,gt2r,-71.56193542480469,-42.56269454956055,130327638.60521144,872.0,14.0,13.0,007,01,19104.0,0.0,1770436.0,1770440.0,807.5279541015625,67.23233795166016,14.40435791015625,52.28666687011719,14.40435791015625,3.9140663146972656,,,,,,,31.0,12.0,116.0,1.0,0.0,0.0,1.0,0.0,2022,2,Verano,Bosque cerrado desconocido,1,1,1,1,3.6299200003389815,10–20 m,872_gt2r_1770436,289700.0,5284564.0,BOSQUE_NW_02,conservador,SI,,2022-02-17,NO
BOSQUE_NW_02(3),ATL08_20220217100520_08721413_007_01.h5,2022-02-17T10:05:20Z,gt2r,-71.56217193603516,-42.56090545654297,130327638.6334515,872.0,14.0,13.0,007,01,19104.0,0.0,1770446.0,1770450.0,761.64599609375,108.47883605957031,14.09130859375,56.939666748046875,14.09130859375,3.734036684036255,,,,,,,15.0,7.0,112.0,1.0,0.0,0.0,1.0,0.0,2022,2,Verano,Bosque cerrado perennifolio latifolio,1,1,1,1,4.040765012647701,10–20 m,872_gt2r_1770446,289674.6,5284762.1,BOSQUE_NW_02,conservador,SI,,2022-02-17,NO
BOSQUE_NW_02(3),ATL08_20220217100520_08721413_007_01.h5,2022-02-17T10:05:20Z,gt3l,-71.50617980957031,-42.69001007080078,130327636.186996,872.0,14.0,13.0,007,01,19104.0,0.0,1769709.0,1769713.0,1356.806396484375,28.255033493041992,12.3697509765625,18.333106994628906,12.74169921875,3.1023077964782715,,,,,,,62.0,48.0,116.0,1.0,0.0,0.0,1.0,0.0,2022,2,Verano,Bosque cerrado desconocido,1,1,1,1,1.482091840762634,10–20 m,872_gt3l_1769709,294696.1,5270562.7,BOSQUE_NW_02,conservador,SI,,2022-02-17,NO
BOSQUE_NW_02(3),ATL08_20220217100520_08721413_007_01.h5,2022-02-17T10:05:20Z,gt3l,-71.50872802734375,-42.67033004760742,130327636.4970285,872.0,14.0,13.0,007,01,19104.0,0.0,1769819.0,1769823.0,1091.9598388671875,2.556729555130005,7.1480712890625,3.2178094387054443,9.1397705078125,1.788092851638794,,,,,,,57.0,427.0,112.0,1.0,0.0,0.0,1.0,0.0,2022,2,Verano,Bosque cerrado perennifolio latifolio,1,1,1,1,0.4501647099727616,5–10 m,872_gt3l_1769819,294422.5,5272742.0,BOSQUE_NW_02,conservador,SI,,2022-02-17,NO
BOSQUE_NW_02(3),ATL08_20220217100520_08721413_007_01.h5,2022-02-17T10:05:20Z,gt3l,-71.50977325439453,-42.66227722167969,130327636.62397343,872.0,14.0,13.0,007,01,19104.0,0.0,1769864.0,1769868.0,1086.19677734375,5.747873783111572,9.6695556640625,7.789416790008545,9.6695556640625,2.7575936317443848,,,,,,,20.0,189.0,112.0,1.0,0.0,0.0,1.0,0.0,2022,2,Verano,Bosque cerrado perennifolio latifolio,1,1,1,1,0.8055609854916491,5–10 m,872_gt3l_1769864,294310.2,5273633.7,BOSQUE_NW_02,conservador,SI,,2022-02-17,NO
BOSQUE_NW_02(3),ATL08_20220217100520_08721413_007_01.h5,2022-02-17T10:05:20Z,gt3l,-71.5108413696289,-42.65422821044922,130327636.75097388,872.0,14.0,13.0,007,01,19104.0,0.0,1769909.0,1769913.0,1363.0260009765625,35.863468170166016,8.107666015625,19.709491729736328,8.517822265625,1.9021586179733276,,,,,,,63.0,38.0,112.0,1.0,0.0,0.0,1.0,0.0,2022,2,Verano,Bosque cerrado perennifolio latifolio,1,1,1,1,2.430969861332771,5–10 m,872_gt3l_1769909,294196.1,5274524.9,BOSQUE_NW_02,conservador,SI,,2022-02-17,NO
BOSQUE_NW_02(3),ATL08_20220217100520_08721413_007_01.h5,2022-02-17T10:05:20Z,gt3l,-71.51294708251953,-42.63812255859375,130327637.0045842,872.0,14.0,13.0,007,01,19104.0,0.0,1769999.0,1770003.0,1352.2537841796875,90.10824584960938,13.627197265625,21.102550506591797,14.259521484375,3.5072546005249023,,,,,,,88.0,15.0,112.0,1.0,0.0,0.0,1.0,0.0,2022,2,Verano,Bosque cerrado perennifolio latifolio,1,1,1,1,1.5485613142053496,10–20 m,872_gt3l_1769999,293970.4,5276308.3,BOSQUE_NW_02,conservador,SI,,2022-02-17,NO
BOSQUE_NW_02(3),ATL08_20220217100520_08721413_007_01.h5,2022-02-17T10:05:20Z,gt3l,-71.51640319824219,-42.61128234863281,130327637.42750008,872.0,14.0,13.0,007,01,19104.0,0.0,1770149.0,1770153.0,994.6451416015625,30.131669998168945,8.7113037109375,16.59121322631836,10.6092529296875,2.2773687839508057,,,,,,,112.0,33.0,126.0,1.0,0.0,0.0,1.0,0.0,2022,2,Verano,Bosque abierto desconocido,1,1,1,1,1.9045614499110184,5–10 m,872_gt3l_1770149,293598.3,5279280.5,BOSQUE_NW_02,conservador,SI,,2022-02-17,NO
BOSQUE_NW_02(3),ATL08_20220217100520_08721413_007_01.h5,2022-02-17T10:05:20Z,gt3l,-71.51675415039062,-42.60860061645508,130327637.46971002,872.0,14.0,13.0,007,01,19104.0,0.0,1770164.0,1770168.0,950.7097778320312,31.582841873168945,7.62451171875,13.874557495117188,8.7508544921875,1.942143201828003,,,,,,,86.0,30.0,116.0,1.0,0.0,0.0,1.0,0.0,2022,2,Verano,Bosque cerrado desconocido,1,1,1,1,1.8197306276016652,5–10 m,872_gt3l_1770164,293560.6,5279577.5,BOSQUE_NW_02,conservador,SI,,2022-02-17,NO
BOSQUE_NW_02(3),ATL08_20220217100520_08721413_007_01.h5,2022-02-17T10:05:20Z,gt3l,-71.5172119140625,-42.60502243041992,130327637.52607855,872.0,14.0,13.0,007,01,19104.0,0.0,1770184.0,1770188.0,854.6920166015625,31.716413497924805,8.96044921875,14.991000175476074,9.23150634765625,2.2582974433898926,,,,,,,81.0,27.0,116.0,1.0,0.0,0.0,1.0,0.0,2022,2,Verano,Bosque cerrado desconocido,1,1,1,1,1.673018819648793,5–10 m,872_gt3l_1770184,293511.3,5279973.7,BOSQUE_NW_02,conservador,SI,,2022-02-17,NO
BOSQUE_NW_02(3),ATL08_20220217100520_08721413_007_01.h5,2022-02-17T10:05:20Z,gt3l,-71.51780700683594,-42.600547790527344,130327637.59653386,872.0,14.0,13.0,007,01,19104.0,0.0,1770209.0,1770213.0,1021.3309326171875,46.397552490234375,9.557861328125,20.11780548095703,11.30108642578125,2.357764482498169,,,,,,,99.0,22.0,116.0,1.0,0.0,0.0,1.0,0.0,2022,2,Verano,Bosque cerrado desconocido,1,1,1,1,2.1048438338144013,5–10 m,872_gt3l_1770209,293447.6,5280469.2,BOSQUE_NW_02,conservador,SI,,2022-02-17,NO
BOSQUE_NW_02(3),ATL08_20220217100520_08721413_007_01.h5,2022-02-17T10:05:20Z,gt3l,-71.51838684082031,-42.59607696533203,130327637.66709706,872.0,14.0,13.0,007,01,19104.0,0.0,1770234.0,1770238.0,1004.2520751953125,23.357297897338867,9.37841796875,14.682836532592773,11.4599609375,2.273726224899292,,,,,,,89.0,43.0,20.0,1.0,0.0,0.0,1.0,0.0,2022,2,Verano,Arbustos,1,1,1,1,1.5655984390456605,5–10 m,872_gt3l_1770234,293385.3,5280964.2,BOSQUE_NW_02,conservador,SI,,2022-02-17,NO
BOSQUE_NW_02(3),ATL08_20220217100520_08721413_007_01.h5,2022-02-17T10:05:20Z,gt3l,-71.51978302001953,-42.5853385925293,130327637.83623745,872.0,14.0,13.0,007,01,19104.0,0.0,1770294.0,1770298.0,918.69677734375,57.359256744384766,7.2646484375,12.398364067077637,10.9515380859375,1.8285874128341675,,,,,,,109.0,16.0,126.0,1.0,0.0,0.0,1.0,0.0,2022,2,Verano,Bosque abierto desconocido,1,1,1,1,1.7066708972560156,5–10 m,872_gt3l_1770294,293235.2,5282153.3,BOSQUE_NW_02,conservador,SI,,2022-02-17,NO
BOSQUE_NW_02(3),ATL08_20220217100520_08721413_007_01.h5,2022-02-17T10:05:20Z,gt3l,-71.5198974609375,-42.58444595336914,130327637.8502444,872.0,14.0,13.0,007,01,19104.0,0.0,1770299.0,1770303.0,913.5234985351562,12.665594100952148,6.781005859375,10.027477264404297,6.96075439453125,1.5503019094467163,,,,,,,86.0,72.0,126.0,1.0,0.0,0.0,1.0,0.0,2022,2,Verano,Bosque abierto desconocido,1,1,1,1,1.4787595634563457,5–10 m,872_gt3l_1770299,293222.9,5282252.2,BOSQUE_NW_02,conservador,SI,,2022-02-17,NO
BOSQUE_NW_02(3),ATL08_20220217100520_08721413_007_01.h5,2022-02-17T10:05:20Z,gt3l,-71.52001190185547,-42.58354949951172,130327637.86434741,872.0,14.0,13.0,007,01,19104.0,0.0,1770304.0,1770308.0,901.9910278320312,8.127701759338379,5.02972412109375,8.298133850097656,6.67864990234375,1.1962751150131226,,,,,,,71.0,111.0,126.0,1.0,0.0,0.0,1.0,0.0,2022,2,Verano,Bosque abierto desconocido,1,1,1,1,1.649818886745058,5–10 m,872_gt3l_1770304,293210.5,5282351.4,BOSQUE_NW_02,conservador,SI,,2022-02-17,NO
BOSQUE_NW_02(3),ATL08_20220217100520_08721413_007_01.h5,2022-02-17T10:05:20Z,gt3l,-71.52094268798828,-42.576393127441406,130327637.97725092,872.0,14.0,13.0,007,01,19104.0,0.0,1770344.0,1770348.0,870.9251708984375,9.173974990844727,6.82623291015625,8.122775077819824,8.12640380859375,1.5591249465942383,,,,,,,77.0,95.0,126.0,1.0,0.0,0.0,1.0,0.0,2022,2,Verano,Bosque abierto desconocido,1,1,1,1,1.1899352373011687,5–10 m,872_gt3l_1770344,293110.5,5283143.9,BOSQUE_NW_02,conservador,SI,,2022-02-17,NO
BOSQUE_NW_02(3),ATL08_20220217100520_08721413_007_01.h5,2022-02-17T10:05:20Z,gt3l,-71.52140808105469,-42.57281494140625,130327638.03351524,872.0,14.0,13.0,007,01,19104.0,0.0,1770364.0,1770368.0,907.1710205078125,25.952178955078125,4.8809814453125,12.365533828735352,6.114501953125,1.1662981510162354,,,,,,,90.0,35.0,126.0,1.0,0.0,0.0,1.0,0.0,2022,2,Verano,Bosque abierto desconocido,1,1,1,1,2.533411357384019,2–5 m,872_gt3l_1770364,293060.4,5283540.1,BOSQUE_NW_02,conservador,SI,,2022-02-17,NO
BOSQUE_NW_02(3),ATL08_20220217100520_08721413_007_01.h5,2022-02-17T10:05:20Z,gt3l,-71.522216796875,-42.566551208496094,130327638.13221492,872.0,14.0,13.0,007,01,19104.0,0.0,1770399.0,1770403.0,804.1737670898438,24.365890502929688,7.7427978515625,10.369478225708008,11.5250244140625,1.783331036567688,,,,,,,103.0,33.0,20.0,1.0,0.0,0.0,1.0,0.0,2022,2,Verano,Arbustos,1,1,1,1,1.3392417604723392,5–10 m,872_gt3l_1770399,292973.3,5284233.7,BOSQUE_NW_02,conservador,SI,,2022-02-17,NO
BOSQUE_NW_02(3),ATL08_20220217100520_08721413_007_01.h5,2022-02-17T10:05:20Z,gt3l,-71.52301788330078,-42.56028747558594,130327638.23078267,872.0,14.0,13.0,007,01,19104.0,0.0,1770434.0,1770438.0,773.3478393554688,4.34467887878418,11.9473876953125,5.238565444946289,13.445556640625,2.1030220985412598,,,,,,,42.0,178.0,126.0,1.0,0.0,0.0,1.0,0.0,2022,2,Verano,Bosque abierto desconocido,1,1,1,1,0.4384695281129627,10–20 m,872_gt3l_1770434,292886.8,5284927.3,BOSQUE_NW_02,conservador,SI,,2022-02-17,NO
BOSQUE_NW_02(3),ATL08_20220217100520_08721413_007_01.h5,2022-02-17T10:05:20Z,gt3r,-71.50695037841797,-42.675437927246094,130327636.76719007,872.0,14.0,13.0,007,01,19104.0,0.0,1769790.0,1769793.0,1172.702880859375,97.77356719970703,16.5771484375,104.23126220703125,16.5771484375,4.260417938232422,,,,,,,25.0,12.0,112.0,1.0,0.0,0.0,1.0,0.0,2022,2,Verano,Bosque cerrado perennifolio latifolio,1,1,1,1,6.287647275405007,10–20 m,872_gt3r_1769790,294585.0,5272179.0,BOSQUE_NW_02,conservador,SI,,2022-02-17,NO
BOSQUE_NW_02(3),ATL08_20220217100520_08721413_007_01.h5,2022-02-17T10:05:20Z,gt3r,-71.5083236694336,-42.66488265991211,130327636.93356957,872.0,14.0,13.0,007,01,19104.0,0.0,1769849.0,1769853.0,1097.66796875,109.86073303222656,18.9456787109375,111.73561096191406,18.9456787109375,5.209207057952881,,,,,,,21.0,10.0,112.0,1.0,0.0,0.0,1.0,0.0,2022,2,Verano,Bosque cerrado perennifolio latifolio,1,1,1,1,5.8976831955567866,10–20 m,872_gt3r_1769849,294437.6,5273347.9,BOSQUE_NW_02,conservador,SI,,2022-02-17,NO
BOSQUE_NW_02(3),ATL08_20220217100520_08721413_007_01.h5,2022-02-17T10:05:20Z,gt3r,-71.51172637939453,-42.638938903808594,130327637.34223878,872.0,14.0,13.0,007,01,19104.0,0.0,1769994.0,1769998.0,1371.0670166015625,151.97476196289062,13.06494140625,121.57160186767578,13.06494140625,4.253880977630615,,,,,,,24.0,9.0,112.0,1.0,0.0,0.0,1.0,0.0,2022,2,Verano,Bosque cerrado perennifolio latifolio,1,1,1,1,9.305177733864035,10–20 m,872_gt3r_1769994,294073.1,5276220.7,BOSQUE_NW_02,conservador,SI,,2022-02-17,NO
BOSQUE_NW_02(3),ATL08_20220217100520_08721413_007_01.h5,2022-02-17T10:05:20Z,gt3r,-71.51496124267578,-42.6138916015625,130327637.73703887,872.0,14.0,13.0,007,01,19104.0,0.0,1770134.0,1770138.0,1066.34228515625,96.78483581542969,13.7967529296875,79.7023696899414,13.7967529296875,3.6155686378479004,,,,,,,30.0,11.0,126.0,1.0,0.0,0.0,1.0,0.0,2022,2,Verano,Bosque abierto desconocido,1,1,1,1,5.77689330932642,10–20 m,872_gt3r_1770134,293725.2,5278994.3,BOSQUE_NW_02,conservador,SI,,2022-02-17,NO
BOSQUE_NW_02(3),ATL08_20220217100520_08721413_007_01.h5,2022-02-17T10:05:20Z,gt3r,-71.51554107666016,-42.60941696166992,130327637.80752994,872.0,14.0,13.0,007,01,19104.0,0.0,1770159.0,1770163.0,999.8192138671875,83.20081329345703,9.09429931640625,67.46379852294922,9.09429931640625,1.9318435192108154,,,,,,,27.0,12.0,116.0,1.0,0.0,0.0,1.0,0.0,2022,2,Verano,Bosque cerrado desconocido,1,1,1,1,7.41825138757458,5–10 m,872_gt3r_1770159,293662.8,5279489.8,BOSQUE_NW_02,conservador,SI,,2022-02-17,NO
BOSQUE_NW_02(3),ATL08_20220217100520_08721413_007_01.h5,2022-02-17T10:05:20Z,gt3r,-71.51578521728516,-42.607627868652344,130327637.83574165,872.0,14.0,13.0,007,01,19104.0,0.0,1770169.0,1770173.0,995.4099731445312,52.23274230957031,14.8935546875,47.01887893676758,14.8935546875,2.932856798171997,,,,,,,14.0,19.0,126.0,1.0,0.0,0.0,1.0,0.0,2022,2,Verano,Bosque abierto desconocido,1,1,1,1,3.1569950843387318,10–20 m,872_gt3r_1770169,293636.9,5279687.9,BOSQUE_NW_02,conservador,SI,,2022-02-17,NO
BOSQUE_NW_02(3),ATL08_20220217100520_08721413_007_01.h5,2022-02-17T10:05:20Z,gt3r,-71.52192687988281,-42.560211181640625,130327638.58292174,872.0,14.0,13.0,007,01,19104.0,0.0,1770434.0,1770438.0,773.724853515625,19.841930389404297,11.09686279296875,25.040773391723633,11.09686279296875,2.682257652282715,,,,,,,17.0,39.0,126.0,1.0,0.0,0.0,1.0,0.0,2022,2,Verano,Bosque abierto desconocido,1,1,1,1,2.256563306125592,10–20 m,872_gt3r_1770434,292976.1,5284938.4,BOSQUE_NW_02,conservador,SI,,2022-02-17,NO
BOSQUE_NW_02(3),ATL08_20220217100520_08721413_007_01.h5,2022-02-17T10:05:20Z,gt3r,-71.52204895019531,-42.55931854248047,130327638.59704147,872.0,14.0,13.0,007,01,19104.0,0.0,1770439.0,1770443.0,773.200927734375,18.854389190673828,11.7529296875,23.41458511352539,11.7529296875,1.8810832500457764,,,,,,,12.0,41.0,126.0,1.0,0.0,0.0,1.0,0.0,2022,2,Verano,Bosque abierto desconocido,1,1,1,1,1.9922339141046947,10–20 m,872_gt3r_1770439,292963.2,5285037.3,BOSQUE_NW_02,conservador,SI,,2022-02-17,NO
BOSQUE_NW_02(3),ATL08_20220217100520_08721413_007_01.h5,2022-02-17T10:05:20Z,gt3r,-71.52216339111328,-42.55842208862305,130327638.6111951,872.0,14.0,13.0,007,01,19104.0,0.0,1770444.0,1770448.0,771.9522094726562,16.07993507385254,9.94146728515625,19.25504493713379,9.94146728515625,1.3960859775543213,,,,,,,7.0,48.0,116.0,1.0,0.0,0.0,1.0,0.0,2022,2,Verano,Bosque cerrado desconocido,1,1,1,1,1.9368413519686152,5–10 m,872_gt3r_1770444,292950.8,5285136.5,BOSQUE_NW_02,conservador,SI,,2022-02-17,NO
BOSQUE_NW_02(3),ATL08_20221114085445_08341709_007_01.h5,2022-11-14T08:54:45Z,gt3l,-71.46451568603516,-42.56018829345703,153651528.85006514,834.0,17.0,9.0,007,01,23227.0,1.0,1238466.0,1238470.0,839.9451904296875,64.6243667602539,7.5867919921875,35.03654861450195,7.5867919921875,1.4838652610778809,,,,,,,13.0,13.0,20.0,1.0,0.0,0.0,1.0,0.0,2022,11,Primavera,Arbustos,1,1,1,1,4.618097959003073,5–10 m,834_gt3l_1238466,297689.2,5285079.8,BOSQUE_NW_02,conservador,SI,,2022-11-14,NO
BOSQUE_NW_02(3),ATL08_20221114085445_08341709_007_01.h5,2022-11-14T08:54:45Z,gt3l,-71.4648666381836,-42.56287384033203,153651528.89236075,834.0,17.0,9.0,007,01,23227.0,1.0,1238481.0,1238485.0,894.8544921875,68.69692993164062,6.30633544921875,74.57099914550781,6.30633544921875,1.522485613822937,,,,,,,14.0,13.0,126.0,1.0,0.0,0.0,1.0,0.0,2022,11,Primavera,Bosque abierto desconocido,1,1,1,1,11.824775219457429,5–10 m,834_gt3l_1238481,297669.1,5284780.7,BOSQUE_NW_02,conservador,SI,,2022-11-14,NO
BOSQUE_NW_02(3),ATL08_20221114085445_08341709_007_01.h5,2022-11-14T08:54:45Z,gt3r,-71.46778106689453,-42.57711410522461,153651529.4687968,834.0,17.0,9.0,007,01,23227.0,1.0,1238561.0,1238565.0,910.2918090820312,15.428092956542969,8.04156494140625,11.954811096191406,8.17486572265625,2.1373510360717773,,,,,,,73.0,59.0,126.0,1.0,0.0,0.0,1.0,0.0,2022,11,Primavera,Bosque abierto desconocido,1,1,1,1,1.4866274392233954,5–10 m,834_gt3r_1238561,297475.9,5283192.4,BOSQUE_NW_02,conservador,SI,,2022-11-14,NO
BOSQUE_NW_02(3),ATL08_20221114085445_08341709_007_01.h5,2022-11-14T08:54:45Z,gt3r,-71.4678955078125,-42.578006744384766,153651529.4828949,834.0,17.0,9.0,007,01,23227.0,1.0,1238566.0,1238570.0,912.5413818359375,41.427913665771484,8.1455078125,15.225459098815918,8.81494140625,2.0416502952575684,,,,,,,103.0,22.0,126.0,1.0,0.0,0.0,1.0,0.0,2022,11,Primavera,Bosque abierto desconocido,1,1,1,1,1.869184764079547,5–10 m,834_gt3r_1238566,297469.4,5283093.0,BOSQUE_NW_02,conservador,SI,,2022-11-14,NO
BOSQUE_NW_02(3),ATL08_20221114085445_08341709_007_01.h5,2022-11-14T08:54:45Z,gt3r,-71.468017578125,-42.57890319824219,153651529.49695233,834.0,17.0,9.0,007,01,23227.0,1.0,1238571.0,1238575.0,916.1920776367188,39.83003234863281,10.66778564453125,17.82460594177246,11.76751708984375,2.6768076419830322,,,,,,,145.0,23.0,126.0,1.0,0.0,0.0,1.0,0.0,2022,11,Primavera,Bosque abierto desconocido,1,1,1,1,1.6708815245936344,10–20 m,834_gt3r_1238571,297462.3,5282993.1,BOSQUE_NW_02,conservador,SI,,2022-11-14,NO
BOSQUE_NW_02(3),ATL08_20221114085445_08341709_007_01.h5,2022-11-14T08:54:45Z,gt3r,-71.4681396484375,-42.579795837402344,153651529.51102713,834.0,17.0,9.0,007,01,23227.0,1.0,1238576.0,1238580.0,920.1280517578125,26.274160385131836,10.9447021484375,15.555903434753418,12.17333984375,2.879936456680298,,,,,,,117.0,35.0,126.0,1.0,0.0,0.0,1.0,0.0,2022,11,Primavera,Bosque abierto desconocido,1,1,1,1,1.4213181157217902,10–20 m,834_gt3r_1238576,297455.2,5282893.7,BOSQUE_NW_02,conservador,SI,,2022-11-14,NO
BOSQUE_NW_02(3),ATL08_20221114085445_08341709_007_01.h5,2022-11-14T08:54:45Z,gt3r,-71.46847534179688,-42.582481384277344,153651529.55331045,834.0,17.0,9.0,007,01,23227.0,1.0,1238591.0,1238595.0,979.6560668945312,21.81293487548828,5.77484130859375,17.588953018188477,5.9915771484375,1.156046986579895,,,,,,,48.0,45.0,20.0,1.0,0.0,0.0,1.0,0.0,2022,11,Primavera,Arbustos,1,1,1,1,3.0457898456904298,5–10 m,834_gt3r_1238591,297436.3,5282594.7,BOSQUE_NW_02,conservador,SI,,2022-11-14,NO
BOSQUE_NW_02(3),ATL08_20221116210454_08721713_007_01.h5,2022-11-16T21:04:54Z,gt1l,-71.5384521484375,-42.68905258178711,153868008.7291873,872.0,17.0,13.0,007,01,23265.0,1.0,1769727.0,1769731.0,1475.9371337890625,210.9690704345703,17.134521484375,123.28363037109375,17.134521484375,3.4930734634399414,,,,,,,31.0,7.0,126.0,1.0,0.0,0.0,0.0,0.0,2022,11,Primavera,Bosque abierto desconocido,1,1,1,1,7.195043671544391,10–20 m,872_gt1l_1769727,292049.1,5270590.0,BOSQUE_NW_02,conservador,SI,,2022-11-16,NO
BOSQUE_NW_02(3),ATL08_20221116210454_08721713_007_01.h5,2022-11-16T21:04:54Z,gt1l,-71.53880310058594,-42.68636703491211,153868008.77144507,872.0,17.0,13.0,007,01,23265.0,1.0,1769742.0,1769746.0,1419.171875,177.4142608642578,26.0667724609375,144.41636657714844,26.0667724609375,6.203360557556152,,,,,,,41.0,8.0,116.0,1.0,0.0,0.0,0.0,0.0,2022,11,Primavera,Bosque cerrado desconocido,1,1,1,1,5.54024733186912,20–30 m,872_gt1l_1769742,292011.4,5270887.4,BOSQUE_NW_02,conservador,SI,,2022-11-16,NO
BOSQUE_NW_02(3),ATL08_20221116210454_08721713_007_01.h5,2022-11-16T21:04:54Z,gt1l,-71.53995513916016,-42.67742156982422,153868008.91237265,872.0,17.0,13.0,007,01,23265.0,1.0,1769792.0,1769796.0,1168.7874755859375,166.46763610839844,23.1109619140625,111.01862335205078,23.1109619140625,6.6663618087768555,,,,,,,37.0,7.0,112.0,1.0,0.0,0.0,0.0,0.0,2022,11,Primavera,Bosque cerrado perennifolio latifolio,1,1,1,1,4.803721444605837,20–30 m,872_gt1l_1769792,291887.1,5271878.0,BOSQUE_NW_02,conservador,SI,,2022-11-16,NO
BOSQUE_NW_02(3),ATL08_20221116210454_08721713_007_01.h5,2022-11-16T21:04:54Z,gt1l,-71.54042053222656,-42.67384338378906,153868008.9688666,872.0,17.0,13.0,007,01,23265.0,1.0,1769812.0,1769816.0,1098.360107421875,28.176822662353516,10.3399658203125,27.8083553314209,10.3399658203125,2.1097583770751953,,,,,,,27.0,39.0,116.0,1.0,0.0,0.0,0.0,0.0,2022,11,Primavera,Bosque cerrado desconocido,1,1,1,1,2.6894049569092733,10–20 m,872_gt1l_1769812,291837.0,5272274.2,BOSQUE_NW_02,conservador,SI,,2022-11-16,NO
BOSQUE_NW_02(3),ATL08_20221116210454_08721713_007_01.h5,2022-11-16T21:04:54Z,gt1l,-71.5406723022461,-42.671875,153868008.99990207,872.0,17.0,13.0,007,01,23265.0,1.0,1769823.0,1769826.0,1107.389892578125,184.71148681640625,16.8592529296875,121.29997253417969,16.8592529296875,4.784368991851807,,,,,,,20.0,6.0,116.0,1.0,0.0,0.0,0.0,0.0,2022,11,Primavera,Bosque cerrado desconocido,1,1,1,1,7.194860474545837,10–20 m,872_gt1l_1769823,291809.8,5272492.2,BOSQUE_NW_02,conservador,SI,,2022-11-16,NO
BOSQUE_NW_02(3),ATL08_20221116210454_08721713_007_01.h5,2022-11-16T21:04:54Z,gt1l,-71.540771484375,-42.67116165161133,153868009.0112017,872.0,17.0,13.0,007,01,23265.0,1.0,1769827.0,1769831.0,1101.585693359375,183.3825225830078,15.1424560546875,86.99186706542969,15.1424560546875,4.495647430419922,,,,,,,31.0,6.0,116.0,1.0,0.0,0.0,0.0,0.0,2022,11,Primavera,Bosque cerrado desconocido,1,1,1,1,5.744898103138326,10–20 m,872_gt1l_1769827,291799.3,5272571.1,BOSQUE_NW_02,conservador,SI,,2022-11-16,NO
BOSQUE_NW_02(3),ATL08_20221116210454_08721713_007_01.h5,2022-11-16T21:04:54Z,gt1l,-71.5411148071289,-42.66847610473633,153868009.05348116,872.0,17.0,13.0,007,01,23265.0,1.0,1769842.0,1769846.0,1083.420654296875,60.00705337524414,24.0367431640625,59.38761520385742,25.125244140625,6.525026798248291,,,,,,,52.0,18.0,126.0,1.0,0.0,0.0,0.0,0.0,2022,11,Primavera,Bosque abierto desconocido,1,1,1,1,2.4707014090265047,20–30 m,872_gt1l_1769842,291762.2,5272868.5,BOSQUE_NW_02,conservador,SI,,2022-11-16,NO
BOSQUE_NW_02(3),ATL08_20221116210454_08721713_007_01.h5,2022-11-16T21:04:54Z,gt1l,-71.54471588134766,-42.640743255615234,153868009.49053618,872.0,17.0,13.0,007,01,23265.0,1.0,1769997.0,1770001.0,1079.938232421875,77.10919189453125,16.3228759765625,80.81749725341797,16.3228759765625,3.5091054439544678,,,,,,,42.0,14.0,126.0,1.0,0.0,0.0,0.0,0.0,2022,11,Primavera,Bosque abierto desconocido,1,1,1,1,4.951180010769012,10–20 m,872_gt1l_1769997,291374.3,5275939.4,BOSQUE_NW_02,conservador,SI,,2022-11-16,NO
BOSQUE_NW_02(3),ATL08_20221116210454_08721713_007_01.h5,2022-11-16T21:04:54Z,gt1l,-71.54483795166016,-42.63985061645508,153868009.50463462,872.0,17.0,13.0,007,01,23265.0,1.0,1770002.0,1770006.0,1068.744873046875,62.95862579345703,23.0667724609375,60.96315002441406,23.0667724609375,6.084497928619385,,,,,,,31.0,17.0,116.0,1.0,0.0,0.0,0.0,0.0,2022,11,Primavera,Bosque cerrado desconocido,1,1,1,1,2.642899006683848,20–30 m,872_gt1l_1770002,291361.3,5276038.2,BOSQUE_NW_02,conservador,SI,,2022-11-16,NO
BOSQUE_NW_02(3),ATL08_20221116210454_08721713_007_01.h5,2022-11-16T21:04:54Z,gt1l,-71.54646301269531,-42.627323150634766,153868009.70194423,872.0,17.0,13.0,007,01,23265.0,1.0,1770072.0,1770076.0,899.927001953125,16.984140396118164,23.5023193359375,22.58317756652832,23.77191162109375,5.139708042144775,,,,,,,67.0,53.0,40.0,1.0,0.0,0.0,0.0,0.0,2022,11,Primavera,Cultivos/manejo,1,1,1,1,0.9608914441051052,20–30 m,872_gt1l_1770072,291186.2,5277425.4,BOSQUE_NW_02,conservador,SI,,2022-11-16,NO
BOSQUE_NW_02(3),ATL08_20221116210454_08721713_007_01.h5,2022-11-16T21:04:54Z,gt1l,-71.54692840576172,-42.62374496459961,153868009.758359,872.0,17.0,13.0,007,01,23265.0,1.0,1770092.0,1770096.0,924.6646118164062,84.13855743408203,17.35675048828125,54.80507278442383,18.550537109375,3.52878999710083,,,,,,,62.0,11.0,126.0,1.0,0.0,0.0,0.0,0.0,2022,11,Primavera,Bosque abierto desconocido,1,1,1,1,3.1575652839756234,10–20 m,872_gt1l_1770092,291136.1,5277821.6,BOSQUE_NW_02,conservador,SI,,2022-11-16,NO
BOSQUE_NW_02(3),ATL08_20221116210454_08721713_007_01.h5,2022-11-16T21:04:54Z,gt1l,-71.54773712158203,-42.61748504638672,153868009.85705087,872.0,17.0,13.0,007,01,23265.0,1.0,1770127.0,1770131.0,979.4452514648438,108.85246276855469,22.44732666015625,140.12660217285156,22.44732666015625,4.373337745666504,,,,,,,37.0,9.0,116.0,1.0,0.0,0.0,0.0,0.0,2022,11,Primavera,Bosque cerrado desconocido,1,1,1,1,6.242462823939507,20–30 m,872_gt1l_1770127,291048.8,5278514.8,BOSQUE_NW_02,conservador,SI,,2022-11-16,NO
BOSQUE_NW_02(3),ATL08_20221116210454_08721713_007_01.h5,2022-11-16T21:04:54Z,gt1l,-71.548095703125,-42.61479949951172,153868009.8993551,872.0,17.0,13.0,007,01,23265.0,1.0,1770142.0,1770146.0,1073.5694580078125,179.1366729736328,23.6163330078125,95.45919799804688,26.638427734375,5.540294647216797,,,,,,,49.0,6.0,116.0,1.0,0.0,0.0,0.0,0.0,2022,11,Primavera,Bosque cerrado desconocido,1,1,1,1,4.042083839454165,20–30 m,872_gt1l_1770142,291010.4,5278812.1,BOSQUE_NW_02,conservador,SI,,2022-11-16,NO
BOSQUE_NW_02(3),ATL08_20221116210454_08721713_007_01.h5,2022-11-16T21:04:54Z,gt1l,-71.54891204833984,-42.60853958129883,153868009.99808037,872.0,17.0,13.0,007,01,23265.0,1.0,1770177.0,1770181.0,1118.861083984375,187.27613830566406,30.4512939453125,146.00592041015625,32.090087890625,8.22696590423584,,,,,,,45.0,6.0,112.0,1.0,0.0,0.0,0.0,0.0,2022,11,Primavera,Bosque cerrado perennifolio latifolio,1,1,1,1,4.794736166954626,>30 m,872_gt1l_1770177,290922.5,5279505.2,BOSQUE_NW_02,conservador,SI,,2022-11-16,NO
BOSQUE_NW_02(3),ATL08_20221116210454_08721713_007_01.h5,2022-11-16T21:04:54Z,gt1l,-71.54984283447266,-42.601383209228516,153868010.11096978,872.0,17.0,13.0,007,01,23265.0,1.0,1770217.0,1770221.0,1288.7537841796875,215.0250244140625,29.648193359375,141.90219116210938,34.8470458984375,7.358469486236572,,,,,,,57.0,6.0,112.0,1.0,0.0,0.0,0.0,0.0,2022,11,Primavera,Bosque cerrado perennifolio latifolio,1,1,1,1,4.786200273388285,20–30 m,872_gt1l_1770217,290822.2,5280297.7,BOSQUE_NW_02,conservador,SI,,2022-11-16,NO
BOSQUE_NW_02(3),ATL08_20221116210454_08721713_007_01.h5,2022-11-16T21:04:54Z,gt1l,-71.55205535888672,-42.58438491821289,153868010.37880722,872.0,17.0,13.0,007,01,23265.0,1.0,1770312.0,1770316.0,1137.979248046875,63.029541015625,22.3883056640625,73.66039276123047,22.3883056640625,5.787501811981201,,,,,,,35.0,18.0,116.0,1.0,0.0,0.0,0.0,0.0,2022,11,Primavera,Bosque cerrado desconocido,1,1,1,1,3.290128063575148,20–30 m,872_gt1l_1770312,290583.7,5282179.8,BOSQUE_NW_02,conservador,SI,,2022-11-16,NO
BOSQUE_NW_02(3),ATL08_20221116210454_08721713_007_01.h5,2022-11-16T21:04:54Z,gt1l,-71.5533218383789,-42.57454299926758,153868010.53396314,872.0,17.0,13.0,007,01,23265.0,1.0,1770367.0,1770371.0,951.1571655273438,59.48143768310547,12.53363037109375,39.717655181884766,12.53363037109375,2.842287540435791,,,,,,,27.0,16.0,126.0,1.0,0.0,0.0,0.0,0.0,2022,11,Primavera,Bosque abierto desconocido,1,1,1,1,3.1688867475687967,10–20 m,872_gt1l_1770367,290446.8,5283269.6,BOSQUE_NW_02,conservador,SI,,2022-11-16,NO
BOSQUE_NW_02(3),ATL08_20221116210454_08721713_007_01.h5,2022-11-16T21:04:54Z,gt1l,-71.55459594726562,-42.56470489501953,153868010.68908718,872.0,17.0,13.0,007,01,23265.0,1.0,1770422.0,1770426.0,752.1554565429688,53.753623962402344,22.879150390625,56.79738998413086,24.40557861328125,6.053544998168945,,,,,,,58.0,14.0,126.0,1.0,0.0,0.0,0.0,0.0,2022,11,Primavera,Bosque abierto desconocido,1,1,1,1,2.4824955915934823,20–30 m,872_gt1l_1770422,290309.3,5284359.0,BOSQUE_NW_02,conservador,SI,,2022-11-16,NO
BOSQUE_NW_02(3),ATL08_20221116210454_08721713_007_01.h5,2022-11-16T21:04:54Z,gt1r,-71.53709411621094,-42.69076156616211,153868009.05418137,872.0,17.0,13.0,007,01,23265.0,1.0,1769717.0,1769721.0,1491.6717529296875,67.84931182861328,19.0533447265625,19.103200912475586,20.67724609375,4.312819957733154,,,,,,,87.0,22.0,122.0,1.0,0.0,0.0,0.0,0.0,2022,11,Primavera,Bosque abierto perennifolio latifolio,1,1,1,1,1.0026166631963354,10–20 m,872_gt1r_1769717,292166.0,5270403.6,BOSQUE_NW_02,conservador,SI,,2022-11-16,NO
BOSQUE_NW_02(3),ATL08_20221116210454_08721713_007_01.h5,2022-11-16T21:04:54Z,gt1r,-71.5372085571289,-42.68986511230469,153868009.0680679,872.0,17.0,13.0,007,01,23265.0,1.0,1769722.0,1769726.0,1481.14453125,52.974815368652344,18.5780029296875,28.47313117980957,19.4208984375,5.270439147949219,,,,,,,111.0,28.0,112.0,1.0,0.0,0.0,0.0,0.0,2022,11,Primavera,Bosque cerrado perennifolio latifolio,1,1,1,1,1.532626046382506,10–20 m,872_gt1r_1769722,292153.7,5270502.9,BOSQUE_NW_02,conservador,SI,,2022-11-16,NO
BOSQUE_NW_02(3),ATL08_20221116210454_08721713_007_01.h5,2022-11-16T21:04:54Z,gt1r,-71.53949737548828,-42.67215347290039,153868009.34759685,872.0,17.0,13.0,007,01,23265.0,1.0,1769822.0,1769826.0,1114.33251953125,65.55813598632812,20.234130859375,14.23395824432373,21.0703125,4.787253379821777,,,,,,,97.0,17.0,112.0,1.0,0.0,0.0,0.0,0.0,2022,11,Primavera,Bosque cerrado perennifolio latifolio,1,1,1,1,0.7034627947821523,20–30 m,872_gt1r_1769822,291907.0,5272464.1,BOSQUE_NW_02,conservador,SI,,2022-11-16,NO
BOSQUE_NW_02(3),ATL08_20221116210454_08721713_007_01.h5,2022-11-16T21:04:54Z,gt1r,-71.53987121582031,-42.66929244995117,153868009.39258122,872.0,17.0,13.0,007,01,23265.0,1.0,1769837.0,1769841.0,1106.2655029296875,28.32170867919922,3.8695068359375,18.860340118408203,5.3160400390625,0.9468855857849121,,,,,,,114.0,39.0,20.0,1.0,0.0,0.0,0.0,0.0,2022,11,Primavera,Arbustos,1,1,1,1,4.874094017161425,2–5 m,872_gt1r_1769837,291866.8,5272780.9,BOSQUE_NW_02,conservador,SI,,2022-11-16,NO
BOSQUE_NW_02(3),ATL08_20221116210454_08721713_007_01.h5,2022-11-16T21:04:54Z,gt1r,-71.54021453857422,-42.66660690307617,153868009.43491092,872.0,17.0,13.0,007,01,23265.0,1.0,1769852.0,1769856.0,1058.5787353515625,20.41086196899414,6.02392578125,15.0199556350708,7.5877685546875,1.5692862272262573,,,,,,,83.0,52.0,30.0,1.0,0.0,0.0,0.0,0.0,2022,11,Primavera,Herbáceas,1,1,1,1,2.4933832488145415,5–10 m,872_gt1r_1769852,291829.7,5273078.3,BOSQUE_NW_02,conservador,SI,,2022-11-16,NO
BOSQUE_NW_02(3),ATL08_20221116210454_08721713_007_01.h5,2022-11-16T21:04:54Z,gt1r,-71.54359436035156,-42.640663146972656,153868009.84376162,872.0,17.0,13.0,007,01,23265.0,1.0,1769997.0,1770001.0,1104.8973388671875,39.4172477722168,9.731689453125,19.10676383972168,12.56298828125,2.44150710105896,,,,,,,104.0,28.0,30.0,1.0,0.0,0.0,0.0,0.0,2022,11,Primavera,Herbáceas,1,1,1,1,1.9633552767742906,5–10 m,872_gt1r_1769997,291466.0,5275951.0,BOSQUE_NW_02,conservador,SI,,2022-11-16,NO
BOSQUE_NW_02(3),ATL08_20221116210454_08721713_007_01.h5,2022-11-16T21:04:54Z,gt1r,-71.5441665649414,-42.636192321777344,153868009.914277,872.0,17.0,13.0,007,01,23265.0,1.0,1770022.0,1770026.0,998.36572265625,36.97270202636719,15.01934814453125,22.160449981689453,17.38720703125,3.326890707015991,,,,,,,134.0,27.0,20.0,1.0,0.0,0.0,0.0,0.0,2022,11,Primavera,Arbustos,1,1,1,1,1.4754601710033852,10–20 m,872_gt1r_1770022,291404.2,5276446.1,BOSQUE_NW_02,conservador,SI,,2022-11-16,NO
BOSQUE_NW_02(3),ATL08_20221116210454_08721713_007_01.h5,2022-11-16T21:04:54Z,gt1r,-71.54591369628906,-42.622772216796875,153868010.125835,872.0,17.0,13.0,007,01,23265.0,1.0,1770097.0,1770101.0,897.320556640625,3.5899105072021484,8.039794921875,4.999392986297607,9.6912841796875,2.0424530506134033,,,,,,,79.0,250.0,20.0,1.0,0.0,0.0,0.0,0.0,2022,11,Primavera,Arbustos,1,1,1,1,0.6218309092306641,5–10 m,872_gt1r_1770097,291216.0,5277932.1,BOSQUE_NW_02,conservador,SI,,2022-11-16,NO
BOSQUE_NW_02(3),ATL08_20221116210454_08721713_007_01.h5,2022-11-16T21:04:54Z,gt1r,-71.54684448242188,-42.61561584472656,153868010.23865008,872.0,17.0,13.0,007,01,23265.0,1.0,1770137.0,1770141.0,1013.4551391601562,53.15953826904297,10.14910888671875,17.95153045654297,11.4281005859375,2.440343141555786,,,,,,,126.0,19.0,20.0,1.0,0.0,0.0,0.0,0.0,2022,11,Primavera,Arbustos,1,1,1,1,1.7687789792101418,10–20 m,872_gt1r_1770137,291115.8,5278724.5,BOSQUE_NW_02,conservador,SI,,2022-11-16,NO
BOSQUE_NW_02(3),ATL08_20221116210454_08721713_007_01.h5,2022-11-16T21:04:54Z,gt1r,-71.54884338378906,-42.600406646728516,153868010.47820044,872.0,17.0,13.0,007,01,23265.0,1.0,1770222.0,1770226.0,1303.5858154296875,65.11555480957031,15.5701904296875,22.582256317138672,18.17919921875,4.145257949829102,,,,,,,97.0,20.0,114.0,1.0,0.0,0.0,0.0,0.0,2022,11,Primavera,Bosque cerrado caducifolio latifolio,1,1,1,1,1.4503519670563148,10–20 m,872_gt1r_1770222,290900.9,5280408.6,BOSQUE_NW_02,conservador,SI,,2022-11-16,NO
BOSQUE_NW_02(3),ATL08_20221116210454_08721713_007_01.h5,2022-11-16T21:04:54Z,gt1r,-71.55323791503906,-42.56641387939453,153868011.01449794,872.0,17.0,13.0,007,01,23265.0,1.0,1770412.0,1770416.0,770.0105590820312,63.965518951416016,12.10748291015625,12.009525299072266,14.45947265625,3.0730535984039307,,,,,,,131.0,12.0,126.0,1.0,0.0,0.0,0.0,0.0,2022,11,Primavera,Bosque abierto desconocido,1,1,1,1,0.9919093331115245,10–20 m,872_gt1r_1770412,290426.5,5284172.6,BOSQUE_NW_02,conservador,SI,,2022-11-16,NO
BOSQUE_NW_02(3),ATL08_20221116210454_08721713_007_01.h5,2022-11-16T21:04:54Z,gt1r,-71.55440521240234,-42.557464599609375,153868011.1556961,872.0,17.0,13.0,007,01,23265.0,1.0,1770462.0,1770466.0,729.9883422851562,11.972955703735352,13.9996337890625,11.182689666748047,17.32208251953125,3.7804031372070312,,,,,,,121.0,61.0,116.0,1.0,0.0,0.0,0.0,0.0,2022,11,Primavera,Bosque cerrado desconocido,1,1,1,1,0.7987844421676766,10–20 m,872_gt1r_1770462,290300.7,5285163.5,BOSQUE_NW_02,conservador,SI,,2022-11-16,NO
BOSQUE_NW_02(3),ATL08_20221116210454_08721713_007_01.h5,2022-11-16T21:04:54Z,gt2l,-71.49851989746094,-42.68476867675781,153868008.73478618,872.0,17.0,13.0,007,01,23265.0,1.0,1769735.0,1769739.0,1385.6307373046875,172.83013916015625,15.059814453125,140.33946228027344,15.059814453125,3.230846405029297,,,,,,,31.0,8.0,30.0,1.0,0.0,0.0,0.0,0.0,2022,11,Primavera,Herbáceas,1,1,1,1,9.31880420685742,10–20 m,872_gt2l_1769735,295306.4,5271163.3,BOSQUE_NW_02,conservador,SI,,2022-11-16,NO
BOSQUE_NW_02(3),ATL08_20221116210454_08721713_007_01.h5,2022-11-16T21:04:54Z,gt2l,-71.50320434570312,-42.64898681640625,153868009.29888627,872.0,17.0,13.0,007,01,23265.0,1.0,1769935.0,1769939.0,1420.36669921875,202.6749267578125,21.260009765625,134.7183837890625,21.260009765625,6.217932224273682,,,,,,,31.0,7.0,112.0,1.0,0.0,0.0,0.0,0.0,2022,11,Primavera,Bosque cerrado perennifolio latifolio,1,1,1,1,6.336703758569608,20–30 m,872_gt2l_1769935,294804.9,5275125.6,BOSQUE_NW_02,conservador,SI,,2022-11-16,NO
BOSQUE_NW_02(3),ATL08_20221116210454_08721713_007_01.h5,2022-11-16T21:04:54Z,gt2l,-71.5042495727539,-42.640933990478516,153868009.4256753,872.0,17.0,13.0,007,01,23265.0,1.0,1769980.0,1769984.0,1346.7025146484375,67.58282470703125,19.4735107421875,71.0404281616211,19.4735107421875,5.032862663269043,,,,,,,34.0,20.0,112.0,1.0,0.0,0.0,0.0,0.0,2022,11,Primavera,Bosque cerrado perennifolio latifolio,1,1,1,1,3.648054482940192,10–20 m,872_gt2l_1769980,294692.7,5276017.3,BOSQUE_NW_02,conservador,SI,,2022-11-16,NO
BOSQUE_NW_02(3),ATL08_20221116210454_08721713_007_01.h5,2022-11-16T21:04:54Z,gt2l,-71.50459289550781,-42.63825225830078,153868009.46801385,872.0,17.0,13.0,007,01,23265.0,1.0,1769995.0,1769999.0,1349.346923828125,168.82968139648438,13.13818359375,174.27989196777344,13.13818359375,3.093238592147827,,,,,,,30.0,8.0,114.0,1.0,0.0,0.0,0.0,0.0,2022,11,Primavera,Bosque cerrado caducifolio latifolio,1,1,1,1,13.265143596461888,10–20 m,872_gt2l_1769995,294655.8,5276314.3,BOSQUE_NW_02,conservador,SI,,2022-11-16,NO
BOSQUE_NW_02(3),ATL08_20221116210454_08721713_007_01.h5,2022-11-16T21:04:54Z,gt2l,-71.50471496582031,-42.63735580444336,153868009.48211145,872.0,17.0,13.0,007,01,23265.0,1.0,1770000.0,1770004.0,1357.295166015625,169.8497314453125,18.0634765625,148.37448120117188,18.0634765625,3.39394211769104,,,,,,,18.0,8.0,112.0,1.0,0.0,0.0,0.0,0.0,2022,11,Primavera,Bosque cerrado perennifolio latifolio,1,1,1,1,8.214060050278423,10–20 m,872_gt2l_1770000,294642.8,5276413.5,BOSQUE_NW_02,conservador,SI,,2022-11-16,NO
BOSQUE_NW_02(3),ATL08_20221116210454_08721713_007_01.h5,2022-11-16T21:04:54Z,gt2l,-71.50506591796875,-42.634674072265625,153868009.5244495,872.0,17.0,13.0,007,01,23265.0,1.0,1770015.0,1770019.0,1378.2652587890625,172.292236328125,20.018310546875,150.92938232421875,20.021240234375,4.866597652435303,,,,,,,51.0,8.0,116.0,1.0,0.0,0.0,0.0,0.0,2022,11,Primavera,Bosque cerrado desconocido,1,1,1,1,7.539566436977864,20–30 m,872_gt2l_1770015,294605.2,5276710.5,BOSQUE_NW_02,conservador,SI,,2022-11-16,NO
BOSQUE_NW_02(3),ATL08_20221116210454_08721713_007_01.h5,2022-11-16T21:04:54Z,gt2l,-71.50530242919922,-42.63288497924805,153868009.55262944,872.0,17.0,13.0,007,01,23265.0,1.0,1770025.0,1770029.0,1383.1859130859375,115.24748992919922,16.8470458984375,103.38168334960938,16.8470458984375,3.898808002471924,,,,,,,30.0,12.0,112.0,1.0,0.0,0.0,0.0,0.0,2022,11,Primavera,Bosque cerrado perennifolio latifolio,1,1,1,1,6.136487308982617,10–20 m,872_gt2l_1770025,294579.9,5276908.6,BOSQUE_NW_02,conservador,SI,,2022-11-16,NO
BOSQUE_NW_02(3),ATL08_20221116210454_08721713_007_01.h5,2022-11-16T21:04:54Z,gt2l,-71.50542449951172,-42.631988525390625,153868009.56671497,872.0,17.0,13.0,007,01,23265.0,1.0,1770030.0,1770034.0,1381.0128173828125,229.63365173339844,17.6500244140625,85.16011047363281,17.6500244140625,3.5600297451019287,,,,,,,23.0,6.0,112.0,1.0,0.0,0.0,0.0,0.0,2022,11,Primavera,Bosque cerrado perennifolio latifolio,1,1,1,1,4.824928763598891,10–20 m,872_gt2l_1770030,294567.0,5277007.8,BOSQUE_NW_02,conservador,SI,,2022-11-16,NO
BOSQUE_NW_02(3),ATL08_20221116210454_08721713_007_01.h5,2022-11-16T21:04:54Z,gt2l,-71.50553894042969,-42.63109588623047,153868009.5807973,872.0,17.0,13.0,007,01,23265.0,1.0,1770035.0,1770039.0,1371.1451416015625,114.23663330078125,23.2608642578125,108.42766571044922,23.2608642578125,5.335549831390381,,,,,,,37.0,12.0,112.0,1.0,0.0,0.0,0.0,0.0,2022,11,Primavera,Bosque cerrado perennifolio latifolio,1,1,1,1,4.66137734646004,20–30 m,872_gt2l_1770035,294554.6,5277106.7,BOSQUE_NW_02,conservador,SI,,2022-11-16,NO
BOSQUE_NW_02(3),ATL08_20221116210454_08721713_007_01.h5,2022-11-16T21:04:54Z,gt2l,-71.50564575195312,-42.63019943237305,153868009.5949154,872.0,17.0,13.0,007,01,23265.0,1.0,1770040.0,1770044.0,1363.466064453125,194.87353515625,22.8526611328125,149.31265258789062,22.8526611328125,5.2243428230285645,,,,,,,34.0,7.0,112.0,1.0,0.0,0.0,0.0,0.0,2022,11,Primavera,Bosque cerrado perennifolio latifolio,1,1,1,1,6.533709650711237,20–30 m,872_gt2l_1770040,294542.9,5277206.0,BOSQUE_NW_02,conservador,SI,,2022-11-16,NO
BOSQUE_NW_02(3),ATL08_20221116210454_08721713_007_01.h5,2022-11-16T21:04:54Z,gt2l,-71.5109634399414,-42.589046478271484,153868010.24333394,872.0,17.0,13.0,007,01,23265.0,1.0,1770270.0,1770274.0,816.1813354492188,102.0384292602539,21.04144287109375,77.81456756591797,21.75750732421875,5.295023441314697,,,,,,,58.0,8.0,126.0,1.0,0.0,0.0,0.0,0.0,2022,11,Primavera,Bosque abierto desconocido,1,1,1,1,3.6981573955091185,20–30 m,872_gt2l_1770270,293971.2,5281763.1,BOSQUE_NW_02,conservador,SI,,2022-11-16,NO
BOSQUE_NW_02(3),ATL08_20221116210454_08721713_007_01.h5,2022-11-16T21:04:54Z,gt2l,-71.51132202148438,-42.586360931396484,153868010.28562275,872.0,17.0,13.0,007,01,23265.0,1.0,1770285.0,1770289.0,827.6990966796875,74.70205688476562,12.469970703125,61.67564010620117,12.469970703125,2.9045329093933105,,,,,,,19.0,11.0,126.0,1.0,0.0,0.0,0.0,0.0,2022,11,Primavera,Bosque abierto desconocido,1,1,1,1,4.945933039822229,10–20 m,872_gt2l_1770285,293932.9,5282060.4,BOSQUE_NW_02,conservador,SI,,2022-11-16,NO
BOSQUE_NW_02(3),ATL08_20221116210454_08721713_007_01.h5,2022-11-16T21:04:54Z,gt2l,-71.51143646240234,-42.58546829223633,153868010.29970887,872.0,17.0,13.0,007,01,23265.0,1.0,1770290.0,1770294.0,807.6759643554688,47.523826599121094,19.2037353515625,47.93400192260742,19.2037353515625,4.017683029174805,,,,,,,38.0,17.0,126.0,1.0,0.0,0.0,0.0,0.0,2022,11,Primavera,Bosque abierto desconocido,1,1,1,1,2.496076989454414,10–20 m,872_gt2l_1770290,293920.6,5282159.3,BOSQUE_NW_02,conservador,SI,,2022-11-16,NO
BOSQUE_NW_02(3),ATL08_20221116210454_08721713_007_01.h5,2022-11-16T21:04:54Z,gt2l,-71.51190185546875,-42.58189010620117,153868010.3561163,872.0,17.0,13.0,007,01,23265.0,1.0,1770310.0,1770314.0,802.0259399414062,28.64242172241211,20.30426025390625,36.99223709106445,20.30426025390625,4.854405879974365,,,,,,,43.0,28.0,116.0,1.0,0.0,0.0,0.0,0.0,2022,11,Primavera,Bosque cerrado desconocido,1,1,1,1,1.8218953376519922,20–30 m,872_gt2l_1770310,293870.6,5282555.5,BOSQUE_NW_02,conservador,SI,,2022-11-16,NO
BOSQUE_NW_02(3),ATL08_20221116210454_08721713_007_01.h5,2022-11-16T21:04:54Z,gt2l,-71.51201629638672,-42.58099365234375,153868010.3702517,872.0,17.0,13.0,007,01,23265.0,1.0,1770315.0,1770319.0,799.9981689453125,12.313130378723145,20.03131103515625,16.084383010864258,20.47528076171875,4.480415344238281,,,,,,,47.0,65.0,126.0,1.0,0.0,0.0,0.0,0.0,2022,11,Primavera,Bosque abierto desconocido,1,1,1,1,0.8029620718601554,20–30 m,872_gt2l_1770315,293858.2,5282654.8,BOSQUE_NW_02,conservador,SI,,2022-11-16,NO
BOSQUE_NW_02(3),ATL08_20221116210454_08721713_007_01.h5,2022-11-16T21:04:54Z,gt2l,-71.51225280761719,-42.57920455932617,153868010.39847857,872.0,17.0,13.0,007,01,23265.0,1.0,1770325.0,1770329.0,827.6527099609375,137.30783081054688,22.73126220703125,62.02939987182617,22.97515869140625,5.05558967590332,,,,,,,48.0,6.0,20.0,1.0,0.0,0.0,0.0,0.0,2022,11,Primavera,Arbustos,1,1,1,1,2.728814586135881,20–30 m,872_gt2l_1770325,293832.9,5282852.9,BOSQUE_NW_02,conservador,SI,,2022-11-16,NO
BOSQUE_NW_02(3),ATL08_20221116210454_08721713_007_01.h5,2022-11-16T21:04:54Z,gt2l,-71.5127182006836,-42.575626373291016,153868010.45486194,872.0,17.0,13.0,007,01,23265.0,1.0,1770345.0,1770349.0,831.6571044921875,92.19828033447266,13.4129638671875,59.06795120239258,13.4129638671875,2.956371545791626,,,,,,,26.0,9.0,116.0,1.0,0.0,0.0,0.0,0.0,2022,11,Primavera,Bosque cerrado desconocido,1,1,1,1,4.403795595609716,10–20 m,872_gt2l_1770345,293782.9,5283249.1,BOSQUE_NW_02,conservador,SI,,2022-11-16,NO
BOSQUE_NW_02(3),ATL08_20221116210454_08721713_007_01.h5,2022-11-16T21:04:54Z,gt2l,-71.51295471191406,-42.57383728027344,153868010.4830987,872.0,17.0,13.0,007,01,23265.0,1.0,1770355.0,1770359.0,833.05322265625,39.65242004394531,13.94708251953125,35.869117736816406,14.17327880859375,3.009321451187134,,,,,,,38.0,21.0,126.0,1.0,0.0,0.0,0.0,0.0,2022,11,Primavera,Bosque abierto desconocido,1,1,1,1,2.5718007824637104,10–20 m,872_gt2l_1770355,293757.6,5283447.2,BOSQUE_NW_02,conservador,SI,,2022-11-16,NO
BOSQUE_NW_02(3),ATL08_20221116210454_08721713_007_01.h5,2022-11-16T21:04:54Z,gt2l,-71.51411437988281,-42.56489181518555,153868010.62419772,872.0,17.0,13.0,007,01,23265.0,1.0,1770405.0,1770409.0,762.1543579101562,50.86714172363281,19.5555419921875,41.79975128173828,19.5555419921875,4.1667914390563965,,,,,,,35.0,15.0,116.0,1.0,0.0,0.0,0.0,0.0,2022,11,Primavera,Bosque cerrado desconocido,1,1,1,1,2.1374887639748064,10–20 m,872_gt2l_1770405,293632.9,5284437.7,BOSQUE_NW_02,conservador,SI,,2022-11-16,NO
BOSQUE_NW_02(3),ATL08_20221116210454_08721713_007_01.h5,2022-11-16T21:04:54Z,gt2r,-71.50340270996094,-42.63834762573242,153868009.8183059,872.0,17.0,13.0,007,01,23265.0,1.0,1769994.0,1769998.0,1350.093017578125,75.03700256347656,16.383056640625,43.62437438964844,18.107666015625,4.2113938331604,,,,,,,92.0,18.0,112.0,1.0,0.0,0.0,0.0,0.0,2022,11,Primavera,Bosque cerrado perennifolio latifolio,1,1,1,1,2.6627738246032338,10–20 m,872_gt2r_1769994,294753.7,5276306.6,BOSQUE_NW_02,conservador,SI,,2022-11-16,NO
BOSQUE_NW_02(3),ATL08_20221116210454_08721713_007_01.h5,2022-11-16T21:04:54Z,gt2r,-71.50399017333984,-42.633872985839844,153868009.88882926,872.0,17.0,13.0,007,01,23265.0,1.0,1770019.0,1770023.0,1383.9207763671875,15.722180366516113,8.992431640625,18.00080108642578,9.2149658203125,2.669163703918457,,,,,,,65.0,88.0,116.0,1.0,0.0,0.0,0.0,0.0,2022,11,Primavera,Bosque cerrado desconocido,1,1,1,1,2.0017723576683952,5–10 m,872_gt2r_1770019,294690.8,5276802.0,BOSQUE_NW_02,conservador,SI,,2022-11-16,NO
BOSQUE_NW_02(3),ATL08_20221116210454_08721713_007_01.h5,2022-11-16T21:04:54Z,gt2r,-71.50411224365234,-42.63298034667969,153868009.90299737,872.0,17.0,13.0,007,01,23265.0,1.0,1770024.0,1770028.0,1387.9351806640625,22.750289916992188,10.0704345703125,20.281110763549805,10.2781982421875,2.806796073913574,,,,,,,52.0,61.0,116.0,1.0,0.0,0.0,0.0,0.0,2022,11,Primavera,Bosque cerrado desconocido,1,1,1,1,2.01392607458453,10–20 m,872_gt2r_1770024,294677.8,5276900.9,BOSQUE_NW_02,conservador,SI,,2022-11-16,NO
BOSQUE_NW_02(3),ATL08_20221116210454_08721713_007_01.h5,2022-11-16T21:04:54Z,gt2r,-71.50724029541016,-42.60882568359375,153868010.28386116,872.0,17.0,13.0,007,01,23265.0,1.0,1770159.0,1770163.0,1073.4278564453125,53.72910690307617,8.7171630859375,19.03123664855957,11.0125732421875,2.4190375804901123,,,,,,,81.0,20.0,112.0,1.0,0.0,0.0,0.0,0.0,2022,11,Primavera,Bosque cerrado perennifolio latifolio,1,1,1,1,2.1831915338673316,5–10 m,872_gt2r_1770159,294341.8,5279575.6,BOSQUE_NW_02,conservador,SI,,2022-11-16,NO
BOSQUE_NW_02(3),ATL08_20221116210454_08721713_007_01.h5,2022-11-16T21:04:54Z,gt2r,-71.50758361816406,-42.60614013671875,153868010.32631359,872.0,17.0,13.0,007,01,23265.0,1.0,1770174.0,1770178.0,1035.43359375,79.81444549560547,12.379638671875,25.389257431030273,14.2410888671875,2.849881172180176,,,,,,,99.0,13.0,112.0,1.0,0.0,0.0,0.0,0.0,2022,11,Primavera,Bosque cerrado perennifolio latifolio,1,1,1,1,2.050888406679551,10–20 m,872_gt2r_1770174,294304.8,5279873.0,BOSQUE_NW_02,conservador,SI,,2022-11-16,NO
BOSQUE_NW_02(3),ATL08_20221116210454_08721713_007_01.h5,2022-11-16T21:04:54Z,gt2r,-71.50791931152344,-42.60345458984375,153868010.36844563,872.0,17.0,13.0,007,01,23265.0,1.0,1770189.0,1770193.0,992.1519165039062,76.50479888916016,10.91302490234375,26.11330795288086,12.77203369140625,2.6449246406555176,,,,,,,103.0,13.0,116.0,1.0,0.0,0.0,0.0,0.0,2022,11,Primavera,Bosque cerrado desconocido,1,1,1,1,2.3928569930480594,10–20 m,872_gt2r_1770189,294268.4,5280170.5,BOSQUE_NW_02,conservador,SI,,2022-11-16,NO
BOSQUE_NW_02(3),ATL08_20221116210454_08721713_007_01.h5,2022-11-16T21:04:54Z,gt2r,-71.5095443725586,-42.5909309387207,153868010.56609946,872.0,17.0,13.0,007,01,23265.0,1.0,1770259.0,1770263.0,821.4557495117188,16.461444854736328,8.6484375,14.059961318969727,16.63427734375,2.6407852172851562,,,,,,,88.0,50.0,126.0,1.0,0.0,0.0,0.0,0.0,2022,11,Primavera,Bosque abierto desconocido,1,1,1,1,1.6257227180019196,5–10 m,872_gt2r_1770259,294093.8,5281557.2,BOSQUE_NW_02,conservador,SI,,2022-11-16,NO
BOSQUE_NW_02(3),ATL08_20221116210454_08721713_007_01.h5,2022-11-16T21:04:54Z,gt2r,-71.50977325439453,-42.589141845703125,153868010.59429133,872.0,17.0,13.0,007,01,23265.0,1.0,1770269.0,1770273.0,819.3630981445312,19.51223373413086,6.0194091796875,13.048815727233887,15.1829833984375,1.6187866926193237,,,,,,,89.0,42.0,20.0,1.0,0.0,0.0,0.0,0.0,2022,11,Primavera,Arbustos,1,1,1,1,2.1677901165561435,5–10 m,872_gt2r_1770269,294069.2,5281755.4,BOSQUE_NW_02,conservador,SI,,2022-11-16,NO
BOSQUE_NW_02(3),ATL08_20221116210454_08721713_007_01.h5,2022-11-16T21:04:54Z,gt2r,-71.50989532470703,-42.5882453918457,153868010.60840714,872.0,17.0,13.0,007,01,23265.0,1.0,1770274.0,1770278.0,824.7584838867188,24.2614688873291,12.36865234375,15.395456314086914,17.52374267578125,2.3060481548309326,,,,,,,102.0,34.0,116.0,1.0,0.0,0.0,0.0,0.0,2022,11,Primavera,Bosque cerrado desconocido,1,1,1,1,1.2447157447889938,10–20 m,872_gt2r_1770274,294056.2,5281854.6,BOSQUE_NW_02,conservador,SI,,2022-11-16,NO
BOSQUE_NW_02(3),ATL08_20221116210454_08721713_007_01.h5,2022-11-16T21:04:54Z,gt2r,-71.51024627685547,-42.58556365966797,153868010.6507482,872.0,17.0,13.0,007,01,23265.0,1.0,1770289.0,1770293.0,835.3951416015625,30.879959106445312,9.9654541015625,16.44763946533203,10.49200439453125,2.3884599208831787,,,,,,,73.0,27.0,126.0,1.0,0.0,0.0,0.0,0.0,2022,11,Primavera,Bosque abierto desconocido,1,1,1,1,1.6504656283302914,5–10 m,872_gt2r_1770289,294018.6,5282151.6,BOSQUE_NW_02,conservador,SI,,2022-11-16,NO
BOSQUE_NW_02(3),ATL08_20221116210454_08721713_007_01.h5,2022-11-16T21:04:54Z,gt2r,-71.51071166992188,-42.58198547363281,153868010.70722842,872.0,17.0,13.0,007,01,23265.0,1.0,1770309.0,1770313.0,804.4271850585938,32.178672790527344,13.65167236328125,18.173036575317383,15.74127197265625,3.6517069339752197,,,,,,,125.0,25.0,116.0,1.0,0.0,0.0,0.0,0.0,2022,11,Primavera,Bosque cerrado desconocido,1,1,1,1,1.3311948962529452,10–20 m,872_gt2r_1770309,293968.6,5282547.8,BOSQUE_NW_02,conservador,SI,,2022-11-16,NO
BOSQUE_NW_02(3),ATL08_20221116210454_08721713_007_01.h5,2022-11-16T21:04:54Z,gt2r,-71.51081848144531,-42.58108901977539,153868010.72128922,872.0,17.0,13.0,007,01,23265.0,1.0,1770314.0,1770318.0,803.7841796875,22.956117630004883,9.95843505859375,14.63643741607666,10.911865234375,2.5731029510498047,,,,,,,90.0,35.0,126.0,1.0,0.0,0.0,0.0,0.0,2022,11,Primavera,Bosque abierto desconocido,1,1,1,1,1.4697527603442042,5–10 m,872_gt2r_1770314,293956.9,5282647.1,BOSQUE_NW_02,conservador,SI,,2022-11-16,NO
BOSQUE_NW_02(3),ATL08_20221116210454_08721713_007_01.h5,2022-11-16T21:04:54Z,gt2r,-71.51142120361328,-42.57661819458008,153868010.79184684,872.0,17.0,13.0,007,01,23265.0,1.0,1770339.0,1770343.0,830.3228759765625,34.591312408447266,6.5189208984375,14.007976531982422,7.30499267578125,1.426091194152832,,,,,,,79.0,24.0,126.0,1.0,0.0,0.0,0.0,0.0,2022,11,Primavera,Bosque abierto desconocido,1,1,1,1,2.148818301406288,5–10 m,872_gt2r_1770339,293892.7,5283142.1,BOSQUE_NW_02,conservador,SI,,2022-11-16,NO
BOSQUE_NW_02(3),ATL08_20221116210454_08721713_007_01.h5,2022-11-16T21:04:54Z,gt2r,-71.51152801513672,-42.575721740722656,153868010.80596516,872.0,17.0,13.0,007,01,23265.0,1.0,1770344.0,1770348.0,819.9932250976562,58.902381896972656,11.776611328125,14.971908569335938,12.8555908203125,2.9379806518554688,,,,,,,78.0,14.0,116.0,1.0,0.0,0.0,0.0,0.0,2022,11,Primavera,Bosque cerrado desconocido,1,1,1,1,1.2713256939693596,10–20 m,872_gt2r_1770344,293880.9,5283241.4,BOSQUE_NW_02,conservador,SI,,2022-11-16,NO
BOSQUE_NW_02(3),ATL08_20221116210454_08721713_007_01.h5,2022-11-16T21:04:54Z,gt2r,-71.51211547851562,-42.571250915527344,153868010.8764419,872.0,17.0,13.0,007,01,23265.0,1.0,1770369.0,1770373.0,817.5624389648438,62.91733169555664,10.08416748046875,12.091073036193848,10.9581298828125,2.2933592796325684,,,,,,,58.0,13.0,126.0,1.0,0.0,0.0,0.0,0.0,2022,11,Primavera,Bosque abierto desconocido,1,1,1,1,1.199015492316259,10–20 m,872_gt2r_1770369,293818.0,5283736.4,BOSQUE_NW_02,conservador,SI,,2022-11-16,NO
BOSQUE_NW_02(3),ATL08_20221116210454_08721713_007_01.h5,2022-11-16T21:04:54Z,gt2r,-71.5131607055664,-42.56319808959961,153868011.00353414,872.0,17.0,13.0,007,01,23265.0,1.0,1770414.0,1770418.0,759.8004760742188,3.4176816940307617,8.185791015625,4.227331638336182,10.97357177734375,2.245788097381592,,,,,,,110.0,222.0,126.0,1.0,0.0,0.0,0.0,0.0,2022,11,Primavera,Bosque abierto desconocido,1,1,1,1,0.5164231080743535,5–10 m,872_gt2r_1770414,293705.6,5284628.2,BOSQUE_NW_02,conservador,SI,,2022-11-16,NO
BOSQUE_NW_02(3),ATL08_20221116210454_08721713_007_01.h5,2022-11-16T21:04:54Z,gt3l,-71.45771026611328,-42.686370849609375,153868008.64747277,872.0,17.0,13.0,007,01,23265.0,1.0,1769710.0,1769714.0,1023.6893310546875,64.02110290527344,6.8043212890625,48.39705276489258,6.8043212890625,1.8618286848068237,,,,,,,20.0,16.0,30.0,1.0,0.0,0.0,0.0,0.0,2022,11,Primavera,Herbáceas,1,1,1,1,7.112693641125921,5–10 m,872_gt3l_1769710,298655.2,5271083.5,BOSQUE_NW_02,conservador,SI,,2022-11-16,NO
BOSQUE_NW_02(3),ATL08_20221116210454_08721713_007_01.h5,2022-11-16T21:04:54Z,gt3l,-71.45793914794922,-42.6845817565918,153868008.67574093,872.0,17.0,13.0,007,01,23265.0,1.0,1769720.0,1769724.0,1040.9649658203125,69.4309310913086,5.572509765625,34.30430603027344,6.15576171875,1.3854888677597046,,,,,,,25.0,15.0,30.0,1.0,0.0,0.0,0.0,0.0,2022,11,Primavera,Herbáceas,1,1,1,1,6.155988499452355,5–10 m,872_gt3l_1769720,298630.6,5271281.6,BOSQUE_NW_02,conservador,SI,,2022-11-16,NO
BOSQUE_NW_02(3),ATL08_20221116210454_08721713_007_01.h5,2022-11-16T21:04:54Z,gt3l,-71.45818328857422,-42.68279266357422,153868008.70390496,872.0,17.0,13.0,007,01,23265.0,1.0,1769730.0,1769734.0,1055.9996337890625,87.99911499023438,9.448974609375,78.89093017578125,9.5645751953125,2.054668664932251,,,,,,,69.0,12.0,20.0,1.0,0.0,0.0,0.0,0.0,2022,11,Primavera,Arbustos,1,1,1,1,8.34915252047645,5–10 m,872_gt3l_1769730,298604.8,5271479.7,BOSQUE_NW_02,conservador,SI,,2022-11-16,NO
BOSQUE_NW_02(3),ATL08_20221116210454_08721713_007_01.h5,2022-11-16T21:04:54Z,gt3l,-71.45901489257812,-42.67652893066406,153868008.80269295,872.0,17.0,13.0,007,01,23265.0,1.0,1769765.0,1769769.0,1085.201904296875,63.829654693603516,14.8682861328125,64.32942962646484,14.8682861328125,4.746045112609863,,,,,,,33.0,17.0,116.0,1.0,0.0,0.0,0.0,0.0,2022,11,Primavera,Bosque cerrado desconocido,1,1,1,1,4.326620368469881,10–20 m,872_gt3l_1769765,298516.4,5272173.3,BOSQUE_NW_02,conservador,SI,,2022-11-16,NO
BOSQUE_NW_02(3),ATL08_20221116210454_08721713_007_01.h5,2022-11-16T21:04:54Z,gt3l,-71.4592514038086,-42.67474365234375,153868008.83092666,872.0,17.0,13.0,007,01,23265.0,1.0,1769775.0,1769779.0,1092.5516357421875,52.03117370605469,12.220703125,67.53775024414062,12.220703125,2.719986915588379,,,,,,,27.0,21.0,116.0,1.0,0.0,0.0,0.0,0.0,2022,11,Primavera,Bosque cerrado desconocido,1,1,1,1,5.526502816845134,10–20 m,872_gt3l_1769775,298491.3,5272371.0,BOSQUE_NW_02,conservador,SI,,2022-11-16,NO
BOSQUE_NW_02(3),ATL08_20221116210454_08721713_007_01.h5,2022-11-16T21:04:54Z,gt3l,-71.45948791503906,-42.67295455932617,153868008.85910225,872.0,17.0,13.0,007,01,23265.0,1.0,1769785.0,1769789.0,1099.4869384765625,54.94828414916992,8.7125244140625,47.20017623901367,8.7125244140625,2.087622880935669,,,,,,,29.0,20.0,116.0,1.0,0.0,0.0,0.0,0.0,2022,11,Primavera,Bosque cerrado desconocido,1,1,1,1,5.4175086342174215,5–10 m,872_gt3l_1769785,298466.1,5272569.2,BOSQUE_NW_02,conservador,SI,,2022-11-16,NO
BOSQUE_NW_02(3),ATL08_20221116210454_08721713_007_01.h5,2022-11-16T21:04:54Z,gt3l,-71.46031188964844,-42.666690826416016,153868008.9578425,872.0,17.0,13.0,007,01,23265.0,1.0,1769820.0,1769824.0,1106.203125,85.11978149414062,15.1483154296875,92.6529541015625,15.6951904296875,3.715130567550659,,,,,,,48.0,13.0,116.0,1.0,0.0,0.0,0.0,0.0,2022,11,Primavera,Bosque cerrado desconocido,1,1,1,1,6.116386639268303,10–20 m,872_gt3l_1769820,298378.4,5273262.8,BOSQUE_NW_02,conservador,SI,,2022-11-16,NO
BOSQUE_NW_02(3),ATL08_20221116210454_08721713_007_01.h5,2022-11-16T21:04:54Z,gt3l,-71.46043395996094,-42.66579818725586,153868008.9719433,872.0,17.0,13.0,007,01,23265.0,1.0,1769825.0,1769829.0,1104.239501953125,84.95842742919922,15.2105712890625,78.49273681640625,15.2105712890625,3.997971534729004,,,,,,,31.0,13.0,116.0,1.0,0.0,0.0,0.0,0.0,2022,11,Primavera,Bosque cerrado desconocido,1,1,1,1,5.160406885758999,10–20 m,872_gt3l_1769825,298365.5,5273361.6,BOSQUE_NW_02,conservador,SI,,2022-11-16,NO
BOSQUE_NW_02(3),ATL08_20221116210454_08721713_007_01.h5,2022-11-16T21:04:54Z,gt3l,-71.46125030517578,-42.6595344543457,153868009.07072908,872.0,17.0,13.0,007,01,23265.0,1.0,1769860.0,1769864.0,1120.3731689453125,53.319427490234375,15.551513671875,66.39373016357422,15.551513671875,4.60188102722168,,,,,,,20.0,21.0,116.0,1.0,0.0,0.0,0.0,0.0,2022,11,Primavera,Bosque cerrado desconocido,1,1,1,1,4.269277677043596,10–20 m,872_gt3l_1769860,298278.3,5274055.3,BOSQUE_NW_02,conservador,SI,,2022-11-16,NO
BOSQUE_NW_02(3),ATL08_20221116210454_08721713_007_01.h5,2022-11-16T21:04:54Z,gt3l,-71.4626693725586,-42.648799896240234,153868009.23987722,872.0,17.0,13.0,007,01,23265.0,1.0,1769920.0,1769924.0,1110.0126953125,48.316036224365234,10.9656982421875,40.37953186035156,10.9656982421875,2.323289155960083,,,,,,,29.0,23.0,114.0,1.0,0.0,0.0,0.0,0.0,2022,11,Primavera,Bosque cerrado caducifolio latifolio,1,1,1,1,3.6823493560129577,10–20 m,872_gt3l_1769920,298127.2,5275243.9,BOSQUE_NW_02,conservador,SI,,2022-11-16,NO
BOSQUE_NW_02(3),ATL08_20221116210454_08721713_007_01.h5,2022-11-16T21:04:54Z,gt3l,-71.46336364746094,-42.6434326171875,153868009.32445124,872.0,17.0,13.0,007,01,23265.0,1.0,1769950.0,1769954.0,1082.3922119140625,60.20668029785156,12.19580078125,64.13729095458984,12.19580078125,3.58237624168396,,,,,,,26.0,18.0,126.0,1.0,0.0,0.0,0.0,0.0,2022,11,Primavera,Bosque abierto desconocido,1,1,1,1,5.25896512291308,10–20 m,872_gt3l_1769950,298053.0,5275838.3,BOSQUE_NW_02,conservador,SI,,2022-11-16,NO
BOSQUE_NW_02(3),ATL08_20221116210454_08721713_007_01.h5,2022-11-16T21:04:54Z,gt3l,-71.46348571777344,-42.64253616333008,153868009.33853847,872.0,17.0,13.0,007,01,23265.0,1.0,1769955.0,1769959.0,1088.8314208984375,36.290977478027344,12.8857421875,44.226741790771484,12.8857421875,4.032149791717529,,,,,,,24.0,30.0,116.0,1.0,0.0,0.0,0.0,0.0,2022,11,Primavera,Bosque cerrado desconocido,1,1,1,1,3.432223084028041,10–20 m,872_gt3l_1769955,298040.1,5275937.6,BOSQUE_NW_02,conservador,SI,,2022-11-16,NO
BOSQUE_NW_02(3),ATL08_20221116210454_08721713_007_01.h5,2022-11-16T21:04:54Z,gt3l,-71.4636001586914,-42.64164352416992,153868009.35264012,872.0,17.0,13.0,007,01,23265.0,1.0,1769960.0,1769964.0,1087.582763671875,108.7210693359375,15.3734130859375,91.05809020996094,15.3734130859375,4.957740783691406,,,,,,,36.0,10.0,114.0,1.0,0.0,0.0,0.0,0.0,2022,11,Primavera,Bosque cerrado caducifolio latifolio,1,1,1,1,5.923088757255496,10–20 m,872_gt3l_1769960,298027.8,5276036.4,BOSQUE_NW_02,conservador,SI,,2022-11-16,NO
BOSQUE_NW_02(3),ATL08_20221116210454_08721713_007_01.h5,2022-11-16T21:04:54Z,gt3l,-71.46407318115234,-42.638065338134766,153868009.4090484,872.0,17.0,13.0,007,01,23265.0,1.0,1769980.0,1769984.0,1105.355712890625,46.1181640625,12.513916015625,46.110435485839844,12.513916015625,2.5439422130584717,,,,,,,16.0,24.0,112.0,1.0,0.0,0.0,0.0,0.0,2022,11,Primavera,Bosque cerrado perennifolio latifolio,1,1,1,1,3.6847326950465304,10–20 m,872_gt3l_1769980,297977.4,5276432.7,BOSQUE_NW_02,conservador,SI,,2022-11-16,NO
BOSQUE_NW_02(3),ATL08_20221116210454_08721713_007_01.h5,2022-11-16T21:04:54Z,gt3l,-71.46430969238281,-42.63627624511719,153868009.43719876,872.0,17.0,13.0,007,01,23265.0,1.0,1769990.0,1769994.0,1127.74853515625,70.41268157958984,16.057861328125,80.14572143554688,16.057861328125,3.6572935581207275,,,,,,,26.0,16.0,112.0,1.0,0.0,0.0,0.0,0.0,2022,11,Primavera,Bosque cerrado perennifolio latifolio,1,1,1,1,4.991058260988551,10–20 m,872_gt3l_1769990,297952.2,5276630.8,BOSQUE_NW_02,conservador,SI,,2022-11-16,NO
BOSQUE_NW_02(3),ATL08_20221116210454_08721713_007_01.h5,2022-11-16T21:04:54Z,gt3l,-71.46771240234375,-42.61033248901367,153868009.84604564,872.0,17.0,13.0,007,01,23265.0,1.0,1770135.0,1770139.0,1104.42822265625,73.55069732666016,22.0196533203125,78.7563705444336,22.0357666015625,5.505887985229492,,,,,,,51.0,15.0,116.0,1.0,0.0,0.0,0.0,0.0,2022,11,Primavera,Bosque cerrado desconocido,1,1,1,1,3.576639895224104,20–30 m,872_gt3l_1770135,297589.2,5279503.7,BOSQUE_NW_02,conservador,SI,,2022-11-16,NO
BOSQUE_NW_02(3),ATL08_20221116210454_08721713_007_01.h5,2022-11-16T21:04:54Z,gt3l,-71.46916961669922,-42.599239349365234,153868010.02089438,872.0,17.0,13.0,007,01,23265.0,1.0,1770197.0,1770199.0,1091.9091796875,155.99742126464844,10.032958984375,129.1347198486328,10.032958984375,2.431774377822876,,,,,,,24.0,7.0,126.0,1.0,0.0,0.0,0.0,0.0,2022,11,Primavera,Bosque abierto desconocido,1,1,1,1,12.871050310256722,10–20 m,872_gt3l_1770197,297433.7,5280732.1,BOSQUE_NW_02,conservador,SI,,2022-11-16,NO
BOSQUE_NW_02(3),ATL08_20221116210454_08721713_007_01.h5,2022-11-16T21:04:54Z,gt3l,-71.47066497802734,-42.58797073364258,153868010.19857168,872.0,17.0,13.0,007,01,23265.0,1.0,1770260.0,1770264.0,1154.5869140625,192.32965087890625,14.576171875,149.30819702148438,17.1380615234375,4.249837875366211,,,,,,,56.0,6.0,114.0,1.0,0.0,0.0,0.0,0.0,2022,11,Primavera,Bosque cerrado caducifolio latifolio,1,1,1,1,10.24330656237438,10–20 m,872_gt3l_1770260,297274.4,5281979.9,BOSQUE_NW_02,conservador,SI,,2022-11-16,NO
BOSQUE_NW_02(3),ATL08_20221116210454_08721713_007_01.h5,2022-11-16T21:04:54Z,gt3l,-71.47132873535156,-42.58259963989258,153868010.2831944,872.0,17.0,13.0,007,01,23265.0,1.0,1770290.0,1770294.0,990.8607788085938,99.17216491699219,30.7386474609375,61.495689392089844,34.94873046875,7.733670234680176,,,,,,,54.0,10.0,20.0,1.0,0.0,0.0,0.0,0.0,2022,11,Primavera,Arbustos,1,1,1,1,2.000598415081152,>30 m,872_gt3l_1770290,297202.5,5282574.7,BOSQUE_NW_02,conservador,SI,,2022-11-16,NO
BOSQUE_NW_02(3),ATL08_20221116210454_08721713_007_01.h5,2022-11-16T21:04:54Z,gt3r,-71.455810546875,-42.69255447387695,153868008.90166825,872.0,17.0,13.0,007,01,23265.0,1.0,1769675.0,1769679.0,1030.0941162109375,14.144309043884277,6.0556640625,10.66748332977295,7.2506103515625,1.6147552728652954,,,,,,,145.0,73.0,30.0,1.0,0.0,0.0,0.0,0.0,2022,11,Primavera,Herbáceas,1,1,1,1,1.7615711868549428,5–10 m,872_gt3r_1769675,298830.8,5270401.3,BOSQUE_NW_02,conservador,SI,,2022-11-16,NO
BOSQUE_NW_02(3),ATL08_20221116210454_08721713_007_01.h5,2022-11-16T21:04:54Z,gt3r,-71.4565200805664,-42.68718719482422,153868008.98620164,872.0,17.0,13.0,007,01,23265.0,1.0,1769705.0,1769709.0,1024.69873046875,23.848695755004883,6.7955322265625,14.385163307189941,7.8275146484375,1.9207568168640137,,,,,,,93.0,43.0,20.0,1.0,0.0,0.0,0.0,0.0,2022,11,Primavera,Arbustos,1,1,1,1,2.116856020630872,5–10 m,872_gt3r_1769705,298755.3,5270995.7,BOSQUE_NW_02,conservador,SI,,2022-11-16,NO
BOSQUE_NW_02(3),ATL08_20221116210454_08721713_007_01.h5,2022-11-16T21:04:54Z,gt3r,-71.45699310302734,-42.68360900878906,153868009.0428275,872.0,17.0,13.0,007,01,23265.0,1.0,1769725.0,1769729.0,1057.0655517578125,10.065455436706543,4.426025390625,11.257217407226562,11.370849609375,1.3933019638061523,,,,,,,97.0,105.0,20.0,1.0,0.0,0.0,0.0,0.0,2022,11,Primavera,Arbustos,1,1,1,1,2.5434145567874675,2–5 m,872_gt3r_1769725,298705.0,5271391.9,BOSQUE_NW_02,conservador,SI,,2022-11-16,NO
BOSQUE_NW_02(3),ATL08_20221116210454_08721713_007_01.h5,2022-11-16T21:04:54Z,gt3r,-71.45780944824219,-42.677345275878906,153868009.1416381,872.0,17.0,13.0,007,01,23265.0,1.0,1769760.0,1769764.0,1085.7958984375,14.473508834838867,3.2386474609375,14.923821449279785,5.0057373046875,0.7541822791099548,,,,,,,108.0,75.0,116.0,1.0,0.0,0.0,0.0,0.0,2022,11,Primavera,Bosque cerrado desconocido,1,1,1,1,4.608041359635898,2–5 m,872_gt3r_1769760,298617.9,5272085.6,BOSQUE_NW_02,conservador,SI,,2022-11-16,NO
BOSQUE_NW_02(3),ATL08_20221116210454_08721713_007_01.h5,2022-11-16T21:04:54Z,gt3r,-71.45947265625,-42.664825439453125,153868009.33893704,872.0,17.0,13.0,007,01,23265.0,1.0,1769830.0,1769834.0,1101.0697021484375,22.01324462890625,4.0469970703125,13.438169479370117,4.5916748046875,0.9217951893806458,,,,,,,111.0,50.0,116.0,1.0,0.0,0.0,0.0,0.0,2022,11,Primavera,Bosque cerrado desconocido,1,1,1,1,3.3205285909269144,2–5 m,872_gt3r_1769830,298441.1,5273471.9,BOSQUE_NW_02,conservador,SI,,2022-11-16,NO
BOSQUE_NW_02(3),ATL08_20221116210454_08721713_007_01.h5,2022-11-16T21:04:54Z,gt3r,-71.459716796875,-42.66303634643555,153868009.36684033,872.0,17.0,13.0,007,01,23265.0,1.0,1769840.0,1769844.0,1108.5372314453125,16.298608779907227,4.427001953125,14.141886711120605,6.9337158203125,1.1196041107177734,,,,,,,103.0,68.0,126.0,1.0,0.0,0.0,0.0,0.0,2022,11,Primavera,Bosque abierto desconocido,1,1,1,1,3.194461367051784,2–5 m,872_gt3r_1769840,298415.3,5273670.0,BOSQUE_NW_02,conservador,SI,,2022-11-16,NO
BOSQUE_NW_02(3),ATL08_20221116210454_08721713_007_01.h5,2022-11-16T21:04:54Z,gt3r,-71.45994567871094,-42.66124725341797,153868009.39518937,872.0,17.0,13.0,007,01,23265.0,1.0,1769850.0,1769854.0,1115.68896484375,14.128395080566406,5.3658447265625,10.196629524230957,6.825439453125,1.290493130683899,,,,,,,94.0,79.0,116.0,1.0,0.0,0.0,0.0,0.0,2022,11,Primavera,Bosque cerrado desconocido,1,1,1,1,1.900284119992265,5–10 m,872_gt3r_1769850,298390.8,5273868.2,BOSQUE_NW_02,conservador,SI,,2022-11-16,NO
BOSQUE_NW_02(3),ATL08_20221116210454_08721713_007_01.h5,2022-11-16T21:04:54Z,gt3r,-71.4601821899414,-42.65945816040039,153868009.423197,872.0,17.0,13.0,007,01,23265.0,1.0,1769860.0,1769864.0,1120.2117919921875,14.935782432556152,3.283935546875,13.440664291381836,4.68017578125,0.7561109066009521,,,,,,,112.0,75.0,116.0,1.0,0.0,0.0,0.0,0.0,2022,11,Primavera,Bosque cerrado desconocido,1,1,1,1,4.092852645714073,2–5 m,872_gt3r_1769860,298365.6,5274066.3,BOSQUE_NW_02,conservador,SI,,2022-11-16,NO
BOSQUE_NW_02(3),ATL08_20221116210454_08721713_007_01.h5,2022-11-16T21:04:54Z,gt3r,-71.46147918701172,-42.64961624145508,153868009.57835138,872.0,17.0,13.0,007,01,23265.0,1.0,1769915.0,1769919.0,1123.952392578125,93.66748046875,9.775634765625,15.323787689208984,11.6964111328125,2.684541702270508,,,,,,,111.0,12.0,114.0,1.0,0.0,0.0,0.0,0.0,2022,11,Primavera,Bosque cerrado caducifolio latifolio,1,1,1,1,1.5675491215254365,5–10 m,872_gt3r_1769915,298227.5,5275156.1,BOSQUE_NW_02,conservador,SI,,2022-11-16,NO
BOSQUE_NW_02(3),ATL08_20221116210454_08721713_007_01.h5,2022-11-16T21:04:54Z,gt3r,-71.46170806884766,-42.6478271484375,153868009.60675308,872.0,17.0,13.0,007,01,23265.0,1.0,1769925.0,1769929.0,1105.5946044921875,23.56093406677246,5.403076171875,12.148106575012207,5.988525390625,1.1982905864715576,,,,,,,103.0,47.0,126.0,1.0,0.0,0.0,0.0,0.0,2022,11,Primavera,Bosque abierto desconocido,1,1,1,1,2.2483685568320455,5–10 m,872_gt3r_1769925,298202.9,5275354.3,BOSQUE_NW_02,conservador,SI,,2022-11-16,NO
BOSQUE_NW_02(3),ATL08_20221116210454_08721713_007_01.h5,2022-11-16T21:04:54Z,gt3r,-71.46182250976562,-42.646934509277344,153868009.6207435,872.0,17.0,13.0,007,01,23265.0,1.0,1769930.0,1769934.0,1095.893310546875,31.333419799804688,4.670166015625,11.499960899353027,4.9949951171875,1.0422343015670776,,,,,,,105.0,35.0,116.0,1.0,0.0,0.0,0.0,0.0,2022,11,Primavera,Bosque cerrado desconocido,1,1,1,1,2.4624308559647656,2–5 m,872_gt3r_1769930,298190.6,5275453.1,BOSQUE_NW_02,conservador,SI,,2022-11-16,NO
BOSQUE_NW_02(3),ATL08_20221116210454_08721713_007_01.h5,2022-11-16T21:04:54Z,gt3r,-71.46217346191406,-42.644248962402344,153868009.66301987,872.0,17.0,13.0,007,01,23265.0,1.0,1769945.0,1769949.0,1083.7484130859375,19.015714645385742,5.007568359375,12.791504859924316,6.4307861328125,1.188787817955017,,,,,,,75.0,57.0,20.0,1.0,0.0,0.0,0.0,0.0,2022,11,Primavera,Arbustos,1,1,1,1,2.5544343964823755,5–10 m,872_gt3r_1769945,298153.2,5275750.5,BOSQUE_NW_02,conservador,SI,,2022-11-16,NO
BOSQUE_NW_02(3),ATL08_20221116210454_08721713_007_01.h5,2022-11-16T21:04:54Z,gt3r,-71.46312713623047,-42.63709259033203,153868009.77583888,872.0,17.0,13.0,007,01,23265.0,1.0,1769985.0,1769989.0,1127.746826171875,10.158316612243652,11.4305419921875,12.916865348815918,12.775146484375,3.1769073009490967,,,,,,,89.0,111.0,116.0,1.0,0.0,0.0,0.0,0.0,2022,11,Primavera,Bosque cerrado desconocido,1,1,1,1,1.1300308732205597,10–20 m,872_gt3r_1769985,298051.8,5276542.9,BOSQUE_NW_02,conservador,SI,,2022-11-16,NO
BOSQUE_NW_02(3),ATL08_20221116210454_08721713_007_01.h5,2022-11-16T21:04:54Z,gt3r,-71.46407318115234,-42.62993621826172,153868009.8884172,872.0,17.0,13.0,007,01,23265.0,1.0,1770025.0,1770029.0,1167.3409423828125,27.11103630065918,21.2049560546875,29.159225463867188,23.2239990234375,5.3456597328186035,,,,,,,147.0,43.0,116.0,1.0,0.0,0.0,0.0,0.0,2022,11,Primavera,Bosque cerrado desconocido,1,1,1,1,1.3751136945846838,20–30 m,872_gt3r_1770025,297951.1,5277335.4,BOSQUE_NW_02,conservador,SI,,2022-11-16,NO
BOSQUE_NW_02(3),ATL08_20221116210454_08721713_007_01.h5,2022-11-16T21:04:54Z,gt3r,-71.46441650390625,-42.62725067138672,153868009.9308505,872.0,17.0,13.0,007,01,23265.0,1.0,1770040.0,1770044.0,1128.13720703125,40.19118118286133,5.3531494140625,12.565340042114258,6.8673095703125,1.1659128665924072,,,,,,,114.0,28.0,30.0,1.0,0.0,0.0,0.0,0.0,2022,11,Primavera,Herbáceas,1,1,1,1,2.347279903883429,5–10 m,872_gt3r_1770040,297914.3,5277632.8,BOSQUE_NW_02,conservador,SI,,2022-11-16,NO
BOSQUE_NW_02(3),ATL08_20221116210454_08721713_007_01.h5,2022-11-16T21:04:54Z,gt3r,-71.46561431884766,-42.618309020996094,153868010.07175326,872.0,17.0,13.0,007,01,23265.0,1.0,1770090.0,1770094.0,1200.544677734375,33.417213439941406,23.332763671875,20.552152633666992,26.7286376953125,6.132246971130371,,,,,,,132.0,36.0,126.0,1.0,0.0,0.0,0.0,0.0,2022,11,Primavera,Bosque abierto desconocido,1,1,1,1,0.8808280460338387,20–30 m,872_gt3r_1770090,297787.1,5278622.9,BOSQUE_NW_02,conservador,SI,,2022-11-16,NO
BOSQUE_NW_02(3),ATL08_20221116210454_08721713_007_01.h5,2022-11-16T21:04:54Z,gt3r,-71.46572875976562,-42.61741256713867,153868010.08586165,872.0,17.0,13.0,007,01,23265.0,1.0,1770095.0,1770099.0,1212.54443359375,37.853328704833984,3.320556640625,23.503089904785156,3.9344482421875,0.6419427990913391,,,,,,,178.0,32.0,30.0,1.0,0.0,0.0,0.0,0.0,2022,11,Primavera,Herbáceas,1,1,1,1,7.078057220057349,2–5 m,872_gt3r_1770095,297774.8,5278722.2,BOSQUE_NW_02,conservador,SI,,2022-11-16,NO
BOSQUE_NW_02(3),ATL08_20221116210454_08721713_007_01.h5,2022-11-16T21:04:54Z,gt3r,-71.46630859375,-42.61294174194336,153868010.15654108,872.0,17.0,13.0,007,01,23265.0,1.0,1770120.0,1770124.0,1151.697998046875,15.366910934448242,3.202392578125,16.150035858154297,4.2197265625,0.7033390998840332,,,,,,,108.0,75.0,116.0,1.0,0.0,0.0,0.0,0.0,2022,11,Primavera,Bosque cerrado desconocido,1,1,1,1,5.043115565678128,2–5 m,872_gt3r_1770120,297712.8,5279217.3,BOSQUE_NW_02,conservador,SI,,2022-11-16,NO
BOSQUE_NW_02(3),ATL08_20221116210454_08721713_007_01.h5,2022-11-16T21:04:54Z,gt3r,-71.46769714355469,-42.602203369140625,153868010.32565266,872.0,17.0,13.0,007,01,23265.0,1.0,1770180.0,1770184.0,1070.5289306640625,20.262914657592773,5.1673583984375,11.24933910369873,5.509033203125,1.2053275108337402,,,,,,,89.0,53.0,126.0,1.0,0.0,0.0,0.0,0.0,2022,11,Primavera,Bosque abierto desconocido,1,1,1,1,2.176999974900191,5–10 m,872_gt3r_1770180,297564.1,5280406.4,BOSQUE_NW_02,conservador,SI,,2022-11-16,NO
BOSQUE_NW_02(3),ATL08_20221116210454_08721713_007_01.h5,2022-11-16T21:04:54Z,gt3r,-71.46807098388672,-42.59952163696289,153868010.3680169,872.0,17.0,13.0,007,01,23265.0,1.0,1770195.0,1770199.0,1100.803466796875,35.5323371887207,4.51318359375,16.950105667114258,7.0860595703125,1.0798149108886719,,,,,,,113.0,31.0,126.0,1.0,0.0,0.0,0.0,0.0,2022,11,Primavera,Bosque abierto desconocido,1,1,1,1,3.7556871585253706,2–5 m,872_gt3r_1770195,297524.7,5280703.4,BOSQUE_NW_02,conservador,SI,,2022-11-16,NO
BOSQUE_NW_02(3),ATL08_20221116210454_08721713_007_01.h5,2022-11-16T21:04:54Z,gt3r,-71.46818542480469,-42.59862518310547,153868010.38199684,872.0,17.0,13.0,007,01,23265.0,1.0,1770200.0,1770204.0,1103.591796875,29.827850341796875,4.3447265625,15.473139762878418,8.401123046875,1.0744566917419434,,,,,,,105.0,37.0,116.0,1.0,0.0,0.0,0.0,0.0,2022,11,Primavera,Bosque cerrado desconocido,1,1,1,1,3.5613610063356935,2–5 m,872_gt3r_1770200,297512.4,5280802.6,BOSQUE_NW_02,conservador,SI,,2022-11-16,NO
BOSQUE_NW_02(3),ATL08_20221116210454_08721713_007_01.h5,2022-11-16T21:04:54Z,gt3r,-71.46829986572266,-42.59773254394531,153868010.39610872,872.0,17.0,13.0,007,01,23265.0,1.0,1770205.0,1770209.0,1114.075439453125,55.638404846191406,19.88623046875,23.31875228881836,21.211669921875,5.995723247528076,,,,,,,139.0,20.0,116.0,1.0,0.0,0.0,0.0,0.0,2022,11,Primavera,Bosque cerrado desconocido,1,1,1,1,1.172607967380362,10–20 m,872_gt3r_1770205,297500.1,5280901.5,BOSQUE_NW_02,conservador,SI,,2022-11-16,NO
BOSQUE_NW_02(3),ATL08_20221116210454_08721713_007_01.h5,2022-11-16T21:04:54Z,gt3r,-71.4697265625,-42.586997985839844,153868010.56546196,872.0,17.0,13.0,007,01,23265.0,1.0,1770265.0,1770269.0,1147.466064453125,63.72490692138672,9.0870361328125,13.664074897766113,11.5155029296875,2.169992685317993,,,,,,,110.0,18.0,20.0,1.0,0.0,0.0,0.0,0.0,2022,11,Primavera,Arbustos,1,1,1,1,1.5036888483832833,5–10 m,872_gt3r_1770265,297348.3,5282090.1,BOSQUE_NW_02,conservador,SI,,2022-11-16,NO
BOSQUE_NW_02(3),ATL08_20221116210454_08721713_007_01.h5,2022-11-16T21:04:54Z,gt3r,-71.47142791748047,-42.57357406616211,153868010.77710336,872.0,17.0,13.0,007,01,23265.0,1.0,1770340.0,1770344.0,902.5834350585938,15.041927337646484,9.1317138671875,8.943540573120117,10.2825927734375,1.964040994644165,,,,,,,90.0,60.0,20.0,1.0,0.0,0.0,0.0,0.0,2022,11,Primavera,Arbustos,1,1,1,1,0.979393430761827,5–10 m,872_gt3r_1770340,297165.1,5283576.8,BOSQUE_NW_02,conservador,SI,,2022-11-16,NO
BOSQUE_NW_02(3),ATL08_20221116210454_08721713_007_01.h5,2022-11-16T21:04:54Z,gt3r,-71.47177124023438,-42.570892333984375,153868010.8194932,872.0,17.0,13.0,007,01,23265.0,1.0,1770355.0,1770359.0,877.76416015625,23.11890411376953,4.88153076171875,8.240235328674316,6.40325927734375,1.1615148782730103,,,,,,,95.0,38.0,126.0,1.0,0.0,0.0,0.0,0.0,2022,11,Primavera,Bosque abierto desconocido,1,1,1,1,1.6880433066805036,2–5 m,872_gt3r_1770355,297128.3,5283873.8,BOSQUE_NW_02,conservador,SI,,2022-11-16,NO
BOSQUE_NW_02(3),ATL08_20221116210454_08721713_007_01.h5,2022-11-16T21:04:54Z,gt3r,-71.47200012207031,-42.56909942626953,153868010.8478598,872.0,17.0,13.0,007,01,23265.0,1.0,1770365.0,1770369.0,867.7066650390625,41.40584182739258,12.408447265625,17.62388038635254,13.4649658203125,3.0442986488342285,,,,,,,143.0,21.0,126.0,1.0,0.0,0.0,0.0,0.0,2022,11,Primavera,Bosque abierto desconocido,1,1,1,1,1.4203131148548942,10–20 m,872_gt3r_1770365,297103.7,5284072.3,BOSQUE_NW_02,conservador,SI,,2022-11-16,NO
BOSQUE_NW_02(3),ATL08_20221116210454_08721713_007_01.h5,2022-11-16T21:04:54Z,gt3r,-71.47224426269531,-42.56731414794922,153868010.87600678,872.0,17.0,13.0,007,01,23265.0,1.0,1770375.0,1770379.0,910.9505615234375,15.977714538574219,6.3582763671875,11.95427417755127,7.28802490234375,1.500839352607727,,,,,,,129.0,57.0,126.0,1.0,0.0,0.0,0.0,0.0,2022,11,Primavera,Bosque abierto desconocido,1,1,1,1,1.880112390087738,5–10 m,872_gt3r_1770375,297077.8,5284270.0,BOSQUE_NW_02,conservador,SI,,2022-11-16,NO
BOSQUE_NW_02(3),ATL08_20221116210454_08721713_007_01.h5,2022-11-16T21:04:54Z,gt3r,-71.47236633300781,-42.5664176940918,153868010.89013582,872.0,17.0,13.0,007,01,23265.0,1.0,1770380.0,1770384.0,902.9906616210938,11.723081588745117,7.54669189453125,11.96743392944336,9.1180419921875,1.9145783185958862,,,,,,,106.0,77.0,126.0,1.0,0.0,0.0,0.0,0.0,2022,11,Primavera,Bosque abierto desconocido,1,1,1,1,1.58578541388653,5–10 m,872_gt3r_1770380,297064.9,5284369.2,BOSQUE_NW_02,conservador,SI,,2022-11-16,NO
BOSQUE_NW_02(3),ATL08_20230115055833_03921809_007_01.h5,2023-01-15T05:58:33Z,gt1l,-71.52556610107422,-42.64320755004883,158997759.55660695,392.0,18.0,9.0,007,01,24172.0,1.0,1238843.0,1238847.0,1339.6424560546875,83.70807647705078,11.390380859375,63.37924575805664,11.390380859375,3.237875461578369,,,,,,,23.0,16.0,112.0,1.0,0.0,0.0,1.0,0.0,2023,1,Verano,Bosque cerrado perennifolio latifolio,1,1,1,1,5.564278011467152,10–20 m,392_gt1l_1238843,292952.6,5275712.8,BOSQUE_NW_02,conservador,SI,,2023-01-15,NO
BOSQUE_NW_02(3),ATL08_20230115055833_03921809_007_01.h5,2023-01-15T05:58:33Z,gt1l,-71.52569580078125,-42.644100189208984,158997759.5707168,392.0,18.0,9.0,007,01,24172.0,1.0,1238848.0,1238852.0,1340.3944091796875,78.84886169433594,13.26318359375,70.49077606201172,13.26318359375,3.6945085525512695,,,,,,,27.0,17.0,112.0,1.0,0.0,0.0,1.0,0.0,2023,1,Verano,Bosque cerrado perennifolio latifolio,1,1,1,1,5.314770436807422,10–20 m,392_gt1l_1238848,292944.9,5275613.4,BOSQUE_NW_02,conservador,SI,,2023-01-15,NO
BOSQUE_NW_02(3),ATL08_20230115055833_03921809_007_01.h5,2023-01-15T05:58:33Z,gt1r,-71.52613067626953,-42.63937759399414,158997759.8467149,392.0,18.0,9.0,007,01,24172.0,1.0,1238822.0,1238826.0,1291.7843017578125,30.768844604492188,14.566162109375,18.346397399902344,15.2108154296875,4.162425994873047,,,,,,,102.0,42.0,114.0,1.0,0.0,0.0,1.0,0.0,2023,1,Verano,Bosque cerrado caducifolio latifolio,1,1,1,1,1.259521709434658,10–20 m,392_gt1r_1238822,292893.6,5276136.7,BOSQUE_NW_02,conservador,SI,,2023-01-15,NO
BOSQUE_NW_02(3),ATL08_20230316152045_13141813_007_01.h5,2023-03-16T15:20:45Z,gt2l,-71.421142578125,-42.654144287109375,164215365.0025081,1314.0,18.0,13.0,007,01,25094.0,0.0,1769973.0,1769977.0,1235.0975341796875,23.29370880126953,7.755126953125,22.717683792114258,14.4293212890625,1.7472753524780273,,,,,,,94.0,53.0,126.0,1.0,0.0,0.0,0.0,0.0,2023,3,Otoño,Bosque abierto desconocido,1,1,1,1,2.9293761313552653,5–10 m,1314_gt2l_1769973,301548.5,5274748.8,BOSQUE_NW_02,conservador,SI,,2023-03-16,NO
BOSQUE_NW_02(3),ATL08_20230316152045_13141813_007_01.h5,2023-03-16T15:20:45Z,gt2l,-71.42225646972656,-42.64519500732422,164215365.14315572,1314.0,18.0,13.0,007,01,25094.0,0.0,1770023.0,1770027.0,1124.0599365234375,37.50773620605469,8.014892578125,14.897233963012695,8.916015625,1.9298416376113892,,,,,,,80.0,30.0,30.0,1.0,0.0,0.0,0.0,0.0,2023,3,Otoño,Herbáceas,1,1,1,1,1.8586941518931432,5–10 m,1314_gt2l_1770023,301428.7,5275740.0,BOSQUE_NW_02,conservador,SI,,2023-03-16,NO
BOSQUE_NW_02(3),ATL08_20230316152045_13141813_007_01.h5,2023-03-16T15:20:45Z,gt2l,-71.42292022705078,-42.639827728271484,164215365.2277575,1314.0,18.0,13.0,007,01,25094.0,0.0,1770053.0,1770057.0,1180.39501953125,25.656309127807617,7.2119140625,19.2231388092041,7.5018310546875,1.920465111732483,,,,,,,79.0,46.0,126.0,1.0,0.0,0.0,0.0,0.0,2023,3,Otoño,Bosque abierto desconocido,1,1,1,1,2.6654697549932296,5–10 m,1314_gt2l_1770053,301357.2,5276334.5,BOSQUE_NW_02,conservador,SI,,2023-03-16,NO
BOSQUE_NW_02(3),ATL08_20230316152045_13141813_007_01.h5,2023-03-16T15:20:45Z,gt2l,-71.42301940917969,-42.63893127441406,164215365.2418159,1314.0,18.0,13.0,007,01,25094.0,0.0,1770058.0,1770062.0,1195.91748046875,22.989635467529297,4.7330322265625,16.763521194458008,6.681396484375,1.1605719327926636,,,,,,,74.0,52.0,126.0,1.0,0.0,0.0,0.0,0.0,2023,3,Otoño,Bosque abierto desconocido,1,1,1,1,3.5418142940964072,2–5 m,1314_gt2l_1770058,301346.2,5276433.8,BOSQUE_NW_02,conservador,SI,,2023-03-16,NO
BOSQUE_NW_02(3),ATL08_20230316152045_13141813_007_01.h5,2023-03-16T15:20:45Z,gt2l,-71.423828125,-42.632667541503906,164215365.3405303,1314.0,18.0,13.0,007,01,25094.0,0.0,1770093.0,1770097.0,1233.9478759765625,29.362565994262695,5.419189453125,18.5850887298584,6.803466796875,1.3018888235092163,,,,,,,72.0,42.0,126.0,1.0,0.0,0.0,0.0,0.0,2023,3,Otoño,Bosque abierto desconocido,1,1,1,1,3.429496032684597,5–10 m,1314_gt2l_1770093,301260.0,5277127.5,BOSQUE_NW_02,conservador,SI,,2023-03-16,NO
BOSQUE_NW_02(3),ATL08_20230316152045_13141813_007_01.h5,2023-03-16T15:20:45Z,gt2l,-71.42588806152344,-42.617469787597656,164215365.5798394,1314.0,18.0,13.0,007,01,25094.0,0.0,1770178.0,1770182.0,1191.24658203125,33.11939239501953,4.60693359375,12.688922882080078,5.1395263671875,1.0828101634979248,,,,,,,45.0,36.0,126.0,1.0,0.0,0.0,0.0,0.0,2023,3,Otoño,Bosque abierto desconocido,1,1,1,1,2.754309916534181,2–5 m,1314_gt2l_1770178,301042.6,5278810.3,BOSQUE_NW_02,conservador,SI,,2023-03-16,NO
BOSQUE_NW_02(3),ATL08_20230316152045_13141813_007_01.h5,2023-03-16T15:20:45Z,gt2l,-71.4273910522461,-42.60674285888672,164215365.74869424,1314.0,18.0,13.0,007,01,25094.0,0.0,1770238.0,1770242.0,1199.201416015625,12.752280235290527,10.9940185546875,14.90540599822998,16.1651611328125,2.3471152782440186,,,,,,,80.0,94.0,126.0,1.0,0.0,0.0,0.0,0.0,2023,3,Otoño,Bosque abierto desconocido,1,1,1,1,1.3557741351887012,10–20 m,1314_gt2l_1770238,300885.2,5279998.0,BOSQUE_NW_02,conservador,SI,,2023-03-16,NO
BOSQUE_NW_02(3),ATL08_20230316152045_13141813_007_01.h5,2023-03-16T15:20:45Z,gt2l,-71.42764282226562,-42.604957580566406,164215365.77684867,1314.0,18.0,13.0,007,01,25094.0,0.0,1770248.0,1770252.0,1199.7672119140625,27.89839744567871,5.4168701171875,19.5275936126709,6.2601318359375,1.1603518724441528,,,,,,,103.0,43.0,126.0,1.0,0.0,0.0,0.0,0.0,2023,3,Otoño,Bosque abierto desconocido,1,1,1,1,3.6049588028169013,5–10 m,1314_gt2l_1770248,300858.8,5280195.7,BOSQUE_NW_02,conservador,SI,,2023-03-16,NO
BOSQUE_NW_02(3),ATL08_20230316152045_13141813_007_01.h5,2023-03-16T15:20:45Z,gt2l,-71.42996215820312,-42.58797073364258,164215366.04452342,1314.0,18.0,13.0,007,01,25094.0,0.0,1770343.0,1770347.0,1274.326904296875,52.96882247924805,16.167236328125,25.119768142700195,16.741943359375,4.7073493003845215,,,,,,,91.0,24.0,116.0,1.0,0.0,0.0,0.0,0.0,2023,3,Otoño,Bosque cerrado desconocido,1,1,1,1,1.5537453423007808,10–20 m,1314_gt2l_1770343,300614.4,5282076.6,BOSQUE_NW_02,conservador,SI,,2023-03-16,NO
BOSQUE_NW_02(3),ATL08_20230316152045_13141813_007_01.h5,2023-03-16T15:20:45Z,gt2l,-71.43035888671875,-42.585289001464844,164215366.08674482,1314.0,18.0,13.0,007,01,25094.0,0.0,1770358.0,1770362.0,1215.87255859375,60.825477600097656,8.15234375,17.582197189331055,9.093505859375,1.969834804534912,,,,,,,74.0,20.0,20.0,1.0,0.0,0.0,0.0,0.0,2023,3,Otoño,Arbustos,1,1,1,1,2.1567045905456395,5–10 m,1314_gt2l_1770358,300573.3,5282373.5,BOSQUE_NW_02,conservador,SI,,2023-03-16,NO
BOSQUE_NW_02(3),ATL08_20230316152045_13141813_007_01.h5,2023-03-16T15:20:45Z,gt2r,-71.42208099365234,-42.63850402832031,164215365.59649026,1314.0,18.0,13.0,007,01,25094.0,0.0,1770060.0,1770064.0,1201.0623779296875,38.75104522705078,14.3121337890625,48.73911666870117,14.3121337890625,3.0128872394561768,,,,,,,25.0,31.0,126.0,1.0,0.0,0.0,0.0,0.0,2023,3,Otoño,Bosque abierto desconocido,1,1,1,1,3.405440263977142,10–20 m,1314_gt2r_1770060,301421.8,5276483.4,BOSQUE_NW_02,conservador,SI,,2023-03-16,NO
BOSQUE_NW_02(3),ATL08_20230316152045_13141813_007_01.h5,2023-03-16T15:20:45Z,gt2r,-71.42244720458984,-42.63582229614258,164215365.63867724,1314.0,18.0,13.0,007,01,25094.0,0.0,1770075.0,1770079.0,1220.69140625,67.89395904541016,11.462646484375,75.42736053466797,11.462646484375,3.0283641815185547,,,,,,,43.0,18.0,30.0,1.0,0.0,0.0,0.0,0.0,2023,3,Otoño,Herbáceas,1,1,1,1,6.58027451491981,10–20 m,1314_gt2r_1770075,301383.2,5276780.4,BOSQUE_NW_02,conservador,SI,,2023-03-16,NO
BOSQUE_NW_02(3),ATL08_20230316152045_13141813_007_01.h5,2023-03-16T15:20:45Z,gt2r,-71.42281341552734,-42.633140563964844,164215365.68092066,1314.0,18.0,13.0,007,01,25094.0,0.0,1770090.0,1770094.0,1231.927001953125,94.8466796875,12.1278076171875,79.5661849975586,12.7457275390625,3.489184856414795,,,,,,,57.0,13.0,126.0,1.0,0.0,0.0,0.0,0.0,2023,3,Otoño,Bosque abierto desconocido,1,1,1,1,6.560640431399785,10–20 m,1314_gt2r_1770090,301344.7,5277077.3,BOSQUE_NW_02,conservador,SI,,2023-03-16,NO
BOSQUE_NW_02(3),ATL08_20230316152045_13141813_007_01.h5,2023-03-16T15:20:45Z,gt2r,-71.42926788330078,-42.58575439453125,164215366.42728657,1314.0,18.0,13.0,007,01,25094.0,0.0,1770355.0,1770359.0,1228.5091552734375,94.53270721435547,13.1285400390625,69.6758804321289,16.6568603515625,3.269613027572632,,,,,,,39.0,13.0,126.0,1.0,0.0,0.0,0.0,0.0,2023,3,Otoño,Bosque abierto desconocido,1,1,1,1,5.3072070637569855,10–20 m,1314_gt2r_1770355,300664.3,5282324.3,BOSQUE_NW_02,conservador,SI,,2023-03-16,NO
BOSQUE_NW_02(3),ATL08_20230316152045_13141813_007_01.h5,2023-03-16T15:20:45Z,gt2r,-71.4305648803711,-42.5759162902832,164215366.5821536,1314.0,18.0,13.0,007,01,25094.0,0.0,1770410.0,1770414.0,1078.72216796875,43.197139739990234,11.5872802734375,54.790584564208984,11.5872802734375,2.8555781841278076,,,,,,,44.0,25.0,126.0,1.0,0.0,0.0,0.0,0.0,2023,3,Otoño,Bosque abierto desconocido,1,1,1,1,4.7285112011841175,10–20 m,1314_gt2r_1770410,300526.5,5283413.8,BOSQUE_NW_02,conservador,SI,,2023-03-16,NO
BOSQUE_NW_02(3),ATL08_20230316152045_13141813_007_01.h5,2023-03-16T15:20:45Z,gt2r,-71.43145751953125,-42.56875991821289,164215366.69474816,1314.0,18.0,13.0,007,01,25094.0,0.0,1770450.0,1770453.0,1104.255126953125,110.79447174072266,16.2763671875,82.9125747680664,20.17578125,4.8496623039245605,,,,,,,43.0,10.0,20.0,1.0,0.0,0.0,0.0,0.0,2023,3,Otoño,Arbustos,1,1,1,1,5.094046712815744,10–20 m,1314_gt2r_1770450,300430.4,5284206.4,BOSQUE_NW_02,conservador,SI,,2023-03-16,NO
BOSQUE_NW_02(3),ATL08_20240213232239_08722213_007_01.h5,2024-02-13T23:22:39Z,gt1l,-71.52262878417969,-42.68612289428711,193101872.62810972,872.0,22.0,13.0,007,01,30200.0,1.0,1769737.0,1769741.0,1487.029052734375,211.80422973632812,32.4222412109375,192.66912841796875,32.4222412109375,10.015111923217773,,,,,,,20.0,7.0,30.0,1.0,0.0,0.0,0.0,0.0,2024,2,Verano,Herbáceas,1,1,1,1,5.942498766956699,>30 m,872_gt1l_1769737,293335.7,5270954.2,BOSQUE_NW_02,conservador,SI,,2024-02-13,NO
BOSQUE_NW_02(3),ATL08_20240213232239_08722213_007_01.h5,2024-02-13T23:22:39Z,gt1l,-71.52727508544922,-42.65034103393555,193101873.1919735,872.0,22.0,13.0,007,01,30200.0,1.0,1769937.0,1769941.0,1320.993408203125,165.71426391601562,15.494140625,134.35128784179688,15.494140625,3.139777421951294,,,,,,,27.0,8.0,112.0,1.0,0.0,0.0,0.0,0.0,2024,2,Verano,Bosque cerrado perennifolio latifolio,1,1,1,1,8.67110290873566,10–20 m,872_gt1l_1769937,292836.1,5274916.4,BOSQUE_NW_02,conservador,SI,,2024-02-13,NO
BOSQUE_NW_02(3),ATL08_20240213232239_08722213_007_01.h5,2024-02-13T23:22:39Z,gt1l,-71.53018951416016,-42.62797546386719,193101873.54435694,872.0,22.0,13.0,007,01,30200.0,1.0,1770062.0,1770066.0,1344.9366455078125,168.08094787597656,15.6055908203125,147.03097534179688,15.6055908203125,4.697147846221924,,,,,,,22.0,8.0,112.0,1.0,0.0,0.0,0.0,0.0,2024,2,Verano,Bosque cerrado perennifolio latifolio,1,1,1,1,9.421685922356678,10–20 m,872_gt1l_1770062,292522.9,5277393.0,BOSQUE_NW_02,conservador,SI,,2024-02-13,NO
BOSQUE_NW_02(3),ATL08_20240213232239_08722213_007_01.h5,2024-02-13T23:22:39Z,gt1l,-71.53179168701172,-42.615447998046875,193101873.7416454,872.0,22.0,13.0,007,01,30200.0,1.0,1770132.0,1770136.0,1005.0173950195312,56.00602340698242,12.1505126953125,52.89632797241211,12.1505126953125,2.9568989276885986,,,,,,,10.0,18.0,126.0,1.0,0.0,0.0,0.0,0.0,2024,2,Verano,Bosque abierto desconocido,1,1,1,1,4.353423538483177,10–20 m,872_gt1l_1770132,292349.9,5278780.2,BOSQUE_NW_02,conservador,SI,,2024-02-13,NO
BOSQUE_NW_02(3),ATL08_20240213232239_08722213_007_01.h5,2024-02-13T23:22:39Z,gt1l,-71.5323715209961,-42.61097717285156,193101873.81206137,872.0,22.0,13.0,007,01,30200.0,1.0,1770157.0,1770161.0,874.3952026367188,30.142704010009766,10.91180419921875,30.260284423828125,10.91180419921875,2.244091272354126,,,,,,,19.0,29.0,116.0,1.0,0.0,0.0,0.0,0.0,2024,2,Verano,Bosque cerrado desconocido,1,1,1,1,2.773169667578407,10–20 m,872_gt1l_1770157,292287.4,5279275.3,BOSQUE_NW_02,conservador,SI,,2024-02-13,NO
BOSQUE_NW_02(3),ATL08_20240213232239_08722213_007_01.h5,2024-02-13T23:22:39Z,gt1l,-71.53379821777344,-42.600242614746094,193101873.98149022,872.0,22.0,13.0,007,01,30200.0,1.0,1770217.0,1770221.0,1327.9583740234375,221.23719787597656,16.1026611328125,125.88063049316406,16.2218017578125,4.613497734069824,,,,,,,43.0,6.0,112.0,1.0,0.0,0.0,0.0,0.0,2024,2,Verano,Bosque cerrado perennifolio latifolio,1,1,1,1,7.817380584172902,10–20 m,872_gt1l_1770217,292134.7,5280463.9,BOSQUE_NW_02,conservador,SI,,2024-02-13,NO
BOSQUE_NW_02(3),ATL08_20240213232239_08722213_007_01.h5,2024-02-13T23:22:39Z,gt1l,-71.53656768798828,-42.57876968383789,193101874.31984606,872.0,22.0,13.0,007,01,30200.0,1.0,1770337.0,1770341.0,864.9769287109375,50.96504211425781,5.651123046875,35.06095504760742,7.64422607421875,1.5200166702270508,,,,,,,33.0,17.0,20.0,1.0,0.0,0.0,0.0,0.0,2024,2,Verano,Arbustos,1,1,1,1,6.204245555579557,5–10 m,872_gt1l_1770337,291836.0,5282841.6,BOSQUE_NW_02,conservador,SI,,2024-02-13,NO
BOSQUE_NW_02(3),ATL08_20240213232239_08722213_007_01.h5,2024-02-13T23:22:39Z,gt1l,-71.53679656982422,-42.57698059082031,193101874.34799862,872.0,22.0,13.0,007,01,30200.0,1.0,1770347.0,1770351.0,850.8287353515625,56.72673416137695,5.807373046875,38.899070739746094,5.807373046875,1.3040751218795776,,,,,,,25.0,15.0,126.0,1.0,0.0,0.0,0.0,0.0,2024,2,Verano,Bosque abierto desconocido,1,1,1,1,6.6982214549964265,5–10 m,872_gt1l_1770347,291811.2,5283039.7,BOSQUE_NW_02,conservador,SI,,2024-02-13,NO
BOSQUE_NW_02(3),ATL08_20240213232239_08722213_007_01.h5,2024-02-13T23:22:39Z,gt1l,-71.53702545166016,-42.575191497802734,193101874.3762575,872.0,22.0,13.0,007,01,30200.0,1.0,1770357.0,1770361.0,838.0643310546875,83.63786315917969,7.2596435546875,32.99428939819336,10.51776123046875,1.9766857624053955,,,,,,,26.0,10.0,116.0,1.0,0.0,0.0,0.0,0.0,2024,2,Verano,Bosque cerrado desconocido,1,1,1,1,4.544891102386037,5–10 m,872_gt1l_1770357,291786.5,5283237.9,BOSQUE_NW_02,conservador,SI,,2024-02-13,NO
BOSQUE_NW_02(3),ATL08_20240213232239_08722213_007_01.h5,2024-02-13T23:22:39Z,gt1r,-71.52120971679688,-42.68836975097656,193101872.94383606,872.0,22.0,13.0,007,01,30200.0,1.0,1769724.0,1769728.0,1552.6343994140625,13.987567901611328,5.43017578125,13.914044380187988,10.6683349609375,1.5800049304962158,,,,,,,106.0,111.0,30.0,1.0,0.0,0.0,0.0,0.0,2024,2,Verano,Herbáceas,1,1,1,1,2.5623561631710277,5–10 m,872_gt1r_1769724,293459.4,5270708.2,BOSQUE_NW_02,conservador,SI,,2024-02-13,NO
BOSQUE_NW_02(3),ATL08_20240213232239_08722213_007_01.h5,2024-02-13T23:22:39Z,gt1r,-71.52132415771484,-42.687477111816406,193101872.95792556,872.0,22.0,13.0,007,01,30200.0,1.0,1769729.0,1769733.0,1533.822509765625,36.528785705566406,8.09326171875,12.931986808776855,10.632568359375,1.854663372039795,,,,,,,135.0,42.0,30.0,1.0,0.0,0.0,0.0,0.0,2024,2,Verano,Herbáceas,1,1,1,1,1.5978708286199095,5–10 m,872_gt1r_1769729,293447.1,5270807.0,BOSQUE_NW_02,conservador,SI,,2024-02-13,NO
BOSQUE_NW_02(3),ATL08_20240213232239_08722213_007_01.h5,2024-02-13T23:22:39Z,gt1r,-71.52214050292969,-42.68121337890625,193101873.05671343,872.0,22.0,13.0,007,01,30200.0,1.0,1769764.0,1769768.0,1356.897705078125,71.79107666015625,16.577392578125,45.9907341003418,17.031494140625,3.9254226684570312,,,,,,,88.0,19.0,116.0,1.0,0.0,0.0,0.0,0.0,2024,2,Verano,Bosque cerrado desconocido,1,1,1,1,2.7743044561199395,10–20 m,872_gt1r_1769764,293359.4,5271500.6,BOSQUE_NW_02,conservador,SI,,2024-02-13,NO
BOSQUE_NW_02(3),ATL08_20240213232239_08722213_007_01.h5,2024-02-13T23:22:39Z,gt1r,-71.52644348144531,-42.64811325073242,193101873.57804325,872.0,22.0,13.0,007,01,30200.0,1.0,1769949.0,1769953.0,1333.47314453125,53.32756423950195,14.438232421875,25.56962013244629,15.8681640625,4.050780773162842,,,,,,,90.0,25.0,112.0,1.0,0.0,0.0,0.0,0.0,2024,2,Verano,Bosque cerrado perennifolio latifolio,1,1,1,1,1.7709660978795718,10–20 m,872_gt1r_1769949,292896.9,5275165.9,BOSQUE_NW_02,conservador,SI,,2024-02-13,NO
BOSQUE_NW_02(3),ATL08_20240213232239_08722213_007_01.h5,2024-02-13T23:22:39Z,gt1r,-71.52714538574219,-42.64274597167969,193101873.66268933,872.0,22.0,13.0,007,01,30200.0,1.0,1769979.0,1769983.0,1336.6693115234375,53.43964767456055,15.578857421875,30.627546310424805,16.897216796875,4.668084621429443,,,,,,,97.0,25.0,114.0,1.0,0.0,0.0,0.0,0.0,2024,2,Verano,Bosque cerrado caducifolio latifolio,1,1,1,1,1.9659687152293492,10–20 m,872_gt1r_1769979,292821.6,5275760.2,BOSQUE_NW_02,conservador,SI,,2024-02-13,NO
BOSQUE_NW_02(3),ATL08_20240213232239_08722213_007_01.h5,2024-02-13T23:22:39Z,gt1r,-71.52853393554688,-42.63201141357422,193101873.83193693,872.0,22.0,13.0,007,01,30200.0,1.0,1770039.0,1770043.0,1297.814208984375,129.86672973632812,15.154052734375,54.27153778076172,17.744873046875,3.916797637939453,,,,,,,82.0,10.0,112.0,1.0,0.0,0.0,0.0,0.0,2024,2,Verano,Bosque cerrado perennifolio latifolio,1,1,1,1,3.5813216920945368,10–20 m,872_gt1r_1770039,292672.1,5276948.9,BOSQUE_NW_02,conservador,SI,,2024-02-13,NO
BOSQUE_NW_02(3),ATL08_20240213232239_08722213_007_01.h5,2024-02-13T23:22:39Z,gt1r,-71.52889251708984,-42.62932586669922,193101873.87414414,872.0,22.0,13.0,007,01,30200.0,1.0,1770054.0,1770058.0,1345.6224365234375,44.85053634643555,15.6351318359375,31.834932327270508,15.7218017578125,3.7940850257873535,,,,,,,63.0,30.0,112.0,1.0,0.0,0.0,0.0,0.0,2024,2,Verano,Bosque cerrado perennifolio latifolio,1,1,1,1,2.0361153753815886,10–20 m,872_gt1r_1770054,292633.7,5277246.2,BOSQUE_NW_02,conservador,SI,,2024-02-13,NO
BOSQUE_NW_02(3),ATL08_20240213232239_08722213_007_01.h5,2024-02-13T23:22:39Z,gt1r,-71.52900695800781,-42.62843322753906,193101873.8881953,872.0,22.0,13.0,007,01,30200.0,1.0,1770059.0,1770063.0,1343.7767333984375,89.67118072509766,10.0284423828125,32.879920959472656,11.79541015625,2.536055326461792,,,,,,,78.0,15.0,112.0,1.0,0.0,0.0,0.0,0.0,2024,2,Verano,Bosque cerrado perennifolio latifolio,1,1,1,1,3.278666786362032,10–20 m,872_gt1r_1770059,292621.4,5277345.1,BOSQUE_NW_02,conservador,SI,,2024-02-13,NO
BOSQUE_NW_02(3),ATL08_20240213232239_08722213_007_01.h5,2024-02-13T23:22:39Z,gt1r,-71.53038787841797,-42.61769485473633,193101874.05785537,872.0,22.0,13.0,007,01,30200.0,1.0,1770119.0,1770123.0,1069.00439453125,62.83292007446289,10.57666015625,17.82819938659668,11.64013671875,2.442746639251709,,,,,,,91.0,17.0,116.0,1.0,0.0,0.0,0.0,0.0,2024,2,Verano,Bosque cerrado desconocido,1,1,1,1,1.6856171157264208,10–20 m,872_gt1r_1770119,292472.5,5278534.2,BOSQUE_NW_02,conservador,SI,,2024-02-13,NO
BOSQUE_NW_02(3),ATL08_20240213232239_08722213_007_01.h5,2024-02-13T23:22:39Z,gt1r,-71.53084564208984,-42.61411666870117,193101874.11407542,872.0,22.0,13.0,007,01,30200.0,1.0,1770139.0,1770143.0,986.3939819335938,49.33158493041992,7.02398681640625,14.720727920532227,8.888427734375,1.585315465927124,,,,,,,81.0,20.0,126.0,1.0,0.0,0.0,0.0,0.0,2024,2,Verano,Bosque abierto desconocido,1,1,1,1,2.095779548752618,5–10 m,872_gt1r_1770139,292423.0,5278930.4,BOSQUE_NW_02,conservador,SI,,2024-02-13,NO
BOSQUE_NW_02(3),ATL08_20240213232239_08722213_007_01.h5,2024-02-13T23:22:39Z,gt1r,-71.53119659423828,-42.61143493652344,193101874.15648597,872.0,22.0,13.0,007,01,30200.0,1.0,1770154.0,1770158.0,894.713623046875,34.418216705322266,8.4085693359375,11.862739562988281,8.95086669921875,1.9749025106430054,,,,,,,87.0,26.0,116.0,1.0,0.0,0.0,0.0,0.0,2024,2,Verano,Bosque cerrado desconocido,1,1,1,1,1.410791668481338,5–10 m,872_gt1r_1770154,292385.3,5279227.4,BOSQUE_NW_02,conservador,SI,,2024-02-13,NO
BOSQUE_NW_02(3),ATL08_20240213232239_08722213_007_01.h5,2024-02-13T23:22:39Z,gt1r,-71.53214263916016,-42.604278564453125,193101874.2691899,872.0,22.0,13.0,007,01,30200.0,1.0,1770194.0,1770198.0,1114.5621337890625,101.79619598388672,19.0599365234375,72.26576232910156,19.0599365234375,3.886155366897583,,,,,,,30.0,11.0,112.0,1.0,0.0,0.0,0.0,0.0,2024,2,Verano,Bosque cerrado perennifolio latifolio,1,1,1,1,3.791500682084553,10–20 m,872_gt1r_1770194,292283.9,5280019.7,BOSQUE_NW_02,conservador,SI,,2024-02-13,NO
BOSQUE_NW_02(3),ATL08_20240213232239_08722213_007_01.h5,2024-02-13T23:22:39Z,gt1r,-71.5348129272461,-42.583702087402344,193101874.59379864,872.0,22.0,13.0,007,01,30200.0,1.0,1770309.0,1770313.0,964.7607421875,53.61125564575195,9.51116943359375,18.75342559814453,11.60760498046875,2.176124334335327,,,,,,,103.0,18.0,116.0,1.0,0.0,0.0,0.0,0.0,2024,2,Verano,Bosque cerrado desconocido,1,1,1,1,1.9717265820022973,5–10 m,872_gt1r_1770309,291996.4,5282298.2,BOSQUE_NW_02,conservador,SI,,2024-02-13,NO
BOSQUE_NW_02(3),ATL08_20240213232239_08722213_007_01.h5,2024-02-13T23:22:39Z,gt1r,-71.53491973876953,-42.58280563354492,193101874.60781598,872.0,22.0,13.0,007,01,30200.0,1.0,1770314.0,1770318.0,939.0609741210938,39.29978942871094,7.7327880859375,13.903250694274902,8.24017333984375,1.817565679550171,,,,,,,79.0,24.0,116.0,1.0,0.0,0.0,0.0,0.0,2024,2,Verano,Bosque cerrado desconocido,1,1,1,1,1.7979609087644246,5–10 m,872_gt1r_1770314,291984.7,5282397.5,BOSQUE_NW_02,conservador,SI,,2024-02-13,NO
BOSQUE_NW_02(3),ATL08_20240213232239_08722213_007_01.h5,2024-02-13T23:22:39Z,gt1r,-71.53783416748047,-42.56044006347656,193101874.9607249,872.0,22.0,13.0,007,01,30200.0,1.0,1770439.0,1770443.0,767.7293701171875,25.594030380249023,11.520751953125,18.21528434753418,12.84814453125,3.3689842224121094,,,,,,,122.0,30.0,116.0,1.0,0.0,0.0,0.0,0.0,2024,2,Verano,Bosque cerrado desconocido,1,1,1,1,1.581084674129564,10–20 m,872_gt1r_1770439,291671.0,5284874.0,BOSQUE_NW_02,conservador,SI,,2024-02-13,NO
BOSQUE_NW_02(3),ATL08_20240213232239_08722213_007_01.h5,2024-02-13T23:22:39Z,gt1r,-71.53794860839844,-42.559547424316406,193101874.9747582,872.0,22.0,13.0,007,01,30200.0,1.0,1770444.0,1770448.0,766.3171997070312,18.24848747253418,12.23138427734375,16.516706466674805,13.21600341796875,2.976323366165161,,,,,,,119.0,42.0,116.0,1.0,0.0,0.0,0.0,0.0,2024,2,Verano,Bosque cerrado desconocido,1,1,1,1,1.35035463625068,10–20 m,872_gt1r_1770444,291658.6,5284972.8,BOSQUE_NW_02,conservador,SI,,2024-02-13,NO
BOSQUE_NW_02(3),ATL08_20240213232239_08722213_007_01.h5,2024-02-13T23:22:39Z,gt1r,-71.53805541992188,-42.558650970458984,193101874.98880935,872.0,22.0,13.0,007,01,30200.0,1.0,1770449.0,1770453.0,766.4744262695312,19.65771484375,6.9417724609375,12.086583137512207,9.2205810546875,1.8389140367507935,,,,,,,102.0,39.0,90.0,1.0,0.0,0.0,0.0,0.0,2024,2,Verano,Humedal herbáceo,1,1,1,1,1.7411379018147608,5–10 m,872_gt1r_1770449,291646.9,5285072.1,BOSQUE_NW_02,conservador,SI,,2024-02-13,NO
BOSQUE_NW_02(3),ATL08_20240213232239_08722213_007_01.h5,2024-02-13T23:22:39Z,gt1r,-71.53817749023438,-42.55775833129883,193101875.00302196,872.0,22.0,13.0,007,01,30200.0,1.0,1770454.0,1770458.0,770.619873046875,55.0647087097168,9.90740966796875,10.723333358764648,10.72564697265625,2.07529354095459,,,,,,,88.0,14.0,126.0,1.0,0.0,0.0,0.0,0.0,2024,2,Verano,Bosque abierto desconocido,1,1,1,1,1.0823548957941882,5–10 m,872_gt1r_1770454,291633.9,5285171.0,BOSQUE_NW_02,conservador,SI,,2024-02-13,NO
BOSQUE_NW_02(3),ATL08_20240213232239_08722213_007_01.h5,2024-02-13T23:22:39Z,gt2l,-71.48139190673828,-42.691856384277344,193101872.47566208,872.0,22.0,13.0,007,01,30200.0,1.0,1769689.0,1769693.0,1078.63623046875,134.41311645507812,8.0794677734375,89.78135681152344,8.0794677734375,1.619292140007019,,,,,,,27.0,8.0,116.0,1.0,0.0,0.0,0.0,0.0,2024,2,Verano,Bosque cerrado desconocido,1,1,1,1,11.112286022935017,5–10 m,872_gt2l_1769689,296732.9,5270417.6,BOSQUE_NW_02,conservador,SI,,2024-02-13,NO
BOSQUE_NW_02(3),ATL08_20240213232239_08722213_007_01.h5,2024-02-13T23:22:39Z,gt2l,-71.48174285888672,-42.689170837402344,193101872.51793778,872.0,22.0,13.0,007,01,30200.0,1.0,1769704.0,1769708.0,1072.4437255859375,89.35347747802734,5.6011962890625,56.257747650146484,5.6011962890625,1.2736988067626953,,,,,,,17.0,12.0,116.0,1.0,0.0,0.0,0.0,0.0,2024,2,Verano,Bosque cerrado desconocido,1,1,1,1,10.043880761686825,5–10 m,872_gt2l_1769704,296695.3,5270715.0,BOSQUE_NW_02,conservador,SI,,2024-02-13,NO
BOSQUE_NW_02(3),ATL08_20240213232239_08722213_007_01.h5,2024-02-13T23:22:39Z,gt2l,-71.48185729980469,-42.68827819824219,193101872.53207114,872.0,22.0,13.0,007,01,30200.0,1.0,1769709.0,1769713.0,1070.36474609375,118.93594360351562,4.64990234375,68.90467834472656,4.64990234375,0.957584023475647,,,,,,,11.0,9.0,116.0,1.0,0.0,0.0,0.0,0.0,2024,2,Verano,Bosque cerrado desconocido,1,1,1,1,14.818521605586476,2–5 m,872_gt2l_1769709,296683.1,5270813.8,BOSQUE_NW_02,conservador,SI,,2024-02-13,NO
BOSQUE_NW_02(3),ATL08_20240213232239_08722213_007_01.h5,2024-02-13T23:22:39Z,gt2l,-71.48197937011719,-42.687381744384766,193101872.54613164,872.0,22.0,13.0,007,01,30200.0,1.0,1769714.0,1769718.0,1067.5819091796875,53.366249084472656,4.19970703125,60.46767044067383,4.19970703125,1.122316598892212,,,,,,,15.0,20.0,114.0,1.0,0.0,0.0,0.0,0.0,2024,2,Verano,Bosque cerrado caducifolio latifolio,1,1,1,1,14.398068720206952,2–5 m,872_gt2l_1769714,296670.1,5270913.1,BOSQUE_NW_02,conservador,SI,,2024-02-13,NO
BOSQUE_NW_02(3),ATL08_20240213232239_08722213_007_01.h5,2024-02-13T23:22:39Z,gt2l,-71.48255920410156,-42.68291091918945,193101872.61667305,872.0,22.0,13.0,007,01,30200.0,1.0,1769739.0,1769743.0,1058.5751953125,27.84234619140625,3.975830078125,29.38353729248047,3.975830078125,0.8471700549125671,,,,,,,22.0,38.0,20.0,1.0,0.0,0.0,0.0,0.0,2024,2,Verano,Arbustos,1,1,1,1,7.39054152594412,2–5 m,872_gt2l_1769739,296608.0,5271408.2,BOSQUE_NW_02,conservador,SI,,2024-02-13,NO
BOSQUE_NW_02(3),ATL08_20240213232239_08722213_007_01.h5,2024-02-13T23:22:39Z,gt2l,-71.48267364501953,-42.68201446533203,193101872.6307876,872.0,22.0,13.0,007,01,30200.0,1.0,1769744.0,1769748.0,1055.09765625,50.22770309448242,12.2196044921875,53.445579528808594,12.2196044921875,2.7710211277008057,,,,,,,25.0,21.0,20.0,1.0,0.0,0.0,0.0,0.0,2024,2,Verano,Arbustos,1,1,1,1,4.3737569053874505,10–20 m,872_gt2l_1769744,296595.7,5271507.5,BOSQUE_NW_02,conservador,SI,,2024-02-13,NO
BOSQUE_NW_02(3),ATL08_20240213232239_08722213_007_01.h5,2024-02-13T23:22:39Z,gt2l,-71.48338317871094,-42.6766471862793,193101872.71533272,872.0,22.0,13.0,007,01,30200.0,1.0,1769774.0,1769778.0,1062.0076904296875,81.76505279541016,8.911865234375,65.47229766845703,8.911865234375,1.8840882778167725,,,,,,,17.0,13.0,116.0,1.0,0.0,0.0,0.0,0.0,2024,2,Verano,Bosque cerrado desconocido,1,1,1,1,7.346643597786484,5–10 m,872_gt2l_1769774,296520.1,5272101.8,BOSQUE_NW_02,conservador,SI,,2024-02-13,NO
BOSQUE_NW_02(3),ATL08_20240213232239_08722213_007_01.h5,2024-02-13T23:22:39Z,gt2l,-71.48419952392578,-42.670387268066406,193101872.81404257,872.0,22.0,13.0,007,01,30200.0,1.0,1769809.0,1769813.0,1067.867919921875,66.76805114746094,18.9197998046875,89.64266967773438,18.9197998046875,4.051699638366699,,,,,,,36.0,16.0,116.0,1.0,0.0,0.0,0.0,0.0,2024,2,Verano,Bosque cerrado desconocido,1,1,1,1,4.738034789116788,10–20 m,872_gt2l_1769809,296432.7,5272795.0,BOSQUE_NW_02,conservador,SI,,2024-02-13,NO
BOSQUE_NW_02(3),ATL08_20240213232239_08722213_007_01.h5,2024-02-13T23:22:39Z,gt2l,-71.48822021484375,-42.63997268676758,193101873.29345447,872.0,22.0,13.0,007,01,30200.0,1.0,1769979.0,1769983.0,1399.0718994140625,100.26158905029297,34.3966064453125,133.0549774169922,34.3966064453125,8.59589958190918,,,,,,,26.0,14.0,20.0,1.0,0.0,0.0,0.0,0.0,2024,2,Verano,Arbustos,1,1,1,1,3.8682588536324825,>30 m,872_gt2l_1769979,296003.8,5276162.9,BOSQUE_NW_02,conservador,SI,,2024-02-13,NO
BOSQUE_NW_02(3),ATL08_20240213232239_08722213_007_01.h5,2024-02-13T23:22:39Z,gt2l,-71.4911117553711,-42.61760330200195,193101873.6457595,872.0,22.0,13.0,007,01,30200.0,1.0,1770104.0,1770108.0,1097.62548828125,73.12718963623047,23.59375,86.98533630371094,23.59375,6.100383758544922,,,,,,,21.0,15.0,116.0,1.0,0.0,0.0,0.0,0.0,2024,2,Verano,Bosque cerrado desconocido,1,1,1,1,3.6867957108857614,20–30 m,872_gt2l_1770104,295693.5,5278640.0,BOSQUE_NW_02,conservador,SI,,2024-02-13,NO
BOSQUE_NW_02(3),ATL08_20240213232239_08722213_007_01.h5,2024-02-13T23:22:39Z,gt2l,-71.49122619628906,-42.6167106628418,193101873.65982896,872.0,22.0,13.0,007,01,30200.0,1.0,1770109.0,1770113.0,1091.935546875,83.84071350097656,14.85302734375,86.02867889404297,14.85302734375,2.9772732257843018,,,,,,,30.0,13.0,40.0,1.0,0.0,0.0,0.0,0.0,2024,2,Verano,Cultivos/manejo,1,1,1,1,5.791996264670107,10–20 m,872_gt2l_1770109,295681.2,5278738.8,BOSQUE_NW_02,conservador,SI,,2024-02-13,NO
BOSQUE_NW_02(3),ATL08_20240213232239_08722213_007_01.h5,2024-02-13T23:22:39Z,gt2l,-71.4935531616211,-42.59881591796875,193101873.9418411,872.0,22.0,13.0,007,01,30200.0,1.0,1770209.0,1770213.0,990.2977294921875,65.92961883544922,14.0828857421875,63.866249084472656,14.0828857421875,3.071037530899048,,,,,,,17.0,15.0,116.0,1.0,0.0,0.0,0.0,0.0,2024,2,Verano,Bosque cerrado desconocido,1,1,1,1,4.535025722260265,10–20 m,872_gt2l_1770209,295431.8,5280720.4,BOSQUE_NW_02,conservador,SI,,2024-02-13,NO
BOSQUE_NW_02(3),ATL08_20240213232239_08722213_007_01.h5,2024-02-13T23:22:39Z,gt2l,-71.49553680419922,-42.58361053466797,193101874.18153566,872.0,22.0,13.0,007,01,30200.0,1.0,1770294.0,1770298.0,928.5031127929688,132.53268432617188,27.422607421875,132.67794799804688,27.422607421875,6.007713317871094,,,,,,,28.0,7.0,30.0,1.0,0.0,0.0,0.0,0.0,2024,2,Verano,Herbáceas,1,1,1,1,4.838268876365482,20–30 m,872_gt2l_1770294,295219.2,5282404.2,BOSQUE_NW_02,conservador,SI,,2024-02-13,NO
BOSQUE_NW_02(3),ATL08_20240213232239_08722213_007_01.h5,2024-02-13T23:22:39Z,gt2l,-71.49565124511719,-42.58271408081055,193101874.19563526,872.0,22.0,13.0,007,01,30200.0,1.0,1770299.0,1770303.0,921.3029174804688,43.91698455810547,20.43798828125,45.119815826416016,20.43798828125,3.44010591506958,,,,,,,26.0,21.0,30.0,1.0,0.0,0.0,0.0,0.0,2024,2,Verano,Herbáceas,1,1,1,1,2.2076446666626848,20–30 m,872_gt2l_1770299,295206.9,5282503.4,BOSQUE_NW_02,conservador,SI,,2024-02-13,NO
BOSQUE_NW_02(3),ATL08_20240213232239_08722213_007_01.h5,2024-02-13T23:22:39Z,gt2l,-71.49576568603516,-42.58182144165039,193101874.20980266,872.0,22.0,13.0,007,01,30200.0,1.0,1770304.0,1770308.0,921.7316284179688,70.91181182861328,22.4317626953125,72.85616302490234,22.4317626953125,4.069784164428711,,,,,,,31.0,13.0,116.0,1.0,0.0,0.0,0.0,0.0,2024,2,Verano,Bosque cerrado desconocido,1,1,1,1,3.2479018262852293,20–30 m,872_gt2l_1770304,295194.6,5282602.3,BOSQUE_NW_02,conservador,SI,,2024-02-13,NO
BOSQUE_NW_02(3),ATL08_20240213232239_08722213_007_01.h5,2024-02-13T23:22:39Z,gt2r,-71.48014831542969,-42.69266891479492,193101872.81443563,872.0,22.0,13.0,007,01,30200.0,1.0,1769684.0,1769688.0,1075.7357177734375,29.08566665649414,8.6590576171875,19.303691864013672,8.9556884765625,2.2094852924346924,,,,,,,51.0,37.0,116.0,1.0,0.0,0.0,0.0,0.0,2024,2,Verano,Bosque cerrado desconocido,1,1,1,1,2.229306319165433,5–10 m,872_gt2r_1769684,296837.4,5270330.4,BOSQUE_NW_02,conservador,SI,,2024-02-13,NO
BOSQUE_NW_02(3),ATL08_20240213232239_08722213_007_01.h5,2024-02-13T23:22:39Z,gt2r,-71.48027038574219,-42.691776275634766,193101872.82852617,872.0,22.0,13.0,007,01,30200.0,1.0,1769689.0,1769693.0,1075.5107421875,18.53265380859375,7.51123046875,19.04852294921875,8.5738525390625,1.8916430473327637,,,,,,,82.0,58.0,116.0,1.0,0.0,0.0,0.0,0.0,2024,2,Verano,Bosque cerrado desconocido,1,1,1,1,2.5360056555938373,5–10 m,872_gt2r_1769689,296824.5,5270429.2,BOSQUE_NW_02,conservador,SI,,2024-02-13,NO
BOSQUE_NW_02(3),ATL08_20240213232239_08722213_007_01.h5,2024-02-13T23:22:39Z,gt2r,-71.4807357788086,-42.68819808959961,193101872.8848728,872.0,22.0,13.0,007,01,30200.0,1.0,1769709.0,1769713.0,1067.72119140625,24.83247947692871,4.9307861328125,17.18531608581543,5.822509765625,1.154127597808838,,,,,,,86.0,43.0,116.0,1.0,0.0,0.0,0.0,0.0,2024,2,Verano,Bosque cerrado desconocido,1,1,1,1,3.4853095678706705,2–5 m,872_gt2r_1769709,296774.7,5270825.4,BOSQUE_NW_02,conservador,SI,,2024-02-13,NO
BOSQUE_NW_02(3),ATL08_20240213232239_08722213_007_01.h5,2024-02-13T23:22:39Z,gt2r,-71.48141479492188,-42.68282699584961,193101872.96950984,872.0,22.0,13.0,007,01,30200.0,1.0,1769739.0,1769743.0,1057.689208984375,19.224069595336914,4.8077392578125,14.83171558380127,5.183837890625,1.2685129642486572,,,,,,,65.0,55.0,20.0,1.0,0.0,0.0,0.0,0.0,2024,2,Verano,Arbustos,1,1,1,1,3.0849667148025897,2–5 m,872_gt2r_1769739,296701.5,5271420.3,BOSQUE_NW_02,conservador,SI,,2024-02-13,NO
BOSQUE_NW_02(3),ATL08_20240213232239_08722213_007_01.h5,2024-02-13T23:22:39Z,gt2r,-71.48190307617188,-42.67925262451172,193101873.0259754,872.0,22.0,13.0,007,01,30200.0,1.0,1769759.0,1769763.0,1066.339599609375,44.37944412231445,5.0830078125,19.351829528808594,5.675048828125,1.1747565269470215,,,,,,,61.0,24.0,116.0,1.0,0.0,0.0,0.0,0.0,2024,2,Verano,Bosque cerrado desconocido,1,1,1,1,3.8071610830931797,5–10 m,872_gt2r_1769759,296649.9,5271816.0,BOSQUE_NW_02,conservador,SI,,2024-02-13,NO
BOSQUE_NW_02(3),ATL08_20240213232239_08722213_007_01.h5,2024-02-13T23:22:39Z,gt2r,-71.48202514648438,-42.6783561706543,193101873.0401056,872.0,22.0,13.0,007,01,30200.0,1.0,1769764.0,1769768.0,1067.4598388671875,41.036094665527344,4.509033203125,19.378189086914062,5.349609375,1.1122021675109863,,,,,,,60.0,26.0,20.0,1.0,0.0,0.0,0.0,0.0,2024,2,Verano,Arbustos,1,1,1,1,4.297637257025285,2–5 m,872_gt2r_1769764,296636.9,5271915.3,BOSQUE_NW_02,conservador,SI,,2024-02-13,NO
BOSQUE_NW_02(3),ATL08_20240213232239_08722213_007_01.h5,2024-02-13T23:22:39Z,gt2r,-71.48225402832031,-42.67656707763672,193101873.068162,872.0,22.0,13.0,007,01,30200.0,1.0,1769774.0,1769778.0,1058.9677734375,24.628173828125,6.9033203125,20.284326553344727,7.6038818359375,1.8849681615829468,,,,,,,70.0,43.0,126.0,1.0,0.0,0.0,0.0,0.0,2024,2,Verano,Bosque abierto desconocido,1,1,1,1,2.938343526754138,5–10 m,872_gt2r_1769774,296612.3,5272113.4,BOSQUE_NW_02,conservador,SI,,2024-02-13,NO
BOSQUE_NW_02(3),ATL08_20240213232239_08722213_007_01.h5,2024-02-13T23:22:39Z,gt2r,-71.48237609863281,-42.67567443847656,193101873.08219734,872.0,22.0,13.0,007,01,30200.0,1.0,1769779.0,1769783.0,1057.73876953125,9.705086708068848,4.6455078125,10.26241397857666,4.827392578125,1.1360383033752441,,,,,,,67.0,109.0,126.0,1.0,0.0,0.0,0.0,0.0,2024,2,Verano,Bosque abierto desconocido,1,1,1,1,2.209104879979504,2–5 m,872_gt2r_1769779,296599.4,5272212.3,BOSQUE_NW_02,conservador,SI,,2024-02-13,NO
BOSQUE_NW_02(3),ATL08_20240213232239_08722213_007_01.h5,2024-02-13T23:22:39Z,gt2r,-71.48249053955078,-42.67477798461914,193101873.0963912,872.0,22.0,13.0,007,01,30200.0,1.0,1769784.0,1769788.0,1059.4290771484375,12.762128829956055,3.6072998046875,14.286192893981934,4.4039306640625,0.8250983953475952,,,,,,,59.0,83.0,30.0,1.0,0.0,0.0,0.0,0.0,2024,2,Verano,Herbáceas,1,1,1,1,3.9603564071435824,2–5 m,872_gt2r_1769784,296587.1,5272311.5,BOSQUE_NW_02,conservador,SI,,2024-02-13,NO
BOSQUE_NW_02(3),ATL08_20240213232239_08722213_007_01.h5,2024-02-13T23:22:39Z,gt2r,-71.48271942138672,-42.67298889160156,193101873.12462318,872.0,22.0,13.0,007,01,30200.0,1.0,1769794.0,1769798.0,1062.559326171875,36.63117599487305,4.67138671875,18.80665397644043,5.35693359375,1.0268038511276245,,,,,,,48.0,29.0,116.0,1.0,0.0,0.0,0.0,0.0,2024,2,Verano,Bosque cerrado desconocido,1,1,1,1,4.02592529985889,2–5 m,872_gt2r_1769794,296562.5,5272509.7,BOSQUE_NW_02,conservador,SI,,2024-02-13,NO
BOSQUE_NW_02(3),ATL08_20240213232239_08722213_007_01.h5,2024-02-13T23:22:39Z,gt2r,-71.48283386230469,-42.67209243774414,193101873.1386653,872.0,22.0,13.0,007,01,30200.0,1.0,1769799.0,1769803.0,1065.0712890625,7.245683670043945,3.65087890625,9.926504135131836,5.061279296875,0.8920055031776428,,,,,,,48.0,147.0,30.0,1.0,0.0,0.0,0.0,0.0,2024,2,Verano,Herbáceas,1,1,1,1,2.718935464591414,2–5 m,872_gt2r_1769799,296550.2,5272608.9,BOSQUE_NW_02,conservador,SI,,2024-02-13,NO
BOSQUE_NW_02(3),ATL08_20240213232239_08722213_007_01.h5,2024-02-13T23:22:39Z,gt2r,-71.48353576660156,-42.666725158691406,193101873.22334895,872.0,22.0,13.0,007,01,30200.0,1.0,1769829.0,1769833.0,1072.7088623046875,1.8590970039367676,19.90625,2.602313995361328,19.90625,6.0947771072387695,,,,,,,23.0,577.0,112.0,1.0,0.0,0.0,0.0,0.0,2024,2,Verano,Bosque cerrado perennifolio latifolio,1,1,1,1,0.13072848956289246,10–20 m,872_gt2r_1769829,296475.2,5273203.3,BOSQUE_NW_02,conservador,SI,,2024-02-13,NO
BOSQUE_NW_02(3),ATL08_20240213232239_08722213_007_01.h5,2024-02-13T23:22:39Z,gt2r,-71.48519134521484,-42.65420150756836,193101873.42062077,872.0,22.0,13.0,007,01,30200.0,1.0,1769899.0,1769903.0,1222.998779296875,110.72380828857422,21.456787109375,69.51032257080078,22.0635986328125,5.842105865478516,,,,,,,60.0,11.0,112.0,1.0,0.0,0.0,0.0,0.0,2024,2,Verano,Bosque cerrado perennifolio latifolio,1,1,1,1,3.2395494356389456,20–30 m,872_gt2r_1769899,296298.6,5274590.0,BOSQUE_NW_02,conservador,SI,,2024-02-13,NO
BOSQUE_NW_02(3),ATL08_20240213232239_08722213_007_01.h5,2024-02-13T23:22:39Z,gt2r,-71.48568725585938,-42.65062713623047,193101873.47679505,872.0,22.0,13.0,007,01,30200.0,1.0,1769919.0,1769923.0,1375.5321044921875,92.02174377441406,18.251708984375,72.56805419921875,22.96875,4.8932976722717285,,,,,,,47.0,15.0,112.0,1.0,0.0,0.0,0.0,0.0,2024,2,Verano,Bosque cerrado perennifolio latifolio,1,1,1,1,3.975959416257574,10–20 m,872_gt2r_1769919,296246.3,5274985.8,BOSQUE_NW_02,conservador,SI,,2024-02-13,NO
BOSQUE_NW_02(3),ATL08_20240213232239_08722213_007_01.h5,2024-02-13T23:22:39Z,gt2r,-71.48787689208984,-42.63380813598633,193101873.741864,872.0,22.0,13.0,007,01,30200.0,1.0,1770014.0,1770018.0,1239.1759033203125,113.40369415283203,16.21142578125,73.58036804199219,16.21142578125,3.8698315620422363,,,,,,,31.0,11.0,112.0,1.0,0.0,0.0,0.0,0.0,2024,2,Verano,Bosque cerrado perennifolio latifolio,1,1,1,1,4.538796835938676,10–20 m,872_gt2r_1770014,296011.8,5276848.3,BOSQUE_NW_02,conservador,SI,,2024-02-13,NO
BOSQUE_NW_02(3),ATL08_20240213232239_08722213_007_01.h5,2024-02-13T23:22:39Z,gt2r,-71.48882293701172,-42.62647247314453,193101873.85755923,872.0,22.0,13.0,007,01,30200.0,1.0,1770054.0,1770058.0,1201.6324462890625,63.297279357910156,21.192138671875,38.93412780761719,24.435791015625,6.50626802444458,,,,,,,81.0,19.0,112.0,1.0,0.0,0.0,0.0,0.0,2024,2,Verano,Bosque cerrado perennifolio latifolio,1,1,1,1,1.837196727071645,20–30 m,872_gt2r_1770054,295910.2,5277660.6,BOSQUE_NW_02,conservador,SI,,2024-02-13,NO
BOSQUE_NW_02(3),ATL08_20240213232239_08722213_007_01.h5,2024-02-13T23:22:39Z,gt2r,-71.48975372314453,-42.61931228637695,193101873.97037214,872.0,22.0,13.0,007,01,30200.0,1.0,1770094.0,1770098.0,1102.8382568359375,45.926937103271484,11.7642822265625,30.667543411254883,14.82861328125,2.9160709381103516,,,,,,,84.0,24.0,116.0,1.0,0.0,0.0,0.0,0.0,2024,2,Verano,Bosque cerrado desconocido,1,1,1,1,2.6068350640220808,10–20 m,872_gt2r_1770094,295810.5,5278453.5,BOSQUE_NW_02,conservador,SI,,2024-02-13,NO
BOSQUE_NW_02(3),ATL08_20240213232239_08722213_007_01.h5,2024-02-13T23:22:39Z,gt2r,-71.49009704589844,-42.61663055419922,193101874.01275465,872.0,22.0,13.0,007,01,30200.0,1.0,1770109.0,1770113.0,1074.5623779296875,53.756553649902344,7.234130859375,20.315174102783203,7.9375,1.670544981956482,,,,,,,62.0,20.0,116.0,1.0,0.0,0.0,0.0,0.0,2024,2,Verano,Bosque cerrado desconocido,1,1,1,1,2.8082397868786066,5–10 m,872_gt2r_1770109,295773.6,5278750.5,BOSQUE_NW_02,conservador,SI,,2024-02-13,NO
BOSQUE_NW_02(3),ATL08_20240213232239_08722213_007_01.h5,2024-02-13T23:22:39Z,gt2r,-71.49103546142578,-42.609474182128906,193101874.12564835,872.0,22.0,13.0,007,01,30200.0,1.0,1770149.0,1770153.0,1060.1846923828125,66.30572509765625,4.8602294921875,17.671356201171875,4.94921875,1.103792667388916,,,,,,,47.0,16.0,116.0,1.0,0.0,0.0,0.0,0.0,2024,2,Verano,Bosque cerrado desconocido,1,1,1,1,3.635909832977521,2–5 m,872_gt2r_1770149,295673.2,5279542.9,BOSQUE_NW_02,conservador,SI,,2024-02-13,NO
BOSQUE_NW_02(3),ATL08_20240213232239_08722213_007_01.h5,2024-02-13T23:22:39Z,gt2r,-71.49114990234375,-42.608577728271484,193101874.13983583,872.0,22.0,13.0,007,01,30200.0,1.0,1770154.0,1770158.0,1059.315673828125,33.041603088378906,4.90966796875,15.452476501464844,7.5760498046875,1.1614184379577637,,,,,,,57.0,32.0,116.0,1.0,0.0,0.0,0.0,0.0,2024,2,Verano,Bosque cerrado desconocido,1,1,1,1,3.1473567255096966,2–5 m,872_gt2r_1770154,295660.9,5279642.2,BOSQUE_NW_02,conservador,SI,,2024-02-13,NO
BOSQUE_NW_02(3),ATL08_20240213232239_08722213_007_01.h5,2024-02-13T23:22:39Z,gt2r,-71.49287414550781,-42.595157623291016,193101874.35141653,872.0,22.0,13.0,007,01,30200.0,1.0,1770229.0,1770233.0,881.8189086914062,19.174562454223633,9.74053955078125,14.892511367797852,11.400146484375,2.424299716949463,,,,,,,79.0,46.0,116.0,1.0,0.0,0.0,0.0,0.0,2024,2,Verano,Bosque cerrado desconocido,1,1,1,1,1.5289205787992908,5–10 m,872_gt2r_1770229,295475.5,5281128.3,BOSQUE_NW_02,conservador,SI,,2024-02-13,NO
BOSQUE_NW_02(3),ATL08_20240213232239_08722213_007_01.h5,2024-02-13T23:22:39Z,gt2r,-71.49359130859375,-42.58979034423828,193101874.4360453,872.0,22.0,13.0,007,01,30200.0,1.0,1770259.0,1770263.0,942.2546997070312,37.76494598388672,7.0648193359375,17.833232879638672,8.13775634765625,1.7622706890106201,,,,,,,82.0,25.0,126.0,1.0,0.0,0.0,0.0,0.0,2024,2,Verano,Bosque abierto desconocido,1,1,1,1,2.5242305615550755,5–10 m,872_gt2r_1770259,295399.1,5281722.6,BOSQUE_NW_02,conservador,SI,,2024-02-13,NO
BOSQUE_NW_02(3),ATL08_20240213232239_08722213_007_01.h5,2024-02-13T23:22:39Z,gt2r,-71.4942855834961,-42.58442306518555,193101874.52060324,872.0,22.0,13.0,007,01,30200.0,1.0,1770289.0,1770293.0,913.5010986328125,60.86872100830078,7.15771484375,13.074470520019531,10.96685791015625,1.702454924583435,,,,,,,84.0,15.0,116.0,1.0,0.0,0.0,0.0,0.0,2024,2,Verano,Bosque cerrado desconocido,1,1,1,1,1.826626347295177,5–10 m,872_gt2r_1770289,295324.6,5282317.0,BOSQUE_NW_02,conservador,SI,,2024-02-13,NO
BOSQUE_NW_02(3),ATL08_20240213232239_08722213_007_01.h5,2024-02-13T23:22:39Z,gt2r,-71.49464416503906,-42.58173751831055,193101874.56292447,872.0,22.0,13.0,007,01,30200.0,1.0,1770304.0,1770308.0,905.4451293945312,27.464460372924805,5.797119140625,15.101974487304688,6.05023193359375,1.2457901239395142,,,,,,,60.0,33.0,116.0,1.0,0.0,0.0,0.0,0.0,2024,2,Verano,Bosque cerrado desconocido,1,1,1,1,2.6050826489787324,5–10 m,872_gt2r_1770304,295286.4,5282614.3,BOSQUE_NW_02,conservador,SI,,2024-02-13,NO
BOSQUE_NW_02(3),ATL08_20240213232239_08722213_007_01.h5,2024-02-13T23:22:39Z,gt2r,-71.49475860595703,-42.58084487915039,193101874.5769503,872.0,22.0,13.0,007,01,30200.0,1.0,1770309.0,1770313.0,903.638916015625,33.47621154785156,6.2891845703125,19.40500831604004,7.9190673828125,1.460681438446045,,,,,,,43.0,27.0,116.0,1.0,0.0,0.0,0.0,0.0,2024,2,Verano,Bosque cerrado desconocido,1,1,1,1,3.0854569617243452,5–10 m,872_gt2r_1770309,295274.0,5282713.2,BOSQUE_NW_02,conservador,SI,,2024-02-13,NO
BOSQUE_NW_02(3),ATL08_20240213232239_08722213_007_01.h5,2024-02-13T23:22:39Z,gt2r,-71.49580383300781,-42.572792053222656,193101874.70397678,872.0,22.0,13.0,007,01,30200.0,1.0,1770354.0,1770358.0,824.1202392578125,15.271613121032715,8.88714599609375,11.803899765014648,10.087890625,1.7498996257781982,,,,,,,87.0,54.0,126.0,1.0,0.0,0.0,0.0,0.0,2024,2,Verano,Bosque abierto desconocido,1,1,1,1,1.3281991507963216,5–10 m,872_gt2r_1770354,295161.9,5283604.9,BOSQUE_NW_02,conservador,SI,,2024-02-13,NO
BOSQUE_NW_02(3),ATL08_20240213232239_08722213_007_01.h5,2024-02-13T23:22:39Z,gt2r,-71.49651336669922,-42.56742477416992,193101874.7886416,872.0,22.0,13.0,007,01,30200.0,1.0,1770384.0,1770388.0,822.927490234375,24.19188690185547,5.849609375,13.555420875549316,7.7015380859375,1.30862295627594,,,,,,,62.0,34.0,126.0,1.0,0.0,0.0,0.0,0.0,2024,2,Verano,Bosque abierto desconocido,1,1,1,1,2.317320697255843,5–10 m,872_gt2r_1770384,295086.1,5284199.2,BOSQUE_NW_02,conservador,SI,,2024-02-13,NO
BOSQUE_NW_02(3),ATL08_20240213232239_08722213_007_01.h5,2024-02-13T23:22:39Z,gt2r,-71.49707794189453,-42.562950134277344,193101874.85892057,872.0,22.0,13.0,007,01,30200.0,1.0,1770409.0,1770413.0,802.30322265625,47.133819580078125,7.11004638671875,16.245140075683594,7.46087646484375,1.6525225639343262,,,,,,,70.0,17.0,116.0,1.0,0.0,0.0,0.0,0.0,2024,2,Verano,Bosque cerrado desconocido,1,1,1,1,2.284814921324394,5–10 m,872_gt2r_1770409,295025.1,5284694.8,BOSQUE_NW_02,conservador,SI,,2024-02-13,NO
BOSQUE_NW_02(3),ATL08_20240213232239_08722213_007_01.h5,2024-02-13T23:22:39Z,gt2r,-71.49766540527344,-42.55847930908203,193101874.92948005,872.0,22.0,13.0,007,01,30200.0,1.0,1770434.0,1770438.0,809.5520629882812,28.881589889526367,6.84710693359375,14.159993171691895,8.050537109375,1.504949927330017,,,,,,,65.0,28.0,126.0,1.0,0.0,0.0,0.0,0.0,2024,2,Verano,Bosque abierto desconocido,1,1,1,1,2.0680257091092233,5–10 m,872_gt2r_1770434,294962.2,5285189.8,BOSQUE_NW_02,conservador,SI,,2024-02-13,NO
BOSQUE_NW_02(3),ATL08_20240213232239_08722213_007_01.h5,2024-02-13T23:22:39Z,gt3l,-71.44705963134766,-42.64461135864258,193101873.1583976,872.0,22.0,13.0,007,01,30200.0,1.0,1769937.0,1769941.0,1062.605712890625,70.79911041259766,6.2996826171875,44.267581939697266,6.2996826171875,1.5146833658218384,,,,,,,21.0,15.0,126.0,1.0,0.0,0.0,0.0,0.0,2024,2,Verano,Bosque abierto desconocido,1,1,1,1,7.026954313368342,5–10 m,872_gt3l_1769937,299393.4,5275746.2,BOSQUE_NW_02,conservador,SI,,2024-02-13,NO
BOSQUE_NW_02(3),ATL08_20240213232239_08722213_007_01.h5,2024-02-13T23:22:39Z,gt3l,-71.44717407226562,-42.643714904785156,193101873.17247757,872.0,22.0,13.0,007,01,30200.0,1.0,1769942.0,1769946.0,1067.0595703125,76.20711517333984,7.049072265625,38.75926971435547,7.049072265625,1.5026614665985107,,,,,,,16.0,14.0,126.0,1.0,0.0,0.0,0.0,0.0,2024,2,Verano,Bosque abierto desconocido,1,1,1,1,5.49849231981436,5–10 m,872_gt3l_1769942,299381.2,5275845.5,BOSQUE_NW_02,conservador,SI,,2024-02-13,NO
BOSQUE_NW_02(3),ATL08_20240213232239_08722213_007_01.h5,2024-02-13T23:22:39Z,gt3l,-71.44847106933594,-42.63387680053711,193101873.32755432,872.0,22.0,13.0,007,01,30200.0,1.0,1769997.0,1770000.0,1079.361572265625,119.982177734375,4.3642578125,152.98741149902344,4.3642578125,0.9801812171936035,,,,,,,22.0,9.0,116.0,1.0,0.0,0.0,0.0,0.0,2024,2,Verano,Bosque cerrado desconocido,1,1,1,1,35.05462281830387,2–5 m,872_gt3l_1769997,299243.2,5276935.0,BOSQUE_NW_02,conservador,SI,,2024-02-13,NO
BOSQUE_NW_02(3),ATL08_20240213232239_08722213_007_01.h5,2024-02-13T23:22:39Z,gt3l,-71.45201110839844,-42.60703659057617,193101873.75046837,872.0,22.0,13.0,007,01,30200.0,1.0,1770147.0,1770151.0,1101.7000732421875,68.82006072998047,15.65478515625,62.445098876953125,15.65478515625,3.1448352336883545,,,,,,,24.0,16.0,116.0,1.0,0.0,0.0,0.0,0.0,2024,2,Verano,Bosque cerrado desconocido,1,1,1,1,3.9888825208196876,10–20 m,872_gt3l_1770147,298866.5,5279907.1,BOSQUE_NW_02,conservador,SI,,2024-02-13,NO
BOSQUE_NW_02(3),ATL08_20240213232239_08722213_007_01.h5,2024-02-13T23:22:39Z,gt3l,-71.45307159423828,-42.5989875793457,193101873.87737358,872.0,22.0,13.0,007,01,30200.0,1.0,1770192.0,1770196.0,1132.1640625,36.515071868896484,18.29931640625,50.43672561645508,18.29931640625,4.048750400543213,,,,,,,26.0,31.0,126.0,1.0,0.0,0.0,0.0,0.0,2024,2,Verano,Bosque abierto desconocido,1,1,1,1,2.75620818268538,10–20 m,872_gt3l_1770192,298753.6,5280798.5,BOSQUE_NW_02,conservador,SI,,2024-02-13,NO
BOSQUE_NW_02(3),ATL08_20240213232239_08722213_007_01.h5,2024-02-13T23:22:39Z,gt3l,-71.45318603515625,-42.59809112548828,193101873.89141813,872.0,22.0,13.0,007,01,30200.0,1.0,1770197.0,1770201.0,1118.9398193359375,37.3286247253418,16.005126953125,51.320640563964844,16.005126953125,3.7468080520629883,,,,,,,21.0,30.0,116.0,1.0,0.0,0.0,0.0,0.0,2024,2,Verano,Bosque cerrado desconocido,1,1,1,1,3.206512557774151,10–20 m,872_gt3l_1770197,298741.3,5280897.7,BOSQUE_NW_02,conservador,SI,,2024-02-13,NO
BOSQUE_NW_02(3),ATL08_20240213232239_08722213_007_01.h5,2024-02-13T23:22:39Z,gt3l,-71.4540023803711,-42.59183120727539,193101873.9901621,872.0,22.0,13.0,007,01,30200.0,1.0,1770232.0,1770236.0,1104.613525390625,64.91915130615234,16.9171142578125,82.80873107910156,16.9171142578125,4.586799621582031,,,,,,,35.0,17.0,112.0,1.0,0.0,0.0,0.0,0.0,2024,2,Verano,Bosque cerrado perennifolio latifolio,1,1,1,1,4.894967889742757,10–20 m,872_gt3l_1770232,298654.2,5281591.0,BOSQUE_NW_02,conservador,SI,,2024-02-13,NO
BOSQUE_NW_02(3),ATL08_20240213232239_08722213_007_01.h5,2024-02-13T23:22:39Z,gt3l,-71.45436096191406,-42.58914566040039,193101874.03249526,872.0,22.0,13.0,007,01,30200.0,1.0,1770247.0,1770251.0,1110.205078125,100.75601196289062,16.9169921875,131.7291259765625,16.9169921875,4.644730091094971,,,,,,,22.0,11.0,116.0,1.0,0.0,0.0,0.0,0.0,2024,2,Verano,Bosque cerrado desconocido,1,1,1,1,7.786793569243203,10–20 m,872_gt3l_1770247,298616.1,5281888.3,BOSQUE_NW_02,conservador,SI,,2024-02-13,NO
BOSQUE_NW_02(3),ATL08_20240213232239_08722213_007_01.h5,2024-02-13T23:22:39Z,gt3l,-71.45459747314453,-42.58735656738281,193101874.0606958,872.0,22.0,13.0,007,01,30200.0,1.0,1770257.0,1770261.0,1127.6588134765625,112.76203918457031,4.5606689453125,59.159000396728516,4.5606689453125,1.2603856325149536,,,,,,,18.0,10.0,126.0,1.0,0.0,0.0,0.0,0.0,2024,2,Verano,Bosque abierto desconocido,1,1,1,1,12.97156209014748,2–5 m,872_gt3l_1770257,298590.9,5282086.4,BOSQUE_NW_02,conservador,SI,,2024-02-13,NO
BOSQUE_NW_02(3),ATL08_20240213232239_08722213_007_01.h5,2024-02-13T23:22:39Z,gt3l,-71.45584869384766,-42.5775146484375,193101874.21575606,872.0,22.0,13.0,007,01,30200.0,1.0,1770312.0,1770316.0,952.0419921875,50.04192352294922,6.51995849609375,51.88412857055664,6.51995849609375,1.8337825536727905,,,,,,,15.0,19.0,20.0,1.0,0.0,0.0,0.0,0.0,2024,2,Verano,Arbustos,1,1,1,1,7.957739087087987,5–10 m,872_gt3l_1770312,298456.5,5283176.4,BOSQUE_NW_02,conservador,SI,,2024-02-13,NO
BOSQUE_NW_02(3),ATL08_20240213232239_08722213_007_01.h5,2024-02-13T23:22:39Z,gt3l,-71.45609283447266,-42.57572555541992,193101874.24403918,872.0,22.0,13.0,007,01,30200.0,1.0,1770322.0,1770326.0,940.0184936523438,30.330066680908203,9.0894775390625,39.242530822753906,9.0894775390625,2.31335711479187,,,,,,,23.0,31.0,20.0,1.0,0.0,0.0,0.0,0.0,2024,2,Verano,Arbustos,1,1,1,1,4.3173582479418755,5–10 m,872_gt3l_1770322,298430.7,5283374.5,BOSQUE_NW_02,conservador,SI,,2024-02-13,NO
BOSQUE_NW_02(3),ATL08_20240213232239_08722213_007_01.h5,2024-02-13T23:22:39Z,gt3l,-71.45620727539062,-42.5748291015625,193101874.25811958,872.0,22.0,13.0,007,01,30200.0,1.0,1770327.0,1770331.0,943.0664672851562,94.2100601196289,7.15325927734375,55.711700439453125,7.15325927734375,1.7960187196731567,,,,,,,23.0,10.0,20.0,1.0,0.0,0.0,0.0,0.0,2024,2,Verano,Arbustos,1,1,1,1,7.788295975221631,5–10 m,872_gt3l_1770327,298418.4,5283473.8,BOSQUE_NW_02,conservador,SI,,2024-02-13,NO
BOSQUE_NW_02(3),ATL08_20240213232239_08722213_007_01.h5,2024-02-13T23:22:39Z,gt3r,-71.44087219238281,-42.683536529541016,193101872.89618972,872.0,22.0,13.0,007,01,30200.0,1.0,1769719.0,1769723.0,1009.4036254882812,53.25444030761719,7.9454345703125,17.68994903564453,8.3154296875,2.0106770992279053,,,,,,,101.0,19.0,20.0,1.0,0.0,0.0,0.0,0.0,2024,2,Verano,Arbustos,1,1,1,1,2.2264293889904594,5–10 m,872_gt3r_1769719,300025.6,5271438.3,BOSQUE_NW_02,conservador,SI,,2024-02-13,NO
BOSQUE_NW_02(3),ATL08_20240213232239_08722213_007_01.h5,2024-02-13T23:22:39Z,gt3r,-71.44111633300781,-42.68174743652344,193101872.92425096,872.0,22.0,13.0,007,01,30200.0,1.0,1769729.0,1769733.0,1014.8389892578125,63.65922546386719,7.86016845703125,14.404845237731934,8.70416259765625,1.618750810623169,,,,,,,76.0,16.0,30.0,1.0,0.0,0.0,0.0,0.0,2024,2,Verano,Herbáceas,1,1,1,1,1.8326382337068357,5–10 m,872_gt3r_1769729,299999.8,5271636.4,BOSQUE_NW_02,conservador,SI,,2024-02-13,NO
BOSQUE_NW_02(3),ATL08_20240213232239_08722213_007_01.h5,2024-02-13T23:22:39Z,gt3r,-71.44171142578125,-42.677276611328125,193101872.99480098,872.0,22.0,13.0,007,01,30200.0,1.0,1769754.0,1769758.0,1070.0343017578125,50.9144401550293,7.7977294921875,19.187118530273438,9.4716796875,1.917870283126831,,,,,,,99.0,21.0,30.0,1.0,0.0,0.0,0.0,0.0,2024,2,Verano,Herbáceas,1,1,1,1,2.4606032498943313,5–10 m,872_gt3r_1769754,299936.7,5272131.4,BOSQUE_NW_02,conservador,SI,,2024-02-13,NO
BOSQUE_NW_02(3),ATL08_20240213232239_08722213_007_01.h5,2024-02-13T23:22:39Z,gt3r,-71.44194030761719,-42.67548751831055,193101873.0230253,872.0,22.0,13.0,007,01,30200.0,1.0,1769764.0,1769768.0,1090.0687255859375,24.21680450439453,5.4814453125,16.079042434692383,6.19189453125,1.1571695804595947,,,,,,,74.0,45.0,116.0,1.0,0.0,0.0,0.0,0.0,2024,2,Verano,Bosque cerrado desconocido,1,1,1,1,2.9333581780019595,5–10 m,872_gt3r_1769764,299912.2,5272329.6,BOSQUE_NW_02,conservador,SI,,2024-02-13,NO
BOSQUE_NW_02(3),ATL08_20240213232239_08722213_007_01.h5,2024-02-13T23:22:39Z,gt3r,-71.44206237792969,-42.67459487915039,193101873.03715962,872.0,22.0,13.0,007,01,30200.0,1.0,1769769.0,1769773.0,1108.3995361328125,50.295982360839844,8.0413818359375,21.508756637573242,9.0631103515625,1.9584320783615112,,,,,,,105.0,22.0,116.0,1.0,0.0,0.0,0.0,0.0,2024,2,Verano,Bosque cerrado desconocido,1,1,1,1,2.674758776091082,5–10 m,872_gt3r_1769769,299899.3,5272428.4,BOSQUE_NW_02,conservador,SI,,2024-02-13,NO
BOSQUE_NW_02(3),ATL08_20240213232239_08722213_007_01.h5,2024-02-13T23:22:39Z,gt3r,-71.44277954101562,-42.669227600097656,193101873.12168822,872.0,22.0,13.0,007,01,30200.0,1.0,1769799.0,1769803.0,1107.0941162109375,46.143367767333984,5.619873046875,12.960441589355469,6.06787109375,1.1787205934524536,,,,,,,79.0,24.0,116.0,1.0,0.0,0.0,0.0,0.0,2024,2,Verano,Bosque cerrado desconocido,1,1,1,1,2.306180492202094,5–10 m,872_gt3r_1769799,299823.3,5273022.8,BOSQUE_NW_02,conservador,SI,,2024-02-13,NO
BOSQUE_NW_02(3),ATL08_20240213232239_08722213_007_01.h5,2024-02-13T23:22:39Z,gt3r,-71.44617462158203,-42.64328384399414,193101873.53047553,872.0,22.0,13.0,007,01,30200.0,1.0,1769944.0,1769948.0,1072.0418701171875,10.617534637451172,6.0655517578125,9.9253568649292,6.685791015625,1.3077728748321533,,,,,,,80.0,101.0,126.0,1.0,0.0,0.0,0.0,0.0,2024,2,Verano,Bosque abierto desconocido,1,1,1,1,1.6363485567731288,5–10 m,872_gt3r_1769944,299461.7,5275895.8,BOSQUE_NW_02,conservador,SI,,2024-02-13,NO
BOSQUE_NW_02(3),ATL08_20240213232239_08722213_007_01.h5,2024-02-13T23:22:39Z,gt3r,-71.4468994140625,-42.637916564941406,193101873.6151489,872.0,22.0,13.0,007,01,30200.0,1.0,1769974.0,1769978.0,1101.6541748046875,15.96009349822998,3.5318603515625,14.177638053894043,4.0745849609375,0.7493403553962708,,,,,,,128.0,69.0,126.0,1.0,0.0,0.0,0.0,0.0,2024,2,Verano,Bosque abierto desconocido,1,1,1,1,4.014212523329762,2–5 m,872_gt3r_1769974,299385.0,5276490.1,BOSQUE_NW_02,conservador,SI,,2024-02-13,NO
BOSQUE_NW_02(3),ATL08_20240213232239_08722213_007_01.h5,2024-02-13T23:22:39Z,gt3r,-71.44771575927734,-42.63165283203125,193101873.71371216,872.0,22.0,13.0,007,01,30200.0,1.0,1770009.0,1770013.0,1116.183837890625,19.643293380737305,6.5863037109375,14.530080795288086,6.9573974609375,1.6732935905456543,,,,,,,65.0,57.0,126.0,1.0,0.0,0.0,0.0,0.0,2024,2,Verano,Bosque abierto desconocido,1,1,1,1,2.2061054930034287,5–10 m,872_gt3r_1770009,299298.0,5277183.7,BOSQUE_NW_02,conservador,SI,,2024-02-13,NO
BOSQUE_NW_02(3),ATL08_20240213232239_08722213_007_01.h5,2024-02-13T23:22:39Z,gt3r,-71.44807434082031,-42.628971099853516,193101873.75600573,872.0,22.0,13.0,007,01,30200.0,1.0,1770024.0,1770028.0,1142.2841796875,30.864139556884766,3.611572265625,19.48394203186035,4.3428955078125,0.8835869431495667,,,,,,,100.0,37.0,116.0,1.0,0.0,0.0,0.0,0.0,2024,2,Verano,Bosque cerrado desconocido,1,1,1,1,5.394864230548232,2–5 m,872_gt3r_1770024,299259.9,5277480.7,BOSQUE_NW_02,conservador,SI,,2024-02-13,NO
BOSQUE_NW_02(3),ATL08_20240213232239_08722213_007_01.h5,2024-02-13T23:22:39Z,gt3r,-71.44878387451172,-42.62360382080078,193101873.84061727,872.0,22.0,13.0,007,01,30200.0,1.0,1770054.0,1770058.0,1155.0224609375,21.78401756286621,4.89501953125,16.8577880859375,5.5296630859375,1.0237277746200562,,,,,,,83.0,53.0,126.0,1.0,0.0,0.0,0.0,0.0,2024,2,Verano,Bosque abierto desconocido,1,1,1,1,3.4438653366583543,2–5 m,872_gt3r_1770054,299184.5,5278075.0,BOSQUE_NW_02,conservador,SI,,2024-02-13,NO
BOSQUE_NW_02(3),ATL08_20240213232239_08722213_007_01.h5,2024-02-13T23:22:39Z,gt3r,-71.44950103759766,-42.61823654174805,193101873.92523998,872.0,22.0,13.0,007,01,30200.0,1.0,1770084.0,1770088.0,1165.0125732421875,14.039898872375488,4.3402099609375,12.13141918182373,5.0208740234375,1.0675588846206665,,,,,,,97.0,83.0,126.0,1.0,0.0,0.0,0.0,0.0,2024,2,Verano,Bosque abierto desconocido,1,1,1,1,2.795122653283645,2–5 m,872_gt3r_1770084,299108.4,5278669.4,BOSQUE_NW_02,conservador,SI,,2024-02-13,NO
BOSQUE_NW_02(3),ATL08_20240213232239_08722213_007_01.h5,2024-02-13T23:22:39Z,gt3r,-71.45053100585938,-42.61018371582031,193101874.05230218,872.0,22.0,13.0,007,01,30200.0,1.0,1770129.0,1770133.0,1111.8853759765625,44.51359558105469,6.9884033203125,16.08246612548828,8.32177734375,1.7184772491455078,,,,,,,93.0,25.0,116.0,1.0,0.0,0.0,0.0,0.0,2024,2,Verano,Bosque cerrado desconocido,1,1,1,1,2.301307664762703,5–10 m,872_gt3r_1770129,298998.0,5279561.2,BOSQUE_NW_02,conservador,SI,,2024-02-13,NO
BOSQUE_NW_02(3),ATL08_20240213232239_08722213_007_01.h5,2024-02-13T23:22:39Z,gt3r,-71.4507827758789,-42.608394622802734,193101874.08026952,872.0,22.0,13.0,007,01,30200.0,1.0,1770139.0,1770143.0,1112.2979736328125,21.85943031311035,3.8267822265625,15.459219932556152,5.3258056640625,0.9102071523666382,,,,,,,81.0,51.0,20.0,1.0,0.0,0.0,0.0,0.0,2024,2,Verano,Arbustos,1,1,1,1,4.039743841510096,2–5 m,872_gt3r_1770139,298971.6,5279759.3,BOSQUE_NW_02,conservador,SI,,2024-02-13,NO
BOSQUE_NW_02(3),ATL08_20240213232239_08722213_007_01.h5,2024-02-13T23:22:39Z,gt3r,-71.4529037475586,-42.59229278564453,193101874.33412158,872.0,22.0,13.0,007,01,30200.0,1.0,1770229.0,1770233.0,1123.3829345703125,44.901737213134766,5.724365234375,12.33124828338623,6.2899169921875,1.3290210962295532,,,,,,,92.0,25.0,112.0,1.0,0.0,0.0,0.0,0.0,2024,2,Verano,Bosque cerrado perennifolio latifolio,1,1,1,1,2.1541686769629376,5–10 m,872_gt3r_1770229,298745.8,5281542.3,BOSQUE_NW_02,conservador,SI,,2024-02-13,NO
BOSQUE_NW_02(3),ATL08_20240213232239_08722213_007_01.h5,2024-02-13T23:22:39Z,gt3r,-71.45325469970703,-42.58960723876953,193101874.3766159,872.0,22.0,13.0,007,01,30200.0,1.0,1770244.0,1770248.0,1116.125244140625,61.98281478881836,4.64404296875,17.959312438964844,5.05419921875,1.1301698684692383,,,,,,,84.0,18.0,114.0,1.0,0.0,0.0,0.0,0.0,2024,2,Verano,Bosque cerrado caducifolio latifolio,1,1,1,1,3.867171893071181,2–5 m,872_gt3r_1770244,298708.3,5281839.7,BOSQUE_NW_02,conservador,SI,,2024-02-13,NO
BOSQUE_NW_02(3),ATL08_20240213232239_08722213_007_01.h5,2024-02-13T23:22:39Z,gt3r,-71.453369140625,-42.588714599609375,193101874.39079696,872.0,22.0,13.0,007,01,30200.0,1.0,1770249.0,1770253.0,1118.0279541015625,93.13007354736328,5.4461669921875,12.468689918518066,6.978271484375,1.3970566987991333,,,,,,,46.0,12.0,116.0,1.0,0.0,0.0,0.0,0.0,2024,2,Verano,Bosque cerrado desconocido,1,1,1,1,2.2894431875490304,5–10 m,872_gt3r_1770249,298696.1,5281938.6,BOSQUE_NW_02,conservador,SI,,2024-02-13,NO
BOSQUE_NW_02(3),ATL08_20240213232239_08722213_007_01.h5,2024-02-13T23:22:39Z,gt3r,-71.4539566040039,-42.5842399597168,193101874.46121535,872.0,22.0,13.0,007,01,30200.0,1.0,1770274.0,1770278.0,1083.7147216796875,30.988962173461914,5.518310546875,12.484376907348633,7.6727294921875,1.2190895080566406,,,,,,,92.0,35.0,126.0,1.0,0.0,0.0,0.0,0.0,2024,2,Verano,Bosque abierto desconocido,1,1,1,1,2.262354900345087,5–10 m,872_gt3r_1770274,298633.5,5282434.1,BOSQUE_NW_02,conservador,SI,,2024-02-13,NO
BOSQUE_NW_02(3),ATL08_20240213232239_08722213_007_01.h5,2024-02-13T23:22:39Z,gt3r,-71.45463562011719,-42.57887268066406,193101874.54601443,872.0,22.0,13.0,007,01,30200.0,1.0,1770304.0,1770308.0,971.5831909179688,38.909358978271484,8.59814453125,13.78495979309082,9.71917724609375,1.9186064004898071,,,,,,,93.0,25.0,20.0,1.0,0.0,0.0,0.0,0.0,2024,2,Verano,Arbustos,1,1,1,1,1.6032482058180475,5–10 m,872_gt3r_1770304,298560.5,5283028.5,BOSQUE_NW_02,conservador,SI,,2024-02-13,NO
BOSQUE_NW_02(3),ATL08_20240213232239_08722213_007_01.h5,2024-02-13T23:22:39Z,gt3r,-71.45475006103516,-42.57797622680664,193101874.56017813,872.0,22.0,13.0,007,01,30200.0,1.0,1770309.0,1770313.0,961.65380859375,25.97599983215332,5.42431640625,11.94711971282959,5.6552734375,1.168756127357483,,,,,,,75.0,37.0,126.0,1.0,0.0,0.0,0.0,0.0,2024,2,Verano,Bosque abierto desconocido,1,1,1,1,2.202511582669457,5–10 m,872_gt3r_1770309,298548.2,5283127.8,BOSQUE_NW_02,conservador,SI,,2024-02-13,NO
BOSQUE_NW_02(3),ATL08_20240213232239_08722213_007_01.h5,2024-02-13T23:22:39Z,gt3r,-71.45555877685547,-42.571712493896484,193101874.65873846,872.0,22.0,13.0,007,01,30200.0,1.0,1770344.0,1770348.0,945.9857788085938,16.0208740234375,4.7474365234375,11.751419067382812,6.08526611328125,1.1680748462677002,,,,,,,99.0,59.0,20.0,1.0,0.0,0.0,0.0,0.0,2024,2,Verano,Arbustos,1,1,1,1,2.475318839834409,2–5 m,872_gt3r_1770344,298461.6,5283821.4,BOSQUE_NW_02,conservador,SI,,2024-02-13,NO
BOSQUE_NW_02(3),ATL08_20240213232239_08722213_007_01.h5,2024-02-13T23:22:39Z,gt3r,-71.4559097290039,-42.56903076171875,193101874.70127684,872.0,22.0,13.0,007,01,30200.0,1.0,1770359.0,1770363.0,915.2831420898438,17.30076026916504,4.215087890625,11.48259449005127,10.32049560546875,1.0943927764892578,,,,,,,103.0,53.0,20.0,1.0,0.0,0.0,0.0,0.0,2024,2,Verano,Arbustos,1,1,1,1,2.724164901896901,2–5 m,872_gt3r_1770359,298424.2,5284118.4,BOSQUE_NW_02,conservador,SI,,2024-02-13,NO
BOSQUE_NW_02(3),ATL08_20241109221128_08342509_007_01.h5,2024-11-09T22:11:28Z,gt1l,-71.46546173095703,-42.559940338134766,216425738.14301586,834.0,25.0,9.0,007,01,34323.0,0.0,1238465.0,1238469.0,839.1474609375,13.752591133117676,4.87982177734375,12.011019706726074,5.978759765625,1.2231076955795288,,,,,,,78.0,61.0,20.0,1.0,0.0,0.0,0.0,0.0,2024,11,Primavera,Arbustos,1,1,1,1,2.461364421645758,2–5 m,834_gt1l_1238465,297610.7,5285105.1,BOSQUE_NW_02,conservador,SI,,2024-11-09,NO
BOSQUE_NW_02(3),ATL08_20241109221128_08342509_007_01.h5,2024-11-09T22:11:28Z,gt1l,-71.46662139892578,-42.56888961791992,216425738.28378582,834.0,25.0,9.0,007,01,34323.0,0.0,1238515.0,1238519.0,910.5521240234375,53.48471450805664,6.0350341796875,13.298057556152344,7.86590576171875,1.5139278173446655,,,,,,,86.0,17.0,126.0,1.0,0.0,0.0,0.0,0.0,2024,11,Primavera,Bosque abierto desconocido,1,1,1,1,2.203476759238658,5–10 m,834_gt1l_1238515,297544.5,5284108.5,BOSQUE_NW_02,conservador,SI,,2024-11-09,NO
BOSQUE_NW_02(3),ATL08_20241109221128_08342509_007_01.h5,2024-11-09T22:11:28Z,gt1r,-71.46661376953125,-42.56058120727539,216425738.50187096,834.0,25.0,9.0,007,01,34323.0,0.0,1238469.0,1238473.0,839.1406860351562,93.37492370605469,10.0084228515625,74.54287719726562,10.0084228515625,2.2200520038604736,,,,,,,20.0,9.0,20.0,1.0,0.0,0.0,0.0,0.0,2024,11,Primavera,Arbustos,1,1,1,1,7.4480143677810435,10–20 m,834_gt1r_1238469,297518.2,5285031.1,BOSQUE_NW_02,conservador,SI,,2024-11-09,NO
BOSQUE_NW_02(3),ATL08_20241109221128_08342509_007_01.h5,2024-11-09T22:11:28Z,gt1r,-71.46672058105469,-42.56147766113281,216425738.51596865,834.0,25.0,9.0,007,01,34323.0,0.0,1238474.0,1238478.0,851.1910400390625,60.930660247802734,19.10992431640625,71.39668273925781,19.10992431640625,4.326785564422607,,,,,,,29.0,14.0,20.0,1.0,0.0,0.0,0.0,0.0,2024,11,Primavera,Arbustos,1,1,1,1,3.7361049451128565,10–20 m,834_gt1r_1238474,297512.4,5284931.3,BOSQUE_NW_02,conservador,SI,,2024-11-09,NO
BOSQUE_NW_02(3),ATL08_20241109221128_08342509_007_01.h5,2024-11-09T22:11:28Z,gt1r,-71.4671859741211,-42.56505584716797,216425738.57221225,834.0,25.0,9.0,007,01,34323.0,0.0,1238494.0,1238498.0,903.9754638671875,25.838592529296875,14.89825439453125,35.812644958496094,14.89825439453125,3.2186152935028076,,,,,,,16.0,35.0,20.0,1.0,0.0,0.0,0.0,0.0,2024,11,Primavera,Arbustos,1,1,1,1,2.403814836967877,10–20 m,834_gt1r_1238494,297485.7,5284532.9,BOSQUE_NW_02,conservador,SI,,2024-11-09,NO
BOSQUE_NW_02(3),ATL08_20241109221128_08342509_007_01.h5,2024-11-09T22:11:28Z,gt1r,-71.4700927734375,-42.58742141723633,216425738.9239985,834.0,25.0,9.0,007,01,34323.0,0.0,1238619.0,1238623.0,1154.147705078125,50.17390823364258,20.859130859375,60.95943069458008,20.859130859375,6.988130569458008,,,,,,,21.0,23.0,30.0,1.0,0.0,0.0,0.0,0.0,2024,11,Primavera,Herbáceas,1,1,1,1,2.9224338782640245,20–30 m,834_gt1r_1238619,297319.6,5282042.2,BOSQUE_NW_02,conservador,SI,,2024-11-09,NO
BOSQUE_NW_02(3),ATL08_20241109221128_08342509_007_01.h5,2024-11-09T22:11:28Z,gt2l,-71.50569915771484,-42.56248092651367,216425738.21101457,834.0,25.0,9.0,007,01,34323.0,0.0,1238495.0,1238499.0,790.1189575195312,24.66854476928711,4.00164794921875,20.72231674194336,4.09808349609375,0.861325204372406,,,,,,,42.0,32.0,126.0,1.0,0.0,0.0,0.0,0.0,2024,11,Primavera,Bosque abierto desconocido,1,1,1,1,5.178445731586413,2–5 m,834_gt2l_1238495,294315.8,5284725.9,BOSQUE_NW_02,conservador,SI,,2024-11-09,NO
BOSQUE_NW_02(3),ATL08_20241109221128_08342509_007_01.h5,2024-11-09T22:11:28Z,gt2l,-71.50602722167969,-42.56498718261719,216425738.25053105,834.0,25.0,9.0,007,01,34323.0,0.0,1238510.0,1238514.0,801.3362426757812,22.292665481567383,12.67181396484375,16.539901733398438,14.93206787109375,3.0025839805603027,,,,,,,67.0,36.0,112.0,1.0,0.0,0.0,0.0,0.0,2024,11,Primavera,Bosque cerrado perennifolio latifolio,1,1,1,1,1.3052513065048286,10–20 m,834_gt2l_1238510,294297.1,5284446.8,BOSQUE_NW_02,conservador,SI,,2024-11-09,NO
BOSQUE_NW_02(3),ATL08_20241109221128_08342509_007_01.h5,2024-11-09T22:11:28Z,gt2r,-71.50697326660156,-42.56401824951172,216425738.58380935,834.0,25.0,9.0,007,01,34323.0,0.0,1238504.0,1238508.0,790.9064331054688,98.82176208496094,10.64239501953125,65.96520233154297,10.64239501953125,1.9900908470153809,,,,,,,39.0,8.0,116.0,1.0,0.0,0.0,0.0,0.0,2024,11,Primavera,Bosque cerrado desconocido,1,1,1,1,6.19834184039228,10–20 m,834_gt2r_1238504,294216.3,5284552.1,BOSQUE_NW_02,conservador,SI,,2024-11-09,NO
BOSQUE_NW_02(3),ATL08_20241109221128_08342509_007_01.h5,2024-11-09T22:11:28Z,gt3l,-71.54579162597656,-42.56375503540039,216425738.258422,834.0,25.0,9.0,007,01,34323.0,0.0,1238518.0,1238522.0,744.8956909179688,62.25590896606445,11.31011962890625,17.39299964904785,12.1663818359375,2.912586212158203,,,,,,,111.0,12.0,116.0,1.0,0.0,0.0,0.0,0.0,2024,11,Primavera,Bosque cerrado desconocido,1,1,1,1,1.5378263201208817,10–20 m,834_gt3l_1238518,291028.8,5284486.3,BOSQUE_NW_02,conservador,SI,,2024-11-09,NO
BOSQUE_NW_02(3),ATL08_20241109221128_08342509_007_01.h5,2024-11-09T22:11:28Z,gt3l,-71.5458984375,-42.56465148925781,216425738.27248237,834.0,25.0,9.0,007,01,34323.0,0.0,1238523.0,1238527.0,745.2857055664062,31.0808162689209,12.2332763671875,17.390031814575195,15.14923095703125,3.0953516960144043,,,,,,,131.0,24.0,112.0,1.0,0.0,0.0,0.0,0.0,2024,11,Primavera,Bosque cerrado perennifolio latifolio,1,1,1,1,1.421535105772589,10–20 m,834_gt3l_1238523,291023.1,5284386.4,BOSQUE_NW_02,conservador,SI,,2024-11-09,NO
BOSQUE_NW_02(3),ATL08_20241109221128_08342509_007_01.h5,2024-11-09T22:11:28Z,gt3r,-71.54645538330078,-42.56081771850586,216425738.5611297,834.0,25.0,9.0,007,01,34323.0,0.0,1238502.0,1238506.0,737.7056274414062,73.79004669189453,21.72857666015625,55.4542350769043,24.15069580078125,5.2623701095581055,,,,,,,47.0,10.0,126.0,1.0,0.0,0.0,0.0,0.0,2024,11,Primavera,Bosque abierto desconocido,1,1,1,1,2.5521338072084068,20–30 m,834_gt3r_1238502,290964.5,5284810.8,BOSQUE_NW_02,conservador,SI,,2024-11-09,NO
BOSQUE_NW_02(3),ATL08_20241109221128_08342509_007_01.h5,2024-11-09T22:11:28Z,gt3r,-71.54692840576172,-42.564395904541016,216425738.61742884,834.0,25.0,9.0,007,01,34323.0,0.0,1238522.0,1238526.0,738.1190185546875,26.341060638427734,18.8013916015625,32.98838424682617,18.8013916015625,5.425731658935547,,,,,,,25.0,28.0,126.0,1.0,0.0,0.0,0.0,0.0,2024,11,Primavera,Bosque abierto desconocido,1,1,1,1,1.754571413963031,10–20 m,834_gt3r_1238522,290937.7,5284412.3,BOSQUE_NW_02,conservador,SI,,2024-11-09,NO
BOSQUE_NW_02(3),ATL08_20250208175114_08342609_007_01.h5,2025-02-08T17:51:14Z,gt3l,-71.41553497314453,-42.675804138183594,224272534.2507799,834.0,26.0,9.0,007,01,35710.0,0.0,1239087.0,1239091.0,1197.811767578125,70.60693359375,18.5689697265625,27.0963077545166,19.318115234375,5.902281761169434,,,,,,,122.0,17.0,112.0,1.0,0.0,0.0,0.0,0.0,2025,2,Verano,Bosque cerrado perennifolio latifolio,1,1,1,1,1.4592251564585155,10–20 m,834_gt3l_1239087,302076.9,5272356.6,BOSQUE_NW_02,conservador,SI,,2025-02-08,NO
BOSQUE_NW_02(3),ATL08_20250208175114_08342609_007_01.h5,2025-02-08T17:51:14Z,gt3l,-71.41732788085938,-42.688316345214844,224272534.44781804,834.0,26.0,9.0,007,01,35710.0,0.0,1239157.0,1239161.0,1120.6318359375,15.78475570678711,4.4591064453125,13.562752723693848,5.7828369140625,0.936335563659668,,,,,,,118.0,71.0,30.0,1.0,0.0,0.0,0.0,0.0,2025,2,Verano,Herbáceas,1,1,1,1,3.0415853243313533,2–5 m,834_gt3l_1239157,301969.8,5270962.9,BOSQUE_NW_02,conservador,SI,,2025-02-08,NO
BOSQUE_NW_02(3),ATL08_20250208175114_08342609_007_01.h5,2025-02-08T17:51:14Z,gt3r,-71.41364288330078,-42.65228271484375,224272534.23115256,834.0,26.0,9.0,007,01,35710.0,0.0,1238956.0,1238960.0,1268.8929443359375,126.74192810058594,6.9764404296875,61.96895980834961,6.9764404296875,1.579891324043274,,,,,,,28.0,10.0,126.0,1.0,0.0,0.0,0.0,0.0,2025,2,Verano,Bosque abierto desconocido,1,1,1,1,8.88260430701125,5–10 m,834_gt3r_1238956,302157.3,5274973.1,BOSQUE_NW_02,conservador,SI,,2025-02-08,NO
BOSQUE_NW_02(3),ATL08_20250208175114_08342609_007_01.h5,2025-02-08T17:51:14Z,gt3r,-71.41472625732422,-42.65943145751953,224272534.34378666,834.0,26.0,9.0,007,01,35710.0,0.0,1238996.0,1239000.0,1228.3077392578125,111.58560180664062,10.3759765625,87.10792541503906,10.3759765625,2.7521979808807373,,,,,,,37.0,11.0,126.0,1.0,0.0,0.0,0.0,0.0,2025,2,Verano,Bosque abierto desconocido,1,1,1,1,8.395154411764706,10–20 m,834_gt3r_1238996,302091.2,5274176.7,BOSQUE_NW_02,conservador,SI,,2025-02-08,NO
BOSQUE_NW_02(3),ATL08_20250208175114_08342609_007_01.h5,2025-02-08T17:51:14Z,gt3r,-71.41485595703125,-42.66032409667969,224272534.35786018,834.0,26.0,9.0,007,01,35710.0,0.0,1239001.0,1239005.0,1224.1322021484375,94.18379211425781,11.1893310546875,66.76311492919922,11.1893310546875,2.300266742706299,,,,,,,26.0,13.0,126.0,1.0,0.0,0.0,0.0,0.0,2025,2,Verano,Bosque abierto desconocido,1,1,1,1,5.966676167046682,10–20 m,834_gt3r_1239001,302083.4,5274077.3,BOSQUE_NW_02,conservador,SI,,2025-02-08,NO
BOSQUE_NW_02(3),ATL08_20250208175114_08342609_007_01.h5,2025-02-08T17:51:14Z,gt3r,-71.41667175292969,-42.673736572265625,224272534.5688075,834.0,26.0,9.0,007,01,35710.0,0.0,1239076.0,1239080.0,1224.57275390625,94.16079711914062,13.1480712890625,91.5729751586914,13.1480712890625,2.724335193634033,,,,,,,16.0,13.0,116.0,1.0,0.0,0.0,0.0,0.0,2025,2,Verano,Bosque cerrado desconocido,1,1,1,1,6.9647458661764565,10–20 m,834_gt3r_1239076,301977.2,5272583.6,BOSQUE_NW_02,conservador,SI,,2025-02-08,NO
BOSQUE_NW_02(3),ATL08_20250208175114_08342609_007_01.h5,2025-02-08T17:51:14Z,gt3r,-71.41783905029297,-42.68539047241211,224272534.7520966,834.0,26.0,9.0,007,01,35710.0,0.0,1239141.0,1239145.0,1135.2642822265625,103.31853485107422,7.203125,42.351165771484375,7.62548828125,1.5887941122055054,,,,,,,36.0,11.0,20.0,1.0,0.0,0.0,0.0,0.0,2025,2,Verano,Arbustos,1,1,1,1,5.879554467190889,5–10 m,834_gt3r_1239141,301918.6,5271286.7,BOSQUE_NW_02,conservador,SI,,2025-02-08,NO
BOSQUE_NW_02(3),ATL08_20250208175114_08342609_007_01.h5,2025-02-08T17:51:14Z,gt3r,-71.41826629638672,-42.689876556396484,224272534.8224687,834.0,26.0,9.0,007,01,35710.0,0.0,1239166.0,1239170.0,1117.4261474609375,101.58024597167969,11.7855224609375,72.14790344238281,12.9437255859375,3.382174491882324,,,,,,,55.0,11.0,30.0,1.0,0.0,0.0,0.0,0.0,2025,2,Verano,Herbáceas,1,1,1,1,6.121739929775136,10–20 m,834_gt3r_1239166,301897.9,5270787.5,BOSQUE_NW_02,conservador,SI,,2025-02-08,NO
BOSQUE_NW_02(3),ATL08_20250510133034_08342709_007_01.h5,2025-05-10T13:30:34Z,gt2l,-71.41155242919922,-42.58869171142578,232119284.47290578,834.0,27.0,9.0,007,01,37097.0,1.0,1238603.0,1238607.0,1243.2301025390625,207.2285614013672,18.794189453125,196.70018005371094,18.794189453125,4.954996109008789,,,,,,,24.0,6.0,116.0,1.0,0.0,0.0,0.0,0.0,2025,5,Otoño,Bosque cerrado desconocido,1,1,1,1,10.466010281757836,10–20 m,834_gt2l_1238603,302127.3,5282039.7,BOSQUE_NW_02,conservador,SI,,2025-05-10,NO
BOSQUE_NW_02(3),ATL08_20250510133034_08342709_007_01.h5,2025-05-10T13:30:34Z,gt2l,-71.41590881347656,-42.62088394165039,232119284.9799789,834.0,27.0,9.0,007,01,37097.0,1.0,1238784.0,1238787.0,1181.786865234375,73.92449188232422,17.4254150390625,99.0806655883789,17.4254150390625,5.0639190673828125,,,,,,,17.0,16.0,30.0,1.0,0.0,0.0,0.0,0.0,2025,5,Otoño,Herbáceas,1,1,1,1,5.685985978886016,10–20 m,834_gt2l_1238784,301872.0,5278454.6,BOSQUE_NW_02,conservador,SI,,2025-05-10,NO
BOSQUE_NW_02(3),ATL08_20250510133034_08342709_007_01.h5,2025-05-10T13:30:34Z,gt2l,-71.42174530029297,-42.66182327270508,232119285.6254001,834.0,27.0,9.0,007,01,37097.0,1.0,1239013.0,1239017.0,1226.421630859375,61.3494987487793,19.3297119140625,75.95899200439453,19.3297119140625,5.2850141525268555,,,,,,,32.0,20.0,30.0,1.0,0.0,0.0,0.0,0.0,2025,5,Otoño,Herbáceas,1,1,1,1,3.929649461000701,10–20 m,834_gt2l_1239013,301523.5,5273894.6,BOSQUE_NW_02,conservador,SI,,2025-05-10,NO
BOSQUE_NW_02(3),ATL08_20250510133034_08342709_007_01.h5,2025-05-10T13:30:34Z,gt2l,-71.42223358154297,-42.66558074951172,232119285.68456084,834.0,27.0,9.0,007,01,37097.0,1.0,1239033.0,1239037.0,1224.1278076171875,68.01594543457031,20.93017578125,79.30596923828125,20.93017578125,7.28472900390625,,,,,,,20.0,18.0,30.0,1.0,0.0,0.0,0.0,0.0,2025,5,Otoño,Herbáceas,1,1,1,1,3.7890732532369067,20–30 m,834_gt2l_1239033,301495.5,5273476.2,BOSQUE_NW_02,conservador,SI,,2025-05-10,NO
BOSQUE_NW_02(3),ATL08_20250510133034_08342709_007_01.h5,2025-05-10T13:30:34Z,gt2r,-71.40983581542969,-42.56696319580078,232119284.4824183,834.0,27.0,9.0,007,01,37097.0,1.0,1238482.0,1238486.0,1122.1683349609375,70.20232391357422,8.06884765625,24.854759216308594,8.6690673828125,1.9058259725570679,,,,,,,28.0,16.0,116.0,1.0,0.0,0.0,0.0,0.0,2025,5,Otoño,Bosque cerrado desconocido,1,1,1,1,3.080335665658094,5–10 m,834_gt2r_1238482,302199.5,5284456.7,BOSQUE_NW_02,conservador,SI,,2025-05-10,NO
BOSQUE_NW_02(3),ATL08_20250510133034_08342709_007_01.h5,2025-05-10T13:30:34Z,gt2r,-71.40994262695312,-42.5678596496582,232119284.4965116,834.0,27.0,9.0,007,01,37097.0,1.0,1238487.0,1238491.0,1138.764404296875,32.52877426147461,4.5755615234375,26.435789108276367,5.1932373046875,1.050290584564209,,,,,,,26.0,35.0,116.0,1.0,0.0,0.0,0.0,0.0,2025,5,Otoño,Bosque cerrado desconocido,1,1,1,1,5.777605431128778,2–5 m,834_gt2r_1238487,302193.5,5284356.9,BOSQUE_NW_02,conservador,SI,,2025-05-10,NO
BOSQUE_NW_02(3),ATL08_20250510133034_08342709_007_01.h5,2025-05-10T13:30:34Z,gt2r,-71.41062927246094,-42.57322692871094,232119284.5810522,834.0,27.0,9.0,007,01,37097.0,1.0,1238517.0,1238521.0,1206.984375,60.344566345214844,10.7490234375,46.23706817626953,10.9576416015625,2.218146562576294,,,,,,,50.0,20.0,116.0,1.0,0.0,0.0,0.0,0.0,2025,5,Otoño,Bosque cerrado desconocido,1,1,1,1,4.301513383528664,10–20 m,834_gt2r_1238517,302154.2,5283759.2,BOSQUE_NW_02,conservador,SI,,2025-05-10,NO
BOSQUE_NW_02(3),ATL08_20250510133034_08342709_007_01.h5,2025-05-10T13:30:34Z,gt2r,-71.41168975830078,-42.58127975463867,232119284.70789742,834.0,27.0,9.0,007,01,37097.0,1.0,1238562.0,1238566.0,1164.537353515625,46.633113861083984,4.416748046875,34.37202072143555,4.6221923828125,0.9462931156158447,,,,,,,42.0,25.0,116.0,1.0,0.0,0.0,0.0,0.0,2025,5,Otoño,Bosque cerrado desconocido,1,1,1,1,7.782200921729037,2–5 m,834_gt2r_1238562,302092.6,5282862.5,BOSQUE_NW_02,conservador,SI,,2025-05-10,NO
BOSQUE_NW_02(3),ATL08_20250510133034_08342709_007_01.h5,2025-05-10T13:30:34Z,gt2r,-71.41394805908203,-42.59737014770508,232119284.96146262,834.0,27.0,9.0,007,01,37097.0,1.0,1238652.0,1238656.0,1269.1195068359375,35.25912857055664,11.6180419921875,48.7960090637207,14.805419921875,2.9559366703033447,,,,,,,56.0,36.0,40.0,1.0,0.0,0.0,0.0,0.0,2025,5,Otoño,Cultivos/manejo,1,1,1,1,4.2000200288941425,10–20 m,834_gt2r_1238652,301958.2,5281070.4,BOSQUE_NW_02,conservador,SI,,2025-05-10,NO
BOSQUE_NW_02(3),ATL08_20250510133034_08342709_007_01.h5,2025-05-10T13:30:34Z,gt2r,-71.41722106933594,-42.61970901489258,232119285.31367302,834.0,27.0,9.0,007,01,37097.0,1.0,1238777.0,1238781.0,1167.3131103515625,35.411075592041016,4.8787841796875,35.95390701293945,4.8787841796875,1.050864815711975,,,,,,,29.0,33.0,116.0,1.0,0.0,0.0,0.0,0.0,2025,5,Otoño,Bosque cerrado desconocido,1,1,1,1,7.369439944203968,2–5 m,834_gt2r_1238777,301760.6,5278582.0,BOSQUE_NW_02,conservador,SI,,2025-05-10,NO
BOSQUE_NW_02(3),ATL08_20250510133034_08342709_007_01.h5,2025-05-10T13:30:34Z,gt2r,-71.4197006225586,-42.63759231567383,232119285.59538785,834.0,27.0,9.0,007,01,37097.0,1.0,1238877.0,1238881.0,1204.884765625,35.47322082519531,7.18115234375,37.1223030090332,7.5499267578125,1.556810736656189,,,,,,,43.0,34.0,126.0,1.0,0.0,0.0,0.0,0.0,2025,5,Otoño,Bosque abierto desconocido,1,1,1,1,5.169407531277623,5–10 m,834_gt2r_1238877,301614.1,5276590.3,BOSQUE_NW_02,conservador,SI,,2025-05-10,NO
BOSQUE_NW_02(3),ATL08_20250510133034_08342709_007_01.h5,2025-05-10T13:30:34Z,gt2r,-71.42017364501953,-42.641170501708984,232119285.65193138,834.0,27.0,9.0,007,01,37097.0,1.0,1238897.0,1238901.0,1202.6661376953125,50.1194953918457,3.3248291015625,34.74980545043945,3.824462890625,0.7383552193641663,,,,,,,43.0,24.0,126.0,1.0,0.0,0.0,0.0,0.0,2025,5,Otoño,Bosque abierto desconocido,1,1,1,1,10.45160650034879,2–5 m,834_gt2r_1238897,301586.7,5276191.8,BOSQUE_NW_02,conservador,SI,,2025-05-10,NO
BOSQUE_NW_02(3),ATL08_20250510133034_08342709_007_01.h5,2025-05-10T13:30:34Z,gt2r,-71.42040252685547,-42.64295959472656,232119285.6799295,834.0,27.0,9.0,007,01,37097.0,1.0,1238907.0,1238911.0,1197.535400390625,56.9866943359375,3.83447265625,26.482656478881836,7.076171875,0.9750115275382996,,,,,,,52.0,21.0,116.0,1.0,0.0,0.0,0.0,0.0,2025,5,Otoño,Bosque cerrado desconocido,1,1,1,1,6.906466378294919,2–5 m,834_gt2r_1238907,301573.6,5275992.6,BOSQUE_NW_02,conservador,SI,,2025-05-10,NO
BOSQUE_NW_02(3),ATL08_20250510133034_08342709_007_01.h5,2025-05-10T13:30:34Z,gt2r,-71.42118072509766,-42.64922332763672,232119285.7786534,834.0,27.0,9.0,007,01,37097.0,1.0,1238942.0,1238946.0,1164.2789306640625,33.271942138671875,6.01025390625,23.900157928466797,6.5341796875,1.2008835077285767,,,,,,,40.0,35.0,20.0,1.0,0.0,0.0,0.0,0.0,2025,5,Otoño,Arbustos,1,1,1,1,3.9765637693963765,5–10 m,834_gt2r_1238942,301529.7,5275295.2,BOSQUE_NW_02,conservador,SI,,2025-05-10,NO
BOSQUE_NW_02(3),ATL08_20250510133034_08342709_007_01.h5,2025-05-10T13:30:34Z,gt2r,-71.42172241210938,-42.6536979675293,232119285.8489712,834.0,27.0,9.0,007,01,37097.0,1.0,1238967.0,1238971.0,1231.301025390625,123.17286682128906,8.085205078125,21.28830337524414,9.130859375,2.345630645751953,,,,,,,40.0,10.0,126.0,1.0,0.0,0.0,0.0,0.0,2025,5,Otoño,Bosque abierto desconocido,1,1,1,1,2.6329948553612947,5–10 m,834_gt2r_1238967,301499.6,5274797.0,BOSQUE_NW_02,conservador,SI,,2025-05-10,NO
BOSQUE_NW_02(3),ATL08_20250510133034_08342709_007_01.h5,2025-05-10T13:30:34Z,gt2r,-71.42214965820312,-42.65727996826172,232119285.90521386,834.0,27.0,9.0,007,01,37097.0,1.0,1238987.0,1238991.0,1229.468505859375,36.17349624633789,5.9566650390625,29.01698112487793,5.9716796875,1.0145705938339233,,,,,,,44.0,34.0,116.0,1.0,0.0,0.0,0.0,0.0,2025,5,Otoño,Bosque cerrado desconocido,1,1,1,1,4.871346791298645,5–10 m,834_gt2r_1238987,301475.9,5274398.2,BOSQUE_NW_02,conservador,SI,,2025-05-10,NO
BOSQUE_NW_02(3),ATL08_20250510133034_08342709_007_01.h5,2025-05-10T13:30:34Z,gt3l,-71.4492416381836,-42.56850051879883,232119284.1822606,834.0,27.0,9.0,007,01,37097.0,1.0,1238506.0,1238510.0,930.2177734375,115.94701385498047,17.34625244140625,110.33338165283203,17.34625244140625,4.483661651611328,,,,,,,37.0,8.0,126.0,1.0,0.0,0.0,0.0,0.0,2025,5,Otoño,Bosque abierto desconocido,1,1,1,1,6.360646602228704,10–20 m,834_gt3l_1238506,298969.8,5284193.1,BOSQUE_NW_02,conservador,SI,,2025-05-10,NO
BOSQUE_NW_02(3),ATL08_20250510133034_08342709_007_01.h5,2025-05-10T13:30:34Z,gt3l,-71.4504165649414,-42.57835006713867,232119284.33740023,834.0,27.0,9.0,007,01,37097.0,1.0,1238561.0,1238565.0,1016.3273315429688,92.534912109375,17.21575927734375,90.37767028808594,17.21575927734375,3.2997119426727295,,,,,,,32.0,11.0,20.0,1.0,0.0,0.0,0.0,0.0,2025,5,Otoño,Arbustos,1,1,1,1,5.249705739497913,10–20 m,834_gt3l_1238561,298905.0,5283096.5,BOSQUE_NW_02,conservador,SI,,2025-05-10,NO
BOSQUE_NW_02(3),ATL08_20250510133034_08342709_007_01.h5,2025-05-10T13:30:34Z,gt3r,-71.45083618164062,-42.573081970214844,232119284.60706916,834.0,27.0,9.0,007,01,37097.0,1.0,1238532.0,1238536.0,949.865234375,50.008358001708984,7.44970703125,20.09673309326172,10.4886474609375,1.7449445724487305,,,,,,,62.0,19.0,20.0,1.0,0.0,0.0,0.0,0.0,2025,5,Otoño,Arbustos,1,1,1,1,2.697654150553844,5–10 m,834_gt3r_1238532,298853.6,5283680.6,BOSQUE_NW_02,conservador,SI,,2025-05-10,NO
BOSQUE_NW_02(3),ATL08_20251209153552_13142913_007_01.h5,2025-12-09T15:35:52Z,gt1l,-71.41423034667969,-42.64409255981445,250529875.20178938,1314.0,29.0,13.0,007,01,40351.0,0.0,1770026.0,1770030.0,1208.929931640625,30.98301887512207,4.941162109375,20.37546730041504,8.1217041015625,1.0853312015533447,,,,,,,144.0,39.0,30.0,1.0,0.0,0.0,0.0,0.0,2025,12,Verano,Herbáceas,1,1,1,1,4.123618462498147,2–5 m,1314_gt1l_1770026,302083.2,5275881.3,BOSQUE_NW_02,conservador,SI,,2025-12-09,NO
BOSQUE_NW_02(3),ATL08_20251209153552_13142913_007_01.h5,2025-12-09T15:35:52Z,gt1l,-71.41481018066406,-42.63962173461914,250529875.27220255,1314.0,29.0,13.0,007,01,40351.0,0.0,1770051.0,1770055.0,1245.17919921875,13.83554458618164,10.0989990234375,16.19255256652832,11.1229248046875,2.0118815898895264,,,,,,,146.0,90.0,126.0,1.0,0.0,0.0,0.0,0.0,2025,12,Verano,Bosque abierto desconocido,1,1,1,1,1.6033819321052567,10–20 m,1314_gt1l_1770051,302021.5,5276376.4,BOSQUE_NW_02,conservador,SI,,2025-12-09,NO
BOSQUE_NW_02(3),ATL08_20251209153552_13142913_007_01.h5,2025-12-09T15:35:52Z,gt1l,-71.41493225097656,-42.63872528076172,250529875.28635257,1314.0,29.0,13.0,007,01,40351.0,0.0,1770056.0,1770060.0,1241.6671142578125,28.230751037597656,6.7774658203125,16.59042739868164,10.8194580078125,1.4415066242218018,,,,,,,99.0,44.0,126.0,1.0,0.0,0.0,0.0,0.0,2025,12,Verano,Bosque abierto desconocido,1,1,1,1,2.44788064426073,5–10 m,1314_gt1l_1770056,302008.6,5276475.6,BOSQUE_NW_02,conservador,SI,,2025-12-09,NO
BOSQUE_NW_02(3),ATL08_20251209153552_13142913_007_01.h5,2025-12-09T15:35:52Z,gt1l,-71.41561889648438,-42.633358001708984,250529875.37104675,1314.0,29.0,13.0,007,01,40351.0,0.0,1770086.0,1770090.0,1260.694091796875,125.8940658569336,17.2489013671875,24.466039657592773,19.1053466796875,4.353895664215088,,,,,,,109.0,10.0,126.0,1.0,0.0,0.0,0.0,0.0,2025,12,Verano,Bosque abierto desconocido,1,1,1,1,1.4184114765786997,10–20 m,1314_gt1l_1770086,301935.3,5277070.1,BOSQUE_NW_02,conservador,SI,,2025-12-09,NO
BOSQUE_NW_02(3),ATL08_20251209153552_13142913_007_01.h5,2025-12-09T15:35:52Z,gt1l,-71.41748809814453,-42.619049072265625,250529875.59659895,1314.0,29.0,13.0,007,01,40351.0,0.0,1770166.0,1770170.0,1178.1627197265625,34.62711715698242,6.2625732421875,16.19666862487793,8.4127197265625,1.4838674068450928,,,,,,,97.0,34.0,116.0,1.0,0.0,0.0,0.0,0.0,2025,12,Verano,Bosque cerrado desconocido,1,1,1,1,2.586264143909713,5–10 m,1314_gt1l_1770166,301736.6,5278654.7,BOSQUE_NW_02,conservador,SI,,2025-12-09,NO
BOSQUE_NW_02(3),ATL08_20251209153552_13142913_007_01.h5,2025-12-09T15:35:52Z,gt1l,-71.42039489746094,-42.59668731689453,250529875.94879428,1314.0,29.0,13.0,007,01,40351.0,0.0,1770291.0,1770295.0,1267.209228515625,40.94059753417969,8.49609375,14.49401569366455,11.2718505859375,2.075937271118164,,,,,,,130.0,31.0,30.0,1.0,0.0,0.0,0.0,0.0,2025,12,Verano,Herbáceas,1,1,1,1,1.7059623069324712,5–10 m,1314_gt1l_1770291,301427.1,5281131.1,BOSQUE_NW_02,conservador,SI,,2025-12-09,NO
BOSQUE_NW_02(3),ATL08_20251209153552_13142913_007_01.h5,2025-12-09T15:35:52Z,gt1l,-71.4216537475586,-42.586849212646484,250529876.10377064,1314.0,29.0,13.0,007,01,40351.0,0.0,1770346.0,1770350.0,1225.610107421875,81.59733581542969,9.759521484375,16.219890594482422,10.78125,2.0701637268066406,,,,,,,97.0,15.0,20.0,1.0,0.0,0.0,0.0,0.0,2025,12,Verano,Arbustos,1,1,1,1,1.6619555190744215,5–10 m,1314_gt1l_1770346,301292.6,5282220.7,BOSQUE_NW_02,conservador,SI,,2025-12-09,NO
BOSQUE_NW_02(3),ATL08_20251209153552_13142913_007_01.h5,2025-12-09T15:35:52Z,gt1l,-71.42212677001953,-42.58327102661133,250529876.16004053,1314.0,29.0,13.0,007,01,40351.0,0.0,1770366.0,1770370.0,1147.05908203125,42.507686614990234,8.8585205078125,14.648393630981445,9.782470703125,2.015306234359741,,,,,,,95.0,27.0,116.0,1.0,0.0,0.0,0.0,0.0,2025,12,Verano,Bosque cerrado desconocido,1,1,1,1,1.6535936918656726,5–10 m,1314_gt1l_1770366,301242.4,5282616.9,BOSQUE_NW_02,conservador,SI,,2025-12-09,NO
BOSQUE_NW_02(3),ATL08_20251209153552_13142913_007_01.h5,2025-12-09T15:35:52Z,gt1l,-71.42375183105469,-42.57074737548828,250529876.35747132,1314.0,29.0,13.0,007,01,40351.0,0.0,1770436.0,1770440.0,1181.253662109375,84.25769805908203,21.5697021484375,19.944961547851562,24.2919921875,5.146406173706055,,,,,,,129.0,14.0,116.0,1.0,0.0,0.0,0.0,0.0,2025,12,Verano,Bosque cerrado desconocido,1,1,1,1,0.9246748708255281,20–30 m,1314_gt1l_1770436,301069.2,5284003.8,BOSQUE_NW_02,conservador,SI,,2025-12-09,NO
BOSQUE_NW_02(3),ATL08_20251209153552_13142913_007_01.h5,2025-12-09T15:35:52Z,gt1l,-71.42422485351562,-42.567169189453125,250529876.41403714,1314.0,29.0,13.0,007,01,40351.0,0.0,1770456.0,1770460.0,1089.556884765625,27.168380737304688,5.4976806640625,16.934364318847656,7.018798828125,1.1657016277313232,,,,,,,66.0,40.0,20.0,1.0,0.0,0.0,0.0,0.0,2025,12,Verano,Arbustos,1,1,1,1,3.080274274485423,5–10 m,1314_gt1l_1770456,301019.0,5284400.1,BOSQUE_NW_02,conservador,SI,,2025-12-09,NO
BOSQUE_NW_02(3),ATL08_20251209153552_13142913_007_01.h5,2025-12-09T15:35:52Z,gt1l,-71.42481994628906,-42.56269836425781,250529876.48441583,1314.0,29.0,13.0,007,01,40351.0,0.0,1770481.0,1770485.0,977.0796508789062,89.36151123046875,14.12493896484375,12.429612159729004,14.8922119140625,3.950443983078003,,,,,,,93.0,11.0,20.0,1.0,0.0,0.0,0.0,0.0,2025,12,Verano,Arbustos,1,1,1,1,0.879976344723731,10–20 m,1314_gt1l_1770481,300955.9,5284895.2,BOSQUE_NW_02,conservador,SI,,2025-12-09,NO
BOSQUE_NW_02(3),ATL08_20251209153552_13142913_007_01.h5,2025-12-09T15:35:52Z,gt1r,-71.41377258300781,-42.63864517211914,250529875.6384218,1314.0,29.0,13.0,007,01,40351.0,0.0,1770056.0,1770060.0,1250.8218994140625,59.541114807128906,10.8050537109375,61.197654724121094,10.8822021484375,2.635714054107666,,,,,,,47.0,21.0,126.0,1.0,0.0,0.0,0.0,0.0,2025,12,Verano,Bosque abierto desconocido,1,1,1,1,5.663799214822347,10–20 m,1314_gt1r_1770056,302103.5,5276487.3,BOSQUE_NW_02,conservador,SI,,2025-12-09,NO
BOSQUE_NW_02(3),ATL08_20251209153552_13142913_007_01.h5,2025-12-09T15:35:52Z,gt1r,-71.41887664794922,-42.59928894042969,250529876.2582696,1314.0,29.0,13.0,007,01,40351.0,0.0,1770276.0,1770280.0,1296.657470703125,129.57919311523438,13.3243408203125,141.70477294921875,13.3243408203125,3.85296893119812,,,,,,,35.0,10.0,116.0,1.0,0.0,0.0,0.0,0.0,2025,12,Verano,Bosque cerrado desconocido,1,1,1,1,10.635030645057855,10–20 m,1314_gt1r_1770276,301560.0,5280845.8,BOSQUE_NW_02,conservador,SI,,2025-12-09,NO
BOSQUE_NW_02(3),ATL08_20251209153552_13142913_007_01.h5,2025-12-09T15:35:52Z,gt1r,-71.4205093383789,-42.586769104003906,250529876.45578125,1314.0,29.0,13.0,007,01,40351.0,0.0,1770346.0,1770350.0,1202.2318115234375,75.14017486572266,14.3460693359375,51.687923431396484,15.064697265625,3.780256748199463,,,,,,,44.0,16.0,40.0,1.0,0.0,0.0,0.0,0.0,2025,12,Verano,Cultivos/manejo,1,1,1,1,3.602932776988334,10–20 m,1314_gt1r_1770346,301386.2,5282232.3,BOSQUE_NW_02,conservador,SI,,2025-12-09,NO
BOSQUE_NW_02(3),ATL08_20251209153552_13142913_007_01.h5,2025-12-09T15:35:52Z,gt1r,-71.4206314086914,-42.585872650146484,250529876.46986428,1314.0,29.0,13.0,007,01,40351.0,0.0,1770351.0,1770355.0,1184.98193359375,118.70869445800781,8.0244140625,67.27033996582031,9.6898193359375,1.9605188369750977,,,,,,,39.0,10.0,40.0,1.0,0.0,0.0,0.0,0.0,2025,12,Verano,Cultivos/manejo,1,1,1,1,8.383208972252646,5–10 m,1314_gt1r_1770351,301373.4,5282331.5,BOSQUE_NW_02,conservador,SI,,2025-12-09,NO
BOSQUE_NW_02(3),ATL08_20251209153552_13142913_007_01.h5,2025-12-09T15:35:52Z,gt1r,-71.42098236083984,-42.58319091796875,250529876.51215234,1314.0,29.0,13.0,007,01,40351.0,0.0,1770366.0,1770370.0,1138.6837158203125,94.7773666381836,12.3154296875,55.62160873413086,13.0833740234375,2.80216121673584,,,,,,,40.0,12.0,116.0,1.0,0.0,0.0,0.0,0.0,2025,12,Verano,Bosque cerrado desconocido,1,1,1,1,4.516416409781144,10–20 m,1314_gt1r_1770366,301336.1,5282628.5,BOSQUE_NW_02,conservador,SI,,2025-12-09,NO
BOSQUE_NW_02(3),ATL08_20251209153552_13142913_007_01.h5,2025-12-09T15:35:52Z,gt1r,-71.42191314697266,-42.57603454589844,250529876.62494284,1314.0,29.0,13.0,007,01,40351.0,0.0,1770406.0,1770410.0,1106.1572265625,123.14404296875,15.1064453125,71.51022338867188,16.0233154296875,3.7777130603790283,,,,,,,51.0,9.0,116.0,1.0,0.0,0.0,0.0,0.0,2025,12,Verano,Bosque cerrado desconocido,1,1,1,1,4.733755818087788,10–20 m,1314_gt1r_1770406,301236.9,5283421.0,BOSQUE_NW_02,conservador,SI,,2025-12-09,NO
BOSQUE_NW_02(3),ATL08_20251209153552_13142913_007_01.h5,2025-12-09T15:35:52Z,gt1r,-71.42214965820312,-42.57424545288086,250529876.6530854,1314.0,29.0,13.0,007,01,40351.0,0.0,1770416.0,1770420.0,1124.046142578125,102.10903930664062,10.2349853515625,61.361671447753906,10.9036865234375,2.9459941387176514,,,,,,,40.0,11.0,112.0,1.0,0.0,0.0,0.0,0.0,2025,12,Verano,Bosque cerrado perennifolio latifolio,1,1,1,1,5.995286689725088,10–20 m,1314_gt1r_1770416,301211.8,5283619.1,BOSQUE_NW_02,conservador,SI,,2025-12-09,NO
BOSQUE_NW_02(3),ATL08_20251209153552_13142913_007_01.h5,2025-12-09T15:35:52Z,gt1r,-71.42337036132812,-42.564945220947266,250529876.79959977,1314.0,29.0,13.0,007,01,40351.0,0.0,1770468.0,1770470.0,1034.5357666015625,74.18854522705078,15.426513671875,92.25104522705078,15.426513671875,3.3967702388763428,,,,,,,25.0,14.0,20.0,1.0,0.0,0.0,0.0,0.0,2025,12,Verano,Arbustos,1,1,1,1,5.980031988383686,10–20 m,1314_gt1r_1770468,301082.1,5284649.0,BOSQUE_NW_02,conservador,SI,,2025-12-09,NO
