sitio,shot,este,norte,rh95,cover,pai,NDVI,EVI,NDMI,NBR
Bosque,334320000400262730,287250.7,5276225.6,15.34,0.86589545,4.0283723,0.9321677684783936,0.7438899278640747,0.4542864263057709,0.7476251125335693
Bosque,334320000400262741,287776.7,5275890.0,15.08,0.832541,3.5812595,0.9222193956375122,0.6561238765716553,0.41798239946365356,0.7201254963874817
Bosque,334320000400262742,287824.8,5275859.4,18.44,0.84492195,3.73579,0.919219434261322,0.6433436274528503,0.4243394434452057,0.7209070324897766
Bosque,334320000400262746,288018.1,5275736.7,16.98,0.8592626,3.9311304,0.9185781478881836,0.6574264168739319,0.4181844890117645,0.7194352149963379
Bosque,334320000400262747,288066.5,5275706.0,20.32,0.8388103,3.658015,0.916591227054596,0.6691881418228149,0.4346563220024109,0.7315617799758911
Bosque,334320000400262754,288405.6,5275490.9,4.6,0.22224572,0.50276715,0.7762253284454346,0.4465382397174835,0.15208272635936737,0.4417649507522583
Bosque,334320000400262766,288966.8,5275130.3,22.75,0.80341744,3.2589264,0.9138073325157166,0.5632838606834412,0.383156955242157,0.6872632503509521
Bosque,334320000400262785,289918.8,5274523.3,7.03,0.22509372,0.5101066,0.8186213970184326,0.46435362100601196,0.23694351315498352,0.5243523120880127
Bosque,334320000400262792,290257.9,5274308.4,5.87,0.33504927,0.8163016,0.8642368316650391,0.5501483678817749,0.28884297609329224,0.5900906324386597
Bosque,334320000400262799,290645.6,5274062.6,2.28,0.00787494,0.015812293,0.7640430331230164,0.4538816213607788,0.18264421820640564,0.46285977959632874
Bosque,334320000400262858,293480.1,5272254.0,16.91,0.7830971,3.0613337,0.640978217124939,0.394653856754303,0.16533666849136353,0.3679901659488678
Bosque,334320000400262859,293528.2,5272223.3,19.64,0.8253821,3.497079,0.8843743801116943,0.5324944257736206,0.31271591782569885,0.5905929207801819
Bosque,334320000400262866,293865.3,5272008.1,24.84,0.7640784,2.8925807,0.878753125667572,0.516188383102417,0.32200589776039124,0.6205977201461792
Bosque,334320000400262877,294398.2,5271668.3,10.06,0.6246156,1.9611595,0.871598482131958,0.5554407835006714,0.3066923916339874,0.5979917645454407
Bosque,334320000400262885,294778.7,5271423.8,10.59,0.6973466,2.3928478,0.8952506184577942,0.6202834844589233,0.3736023008823395,0.66765296459198
Bosque,334320000400262886,294826.5,5271393.2,11.11,0.47899526,1.3045977,0.8475806713104248,0.5216824412345886,0.26498138904571533,0.5640679597854614
Bosque,334320000400262908,295872.2,5270722.4,14.25,0.47704056,1.2971005,0.8576065897941589,0.5025017857551575,0.323802649974823,0.6101952195167542
Bosque,334320000400262910,295967.8,5270661.4,12.98,0.82951486,3.5452464,0.8202220797538757,0.4936251640319824,0.2735021412372589,0.5650660395622253
Bosque,334320000400262917,296302.3,5270447.8,23.61,0.89045644,4.4363313,0.9202772974967957,0.5799239277839661,0.4149772524833679,0.6985800862312317
Bosque,334320000400262924,296637.4,5270233.9,20.43,0.51602834,1.4522293,0.8748511075973511,0.4883041977882385,0.30749475955963135,0.6046669483184814
Bosque,334320100400258132,287595.5,5275271.0,10.62,0.5780636,1.7269207,0.9174196720123291,0.6843775510787964,0.42737525701522827,0.7299531102180481
Bosque,334320100400258139,287934.9,5275055.8,2.35,0.07672617,0.15966605,0.5410549640655518,0.32944250106811523,0.11885901540517807,0.31576406955718994
Bosque,334320100400258140,287983.0,5275025.2,8.15,0.43131748,1.1292939,0.5840983390808105,0.353349506855011,0.08507293462753296,0.3055332899093628
Bosque,334320100400258143,288126.5,5274933.7,10.7,0.7964324,3.1886446,0.8539918065071106,0.5634836554527283,0.2981635630130768,0.6020538806915283
Bosque,334320100400258144,288174.6,5274903.1,11.48,0.36742613,0.9161877,0.8135488033294678,0.48292240500450134,0.20859169960021973,0.5098440647125244
Bosque,334320100400258145,288222.7,5274872.5,7.03,0.2714164,0.63342905,0.6493446826934814,0.3948896527290344,0.1118091493844986,0.37694111466407776
Bosque,334320100400258157,288784.5,5274511.1,23.65,0.8521368,3.8314607,0.891524612903595,0.6076529622077942,0.3652983605861664,0.6660828590393066
Bosque,334320100400258158,288832.4,5274480.6,14.33,0.5027275,1.3979236,0.8444189429283142,0.4940541684627533,0.2631264925003052,0.5536213517189026
Bosque,334320100400258180,289929.8,5273781.2,9.09,0.6482223,2.091274,0.7758174538612366,0.48959997296333313,0.21769525110721588,0.49598586559295654
Bosque,334320100400258188,290367.8,5273504.4,2.35,0.01921989,0.038814407,0.8394584655761719,0.5199320316314697,0.25210392475128174,0.5472604632377625
Bosque,334320100400258197,290800.7,5273229.1,6.47,0.18598647,0.41160667,0.8401719331741333,0.5550334453582764,0.31193917989730835,0.5956956744194031
Bosque,334320100400258205,291182.7,5272985.0,7.55,0.33697912,0.8221123,0.7976290583610535,0.45439666509628296,0.1880282163619995,0.47660133242607117
Bosque,334320100400258208,291328.1,5272892.7,4.26,0.097800575,0.20585148,0.7725711464881897,0.4212475121021271,0.14201340079307556,0.43058741092681885
Bosque,334320100400258210,291423.2,5272831.7,7.82,0.473587,1.2839079,0.6178370714187622,0.3167235851287842,0.012184439226984978,0.25170251727104187
Bosque,334320100400258211,291471.5,5272801.0,3.81,0.17316055,0.38033202,0.8092971444129944,0.4856378138065338,0.17338141798973083,0.4509325623512268
Bosque,334320100400258216,291712.2,5272647.6,9.01,0.6285542,1.9822546,0.7175324559211731,0.40174147486686707,0.12445119768381119,0.39979133009910583
Bosque,334320100400258221,291953.7,5272493.8,10.89,0.72147775,2.559414,0.9112450480461121,0.6162766814231873,0.4020872414112091,0.6916959285736084
Bosque,334320100400258227,292240.4,5272310.5,7.85,0.550818,1.6015948,0.8624964952468872,0.46277570724487305,0.24988549947738647,0.558305025100708
Bosque,334320100400258228,292288.4,5272279.8,9.01,0.6179731,1.9259758,0.8751472234725952,0.4832767844200134,0.2583719491958618,0.5552189350128174
Bosque,334320100400258229,292336.3,5272249.2,4.75,0.20365563,0.45550892,0.7823085188865662,0.48113808035850525,0.2108512818813324,0.48562029004096985
Bosque,334320100400258250,293354.3,5271601.9,5.95,0.17958272,0.3959306,0.8365325331687927,0.5136590600013733,0.28755122423171997,0.5672569274902344
Bosque,334320100400258263,293977.1,5271203.5,13.92,0.77763265,3.0112572,0.8210820555686951,0.5479350686073303,0.30218932032585144,0.588354229927063
Bosque,334320100400258266,294121.1,5271111.3,3.36,0.0028343715,0.005676801,0.9289674758911133,0.6851881146430969,0.4640728533267975,0.7460412383079529
Bosque,334320100400258283,294931.7,5270590.9,23.61,0.8616062,3.9647136,0.8990604877471924,0.521797776222229,0.38319647312164307,0.6815218329429626
Bosque,334320100400258295,295502.1,5270224.6,14.93,0.89095306,4.4451604,0.9250370860099792,0.6603802442550659,0.4615343511104584,0.7475063800811768
Bosque,334320200400263202,288477.9,5274169.0,19.57,0.81163496,3.3435361,0.8462927341461182,0.5194119811058044,0.3141457438468933,0.6263318657875061
Bosque,334320200400263203,288524.7,5274138.8,21.26,0.90675455,4.7584147,0.9199783802032471,0.5878655910491943,0.38564082980155945,0.6978327035903931
Bosque,334320200400263209,288809.1,5273956.4,19.57,0.85587585,3.8814268,0.8688040971755981,0.49288687109947205,0.294575572013855,0.6020879149436951
Bosque,334320200400263218,289236.8,5273682.5,2.02,0.017038738,0.034371406,0.8255975842475891,0.4086906313896179,0.30376243591308594,0.6020230650901794
Bosque,334320200400263220,289332.6,5273621.4,6.47,0.35247174,0.8693844,0.7481341361999512,0.4015273451805115,0.26310309767723083,0.5296955108642578
Bosque,334320200400263230,289816.4,5273314.8,10.4,0.6570607,2.1419365,0.7536625862121582,0.43110671639442444,0.16708561778068542,0.4405360817909241
Bosque,334320200400263233,289962.8,5273222.5,4.9,0.026203677,0.053106867,0.7766497731208801,0.46861565113067627,0.24027211964130402,0.5092549920082092
Bosque,334320200400263235,290059.9,5273161.2,3.18,0.05159629,0.10595261,0.7603185176849365,0.44928133487701416,0.20900124311447144,0.4664733111858368
Bosque,334320200400263239,290251.7,5273039.1,8.57,0.58118767,1.7416021,0.8523638248443604,0.5167150497436523,0.28133779764175415,0.5758848786354065
Bosque,334320200400263242,290395.4,5272947.6,5.2,0.18269958,0.40353653,0.8293968439102173,0.48823437094688416,0.2489471435546875,0.5512328743934631
Bosque,334320200400263243,290443.2,5272917.2,7.03,0.37771368,0.9489502,0.8185663819313049,0.46165376901626587,0.22935788333415985,0.5302495360374451
Bosque,334320200400263258,291167.0,5272458.4,3.59,0.012723634,0.025610695,0.8355410099029541,0.4894650876522064,0.2610688805580139,0.5570380687713623
Bosque,334320200400263262,291358.4,5272336.6,20.36,0.68947953,2.340916,0.9144859313964844,0.5242086052894592,0.3636541962623596,0.672893226146698
Bosque,334320200400263263,291405.9,5272306.2,21.41,0.5553304,1.6216419,0.8398807644844055,0.4743262827396393,0.2933407425880432,0.5881490707397461
Bosque,334320200400263270,291742.1,5272092.5,7.03,0.5634974,1.6587592,0.8676624298095703,0.4982092082500458,0.2791248559951782,0.5900186896324158
Bosque,334320200400263272,291838.9,5272031.2,23.16,0.90959513,4.8208528,0.8613394498825073,0.4960547089576721,0.3184818923473358,0.6234776973724365
Bosque,334320200400263274,291935.8,5271969.8,18.82,0.8058789,3.283105,0.8783897161483765,0.5100145936012268,0.34140247106552124,0.6307650208473206
Bosque,334320200400263275,291984.4,5271939.1,13.54,0.90595174,4.7411213,0.8718583583831787,0.5034120082855225,0.3198715150356293,0.6106870174407959
Bosque,334320200400263277,292079.8,5271878.2,25.9,0.8871585,4.37387,0.8687015771865845,0.5082961916923523,0.33297860622406006,0.6233873963356018
Bosque,334320200400263279,292176.4,5271816.8,21.59,0.7220645,2.5631218,0.846133291721344,0.4813777506351471,0.29670441150665283,0.5870637893676758
Bosque,334320200400263280,292225.0,5271786.1,27.28,0.8902489,4.429812,0.8886122107505798,0.5497766137123108,0.3845439553260803,0.6718879342079163
Bosque,334320200400263281,292273.8,5271755.3,16.88,0.39201266,0.9954691,0.8321021795272827,0.4534418284893036,0.26984575390815735,0.573931097984314
Bosque,334320200400263282,292322.2,5271724.6,25.07,0.7214082,2.5583932,0.889512300491333,0.5136816501617432,0.3308076858520508,0.6330888271331787
Bosque,334320200400263285,292468.2,5271632.2,25.67,0.8996693,4.6106954,0.8931198120117188,0.5263269543647766,0.3396573066711426,0.6279618144035339
Bosque,334320200400263304,293387.9,5271048.1,3.18,0.08118673,0.1693514,0.7773532271385193,0.46557867527008057,0.1801597625017166,0.4268992841243744
Bosque,334320200400263320,294151.9,5270559.1,13.4,0.61214596,1.8953965,0.860772967338562,0.5173689723014832,0.28401732444763184,0.5731218457221985
Bosque,334320200400263322,294247.7,5270497.8,14.67,0.76853836,2.930051,0.7814809679985046,0.4657839238643646,0.19375787675380707,0.4612102508544922
Bosque,334320200400263325,294391.2,5270406.0,13.69,0.8217655,3.4545496,0.9026471376419067,0.6040213108062744,0.3828090727329254,0.6775549054145813
Bosque,334320200400263327,294487.1,5270344.8,14.29,0.807463,3.2995555,0.8817592263221741,0.6021838784217834,0.374714195728302,0.6556966304779053
Bosque,334320300400258248,287531.6,5274038.4,11.86,0.5168669,1.4555335,0.9099904298782349,0.6868268251419067,0.4035845100879669,0.712761640548706
Bosque,334320300400258249,287579.5,5274007.8,12.91,0.88206863,4.284811,0.9252123236656189,0.7602517604827881,0.44936603307724,0.744597852230072
Bosque,334320300400258251,287675.4,5273946.7,16.2,0.8740144,4.151831,0.8911961317062378,0.6477601528167725,0.3703504800796509,0.6863113045692444
Bosque,334320300400258253,287771.3,5273885.5,11.0,0.9055597,4.7324514,0.9145386219024658,0.7230368256568909,0.41606828570365906,0.7185534238815308
Bosque,334320300400258259,288055.9,5273702.9,26.38,0.92465544,5.1886435,0.9089643955230713,0.6261549592018127,0.38947969675064087,0.6902543902397156
Bosque,334320300400258260,288104.0,5273672.2,14.33,0.42757496,1.1160823,0.7968654036521912,0.4671133756637573,0.28133976459503174,0.5866388082504272
Bosque,334320300400258267,288438.6,5273458.5,23.84,0.90911037,4.8097677,0.8564987778663635,0.5306110978126526,0.33118948340415955,0.6267526149749756
Bosque,334320300400258275,288816.0,5273215.5,8.57,0.5736562,1.7058933,0.8937805891036987,0.4981040954589844,0.31724730134010315,0.626768171787262
Bosque,334320300400258279,289007.7,5273093.3,5.57,0.31574503,0.7589948,0.9207281470298767,0.544209897518158,0.36426684260368347,0.667239248752594
Bosque,334320300400258280,289055.6,5273062.8,6.84,0.54634833,1.5815858,0.906610369682312,0.5402235388755798,0.34888729453086853,0.6475922465324402
Bosque,334320300400258282,289151.8,5273001.6,12.23,0.79117745,3.1364894,0.7222740650177002,0.4358832538127899,0.20237606763839722,0.45741477608680725
Bosque,334320300400258290,289541.8,5272755.7,8.64,0.3159729,0.7596612,0.8161656856536865,0.49432721734046936,0.25850117206573486,0.5414626598358154
Bosque,334320300400258293,289684.9,5272664.3,6.4,0.3454345,0.8477516,0.7534250617027283,0.4495660960674286,0.17985613644123077,0.45889171957969666
Bosque,334320300400258294,289733.2,5272633.6,4.97,0.05355314,0.11008365,0.8270283341407776,0.46720701456069946,0.24232548475265503,0.5322234630584717
Bosque,334320300400258305,290261.2,5272297.8,8.01,0.28195173,0.6625459,0.7947877049446106,0.45655515789985657,0.21101905405521393,0.5085532069206238
Bosque,334320300400258310,290504.4,5272144.4,11.26,0.75921196,2.8507478,0.7779013514518738,0.4503434896469116,0.22938530147075653,0.5107044577598572
Bosque,334320300400258319,290939.8,5271869.0,27.73,0.9129048,4.8958387,0.8974744081497192,0.47913938760757446,0.32718944549560547,0.6384274959564209
Bosque,334320300400258320,290987.5,5271838.6,22.27,0.7408106,2.7030704,0.8566067218780518,0.5042564868927002,0.2956562638282776,0.579978346824646
Bosque,334320300400258324,291178.9,5271716.7,19.95,0.82456833,3.4862726,0.8969094157218933,0.5447932481765747,0.37960588932037354,0.6697882413864136
Bosque,334320300400258328,291372.7,5271594.2,18.9,0.74487007,2.734724,0.8972505927085876,0.5487968921661377,0.36614567041397095,0.6594946384429932
Bosque,334320300400258330,291469.4,5271533.0,17.81,0.81049234,3.3312962,0.8610448837280273,0.5390260815620422,0.35805806517601013,0.651606559753418
Bosque,334320300400258332,291565.8,5271471.9,24.51,0.910078,4.83137,0.8282545804977417,0.4804835319519043,0.292117714881897,0.5798249840736389
Bosque,334320300400258333,291614.5,5271441.2,14.86,0.8369592,3.6334114,0.8967182636260986,0.5794463157653809,0.37257227301597595,0.6627728343009949
Bosque,334320300400258335,291711.3,5271379.9,24.81,0.80630225,3.2873933,0.905113935470581,0.5644733905792236,0.3994585871696472,0.6919857859611511
Bosque,334320300400258338,291857.8,5271287.7,5.5,0.062162533,0.12836097,0.9202301502227783,0.6285831928253174,0.42567840218544006,0.7222006916999817
Bosque,334320300400258339,291905.6,5271257.2,18.11,0.7027084,2.4281268,0.8338800668716431,0.4704292118549347,0.29090526700019836,0.5964977741241455
Bosque,334320300400258340,291954.6,5271226.4,4.19,0.0109641235,0.022049453,0.9035834074020386,0.6028262376785278,0.39599576592445374,0.6853606700897217
Bosque,334320300400258343,292099.5,5271134.5,16.76,0.89848214,4.586731,0.9184921979904175,0.6190459728240967,0.40966859459877014,0.7047880291938782
Bosque,334320300400258345,292196.7,5271073.1,8.9,0.4693638,1.2678022,0.8477898240089417,0.5097911357879639,0.25335636734962463,0.546649694442749
Bosque,334320300400258346,292244.9,5271042.4,9.69,0.5286847,1.5051115,0.8323352336883545,0.5041100978851318,0.25715672969818115,0.544062614440918
Bosque,334320300400258347,292293.3,5271011.7,5.42,0.12404004,0.26488605,0.8094825148582458,0.5057727694511414,0.2526465058326721,0.5217782855033875
Bosque,334320300400258350,292437.8,5270919.8,6.43,0.16195421,0.35339445,0.5229800343513489,0.3831471800804138,0.23548606038093567,0.46186912059783936
Bosque,334320300400258363,293064.9,5270521.0,10.63,0.54872197,1.5920892,0.775977373123169,0.5192752480506897,0.26060059666633606,0.5215191841125488
Bosque,334320300400258365,293162.1,5270459.5,2.76,0.053193778,0.10932436,0.23315580189228058,0.14784599840641022,-0.09025932103395462,0.031738266348838806
Bosque,334320300400258366,293210.2,5270428.8,3.55,0.11252244,0.23875724,0.4426528215408325,0.294267475605011,-0.02163623459637165,0.15123732388019562
Bosque,334320500400258177,287244.1,5273192.6,12.64,0.3214985,0.7759407,0.8645741939544678,0.5184522867202759,0.31368565559387207,0.6219169497489929
Bosque,334320500400258178,287292.7,5273161.9,12.68,0.42366374,1.1025636,0.8545535802841187,0.5855157375335693,0.32044023275375366,0.6122170686721802
Bosque,334320500400258181,287439.0,5273069.7,5.35,0.09199639,0.19302522,0.8977609276771545,0.6788392066955566,0.37197059392929077,0.6632526516914368
Bosque,334320500400258182,287487.0,5273039.2,6.02,0.31479046,0.75625384,0.7920584082603455,0.5118820667266846,0.2307620346546173,0.5321887731552124
Bosque,334320500400258183,287534.8,5273008.7,12.23,0.82111406,3.4488244,0.9219356179237366,0.7174555063247681,0.4496074318885803,0.7379431128501892
Bosque,334320500400258198,288231.8,5272556.7,6.21,0.4044814,1.0370263,0.893157958984375,0.5148025751113892,0.3264559507369995,0.6218839883804321
Bosque,334320500400258199,288279.8,5272526.2,2.24,0.037374955,0.07618435,0.8583511114120483,0.47062429785728455,0.30816712975502014,0.6026989817619324
Bosque,334320500400258200,288327.8,5272495.7,6.92,0.350656,0.8638416,0.8766511678695679,0.4946437478065491,0.290826678276062,0.5942972302436829
Bosque,334320500400258201,288375.8,5272465.2,2.2,0.028154744,0.057118353,0.8481749296188354,0.4896821975708008,0.2586701214313507,0.5633957386016846
Bosque,334320500400258202,288423.8,5272434.7,2.09,0.007788668,0.015638389,0.798882246017456,0.46126237511634827,0.1997685730457306,0.5082358121871948
Bosque,334320500400258203,288471.8,5272404.2,2.17,0.039253622,0.08009156,0.7548251748085022,0.5411011576652527,0.197833850979805,0.4955783486366272
Bosque,334320500400258204,288519.8,5272373.7,2.02,0.034539122,0.07030087,0.6013367772102356,0.4428679347038269,0.054651275277137756,0.3418007791042328
Bosque,334320500400258205,288567.9,5272343.1,2.02,0.02020005,0.040814217,0.6302115321159363,0.47790008783340454,0.07009939849376678,0.35237789154052734
Bosque,334320500400258206,288615.8,5272312.6,2.02,0.002939198,0.005887062,0.6360138654708862,0.4812183976173401,0.07902571558952332,0.3480032682418823
Bosque,334320500400258207,288663.8,5272282.1,2.05,0.023135789,0.046815895,0.5348280668258667,0.3657296299934387,-0.05191534012556076,0.21357525885105133
Bosque,334320500400258208,288711.8,5272251.6,1.98,0.022856055,0.046243247,0.5653805136680603,0.3935973644256592,-0.023624219000339508,0.23662526905536652
Bosque,334320500400258209,288759.8,5272221.1,2.05,0.03118497,0.06336435,0.5548598766326904,0.37681716680526733,-0.042943768203258514,0.21604320406913757
Bosque,334320500400258210,288807.8,5272190.6,2.13,0.018539242,0.03742691,0.5248664617538452,0.3328638970851898,-0.06226997822523117,0.1798635870218277
Bosque,334320500400258211,288855.8,5272160.1,6.13,0.18491574,0.4089806,0.6380308270454407,0.3936349153518677,0.10915785282850266,0.35384401679039
Bosque,334320500400258214,289003.2,5272067.7,2.69,0.035228975,0.07173052,0.7950432896614075,0.4465789794921875,0.20218293368816376,0.48071637749671936
Bosque,334320500400258215,289051.2,5272037.2,3.06,0.037407413,0.07625179,0.7627575397491455,0.41310417652130127,0.17570683360099792,0.45602571964263916
Bosque,334320500400258216,289099.1,5272006.7,4.78,0.25642934,0.592698,0.8358803391456604,0.4663884937763214,0.2260773926973343,0.5021402835845947
Bosque,334320500400258217,289147.2,5271976.1,4.07,0.12197746,0.26018694,0.765365719795227,0.4529656767845154,0.21290196478366852,0.48171430826187134
Bosque,334320500400258218,289195.7,5271945.5,3.77,0.007754955,0.015570434,0.75433349609375,0.42228609323501587,0.18457786738872528,0.4553789496421814
Bosque,334320500400258219,289244.1,5271914.8,3.21,0.037747964,0.07695952,0.7809309363365173,0.43400582671165466,0.19908393919467926,0.48219776153564453
Bosque,334320500400258220,289292.2,5271884.3,9.5,0.42995936,1.1245505,0.8089859485626221,0.4381961524486542,0.21667204797267914,0.50311279296875
Bosque,334320500400258221,289340.8,5271853.6,4.41,0.14581768,0.31525227,0.7979084253311157,0.44645965099334717,0.23454754054546356,0.5103554725646973
Bosque,334320500400258222,289389.5,5271822.9,4.22,0.028725816,0.058293972,0.80675208568573,0.4791371524333954,0.24646012485027313,0.5267821550369263
Bosque,334320500400258228,289683.5,5271638.0,7.33,0.41818723,1.0836327,0.7147397398948669,0.4408850073814392,0.1835760474205017,0.449811190366745
Bosque,334320500400258229,289731.9,5271607.3,8.38,0.28320247,0.6660708,0.8750202655792236,0.5228675603866577,0.29427722096443176,0.59079509973526
Bosque,334320500400258230,289779.3,5271576.9,23.83,0.90045667,4.6303697,0.896611750125885,0.5823209285736084,0.3791118860244751,0.6673159003257751
Bosque,334320500400258231,289827.3,5271546.3,9.35,0.18534471,0.41003373,0.7684569954872131,0.556469202041626,0.25033509731292725,0.5079222917556763
Bosque,334320500400258232,289875.7,5271515.6,16.2,0.75923485,2.8519688,0.8727964162826538,0.5543372631072998,0.3238834738731384,0.5887148976325989
Bosque,334320500400258233,289924.3,5271484.8,4.3,0.104286425,0.22028407,0.6128659248352051,0.41869625449180603,0.10767419636249542,0.32723522186279297
Bosque,334320500400258242,290366.9,5271206.7,25.63,0.9375017,5.5744553,0.8732321262359619,0.4914456009864807,0.3103073835372925,0.6079531908035278
Bosque,334320500400258243,290416.1,5271175.7,9.39,0.32185423,0.7769902,0.833297610282898,0.47519922256469727,0.27245545387268066,0.5674142837524414
Bosque,334320500400258244,290463.9,5271145.1,14.81,0.88777065,4.3880377,0.8727238178253174,0.518500566482544,0.33536484837532043,0.6350720524787903
Bosque,334320500400258247,290605.4,5271053.9,17.21,0.41657484,1.0780929,0.8334044218063354,0.45791012048721313,0.25001415610313416,0.5602007508277893
Bosque,334320500400258248,290653.2,5271023.3,11.22,0.33211902,0.8075122,0.8726755380630493,0.5384604930877686,0.3159559965133667,0.6133242845535278
Bosque,334320500400258249,290699.9,5270992.9,20.5,0.63901174,2.0396,0.8919718861579895,0.5320693850517273,0.3157980144023895,0.6244215369224548
Bosque,334320500400258252,290846.2,5270900.5,19.34,0.46196812,1.2402405,0.8720560073852539,0.5201045274734497,0.3069906532764435,0.604041337966919
Bosque,334320500400258258,291129.0,5270717.9,23.83,0.851468,3.823,0.936213493347168,0.510368287563324,0.333398699760437,0.6676438450813293
Bosque,334320600400967042,287706.9,5272159.5,8.53,0.48098382,1.3122733,0.8112063407897949,0.483296275138855,0.2138989418745041,0.5054579973220825
Bosque,334320600400967046,287893.8,5272038.5,6.21,0.5235052,1.4834318,0.9164060950279236,0.578488290309906,0.3604235351085663,0.6672905683517456
Bosque,334320600400967048,287989.7,5271977.5,1.98,0.027769962,0.05632661,0.7957482933998108,0.3964731991291046,0.3137630224227905,0.5797218084335327
Bosque,334320600400967049,288037.7,5271947.0,2.02,0.032464463,0.06600753,0.7353538870811462,0.3052581250667572,0.2749885022640228,0.5413390398025513
Bosque,334320600400967050,288085.7,5271916.5,2.28,0.05707276,0.11753642,0.8512347340583801,0.4379096031188965,0.28115394711494446,0.5704190135002136
Bosque,334320600400967051,288133.8,5271886.0,2.39,0.057890166,0.11927106,0.8850734829902649,0.48650380969047546,0.3284841477870941,0.6361124515533447
Bosque,334320600400967052,288181.7,5271855.5,2.76,0.08142885,0.16988048,0.8811385035514832,0.5103906989097595,0.33473682403564453,0.6346739530563354
Bosque,334320600400967053,288229.8,5271824.9,2.13,0.0448845,0.0918485,0.8570611476898193,0.6726512908935547,0.37226057052612305,0.6569520831108093
Bosque,334320600400967054,288277.9,5271794.4,2.05,0.0062188506,0.012476582,0.7244346141815186,0.5932683944702148,0.22852738201618195,0.517781138420105
Bosque,334320600400967055,288325.9,5271763.9,2.24,0.053298157,0.10954573,0.6950460076332092,0.49576595425605774,0.1286778301000595,0.41419944167137146
Bosque,334320600400967056,288374.1,5271733.4,4.0,0.0434246,0.088793665,0.6317799687385559,0.3657974302768707,0.05449631065130234,0.28700166940689087
Bosque,334320600400967057,288422.4,5271702.8,6.47,0.35219026,0.86857224,0.38543498516082764,0.30654311180114746,0.19596295058727264,0.3872395157814026
Bosque,334320600400967058,288470.9,5271672.2,3.96,0.033694446,0.068551764,0.7553759813308716,0.4479605257511139,0.19870924949645996,0.45985862612724304
Bosque,334320600400967059,288519.5,5271641.6,5.01,0.21547718,0.48543394,0.7558468580245972,0.423554927110672,0.17222362756729126,0.4405757486820221
Bosque,334320600400967060,288567.7,5271611.0,3.51,0.15575165,0.33865258,0.7759636640548706,0.420049250125885,0.17745095491409302,0.46499893069267273
Bosque,334320600400967061,288615.7,5271580.5,6.58,0.3262931,0.790129,0.7864784598350525,0.4286130666732788,0.18183007836341858,0.4611627161502838
Bosque,334320600400967062,288663.8,5271550.0,3.4,0.13769016,0.29630816,0.8471110463142395,0.48623883724212646,0.2478761374950409,0.5353173017501831
Bosque,334320600400967076,289441.6,5271059.5,26.15,0.86154,3.9643,0.9195663928985596,0.5546436905860901,0.37915170192718506,0.6827645301818848
Bosque,334320600400967077,289489.9,5271028.9,20.84,0.76846975,2.9304326,0.9023363590240479,0.5333850979804993,0.36386966705322266,0.6638870239257812
Bosque,334320600400967078,289537.7,5270998.4,24.8,0.8560962,3.8866205,0.9239195585250854,0.5928318500518799,0.410541832447052,0.7078180313110352
Bosque,334320600400967079,289586.1,5270967.7,26.49,0.9412084,5.6985884,0.9175986051559448,0.6294581294059753,0.43153706192970276,0.7172547578811646
Bosque,334320600400967088,290031.2,5270689.7,3.51,0.0071083303,0.014267489,0.43243172764778137,0.2814580500125885,0.010232668370008469,0.17839619517326355
Bosque,334320600400967089,290079.7,5270658.9,3.89,0.119236715,0.25395238,0.3450540602207184,0.2184591144323349,-0.028917210176587105,0.10532689094543457
Bosque,334320600400967090,290127.7,5270628.3,6.51,0.3690141,0.92123395,0.8687624335289001,0.5248286128044128,0.25694510340690613,0.530440628528595
Bosque,334320600400967091,290175.4,5270597.8,15.9,0.5419697,1.5625803,0.881659746170044,0.4994189441204071,0.28083646297454834,0.5901263356208801
Bosque,334320600400967092,290223.7,5270567.1,12.34,0.7170353,2.5278397,0.8409888744354248,0.5063621401786804,0.27334707975387573,0.5688897371292114
Bosque,334320600400967093,290273.0,5270536.2,4.64,0.066120505,0.13682133,0.6764341592788696,0.42382484674453735,0.2191581130027771,0.480226993560791
Bosque,334320600400967094,290321.7,5270505.4,2.35,0.012290991,0.024734478,0.7229161858558655,0.4411105513572693,0.1384892612695694,0.3530040383338928
Bosque,334320600400967095,290369.2,5270474.9,13.28,0.5374062,1.542725,0.8822110891342163,0.575689435005188,0.3156326115131378,0.6112979650497437
Bosque,334320600400967096,290417.4,5270444.2,7.37,0.3768399,0.9462114,0.9221064448356628,0.6145356297492981,0.36029931902885437,0.6630813479423523
Bosque,334320800400262636,287338.8,5271381.8,21.8,0.8317477,3.57409,0.8554604053497314,0.5028324127197266,0.28296956419944763,0.5847211480140686
Bosque,334320800400262637,287386.9,5271351.2,25.36,0.8206993,3.445978,0.8271434307098389,0.5043951272964478,0.2807977497577667,0.5772883296012878
Bosque,334320800400262638,287434.0,5271320.8,8.19,0.4819735,1.3162752,0.8618104457855225,0.5224530696868896,0.27833816409111023,0.5824629664421082
Bosque,334320800400262639,287481.3,5271290.3,6.02,0.09158541,0.1921231,0.8686316013336182,0.5206717848777771,0.2906058132648468,0.6001448631286621
Bosque,334320800400262640,287528.6,5271259.9,4.82,0.015052185,0.030333584,0.8459380269050598,0.5014808177947998,0.2710880637168884,0.5741590857505798
Bosque,334320800400262641,287576.0,5271229.4,6.65,0.432185,1.1325042,0.8720576763153076,0.5142197012901306,0.27529069781303406,0.5721954107284546
Bosque,334320800400262642,287624.1,5271198.7,3.29,0.08959391,0.18774268,0.8108152151107788,0.5035523176193237,0.2351168543100357,0.526699423789978
Bosque,334320800400262643,287671.8,5271168.2,4.0,0.007410502,0.014876275,0.8338237404823303,0.5149643421173096,0.2535823583602905,0.5469297170639038
Bosque,334320800400262645,287766.1,5271107.3,3.44,0.047816515,0.09799871,0.7932372689247131,0.48944664001464844,0.2555897831916809,0.5444119572639465
Bosque,334320800400262646,287813.6,5271076.8,8.52,0.6207076,1.9408965,0.6994110941886902,0.44222986698150635,0.2262732982635498,0.45430925488471985
Bosque,334320800400262647,287861.5,5271046.1,6.77,0.56762445,1.678344,0.6927513480186462,0.36881279945373535,0.1265031397342682,0.36736369132995605
Bosque,334320800400262648,287909.3,5271015.5,5.57,0.12002986,0.25576016,0.5078467726707458,0.21230655908584595,0.029794961214065552,0.24205316603183746
Bosque,334320800400262649,287957.3,5270984.9,8.45,0.49601808,1.3713261,0.857366681098938,0.4880216419696808,0.2833218276500702,0.5657975077629089
Bosque,334320800400262651,288053.2,5270923.6,4.75,0.20383708,0.45598698,0.7980093359947205,0.37900564074516296,0.17904271185398102,0.4649924635887146
Bosque,334320800400262654,288200.6,5270831.0,5.64,0.13946451,0.3004364,0.8362986445426941,0.4951876401901245,0.24463599920272827,0.5357440710067749
Bosque,334320800400262655,288248.7,5270800.4,3.03,0.00879487,0.017667664,0.8194571733474731,0.49235016107559204,0.23068608343601227,0.524337887763977
Bosque,334320800400262656,288296.3,5270769.8,4.37,0.0107146725,0.021545151,0.8467049598693848,0.4997544288635254,0.25513365864753723,0.5509815812110901
Bosque,334320800400262657,288344.4,5270739.1,6.09,0.0687751,0.14251672,0.8033130764961243,0.4726158380508423,0.21769681572914124,0.5012185573577881
Bosque,334320800400262658,288393.0,5270708.4,6.2,0.22902356,0.5203057,0.7742047905921936,0.4702416956424713,0.20959815382957458,0.4869813919067383
Bosque,334320800400262659,288441.6,5270677.6,5.79,0.07888235,0.16434541,0.788382887840271,0.48770782351493835,0.22945372760295868,0.5086650848388672
Bosque,334320800400262660,288489.9,5270646.9,9.91,0.36383972,0.90496796,0.8651564121246338,0.5523084998130798,0.3016800284385681,0.601176917552948
Bosque,334320800400262663,288637.2,5270554.3,5.46,0.018815627,0.03799033,0.807832658290863,0.5111187696456909,0.2587207853794098,0.5466511845588684
Bosque,334320800400262664,288685.5,5270523.5,9.91,0.406303,1.0432608,0.8591737151145935,0.561772882938385,0.31843942403793335,0.606504499912262
Bosque,334320800400262665,288734.0,5270492.8,15.52,0.89773697,4.580024,0.7752103805541992,0.5017907023429871,0.2621767818927765,0.5408445000648499
Bosque,334320800400262666,288782.0,5270462.1,11.97,0.45595786,1.2181448,0.8240572214126587,0.5354599356651306,0.30549806356430054,0.5844038724899292
Bosque,334320800400262671,289028.1,5270307.6,5.83,0.004972885,0.009970619,0.8403566479682922,0.5448044538497925,0.267470121383667,0.5587193369865417
Bosque,334320800400262672,289076.8,5270276.8,4.15,0.048341263,0.0991013,0.8287261128425598,0.5167773962020874,0.26632893085479736,0.5679125189781189
Bosque,334321100400257535,287218.8,5270735.9,6.54,0.08496176,0.17759086,0.866477906703949,0.5396543145179749,0.3271735906600952,0.6178675889968872
Bosque,334321100400257536,287267.5,5270705.2,3.44,0.005703054,0.011438806,0.805388867855072,0.48646190762519836,0.2645065486431122,0.5434347987174988
Bosque,334321100400257538,287363.0,5270644.1,8.08,0.08539307,0.17853393,0.7694981098175049,0.40728557109832764,0.1883137822151184,0.4710536599159241
Bosque,334321100400257539,287411.1,5270613.5,4.52,0.0075261765,0.015109367,0.8097001910209656,0.45999792218208313,0.24199049174785614,0.5232229232788086
Bosque,334321100400257544,287691.7,5270431.1,6.69,0.1263474,0.27017316,0.8872182369232178,0.5778049826622009,0.31413114070892334,0.6218785047531128
Bosque,334321100400257545,287738.8,5270400.6,5.31,0.31181067,0.74761754,0.8498448729515076,0.5160878300666809,0.2754564583301544,0.5778947472572327
Bosque,334321100400257546,287786.8,5270370.0,7.33,0.4453465,1.1794556,0.8470790386199951,0.4992844760417938,0.25257545709609985,0.5499851107597351
Bosque,334321100400257547,287834.9,5270339.4,5.23,0.2389561,0.54624957,0.8017503023147583,0.4551108777523041,0.18363386392593384,0.46436378359794617
Bosque,334321100400257548,287883.0,5270308.7,4.3,0.1208046,0.25752184,0.7331473231315613,0.4178101122379303,0.14431554079055786,0.4056464433670044
Bosque,334321100400257549,287931.1,5270278.1,4.04,0.091821186,0.19264215,0.8572733402252197,0.5212745070457458,0.25138452649116516,0.5196220874786377
Bosque,334321100400257550,287979.3,5270247.4,6.5,0.24644157,0.56602794,0.8436000347137451,0.5042420625686646,0.25294721126556396,0.5271336436271667
Bosque,334321100400257551,288027.3,5270216.8,2.5,0.018451191,0.03724759,0.7090851664543152,0.48527002334594727,0.16345787048339844,0.4352695047855377
Bosque,340730000400262458,289393.4,5274841.0,11.59,0.71876395,2.5427616,0.7936751842498779,0.44428199529647827,0.19524715840816498,0.48841702938079834
Bosque,340730000400262459,289441.2,5274810.4,10.73,0.6701021,2.2219827,0.8213390707969666,0.4666900038719177,0.2250063717365265,0.5028152465820312
Bosque,340730000400262460,289489.0,5274779.8,9.98,0.5863337,1.7677307,0.8318533301353455,0.4405558109283447,0.23269373178482056,0.5208581686019897
Bosque,340730000400262461,289536.8,5274749.2,11.25,0.45919,1.2303994,0.8319750428199768,0.4660334587097168,0.23579737544059753,0.5362280607223511
Bosque,340730000400262463,289632.4,5274688.0,2.24,0.0359367,0.07319961,0.8161850571632385,0.549828052520752,0.2511870861053467,0.5432887077331543
Bosque,340730000400262464,289680.3,5274657.3,12.15,0.34031138,0.83241117,0.8079307079315186,0.44997963309288025,0.2397618591785431,0.5216385722160339
Bosque,340730000400262465,289728.2,5274626.6,12.45,0.46994755,1.2706597,0.8671998381614685,0.4844696819782257,0.2925364077091217,0.5749223232269287
Bosque,340730000400262466,289776.1,5274595.9,8.97,0.25325853,0.58427835,0.7957439422607422,0.47460734844207764,0.23019756376743317,0.5120680332183838
Bosque,340730000400262472,290069.9,5274407.5,11.43,0.7170409,2.5304773,0.817680835723877,0.5201146602630615,0.2695207893848419,0.5448589324951172
Bosque,340730000400262474,290165.8,5274346.2,4.67,0.056347,0.116001025,0.8242519497871399,0.5161315202713013,0.26609620451927185,0.5462695956230164
Bosque,340730100400258033,290131.7,5273627.5,12.07,0.8142898,3.378634,0.8249962329864502,0.5069941878318787,0.2649320960044861,0.5540688037872314
Bosque,340730100400258036,290278.1,5273533.8,3.47,0.073661365,0.15304354,0.8154301047325134,0.5343714356422424,0.25301575660705566,0.5346342325210571
Bosque,340730100400258038,290374.5,5273472.2,2.95,0.0073448634,0.0147440545,0.8105047941207886,0.4946417212486267,0.23684045672416687,0.527255117893219
Bosque,340730100400258040,290470.3,5273411.0,6.76,0.28070855,0.65923476,0.7944939136505127,0.47452646493911743,0.23560139536857605,0.5265145897865295
Bosque,340730100400258041,290518.7,5273380.1,11.47,0.7096899,2.4787405,0.8076469302177429,0.45478180050849915,0.24022497236728668,0.525475263595581
Bosque,340730100400258042,290567.5,5273348.9,8.37,0.4646736,1.2507879,0.8506653308868408,0.5259983539581299,0.30186793208122253,0.5858646631240845
Bosque,340730100400258043,290616.4,5273317.7,4.71,0.08770632,0.18360505,0.8528996706008911,0.5384466648101807,0.2920215427875519,0.5824238061904907
Bosque,340730100400258044,290664.9,5273286.7,6.24,0.36809504,0.9185558,0.8306102156639099,0.527316153049469,0.2790378928184509,0.5767074823379517
Bosque,340730200400263066,289163.8,5273711.2,2.61,0.013892224,0.027979605,0.9012702107429504,0.591709554195404,0.415641725063324,0.6978843808174133
Bosque,340730200400263069,289307.5,5273619.8,9.31,0.6994627,2.4084523,0.8954156041145325,0.5284969806671143,0.3591049909591675,0.6512498259544373
Bosque,340730200400263085,290083.4,5273124.3,3.44,0.06784416,0.1405197,0.8046410083770752,0.483786940574646,0.23089200258255005,0.5137384533882141
Bosque,340730300400257954,288744.4,5273237.6,7.47,0.50717425,1.4163284,0.8885243535041809,0.5282924175262451,0.3267708420753479,0.6316012740135193
Bosque,340730300400257984,290189.2,5272316.4,4.86,0.084846154,0.17734039,0.7504768967628479,0.40477481484413147,0.164334237575531,0.45004475116729736
Bosque,340730300400257985,290237.5,5272285.6,8.26,0.23867697,0.54553825,0.7837730050086975,0.43687525391578674,0.1953880786895752,0.4905407130718231
Bosque,340730300400257986,290286.4,5272254.3,5.83,0.12291961,0.2623448,0.8162650465965271,0.4958842694759369,0.23987405002117157,0.524724543094635
Bosque,340730300400257987,290334.6,5272223.4,8.86,0.67343915,2.2415934,0.8081105351448059,0.47231611609458923,0.23830731213092804,0.5292090177536011
Bosque,340730300400257988,290383.4,5272192.2,9.79,0.58533204,1.762421,0.8585360050201416,0.531555712223053,0.2996143698692322,0.583359956741333
Bosque,340730300400257989,290432.1,5272161.1,12.75,0.399809,1.021561,0.783876359462738,0.47429996728897095,0.2557983994483948,0.532339334487915
Bosque,340730300400257990,290480.8,5272129.9,15.63,0.92312425,5.164645,0.8036895394325256,0.47379377484321594,0.25852078199386597,0.5391714572906494
Bosque,340730500400257849,289605.5,5271640.0,6.09,0.18462169,0.40830192,0.7663264274597168,0.4696100056171417,0.21455645561218262,0.4838311970233917
Bosque,340730500400257850,289654.4,5271608.9,5.94,0.20574121,0.46081492,0.7932384014129639,0.47718632221221924,0.23005005717277527,0.5022037625312805
Bosque,340730500400257851,289703.3,5271577.8,5.15,0.13158976,0.28222686,0.7855795621871948,0.45164060592651367,0.19244281947612762,0.46472951769828796
Bosque,340730500400257852,289750.9,5271547.4,20.48,0.7472422,2.7574513,0.7981245517730713,0.5436339974403381,0.28398528695106506,0.5383298397064209
Bosque,340730500400257853,289798.9,5271516.9,2.2,0.021905804,0.04429966,0.7078292369842529,0.5388548374176025,0.21421848237514496,0.479789674282074
Bosque,340730500400257854,289847.1,5271486.3,6.35,0.2513927,0.5792799,0.5393915772438049,0.34585508704185486,0.07252080738544464,0.2762202024459839
Bosque,340730500400257855,289896.1,5271455.2,19.47,0.9128406,4.9149117,0.70186448097229,0.4698527157306671,0.12482453882694244,0.3261900842189789
Bosque,340730500400257864,290341.5,5271173.0,20.11,0.8281526,3.5354853,0.847057580947876,0.4699156582355499,0.26710450649261475,0.5619118213653564
Bosque,340730500400257865,290390.2,5271142.2,17.83,0.93065554,5.3841763,0.807325541973114,0.45523035526275635,0.22367922961711884,0.5112016201019287
Bosque,340730500400257866,290438.5,5271111.5,14.16,0.8791724,4.249112,0.8821101188659668,0.5581390857696533,0.34152457118034363,0.6256232261657715
Bosque,340730500400257867,290485.9,5271081.4,19.29,0.37887567,0.95302194,0.8354896903038025,0.5066213607788086,0.2731386423110962,0.5738516449928284
Bosque,340730500400257869,290579.7,5271021.8,23.47,0.7705108,2.951917,0.8819611668586731,0.5407849550247192,0.3157510459423065,0.6150742769241333
Bosque,340730500400257881,291152.2,5270658.0,17.34,0.76609814,2.9135528,0.9254720211029053,0.5486689209938049,0.3710480332374573,0.6867179870605469
Bosque,340730600400970056,289415.0,5271023.7,26.31,0.9170306,5.0148344,0.9143761396408081,0.5834175944328308,0.4000283479690552,0.7003520131111145
Bosque,340730600400970069,290056.0,5270617.4,2.95,0.04525943,0.09263582,0.7426650524139404,0.4382511079311371,0.10600525140762329,0.35198935866355896
Bosque,340730600400970070,290103.8,5270587.0,8.33,0.7473071,2.7577977,0.9089638590812683,0.587243378162384,0.31535863876342773,0.6105167865753174
Bosque,340730600400970071,290151.6,5270556.6,11.55,0.8505599,3.8176756,0.8801602125167847,0.5622131824493408,0.2985827922821045,0.5950526595115662
Bosque,340730600400970072,290199.7,5270526.0,13.75,0.8314269,3.5740266,0.741516649723053,0.46820953488349915,0.2296014428138733,0.4959087371826172
Bosque,340730600400970073,290249.4,5270494.6,3.1,0.044858612,0.091796264,0.5181949734687805,0.323693186044693,0.1266654133796692,0.348956435918808
Bosque,340730600400970075,290345.5,5270433.6,15.21,0.8803295,4.268096,0.9164217710494995,0.5995755791664124,0.3418872654438019,0.6392859220504761
Bosque,340730600400970076,290394.3,5270402.7,4.26,0.18152101,0.4007049,0.9208011627197266,0.5928525924682617,0.34094175696372986,0.6431492567062378
Bosque,356600000400197094,299415.1,5284021.5,3.25,0.01687964,0.034047626,0.7806723713874817,0.4475002884864807,0.22138150036334991,0.46320512890815735
Bosque,356600000400197102,299798.7,5283775.2,5.27,0.2524499,0.5819638,0.7219565510749817,0.38620930910110474,0.19265754520893097,0.41864684224128723
Bosque,356600000400197105,299942.8,5283682.8,2.77,0.0027401135,0.005487753,0.8150635361671448,0.47104570269584656,0.30101141333580017,0.5658063292503357
Bosque,356600000400197116,300518.7,5283313.5,2.84,0.06981573,0.14474836,0.7620586156845093,0.455574095249176,0.20457430183887482,0.4583357572555542
Bosque,356600000400197149,302100.4,5282298.4,3.22,0.02048207,0.041389734,0.7930651903152466,0.4865265488624573,0.2338254749774933,0.5329427719116211
Bosque,356600000400197150,302148.3,5282267.6,8.23,0.68176967,2.2911534,0.7308374643325806,0.4330453872680664,0.22394013404846191,0.49129459261894226
Bosque,356600100400192436,296980.1,5284836.1,3.96,0.09890371,0.20829242,0.7749737501144409,0.42654815316200256,0.2304200530052185,0.4701220691204071
Bosque,356600100400192468,298514.5,5283854.7,3.07,0.02031951,0.041057814,0.6970622539520264,0.38167092204093933,0.1299738734960556,0.34834370017051697
Bosque,356600100400192471,298658.4,5283762.5,4.53,0.11509718,0.24456339,0.6999765634536743,0.4074466824531555,0.13307470083236694,0.35909491777420044
Bosque,356600100400192480,299089.4,5283486.2,4.0,0.064008854,0.13230096,0.8389188051223755,0.4960717558860779,0.30051684379577637,0.5554550290107727
Bosque,356600100400192483,299233.4,5283393.5,3.4,0.009463993,0.019018171,0.7866607308387756,0.43258950114250183,0.2689877152442932,0.5143056511878967
Bosque,356600100400192484,299281.3,5283362.7,3.74,0.09294103,0.19510098,0.7742992639541626,0.4266713261604309,0.27692732214927673,0.5218528509140015
Bosque,356600100400192485,299329.3,5283331.9,5.31,0.21507803,0.4843766,0.77919602394104,0.45182138681411743,0.28248950839042664,0.543621301651001
Bosque,356600100400192486,299377.3,5283301.0,3.55,0.023274707,0.047099985,0.8063843250274658,0.48323604464530945,0.2968493700027466,0.5722776651382446
Bosque,356600100400192487,299425.2,5283270.3,4.41,0.059418123,0.12251524,0.7927758097648621,0.44475242495536804,0.23823325335979462,0.5178553462028503
Bosque,356600100400192489,299521.2,5283208.5,4.53,0.01828826,0.036915306,0.8108460903167725,0.43622615933418274,0.2268541157245636,0.502631425857544
Bosque,356600100400192491,299617.6,5283146.1,6.77,0.232113,0.52826697,0.7526806592941284,0.46693557500839233,0.19490647315979004,0.45096370577812195
Bosque,356600100400192492,299665.8,5283115.0,8.57,0.62378645,1.9559385,0.5628228187561035,0.3438388407230377,0.10355093330144882,0.2923171818256378
Bosque,356600100400192493,299714.0,5283083.9,4.19,0.028926004,0.058705688,0.7941406965255737,0.5359235405921936,0.2581583559513092,0.5102282762527466
Bosque,356600100400192496,299858.1,5282991.3,4.08,0.15484492,0.3364866,0.7680830955505371,0.45796817541122437,0.22982215881347656,0.49142032861709595
Bosque,356600100400192538,301918.5,5281671.6,2.77,0.04081195,0.083337225,0.8393895626068115,0.47496297955513,0.2045922875404358,0.49736273288726807
Bosque,356600100400192543,302158.1,5281517.5,11.0,0.91070706,4.840172,0.9190720319747925,0.6260549426078796,0.4141823351383209,0.7128255367279053
Bosque,356600200400197666,297022.4,5284261.8,3.59,0.018183166,0.036701158,0.765575110912323,0.4770227074623108,0.20873482525348663,0.44081586599349976
Bosque,356600200400197717,299468.7,5282696.2,4.0,0.12931107,0.27694902,0.7586425542831421,0.44346821308135986,0.20097412168979645,0.4505848288536072
Bosque,356600200400197718,299516.7,5282665.5,3.93,0.14032207,0.3024045,0.7697172164916992,0.43547624349594116,0.20303192734718323,0.47197777032852173
Bosque,356600200400197722,299756.4,5282512.0,3.14,0.013057828,0.02628773,0.7591608762741089,0.4457624852657318,0.1949114203453064,0.45777907967567444
Bosque,356600200400197723,299804.3,5282481.3,3.37,0.08926734,0.18701537,0.7225989699363708,0.4233204126358032,0.14882077276706696,0.39023688435554504
Bosque,356600200400197728,300043.9,5282327.9,3.78,0.091081366,0.19100314,0.8424961566925049,0.5434570908546448,0.3158886134624481,0.5983994007110596
Bosque,356600200400197729,300091.8,5282297.2,3.52,0.014538737,0.029291006,0.8108039498329163,0.49743545055389404,0.26075485348701477,0.5388050675392151
Bosque,356600200400197730,300139.7,5282266.5,3.59,0.073744066,0.15321179,0.7699238061904907,0.4752342402935028,0.23423457145690918,0.4935549199581146
Bosque,356600200400197745,300859.1,5281804.1,18.94,0.8615042,3.957212,0.918847382068634,0.6206809282302856,0.4118500351905823,0.7132036685943604
Bosque,356600200400197748,301002.9,5281711.8,18.5,0.8885052,4.392159,0.8936955332756042,0.5593591928482056,0.3253488540649414,0.637881338596344
Bosque,356600200400197750,301098.8,5281650.3,18.76,0.7603292,2.8583665,0.9067990183830261,0.5700787901878357,0.3649258315563202,0.6658527255058289
Bosque,356600200400197751,301146.7,5281619.6,22.13,0.7190635,2.5402803,0.8947455883026123,0.5450394153594971,0.3629080653190613,0.6623565554618835
Bosque,356600200400197752,301194.7,5281588.8,20.29,0.847492,3.7640052,0.9002143144607544,0.5837244391441345,0.3679465055465698,0.6727095246315002
Bosque,356600200400197754,301290.6,5281527.5,20.18,0.905876,4.7320733,0.8969635367393494,0.5644440650939941,0.36502769589424133,0.6657841801643372
Bosque,356600200400197755,301338.3,5281497.2,18.05,0.8256673,3.495961,0.8869301080703735,0.5478767156600952,0.33399641513824463,0.6338134407997131
Bosque,356600200400197757,301433.9,5281436.5,14.3,0.76615644,2.9076576,0.8554156422615051,0.5380176305770874,0.3031843900680542,0.5976112484931946
Bosque,356600200400197758,301481.6,5281406.2,18.46,0.92761457,5.259631,0.8800792694091797,0.5148642063140869,0.2824561893939972,0.5789161324501038
Bosque,356600200400197760,301577.3,5281345.3,20.74,0.7113584,2.4861119,0.9043445587158203,0.5291205048561096,0.34607839584350586,0.6607915759086609
Bosque,356600200400197761,301625.1,5281314.9,18.23,0.51551884,1.4496236,0.745612382888794,0.49226775765419006,0.27604734897613525,0.5591050982475281
Bosque,356600300400192470,294826.8,5284925.4,3.29,0.061705355,0.12738398,0.7306890487670898,0.3955550491809845,0.15541307628154755,0.3946017324924469
Bosque,356600300400192475,295066.1,5284772.0,10.44,0.63243294,2.0022094,0.8317875862121582,0.4397595524787903,0.42764461040496826,0.6634373068809509
Bosque,356600300400192485,295544.7,5284465.3,7.67,0.46974245,1.2689632,0.814749002456665,0.4380112886428833,0.38865339756011963,0.6279065608978271
Bosque,356600300400192557,298998.9,5282252.6,2.8,0.07860577,0.16373701,0.7507655620574951,0.4579416513442993,0.21169346570968628,0.4805436134338379
Bosque,356600300400192560,299142.7,5282160.8,2.99,0.11235693,0.23837636,0.8361855745315552,0.4949352443218231,0.28066810965538025,0.5756838321685791
Bosque,356600300400192565,299382.6,5282007.4,3.96,0.14483961,0.3129416,0.7940691113471985,0.489467978477478,0.2350565791130066,0.4978286027908325
Bosque,356600300400192566,299430.5,5281976.8,3.93,0.09214304,0.1933403,0.7893297672271729,0.474270761013031,0.2284001260995865,0.5106894373893738
Bosque,356600300400192571,299670.3,5281823.3,22.73,0.8346316,3.601464,0.9085678458213806,0.5583102107048035,0.365026593208313,0.670779824256897
Bosque,356600300400192573,299766.2,5281761.7,16.62,0.8171007,3.3996038,0.8988635540008545,0.5590890049934387,0.34621745347976685,0.6457821130752563
Bosque,356600300400192575,299862.1,5281700.4,19.1,0.72187686,2.5603158,0.8452664017677307,0.48787927627563477,0.26654791831970215,0.5636510252952576
Bosque,356600300400192578,300005.8,5281608.3,20.14,0.86751264,4.045749,0.9172722697257996,0.6190502643585205,0.3823796808719635,0.6731622219085693
Bosque,356600300400192579,300053.7,5281577.6,18.35,0.85521126,3.8677797,0.8926617503166199,0.5747630596160889,0.35905221104621887,0.6577378511428833
Bosque,356600300400192584,300293.4,5281423.8,24.3,0.87312746,4.132564,0.9072121381759644,0.6005374193191528,0.39100611209869385,0.696799099445343
Bosque,356600300400192587,300437.2,5281331.5,19.21,0.6217665,1.9449635,0.8709254860877991,0.537097692489624,0.32272422313690186,0.6294315457344055
Bosque,356600300400192588,300485.0,5281300.9,21.27,0.7208334,2.5528195,0.8975503444671631,0.5629339814186096,0.34740936756134033,0.6579363942146301
Bosque,356600300400192590,300580.7,5281239.7,24.08,0.92701626,5.2422023,0.9159461259841919,0.6096216440200806,0.3921213448047638,0.6963748931884766
Bosque,356600300400192591,300628.6,5281209.0,23.03,0.71858907,2.5367904,0.9083066582679749,0.5690863132476807,0.37347233295440674,0.6795917749404907
Bosque,356600300400192592,300676.4,5281178.5,24.45,0.9328221,5.4087715,0.9024926424026489,0.528538167476654,0.3591665029525757,0.6669833064079285
Bosque,356600300400192593,300724.2,5281147.9,20.93,0.6870892,2.3244073,0.8650435209274292,0.49373871088027954,0.3018634617328644,0.6212494373321533
Bosque,356600300400192594,300772.1,5281117.2,18.05,0.68929505,2.3385673,0.8618760108947754,0.5044662356376648,0.2959781289100647,0.6002913117408752
Bosque,356600300400192595,300820.0,5281086.6,17.86,0.6517796,2.1104186,0.8908457159996033,0.5313937067985535,0.3368516266345978,0.6469862461090088
Bosque,356600300400192596,300867.6,5281056.3,25.8,0.8907879,4.4331446,0.8833371996879578,0.5764138698577881,0.34830406308174133,0.6422095894813538
Bosque,356600300400192597,300915.4,5281025.8,19.51,0.8353063,3.6096544,0.8649916052818298,0.5296681523323059,0.3066710829734802,0.6091254353523254
Bosque,356600300400192598,300963.3,5280995.3,18.61,0.8887909,4.3968005,0.8996924161911011,0.5864901542663574,0.37893423438072205,0.6797041296958923
Bosque,356600300400192599,301011.2,5280964.6,16.55,0.6360805,2.022168,0.8373653292655945,0.4897697865962982,0.2529177963733673,0.550179123878479
Bosque,356600300400192600,301059.1,5280934.0,13.59,0.4001084,1.0221231,0.7188551425933838,0.395336776971817,0.1373092532157898,0.4140768349170685
Bosque,356600300400192601,301107.0,5280903.4,18.31,0.79171926,3.1393201,0.9032963514328003,0.5687879920005798,0.3684879541397095,0.6650171875953674
Bosque,356600300400192602,301154.9,5280872.7,17.63,0.7671872,2.9163444,0.8918394446372986,0.5377404689788818,0.34734565019607544,0.6522009372711182
Bosque,356600300400192603,301202.7,5280842.3,24.0,0.6434392,2.0630493,0.8656647205352783,0.5895161032676697,0.3438371419906616,0.6251908540725708
Bosque,356600300400192604,301250.6,5280811.6,22.54,0.79961294,3.2166994,0.8733416795730591,0.5623955130577087,0.31705477833747864,0.5921744108200073
Bosque,356600300400192605,301298.6,5280780.8,21.23,0.80523866,3.273733,0.8854672312736511,0.5338683724403381,0.32311001420021057,0.6341524720191956
Bosque,356600300400192606,301346.6,5280750.1,21.75,0.85019594,3.7995343,0.8736622333526611,0.5219307541847229,0.31343144178390503,0.6134946346282959
Bosque,356600300400192607,301394.6,5280719.3,19.92,0.73316175,2.6432369,0.897282063961029,0.5426025986671448,0.3514164984226227,0.6531306505203247
Bosque,356600300400192608,301442.5,5280688.7,23.66,0.6595848,2.1557884,0.9097539186477661,0.5391659736633301,0.3456268310546875,0.6478168368339539
Bosque,356600300400192609,301490.5,5280658.0,24.34,0.85019964,3.799584,0.9039035439491272,0.5446672439575195,0.3525935411453247,0.6539251208305359
Bosque,356600300400192610,301538.6,5280627.0,20.44,0.89671004,4.5449824,0.8894145488739014,0.5394766330718994,0.33363890647888184,0.6321151256561279
Bosque,356600300400192611,301586.7,5280596.0,26.36,0.9035199,4.681826,0.8942057490348816,0.5646227598190308,0.3670082688331604,0.6565810441970825
Bosque,356600300400192612,301634.9,5280565.0,20.26,0.873655,4.140918,0.8660019636154175,0.5339617133140564,0.31763380765914917,0.6126220226287842
Bosque,356600300400192616,301826.7,5280442.1,20.03,0.90181017,4.646579,0.7214609980583191,0.4230479300022125,0.13355478644371033,0.36380735039711
Bosque,356600300400192622,302114.3,5280258.2,10.93,0.53170484,1.5175802,0.7700450420379639,0.4331386387348175,0.14918409287929535,0.39112934470176697
Bosque,356600500400192354,295029.3,5283753.6,2.24,0.08568705,0.17916882,0.6099756956100464,0.32974085211753845,0.006979953031986952,0.16493624448776245
Bosque,356600500400192356,295125.2,5283692.3,7.48,0.35976666,0.89195955,0.7251195907592773,0.3783071041107178,0.12800809741020203,0.3727225065231323
Bosque,356600500400192357,295173.3,5283661.5,4.0,0.21536726,0.48511052,0.4880162477493286,0.25531747937202454,0.04421167075634003,0.2151016741991043
Bosque,356600500400192358,295221.2,5283630.8,3.22,0.08952306,0.18757789,0.549447238445282,0.2894898056983948,0.02201167121529579,0.20156386494636536
Bosque,356600500400192359,295269.2,5283600.1,4.08,0.15444967,0.33554983,0.7970138192176819,0.4523746073246002,0.23251557350158691,0.4534626007080078
Bosque,356600500400192360,295317.3,5283569.3,3.66,0.13467722,0.28931618,0.7034389972686768,0.4044879376888275,0.17688943445682526,0.4090290665626526
Bosque,356600500400192361,295365.3,5283538.5,4.23,0.03802655,0.0775376,0.7979651689529419,0.4429391622543335,0.26926887035369873,0.5285805463790894
Bosque,356600500400192362,295413.4,5283507.7,4.49,0.21467964,0.48335832,0.7625718712806702,0.44806969165802,0.21985521912574768,0.43400150537490845
Bosque,356600500400192363,295461.4,5283476.9,4.34,0.112805866,0.23939027,0.586176872253418,0.3037518560886383,0.13043324649333954,0.3095787763595581
Bosque,356600500400192364,295509.5,5283446.0,4.94,0.22261682,0.50367785,0.6305725574493408,0.33985474705696106,0.1463519036769867,0.3360421657562256
Bosque,356600500400192378,296181.0,5283016.6,3.18,0.13793671,0.29686457,0.7514117956161499,0.42123091220855713,0.16085253655910492,0.4131995737552643
Bosque,356600500400192379,296228.8,5282986.1,2.73,0.033019006,0.06715344,0.628828763961792,0.3422139585018158,0.058488890528678894,0.30119287967681885
Bosque,356600500400192382,296372.9,5282893.9,5.91,0.24175239,0.55353206,0.45474421977996826,0.22128523886203766,-0.025578007102012634,0.10234686732292175
Bosque,356600500400192383,296420.7,5282863.6,7.52,0.5183857,1.4615643,0.4884380102157593,0.26795685291290283,0.033382415771484375,0.18053489923477173
Bosque,356600500400192384,296468.7,5282832.9,3.33,0.016334392,0.032938674,0.7272145748138428,0.38903406262397766,0.13711979985237122,0.35619083046913147
Bosque,356600500400192385,296516.5,5282802.4,4.11,0.1573771,0.3424868,0.8833543062210083,0.5077295303344727,0.3298510015010834,0.6015688180923462
Bosque,356600500400192386,296564.5,5282771.8,2.8,0.07960556,0.16590941,0.4624335467815399,0.24596643447875977,0.03790178894996643,0.21055172383785248
Bosque,356600500400192387,296612.4,5282741.2,3.29,0.08527813,0.1782745,0.6217491626739502,0.3388206362724304,0.0791693702340126,0.24267864227294922
Bosque,356600500400192388,296660.4,5282710.6,4.56,0.13700919,0.29471374,0.6132904887199402,0.32655268907546997,0.07540124654769897,0.26612240076065063
Bosque,356600500400192389,296708.3,5282679.9,5.91,0.29207733,0.690907,0.8068047165870667,0.46778202056884766,0.2754370868206024,0.5069141983985901
Bosque,356600500400192390,296756.4,5282649.2,6.59,0.18748058,0.41525376,0.685785174369812,0.38450396060943604,0.19764012098312378,0.4326907694339752
Bosque,356600500400192391,296804.4,5282618.5,4.04,0.0986819,0.20779957,0.6568979620933533,0.3495365381240845,0.1291983425617218,0.3297531306743622
Bosque,356600500400192392,296852.4,5282587.8,5.46,0.1686288,0.36937568,0.7168443202972412,0.4038003981113434,0.2097424417734146,0.4358077347278595
Bosque,356600500400192393,296900.5,5282557.0,6.92,0.2935768,0.6951487,0.6682656407356262,0.3686234951019287,0.12675943970680237,0.34022828936576843
Bosque,356600500400192421,298243.3,5281696.3,3.4,0.057461333,0.11835843,0.837059497833252,0.48470816016197205,0.29651975631713867,0.5864843726158142
Bosque,356600500400192422,298291.2,5281665.6,4.23,0.19760661,0.4403383,0.7986730933189392,0.45319271087646484,0.2479962706565857,0.5391615033149719
Bosque,356600500400192423,298339.1,5281634.9,5.61,0.15559785,0.33826777,0.6239187717437744,0.33407723903656006,0.08982950448989868,0.3420048654079437
Bosque,356600500400192424,298387.0,5281604.3,4.04,0.009688515,0.019471556,0.8319581747055054,0.4857132136821747,0.2688637971878052,0.5544330477714539
Bosque,356600500400192425,298434.8,5281573.7,4.64,0.15132871,0.32818073,0.8395135402679443,0.4977131485939026,0.27742332220077515,0.574837863445282
Bosque,356600500400192426,298482.7,5281543.1,3.18,0.06296591,0.13007335,0.8320074081420898,0.5196521282196045,0.28378555178642273,0.5726391077041626
Bosque,356600500400192427,298530.6,5281512.5,4.23,0.0546913,0.11248907,0.8766124248504639,0.5378541946411133,0.3068857192993164,0.605055570602417
Bosque,356600500400192428,298578.4,5281481.9,3.93,0.084612995,0.17682065,0.880432665348053,0.5595027208328247,0.3036368191242218,0.6081383228302002
Bosque,356600500400192429,298626.5,5281451.0,4.19,0.06941337,0.14388283,0.8239936828613281,0.47625017166137695,0.26365524530410767,0.5694005489349365
Bosque,356600500400192430,298674.6,5281420.2,3.25,0.18076353,0.39878595,0.8793649673461914,0.6098828911781311,0.33903878927230835,0.6372711658477783
Bosque,356600500400192431,298722.7,5281389.3,3.07,0.08995632,0.18852988,0.8449959754943848,0.5535709857940674,0.29549962282180786,0.6002115607261658
Bosque,356600500400192434,298866.7,5281297.1,2.65,0.055654645,0.11452832,0.8440732955932617,0.5373840928077698,0.286455899477005,0.5877696871757507
Bosque,356600500400192435,298914.7,5281266.4,4.19,0.10797999,0.22854012,0.8567692637443542,0.5564111471176147,0.29101890325546265,0.5827517509460449
Bosque,356600500400192438,299058.5,5281174.5,26.28,0.7940445,3.1624355,0.9119963049888611,0.6359046697616577,0.4036980867385864,0.6952599287033081
Bosque,356600500400192439,299106.4,5281143.9,24.11,0.905723,4.730197,0.9066960215568542,0.6354610323905945,0.40209507942199707,0.697080671787262
Bosque,356600500400192440,299154.4,5281113.2,11.42,0.15457122,0.3358374,0.8923293352127075,0.5718671083450317,0.3532194495201111,0.6575573086738586
Bosque,356600500400192441,299202.4,5281082.5,2.32,0.029366814,0.059613742,0.7454421520233154,0.45322385430336,0.17546482384204865,0.4590694010257721
Bosque,356600500400192442,299250.3,5281052.0,2.47,0.06569234,0.13590132,0.7287805080413818,0.46232733130455017,0.17952780425548553,0.4523402750492096
Bosque,356600500400192443,299298.3,5281021.2,2.95,0.012559326,0.0252778,0.7783275246620178,0.4831306040287018,0.22818565368652344,0.5057351589202881
Bosque,356600500400192444,299346.0,5280990.9,7.48,0.24864343,0.5717943,0.8375226259231567,0.5197476148605347,0.2554837465286255,0.5465637445449829
Bosque,356600500400192445,299394.2,5280959.9,2.92,0.011267803,0.022663593,0.6022591590881348,0.3558972477912903,0.10184453427791595,0.33311203122138977
Bosque,356600500400192446,299442.2,5280929.1,2.32,0.021039106,0.04252739,0.7047038674354553,0.4033082127571106,0.09829215705394745,0.3764740824699402
Bosque,356600500400192447,299490.1,5280898.5,2.58,0.03544352,0.07217442,0.5538666248321533,0.32973992824554443,0.08687964081764221,0.3088662028312683
Bosque,356600500400192448,299538.1,5280867.8,2.54,0.033143956,0.06741189,0.7189271450042725,0.40410250425338745,0.09287227690219879,0.33433446288108826
Bosque,356600500400192449,299586.0,5280837.1,4.11,0.16962361,0.37177053,0.6306295394897461,0.3444629907608032,0.055612701922655106,0.2937186062335968
Bosque,356600500400192450,299634.0,5280806.4,3.4,0.15464108,0.33600268,0.6650906801223755,0.37273433804512024,0.09196910262107849,0.3188740015029907
Bosque,356600500400192451,299681.9,5280775.7,2.54,0.011550199,0.02323491,0.6809762716293335,0.41144129633903503,0.15672941505908966,0.39864999055862427
Bosque,356600500400192452,299729.8,5280745.1,2.8,0.0986738,0.2077816,0.5071159601211548,0.31001192331314087,0.07073485106229782,0.2827020287513733
Bosque,356600500400192453,299777.7,5280714.4,3.48,0.083061464,0.1734335,0.700028657913208,0.3930838406085968,0.1352919638156891,0.39334389567375183
Bosque,356600500400192454,299825.6,5280683.8,18.31,0.37928694,0.953905,0.7696471810340881,0.42713940143585205,0.17789213359355927,0.4244486093521118
Bosque,356600500400192455,299873.5,5280653.1,5.2,0.33709654,0.8223479,0.7881003022193909,0.46678367257118225,0.16367033123970032,0.4378186762332916
Bosque,356600500400192456,299921.4,5280622.5,2.28,0.019079298,0.038527496,0.8179161548614502,0.478115975856781,0.2591821253299713,0.5522839426994324
Bosque,356600500400192457,299969.3,5280591.8,20.52,0.51971155,1.4670807,0.89080810546875,0.5680332183837891,0.33809196949005127,0.6337910294532776
Bosque,356600500400192458,300017.2,5280561.2,23.32,0.70218086,2.4236686,0.777777910232544,0.4157567322254181,0.1574178785085678,0.4557502567768097
Bosque,356600500400192459,300065.1,5280530.5,22.87,0.8981853,4.575662,0.9041152596473694,0.5465872287750244,0.3599168062210083,0.6527183055877686
Bosque,356600500400192460,300112.9,5280499.9,23.1,0.8592359,3.925431,0.9123678207397461,0.6045339107513428,0.3957446813583374,0.688465416431427
Bosque,356600500400192461,300160.7,5280469.4,19.8,0.6714855,2.2272666,0.8433277606964111,0.5359843373298645,0.2842866778373718,0.5842275023460388
Bosque,356600500400192462,300208.4,5280438.9,2.09,0.026007887,0.05270449,0.731558084487915,0.579835832118988,0.25456932187080383,0.5353190898895264
Bosque,356600500400192463,300256.2,5280408.3,5.46,0.2913058,0.6887281,0.693359911441803,0.4153963625431061,0.09995733201503754,0.3638215959072113
Bosque,356600500400192464,300304.1,5280377.6,3.7,0.10915197,0.2311697,0.6794443130493164,0.4104507565498352,0.11944518983364105,0.369712233543396
Bosque,356600500400192465,300352.1,5280346.8,4.68,0.24686012,0.56705225,0.7103232145309448,0.4110088050365448,0.10497097671031952,0.3380821943283081
Bosque,356600500400192466,300400.0,5280316.1,4.04,0.103107855,0.21764538,0.7259726524353027,0.40219008922576904,0.128961980342865,0.380810022354126
Bosque,356600500400192467,300448.0,5280285.3,2.5,0.021275524,0.04301045,0.6785427927970886,0.39685875177383423,0.10724619030952454,0.32804861664772034
Bosque,356600500400192468,300495.8,5280254.7,3.14,0.056640364,0.1166171,0.5529255270957947,0.33247309923171997,0.0757395550608635,0.27601322531700134
Bosque,356600500400192469,300543.7,5280224.0,12.5,0.4129948,1.0656116,0.632343590259552,0.35299381613731384,0.09452833980321884,0.3394506573677063
Bosque,356600500400192470,300591.4,5280193.4,21.04,0.8319876,3.570563,0.8624649047851562,0.5181127786636353,0.29862329363822937,0.5865910053253174
Bosque,356600500400192471,300639.1,5280163.0,19.13,0.48461303,1.3259481,0.8057451248168945,0.4857673645019531,0.25265324115753174,0.5367457270622253
Bosque,356600500400192472,300686.8,5280132.5,2.92,0.0906436,0.19004096,0.8082136511802673,0.5189298987388611,0.2532764673233032,0.5253469347953796
Bosque,356600600401033474,295027.7,5283012.0,4.11,0.19003317,0.42154548,0.7616949081420898,0.4125703275203705,0.2667883634567261,0.503524124622345
Bosque,356600600401033475,295075.6,5282981.4,3.29,0.07024928,0.14568,0.6113739013671875,0.3212265968322754,0.11203493177890778,0.3090120553970337
Bosque,356600600401033476,295123.5,5282950.8,5.87,0.30800277,0.73641616,0.5550076961517334,0.2842422425746918,0.07208171486854553,0.27254098653793335
Bosque,356600600401033477,295171.3,5282920.3,6.81,0.18425938,0.40733775,0.7043749690055847,0.40537136793136597,0.21397167444229126,0.4329043924808502
Bosque,356600600401033478,295219.0,5282890.0,4.15,0.06305635,0.13026623,0.7998902201652527,0.45799562335014343,0.26313352584838867,0.5279182195663452
Bosque,356600600401033479,295266.8,5282859.5,4.0,0.16620314,0.36354682,0.7287836074829102,0.3872752785682678,0.1742049902677536,0.41639021039009094
Bosque,356600600401033504,296467.9,5282090.5,3.22,0.06738191,0.13952124,0.8251336216926575,0.5286470651626587,0.28466087579727173,0.5666539669036865
Bosque,356600600401033505,296515.9,5282059.8,4.08,0.17216301,0.3778952,0.7344763875007629,0.41926059126853943,0.1843319535255432,0.4264237582683563
Bosque,356600600401033506,296563.9,5282029.1,2.92,0.13809405,0.29722872,0.6747439503669739,0.3929525315761566,0.12731656432151794,0.3825834393501282
Bosque,356600600401033507,296612.0,5281998.4,2.73,0.05914962,0.12194402,0.6240577101707458,0.368167519569397,0.11172262579202652,0.35600030422210693
Bosque,356600600401033508,296660.0,5281967.7,2.47,0.021474602,0.043417286,0.8563324809074402,0.535101056098938,0.29804182052612305,0.5819020867347717
Bosque,356600600401033509,296708.0,5281937.1,3.29,0.11615679,0.24695836,0.8312942981719971,0.5074512958526611,0.30181312561035156,0.591461718082428
Bosque,356600600401033510,296756.0,5281906.4,2.5,0.046876367,0.09602236,0.7285811305046082,0.4419536590576172,0.19637280702590942,0.4174756705760956
Bosque,356600600401033511,296803.9,5281875.9,2.8,0.06030373,0.12439893,0.8308592438697815,0.5327527523040771,0.2499544620513916,0.46419990062713623
Bosque,356600600401033512,296851.8,5281845.3,2.95,0.11368764,0.24137853,0.7910478115081787,0.4807756245136261,0.24797990918159485,0.5271451473236084
Bosque,356600600401033513,296899.7,5281814.7,2.69,0.043909106,0.08980551,0.6829927563667297,0.4166765511035919,0.17060965299606323,0.4125910997390747
Bosque,356600600401033533,297857.3,5281202.1,2.32,0.024272773,0.0491447,0.8535544276237488,0.5688504576683044,0.301262229681015,0.5884649753570557
Bosque,356600600401033534,297905.2,5281171.4,2.92,0.072574124,0.15068744,0.8793667554855347,0.5853272676467896,0.33412790298461914,0.6234614849090576
Bosque,356600600401033536,298001.2,5281109.8,2.35,0.012491682,0.025140788,0.8572839498519897,0.5282659530639648,0.301788330078125,0.5997689962387085
Bosque,356600600401033537,298049.1,5281079.0,2.58,0.06110111,0.1260968,0.8551192283630371,0.5353291630744934,0.320679247379303,0.6199456453323364
Bosque,356600600401033538,298097.1,5281048.3,2.99,0.08198103,0.17107786,0.8439242839813232,0.5247442126274109,0.28900808095932007,0.5846640467643738
Bosque,356600600401033539,298145.1,5281017.5,2.43,0.023416957,0.047391236,0.8470258116722107,0.545668363571167,0.31415584683418274,0.6037964224815369
Bosque,356600600401033540,298192.9,5280986.9,3.96,0.043901436,0.089789465,0.8452826738357544,0.5396702885627747,0.29829490184783936,0.5919709801673889
Bosque,356600600401033541,298240.5,5280956.5,3.29,0.041263554,0.08427894,0.852199137210846,0.5493149161338806,0.31279218196868896,0.6026670932769775
Bosque,356600600401033542,298288.2,5280926.0,2.5,0.019433059,0.039248902,0.8370667695999146,0.535905659198761,0.27133622765541077,0.5586097836494446
Bosque,356600600401033543,298336.0,5280895.5,3.18,0.11472672,0.24372476,0.7512085437774658,0.5522341728210449,0.23401005566120148,0.5177506804466248
Bosque,356600600401033544,298383.9,5280864.8,2.73,0.027620776,0.05601916,0.831794261932373,0.5276721119880676,0.2529277205467224,0.5517541766166687
Bosque,356600600401033545,298431.8,5280834.2,2.73,0.033727698,0.068619736,0.8383128046989441,0.5423504114151001,0.2547234296798706,0.5573909878730774
Bosque,356600600401033546,298479.6,5280803.7,3.52,0.12577845,0.26885143,0.7768824696540833,0.5181431174278259,0.24836182594299316,0.5325851440429688
Bosque,356600600401033547,298527.6,5280773.0,2.54,0.0138211055,0.0278351,0.6575313210487366,0.3992050886154175,0.07547186315059662,0.33862170577049255
Bosque,356600600401033548,298575.6,5280742.3,3.55,0.124069035,0.2649443,0.5964524745941162,0.36127927899360657,0.1021096408367157,0.32945433259010315
Bosque,356600600401033550,298671.5,5280680.9,2.47,0.07132072,0.14798619,0.7473366260528564,0.4356711506843567,0.19990594685077667,0.4748903512954712
Bosque,356600600401033551,298719.5,5280650.2,2.8,0.07801984,0.16246621,0.8257654309272766,0.5088704824447632,0.2689710259437561,0.5512537360191345
Bosque,356600600401033552,298767.5,5280619.5,2.88,0.065732695,0.13598752,0.7751219868659973,0.4626806676387787,0.2172885537147522,0.5016703605651855
Bosque,356600600401033553,298815.5,5280588.7,2.77,0.062380865,0.12882482,0.81239914894104,0.5121967792510986,0.2860853374004364,0.5637762546539307
Bosque,356600600401033554,298863.7,5280557.8,5.42,0.03809328,0.07767628,0.7295531034469604,0.4466763734817505,0.218471497297287,0.48838770389556885
Bosque,356600600401033555,298912.0,5280526.7,2.92,0.06526309,0.13498245,0.3785592317581177,0.23502466082572937,-0.039855558425188065,0.10519295185804367
Bosque,356600600401033556,299055.9,5280434.7,19.43,0.85045236,3.8037043,0.7934000492095947,0.5091638565063477,0.20749343931674957,0.42938947677612305
Bosque,356600600401033557,299103.6,5280404.4,27.41,0.7805079,3.0347216,0.881611168384552,0.5116759538650513,0.31636136770248413,0.6182445883750916
Bosque,356600600401033558,299151.3,5280374.0,35.57,0.94433075,5.789415,0.8667400479316711,0.49332353472709656,0.31540125608444214,0.6205178499221802
Bosque,356600600401033561,299294.5,5280282.9,23.81,0.69007504,2.3438034,0.9081048965454102,0.5390836000442505,0.3620983958244324,0.6636387705802917
Bosque,356600600401033562,299342.3,5280252.3,25.01,0.8929412,4.4742785,0.888774573802948,0.5476857423782349,0.34592002630233765,0.6421006321907043
Bosque,356600600401033563,299390.4,5280221.6,25.12,0.8846508,4.3245673,0.907119870185852,0.5685705542564392,0.36808478832244873,0.6767929196357727
Bosque,356600600401033564,299438.4,5280190.7,23.4,0.76284236,2.8796666,0.8982512950897217,0.5514538288116455,0.34572404623031616,0.6477541923522949
Bosque,356600600401033565,299486.4,5280160.0,22.39,0.79694635,3.1906762,0.8875414729118347,0.6046231389045715,0.3635951280593872,0.6604902744293213
Bosque,356600600401033566,299534.3,5280129.5,22.09,0.7965945,3.1872077,0.8544602990150452,0.5354225635528564,0.29215437173843384,0.601641058921814
Bosque,356600600401033567,299582.1,5280098.9,22.73,0.89527524,4.518533,0.8877667188644409,0.558915376663208,0.33163583278656006,0.6365686058998108
Bosque,356600600401033568,299629.9,5280068.4,21.98,0.8207681,3.4407356,0.9211394190788269,0.583916425704956,0.37979844212532043,0.679636538028717
Bosque,356600600401033569,299677.7,5280037.9,23.36,0.67462254,2.2463975,0.8548704981803894,0.5244957804679871,0.3145366907119751,0.6170060634613037
Bosque,356600600401033570,299725.6,5280007.2,2.28,0.031578057,0.06417526,0.8118976950645447,0.515282392501831,0.2614895701408386,0.5601752400398254
Bosque,356600600401033571,299773.5,5279976.7,3.18,0.11051435,0.23423025,0.7111260890960693,0.4302673041820526,0.17225860059261322,0.4301851689815521
Bosque,356600600401033572,299821.4,5279946.0,3.03,0.11385455,0.24175522,0.5104890465736389,0.33129486441612244,0.20523402094841003,0.42820537090301514
Bosque,356600600401033573,299869.3,5279915.3,2.58,0.06606424,0.13669741,0.5342090129852295,0.34692227840423584,0.10873033106327057,0.30467021465301514
Bosque,356600600401033574,299917.2,5279884.7,3.63,0.15920377,0.3468263,0.5440064072608948,0.3215995132923126,0.03983451426029205,0.256780743598938
Bosque,356600600401033575,299965.1,5279854.0,2.92,0.012755109,0.025674382,0.564147412776947,0.3402744233608246,0.07067425549030304,0.26527732610702515
Bosque,356600600401033576,300012.9,5279823.4,3.4,0.100176945,0.2111195,0.5477957725524902,0.3209558427333832,0.008354314602911472,0.213433638215065
Bosque,356600600401033577,300060.8,5279792.8,2.02,0.03740046,0.07623627,0.6796664595603943,0.5098868012428284,0.16949854791164398,0.40816667675971985
Bosque,356600600401033578,300108.6,5279762.1,2.02,0.04285933,0.0876107,0.6171155571937561,0.45144400000572205,0.12405954301357269,0.33685502409935
Bosque,356600600401033579,300156.5,5279731.5,2.54,0.057319734,0.11805783,0.6139770746231079,0.39779049158096313,0.08846274018287659,0.31681427359580994
Bosque,356600600401033580,300204.5,5279700.7,3.14,0.062495388,0.12906912,0.44977903366088867,0.29119548201560974,0.024221397936344147,0.18306997418403625
Bosque,356600600401033581,300252.4,5279670.0,2.5,0.053935148,0.110889725,0.39932888746261597,0.24747832119464874,-0.01520352903753519,0.11768403649330139
Bosque,356600600401033582,300300.2,5279639.4,5.05,0.1567272,0.3409434,0.39110830426216125,0.2415183186531067,0.006427613086998463,0.15097764134407043
Bosque,356600600401033583,300348.1,5279608.8,2.73,0.09078542,0.19035253,0.23614910244941711,0.170597106218338,0.032515354454517365,0.17411315441131592
Bosque,356600600401033610,301640.4,5278780.7,16.43,0.8013274,3.234379,0.8860921859741211,0.5659031271934509,0.3300803303718567,0.6252298951148987
Bosque,356600600401033611,301688.3,5278750.0,14.6,0.82358646,3.472501,0.8408737778663635,0.4992624819278717,0.25937533378601074,0.5472940802574158
Bosque,356600600401033612,301736.1,5278719.4,2.5,0.01482096,0.029863877,0.7702316641807556,0.4558497667312622,0.17407244443893433,0.4586627781391144
Bosque,356600600401033613,301783.8,5278689.0,2.73,0.04188419,0.08557408,0.6526035070419312,0.35461553931236267,0.05279421806335449,0.3106705844402313
Bosque,356600600401033614,301831.5,5278658.5,2.32,0.053242177,0.10942528,0.5045679211616516,0.32181915640830994,0.08057805895805359,0.28033244609832764
Bosque,356600600401033615,301879.4,5278627.9,2.43,0.044789277,0.09164759,0.8398259878158569,0.49123990535736084,0.22454670071601868,0.5143682956695557
Bosque,356600600401033616,301927.4,5278597.2,3.1,0.07220475,0.149891,0.7156177163124084,0.38332435488700867,0.104096919298172,0.37630191445350647
Bosque,356600600401033617,301975.4,5278566.4,2.92,0.065263875,0.13498412,0.6351436376571655,0.3613443076610565,0.06574641168117523,0.30034303665161133
Bosque,356600600401033618,302023.5,5278535.6,3.22,0.08966869,0.18789744,0.6661710739135742,0.37851661443710327,0.08610411733388901,0.32341527938842773
Bosque,356600600401033619,302071.6,5278504.8,3.44,0.102776594,0.2169063,0.7145367860794067,0.4005710184574127,0.09125697612762451,0.3315802812576294
Bosque,356600600401033620,302119.7,5278473.9,3.18,0.105820835,0.22370408,0.6807663440704346,0.3816073536872864,0.10142317414283752,0.3492821156978607
Bosque,356600600401033621,302167.8,5278443.0,3.07,0.032745298,0.06658735,0.7041856050491333,0.40464723110198975,0.09928502142429352,0.34442687034606934
Bosque,356600800400197102,290104.9,5285138.2,9.5,0.54968065,1.5961263,0.7287547588348389,0.26949143409729004,0.10125575214624405,0.28161531686782837
Bosque,356600800400197103,290152.7,5285107.5,5.99,0.19234495,0.4272712,0.7034748792648315,0.3208886981010437,0.191537544131279,0.40079429745674133
Bosque,356600800400197104,290200.6,5285076.8,11.9,0.91271913,4.8873262,0.6670323014259338,0.2908828854560852,0.13198308646678925,0.3186977803707123
Bosque,356600800400197105,290248.6,5285046.0,9.65,0.5528405,1.6102203,0.6277943253517151,0.26270318031311035,0.054189905524253845,0.26363644003868103
Bosque,356600800400197106,290296.7,5285015.1,10.55,0.37144005,0.9288063,0.6890802383422852,0.27408039569854736,0.14912211894989014,0.3597728908061981
Bosque,356600800400197114,290679.0,5284770.2,5.5,0.28581607,0.6733091,0.8244631290435791,0.46377843618392944,0.24490989744663239,0.5346279144287109
Bosque,356600800400197115,290726.8,5284739.5,3.78,0.008069978,0.016205475,0.839347779750824,0.48852846026420593,0.2944248616695404,0.5651417970657349
Bosque,356600800400197177,293701.3,5282837.7,4.53,0.08817503,0.18461996,0.8514494299888611,0.48832792043685913,0.330501914024353,0.6020040512084961
Bosque,356600800400197178,293749.0,5282807.4,3.89,0.014943534,0.03011277,0.7642831802368164,0.4469645917415619,0.24254438281059265,0.4866548180580139
Bosque,356600800400197180,293843.5,5282747.5,8.08,0.23057821,0.524279,0.8111593127250671,0.43143004179000854,0.21182465553283691,0.5043243765830994
Bosque,356600800400197181,293891.5,5282716.9,5.16,0.13410506,0.287997,0.8752228617668152,0.5073167085647583,0.3069034516811371,0.6039835810661316
Bosque,356600800400197182,293939.4,5282686.3,8.79,0.4999662,1.3865434,0.8547152280807495,0.4718809127807617,0.2857685089111328,0.5736244916915894
Bosque,356600800400197183,293987.3,5282655.8,5.8,0.25689068,0.5938853,0.8209662437438965,0.4774007797241211,0.26530134677886963,0.5548863410949707
Bosque,356600800400197186,294132.3,5282562.9,4.34,0.007611292,0.015280847,0.7652381062507629,0.4735734760761261,0.2246425896883011,0.47618865966796875
Bosque,356600800400197187,294179.9,5282532.7,5.35,0.0922791,0.1936427,0.8063011765480042,0.4883110821247101,0.24385465681552887,0.5241166949272156
Bosque,356600800400197188,294227.8,5282502.2,12.35,0.86912656,4.072831,0.6504253149032593,0.39196813106536865,0.15026742219924927,0.38007208704948425
Bosque,356600800400197189,294276.1,5282471.2,3.29,0.077446304,0.16122358,0.7439208030700684,0.4674578905105591,0.20405533909797668,0.4500768482685089
Bosque,356600800400197190,294323.8,5282440.9,12.8,0.80156857,3.237661,0.8356961607933044,0.5573486089706421,0.2782105803489685,0.5707020163536072
Bosque,356600800400197191,294371.5,5282410.5,5.35,0.027042622,0.05483048,0.8246079087257385,0.5025006532669067,0.29991284012794495,0.5827949047088623
Bosque,356600800400197192,294419.5,5282379.8,8.01,0.39895162,1.0183535,0.7786375880241394,0.47924041748046875,0.2556854486465454,0.5276809930801392
Bosque,356600800400197194,294516.3,5282317.7,5.35,0.1726868,0.37916785,0.8153508305549622,0.48168882727622986,0.3082023859024048,0.5726282000541687
Bosque,356600800400197195,294564.3,5282287.0,4.23,0.07805307,0.16253948,0.7892739772796631,0.4519047737121582,0.2881275713443756,0.5344564318656921
Bosque,356600800400197196,294612.4,5282256.2,4.15,0.020849463,0.042140044,0.8071787357330322,0.47453513741493225,0.3223937451839447,0.5787959694862366
Bosque,356600800400197197,294660.5,5282225.3,3.96,0.029569602,0.060031764,0.5575003027915955,0.3107660710811615,0.12720635533332825,0.3183053433895111
Bosque,356600800400197198,294708.7,5282194.5,2.92,0.011875163,0.023892561,0.6542288064956665,0.36532488465309143,0.15501143038272858,0.3503042459487915
Bosque,356600800400197199,294756.8,5282163.7,4.23,0.095635474,0.20105207,0.8101273775100708,0.47900834679603577,0.282073438167572,0.5228205323219299
Bosque,356600800400197200,294804.7,5282133.0,9.58,0.93108225,5.3633127,0.8542461395263672,0.5409075617790222,0.3673291802406311,0.6409777402877808
Bosque,356600800400197210,295282.8,5281827.0,5.8,0.27564496,0.64501995,0.5818383693695068,0.3340546786785126,0.053229283541440964,0.2349284440279007
Bosque,356600800400197211,295331.0,5281796.0,3.81,0.028521528,0.05787287,0.6586347818374634,0.3910538852214813,0.1871986836194992,0.40301355719566345
Bosque,356600800400197212,295379.3,5281764.9,5.76,0.06067358,0.12518698,0.5908181667327881,0.34225934743881226,0.11442819982767105,0.31631171703338623
Bosque,356600800400197213,295427.6,5281733.9,5.27,0.21498305,0.48413974,0.6086981296539307,0.34270066022872925,0.0898975282907486,0.2835625410079956
Bosque,356600800400197214,295475.7,5281702.9,3.78,0.15366848,0.3337067,0.7539171576499939,0.4424516260623932,0.2289789468050003,0.4717380702495575
Bosque,356600800400197215,295523.8,5281672.1,3.25,0.004701661,0.009425511,0.8179428577423096,0.4945336580276489,0.30853667855262756,0.569066047668457
Bosque,356600800400197216,295571.6,5281641.4,4.04,0.04347204,0.088891774,0.8290591835975647,0.4925001561641693,0.2993578612804413,0.5863702893257141
Bosque,356600800400197219,295715.4,5281549.3,2.69,0.043462303,0.08887141,0.7108494639396667,0.38790351152420044,0.17883795499801636,0.4444161653518677
Bosque,356600800400197222,295859.4,5281457.0,3.48,0.015889954,0.03203527,0.7930516004562378,0.46448957920074463,0.2667255401611328,0.5368297100067139
Bosque,356600800400197225,296003.5,5281364.7,4.3,0.1052089,0.22233804,0.7269337177276611,0.4227067232131958,0.17864340543746948,0.44015300273895264
Bosque,356600800400197226,296051.5,5281334.0,4.19,0.021910202,0.0443079,0.7927185297012329,0.4948216676712036,0.271918922662735,0.5475420355796814
Bosque,356600800400197227,296099.5,5281303.2,4.23,0.04748984,0.09731051,0.7834872603416443,0.513505220413208,0.2807666063308716,0.5576758980751038
Bosque,356600800400197228,296147.6,5281272.5,3.93,0.025958074,0.0526023,0.7754080295562744,0.5006809830665588,0.24031570553779602,0.5215928554534912
Bosque,356600800400197230,296243.4,5281211.2,22.72,0.91400856,4.917289,0.9119871854782104,0.6423943042755127,0.41376420855522156,0.7047766447067261
Bosque,356600800400197231,296291.5,5281180.5,4.49,0.01279465,0.025754517,0.886259913444519,0.630218505859375,0.370315283536911,0.663624107837677
Bosque,356600800400197232,296339.4,5281149.8,13.14,0.93400925,5.450869,0.8690106272697449,0.5867758989334106,0.3704816997051239,0.6607111096382141
Bosque,356600800400197233,296387.6,5281118.9,13.55,0.93257105,5.407367,0.8666232228279114,0.5858640670776367,0.37151360511779785,0.659264326095581
Bosque,356600800400197234,296435.8,5281088.0,13.32,0.92509,5.195205,0.8194099068641663,0.5306308269500732,0.2978299856185913,0.5778231620788574
Bosque,356600800400197235,296484.3,5281056.9,4.11,0.0100102695,0.020121481,0.69057697057724,0.4227756857872009,0.18093162775039673,0.411861389875412
Bosque,356600800400197236,296532.3,5281026.2,2.43,0.00474977,0.009522186,0.48100852966308594,0.28110185265541077,-0.0376804880797863,0.12432803213596344
Bosque,356600800400197237,296579.9,5280995.9,4.45,0.10100978,0.21297361,0.6305099129676819,0.35054370760917664,0.051866691559553146,0.282659649848938
Bosque,356600800400197238,296627.7,5280965.4,3.4,0.0062096836,0.012458112,0.8609228134155273,0.5065377354621887,0.3013124465942383,0.5799981355667114
Bosque,356600800400197239,296675.7,5280934.7,6.73,0.31081042,0.7445764,0.7759350538253784,0.4860711693763733,0.2599031925201416,0.5271345376968384
Bosque,356600800400197240,296723.8,5280903.9,3.51,0.04512816,0.09235764,0.757800817489624,0.47634157538414,0.22927308082580566,0.499272882938385
Bosque,356600800400197241,296771.8,5280873.2,5.05,0.13418368,0.28817862,0.8143265247344971,0.5244171023368835,0.3076603412628174,0.5775047540664673
Bosque,356600800400197242,296819.7,5280842.6,11.68,0.9130881,4.895852,0.8402183651924133,0.5387406945228577,0.3212335705757141,0.598441481590271
Bosque,356600800400197246,297011.9,5280719.7,17.22,0.6476938,2.0875056,0.9012329578399658,0.5604901313781738,0.36585044860839844,0.6672518253326416
Bosque,356600800400197248,297107.4,5280658.6,20.51,0.8497587,3.7957425,0.9041587114334106,0.5975463390350342,0.4059084355831146,0.6973429918289185
Bosque,356600800400197249,297155.2,5280628.1,24.41,0.85896933,3.92274,0.9089277982711792,0.5963054299354553,0.41123539209365845,0.7039853930473328
Bosque,356600800400197250,297203.0,5280597.5,18.27,0.25013497,0.5757813,0.9127644300460815,0.5716193914413452,0.36261802911758423,0.6760845184326172
Bosque,356600800400197251,297250.8,5280567.0,3.51,0.077704415,0.16178325,0.8366305828094482,0.5480611324310303,0.27266785502433777,0.5617478489875793
Bosque,356600800400197252,297298.7,5280536.4,2.5,0.011838729,0.023818817,0.8261489868164062,0.5005708336830139,0.26733553409576416,0.5585629343986511
Bosque,356600800400197253,297346.6,5280505.7,2.84,0.019537896,0.039462812,0.630432665348053,0.387239009141922,0.16758602857589722,0.42139655351638794
Bosque,356600800400197254,297394.3,5280475.3,3.44,0.039570842,0.08075114,0.7425588369369507,0.4511886239051819,0.18756961822509766,0.4630134403705597
Bosque,356600800400197255,297442.1,5280444.7,3.85,0.052174315,0.10717118,0.7665284872055054,0.44791194796562195,0.2131527066230774,0.5027723908424377
Bosque,356600800400197256,297537.8,5280383.4,2.24,0.0042413287,0.008500708,0.788801372051239,0.4924963712692261,0.1978854238986969,0.4746253788471222
Bosque,356600800400197257,297585.4,5280353.0,3.25,0.020795159,0.042029127,0.7567153573036194,0.4413470923900604,0.16393305361270905,0.4397082030773163
Bosque,356600800400197258,297633.1,5280322.6,5.57,0.36158073,0.89766735,0.6295293569564819,0.37441349029541016,0.05081560090184212,0.2693345546722412
Bosque,356600800400197259,297680.8,5280292.1,2.39,0.0860597,0.17998527,0.384589284658432,0.22692972421646118,-0.04997815936803818,0.1072842925786972
Bosque,356600800400197260,297728.7,5280261.4,5.09,0.19045308,0.42259112,0.5951068997383118,0.35831326246261597,0.1061682179570198,0.29783889651298523
Bosque,356600800400197261,297776.8,5280230.6,2.84,0.0074323555,0.014920262,0.7066701054573059,0.4131518006324768,0.13314111530780792,0.3866122364997864
Bosque,356600800400197262,297824.6,5280199.9,3.36,0.10249325,0.21627687,0.708374559879303,0.4127328395843506,0.13689841330051422,0.39730730652809143
Bosque,356600800400197263,297872.5,5280169.3,3.63,0.13047424,0.27962744,0.7518726587295532,0.4436928331851959,0.17182689905166626,0.4487912356853485
Bosque,356600800400197264,297920.3,5280138.6,3.44,0.03221225,0.06548564,0.8251568675041199,0.5188000798225403,0.2552551329135895,0.5434864163398743
Bosque,356600800400197265,297968.2,5280107.9,2.77,0.0071326233,0.014316396,0.8800498247146606,0.5960009098052979,0.3316648006439209,0.6273461580276489
Bosque,356600800400197266,298016.2,5280077.1,2.8,0.0089602405,0.018001301,0.7701341509819031,0.48491042852401733,0.21898102760314941,0.5045986175537109
Bosque,356600800400197267,298063.8,5280046.7,3.96,0.081607446,0.17026539,0.8539308905601501,0.525520920753479,0.27067267894744873,0.5729182362556458
Bosque,356600800400197268,298111.7,5280016.0,2.8,0.03587104,0.07306128,0.8339740633964539,0.4941241443157196,0.2362249493598938,0.5318560600280762
Bosque,356600800400197275,298447.1,5279800.9,2.69,0.036431074,0.074223384,0.6021376848220825,0.34391871094703674,0.034971993416547775,0.24886730313301086
Bosque,356600800400197277,298542.9,5279739.5,2.58,0.015223237,0.030680748,0.7109187841415405,0.423441082239151,0.15364891290664673,0.40921998023986816
Bosque,356600800400197278,298590.8,5279708.8,2.95,0.044812452,0.09169648,0.8420313596725464,0.4824100732803345,0.23360300064086914,0.5093790292739868
Bosque,356600800400197279,298638.8,5279678.0,4.41,0.050811388,0.104297236,0.7262099981307983,0.41621577739715576,0.16394303739070892,0.43033626675605774
Bosque,356600800400197287,299118.5,5279370.3,3.25,0.05337029,0.10969647,0.7559831142425537,0.45331627130508423,0.1917365938425064,0.469943642616272
Bosque,356600800400197288,299166.5,5279339.5,2.84,0.011798308,0.02373701,0.7579918503761292,0.48954078555107117,0.22365802526474,0.48269885778427124
Bosque,356600800400197289,299214.6,5279308.7,2.92,0.011642672,0.023422044,0.7227752208709717,0.43203285336494446,0.13984628021717072,0.38787949085235596
Bosque,356600800400197290,299262.6,5279278.0,2.5,0.008134435,0.01633544,0.6003032326698303,0.3633759915828705,0.11075278371572495,0.34004396200180054
Bosque,356600800400197291,299310.5,5279247.3,4.11,0.104246475,0.22018786,0.5754820704460144,0.3734765946865082,0.08926240354776382,0.3198912441730499
Bosque,356600800400197292,299358.5,5279216.6,2.58,0.008765233,0.017607795,0.6861382126808167,0.3999732434749603,0.09621849656105042,0.3192361891269684
Bosque,356600800400197326,300988.5,5278176.7,3.51,0.07208374,0.14963117,0.6353853940963745,0.32716086506843567,0.005887119099497795,0.22695809602737427
Bosque,356600800400197327,301036.5,5278146.1,2.77,0.0028031585,0.005614194,0.815405547618866,0.44377756118774414,0.18161806464195251,0.46956947445869446
Bosque,356600800400197328,301084.5,5278115.6,4.19,0.11072782,0.23471281,0.8373891711235046,0.4677980840206146,0.21059542894363403,0.5017557144165039
Bosque,356600800400197329,301132.5,5278085.0,2.95,0.013682167,0.02755338,0.7904601097106934,0.42289841175079346,0.14734742045402527,0.42484867572784424
Bosque,356600800400197330,301180.6,5278054.3,5.39,0.13810164,0.2972504,0.677673876285553,0.3415193259716034,0.026824481785297394,0.2771522104740143
Bosque,356600800400197331,301228.9,5278023.4,3.25,0.04243089,0.08671596,0.6245947480201721,0.33453384041786194,0.030093034729361534,0.25604453682899475
Bosque,356600800400197334,301373.1,5277931.5,4.04,0.09334184,0.1959858,0.7547953128814697,0.40571296215057373,0.11006596684455872,0.3784685432910919
Bosque,356600800400197335,301421.2,5277900.8,4.86,0.09326343,0.19581284,0.48574817180633545,0.2712762653827667,0.054969221353530884,0.22920697927474976
Bosque,356600800400197336,301469.3,5277870.1,3.66,0.008978663,0.01803848,0.7283341288566589,0.4189215898513794,0.13340246677398682,0.3783774971961975
Bosque,356600800400197337,301517.4,5277839.4,5.42,0.14495498,0.31321847,0.6112514138221741,0.3650587499141693,0.06486856192350388,0.27295389771461487
Bosque,356600800400197338,301565.5,5277808.7,2.92,0.007266956,0.014587011,0.588200569152832,0.36461448669433594,0.10023654997348785,0.29912281036376953
Bosque,356600800400197339,301613.4,5277778.2,2.95,0.011860034,0.023861941,0.4775615334510803,0.2860904932022095,0.013241407461464405,0.17761190235614777
Bosque,356600800400197340,301661.4,5277747.6,3.4,0.075382166,0.15675351,0.4235643148422241,0.2706378400325775,0.0015678672352805734,0.15997546911239624
Bosque,356600800400197341,301709.4,5277717.0,3.03,0.026945736,0.05463133,0.5710591673851013,0.3238801062107086,0.005131869576871395,0.19239257276058197
Bosque,356600800400197342,301757.3,5277686.5,2.88,0.0074739484,0.015004072,0.6430385112762451,0.3963201940059662,0.11573832482099533,0.32627323269844055
Bosque,356600800400197343,301805.4,5277655.8,3.89,0.09476814,0.19913474,0.6718370318412781,0.39981669187545776,0.11881954222917557,0.3470684587955475
Bosque,356600800400197344,301853.4,5277625.1,2.69,0.005984995,0.012005976,0.7029271721839905,0.3805461823940277,0.08786462992429733,0.3398236334323883
Bosque,356600800400197345,301901.4,5277594.5,2.88,0.04163074,0.0850454,0.6969409584999084,0.40328535437583923,0.08479005843400955,0.3326469957828522
Bosque,356600800400197346,301949.5,5277563.8,3.7,0.070753105,0.14676507,0.6654480695724487,0.3857806622982025,0.07961739599704742,0.31189996004104614
Bosque,356600800400197347,301997.6,5277533.1,3.4,0.0032902644,0.006591385,0.7051189541816711,0.39237844944000244,0.09691490232944489,0.35161909461021423
Bosque,356600800400197348,302045.7,5277502.4,2.62,0.006000146,0.01203646,0.2788705825805664,0.16464561223983765,-0.0225701741874218,0.11441882699728012
Bosque,356600800400197349,302093.5,5277471.9,2.8,0.016708024,0.033698533,0.7127919793128967,0.40427082777023315,0.11191161721944809,0.3341297209262848
Bosque,356600800400197350,302141.6,5277441.2,4.56,0.07012022,0.14540334,0.6064640879631042,0.34733304381370544,0.03949396312236786,0.26363837718963623
Bosque,356600800400197351,302189.7,5277410.4,4.3,0.013111931,0.026397413,0.6723988056182861,0.3895987272262573,0.060984592884778976,0.29838263988494873
Bosque,356601100400191849,290125.7,5284392.5,2.13,0.008493628,0.017059851,0.814105749130249,0.5019463896751404,0.2647939920425415,0.5312506556510925
Bosque,356601100400191854,290364.8,5284239.2,6.81,0.20211414,0.45161158,0.7327650785446167,0.33620214462280273,0.2213151603937149,0.453757643699646
Bosque,356601100400191855,290412.7,5284208.5,5.61,0.2854962,0.672408,0.6546609401702881,0.3295201361179352,0.16519451141357422,0.3758961856365204
Bosque,356601100400191856,290460.6,5284177.8,4.45,0.11472702,0.24372749,0.7906715869903564,0.4174840450286865,0.24971550703048706,0.512518584728241
Bosque,356601100400191857,290508.5,5284147.0,4.04,0.01865933,0.037671432,0.8402004837989807,0.46481215953826904,0.30386894941329956,0.5748588442802429
Bosque,356601100400191858,290556.5,5284116.3,9.8,0.46212608,1.2405415,0.8510000705718994,0.442815899848938,0.31590163707733154,0.5963978171348572
Bosque,356601100400191859,290604.5,5284085.5,6.02,0.055284016,0.11374381,0.8352198004722595,0.44302549958229065,0.3297206461429596,0.5979416370391846
Bosque,356601100400191860,290652.3,5284054.8,8.31,0.32679218,0.7915072,0.8338181972503662,0.3929661810398102,0.30031225085258484,0.5645395517349243
Bosque,356601100400191861,290700.3,5284024.0,11.04,0.49445534,1.3645835,0.8423184752464294,0.41198891401290894,0.3840566873550415,0.627212405204773
Bosque,356601100400191887,291947.7,5283226.1,4.11,0.0503535,0.10333253,0.7789698839187622,0.42953628301620483,0.19026020169258118,0.4530899226665497
Bosque,356601100400191907,293003.2,5282551.4,8.98,0.32200366,0.7773276,0.7746339440345764,0.4175134301185608,0.21864402294158936,0.47948944568634033
Bosque,356601100400191908,293051.2,5282520.8,7.82,0.1885641,0.41792715,0.7936305999755859,0.4373575448989868,0.23877236247062683,0.5042988657951355
Bosque,356601100400191909,293099.2,5282490.1,6.7,0.34387827,0.84293777,0.8005077838897705,0.44561707973480225,0.26009702682495117,0.5163926482200623
Bosque,356601100400191910,293147.3,5282459.3,5.01,0.092316985,0.19372578,0.5750120878219604,0.3042643368244171,0.07349264621734619,0.2676585018634796
Bosque,356601100400191911,293195.3,5282428.6,3.59,0.15581016,0.33877352,0.5423296093940735,0.2880692183971405,0.02912825345993042,0.20772327482700348
Bosque,356601100400191912,293243.4,5282397.8,3.78,0.12642711,0.2703386,0.6735158562660217,0.3644484281539917,0.12539474666118622,0.32340914011001587
Bosque,356601100400191913,293291.3,5282367.2,5.61,0.30531305,0.7286757,0.6835910677909851,0.378223717212677,0.16400858759880066,0.35373321175575256
Bosque,356601100400191914,293339.2,5282336.7,3.63,0.08594667,0.1797376,0.5472596287727356,0.29476720094680786,0.00910189189016819,0.16247175633907318
Bosque,356601100400191915,293387.1,5282306.0,2.73,0.042435594,0.086725704,0.42523500323295593,0.2259576916694641,-0.042684055864810944,0.10223398357629776
Bosque,356601100400191916,293435.0,5282275.5,2.77,0.0870884,0.18223745,0.5303022861480713,0.2843440771102905,-0.01537430938333273,0.1428481787443161
Bosque,356601100400191917,293482.8,5282244.9,2.58,0.089803346,0.18819453,0.586668848991394,0.32296642661094666,0.029959000647068024,0.21661336719989777
Bosque,356601100400191918,293530.8,5282214.4,4.11,0.04885925,0.10018794,0.8419722318649292,0.471964031457901,0.28277015686035156,0.5479367971420288
Bosque,356601100400191919,293578.5,5282183.9,5.01,0.20341833,0.45488384,0.725945234298706,0.4198383390903473,0.24626176059246063,0.4982816278934479
Bosque,356601100400191920,293626.2,5282153.5,4.83,0.14002897,0.30172712,0.7842659950256348,0.45313093066215515,0.24652093648910522,0.5038049221038818
Bosque,356601100400191929,294055.6,5281880.1,4.26,0.062869005,0.12986691,0.8303409218788147,0.5281459093093872,0.28947651386260986,0.5807871222496033
Bosque,356601100400191930,294103.5,5281849.6,3.85,0.08384291,0.17513949,0.8435170650482178,0.5456045866012573,0.28073590993881226,0.5834337472915649
Bosque,356601100400191931,294151.6,5281818.9,4.19,0.09519511,0.20007794,0.8526838421821594,0.5510130524635315,0.2832871973514557,0.5802871584892273
Bosque,356601100400191932,294199.7,5281788.2,6.51,0.11431267,0.24279155,0.8376216888427734,0.5578335523605347,0.30624768137931824,0.5826873183250427
Bosque,356601100400191934,294296.5,5281726.2,7.3,0.32587734,0.78879035,0.4397294223308563,0.23597614467144012,0.08477404713630676,0.2441510409116745
Bosque,356601100400191935,294344.6,5281695.5,3.59,0.109858505,0.23275793,0.3897028863430023,0.2237127125263214,-0.026159511879086494,0.10048747062683105
Bosque,356601100400191936,294392.6,5281664.9,5.65,0.31852028,0.76707554,0.5902523398399353,0.33068832755088806,0.05795549601316452,0.23317527770996094
Bosque,356601100400191964,295733.8,5280806.2,9.84,0.20944451,0.4700738,0.7706909775733948,0.3844831585884094,0.23265062272548676,0.5056653618812561
Bosque,356601100400191965,295781.9,5280775.4,5.61,0.07989933,0.16654855,0.6612817049026489,0.3541051149368286,0.1771378219127655,0.3963242173194885
Bosque,356601100400191966,295830.1,5280744.4,3.22,0.005966314,0.011968388,0.8057120442390442,0.4640199840068817,0.28357192873954773,0.5606124401092529
Bosque,356601100400191967,295878.0,5280713.8,4.26,0.06248318,0.12904364,0.7219670414924622,0.4190968871116638,0.2380470633506775,0.5037357807159424
Bosque,356601100400191968,295925.8,5280683.2,10.1,0.34792823,0.85532504,0.7718936800956726,0.4100276529788971,0.2318992018699646,0.5006676912307739
Bosque,356601100400191969,295974.0,5280652.3,3.03,0.0074631236,0.014982257,0.8204867839813232,0.483916699886322,0.2801075577735901,0.5574904680252075
Bosque,356601100400191970,296022.1,5280621.5,3.18,0.008354314,0.016778855,0.8699233531951904,0.515640914440155,0.32964441180229187,0.6246382594108582
Bosque,356601100400191971,296070.0,5280590.9,4.04,0.070528656,0.14628181,0.8183518648147583,0.4905889332294464,0.281890332698822,0.5742700099945068
Bosque,356601100400191972,296117.7,5280560.4,7.63,0.41458705,1.0710773,0.7871625423431396,0.4589371681213379,0.2657277286052704,0.5459269881248474
Bosque,356601100400191973,296165.5,5280529.9,5.76,0.16392171,0.35808593,0.8401294946670532,0.49666574597358704,0.26495328545570374,0.55060875415802
Bosque,356601100400191982,296599.0,5280252.4,24.26,0.8913106,4.4455237,0.8892920017242432,0.5937015414237976,0.3504544496536255,0.6500938534736633
Bosque,356601100400191986,296790.7,5280129.9,4.97,0.1532254,0.33265856,0.8081720471382141,0.5217921137809753,0.24401919543743134,0.5403584837913513
Bosque,356601100400191987,296838.5,5280099.4,3.59,0.053452834,0.10987075,0.8096326589584351,0.5039336681365967,0.240652933716774,0.5354254841804504
Bosque,356601100400191988,296886.1,5280069.1,3.1,0.086990684,0.18202338,0.869316816329956,0.5413114428520203,0.26750579476356506,0.566864550113678
Bosque,356601100400191989,296934.2,5280038.4,4.34,0.052639507,0.10815292,0.7687670588493347,0.43932774662971497,0.1821862906217575,0.46994176506996155
Bosque,356601100400191990,296982.4,5280007.5,4.08,0.004817052,0.009657396,0.8278106451034546,0.47366300225257874,0.21730297803878784,0.5127356052398682
Bosque,356601100400191997,297318.5,5279792.3,2.54,0.0026424371,0.005291873,0.7366641163825989,0.45056581497192383,0.18673647940158844,0.4570580720901489
Bosque,356601100400192061,300385.4,5277829.6,6.25,0.12637846,0.2702272,0.6863414645195007,0.39503368735313416,0.11490350216627121,0.33111971616744995
Bosque,356601100400192062,300433.7,5277798.6,3.96,0.0044864845,0.008993169,0.7555239200592041,0.44243669509887695,0.1568315625190735,0.42915499210357666
Bosque,356601100400192063,300482.0,5277767.8,4.6,0.003416969,0.006845647,0.6161718964576721,0.3496193587779999,0.07178764790296555,0.2925781011581421
Bosque,356601100400192064,300530.3,5277736.9,6.47,0.20254984,0.4527042,0.6145249605178833,0.3550131618976593,0.09741698950529099,0.30984073877334595
Bosque,356601100400192065,300578.7,5277706.0,3.48,0.0060873213,0.012211871,0.3078872859477997,0.16192707419395447,-0.0965476855635643,0.014069812372326851
Bosque,356601100400192066,300626.9,5277675.2,3.18,0.0024655221,0.0049371365,0.5722553730010986,0.32223206758499146,0.07457470148801804,0.23772256076335907
Bosque,356601100400192067,300674.9,5277644.6,3.78,0.035793222,0.072899796,0.3598891794681549,0.20044675469398499,0.006011826917529106,0.1684776395559311
Bosque,356601100400192068,300723.0,5277613.9,2.65,0.013712545,0.027614972,0.26866984367370605,0.15067726373672485,-0.06817975640296936,0.02477182075381279
Bosque,356601100400192069,300771.1,5277583.3,2.17,0.007812646,0.015686685,0.253356009721756,0.13664263486862183,-0.09622883051633835,-0.006851810030639172
Bosque,356601100400192070,300819.0,5277552.8,7.78,0.26269457,0.6095663,0.4900420606136322,0.2701621651649475,-0.040304724127054214,0.12120211124420166
Bosque,356601100400192071,300866.8,5277522.4,18.01,0.6271687,1.9740711,0.8597629070281982,0.4775707423686981,0.2603037655353546,0.5356547236442566
Bosque,356601100400192072,300914.6,5277492.0,19.43,0.6743622,2.2450476,0.8357217311859131,0.44610077142715454,0.2543463706970215,0.5362401008605957
Bosque,356601100400192073,300962.5,5277461.5,18.27,0.66084135,2.1635876,0.6947646737098694,0.401117205619812,0.18173199892044067,0.4508401155471802
Bosque,356601100400192074,301010.4,5277431.0,3.66,0.120333485,0.25643483,0.8273956775665283,0.43407130241394043,0.21942690014839172,0.5069215893745422
Bosque,356601100400192078,301202.3,5277308.8,3.59,0.06081749,0.12549326,0.3984942138195038,0.24662552773952484,0.008587677031755447,0.15903080999851227
Bosque,356601100400192079,301250.2,5277278.3,3.18,0.030221699,0.061376132,0.4111591875553131,0.2505740523338318,0.004792841151356697,0.15813350677490234
Bosque,356601100400192080,301298.2,5277247.7,3.29,0.10155437,0.21418512,0.3994268774986267,0.2373729795217514,-0.011039789766073227,0.1465292125940323
Bosque,356601100400192081,301346.2,5277217.1,2.77,0.0087764,0.017630324,0.6253719925880432,0.35863229632377625,0.07377637922763824,0.2720142900943756
Bosque,356601100400192082,301394.2,5277186.6,3.7,0.06338677,0.13097227,0.7312726378440857,0.39687129855155945,0.1467752456665039,0.3964637815952301
Bosque,356601100400192083,301442.2,5277156.0,4.75,0.16907296,0.3704479,0.5591491460800171,0.33375975489616394,0.06299947947263718,0.2564394474029541
Bosque,356601100400192084,301490.2,5277125.4,2.43,0.008056228,0.016177747,0.3321931064128876,0.18947730958461761,-0.03839367628097534,0.08366575837135315
Bosque,356601100400192085,301538.0,5277094.9,2.54,0.016890539,0.03406979,0.5102506279945374,0.2981392443180084,0.036990974098443985,0.20943786203861237
Bosque,356601100400192086,301585.9,5277064.5,4.49,0.19779469,0.440812,0.33031004667282104,0.22034583985805511,0.006212258245795965,0.11072048544883728
Bosque,356601100400192087,301633.7,5277034.0,8.53,0.31514806,0.75720054,0.6495636105537415,0.3904739022254944,0.09824183583259583,0.32887786626815796
Bosque,356601100400192088,301681.8,5277003.4,3.85,0.08363886,0.17469406,0.6289954781532288,0.3588201701641083,0.04827020689845085,0.2687089443206787
Bosque,356601100400192089,301729.9,5276972.6,2.99,0.007537584,0.015132303,0.6770651340484619,0.38534072041511536,0.09286307543516159,0.334806352853775
Bosque,356601100400192090,301778.0,5276942.0,10.37,0.3192784,0.76930225,0.20885521173477173,0.1204613447189331,-0.0026583389844745398,0.10696876049041748
Bosque,356601100400192091,301825.7,5276911.6,4.9,0.15382358,0.33407205,0.5314880609512329,0.29433169960975647,0.051282890141010284,0.18724998831748962
Bosque,356601100400192092,301873.6,5276881.1,11.75,0.16631472,0.36381915,0.848678708076477,0.5184181332588196,0.29029321670532227,0.5623633861541748
Bosque,356601100400192093,301921.7,5276850.4,2.99,0.037613697,0.07667956,0.6740879416465759,0.3964989185333252,0.10231611132621765,0.34756845235824585
Bosque,356601100400192094,301969.7,5276819.8,2.54,0.03237865,0.065829515,0.3412055969238281,0.21876421570777893,0.00689703831449151,0.1597619503736496
Bosque,356601100400192095,302017.6,5276789.2,2.54,0.018880915,0.038123086,0.5273568630218506,0.30900871753692627,0.04123742878437042,0.23838673532009125
Bosque,356601100400192096,302065.6,5276758.5,2.54,0.0066744275,0.013393628,0.6466076970100403,0.3677394688129425,0.049380943179130554,0.27061888575553894
Bosque,356601100400192097,302113.7,5276727.9,4.45,0.034875717,0.07099753,0.6196171641349792,0.3588326573371887,0.04471619799733162,0.27099213004112244
Bosque,356601100400192098,302161.8,5276697.1,2.24,0.007812842,0.01568708,0.40538322925567627,0.24639500677585602,-0.0033575696870684624,0.171174556016922
Estepa,332030300400193455,332958.4,5269088.4,2.39,0.059561443,0.12282118,0.16540458798408508,0.08084717392921448,-0.25858545303344727,-0.2199278473854065
Estepa,332030300400193460,333196.9,5268934.9,3.85,0.16380937,0.3578261,0.15456749498844147,0.07729233801364899,-0.26028525829315186,-0.22297440469264984
Estepa,332030500400193388,331174.8,5269183.6,1.94,0.0248217,0.05027062,0.16835951805114746,0.08068104088306427,-0.2641638219356537,-0.2239239513874054
Estepa,332030500400193389,331222.4,5269153.0,1.98,0.01925281,0.038881544,0.1741863638162613,0.0888378843665123,-0.23114241659641266,-0.19642525911331177
Estepa,332030500400193390,331270.0,5269122.4,2.13,0.023119103,0.0467817,0.1765291690826416,0.09140517562627792,-0.21488255262374878,-0.17306819558143616
Estepa,332030500400193391,331317.3,5269092.0,2.5,0.024026806,0.048640985,0.1966596245765686,0.1029905304312706,-0.20474058389663696,-0.14688041806221008
Estepa,332030500400193392,331365.0,5269061.3,2.61,0.011724527,0.02358776,0.11662403494119644,0.08049464225769043,-0.09751535952091217,-0.033091362565755844
Estepa,332030500400193393,331412.3,5269030.9,2.13,0.03964041,0.08089685,0.4025968313217163,0.25433772802352905,-0.04326881840825081,0.13648460805416107
Estepa,332030500400193394,331460.3,5269000.0,4.82,0.123934545,0.26464948,0.2315804660320282,0.12173411250114441,-0.1885157823562622,-0.0741639956831932
Estepa,332030500400193395,331508.7,5268969.0,4.0,0.13530613,0.2907844,0.1963169425725937,0.10154440999031067,-0.22213156521320343,-0.14234723150730133
Estepa,332030500400193396,331556.8,5268938.1,2.05,0.048370536,0.099161886,0.17993643879890442,0.09425283223390579,-0.2164505422115326,-0.16799421608448029
Estepa,332030500400193397,331604.7,5268907.4,2.24,0.023779448,0.04813414,0.1882382035255432,0.08769849687814713,-0.27320677042007446,-0.22434793412685394
Estepa,332030500400193398,331652.5,5268876.7,2.17,0.021203417,0.042863395,0.20460985600948334,0.1054815948009491,-0.22019369900226593,-0.1637400984764099
Estepa,332030500400193399,331700.6,5268845.7,3.59,0.03391055,0.06899905,0.1486092209815979,0.08339231461286545,-0.17504654824733734,-0.1154000461101532
Estepa,332030500400193400,331748.4,5268815.0,7.63,0.5850442,1.760357,0.10187743604183197,0.062230128794908524,-0.07775263488292694,-0.0095508499071002
Estepa,332030500400193401,331796.5,5268784.1,2.2,0.022256665,0.04501674,0.153007373213768,0.07892750203609467,-0.21519547700881958,-0.15741634368896484
Estepa,332030500400193402,331844.3,5268753.4,2.05,0.035417728,0.07212178,0.17975963652133942,0.08860883116722107,-0.23100726306438446,-0.17976775765419006
Estepa,332030500400193403,331892.2,5268722.7,2.28,0.05166883,0.106106214,0.20423099398612976,0.09793820977210999,-0.2393736094236374,-0.1937001496553421
Estepa,332030500400193404,331940.0,5268691.9,2.17,0.02053551,0.04149908,0.15933948755264282,0.08062612265348434,-0.22490817308425903,-0.18417268991470337
Estepa,332030500400193405,331987.8,5268661.2,1.98,0.00704131,0.01413249,0.15661026537418365,0.08069565892219543,-0.21823854744434357,-0.18252258002758026
Estepa,332030500400193406,332035.4,5268630.6,2.65,0.08900868,0.18645388,0.1597391664981842,0.07934759557247162,-0.23422127962112427,-0.20254787802696228
Estepa,332030500400193407,332083.4,5268599.9,2.05,0.049924288,0.102430195,0.17143918573856354,0.0881853848695755,-0.20885580778121948,-0.16892676055431366
Estepa,332030500400193408,332131.1,5268569.2,2.02,0.025964148,0.052615117,0.1695643812417984,0.08662890642881393,-0.2144983410835266,-0.18072393536567688
Estepa,332030500400193409,332178.9,5268538.5,2.02,0.032654773,0.06640093,0.17262619733810425,0.08671334385871887,-0.2299530804157257,-0.19589826464653015
Estepa,332030500400193410,332226.7,5268507.8,2.17,0.036307838,0.0739683,0.20563863217830658,0.10748403519392014,-0.2436932772397995,-0.1806887984275818
Estepa,332030500400193411,332274.7,5268477.0,3.33,0.116496325,0.2477376,0.15941454470157623,0.08022140711545944,-0.28568992018699646,-0.22532881796360016
Estepa,332030500400193412,332322.6,5268446.2,2.2,0.060242355,0.12427094,0.14621828496456146,0.07379433512687683,-0.23198658227920532,-0.19830761849880219
Estepa,332030500400193413,332370.6,5268415.4,2.28,0.049856838,0.1022882,0.1786375790834427,0.08580219000577927,-0.26073920726776123,-0.21471811830997467
Estepa,332030500400193414,332418.4,5268384.7,2.2,0.0546279,0.112356946,0.19105565547943115,0.09077677875757217,-0.25166401267051697,-0.2023422122001648
Estepa,332030500400193415,332466.1,5268354.0,2.2,0.0389467,0.079452604,0.20223553478717804,0.09858599305152893,-0.25229915976524353,-0.20122317969799042
Estepa,332030500400193416,332514.2,5268323.1,2.5,0.009276841,0.018640375,0.15183919668197632,0.07864900678396225,-0.23218366503715515,-0.18358060717582703
Estepa,332030500400193417,332562.0,5268292.5,2.43,0.07707107,0.1604135,0.17630256712436676,0.08484509587287903,-0.2635962665081024,-0.22396819293498993
Estepa,332030500400193418,332609.9,5268261.7,2.32,0.026564838,0.05384894,0.16880366206169128,0.08135835081338882,-0.2741038203239441,-0.23561644554138184
Estepa,332030500400193419,332657.8,5268230.9,5.8,0.2266042,0.5140095,0.1812973916530609,0.08761530369520187,-0.2936233580112457,-0.22123076021671295
Estepa,332030500400193421,332754.8,5268168.7,2.54,0.01269961,0.025562061,0.11987928301095963,0.07071061432361603,-0.20634104311466217,-0.1449926793575287
Estepa,332030500400193422,332802.3,5268138.2,3.92,0.009992208,0.020085046,0.1842590868473053,0.0908006802201271,-0.23069365322589874,-0.15663713216781616
Estepa,332030500400193423,332849.5,5268107.8,4.52,0.1557541,0.338657,0.19004827737808228,0.09421461820602417,-0.22610953450202942,-0.1527266949415207
Estepa,332030500400193424,332897.2,5268077.2,2.99,0.107491344,0.2274532,0.17034050822257996,0.0860811322927475,-0.23195889592170715,-0.17532840371131897
Estepa,332030500400193425,332945.1,5268046.4,2.09,0.018572576,0.03749482,0.15119816362857819,0.07652363181114197,-0.23548153042793274,-0.19146865606307983
Estepa,332030500400193426,332992.7,5268015.9,2.8,0.075855896,0.15778169,0.17513816058635712,0.08687172830104828,-0.24570107460021973,-0.19821257889270782
Estepa,332030500400193427,333040.5,5267985.2,2.58,0.07126728,0.14787486,0.1797538846731186,0.09148861467838287,-0.23498593270778656,-0.16185423731803894
Estepa,332030500400193428,333088.5,5267954.4,2.65,0.08232561,0.1718338,0.14413638412952423,0.07121537625789642,-0.2465481460094452,-0.19339953362941742
Estepa,332030500400193429,333136.2,5267923.7,2.73,0.0047691637,0.00956117,0.16448572278022766,0.08539438247680664,-0.21691900491714478,-0.1745366007089615
Estepa,332030500400193430,333184.0,5267893.0,2.84,0.08000396,0.16677985,0.15821021795272827,0.08327840268611908,-0.23373691737651825,-0.18372374773025513
Estepa,332030500400193431,333232.0,5267862.2,6.58,0.30234262,0.72021884,0.14396986365318298,0.07606695592403412,-0.2437833696603775,-0.19940197467803955
Estepa,332030500400193432,333280.3,5267831.2,3.85,0.08723538,0.18256412,0.14290112257003784,0.07434907555580139,-0.2409065067768097,-0.20150329172611237
Estepa,332030500400193433,333328.5,5267800.3,2.05,0.018692626,0.037739486,0.13449889421463013,0.06781457364559174,-0.2671065032482147,-0.2198243886232376
Estepa,332030500400193434,333376.2,5267769.7,2.65,0.08307956,0.17347784,0.17090074717998505,0.08635501563549042,-0.24631820619106293,-0.1910637617111206
Estepa,332030500400193435,333423.8,5267739.1,3.03,0.02233926,0.0451857,0.1846272349357605,0.09438949078321457,-0.2350803166627884,-0.1807853877544403
Estepa,332030500400193436,333471.4,5267708.5,2.76,0.077416874,0.16116306,0.17941388487815857,0.09430617839097977,-0.22608518600463867,-0.17091502249240875
Estepa,332030500400193437,333519.1,5267677.9,2.46,0.06355275,0.13132912,0.1824328601360321,0.09415598958730698,-0.2299550175666809,-0.17419414222240448
Estepa,332030500400193438,333566.8,5267647.2,2.65,0.051605955,0.105973616,0.18350237607955933,0.0941096842288971,-0.23162773251533508,-0.18069042265415192
Estepa,332030500400193439,333614.4,5267616.6,2.35,0.03863918,0.078812726,0.1812354177236557,0.09094847738742828,-0.23597484827041626,-0.19072604179382324
Estepa,332030500400193440,333662.0,5267586.0,2.13,0.045394726,0.09291716,0.20435290038585663,0.10310851782560349,-0.23821806907653809,-0.18005263805389404
Estepa,332030500400193441,333709.7,5267555.4,2.05,0.025097042,0.05083542,0.21447250247001648,0.10877902060747147,-0.2446519285440445,-0.1882759928703308
Estepa,332030500400193442,333757.4,5267524.7,3.7,0.12801342,0.2739845,0.184138685464859,0.09129387140274048,-0.2612408697605133,-0.210450679063797
Estepa,332030500400193443,333805.4,5267493.9,2.09,0.049170617,0.10084418,0.14904123544692993,0.07260901480913162,-0.2817964255809784,-0.2542635500431061
Estepa,332030500400193444,333853.2,5267463.2,2.09,0.036375333,0.07410838,0.17831318080425262,0.08626390993595123,-0.2528105080127716,-0.20838017761707306
Estepa,332030500400193445,333900.9,5267432.5,2.54,0.0493748,0.10127373,0.18565969169139862,0.09356873482465744,-0.22390781342983246,-0.17329590022563934
Estepa,332030500400193446,333948.6,5267401.8,2.84,0.050576854,0.10380446,0.18215368688106537,0.09058341383934021,-0.23531025648117065,-0.19190067052841187
Estepa,332030500400193447,333996.4,5267371.1,3.44,0.058391556,0.12033565,0.1742023378610611,0.08841021358966827,-0.2312970757484436,-0.18101948499679565
Estepa,332030500400193448,334044.2,5267340.3,4.15,0.106123924,0.22439092,0.14999541640281677,0.0794910341501236,-0.20657140016555786,-0.16327059268951416
Estepa,332030500400193449,334092.0,5267309.6,3.7,0.059040044,0.12171362,0.14926573634147644,0.0796661451458931,-0.2030477374792099,-0.16695153713226318
Estepa,332030600401033899,330026.2,5269175.2,2.05,0.0057914443,0.011616596,0.23864251375198364,0.11583675444126129,-0.2335897535085678,-0.17746439576148987
Estepa,332030600401033900,330073.9,5269144.5,2.8,0.048238818,0.09888496,0.22323407232761383,0.10400351881980896,-0.26729121804237366,-0.2120002657175064
Estepa,332030600401033901,330121.6,5269113.8,2.32,0.03775001,0.07696361,0.22195178270339966,0.10933531820774078,-0.24612835049629211,-0.1794878989458084
Estepa,332030600401033902,330169.5,5269083.0,2.09,0.030939898,0.062858365,0.2382822036743164,0.1323414444923401,-0.19950181245803833,-0.11932151764631271
Estepa,332030600401033903,330216.8,5269052.5,2.46,0.028500302,0.057829555,0.23816782236099243,0.11868088692426682,-0.22994095087051392,-0.17053283751010895
Estepa,332030600401033904,330264.2,5269022.0,2.32,0.04806776,0.09852552,0.24317778646945953,0.1165616512298584,-0.2371971607208252,-0.18036337196826935
Estepa,332030600401033905,330311.7,5268991.4,2.24,0.036847323,0.07508822,0.22274285554885864,0.11006146669387817,-0.23348747193813324,-0.18056637048721313
Estepa,332030600401033906,330359.2,5268960.8,2.02,0.027532775,0.055838663,0.2134094387292862,0.10795733332633972,-0.2307717502117157,-0.18188230693340302
Estepa,332030600401033907,330406.7,5268930.2,1.94,0.025593761,0.051854692,0.20615559816360474,0.10074197500944138,-0.2565072476863861,-0.2061786949634552
Estepa,332030600401033908,330454.3,5268899.6,2.32,0.076965064,0.16018352,0.20465928316116333,0.10503283888101578,-0.2345004677772522,-0.1729210764169693
Estepa,332030600401033909,330501.8,5268869.0,2.09,0.04041368,0.08250788,0.22987280786037445,0.11608719825744629,-0.23809459805488586,-0.1743413805961609
Estepa,332030600401033910,330549.4,5268838.4,2.24,0.04443085,0.09089856,0.20367400348186493,0.10878784954547882,-0.22394773364067078,-0.16756245493888855
Estepa,332030600401033911,330597.0,5268807.7,2.05,0.02264438,0.045809977,0.1814430058002472,0.09842388331890106,-0.20595255494117737,-0.15572607517242432
Estepa,332030600401033912,330644.6,5268777.1,2.09,0.025481924,0.05162515,0.19677260518074036,0.10263273119926453,-0.2189633548259735,-0.17184032499790192
Estepa,332030600401033913,330692.2,5268746.5,2.2,0.018331602,0.037003793,0.22070848941802979,0.10622874647378922,-0.2639489471912384,-0.2126617580652237
Estepa,332030600401033914,330739.7,5268715.9,2.35,0.016310254,0.032889754,0.21525801718235016,0.10410109162330627,-0.2656036615371704,-0.19519026577472687
Estepa,332030600401033915,330787.3,5268685.3,2.73,0.10953158,0.23203044,0.20641803741455078,0.10114597529172897,-0.2476937174797058,-0.17621712386608124
Estepa,332030600401033916,330834.8,5268654.7,2.99,0.07051646,0.1462583,0.1800501048564911,0.10197670757770538,-0.16781975328922272,-0.09515294432640076
Estepa,332030600401033917,330882.3,5268624.1,2.91,0.089223176,0.18692455,0.18046709895133972,0.10924391448497772,-0.16957241296768188,-0.08186031877994537
Estepa,332030600401033918,330929.7,5268593.6,2.24,0.0569485,0.11727257,0.1097826212644577,0.07681754231452942,-0.11262580007314682,-0.02882961742579937
Estepa,332030600401033919,330977.7,5268562.7,2.58,0.048181083,0.09876364,0.16094805300235748,0.08521881699562073,-0.23177875578403473,-0.1643703728914261
Estepa,332030600401033920,331025.7,5268531.9,2.46,0.07581627,0.1576957,0.1880284547805786,0.09386661648750305,-0.25442054867744446,-0.20206665992736816
Estepa,332030600401033921,331073.7,5268501.1,2.88,0.0989683,0.20844184,0.18978562951087952,0.09120969474315643,-0.26503536105155945,-0.20232269167900085
Estepa,332030600401033922,331121.9,5268470.2,2.17,0.021253083,0.042964865,0.1766470968723297,0.08497235924005508,-0.25494033098220825,-0.20342405140399933
Estepa,332030600401033923,331169.6,5268439.5,2.28,0.05916561,0.12198041,0.18355907499790192,0.09899041801691055,-0.2246023267507553,-0.19188731908798218
Estepa,332030600401033924,331217.7,5268408.6,2.46,0.04556806,0.09328028,0.18288739025592804,0.08616897463798523,-0.24961082637310028,-0.19905564188957214
Estepa,332030600401033925,331265.5,5268377.9,2.35,0.04608647,0.09436695,0.1962844878435135,0.09234180301427841,-0.2611605226993561,-0.21690680086612701
Estepa,332030600401033926,331313.3,5268347.1,2.69,0.08562828,0.17904513,0.21988707780838013,0.11378436535596848,-0.19426128268241882,-0.14308111369609833
Estepa,332030600401033927,331361.3,5268316.3,2.17,0.048982278,0.10044794,0.21034854650497437,0.10693644732236862,-0.20708830654621124,-0.16000738739967346
Estepa,332030600401033928,331409.2,5268285.5,2.17,0.032861356,0.06682806,0.2237771898508072,0.10729828476905823,-0.24048656225204468,-0.18756873905658722
Estepa,332030600401033930,331505.0,5268224.0,2.61,0.08800035,0.18424082,0.17725861072540283,0.09009149670600891,-0.23015540838241577,-0.16232874989509583
Estepa,332030600401033931,331552.9,5268193.3,2.02,0.043056887,0.08802479,0.1910480558872223,0.09308788180351257,-0.26017147302627563,-0.19366690516471863
Estepa,332030600401033932,331600.6,5268162.6,2.35,0.060569808,0.12496784,0.18889977037906647,0.09794260561466217,-0.22158144414424896,-0.16598308086395264
Estepa,332030600401033933,331648.6,5268131.8,2.2,0.028161027,0.057131197,0.19902271032333374,0.10095952451229095,-0.21679754555225372,-0.1652226597070694
Estepa,332030600401033934,331696.4,5268101.1,2.24,0.069245756,0.14352572,0.16827315092086792,0.08545801788568497,-0.22894422709941864,-0.1870289444923401
Estepa,332030600401033935,331744.2,5268070.3,2.2,0.045843996,0.093858615,0.18277087807655334,0.09470907598733902,-0.2219054400920868,-0.17116595804691315
Estepa,332030600401033936,331792.1,5268039.6,2.17,0.02723127,0.05521866,0.16834498941898346,0.08667042851448059,-0.2226666659116745,-0.18201734125614166
Estepa,332030600401033937,331840.0,5268008.8,2.39,0.08549861,0.1787615,0.16013795137405396,0.08261291682720184,-0.2305161952972412,-0.18923315405845642
Estepa,332030600401033938,331888.1,5267978.0,3.4,0.12934951,0.2770511,0.17471933364868164,0.08610040694475174,-0.24300891160964966,-0.1914505660533905
Estepa,332030600401033939,331936.1,5267947.1,1.98,0.018769238,0.037895624,0.15642783045768738,0.07908403128385544,-0.2370411604642868,-0.18417766690254211
Estepa,332030600401033940,331984.0,5267916.4,2.2,0.049189657,0.10088413,0.14216557145118713,0.0719447061419487,-0.20890672504901886,-0.16383442282676697
Estepa,332030600401033941,332031.8,5267885.7,2.24,0.039502837,0.08061028,0.15049846470355988,0.07684580236673355,-0.20905058085918427,-0.16258946061134338
Estepa,332030600401033942,332079.8,5267854.8,3.21,0.10668508,0.22564653,0.14753426611423492,0.07666967064142227,-0.19987048208713531,-0.15356452763080597
Estepa,332030600401033943,332128.1,5267823.9,5.5,0.23811466,0.5440063,0.14047040045261383,0.07651569694280624,-0.20867906510829926,-0.16093860566616058
Estepa,332030600401033944,332176.0,5267793.1,4.93,0.11377987,0.24159627,0.15732648968696594,0.08400984108448029,-0.19293272495269775,-0.13628073036670685
Estepa,332030600401033945,332224.1,5267762.2,2.69,0.025936713,0.052558757,0.14794081449508667,0.08190395683050156,-0.17974604666233063,-0.10834696888923645
Estepa,332030600401033946,332271.7,5267731.7,3.4,0.1346081,0.2891694,0.1925898790359497,0.10205960273742676,-0.24318629503250122,-0.16452272236347198
Estepa,332030600401033947,332319.9,5267700.7,2.73,0.023904782,0.048390914,0.14843253791332245,0.08410145342350006,-0.17521816492080688,-0.10698962956666946
Estepa,332030600401033948,332367.9,5267669.9,2.69,0.04143566,0.084639154,0.15324053168296814,0.07615883648395538,-0.24392226338386536,-0.18968923389911652
Estepa,332030600401033949,332415.5,5267639.3,2.2,0.031977955,0.06500199,0.18751655519008636,0.0952034443616867,-0.21782182157039642,-0.1564909666776657
Estepa,332030600401033950,332463.3,5267608.6,2.32,0.03635325,0.07406249,0.14344333112239838,0.07834845036268234,-0.1981929987668991,-0.143210768699646
Estepa,332030600401033953,332608.6,5267515.5,2.73,0.012773107,0.025710948,0.15200753509998322,0.08620880544185638,-0.1974746286869049,-0.13534440100193024
Estepa,332030600401033954,332656.1,5267484.9,4.11,0.021986822,0.044464808,0.18188510835170746,0.1019338071346283,-0.18586093187332153,-0.1183173805475235
Estepa,332030600401033958,332845.3,5267363.2,2.84,0.019387946,0.03915713,0.19871030747890472,0.11439573764801025,-0.18941040337085724,-0.11202878504991531
Estepa,332030600401033959,332892.9,5267332.6,2.76,0.07219912,0.14988253,0.17683720588684082,0.09869161248207092,-0.198504239320755,-0.1371942162513733
Estepa,332030600401033960,332940.6,5267302.0,2.28,0.01931683,0.03901209,0.17827102541923523,0.09704696387052536,-0.20301350951194763,-0.14378441870212555
Estepa,332030600401033961,332988.2,5267271.4,2.2,0.03762238,0.076698355,0.1788199543952942,0.09658671170473099,-0.203433558344841,-0.14508597552776337
Estepa,332030600401033962,333227.0,5267118.1,2.39,0.026362896,0.053434037,0.15275771915912628,0.0846150740981102,-0.19998551905155182,-0.1506676971912384
Estepa,332030600401033963,333274.5,5267087.5,2.91,0.04285351,0.087599754,0.17194992303848267,0.1008838564157486,-0.1802854835987091,-0.12082135677337646
Estepa,332030600401033964,333322.1,5267056.9,2.95,0.08769359,0.18356813,0.1780645251274109,0.10578662157058716,-0.1791280061006546,-0.11052412539720535
Estepa,332030600401033965,333369.9,5267026.2,2.65,0.049381655,0.10128806,0.16401201486587524,0.09748939424753189,-0.1759989857673645,-0.11337582021951675
Estepa,332030600401033966,333417.7,5266995.5,2.39,0.0461279,0.09445382,0.15556569397449493,0.09055668860673904,-0.18064647912979126,-0.12014823406934738
Estepa,332030600401033967,333465.6,5266964.8,2.65,0.06614371,0.13687062,0.15002071857452393,0.08614885807037354,-0.1870744228363037,-0.13096071779727936
Estepa,332030600401033968,333513.4,5266934.1,2.91,0.044889763,0.09185935,0.16023090481758118,0.08985554426908493,-0.19837301969528198,-0.14010272920131683
Estepa,332030600401033969,333561.1,5266903.4,3.63,0.11177253,0.23707065,0.1591516137123108,0.08770699054002762,-0.199080228805542,-0.14155875146389008
Estepa,332030600401033970,333608.5,5266872.9,2.5,0.064160526,0.1326275,0.22624267637729645,0.13203123211860657,-0.16226190328598022,-0.0885608047246933
Estepa,332030600401033971,333656.6,5266842.1,3.06,0.051541895,0.1058384,0.1275785267353058,0.07043233513832092,-0.19713349640369415,-0.13389486074447632
Estepa,332030600401033972,333704.4,5266811.3,3.63,0.13519672,0.2905304,0.1549360454082489,0.08383531123399734,-0.1970159411430359,-0.14163440465927124
Estepa,332030600401033973,333752.1,5266780.7,2.84,0.07073912,0.14673749,0.1721540093421936,0.09835290163755417,-0.18960875272750854,-0.12302502244710922
Estepa,332030600401033974,333799.9,5266750.0,3.21,0.09487574,0.1993772,0.1678408980369568,0.09793855249881744,-0.19273480772972107,-0.12532387673854828
Estepa,332030600401033975,333847.6,5266719.3,2.99,0.04886564,0.10020265,0.18855424225330353,0.10981522500514984,-0.18832431733608246,-0.11396658420562744
Estepa,332030600401033976,333895.2,5266688.7,2.65,0.060380317,0.12456445,0.1939171403646469,0.11571860313415527,-0.1724860668182373,-0.09873682260513306
Estepa,332030600401033977,333942.9,5266658.0,2.84,0.06276947,0.12965664,0.16754750907421112,0.10181788355112076,-0.178092822432518,-0.11358129978179932
Estepa,332030600401033978,333990.5,5266627.4,2.65,0.06222079,0.12848604,0.18076151609420776,0.10665366053581238,-0.19726839661598206,-0.12979626655578613
Estepa,332030600401033979,334038.1,5266596.7,2.54,0.0465978,0.09543937,0.17238886654376984,0.09991198033094406,-0.20177653431892395,-0.1406092643737793
Estepa,332030600401033980,334085.8,5266566.1,2.61,0.10072759,0.21235119,0.16651636362075806,0.09382642060518265,-0.19854508340358734,-0.14048072695732117
Estepa,332030800400198137,328393.4,5269190.8,3.89,0.16896977,0.37022895,0.5282920002937317,0.3170672357082367,0.006901310291141272,0.14246626198291779
Estepa,332030800400198138,328441.2,5269160.1,2.46,0.0058401353,0.011714559,0.5194768905639648,0.33570775389671326,0.04491366446018219,0.2405744194984436
Estepa,332030800400198139,328489.0,5269129.3,4.33,0.12373606,0.26420125,0.6151206493377686,0.42352887988090515,0.12604546546936035,0.34161001443862915
Estepa,332030800400198140,328536.9,5269098.5,2.84,0.048556186,0.099552795,0.34914231300354004,0.21430808305740356,-0.12284917384386063,0.028050120919942856
Estepa,332030800400198141,328584.7,5269067.8,3.1,0.047521986,0.097379856,0.3367801010608673,0.2109852135181427,-0.14958713948726654,0.0035006527323275805
Estepa,332030800400198142,328632.7,5269037.0,2.65,0.036027376,0.07338666,0.2784409523010254,0.1431172788143158,-0.20604020357131958,-0.11447041481733322
Estepa,332030800400198143,328680.6,5269006.2,2.95,0.009194137,0.018473446,0.22118383646011353,0.12025169283151627,-0.16668802499771118,-0.09315016865730286
Estepa,332030800400198144,328728.4,5268975.5,2.39,0.043696392,0.08936249,0.23659974336624146,0.12482593953609467,-0.19245344400405884,-0.1307496428489685
Estepa,332030800400198145,328776.3,5268944.8,2.73,0.06577161,0.13607527,0.221376433968544,0.11151544004678726,-0.2219565212726593,-0.14964541792869568
Estepa,332030800400198146,328824.1,5268914.0,5.27,0.1932908,0.42965308,0.2503739595413208,0.13127128779888153,-0.2161453515291214,-0.13111868500709534
Estepa,332030800400198147,328872.3,5268883.1,4.6,0.054243244,0.111544155,0.20878155529499054,0.11582475155591965,-0.21457208693027496,-0.12187610566616058
Estepa,332030800400198148,328920.6,5268852.2,4.33,0.051948685,0.10669733,0.20796220004558563,0.11994438618421555,-0.20125801861286163,-0.11071493476629257
Estepa,332030800400198149,328968.3,5268821.5,2.5,0.01394242,0.028081331,0.26694008708000183,0.15154963731765747,-0.1835915744304657,-0.09305169433355331
Estepa,332030800400198150,329015.6,5268791.0,2.76,0.02090031,0.04224425,0.3257109522819519,0.17690664529800415,-0.1602609008550644,-0.06982646137475967
Estepa,332030800400198151,329063.0,5268760.5,2.02,0.02550986,0.051682696,0.25632044672966003,0.13169921934604645,-0.2263203263282776,-0.1623726487159729
Estepa,332030800400198152,329110.7,5268729.9,2.54,0.05250396,0.107869156,0.2585793733596802,0.1418047398328781,-0.17218632996082306,-0.08251944184303284
Estepa,332030800400198153,329158.6,5268699.1,2.88,0.014920527,0.030066233,0.25937703251838684,0.14044374227523804,-0.20549538731575012,-0.10820851475000381
Estepa,332030800400198154,329206.5,5268668.4,1.98,0.005677797,0.011387999,0.2516690492630005,0.13402967154979706,-0.21597808599472046,-0.125019833445549
Estepa,332030800400198155,329254.1,5268637.8,2.16,0.0105823865,0.021277713,0.24467884004116058,0.13398462533950806,-0.1885177493095398,-0.11245568841695786
Estepa,332030800400198156,329301.7,5268607.2,1.9,0.00931099,0.018709337,0.2350907325744629,0.12571293115615845,-0.19355733692646027,-0.12094533443450928
Estepa,332030800400198157,329349.1,5268576.6,2.39,0.024951221,0.050536454,0.2474619746208191,0.1303158402442932,-0.20166702568531036,-0.12661699950695038
Estepa,332030800400198158,329396.5,5268546.2,2.88,0.0954092,0.20055965,0.2648957073688507,0.13596078753471375,-0.19807296991348267,-0.11818858981132507
Estepa,332030800400198159,329444.0,5268515.6,2.28,0.03772269,0.07690729,0.26136115193367004,0.1353624314069748,-0.20987337827682495,-0.12623025476932526
Estepa,332030800400198160,329491.5,5268485.0,1.9,0.021393826,0.04325264,0.2793349027633667,0.14523467421531677,-0.20716115832328796,-0.12284644693136215
Estepa,332030800400198161,329539.2,5268454.4,3.06,0.06052128,0.124865755,0.23927943408489227,0.1291709989309311,-0.19835299253463745,-0.12114717066287994
Estepa,332030800400198162,329587.1,5268423.7,2.88,0.006304496,0.012648962,0.1887846142053604,0.10290462523698807,-0.20518141984939575,-0.15158085525035858
Estepa,332030800400198163,329634.6,5268393.1,2.8,0.073505715,0.15270312,0.2279970943927765,0.11607880145311356,-0.23313133418560028,-0.1833719164133072
Estepa,332030800400198164,329682.3,5268362.5,1.98,0.012040901,0.024228165,0.24964819848537445,0.12421369552612305,-0.23123131692409515,-0.17199237644672394
Estepa,332030800400198165,329729.9,5268331.8,1.94,0.0023652092,0.004736029,0.23203356564044952,0.11913568526506424,-0.24708718061447144,-0.18431895971298218
Estepa,332030800400198166,329777.6,5268301.2,2.02,0.0030755792,0.00616065,0.21403424441814423,0.10745617747306824,-0.24920402467250824,-0.18981142342090607
Estepa,332030800400198167,329825.2,5268270.6,2.39,0.0063449075,0.0127303,0.2013978809118271,0.10345067083835602,-0.2181071639060974,-0.16284067928791046
Estepa,332030800400198168,329872.9,5268240.0,2.39,0.01121733,0.022561615,0.16340917348861694,0.09123437106609344,-0.18309487402439117,-0.12135783582925797
Estepa,332030800400198169,329920.4,5268209.4,4.15,0.22819887,0.5181587,0.24270401895046234,0.12310989946126938,-0.20603510737419128,-0.13803671300411224
Estepa,332030800400198170,329968.0,5268178.8,2.02,0.016157843,0.03257998,0.21016882359981537,0.10843721777200699,-0.216008722782135,-0.1428111046552658
Estepa,332030800400198171,330015.4,5268148.3,4.41,0.19618833,0.43685204,0.24150967597961426,0.12895019352436066,-0.1619289517402649,-0.08636139333248138
Estepa,332030800400198172,330063.1,5268117.7,2.05,0.007685639,0.015430734,0.22796089947223663,0.12382789701223373,-0.19803264737129211,-0.1355282962322235
Estepa,332030800400198173,330110.2,5268087.3,5.72,0.24956302,0.57432574,0.18211396038532257,0.10952337086200714,-0.1707962453365326,-0.08554700016975403
Estepa,332030800400198174,330157.9,5268056.7,2.05,0.009232316,0.018550517,0.19102829694747925,0.1263154149055481,-0.1260630190372467,-0.029546065255999565
Estepa,332030800400198175,330206.3,5268025.7,2.88,0.0102197975,0.020544903,0.17738449573516846,0.09952002018690109,-0.20145884156227112,-0.11453195661306381
Estepa,332030800400198176,330254.5,5267994.8,2.8,0.0065465206,0.013136147,0.1701609492301941,0.09277459233999252,-0.21649931371212006,-0.15332037210464478
Estepa,332030800400198177,330302.5,5267964.0,3.25,0.094043836,0.19754274,0.18923014402389526,0.09759630262851715,-0.23746170103549957,-0.186163991689682
Estepa,332030800400198178,330350.5,5267933.2,4.78,0.12232189,0.26097548,0.17476613819599152,0.09050052613019943,-0.2345656305551529,-0.18168309330940247
Estepa,332030800400198179,330398.9,5267902.2,2.09,0.006732049,0.013509686,0.1745901107788086,0.09939835965633392,-0.18487302958965302,-0.13269750773906708
Estepa,332030800400198180,330446.7,5267871.5,2.09,0.0030574081,0.006124196,0.1866152286529541,0.10308202356100082,-0.1894652247428894,-0.14122574031352997
Estepa,332030800400198181,330494.3,5267840.9,2.95,0.043528285,0.089010924,0.21364833414554596,0.11084730178117752,-0.21733708679676056,-0.15817055106163025
Estepa,332030800400198182,330542.5,5267810.0,2.84,0.0135480445,0.027281573,0.206574946641922,0.11046893894672394,-0.16979998350143433,-0.10637827962636948
Estepa,332030800400198183,330590.5,5267779.2,2.35,0.013299078,0.026776854,0.1925746351480484,0.10207343846559525,-0.19297848641872406,-0.1454971581697464
Estepa,332030800400198184,330638.4,5267748.5,2.54,0.026974134,0.05469028,0.1783236861228943,0.0929945856332779,-0.21356013417243958,-0.16835731267929077
Estepa,332030800400198185,330686.3,5267717.7,2.05,0.008425316,0.01692212,0.17080286145210266,0.09030482172966003,-0.1952250599861145,-0.14966316521167755
Estepa,332030800400198186,330734.0,5267687.1,2.24,0.04103748,0.083809055,0.18864387273788452,0.09671798348426819,-0.21109746396541595,-0.1644376665353775
Estepa,332030800400198187,330781.9,5267656.3,1.94,0.010449893,0.021009907,0.19427962601184845,0.10331976413726807,-0.1953367292881012,-0.14284886419773102
Estepa,332030800400198188,330829.7,5267625.6,2.61,0.014058218,0.028316224,0.1637321263551712,0.09293372929096222,-0.1751035451889038,-0.10352125763893127
Estepa,332030800400198189,330877.7,5267594.8,2.65,0.08219271,0.1715462,0.12475463002920151,0.07780659943819046,-0.09967263787984848,-0.011583257466554642
Estepa,332030800400198190,330925.6,5267564.1,2.61,0.033457648,0.068061955,0.16306740045547485,0.09331511706113815,-0.18246877193450928,-0.11173125356435776
Estepa,332030800400198191,330973.6,5267533.3,5.01,0.16210763,0.35377744,0.17627210915088654,0.0969964861869812,-0.20675340294837952,-0.14617028832435608
Estepa,332030800400198192,331021.6,5267502.4,2.43,0.03359445,0.06834506,0.16399607062339783,0.09369451552629471,-0.20172081887722015,-0.14624863862991333
Estepa,332030800400198193,331069.4,5267471.7,1.87,0.0025516269,0.0051097847,0.1912204772233963,0.10697193443775177,-0.20558632910251617,-0.16269654035568237
Estepa,332030800400198194,331117.0,5267441.1,2.43,0.0039317952,0.007879112,0.2239980697631836,0.11885789036750793,-0.2198941707611084,-0.164919912815094
Estepa,332030800400198195,331164.5,5267410.5,2.69,0.060916554,0.12570749,0.2185327559709549,0.11256309598684311,-0.22904221713542938,-0.16997024416923523
Estepa,332030800400198196,331212.3,5267379.8,2.2,0.0064507616,0.012943374,0.19751279056072235,0.100110724568367,-0.2402348816394806,-0.1869128793478012
Estepa,332030800400198197,331260.0,5267349.2,1.87,0.009663669,0.019421462,0.1877041459083557,0.09884548932313919,-0.21969380974769592,-0.17593544721603394
Estepa,332030800400198198,331307.8,5267318.4,3.21,0.0071985316,0.014449204,0.1624625325202942,0.08472143113613129,-0.20876380801200867,-0.15544196963310242
Estepa,332030800400198199,331355.6,5267287.7,2.09,0.005461491,0.010952961,0.18416495621204376,0.09718748182058334,-0.21196351945400238,-0.1578746736049652
Estepa,332030800400198200,331403.0,5267257.2,2.54,0.0923898,0.19389407,0.20395267009735107,0.10595692694187164,-0.21344909071922302,-0.15494109690189362
Estepa,332030800400198201,331451.1,5267226.3,2.84,0.0060906033,0.012218506,0.151058167219162,0.0801173746585846,-0.20984980463981628,-0.1556347906589508
Estepa,332030800400198202,331499.1,5267195.4,2.2,0.006263758,0.012566971,0.1579054743051529,0.08025538176298141,-0.23520700633525848,-0.18404096364974976
Estepa,332030800400198203,331546.8,5267164.7,2.13,0.00066183135,0.0013241015,0.17465928196907043,0.09090843051671982,-0.2134888768196106,-0.1607351303100586
Estepa,332030800400198204,331594.3,5267134.1,2.31,0.042703193,0.08728627,0.17690138518810272,0.0930204913020134,-0.21342919766902924,-0.15691350400447845
Estepa,332030800400198205,331642.0,5267103.4,2.46,0.0114024505,0.022936096,0.16837811470031738,0.08770457655191422,-0.2084309607744217,-0.15617519617080688
Estepa,332030800400198206,331689.7,5267072.7,3.1,0.078160755,0.16277832,0.17574650049209595,0.09396684169769287,-0.19267317652702332,-0.1373894065618515
Estepa,332030800400198207,331737.6,5267041.8,2.65,0.018301224,0.036942,0.16080966591835022,0.08641885966062546,-0.2053324580192566,-0.15011318027973175
Estepa,332030800400198208,331785.3,5267011.1,2.91,0.023831418,0.048240777,0.17281728982925415,0.09165390580892563,-0.20526869595050812,-0.14512640237808228
Estepa,332030800400198209,331832.8,5266980.5,3.32,0.06561182,0.13573319,0.18135863542556763,0.09484856575727463,-0.207498237490654,-0.15338005125522614
Estepa,332030800400198210,331880.2,5266949.9,2.5,0.004176193,0.008369899,0.21679171919822693,0.11613675206899643,-0.21396690607070923,-0.1423720121383667
Estepa,332030800400198211,331927.6,5266919.3,2.09,0.009140682,0.018365547,0.24336332082748413,0.12852951884269714,-0.22718405723571777,-0.1367405652999878
Estepa,332030800400198212,331975.1,5266888.7,3.03,0.13015856,0.278917,0.22291404008865356,0.12268766015768051,-0.19220982491970062,-0.12271788716316223
Estepa,332030800400198213,332022.8,5266857.9,2.95,0.10568632,0.2234154,0.18663203716278076,0.10296013951301575,-0.2019147276878357,-0.13873957097530365
Estepa,332030800400198214,332070.6,5266827.2,2.2,0.003981818,0.007979555,0.17491993308067322,0.09568008780479431,-0.20675347745418549,-0.1517251580953598
Estepa,332030800400198215,332118.3,5266796.4,2.46,0.006278538,0.012596717,0.17068800330162048,0.08994154632091522,-0.20678231120109558,-0.1508703976869583
Estepa,332030800400198216,332166.0,5266765.7,1.94,0.008330956,0.016731802,0.1741107553243637,0.08890492469072342,-0.22950036823749542,-0.17671722173690796
Estepa,332030800400198217,332213.6,5266735.0,2.05,0.013350785,0.026881669,0.1647857129573822,0.08277654647827148,-0.2376907914876938,-0.19521339237689972
Estepa,332030800400198218,332261.2,5266704.3,2.2,0.002008674,0.004021394,0.1774507313966751,0.09373196959495544,-0.22383016347885132,-0.1777791529893875
Estepa,332030800400198219,332308.6,5266673.7,2.13,0.041036382,0.08380676,0.229755699634552,0.12372023612260818,-0.21222607791423798,-0.1289234161376953
Estepa,332030800400198220,332356.3,5266643.0,3.77,0.15896071,0.34627804,0.20082665979862213,0.10851547122001648,-0.21528561413288116,-0.1258895993232727
Estepa,332030800400198221,332404.1,5266612.2,2.61,0.036672886,0.07472645,0.17667454481124878,0.10153625160455704,-0.1825960874557495,-0.1192009449005127
Estepa,332030800400198222,332451.8,5266581.5,2.58,0.06367668,0.13159503,0.19721229374408722,0.10766761004924774,-0.21363025903701782,-0.15225152671337128
Estepa,332030800400198223,332499.4,5266550.8,2.24,0.023303954,0.04716035,0.21675263345241547,0.11384733766317368,-0.23346278071403503,-0.16736634075641632
Estepa,332030800400198224,332547.1,5266520.0,3.06,0.027733006,0.056250766,0.1848030984401703,0.09025397896766663,-0.24994070827960968,-0.195633202791214
Estepa,332030800400198225,332594.7,5266489.4,2.65,0.033738382,0.06864297,0.20287050306797028,0.09663480520248413,-0.2617490887641907,-0.21908216178417206
Estepa,332030800400198226,332642.0,5266458.9,2.69,0.007884487,0.015831554,0.21807652711868286,0.10923822969198227,-0.24437777698040009,-0.1868414729833603
Estepa,332030800400198227,332689.4,5266428.3,2.46,0.047384012,0.09709015,0.28703874349594116,0.1788109540939331,-0.19326144456863403,-0.08490265905857086
Estepa,332030800400198228,332737.1,5266397.6,16.12,0.95797896,6.394725,0.18656376004219055,0.0978415310382843,-0.24727249145507812,-0.16799432039260864
Estepa,332030800400198229,332786.0,5266366.3,3.47,0.03743798,0.076315604,0.16910849511623383,0.08837088197469711,-0.2205614298582077,-0.16596589982509613
Estepa,332030800400198230,332833.6,5266335.6,2.46,0.050426073,0.10348757,0.18663105368614197,0.09549757838249207,-0.23516882956027985,-0.1810632348060608
Estepa,332030800400198231,332881.3,5266305.0,2.24,0.050522186,0.103690036,0.17657144367694855,0.09273559600114822,-0.22659294307231903,-0.1694425344467163
Estepa,332030800400198232,332929.0,5266274.3,2.13,0.009586894,0.019266417,0.16467653214931488,0.08758869767189026,-0.21861539781093597,-0.1669907420873642
Estepa,332030800400198233,332976.8,5266243.6,2.16,0.022292357,0.045089886,0.16636358201503754,0.08528141677379608,-0.23558303713798523,-0.18619224429130554
Estepa,332030800400198234,333024.4,5266213.0,2.54,0.018946653,0.038257394,0.16548672318458557,0.08713953197002411,-0.22140270471572876,-0.16744442284107208
Estepa,332030800400198235,333072.0,5266182.4,2.16,0.049994886,0.10257955,0.17672410607337952,0.09434792399406433,-0.22770744562149048,-0.17021819949150085
Estepa,332030800400198236,333119.6,5266151.8,2.5,0.065863706,0.13627246,0.16833822429180145,0.08924885839223862,-0.21973226964473724,-0.16549280285835266
Estepa,332030800400198237,333167.3,5266121.2,2.16,0.02155686,0.04358587,0.20067527890205383,0.10617592185735703,-0.22529762983322144,-0.16231314837932587
Estepa,332030800400198238,333214.8,5266090.6,2.43,0.025269436,0.0511893,0.3320046067237854,0.17253047227859497,-0.1916063129901886,-0.08785635977983475
Estepa,332030800400198239,333262.5,5266060.0,2.69,0.059701093,0.123120315,0.5654237866401672,0.37970560789108276,0.015508375130593777,0.1534225344657898
Estepa,332030800400198240,333310.2,5266029.4,1.94,0.0073802173,0.014815248,0.2236621081829071,0.11738041043281555,-0.243350088596344,-0.16086257994174957
Estepa,332030800400198241,333357.9,5265998.7,1.94,0.008169261,0.016405718,0.271769642829895,0.18292644619941711,-0.16033901274204254,-0.08251417428255081
Estepa,332030800400198242,333405.8,5265968.1,3.25,0.037748497,0.076960936,0.19027189910411835,0.09752097725868225,-0.2662016749382019,-0.2037670612335205
Estepa,332030800400198243,333454.0,5265937.2,2.16,0.010692812,0.021500943,0.1473865956068039,0.07560668885707855,-0.2375996857881546,-0.2025754153728485
Estepa,332030800400198244,333501.9,5265906.6,2.02,0.008438603,0.01694892,0.1373412013053894,0.07062816619873047,-0.2254238724708557,-0.19133350253105164
Estepa,332030800400198245,333549.7,5265875.9,2.09,0.0031691678,0.0063484143,0.16263331472873688,0.08551549166440964,-0.21433722972869873,-0.1807284951210022
Estepa,332030800400198246,333597.5,5265845.3,1.94,0.01082021,0.021758514,0.16030892729759216,0.08237283676862717,-0.22676049172878265,-0.19469812512397766
Estepa,332030800400198247,333645.1,5265814.8,2.39,0.010105826,0.020314617,0.15993180871009827,0.08060978353023529,-0.22452320158481598,-0.19012445211410522
Estepa,332030800400198248,333692.5,5265784.4,2.16,0.027380787,0.055526335,0.19550642371177673,0.10093489289283752,-0.2107236534357071,-0.165044367313385
Estepa,332030800400198249,333740.2,5265753.9,1.94,0.026071787,0.052836344,0.1589093804359436,0.08210308104753494,-0.21160069108009338,-0.17705895006656647
Estepa,332030800400198250,333787.8,5265723.4,1.94,0.036407106,0.0741747,0.2070927917957306,0.10463329404592514,-0.23122644424438477,-0.1837746948003769
Estepa,332030800400198251,333835.4,5265692.9,2.54,0.069063,0.14313464,0.29190516471862793,0.15846893191337585,-0.17656847834587097,-0.10036500543355942
Estepa,332030800400198252,333883.2,5265662.4,2.91,0.08804838,0.18434888,0.19924801588058472,0.1111290454864502,-0.2336122691631317,-0.17369064688682556
Estepa,332030800400198253,333931.1,5265631.8,3.55,0.033175357,0.06747788,0.18706542253494263,0.09897369891405106,-0.20984017848968506,-0.15610843896865845
Estepa,332030800400198254,333979.1,5265601.1,3.03,0.043556206,0.08906931,0.18556207418441772,0.09761083871126175,-0.2084941565990448,-0.15538513660430908
Estepa,332030800400198255,334026.7,5265570.7,2.31,0.0331514,0.06742832,0.21153011918067932,0.1088952049612999,-0.2343856543302536,-0.18270283937454224
Estepa,332030800400198256,334074.3,5265540.3,2.2,0.03296299,0.0670386,0.2050357162952423,0.10407635569572449,-0.24673771858215332,-0.18815237283706665
Estepa,332031100400192903,327269.0,5269177.1,2.69,0.007183273,0.014418464,0.31310880184173584,0.16464197635650635,-0.17555543780326843,-0.07437916845083237
Estepa,332031100400192904,327317.0,5269146.2,2.95,0.004410305,0.008840145,0.2238711565732956,0.12371595948934555,-0.1694074273109436,-0.08583755046129227
Estepa,332031100400192905,327364.8,5269115.4,2.13,0.007258972,0.014570965,0.269523948431015,0.1376609206199646,-0.2090662568807602,-0.12328752130270004
Estepa,332031100400192906,327412.5,5269084.7,4.11,0.007836099,0.015734008,0.2637399435043335,0.1436029076576233,-0.18178313970565796,-0.06784467399120331
Estepa,332031100400192907,327460.3,5269054.0,4.19,0.028467914,0.057763103,0.2427092343568802,0.13422338664531708,-0.18460094928741455,-0.06723417341709137
Estepa,332031100400192908,327508.1,5269023.2,3.47,0.025462512,0.051585488,0.23283648490905762,0.12925492227077484,-0.1912669837474823,-0.07645636051893234
Estepa,332031100400192909,327555.9,5268992.4,2.84,0.017839415,0.03600135,0.225204199552536,0.12406177073717117,-0.20252831280231476,-0.08853816241025925
Estepa,332031100400192910,327603.7,5268961.7,2.5,0.013257454,0.02669248,0.22952140867710114,0.12284990400075912,-0.20501984655857086,-0.09926564991474152
Estepa,332031100400192911,327651.3,5268931.0,2.54,0.00085634255,0.0017134199,0.2640253007411957,0.14793157577514648,-0.18115834891796112,-0.05930909141898155
Estepa,332031100400192912,327698.9,5268900.3,3.66,0.0869332,0.18190399,0.2965697944164276,0.1683751344680786,-0.169459730386734,-0.0368121862411499
Estepa,332031100400192913,327746.9,5268869.5,2.5,0.007884923,0.015832433,0.25001776218414307,0.13384580612182617,-0.19605115056037903,-0.09927099198102951
Estepa,332031100400192914,327794.6,5268838.8,1.9,0.0012338036,0.0024691327,0.2789350748062134,0.1466483324766159,-0.19351017475128174,-0.10428271442651749
Estepa,332031100400192915,327842.1,5268808.2,2.84,0.07020037,0.14557967,0.3135257959365845,0.16415809094905853,-0.17345914244651794,-0.08212199062108994
Estepa,332031100400192916,327889.5,5268777.6,2.73,0.10266065,0.21665879,0.30719196796417236,0.1616450697183609,-0.19058436155319214,-0.10109061747789383
Estepa,332031100400192917,327937.1,5268747.0,2.09,0.016751377,0.033786923,0.2781542241573334,0.1466238796710968,-0.20627133548259735,-0.12092716246843338
Estepa,332031100400192918,327984.7,5268716.3,2.17,0.05553248,0.11427245,0.29875755310058594,0.15810146927833557,-0.18031197786331177,-0.09015099704265594
Estepa,332031100400192919,328032.2,5268685.7,2.02,0.0076784873,0.015416318,0.26442641019821167,0.14418192207813263,-0.18361245095729828,-0.10091699659824371
Estepa,332031100400192920,328079.7,5268655.1,2.17,0.047936484,0.09825037,0.3402901887893677,0.18654939532279968,-0.15436704456806183,-0.05087994039058685
Estepa,332031100400192921,328127.3,5268624.5,2.17,0.02708089,0.0549097,0.333865225315094,0.1902199387550354,-0.17145641148090363,-0.06032774969935417
Estepa,332031100400192922,328174.9,5268593.8,3.1,0.05713612,0.117671475,0.3072676658630371,0.1607278436422348,-0.2025611400604248,-0.10772265493869781
Estepa,332031100400192923,328222.6,5268563.1,2.5,0.05397948,0.11098627,0.2897189259529114,0.15407687425613403,-0.1916545331478119,-0.11256485432386398
Estepa,332031100400192924,328270.3,5268532.4,2.88,0.05715927,0.11772059,0.27979883551597595,0.15601737797260284,-0.1655535101890564,-0.07981323450803757
Estepa,332031100400192925,328318.2,5268501.7,2.73,0.0037573897,0.0075289523,0.2423943132162094,0.1385597586631775,-0.16673517227172852,-0.0891333520412445
Estepa,332031100400192926,328365.9,5268470.9,2.54,0.013758116,0.027707534,0.25282981991767883,0.13478365540504456,-0.20690447092056274,-0.1215529814362526
Estepa,332031100400192927,328413.4,5268440.4,2.54,0.004303123,0.0086248405,0.2893601655960083,0.17309199273586273,-0.1797206550836563,-0.06301429122686386
Estepa,332031100400192928,328461.2,5268409.6,2.2,0.004972261,0.009969361,0.26095256209373474,0.1399262249469757,-0.22850924730300903,-0.12844258546829224
Estepa,332031100400192929,328508.9,5268379.0,2.17,0.033200268,0.06752937,0.26227688789367676,0.14474372565746307,-0.2169988602399826,-0.11493168771266937
Estepa,332031100400192930,328557.0,5268348.1,5.31,0.10817231,0.22898307,0.21273797750473022,0.13232523202896118,-0.19004178047180176,-0.07658525556325912
Estepa,332031100400192931,328604.9,5268317.3,4.86,0.12979148,0.2780722,0.2700093984603882,0.15567809343338013,-0.18972037732601166,-0.06132015958428383
Estepa,332031100400192932,328652.6,5268286.7,3.14,0.029020669,0.058901377,0.2693306803703308,0.15100687742233276,-0.18784089386463165,-0.07918723672628403
Estepa,332031100400192933,328699.8,5268256.2,4.93,0.099834934,0.21036972,0.2515427768230438,0.13513249158859253,-0.19964279234409332,-0.11144553124904633
Estepa,332031100400192934,328747.1,5268225.7,3.06,0.097012706,0.20410815,0.26888105273246765,0.14513929188251495,-0.18706388771533966,-0.09315522015094757
Estepa,332031100400192935,328794.7,5268195.1,1.94,0.0060646865,0.012166353,0.22899460792541504,0.12128640711307526,-0.20897628366947174,-0.14213594794273376
Estepa,332031100400192936,328842.3,5268164.5,2.5,0.0035978786,0.0072087506,0.2384038269519806,0.12490611523389816,-0.19944673776626587,-0.13054130971431732
Estepa,332031100400192937,328889.7,5268134.0,2.05,0.011560062,0.023254981,0.22632963955402374,0.12168411165475845,-0.21298180520534515,-0.12841317057609558
Estepa,332031100400192938,328937.4,5268103.3,2.05,0.0048047644,0.00963272,0.21013253927230835,0.11773104220628738,-0.19896848499774933,-0.1467796117067337
Estepa,332031100400192939,328985.3,5268072.6,2.17,0.011893704,0.023930194,0.2124638855457306,0.11770779639482498,-0.19846606254577637,-0.13532443344593048
Estepa,332031100400192940,329032.4,5268042.2,3.66,0.0042081033,0.008433989,0.23889869451522827,0.1246391013264656,-0.19673646986484528,-0.13333876430988312
Estepa,332031100400192941,329079.8,5268011.7,2.31,0.05039025,0.10341201,0.2685757577419281,0.14354093372821808,-0.20230630040168762,-0.11269000917673111
Estepa,332031100400192942,329127.5,5267981.0,2.02,0.0101796435,0.020463763,0.28244999051094055,0.16117402911186218,-0.21901987493038177,-0.11208070814609528
Estepa,332031100400192943,329175.2,5267950.4,2.54,0.038219623,0.07794038,0.2848345935344696,0.15258842706680298,-0.22499452531337738,-0.12109450250864029
Estepa,332031100400192944,329222.8,5267919.8,1.9,0.00805862,0.01618262,0.24341893196105957,0.1223381757736206,-0.21113896369934082,-0.1557985246181488
Estepa,332031100400192945,329270.3,5267889.2,1.98,0.037349764,0.07613225,0.2441975325345993,0.1194365844130516,-0.2423420548439026,-0.1785961240530014
Estepa,332031100400192946,329318.0,5267858.5,2.02,0.0057596415,0.01155263,0.22799700498580933,0.1106080710887909,-0.23705045878887177,-0.1841222047805786
Estepa,332031100400192947,329365.6,5267827.9,2.02,0.008737557,0.017552009,0.24878209829330444,0.11998546123504639,-0.22384844720363617,-0.16441404819488525
Estepa,332031100400192948,329413.1,5267797.4,2.17,0.025902886,0.052489486,0.2650282084941864,0.1437704861164093,-0.18422052264213562,-0.10224168747663498
Estepa,332031100400192949,329460.3,5267766.9,6.77,0.28086194,0.65956825,0.2971259355545044,0.1736999899148941,-0.09575936198234558,0.011929888278245926
Estepa,332031100400192950,329508.2,5267736.2,3.06,0.018444968,0.037234865,0.23477135598659515,0.14967575669288635,-0.05826850235462189,0.04844791442155838
Estepa,332031100400192951,329556.6,5267705.2,3.36,0.0040138643,0.008043905,0.14073598384857178,0.08616171032190323,-0.1364692598581314,-0.06240057200193405
Estepa,332031100400192952,329604.6,5267674.4,2.69,0.0070254817,0.0141006205,0.2062223255634308,0.11030852794647217,-0.1955317258834839,-0.13299241662025452
Estepa,332031100400192953,329652.4,5267643.7,3.25,0.014373879,0.028956652,0.18812918663024902,0.10211334377527237,-0.1723647117614746,-0.10984431952238083
Estepa,332031100400192954,329700.5,5267612.9,1.94,0.006127485,0.012292721,0.20840027928352356,0.11482591181993484,-0.1805684119462967,-0.1293761134147644
Estepa,332031100400192955,329748.1,5267582.2,2.8,0.07030496,0.14580469,0.21920284628868103,0.11606849730014801,-0.20778465270996094,-0.15539956092834473
Estepa,332031100400192956,329796.3,5267551.4,3.03,0.0065116226,0.013065889,0.1893022060394287,0.09907980263233185,-0.2038782238960266,-0.13629232347011566
Estepa,332031100400192957,329844.1,5267520.7,2.17,0.0337931,0.068756185,0.17183469235897064,0.08849450945854187,-0.2223195731639862,-0.16687828302383423
Estepa,332031100400192958,329892.1,5267489.9,3.06,0.011950703,0.02404557,0.15593291819095612,0.07886029034852982,-0.22209498286247253,-0.16606156527996063
Estepa,332031100400192959,329940.3,5267459.0,4.9,0.018963784,0.0382923,0.15101751685142517,0.08330534398555756,-0.19254615902900696,-0.1338459551334381
Estepa,332031100400192960,329988.3,5267428.2,2.02,0.021847837,0.044180736,0.1850271075963974,0.095164954662323,-0.23508095741271973,-0.18320296704769135
Estepa,332031100400192961,330036.0,5267397.6,2.02,0.021475367,0.04341928,0.1851338893175125,0.09575311094522476,-0.21953211724758148,-0.16743619740009308
Estepa,332031100400192962,330083.8,5267366.8,3.96,0.13090053,0.28062326,0.1983693540096283,0.09920351952314377,-0.2382560521364212,-0.1830626130104065
Estepa,332031100400192963,330132.1,5267335.9,4.26,0.103979915,0.21960178,0.1694299578666687,0.09283916652202606,-0.21267732977867126,-0.147177055478096
Estepa,332031100400192964,330180.3,5267305.1,2.09,0.024235124,0.049068075,0.1868332177400589,0.08988121151924133,-0.27090853452682495,-0.20783434808254242
Estepa,332031100400192965,330227.8,5267274.5,2.95,0.03562718,0.07255643,0.18870557844638824,0.0943508893251419,-0.23053081333637238,-0.17776943743228912
Estepa,332031100400192966,330275.3,5267243.9,2.43,0.012072936,0.024293011,0.19075697660446167,0.10750869661569595,-0.155605748295784,-0.08794792741537094
Estepa,332031100400192967,330322.9,5267213.3,2.2,0.037760355,0.076985516,0.2352377027273178,0.13734112679958344,-0.09523987025022507,-0.004428400192409754
Estepa,332031100400192968,330370.6,5267182.7,1.94,0.004073509,0.008163679,0.21794484555721283,0.11520009487867355,-0.2081606090068817,-0.15111269056797028
Estepa,332031100400192969,330418.2,5267152.1,1.94,0.017288396,0.034879584,0.19978336989879608,0.10340115427970886,-0.22883279621601105,-0.17610269784927368
Estepa,332031100400192970,330465.8,5267121.5,2.24,0.040610403,0.08291842,0.2108236402273178,0.11307264864444733,-0.19764800369739532,-0.14195209741592407
Estepa,332031100400192971,330513.4,5267090.9,3.55,0.050999254,0.104695156,0.20856459438800812,0.10563568770885468,-0.2262544333934784,-0.16626420617103577
Estepa,332031100400192972,330561.1,5267060.2,2.24,0.0034028192,0.0068172594,0.2144589126110077,0.10777061432600021,-0.2342003732919693,-0.18305669724941254
Estepa,332031100400192973,330608.6,5267029.6,3.06,0.087495014,0.18313514,0.20494161546230316,0.10822387784719467,-0.23407942056655884,-0.1852245330810547
Estepa,332031100400192974,330656.3,5266999.0,4.86,0.21616845,0.48720932,0.1894177943468094,0.09747496992349625,-0.22157353162765503,-0.16191484034061432
Estepa,332031100400192975,330704.2,5266968.3,4.45,0.10072652,0.21235195,0.19533449411392212,0.10281797498464584,-0.21217797696590424,-0.15191960334777832
Estepa,332031100400192976,330752.0,5266937.6,4.07,0.033834077,0.06884102,0.19826126098632812,0.1026492640376091,-0.22243091464042664,-0.16224664449691772
Estepa,332031100400192977,330799.6,5266907.0,3.32,0.075450845,0.15690666,0.2038312554359436,0.10738218575716019,-0.2253047078847885,-0.17193178832530975
Estepa,332031100400192978,330847.2,5266876.4,2.09,0.007669971,0.015399153,0.18654432892799377,0.09299462288618088,-0.246322363615036,-0.19289535284042358
Estepa,332031100400192979,330894.8,5266845.7,2.02,0.00296728,0.0059433943,0.18095763027668,0.08768217265605927,-0.2532782554626465,-0.20799019932746887
Estepa,332031100400192980,330942.2,5266815.2,3.81,0.12992169,0.2783715,0.18873010575771332,0.09509216994047165,-0.23830477893352509,-0.1915399581193924
Estepa,332031100400192981,330989.7,5266784.7,2.09,0.008636972,0.017349076,0.34773439168930054,0.19487804174423218,-0.1753719449043274,-0.0847560465335846
Estepa,332031100400192982,331037.2,5266754.1,2.61,0.026837,0.054408383,0.40155842900276184,0.22879433631896973,-0.1455036848783493,-0.0280725359916687
Estepa,332031100400192983,331084.8,5266723.5,2.02,0.0025287434,0.0050639007,0.24250316619873047,0.13978315889835358,-0.24642974138259888,-0.1655624806880951
Estepa,332031100400192984,331132.5,5266692.8,1.9,0.005163014,0.010352813,0.29206791520118713,0.1971854269504547,-0.1831521987915039,-0.048163652420043945
Estepa,332031100400192985,331180.2,5266662.1,3.36,0.14717768,0.31844422,0.42395496368408203,0.27554261684417725,-0.12081495672464371,0.05183330178260803
Estepa,332031100400192986,331228.2,5266631.3,2.99,0.086710386,0.18141592,0.36948466300964355,0.22491182386875153,-0.10783495008945465,0.020115116611123085
Estepa,332031100400192987,331276.0,5266600.6,2.2,0.033559173,0.06827201,0.27176907658576965,0.15194819867610931,-0.18966001272201538,-0.1003655195236206
Estepa,332031100400192988,331323.8,5266569.8,2.02,0.0033229003,0.0066568814,0.15905365347862244,0.08366146683692932,-0.22784797847270966,-0.19199006259441376
Estepa,332031100400192989,331371.5,5266539.2,2.13,0.024382444,0.049370065,0.17919199168682098,0.08673422783613205,-0.25523993372917175,-0.2126089632511139
Estepa,332031100400192990,331419.0,5266508.6,2.17,0.017771548,0.03586315,0.2089391052722931,0.10902805626392365,-0.22555488348007202,-0.17343302071094513
Estepa,332031100400192991,331467.0,5266477.8,2.73,0.004723281,0.009468973,0.18719308078289032,0.10132256895303726,-0.1987382471561432,-0.13754598796367645
Estepa,332031100400192992,331514.8,5266447.0,2.02,0.008434856,0.01694136,0.20554803311824799,0.10434785485267639,-0.23230981826782227,-0.1851014941930771
Estepa,332031100400192993,331562.5,5266416.3,2.05,0.0029227713,0.0058541135,0.18592649698257446,0.09324465692043304,-0.2277543842792511,-0.18320709466934204
Estepa,332031100400192994,331610.2,5266385.6,1.98,0.01733696,0.034978427,0.19751130044460297,0.09850741177797318,-0.23526065051555634,-0.18767620623111725
Estepa,332031100400192995,331657.9,5266354.9,2.24,0.006362227,0.012765159,0.2010364532470703,0.10239823907613754,-0.22865621745586395,-0.18067266047000885
Estepa,332031100400192996,331705.4,5266324.2,2.2,0.03898027,0.07952284,0.18994124233722687,0.10038680583238602,-0.21167363226413727,-0.16457830369472504
Estepa,332031100400192997,331753.2,5266293.4,3.18,0.009100268,0.018283969,0.14202028512954712,0.07567603886127472,-0.20241881906986237,-0.15041065216064453
Estepa,332031100400192998,331801.2,5266262.6,2.5,0.001487091,0.0029763984,0.1399250328540802,0.07304621487855911,-0.21950510144233704,-0.1713772863149643
Estepa,332031100400192999,331849.0,5266231.8,2.02,0.0058394247,0.011713129,0.14522655308246613,0.07767590135335922,-0.2042199969291687,-0.15957915782928467
Estepa,332031100400193000,331896.5,5266201.2,2.46,0.054267418,0.11159515,0.16164621710777283,0.08275608718395233,-0.22179903090000153,-0.17072466015815735
Estepa,332031100400193001,331944.1,5266170.5,2.28,0.031431388,0.0638733,0.15333491563796997,0.08006717264652252,-0.20950204133987427,-0.15653757750988007
Estepa,332031100400193002,331991.7,5266139.8,2.31,0.042608805,0.087088995,0.1724243462085724,0.09056506305932999,-0.215847909450531,-0.16460241377353668
Estepa,332031100400193003,332039.2,5266109.1,2.35,0.04776843,0.09789734,0.16655832529067993,0.08649885654449463,-0.22966520488262177,-0.17628881335258484
Estepa,332031100400193004,332086.8,5266078.4,3.03,0.069971465,0.1450873,0.18382088840007782,0.0933772474527359,-0.2341231256723404,-0.17842166125774384
Estepa,332031100400193005,332134.3,5266047.8,2.69,0.055954676,0.11516677,0.23930899798870087,0.12386903166770935,-0.22449511289596558,-0.15781472623348236
Estepa,332031100400193006,332182.1,5266017.0,2.65,0.01363503,0.027457938,0.18345536291599274,0.09534016251564026,-0.22582390904426575,-0.17260733246803284
Estepa,332031100400193007,332229.7,5265986.3,4.04,0.16940893,0.37128496,0.19799794256687164,0.09947019070386887,-0.23052114248275757,-0.17299383878707886
Estepa,332031100400193008,332277.7,5265955.5,2.95,0.051696006,0.106164195,0.16839009523391724,0.08627089858055115,-0.22003860771656036,-0.17085978388786316
Estepa,332031100400193009,332325.1,5265924.8,3.7,0.17066996,0.37432456,0.21582555770874023,0.10837200284004211,-0.21854527294635773,-0.16421395540237427
Estepa,332031100400193010,332372.7,5265894.1,2.02,0.018657686,0.037668355,0.17733989655971527,0.08327101916074753,-0.2630704641342163,-0.22344806790351868
Estepa,332031100400193011,332420.3,5265863.5,2.2,0.013781481,0.027754916,0.19819049537181854,0.09159016609191895,-0.2772389352321625,-0.23948174715042114
Estepa,332031100400193012,332467.7,5265832.8,2.24,0.014838471,0.029899627,0.21251624822616577,0.10074783861637115,-0.26458361744880676,-0.21974819898605347
Estepa,332031100400193013,332515.3,5265802.2,1.9,0.019343648,0.03906689,0.20921123027801514,0.09978853911161423,-0.2695937752723694,-0.22319944202899933
Estepa,332031100400193014,332562.9,5265771.5,2.09,0.04398213,0.08996012,0.26641616225242615,0.149091437458992,-0.20142817497253418,-0.11877128481864929
Estepa,332031100400193015,332610.6,5265740.8,2.61,0.049999453,0.10258905,0.25709640979766846,0.14297233521938324,-0.23922711610794067,-0.13946639001369476
Estepa,332031100400193016,332658.6,5265709.9,2.39,0.016553888,0.033385247,0.17432217299938202,0.09125132113695145,-0.23216646909713745,-0.18623413145542145
Estepa,332031100400193017,332706.2,5265679.3,2.17,0.014301071,0.028808916,0.19682100415229797,0.10469213873147964,-0.22575940191745758,-0.17480897903442383
Estepa,332031100400193018,332753.9,5265648.6,2.17,0.0098540075,0.019805891,0.18603868782520294,0.10835651308298111,-0.19391898810863495,-0.13111884891986847
Estepa,332031100400193019,332801.5,5265617.9,2.73,0.09667779,0.20336637,0.20693661272525787,0.11284560710191727,-0.20582789182662964,-0.14282459020614624
Estepa,332031100400193020,332849.2,5265587.2,3.55,0.06685918,0.13840492,0.21998758614063263,0.11471019685268402,-0.21819931268692017,-0.15377585589885712
Estepa,332031100400193021,332896.8,5265556.6,3.25,0.09378464,0.19697012,0.23272278904914856,0.1280522346496582,-0.2139609009027481,-0.14509239792823792
Estepa,332031100400193022,332944.5,5265525.9,2.17,0.021910945,0.044309776,0.2302561104297638,0.17851752042770386,-0.13136084377765656,-0.061798885464668274
Estepa,332031100400193023,332992.4,5265495.2,2.31,0.005116177,0.010258654,0.20724228024482727,0.125840425491333,-0.22168591618537903,-0.14832372963428497
Estepa,332031100400193024,333040.1,5265464.5,2.28,0.02915307,0.05917412,0.18973027169704437,0.10379845649003983,-0.2060026079416275,-0.14683310687541962
Estepa,332031100400193025,333087.7,5265433.9,2.2,0.035374276,0.07203198,0.17683011293411255,0.10412225872278214,-0.16939838230609894,-0.1093551367521286
Estepa,332031100400193026,333135.3,5265403.3,2.65,0.07683546,0.15990445,0.275518536567688,0.1752580851316452,-0.09894192218780518,-0.011915255337953568
Estepa,332031100400193027,333183.1,5265372.6,2.76,0.051477145,0.10570263,0.22714336216449738,0.13516388833522797,-0.13192586600780487,-0.048409853130578995
Estepa,332031100400193028,333230.7,5265342.0,2.46,0.042191543,0.08621747,0.2389431595802307,0.13599056005477905,-0.15723460912704468,-0.07171116769313812
Estepa,332031100400193029,333278.5,5265311.4,2.02,0.012304283,0.024761422,0.20345033705234528,0.11727312952280045,-0.18242089450359344,-0.11787399649620056
Estepa,332031100400193030,333326.2,5265280.7,2.28,0.015673602,0.031595804,0.17291370034217834,0.09694778919219971,-0.2061566710472107,-0.15516012907028198
Estepa,332031100400193031,333373.8,5265250.2,2.95,0.10339377,0.21829368,0.2650149464607239,0.15091872215270996,-0.15491223335266113,-0.08056365698575974
Estepa,332031100400193032,333421.6,5265219.6,2.28,0.03464848,0.07052765,0.3162112832069397,0.18334561586380005,-0.10850277543067932,-0.003396325744688511
Estepa,332031100400193033,333469.3,5265188.9,2.24,0.025794936,0.05226785,0.30311599373817444,0.17783884704113007,-0.07811233401298523,0.021577125415205956
Estepa,332031100400193034,333517.1,5265158.3,2.5,0.036904555,0.07520746,0.24264301359653473,0.1413431167602539,-0.1341436505317688,-0.06200142204761505
Estepa,332031100400193035,333564.9,5265127.7,5.49,0.12311694,0.26278764,0.2485581487417221,0.14868086576461792,-0.10426667332649231,-0.020155347883701324
Estepa,332031100400193036,333612.7,5265097.1,1.98,0.018219724,0.036775954,0.14406143128871918,0.08651545643806458,-0.2030072957277298,-0.15237025916576385
Estepa,332031100400193037,333660.5,5265066.5,1.94,0.0022120257,0.004428958,0.16819575428962708,0.09336192160844803,-0.22132077813148499,-0.17552416026592255
Estepa,332031100400193038,333708.2,5265035.9,2.02,0.005823544,0.01168118,0.21262839436531067,0.1132582575082779,-0.20934152603149414,-0.1450951248407364
Estepa,332031100400193039,333756.0,5265005.4,2.2,0.04147985,0.08473184,0.24153409898281097,0.1371721774339676,-0.15087062120437622,-0.07763636112213135
Estepa,332031100400193040,333803.8,5264974.8,2.05,0.0025154902,0.0050373273,0.15483151376247406,0.085690937936306,-0.20388442277908325,-0.15694884955883026
Estepa,332031100400193041,333851.6,5264944.2,2.13,0.0101057235,0.020314407,0.14413344860076904,0.08066721260547638,-0.23578763008117676,-0.19617198407649994
Estepa,332031100400193042,333899.4,5264913.7,1.94,0.004803643,0.009630467,0.19338612258434296,0.1029486283659935,-0.2578373849391937,-0.2113332599401474
Estepa,332031100400193043,333947.1,5264883.2,1.98,0.009281428,0.018649654,0.3543075919151306,0.21819856762886047,-0.12189844995737076,-0.005101997870951891
Estepa,332031100400193044,333994.9,5264852.6,1.98,0.0018983387,0.0038002904,0.5008471608161926,0.33516666293144226,0.0256185382604599,0.21865452826023102
Estepa,332031100400193045,334042.7,5264822.1,1.98,0.0057199313,0.0114727495,0.7008922696113586,0.45292404294013977,0.16073328256607056,0.42887982726097107
Estepa,332031100400193046,334090.4,5264791.6,2.2,0.0028267668,0.00566155,0.21161001920700073,0.12069905549287796,-0.18946117162704468,-0.09652707725763321
Estepa,346880000100042831,319175.1,5260941.5,4.67,0.11115749,0.2357084,0.7622630000114441,0.4890907108783722,0.20228645205497742,0.4565264880657196
Estepa,346880000100042874,321144.3,5262349.8,2.95,0.007807505,0.015676448,0.4500788450241089,0.2636744976043701,0.013866630382835865,0.17487052083015442
Estepa,346880000100042922,323367.1,5263933.2,4.14,0.07215078,0.1497872,0.49326303601264954,0.2919204533100128,-0.0035927891731262207,0.16307029128074646
Estepa,346880000100042979,326013.0,5265816.1,4.03,0.16387339,0.35803995,0.36892879009246826,0.2080783247947693,0.05694752186536789,0.1814655214548111
Estepa,346880000100042980,326058.6,5265848.8,4.78,0.22169968,0.50146556,0.3452214300632477,0.20083683729171753,0.011094762943685055,0.1405530869960785
Estepa,346880000100042982,326149.9,5265914.2,4.33,0.10104519,0.21307594,0.28431105613708496,0.16710373759269714,-0.0749107301235199,0.037746261805295944
Estepa,346880000100042997,326838.0,5266406.4,2.46,0.04086145,0.08344412,0.3745797872543335,0.237279012799263,-0.07520458102226257,0.07712255418300629
Estepa,346880000100042999,326930.5,5266472.4,6.39,0.39493656,1.0056349,0.6091415882110596,0.37349236011505127,0.08437080681324005,0.28091922402381897
Estepa,346880000100043037,328691.8,5267727.2,3.17,0.13359578,0.2868642,0.27246272563934326,0.17031468451023102,-0.10634135454893112,0.010277305729687214
Estepa,346880100100041756,319659.7,5260498.9,2.76,0.0044453153,0.0089105,0.8943782448768616,0.6174359917640686,0.361449271440506,0.6437004804611206
Estepa,346880100100041757,319705.9,5260531.9,5.41,0.091290265,0.19148318,0.89512699842453,0.6699936389923096,0.38505008816719055,0.6696450710296631
Estepa,346880100100041829,323026.2,5262900.5,3.36,0.039681245,0.08098425,0.743889331817627,0.45277050137519836,0.13968390226364136,0.36591339111328125
Estepa,346880100100041833,323214.0,5263033.5,2.54,0.07192502,0.14930002,0.37873920798301697,0.23677195608615875,-0.05397024005651474,0.07210810482501984
Estepa,346880100100041881,325451.5,5264623.0,6.42,0.45189536,1.2037143,0.3011816143989563,0.18013469874858856,-0.13874047994613647,-0.04020887240767479
Estepa,346880100100041901,326366.6,5265277.7,6.5,0.80832034,3.3169832,0.19260399043560028,0.11299322545528412,-0.1390070617198944,-0.06447352468967438
Estepa,346880100100041933,327841.6,5266330.4,2.46,0.06816782,0.14121807,0.49531397223472595,0.2997361719608307,-0.042541347444057465,0.12937834858894348
Estepa,346880100100041970,329557.1,5267552.7,2.31,0.042253044,0.08634815,0.22298404574394226,0.11932391673326492,-0.23983028531074524,-0.17954784631729126
Estepa,346880100100042000,330943.2,5268542.1,4.11,0.15246646,0.33092332,0.21739418804645538,0.10879623144865036,-0.2623966336250305,-0.18822410702705383
Estepa,346880100100042008,331313.6,5268805.9,2.5,0.06485776,0.13412496,0.3334418535232544,0.21085995435714722,-0.1335025280714035,0.00197304948233068
Estepa,346880200100042760,319133.6,5259430.3,5.94,0.07015152,0.14547919,0.9101008176803589,0.6482552886009216,0.4274786710739136,0.7086369395256042
Estepa,346880200100042761,319179.0,5259462.9,7.43,0.23141608,0.5265777,0.5952097773551941,0.3864896893501282,0.1488034576177597,0.36750704050064087
Estepa,346880200100042772,319685.3,5259824.6,10.24,0.50787926,1.4194845,0.6600320935249329,0.46404361724853516,0.19255290925502777,0.388802170753479
Estepa,346880200100042773,319731.2,5259857.4,3.85,0.0056374436,0.011306858,0.9162750244140625,0.709454357624054,0.4148229658603668,0.6596260070800781
Estepa,346880200100042775,319822.2,5259922.7,4.18,0.21764365,0.4910339,0.5973978638648987,0.3737238645553589,0.05034468322992325,0.237814798951149
Estepa,346880200100042776,319868.5,5259955.6,3.58,0.037832268,0.077136286,0.5161585211753845,0.3207394778728485,0.04660389572381973,0.24321778118610382
Estepa,346880200100042790,320512.3,5260415.3,4.03,0.16658753,0.3645309,0.7145711779594421,0.4602789282798767,0.09318816661834717,0.32995539903640747
Estepa,346880200100042792,320604.6,5260481.1,3.96,0.19830607,0.4421726,0.444979190826416,0.258695513010025,-0.003462577937170863,0.1565968543291092
Estepa,346880200100042793,320650.7,5260514.0,2.84,0.0077356896,0.015531664,0.7237645387649536,0.4271899461746216,0.156582310795784,0.3944094181060791
Estepa,346880200100042794,320696.8,5260546.8,4.56,0.21893466,0.494339,0.6093018054962158,0.3322341740131378,0.05432590842247009,0.2654924690723419
Estepa,346880200100042795,320743.1,5260579.7,3.81,0.006697001,0.013439153,0.5959616303443909,0.3137432634830475,0.057706091552972794,0.25344085693359375
Estepa,346880200100042798,320882.8,5260679.0,3.85,0.012349393,0.024852902,0.25981462001800537,0.15932303667068481,-0.1432565152645111,-0.0476444810628891
Estepa,346880200100042799,320928.6,5260711.7,3.73,0.030076612,0.061078455,0.5737879872322083,0.3553376793861389,0.07587327808141708,0.23048679530620575
Estepa,346880200100042800,320974.3,5260744.4,3.4,0.053433623,0.10983512,0.6455255150794983,0.4018479585647583,0.11919086426496506,0.31599554419517517
Estepa,346880200100042813,321577.6,5261173.6,4.14,0.013375106,0.026931118,0.14409178495407104,0.10234241932630539,-0.14696596562862396,-0.05807378515601158
Estepa,346880200100042825,322127.7,5261567.0,3.21,0.0076318886,0.015322451,0.629615068435669,0.3606482744216919,0.09858903288841248,0.29048898816108704
Estepa,346880200100042826,322173.7,5261599.8,5.27,0.107231595,0.22688554,0.6577282547950745,0.38424378633499146,0.10813509672880173,0.2926367223262787
Estepa,346880200100042829,322359.2,5261731.8,4.82,0.11159753,0.23669286,0.30960071086883545,0.1707407683134079,-0.08764982968568802,0.030088599771261215
Estepa,346880200100042854,323516.9,5262555.4,3.02,0.11650769,0.24778056,0.29903703927993774,0.16717202961444855,-0.17454282939434052,-0.061674077063798904
Estepa,346880200100042862,323886.3,5262819.0,2.61,0.008342702,0.01675555,0.22840791940689087,0.12792335450649261,-0.12964613735675812,-0.02954547293484211
Estepa,346880200100042884,324905.5,5263545.4,4.93,0.18915579,0.4194625,0.43550464510917664,0.24875085055828094,-0.03751922771334648,0.08049750328063965
Estepa,346880200100042890,325184.8,5263743.9,3.77,0.0050162384,0.010057779,0.34696486592292786,0.2015952169895172,-0.039619266986846924,0.09346535801887512
Estepa,346880200100042921,326620.2,5264766.2,2.09,0.03100146,0.06298655,0.44581878185272217,0.26273787021636963,-0.0843433141708374,0.06567773222923279
Estepa,346880200100042932,327126.9,5265128.1,3.4,0.12206587,0.26040637,0.2813344895839691,0.14896540343761444,-0.19656790792942047,-0.09197850525379181
Estepa,346880200100042953,328099.0,5265820.5,2.91,0.12870052,0.2755828,0.18027670681476593,0.10138005018234253,-0.20867009460926056,-0.14350886642932892
Estepa,346880200100042971,328932.0,5266413.9,2.42,0.01228642,0.024725381,0.20757323503494263,0.10535689443349838,-0.23174381256103516,-0.1871553361415863
Estepa,346880200100042997,330139.9,5267273.5,3.17,0.06257115,0.12923822,0.19385528564453125,0.09959015995264053,-0.24185268580913544,-0.18048781156539917
Estepa,346880200100043020,331203.0,5268031.9,2.5,0.03211388,0.06528406,0.197987362742424,0.10468399524688721,-0.22518102824687958,-0.15932685136795044
Estepa,346880200100043024,331387.8,5268163.8,3.14,0.030027032,0.06097622,0.18560154736042023,0.10323618352413177,-0.18429216742515564,-0.1070423573255539
Estepa,346880300100041694,319398.2,5258827.7,14.95,0.8586625,3.9308205,0.8716471195220947,0.5731410980224609,0.33836838603019714,0.6384193897247314
Estepa,346880300100041695,319444.4,5258860.6,4.93,0.02915515,0.05917909,0.8726902008056641,0.5767015814781189,0.33629077672958374,0.6247683167457581
Estepa,346880300100041696,319490.7,5258893.6,3.02,0.0056519886,0.011336111,0.9160139560699463,0.6732121706008911,0.422608882188797,0.69797682762146
Estepa,346880300100041697,319536.6,5258926.5,2.95,0.009504789,0.019100688,0.9160995483398438,0.6672414541244507,0.43198883533477783,0.7135279178619385
Estepa,346880300100041698,319582.7,5258959.4,3.92,0.0146949245,0.029608397,0.9032658338546753,0.6232288479804993,0.40764671564102173,0.6986140012741089
Estepa,346880300100041699,319628.6,5258992.3,13.27,0.76692057,2.9205687,0.9004220962524414,0.6575143337249756,0.41782504320144653,0.6943771243095398
Estepa,346880300100041710,320137.0,5259355.0,2.69,0.012632298,0.025425872,0.33953893184661865,0.20334236323833466,0.020639849826693535,0.10957834124565125
Estepa,346880300100041711,320182.0,5259387.4,3.06,0.01283777,0.025842128,0.39702609181404114,0.21869753301143646,-0.06369634717702866,0.04146658629179001
Estepa,346880300100041712,320227.8,5259420.1,3.02,0.06863994,0.14222966,0.4618968963623047,0.2660781145095825,-0.04089571535587311,0.09560272842645645
Estepa,346880300100041713,320274.3,5259453.2,6.5,0.2568846,0.59401506,0.31834521889686584,0.2012522965669632,-0.06719028204679489,0.03687542304396629
Estepa,346880300100041717,320460.4,5259585.6,2.76,0.035604455,0.072510324,0.2387281209230423,0.13876062631607056,-0.1319916695356369,-0.04826037958264351
Estepa,346880300100041740,321524.3,5260343.3,3.02,0.050744355,0.10416012,0.3450084626674652,0.1987701803445816,-0.08904431015253067,0.01957768201828003
Estepa,346880300100041741,321570.3,5260376.1,4.48,0.18812604,0.4169193,0.3174249529838562,0.18193118274211884,-0.10970208048820496,0.00046602345537394285
Estepa,346880300100041751,322030.2,5260704.4,2.54,0.03681156,0.07501543,0.3888455033302307,0.19555823504924774,-0.17004908621311188,-0.07183679193258286
Estepa,346880300100041769,322908.2,5261330.1,2.5,0.06963863,0.14437574,0.2641431391239166,0.1435173600912094,-0.14664866030216217,-0.06432594358921051
Estepa,346880300100041770,322954.1,5261362.8,4.74,0.12634361,0.2701768,0.25077900290489197,0.14893847703933716,-0.13243108987808228,-0.053910061717033386
Estepa,346880300100041771,322999.8,5261395.5,3.28,0.1805089,0.3982335,0.38727590441703796,0.23536191880702972,-0.11616555601358414,-0.010294942185282707
Estepa,346880300100041773,323092.3,5261461.4,2.24,0.03510476,0.07147423,0.23714327812194824,0.12584221363067627,-0.19102290272712708,-0.12178199738264084
Estepa,346880300100041775,323183.5,5261526.7,2.54,0.011057298,0.022238031,0.22382184863090515,0.12829861044883728,-0.17161825299263,-0.09206195175647736
Estepa,346880300100041778,323320.9,5261624.8,4.22,0.041112628,0.083967105,0.32478490471839905,0.17395302653312683,-0.2040809988975525,-0.10910706967115402
Estepa,346880300100041779,323368.2,5261658.2,3.47,0.008475784,0.01702397,0.20010535418987274,0.1164729967713356,-0.20835919678211212,-0.10816455632448196
Estepa,346880300100041780,323414.4,5261691.1,2.8,0.045734238,0.093630865,0.18476000428199768,0.10903962701559067,-0.23018687963485718,-0.14583611488342285
Estepa,346880300100041781,323460.5,5261723.9,3.43,0.007402387,0.014859959,0.20148615539073944,0.12193310260772705,-0.18402130901813507,-0.08671204745769501
Estepa,346880300100041786,323693.3,5261889.2,3.4,0.113238394,0.24039012,0.29433614015579224,0.1625761240720749,-0.15911154448986053,-0.08523152768611908
Estepa,346880300100041787,323739.9,5261922.3,3.28,0.10533773,0.22264528,0.29824402928352356,0.16862989962100983,-0.1552693247795105,-0.07724505662918091
Estepa,346880300100041788,323786.5,5261955.3,2.95,0.068320915,0.1415446,0.3171444237232208,0.1828841120004654,-0.16149166226387024,-0.08132067322731018
Estepa,346880300100041790,323879.6,5262021.4,2.87,0.11691025,0.2486911,0.25802409648895264,0.14680826663970947,-0.15473082661628723,-0.08244865387678146
Estepa,346880300100041791,323926.0,5262054.4,2.87,0.08459603,0.1767967,0.24922755360603333,0.14479869604110718,-0.1359516680240631,-0.06431329995393753
Estepa,346880300100041798,324250.5,5262285.4,4.03,0.09588546,0.20162077,0.3119513988494873,0.17174623906612396,-0.16696347296237946,-0.0770210325717926
Estepa,346880300100041806,324623.5,5262550.5,3.02,0.032611232,0.066312015,0.22908514738082886,0.13847483694553375,-0.14919406175613403,-0.04208979383111
Estepa,346880300100041807,324669.6,5262583.4,3.32,0.013667642,0.027524212,0.19302327930927277,0.12764716148376465,-0.12594395875930786,-0.002084572333842516
Estepa,346880300100041819,325214.8,5262974.9,4.89,0.29966077,0.71268547,0.3062423765659332,0.18519499897956848,-0.050713911652565,0.04764517769217491
Estepa,346880300100041829,325673.5,5263302.8,8.37,0.3837898,0.9689235,0.5293164849281311,0.3185117542743683,0.009094183333218098,0.2087281346321106
Estepa,346880300100041830,325719.8,5263335.7,2.16,0.016383404,0.033038776,0.3174819350242615,0.17600899934768677,-0.18075965344905853,-0.048340510576963425
Estepa,346880300100041831,325766.1,5263368.7,2.35,0.037173513,0.07576721,0.28382158279418945,0.1572193056344986,-0.20858904719352722,-0.10927081853151321
Estepa,346880300100041833,325859.2,5263434.9,3.21,0.04433604,0.0907023,0.500654935836792,0.3100370168685913,-0.041904088109731674,0.15807880461215973
Estepa,346880300100041846,326466.8,5263865.9,3.62,0.008219115,0.016506303,0.6330822110176086,0.3523307144641876,0.06574518978595734,0.2653506100177765
Estepa,346880300100041849,326604.3,5263964.2,2.91,0.073136955,0.1519115,0.24818256497383118,0.12810426950454712,-0.16875693202018738,-0.07264873385429382
Estepa,346880300100041850,326650.1,5263997.0,2.72,0.0078896405,0.01584199,0.23101109266281128,0.11928580701351166,-0.17899984121322632,-0.10378842800855637
Estepa,346880300100041860,327111.6,5264326.2,2.99,0.080811664,0.168544,0.21321485936641693,0.11175478994846344,-0.23820342123508453,-0.17883232235908508
Estepa,346880300100041873,327712.1,5264754.6,3.1,0.08148064,0.17000036,0.24769002199172974,0.12788154184818268,-0.2359585016965866,-0.1795152723789215
Estepa,346880300100041886,328315.4,5265184.0,2.28,0.015748631,0.03174845,0.20124369859695435,0.11704134941101074,-0.16339579224586487,-0.07956859469413757
Estepa,346880300100041910,329425.3,5265974.8,4.82,0.12428099,0.26545912,0.4754965603351593,0.2645830512046814,0.01700221188366413,0.13343097269535065
Estepa,346880300100041918,329796.0,5266238.8,3.73,0.005285264,0.01059862,0.21623803675174713,0.10645011067390442,-0.22781096398830414,-0.1719113141298294
Estepa,346880300100041925,330120.8,5266470.1,2.46,0.064970545,0.13436429,0.2754400372505188,0.18187829852104187,-0.18004365265369415,-0.08121088147163391
Estepa,346880300100041934,330539.5,5266768.0,2.65,0.04939982,0.10132899,0.2048928439617157,0.10187459737062454,-0.25196123123168945,-0.2041286677122116
Estepa,346880300100041937,330678.2,5266866.8,2.57,0.058312133,0.12017064,0.18907834589481354,0.09954202175140381,-0.23403197526931763,-0.18971535563468933
Estepa,346880300100041938,330724.4,5266899.8,5.57,0.25746498,0.59557885,0.2272050678730011,0.12318163365125656,-0.2067079246044159,-0.14875109493732452
Estepa,346880300100041944,331003.1,5267098.2,2.09,0.0061327396,0.012303324,0.2151813805103302,0.10676327347755432,-0.2558802366256714,-0.20460103452205658
Estepa,346880300100041946,331095.6,5267164.1,2.61,0.053427257,0.10982143,0.28887447714805603,0.15315955877304077,-0.21704357862472534,-0.12970900535583496
Estepa,346880300100041950,331281.6,5267296.5,4.26,0.20352393,0.4552352,0.16974808275699615,0.08844999223947525,-0.2142401933670044,-0.16261659562587738
Estepa,346880300100041952,331374.9,5267362.8,3.58,0.16439554,0.3592726,0.16882038116455078,0.08879940211772919,-0.21319667994976044,-0.16419710218906403
Estepa,346880300100041955,331514.7,5267462.3,2.43,0.027811999,0.05641386,0.21378573775291443,0.11821886897087097,-0.23296448588371277,-0.16782155632972717
Estepa,346880300100041958,331653.4,5267561.2,4.63,0.16691713,0.36531964,0.16797862946987152,0.09024392068386078,-0.22014456987380981,-0.16253545880317688
Estepa,346880300100041988,333039.7,5268550.7,2.16,0.005241842,0.010511315,0.16569170355796814,0.08373647928237915,-0.2497590184211731,-0.20734857022762299
Estepa,346880300100041991,333178.2,5268649.5,2.46,0.084853485,0.1773594,0.18819862604141235,0.08993171155452728,-0.2658015191555023,-0.22193977236747742
Estepa,346880300100041996,333408.9,5268814.1,2.31,0.039384358,0.080365285,0.16648896038532257,0.08509054780006409,-0.22989487648010254,-0.18910786509513855
Estepa,346880500100041603,319143.7,5257746.9,12.63,0.6297985,1.9909974,0.7894884347915649,0.4917926788330078,0.25585100054740906,0.5277607440948486
Estepa,346880500100041604,319190.2,5257779.9,4.52,0.008413456,0.016898278,0.7347413897514343,0.4665011763572693,0.23029769957065582,0.4741908609867096
Estepa,346880500100041607,319330.8,5257879.7,16.55,0.92305076,5.1776505,0.9015724658966064,0.726494550704956,0.3982135057449341,0.6834467053413391
Estepa,346880500100041615,319701.4,5258143.5,7.84,0.3355911,0.8182014,0.8135983943939209,0.5749461650848389,0.22783797979354858,0.4960525929927826
Estepa,346880500100041616,319747.6,5258176.4,6.27,0.13742802,0.29573137,0.4400690793991089,0.336436927318573,0.14609397947788239,0.33500611782073975
Estepa,346880500100041617,319793.2,5258209.0,4.67,0.09082181,0.190452,0.6064552068710327,0.4147197902202606,0.17682179808616638,0.3803062438964844
Estepa,346880500100041618,319839.0,5258241.7,12.51,0.8369605,3.644415,0.8846418261528015,0.6217243671417236,0.36981186270713806,0.652545690536499
Estepa,346880500100041619,319885.6,5258274.8,5.86,0.29065242,0.6871545,0.4503694772720337,0.2881236672401428,0.016006052494049072,0.1968672275543213
Estepa,346880500100041620,319931.5,5258307.6,8.37,0.23613164,0.5389205,0.5702788233757019,0.3639768064022064,0.08501923084259033,0.2836732864379883
Estepa,346880500100041621,319976.6,5258340.0,6.72,0.4467395,1.1849424,0.5579432845115662,0.3534811735153198,0.11896063387393951,0.32969987392425537
Estepa,346880500100041622,320022.4,5258372.7,5.08,0.21910557,0.4947987,0.3652664124965668,0.24719111621379852,0.01497715525329113,0.1629795879125595
Estepa,346880500100041629,320345.0,5258602.7,2.91,0.09001155,0.18866993,0.3454740643501282,0.20102757215499878,0.055760458111763,0.21537476778030396
Estepa,346880500100041630,320390.7,5258635.3,5.45,0.18058278,0.39843097,0.3589395582675934,0.20647306740283966,0.08220184594392776,0.2677291929721832
Estepa,346880500100041631,320437.0,5258668.3,3.69,0.020859584,0.042161565,0.7813279032707214,0.4921826720237732,0.2420080453157425,0.5051131844520569
Estepa,346880500100041633,320528.3,5258733.6,16.62,0.5698874,1.6898519,0.7514412999153137,0.4675222635269165,0.20228368043899536,0.466997891664505
Estepa,346880500100041634,320575.2,5258766.9,5.9,0.21273546,0.47853866,0.5675507187843323,0.34562432765960693,0.09082015603780746,0.2848621904850006
Estepa,346880500100041635,320621.9,5258800.1,6.12,0.33680335,0.82185847,0.6266385316848755,0.42079970240592957,0.15981590747833252,0.37033283710479736
Estepa,346880500100041650,321317.2,5259295.2,3.4,0.08784942,0.18392241,0.4754898250102997,0.3057030141353607,0.015803661197423935,0.16047924757003784
Estepa,346880500100041651,321363.7,5259328.2,2.91,0.008237453,0.01654331,0.33846351504325867,0.20451462268829346,-0.04327612370252609,0.06616471707820892
Estepa,346880500100041652,321409.8,5259361.1,3.21,0.10803528,0.22869171,0.39027637243270874,0.23272554576396942,-0.04684395343065262,0.06862900406122208
Estepa,346880500100041653,321456.4,5259394.2,3.36,0.040891644,0.083506905,0.3679717183113098,0.21536725759506226,-0.03493272513151169,0.09392228722572327
Estepa,346880500100041654,321502.9,5259427.2,3.17,0.0140625425,0.028325222,0.377792626619339,0.233942911028862,0.010176870971918106,0.12473376840353012
Estepa,346880500100041660,321780.3,5259624.7,2.95,0.12514602,0.26744378,0.40029215812683105,0.24616111814975739,-0.04274751618504524,0.08534718304872513
Estepa,346880500100041665,322010.2,5259788.5,3.69,0.0126527585,0.025467385,0.3582877218723297,0.2305697798728943,-0.022343052551150322,0.07869473844766617
Estepa,346880500100041666,322056.7,5259821.6,3.55,0.013083533,0.026340194,0.3855023682117462,0.22658401727676392,-0.06099014729261398,0.05769835412502289
Estepa,346880500100041667,322102.8,5259854.4,3.13,0.02451459,0.049641717,0.37999555468559265,0.225259467959404,-0.0796668753027916,0.030429432168602943
Estepa,346880500100041668,322149.2,5259887.3,2.72,0.041039184,0.08381463,0.35547125339508057,0.19662830233573914,-0.09989234060049057,0.004207267891615629
Estepa,346880500100041669,322195.0,5259920.1,3.28,0.050493307,0.10363229,0.42263317108154297,0.24367573857307434,-0.07378197461366653,0.04203019663691521
Estepa,346880500100041670,322241.0,5259952.8,2.69,0.016168114,0.032601163,0.3748828172683716,0.20964489877223969,-0.12134376913309097,-0.032740917056798935
Estepa,346880500100041671,322286.7,5259985.5,2.65,0.018431844,0.037208535,0.3288717567920685,0.17573748528957367,-0.15097105503082275,-0.06733974069356918
Estepa,346880500100041672,322332.0,5260017.9,3.32,0.060971417,0.12582894,0.3116215467453003,0.17112286388874054,-0.15237748622894287,-0.07715816050767899
Estepa,346880500100041673,322377.4,5260050.4,2.76,0.04389649,0.089783356,0.46465811133384705,0.26438865065574646,-0.07258468121290207,0.049521323293447495
Estepa,346880500100041674,322423.3,5260083.1,4.07,0.115283914,0.24501647,0.6791393160820007,0.3813951313495636,0.06692089140415192,0.26718273758888245
Estepa,346880500100041675,322469.5,5260116.0,3.43,0.06033344,0.12447037,0.5579320192337036,0.34499701857566833,0.018254488706588745,0.1554117053747177
Estepa,346880500100041676,322516.6,5260149.4,5.82,0.12820706,0.27445647,0.38547447323799133,0.24277178943157196,-0.02926928550004959,0.10400012135505676
Estepa,346880500100041680,322803.1,5260351.8,3.92,0.10099937,0.21297276,0.21092475950717926,0.14575757086277008,-0.06430254131555557,0.04250813648104668
Estepa,346880500100041681,322850.1,5260385.1,2.5,0.027209273,0.05517454,0.19687610864639282,0.13176706433296204,-0.08186518400907516,0.02803998440504074
Estepa,346880500100041682,322896.7,5260418.3,2.13,0.014296982,0.028800864,0.19964231550693512,0.13293294608592987,-0.15242935717105865,-0.056091222912073135
Estepa,346880500100041683,322943.0,5260451.3,2.13,0.02479968,0.050226353,0.21161381900310516,0.14076991379261017,-0.15940159559249878,-0.07101123034954071
Estepa,346880500100041684,322988.9,5260484.1,2.2,0.023817893,0.048213728,0.19554132223129272,0.1239803358912468,-0.17095071077346802,-0.08236026763916016
Estepa,346880500100041685,323034.5,5260516.8,2.87,0.0507949,0.104267746,0.20413988828659058,0.1282951384782791,-0.15779529511928558,-0.06540849059820175
Estepa,346880500100041686,323079.9,5260549.3,3.02,0.019496297,0.0393787,0.20795565843582153,0.12743237614631653,-0.16014307737350464,-0.07533454895019531
Estepa,346880500100041687,323125.2,5260581.8,3.06,0.034525726,0.0702748,0.249123677611351,0.14872866868972778,-0.15227480232715607,-0.06765595823526382
Estepa,346880500100041688,323170.7,5260614.4,2.27,0.016694508,0.033671584,0.29038694500923157,0.1587621569633484,-0.16408485174179077,-0.08005222678184509
Estepa,346880500100041689,323216.2,5260647.0,3.62,0.09475036,0.19911493,0.2261398881673813,0.1211671531200409,-0.1881931722164154,-0.102611243724823
Estepa,346880500100041691,323306.9,5260712.1,4.29,0.131584,0.28222156,0.2217015027999878,0.12397483736276627,-0.1447095274925232,-0.055575862526893616
Estepa,346880500100041692,323353.0,5260745.0,3.02,0.04846833,0.09937095,0.14821578562259674,0.08906347304582596,-0.2256840318441391,-0.09720911085605621
Estepa,346880500100041693,323398.5,5260777.6,3.66,0.09064772,0.19006898,0.10874725133180618,0.06804298609495163,-0.2022901326417923,-0.0834752693772316
Estepa,346880500100041694,323443.8,5260810.2,4.14,0.24795619,0.5701475,0.2732419967651367,0.16247349977493286,-0.1468755453824997,-0.04474439471960068
Estepa,346880500100041695,323490.6,5260843.4,4.59,0.012877352,0.025922393,0.2649460732936859,0.1542947143316269,-0.140828475356102,-0.05548212304711342
Estepa,346880500100041696,323536.4,5260876.2,3.84,0.044927668,0.09194182,0.34538355469703674,0.18891268968582153,-0.17036336660385132,-0.06637550890445709
Estepa,346880500100041697,323582.6,5260909.1,2.54,0.01737793,0.035062175,0.3538617789745331,0.19773036241531372,-0.1802474409341812,-0.08053236454725266
Estepa,346880500100041698,323628.6,5260942.0,3.32,0.073405005,0.15249248,0.4096299707889557,0.22654257714748383,-0.13346463441848755,-0.01684979908168316
Estepa,346880500100041699,323675.9,5260975.5,4.07,0.017897272,0.03611956,0.34736159443855286,0.1919860988855362,-0.12022706866264343,-0.023003386333584785
Estepa,346880500100041700,323722.9,5261008.8,2.8,0.061530065,0.12701932,0.32043448090553284,0.17311176657676697,-0.16177651286125183,-0.07616256177425385
Estepa,346880500100041701,323769.7,5261042.1,2.54,0.039589517,0.08079317,0.2835630178451538,0.14754846692085266,-0.16995090246200562,-0.08286647498607635
Estepa,346880500100041702,323816.3,5261075.2,3.13,0.060778312,0.12541762,0.2805545926094055,0.16195501387119293,-0.1640816032886505,-0.06478439271450043
Estepa,346880500100041703,323863.0,5261108.4,2.95,0.02229217,0.045090087,0.25568145513534546,0.15831756591796875,-0.1864970475435257,-0.050689294934272766
Estepa,346880500100041704,323909.2,5261141.3,3.17,0.031007519,0.06299938,0.2509703040122986,0.15205666422843933,-0.1721091866493225,-0.057644084095954895
Estepa,346880500100041705,323954.8,5261173.9,3.21,0.051768716,0.10632094,0.3328574001789093,0.1928505301475525,-0.15402810275554657,-0.044016774743795395
Estepa,346880500100041706,324000.6,5261206.6,2.91,0.02848264,0.05779441,0.39651933312416077,0.21895568072795868,-0.1204797700047493,-0.015597209334373474
Estepa,346880500100041707,324046.6,5261239.4,2.61,0.058665913,0.12092376,0.3082965612411499,0.16602961719036102,-0.1644079089164734,-0.08202183246612549
Estepa,346880500100041708,324092.7,5261272.3,2.31,0.06511193,0.13466865,0.29425349831581116,0.15231695771217346,-0.16512928903102875,-0.09135469794273376
Estepa,346880500100041709,324138.8,5261305.2,2.46,0.025865573,0.052413687,0.3234456777572632,0.16738849878311157,-0.1288166642189026,-0.03676493093371391
Estepa,346880500100041710,324185.1,5261338.1,2.39,0.015661882,0.031572282,0.2780129313468933,0.14132808148860931,-0.15630187094211578,-0.06275217980146408
Estepa,346880500100041711,324230.2,5261370.4,2.76,0.0137380455,0.027667057,0.2736109793186188,0.1436181366443634,-0.14960582554340363,-0.06108172610402107
Estepa,346880500100041712,324275.5,5261402.9,3.55,0.14896707,0.3226783,0.31761908531188965,0.18099649250507355,-0.08306006342172623,0.03551490977406502
Estepa,346880500100041713,324415.4,5261502.2,5.15,0.17975757,0.39641675,0.42183035612106323,0.24689088761806488,0.00014068475866224617,0.13840951025485992
Estepa,346880500100041714,324462.8,5261535.7,4.44,0.023510365,0.04758373,0.32932379841804504,0.1956944465637207,-0.03550773859024048,0.09374133497476578
Estepa,346880500100041715,324509.9,5261569.0,4.26,0.15325011,0.33277377,0.3284872770309448,0.19004477560520172,-0.08223733305931091,0.04334712773561478
Estepa,346880500100041716,324557.0,5261602.4,3.13,0.06324982,0.13068832,0.35560986399650574,0.20275406539440155,-0.08383141458034515,0.03403044119477272
Estepa,346880500100041717,324603.8,5261635.6,2.31,0.02353566,0.04763554,0.28288882970809937,0.1600901484489441,-0.11700376123189926,-0.024772394448518753
Estepa,346880500100041718,324650.3,5261668.7,2.13,0.06059674,0.12503095,0.35023799538612366,0.2112526297569275,-0.1116623505949974,0.00904643815010786
Estepa,346880500100041719,324696.6,5261701.6,2.05,0.01407006,0.028340474,0.27725085616111755,0.1461271494626999,-0.155573770403862,-0.07492706924676895
Estepa,346880500100041720,324742.7,5261734.5,2.24,0.011608323,0.023352798,0.2609770894050598,0.13692007958889008,-0.1663489192724228,-0.08951549977064133
Estepa,346880500100041721,324788.4,5261767.1,2.39,0.013168029,0.026511436,0.2236347198486328,0.12170273810625076,-0.15588928759098053,-0.0707988440990448
Estepa,346880500100041724,324922.5,5261863.6,5.86,0.23161185,0.52711236,0.25292283296585083,0.143833726644516,-0.09497548639774323,0.00644687470048666
Estepa,346880500100041729,325157.1,5262030.0,5.49,0.16907157,0.37051547,0.31903043389320374,0.18807080388069153,-0.022174661979079247,0.10830532759428024
Estepa,346880500100041730,325204.6,5262063.7,5.68,0.11350224,0.24099155,0.2704562842845917,0.14829185605049133,-0.08005565404891968,0.03756697475910187
Estepa,346880500100041731,325252.1,5262097.2,3.28,0.07354464,0.15279394,0.23456579446792603,0.1345605105161667,-0.10297279059886932,-0.0025896886363625526
Estepa,346880500100041732,325299.1,5262130.6,3.21,0.07902679,0.16466625,0.24648714065551758,0.1412268877029419,-0.1359100639820099,-0.045836228877305984
Estepa,346880500100041733,325346.1,5262164.0,2.91,0.048271824,0.09895791,0.2879711389541626,0.16630084812641144,-0.14705035090446472,-0.048251911997795105
Estepa,346880500100041734,325393.1,5262197.3,3.62,0.10881586,0.23044325,0.2538176476955414,0.1573384702205658,-0.13507665693759918,-0.039922673255205154
Estepa,346880500100041735,325440.1,5262230.7,3.66,0.13740517,0.29567838,0.3049243688583374,0.1905977427959442,-0.153196319937706,-0.02109481394290924
Estepa,346880500100041736,325486.9,5262264.0,3.21,0.011365442,0.022861375,0.1981852650642395,0.11620155721902847,-0.22096143662929535,-0.11481577903032303
Estepa,346880500100041737,325533.0,5262296.9,3.88,0.11544724,0.24538584,0.19733208417892456,0.11782839894294739,-0.1992352455854416,-0.10333477705717087
Estepa,346880500100041738,325579.1,5262329.7,3.43,0.03650133,0.074371874,0.22057698667049408,0.13487060368061066,-0.1556052565574646,-0.05175543949007988
Estepa,346880500100041739,325624.7,5262362.4,3.88,0.1363063,0.29313117,0.2226988673210144,0.137970969080925,-0.1723545640707016,-0.07184837758541107
Estepa,346880500100041740,325670.3,5262395.0,3.4,0.01552778,0.03129982,0.21066215634346008,0.12529993057250977,-0.17366807162761688,-0.0828765258193016
Estepa,346880500100041742,325760.7,5262460.0,2.87,0.07741249,0.16116294,0.19475091993808746,0.11543088406324387,-0.1252390742301941,-0.038216400891542435
Estepa,346880500100041743,325806.0,5262492.4,3.32,0.008722835,0.017522398,0.19941388070583344,0.11686701327562332,-0.15738055109977722,-0.0766661986708641
Estepa,346880500100041744,325851.3,5262524.9,2.69,0.01315052,0.026475951,0.2309340089559555,0.13293272256851196,-0.1518423855304718,-0.05733755603432655
Estepa,346880500100041745,325896.5,5262557.4,2.98,0.11433318,0.2428677,0.2631618082523346,0.14630703628063202,-0.1658986210823059,-0.06610026210546494
Estepa,346880500100041746,325942.0,5262590.0,3.32,0.059027832,0.12169298,0.2629922926425934,0.16075842082500458,-0.12217969447374344,-0.031843896955251694
Estepa,346880500100041748,326036.3,5262656.8,2.2,0.0185513,0.037451956,0.20810288190841675,0.10634766519069672,-0.1273217797279358,-0.0313437394797802
Estepa,346880500100041749,326081.9,5262689.4,2.98,0.04486448,0.09180949,0.21485525369644165,0.11423622071743011,-0.11564792692661285,-0.023176347836852074
Estepa,346880500100041750,326127.1,5262721.9,3.25,0.04913504,0.10077297,0.1959659606218338,0.1024063304066658,-0.153740793466568,-0.056285083293914795
Estepa,346880500100041751,326172.3,5262754.3,3.25,0.031298086,0.06359925,0.24353568255901337,0.13506492972373962,-0.19074101746082306,-0.08158297091722488
Estepa,346880500100041752,326217.6,5262786.7,3.62,0.03518433,0.0716397,0.2991035282611847,0.1708139032125473,-0.14394314587116241,-0.03230596333742142
Estepa,346880500100041753,326263.0,5262819.2,3.43,0.09711919,0.20435674,0.2851572036743164,0.15729688107967377,-0.15877071022987366,-0.06528937071561813
Estepa,346880500100041754,326308.8,5262852.0,2.91,0.01523101,0.030696983,0.22471220791339874,0.1142655462026596,-0.1731261909008026,-0.10265735536813736
Estepa,346880500100041755,326354.4,5262884.6,2.99,0.06676556,0.13821001,0.2053454965353012,0.10956744104623795,-0.1783595085144043,-0.11339035630226135
Estepa,346880500100041756,326399.7,5262917.1,3.21,0.016193436,0.032652643,0.1964544951915741,0.10436782240867615,-0.19709491729736328,-0.127839595079422
Estepa,346880500100041757,326445.1,5262949.6,2.35,0.02657093,0.053862482,0.2587920129299164,0.14430014789104462,-0.16733752191066742,-0.06734730303287506
Estepa,346880500100041758,326491.0,5262982.3,2.46,0.04636137,0.09494673,0.29679974913597107,0.15950258076190948,-0.1567407250404358,-0.06291943043470383
Estepa,346880500100041759,326536.8,5263015.1,2.13,0.03923694,0.08005901,0.2919234335422516,0.16053330898284912,-0.1689307987689972,-0.06995035707950592
Estepa,346880500100041760,326582.8,5263047.9,2.01,0.007376733,0.01480829,0.2578141391277313,0.14323270320892334,-0.18030771613121033,-0.09035568684339523
Estepa,346880500100041761,326629.0,5263080.8,2.01,0.023660475,0.047891222,0.15601129829883575,0.08752661943435669,-0.16185514628887177,-0.0996401235461235
Estepa,346880500100041762,326675.3,5263113.7,2.09,0.040054243,0.08176128,0.14680945873260498,0.08461276441812515,-0.1581665277481079,-0.10053741931915283
Estepa,346880500100041763,326721.6,5263146.7,2.01,0.023113996,0.046772018,0.13846515119075775,0.0796089693903923,-0.16636034846305847,-0.1091671735048294
Estepa,346880500100041764,326767.8,5263179.6,1.98,0.033809982,0.06879254,0.15327808260917664,0.08891486376523972,-0.16608849167823792,-0.11065226048231125
Estepa,346880500100041765,326814.1,5263212.6,1.98,0.027717235,0.056219224,0.1453429013490677,0.08354679495096207,-0.16580802202224731,-0.11419004946947098
Estepa,346880500100041766,326860.4,5263245.6,1.98,0.0024241565,0.004854214,0.1467672437429428,0.0808093249797821,-0.18418936431407928,-0.12983247637748718
Estepa,346880500100041767,326906.5,5263278.4,3.13,0.1316538,0.2823824,0.1519736647605896,0.08621509373188019,-0.1978997439146042,-0.13089929521083832
Estepa,346880500100041768,326952.7,5263311.4,2.05,0.041774966,0.085349925,0.2694251239299774,0.1418326050043106,-0.19615289568901062,-0.1037614718079567
Estepa,346880500100041769,326999.0,5263344.3,7.25,0.4890146,1.3442732,0.5601907968521118,0.35253798961639404,0.03429187834262848,0.20050294697284698
Estepa,346880500100041770,327045.3,5263377.3,2.16,0.045610588,0.0933726,0.312588632106781,0.18243485689163208,-0.21359966695308685,-0.10452459752559662
Estepa,346880500100041771,327091.5,5263410.2,2.2,0.039537627,0.08068512,0.2831682860851288,0.16206945478916168,-0.16502785682678223,-0.05112471058964729
Estepa,346880500100041772,327137.7,5263443.1,6.39,0.39820006,1.0164384,0.4667407274246216,0.2561125159263611,-0.041694749146699905,0.09682301431894302
Estepa,346880500100041773,327184.0,5263476.1,5.3,0.28152788,0.66156614,0.4629673957824707,0.25372353196144104,-0.011114688590168953,0.1564614474773407
Estepa,346880500100041774,327230.3,5263509.1,5.53,0.32379296,0.7829547,0.5059041380882263,0.26487791538238525,-0.004601160064339638,0.16607898473739624
Estepa,346880500100041775,327276.6,5263542.1,2.2,0.041932154,0.08567806,0.3672373592853546,0.21222466230392456,-0.12310740351676941,-0.014187559485435486
Estepa,346880500100041776,327323.0,5263575.0,4.78,0.35475257,0.8768074,0.32176899909973145,0.19029931724071503,-0.0929025411605835,0.007896754890680313
Estepa,346880500100041777,327369.2,5263608.0,3.88,0.12081122,0.257555,0.41690465807914734,0.23903505504131317,-0.0706699788570404,0.03410222753882408
Estepa,346880500100041778,327415.6,5263641.0,3.43,0.03870291,0.07894753,0.30278727412223816,0.16921551525592804,-0.12161675840616226,-0.029392587020993233
Estepa,346880500100041779,327462.0,5263674.0,2.84,0.064038,0.13237211,0.31355583667755127,0.18443118035793304,-0.11379972845315933,-0.025431586429476738
Estepa,346880500100041780,327508.2,5263707.0,3.85,0.16836233,0.36880824,0.18785427510738373,0.11765292286872864,-0.11703399568796158,-0.03461981192231178
Estepa,346880500100041781,327554.6,5263740.0,2.54,0.015762793,0.031777333,0.20981447398662567,0.12340830266475677,-0.11846820265054703,-0.01625937409698963
Estepa,346880500100041782,327600.7,5263772.9,2.31,0.051634774,0.106038414,0.2230793684720993,0.12120723724365234,-0.1654174029827118,-0.07607480883598328
Estepa,346880500100041783,327646.9,5263805.8,2.09,0.05956639,0.12283817,0.22247616946697235,0.12290062010288239,-0.1819652020931244,-0.10458720475435257
Estepa,346880500100041784,327693.2,5263838.8,2.16,0.051251903,0.10523103,0.40802475810050964,0.2708580791950226,-0.027766931802034378,0.11455821990966797
Estepa,346880500100041785,327739.5,5263871.8,2.05,0.030217038,0.06136837,0.41064757108688354,0.2890738248825073,0.013014689087867737,0.18362648785114288
Estepa,346880500100041786,327785.7,5263904.7,1.98,0.027020538,0.054786526,0.4702174961566925,0.31593799591064453,0.010071799159049988,0.19435948133468628
Estepa,346880500100041787,327832.0,5263937.7,2.31,0.05925874,0.1221839,0.27346861362457275,0.16469569504261017,-0.10994459688663483,-0.015307373367249966
Estepa,346880500100041788,327878.3,5263970.7,1.98,0.014102254,0.028405784,0.18760690093040466,0.10566303133964539,-0.16401523351669312,-0.10201632231473923
Estepa,346880500100041789,327924.5,5264003.6,2.5,0.0733612,0.15239792,0.19237658381462097,0.11236899346113205,-0.14340583980083466,-0.07829597592353821
Estepa,346880500100041790,327970.8,5264036.6,2.39,0.07132123,0.14799893,0.2029547095298767,0.11698075383901596,-0.15577347576618195,-0.0746249258518219
Estepa,346880500100041791,328017.1,5264069.6,2.16,0.043634795,0.089235954,0.1676580011844635,0.10867330431938171,-0.12049923837184906,-0.04888417199254036
Estepa,346880500100041792,328063.6,5264102.7,2.57,0.019303903,0.038986277,0.15264557301998138,0.08920648694038391,-0.1370939016342163,-0.08809874951839447
Estepa,346880500100041793,328109.9,5264135.7,1.98,0.019412333,0.039207432,0.16665202379226685,0.08916269987821579,-0.1754036694765091,-0.13093465566635132
Estepa,346880500100041794,328156.1,5264168.6,2.09,0.037091397,0.07559721,0.17072078585624695,0.0891643688082695,-0.1920790672302246,-0.14853598177433014
Estepa,346880500100041795,328202.4,5264201.6,2.65,0.092182964,0.19344926,0.19076873362064362,0.09221718460321426,-0.2314826101064682,-0.17847800254821777
Estepa,346880500100041796,328248.9,5264234.6,2.09,0.04275456,0.087395795,0.2127092331647873,0.10636783391237259,-0.21201127767562866,-0.16695019602775574
Estepa,346880500100041797,328295.1,5264267.6,1.98,0.017065069,0.034425464,0.21322573721408844,0.1129656657576561,-0.18151897192001343,-0.1375361680984497
Estepa,346880500100041798,328341.5,5264300.6,2.13,0.016487826,0.03325123,0.18876014649868011,0.10169970989227295,-0.18598215281963348,-0.13001962006092072
Estepa,346880500100041799,328387.6,5264333.5,2.35,0.04275239,0.08739126,0.24492883682250977,0.13327457010746002,-0.16035421192646027,-0.0945599377155304
Estepa,346880500100041800,328433.9,5264366.5,2.69,0.047622237,0.097593136,0.25602513551712036,0.13133616745471954,-0.19087600708007812,-0.11606449633836746
Estepa,346880500100041801,328480.4,5264399.6,2.13,0.042592477,0.08705714,0.22678838670253754,0.10874585807323456,-0.22267752885818481,-0.162710040807724
Estepa,346880500100041802,328526.9,5264432.7,2.46,0.03885386,0.07926164,0.2520942687988281,0.1303887665271759,-0.17232055962085724,-0.10475120693445206
Estepa,346880500100041803,328573.2,5264465.6,2.72,0.01669,0.033662416,0.20630601048469543,0.10600191354751587,-0.1896103024482727,-0.12572018802165985
Estepa,346880500100041804,328619.8,5264498.8,2.87,0.09708791,0.20428744,0.19264383614063263,0.09214403480291367,-0.2191343456506729,-0.15478089451789856
Estepa,346880500100041805,328666.5,5264532.0,2.24,0.02155752,0.043587763,0.1950475424528122,0.10137743502855301,-0.22815632820129395,-0.1586400866508484
Estepa,346880500100041806,328712.6,5264564.9,1.98,0.04312078,0.08816118,0.17905142903327942,0.08841509371995926,-0.22742128372192383,-0.1856776922941208
Estepa,346880500100041807,328758.7,5264597.8,2.2,0.015783047,0.031818494,0.16743193566799164,0.08549323678016663,-0.2044239342212677,-0.1655254364013672
Estepa,346880500100041808,328804.5,5264630.5,2.46,0.058826678,0.12126541,0.23340365290641785,0.12032368779182434,-0.20771798491477966,-0.1311175674200058
Estepa,346880500100041809,328850.7,5264663.4,2.16,0.025915315,0.052515823,0.28750503063201904,0.155029758810997,-0.1692066341638565,-0.06096646562218666
Estepa,346880500100041810,328897.1,5264696.5,2.91,0.10358455,0.21873394,0.23407943546772003,0.12659083306789398,-0.16789044439792633,-0.08521939069032669
Estepa,346880500100041811,328943.7,5264729.6,2.2,0.020930294,0.042306013,0.21697038412094116,0.11509598791599274,-0.17467767000198364,-0.12807944416999817
Estepa,346880500100041812,328989.9,5264762.6,1.98,0.036562067,0.07449797,0.20300643146038055,0.10479092597961426,-0.19753742218017578,-0.1539091169834137
Estepa,346880500100041813,329036.2,5264795.5,2.13,0.029059045,0.05898146,0.23715966939926147,0.11309632658958435,-0.24042953550815582,-0.19596289098262787
Estepa,346880500100041814,329082.6,5264828.6,2.35,0.06297747,0.13010684,0.2203018069267273,0.11747581511735916,-0.1680825650691986,-0.11662814021110535
Estepa,346880500100041815,329129.2,5264861.8,2.2,0.063367285,0.13093917,0.18579667806625366,0.10264419764280319,-0.15102316439151764,-0.10511533170938492
Estepa,346880500100041816,329175.3,5264894.7,3.13,0.15297523,0.33212432,0.22329361736774445,0.12141016125679016,-0.18517106771469116,-0.11980708688497543
Estepa,346880500100041817,329222.0,5264927.9,2.5,0.02529208,0.051236518,0.22409476339817047,0.11901644617319107,-0.17712311446666718,-0.125901997089386
Estepa,346880500100041818,329268.4,5264960.9,1.94,0.024685686,0.049992565,0.19186346232891083,0.1003868505358696,-0.2010807991027832,-0.1586611121892929
Estepa,346880500100041819,329314.8,5264993.9,2.24,0.06685314,0.13839775,0.2060369998216629,0.11026883125305176,-0.17652493715286255,-0.12272877246141434
Estepa,346880500100041820,329361.3,5265027.0,2.13,0.029236453,0.059346955,0.18938563764095306,0.09753879904747009,-0.19681215286254883,-0.1494261622428894
Estepa,346880500100041821,329407.7,5265060.1,2.2,0.04427642,0.090578355,0.17203962802886963,0.08738399296998978,-0.2076054960489273,-0.1606917530298233
Estepa,346880500100041822,329454.1,5265093.1,2.01,0.034694273,0.07062401,0.20775827765464783,0.11520183086395264,-0.145338237285614,-0.09701894223690033
Estepa,346880500100041823,329500.4,5265126.1,2.01,0.040894266,0.08351237,0.18693062663078308,0.10202164202928543,-0.1887337565422058,-0.14381706714630127
Estepa,346880500100041824,329546.9,5265159.2,2.28,0.031349882,0.06370621,0.17786845564842224,0.09753870218992233,-0.17759722471237183,-0.13002024590969086
Estepa,346880500100041825,329593.6,5265192.4,2.87,0.053062532,0.109052084,0.1886737197637558,0.10209205746650696,-0.1842251867055893,-0.12705671787261963
Estepa,346880500100041826,329640.3,5265225.6,2.09,0.041378506,0.084522516,0.19934028387069702,0.11265405267477036,-0.14915959537029266,-0.10194569081068039
Estepa,346880500100041827,329686.6,5265258.6,2.2,0.051630907,0.10603025,0.22528709471225739,0.12036748975515366,-0.21661071479320526,-0.1505705714225769
Estepa,346880500100041828,329733.5,5265291.9,2.99,0.059472498,0.12263847,0.16205477714538574,0.08431769162416458,-0.20813679695129395,-0.162885844707489
Estepa,346880500100041829,329780.2,5265325.1,2.84,0.057137076,0.11767766,0.16938358545303345,0.09006611257791519,-0.20493561029434204,-0.15930041670799255
Estepa,346880500100041830,329826.6,5265358.2,2.39,0.035152413,0.07157353,0.1759869009256363,0.09101337194442749,-0.20166856050491333,-0.15273888409137726
Estepa,346880500100041831,329873.1,5265391.3,2.05,0.027897509,0.056590114,0.19608066976070404,0.10135919600725174,-0.18557606637477875,-0.14361172914505005
Estepa,346880500100041832,329919.6,5265424.4,3.7,0.12936969,0.2771265,0.21244502067565918,0.10260602831840515,-0.2231970578432083,-0.16306717693805695
Estepa,346880500100041833,329965.6,5265457.3,2.95,0.05945101,0.12259277,0.16282348334789276,0.08696053177118301,-0.21804746985435486,-0.18427053093910217
Estepa,346880500100041834,330011.7,5265490.2,2.2,0.05313785,0.10921119,0.18077005445957184,0.08733070641756058,-0.20898199081420898,-0.1659448742866516
Estepa,346880500100041835,330058.0,5265523.2,2.01,0.011820797,0.023782793,0.14698483049869537,0.07060050964355469,-0.2221727967262268,-0.19173544645309448
Estepa,346880500100041836,330103.7,5265555.9,2.24,0.027337799,0.055438817,0.14599785208702087,0.07016653567552567,-0.22706705331802368,-0.19602476060390472
Estepa,346880500100041837,330149.7,5265588.8,2.28,0.019932495,0.040268686,0.14132565259933472,0.07288996875286102,-0.18948975205421448,-0.15190193057060242
Estepa,346880500100041838,330195.4,5265621.5,2.42,0.083653845,0.17474203,0.14048749208450317,0.07203229516744614,-0.2021861970424652,-0.16899704933166504
Estepa,346880500100041839,330241.6,5265654.5,2.01,0.024193691,0.04898386,0.14628461003303528,0.07414820790290833,-0.22243240475654602,-0.18784908950328827
Estepa,346880500100041840,330287.9,5265687.5,2.01,0.025961436,0.05261053,0.11614758521318436,0.06183912977576256,-0.18603911995887756,-0.15546981990337372
Estepa,346880500100041841,330334.1,5265720.5,2.01,0.033499107,0.068149075,0.13025888800621033,0.06843188405036926,-0.19519251585006714,-0.16377130150794983
Estepa,346880500100041842,330380.4,5265753.5,2.05,0.016214741,0.032695957,0.12061765789985657,0.06491240859031677,-0.18224725127220154,-0.1445022076368332
Estepa,346880500100041844,330472.8,5265819.5,2.05,0.03761458,0.07668429,0.13262295722961426,0.07181593775749207,-0.2040121704339981,-0.17013250291347504
Estepa,346880500100041845,330519.1,5265852.5,2.2,0.066786595,0.1382551,0.2002899944782257,0.11284690350294113,-0.1253003180027008,-0.03710528835654259
Estepa,346880500100041846,330565.4,5265885.5,4.56,0.16939327,0.37129036,0.4401296377182007,0.24319927394390106,0.012151863425970078,0.16295231878757477
Estepa,346880500100041847,330611.6,5265918.5,4.52,0.19823901,0.44202244,0.24730075895786285,0.15895061194896698,-0.03176916763186455,0.08717557787895203
Estepa,346880500100041848,330657.9,5265951.5,7.4,0.46477896,1.2513816,0.7806828022003174,0.5068528056144714,0.24159161746501923,0.4746657907962799
Estepa,346880500100041849,330704.5,5265984.7,2.09,0.01699657,0.034286086,0.1962621510028839,0.11103596538305283,-0.11805358529090881,-0.04904739558696747
Estepa,346880500100041850,330750.8,5266017.8,2.13,0.0475418,0.09742421,0.1573682427406311,0.08809364587068558,-0.18239808082580566,-0.1317487210035324
Estepa,346880500100041851,330797.3,5266050.9,2.46,0.066006556,0.13658378,0.24694770574569702,0.12745589017868042,-0.2111995965242386,-0.14389388263225555
Estepa,346880500100041852,330844.0,5266084.1,2.31,0.056593675,0.11652515,0.17020916938781738,0.08495508134365082,-0.2289445996284485,-0.1836184859275818
Estepa,346880500100041853,330890.5,5266117.3,2.28,0.040753387,0.0832186,0.1877039074897766,0.09040103852748871,-0.24721580743789673,-0.20804601907730103
Estepa,346880500100041854,330936.9,5266150.4,2.09,0.043997083,0.08999382,0.1616094708442688,0.07957188785076141,-0.24032916128635406,-0.20687250792980194
Estepa,346880500100041855,330983.3,5266183.5,2.16,0.03324394,0.067621075,0.15254315733909607,0.0791766345500946,-0.20911407470703125,-0.17369459569454193
Estepa,346880500100041856,331029.8,5266216.6,2.2,0.05701558,0.11741991,0.1799474060535431,0.0876278355717659,-0.25444138050079346,-0.2136935591697693
Estepa,346880500100041857,331076.3,5266249.7,2.42,0.048859604,0.10019364,0.17773453891277313,0.0830734521150589,-0.26168620586395264,-0.21805185079574585
Estepa,346880500100041858,331122.6,5266282.8,2.09,0.02132859,0.043119848,0.1737627387046814,0.08157943189144135,-0.24922306835651398,-0.20839178562164307
Estepa,346880500100041859,331168.6,5266315.7,2.09,0.045272976,0.09266514,0.21682031452655792,0.11180814355611801,-0.24322707951068878,-0.16587822139263153
Estepa,346880500100041860,331214.9,5266348.7,2.2,0.054676697,0.11246472,0.3109767436981201,0.20524652302265167,-0.17364703118801117,-0.017199834808707237
Estepa,346880500100041861,331261.5,5266381.8,2.31,0.0592934,0.122257605,0.16563083231449127,0.0817883163690567,-0.2522358000278473,-0.19911395013332367
Estepa,346880500100041862,331308.0,5266415.0,2.5,0.053386796,0.10973717,0.18790139257907867,0.08994456380605698,-0.24643124639987946,-0.20540091395378113
Estepa,346880500100041863,331354.5,5266448.1,2.39,0.04563257,0.093418665,0.19657137989997864,0.09495469182729721,-0.24741575121879578,-0.20573978126049042
Estepa,346880500100041864,331401.0,5266481.2,2.2,0.047084898,0.096464895,0.2274794578552246,0.11778206378221512,-0.230922669172287,-0.1717326045036316
Estepa,346880500100041865,331447.5,5266514.3,2.35,0.07627389,0.15869565,0.2260569930076599,0.11420493572950363,-0.24140840768814087,-0.185222789645195
Estepa,346880500100041866,331494.1,5266547.5,2.99,0.07843832,0.16338846,0.18449491262435913,0.10110723227262497,-0.19722314178943634,-0.15014585852622986
Estepa,346880500100041867,331540.6,5266580.6,2.87,0.092466585,0.19407435,0.17701885104179382,0.0939534604549408,-0.2129114419221878,-0.16560690104961395
Estepa,346880500100041868,331587.2,5266613.7,2.46,0.06736652,0.13949856,0.16808420419692993,0.08628720045089722,-0.22594305872917175,-0.1763758510351181
Estepa,346880500100041869,331633.7,5266646.9,2.57,0.09064172,0.19005577,0.1717766523361206,0.087635338306427,-0.23680835962295532,-0.18232089281082153
Estepa,346880500100041870,331680.4,5266680.0,2.84,0.102290586,0.21584821,0.16930323839187622,0.08798358589410782,-0.21147103607654572,-0.16185784339904785
Estepa,346880500100041871,331727.1,5266713.2,2.76,0.031780966,0.06459655,0.18050140142440796,0.09558119624853134,-0.2110225260257721,-0.15006470680236816
Estepa,346880500100041872,331773.7,5266746.4,2.16,0.047153946,0.09660984,0.16629327833652496,0.08689358830451965,-0.214432030916214,-0.1585567593574524
Estepa,346880500100041873,331820.2,5266779.5,2.31,0.026627064,0.05397783,0.16603422164916992,0.08653596043586731,-0.2149704396724701,-0.16035155951976776
Estepa,346880500100041874,331866.6,5266812.5,2.39,0.069187045,0.14340717,0.1694137454032898,0.08681300282478333,-0.2134438157081604,-0.15598982572555542
Estepa,346880500100041875,331912.9,5266845.5,2.24,0.028817605,0.058484152,0.1626226007938385,0.08674629032611847,-0.203120619058609,-0.15383702516555786
Estepa,346880500100041876,331958.9,5266878.3,2.09,0.035010543,0.07127946,0.22794495522975922,0.12157004326581955,-0.21664272248744965,-0.15234152972698212
Estepa,346880500100041877,332005.8,5266911.6,3.28,0.028843826,0.058538154,0.1887805461883545,0.10207001864910126,-0.20400279760360718,-0.14129239320755005
Estepa,346880500100041878,332052.5,5266944.8,2.39,0.052681454,0.108247265,0.2158220410346985,0.1161344051361084,-0.20841851830482483,-0.14029595255851746
Estepa,346880500100041879,332099.1,5266977.9,2.65,0.038767762,0.07908248,0.19900792837142944,0.10569879412651062,-0.20078343152999878,-0.1305730640888214
Estepa,346880500100041880,332145.5,5267010.9,2.35,0.027148684,0.055049967,0.18375198543071747,0.09947696328163147,-0.19916121661663055,-0.14120763540267944
Estepa,346880500100041881,332192.0,5267044.0,2.39,0.04828164,0.09897854,0.20175068080425262,0.10409215837717056,-0.2102043330669403,-0.15245461463928223
Estepa,346880500100041882,332238.4,5267077.0,2.39,0.06484393,0.1340953,0.19035132229328156,0.09642893075942993,-0.21835742890834808,-0.16591575741767883
Estepa,346880500100041883,332284.8,5267110.0,2.05,0.0077015213,0.015462814,0.18203575909137726,0.09539882093667984,-0.20918339490890503,-0.1552792489528656
Estepa,346880500100041884,332330.9,5267142.9,2.39,0.058644295,0.12087782,0.23044699430465698,0.1229715347290039,-0.2021925002336502,-0.12610816955566406
Estepa,346880500100041885,332377.5,5267176.0,4.03,0.15161008,0.32890207,0.16405506432056427,0.08565891534090042,-0.20717968046665192,-0.14337052404880524
Estepa,346880500100041886,332424.3,5267209.2,2.27,0.03426745,0.0697398,0.16237014532089233,0.0866684690117836,-0.20866212248802185,-0.1530955582857132
Estepa,346880500100041887,332470.7,5267242.2,2.05,0.031421486,0.06385407,0.16909366846084595,0.09064367413520813,-0.19610996544361115,-0.14198480546474457
Estepa,346880500100041888,332517.1,5267275.3,2.39,0.05176038,0.10630335,0.1739167869091034,0.09336724877357483,-0.19046765565872192,-0.13548360764980316
Estepa,346880500100041889,332563.6,5267308.4,2.57,0.04985431,0.10228661,0.16596437990665436,0.09200669080018997,-0.19245053827762604,-0.13427823781967163
Estepa,346880500100041890,332610.3,5267341.6,3.13,0.07329977,0.15226531,0.18174876272678375,0.10357457399368286,-0.19124861061573029,-0.12357880175113678
Estepa,346880500100041894,332798.8,5267475.2,3.81,0.01262083,0.025402708,0.1934959888458252,0.10975366085767746,-0.18041592836380005,-0.1109209954738617
Estepa,346880500100041895,332845.3,5267508.3,1.98,0.027664138,0.056110002,0.1522098332643509,0.08116210997104645,-0.2241608053445816,-0.1681351512670517
Estepa,346880500100041896,332891.2,5267541.1,2.31,0.013500084,0.027184548,0.12290668487548828,0.062437575310468674,-0.21143920719623566,-0.16544398665428162
Estepa,346880500100041897,332936.9,5267573.8,2.91,0.025177732,0.051001884,0.12027891725301743,0.06202928349375725,-0.2060316950082779,-0.16376470029354095
Estepa,346880500100041898,332982.4,5267606.4,3.1,0.0787248,0.16401042,0.12653149664402008,0.06513527035713196,-0.21315214037895203,-0.16769391298294067
Estepa,346880500100041899,333028.0,5267639.0,2.98,0.026448853,0.053611666,0.1424417793750763,0.07433325052261353,-0.21291743218898773,-0.16562332212924957
Estepa,346880500100041900,333073.6,5267671.7,2.61,0.05236038,0.107569434,0.15939739346504211,0.08303645998239517,-0.22852768003940582,-0.1773277223110199
Estepa,346880500100041901,333119.6,5267704.6,2.13,0.05391631,0.11085639,0.17578786611557007,0.0893845334649086,-0.23627185821533203,-0.1837133765220642
Estepa,346880500100041902,333165.9,5267737.6,2.5,0.06544818,0.13538824,0.17551100254058838,0.08777204155921936,-0.2422126978635788,-0.19265824556350708
Estepa,346880500100041903,333212.2,5267770.6,2.27,0.041207165,0.08416504,0.15703871846199036,0.08450993150472641,-0.23676864802837372,-0.19679324328899384
Estepa,346880500100041904,333257.9,5267803.3,3.25,0.06004464,0.12385567,0.1510113775730133,0.07977347075939178,-0.2473183274269104,-0.20320722460746765
Estepa,346880500100041905,333304.0,5267836.2,3.73,0.063569255,0.13137056,0.1367286592721939,0.07084362953901291,-0.2469528466463089,-0.20705290138721466
Estepa,346880500100041906,333350.0,5267869.1,3.13,0.013332726,0.026845267,0.12849707901477814,0.06769926846027374,-0.2284633368253708,-0.18285249173641205
Estepa,346880500100041907,333395.9,5267901.9,3.7,0.064679176,0.13374291,0.11947795748710632,0.06752718985080719,-0.21344149112701416,-0.16653713583946228
Estepa,346880500100041908,333441.5,5267934.6,2.8,0.074035004,0.15385303,0.15238924324512482,0.07763323187828064,-0.2544383406639099,-0.20657111704349518
Estepa,346880500100041909,333487.9,5267967.7,2.99,0.07408539,0.15396188,0.13298757374286652,0.07033377140760422,-0.23408974707126617,-0.19914406538009644
Estepa,346880500100041910,333533.9,5268000.5,2.54,0.046646137,0.095544115,0.13584034144878387,0.07090255618095398,-0.24203713238239288,-0.20977818965911865
Estepa,346880500100041911,333579.8,5268033.4,2.16,0.022672152,0.045867573,0.13306689262390137,0.07115170359611511,-0.232621431350708,-0.19295497238636017
Estepa,346880500100041912,333626.0,5268066.4,2.91,0.023445413,0.04745069,0.1182507574558258,0.06235448643565178,-0.2060907632112503,-0.1592683494091034
Estepa,346880500100041913,333671.9,5268099.2,3.25,0.09580455,0.20144598,0.12634927034378052,0.06910272687673569,-0.21443790197372437,-0.17729121446609497
Estepa,346880500100041914,333717.9,5268132.0,3.51,0.028853538,0.058558155,0.12502048909664154,0.0676664337515831,-0.21954983472824097,-0.176971435546875
Estepa,346880500100041915,333763.4,5268164.7,2.69,0.046177696,0.09456152,0.1606263816356659,0.08427756279706955,-0.2474631667137146,-0.20068778097629547
Estepa,346880500100041916,333809.5,5268197.6,4.29,0.087931916,0.18410334,0.13659875094890594,0.07211323827505112,-0.2506042718887329,-0.2097185254096985
Estepa,346880500100041917,333855.2,5268230.3,3.13,0.037317537,0.07606702,0.14494676887989044,0.07468395680189133,-0.2720838189125061,-0.22400443255901337
Estepa,346880500100041918,333901.2,5268263.2,2.54,0.018374145,0.03709097,0.1618203967809677,0.07973019033670425,-0.2726675570011139,-0.22375303506851196
Estepa,346880500100041919,333947.4,5268296.1,2.57,0.061893333,0.12779377,0.15582655370235443,0.08494710922241211,-0.19471579790115356,-0.12484708428382874
Estepa,346880500100041920,333993.9,5268329.3,3.66,0.0968801,0.20382705,0.1309681385755539,0.06870344281196594,-0.24562928080558777,-0.20844970643520355
Estepa,346880500100041921,334040.0,5268362.2,3.17,0.06515249,0.13475543,0.12831349670886993,0.06630603224039078,-0.23479434847831726,-0.19793836772441864
Estepa,346880500100041922,334086.0,5268395.0,2.65,0.07765747,0.16169418,0.14142192900180817,0.07180061936378479,-0.2631531357765198,-0.22933554649353027
Estepa,346880600100072204,319264.4,5257043.9,4.07,0.12866504,0.27550635,0.21031489968299866,0.12321417778730392,-0.11461450159549713,-0.012934226542711258
Estepa,346880600100072205,319310.7,5257076.8,2.76,0.032154538,0.065368354,0.3283149302005768,0.19247417151927948,0.02112821489572525,0.148032546043396
Estepa,346880600100072206,319356.2,5257109.4,2.65,0.015182179,0.030597795,0.3333718478679657,0.19354090094566345,-0.0022112284786999226,0.1384284794330597
Estepa,346880600100072207,319401.9,5257142.1,2.35,0.032898497,0.06690642,0.1600819230079651,0.08655721694231033,-0.15719105303287506,-0.03444449603557587
Estepa,346880600100072208,319447.9,5257174.8,2.13,0.01354469,0.02727497,0.20560838282108307,0.10862414538860321,-0.18452760577201843,-0.10204341262578964
Estepa,346880600100072209,319494.0,5257207.7,2.61,0.027081959,0.054912735,0.21872122585773468,0.1214015856385231,-0.15356139838695526,-0.0661301240324974
Estepa,346880600100072212,319630.0,5257305.0,3.92,0.09686003,0.2037818,0.25716400146484375,0.15405258536338806,-0.0917874127626419,-0.0031201252713799477
Estepa,346880600100072213,319676.2,5257338.0,2.57,0.03191948,0.06488263,0.26420673727989197,0.15826918184757233,-0.12077006697654724,-0.03858792781829834
Estepa,346880600100072214,319722.1,5257370.7,2.42,0.027507983,0.05578875,0.2597895860671997,0.15577219426631927,-0.14468812942504883,-0.07168993353843689
Estepa,346880600100072215,319767.5,5257403.2,3.47,0.045026165,0.09214796,0.2969784140586853,0.1833662986755371,-0.1318213939666748,-0.04970888793468475
Estepa,346880600100072226,320266.4,5257760.2,3.43,0.032800656,0.06670407,0.5612223148345947,0.3325428366661072,0.005601199809461832,0.18044179677963257
Estepa,346880600100072238,320819.8,5258154.6,3.66,0.052963145,0.10884193,0.35470038652420044,0.21310871839523315,-0.09944351762533188,0.04799594357609749
Estepa,346880600100072242,321003.8,5258285.9,4.22,0.09604861,0.20198525,0.4185013771057129,0.26777172088623047,-0.019828757271170616,0.16848157346248627
Estepa,346880600100072243,321049.9,5258318.7,2.57,0.056554276,0.11644136,0.3819468319416046,0.22580872476100922,-0.07894636690616608,0.06224735081195831
Estepa,346880600100072244,321096.1,5258351.7,3.4,0.10022723,0.2112544,0.23330041766166687,0.12953099608421326,-0.10401362180709839,0.005739397834986448
Estepa,346880600100072245,321142.6,5258384.8,2.13,0.04615348,0.09451056,0.2986612915992737,0.1582808941602707,-0.0948561504483223,-0.0055198660120368
Estepa,346880600100072246,321188.4,5258417.4,3.47,0.12378824,0.26433975,0.3318172097206116,0.1911206841468811,-0.08523663133382797,0.025004222989082336
Estepa,346880600100072247,321233.8,5258450.0,4.26,0.11929868,0.2541148,0.3309771418571472,0.1892511248588562,-0.09432759135961533,0.03216242417693138
Estepa,346880600100072249,321325.1,5258515.2,2.65,0.048334982,0.09909048,0.38274964690208435,0.219139963388443,-0.04520968347787857,0.08965994417667389
Estepa,346880600100072250,321370.8,5258547.9,2.31,0.022906024,0.046346214,0.7867493033409119,0.47871842980384827,0.19989265501499176,0.4332164525985718
Estepa,346880600100072251,321417.0,5258580.8,3.36,0.10416212,0.22002244,0.4778496325016022,0.28639447689056396,0.03623296320438385,0.22062520682811737
Estepa,346880600100072252,321463.5,5258613.9,2.46,0.016932216,0.03415513,0.3518408536911011,0.19018249213695526,-0.07794541865587234,0.04146995395421982
Estepa,346880600100072253,321509.1,5258646.5,2.91,0.008243186,0.016554868,0.3520026206970215,0.19618651270866394,-0.09063206613063812,0.0317600779235363
Estepa,346880600100072254,321554.5,5258679.0,2.87,0.017813135,0.03594819,0.42391908168792725,0.23596031963825226,-0.04722015559673309,0.1018889993429184
Estepa,346880600100072255,321599.8,5258711.4,3.69,0.013081801,0.026336672,0.524422287940979,0.3116912245750427,0.060359273105859756,0.24894452095031738
Estepa,346880600100072256,321646.3,5258744.5,3.73,0.01832524,0.0369913,0.5907607674598694,0.36981144547462463,0.12232690304517746,0.3230012059211731
Estepa,346880600100072257,321692.9,5258777.7,7.66,0.11365918,0.24134465,0.4715625047683716,0.2761974632740021,0.0029352984856814146,0.1565181463956833
Estepa,346880600100072258,321739.2,5258810.6,10.68,0.44953504,1.1950628,0.7453778982162476,0.49018287658691406,0.16560351848602295,0.3978648781776428
Estepa,346880600100072259,321785.9,5258843.8,4.11,0.008718655,0.017513959,0.6228596568107605,0.415990948677063,0.136773481965065,0.31716182827949524
Estepa,346880600100072260,321832.7,5258877.0,3.77,0.07488342,0.15568627,0.40699926018714905,0.24896962940692902,-0.025848431512713432,0.11273470520973206
Estepa,346880600100072261,321879.5,5258910.3,3.4,0.046246856,0.09470639,0.3784138858318329,0.2357083410024643,-0.029213227331638336,0.0825270414352417
Estepa,346880600100072262,321926.0,5258943.4,2.91,0.019816559,0.04003207,0.5169172883033752,0.3213578164577484,0.052515555173158646,0.17941926419734955
Estepa,346880600100072263,321972.2,5258976.2,2.76,0.10293351,0.21728061,0.4586268663406372,0.27383267879486084,0.04203508049249649,0.213758185505867
Estepa,346880600100072264,322017.9,5259008.9,6.31,0.15224555,0.33039927,0.666126012802124,0.431426465511322,0.12310772389173508,0.34154051542282104
Estepa,346880600100072265,322064.0,5259041.7,2.69,0.05959483,0.12289838,0.4693678617477417,0.28761547803878784,-0.026667200028896332,0.13377243280410767
Estepa,346880600100072266,322110.5,5259074.8,2.65,0.020580063,0.041590635,0.26739174127578735,0.15920178592205048,-0.139412060379982,-0.0253387913107872
Estepa,346880600100072267,322156.7,5259107.7,3.96,0.008167594,0.016402429,0.39416593313217163,0.22773021459579468,-0.11486109346151352,0.014114409685134888
Estepa,346880600100072268,322203.4,5259140.8,3.17,0.046224277,0.09465904,0.3066283166408539,0.18473368883132935,-0.12319634854793549,-0.018756024539470673
Estepa,346880600100072269,322249.7,5259173.8,5.9,0.13600743,0.2924373,0.5685818195343018,0.3664243519306183,0.035092610865831375,0.2358819842338562
Estepa,346880600100072270,322295.7,5259206.6,4.22,0.124678746,0.2663741,0.6630136966705322,0.4278450012207031,0.07612883299589157,0.2954733371734619
Estepa,346880600100072271,322341.7,5259239.4,2.57,0.09173179,0.19245456,0.4871160686016083,0.30564451217651367,-0.032276928424835205,0.12314414978027344
Estepa,346880600100072273,322436.9,5259306.6,5.12,0.20181772,0.4509712,0.2755580246448517,0.1539129912853241,-0.17145511507987976,-0.09905777126550674
Estepa,346880600100072274,322484.1,5259340.1,3.21,0.081079,0.16912828,0.2732583284378052,0.14704787731170654,-0.17095425724983215,-0.08582635968923569
Estepa,346880600100072275,322530.6,5259373.1,2.35,0.01600605,0.0322717,0.34843572974205017,0.20249851047992706,-0.10309978574514389,0.014881660230457783
Estepa,346880600100072276,322576.6,5259405.9,2.61,0.015951736,0.032161307,0.36552539467811584,0.21270492672920227,-0.08482687920331955,0.04017946869134903
Estepa,346880600100072277,322622.1,5259438.4,3.06,0.031940788,0.06492666,0.3430106043815613,0.2020719349384308,-0.09444645792245865,0.04644104465842247
Estepa,346880600100072278,322667.8,5259471.0,2.46,0.014872322,0.0299686,0.3333299160003662,0.19485992193222046,-0.10352005064487457,0.044841084629297256
Estepa,346880600100072280,322758.4,5259535.7,5.04,0.19530004,0.4346963,0.5678638219833374,0.350857675075531,0.07185369729995728,0.2572519779205322
Estepa,346880600100072283,322902.1,5259637.1,3.81,0.065018654,0.13446875,0.3887185752391815,0.27017468214035034,-0.04733651503920555,0.08661510050296783
Estepa,346880600100072287,323092.6,5259771.8,4.14,0.00786171,0.015785705,0.13664793968200684,0.10397635400295258,-0.13964979350566864,-0.030154380947351456
Estepa,346880600100072288,323139.9,5259805.3,3.13,0.047473274,0.09728013,0.12142745405435562,0.09555300325155258,-0.098998062312603,0.002473504049703479
Estepa,346880600100072289,323186.6,5259838.5,2.69,0.017103817,0.034504287,0.10071563720703125,0.07115847617387772,-0.15571165084838867,-0.06843458861112595
Estepa,346880600100072290,323232.9,5259871.4,2.05,0.039147362,0.079872414,0.16450922191143036,0.10560761392116547,-0.10684091597795486,-0.01531284675002098
Estepa,346880600100072291,323279.2,5259904.4,2.05,0.035119183,0.071504556,0.2754713296890259,0.16340437531471252,-0.16453766822814941,-0.05884459987282753
Estepa,346880600100072292,323325.6,5259937.5,2.24,0.054768156,0.11265802,0.3244696259498596,0.19266241788864136,-0.14317961037158966,-0.03089182823896408
Estepa,346880600100072293,323372.1,5259970.6,2.24,0.032085933,0.06522658,0.33264485001564026,0.1780754029750824,-0.1518421769142151,-0.045185089111328125
Estepa,346880600100072294,323418.5,5260003.6,2.65,0.035292476,0.071863815,0.3533766269683838,0.19947819411754608,-0.1375875025987625,-0.03144872933626175
Estepa,346880600100072295,323465.2,5260036.8,3.13,0.040661275,0.08302641,0.2634585201740265,0.15986670553684235,-0.1456363946199417,-0.04233444109559059
Estepa,346880600100072296,323512.0,5260070.1,3.36,0.097119845,0.2043574,0.25941744446754456,0.16145992279052734,-0.11840459704399109,-0.014001273550093174
Estepa,346880600100072297,323558.7,5260103.3,3.4,0.079387985,0.16545045,0.2633124887943268,0.1710791140794754,-0.12008954584598541,-0.011441693641245365
Estepa,346880600100072298,323605.3,5260136.5,4.55,0.143374,0.3095696,0.26143717765808105,0.17564402520656586,-0.12224742770195007,-0.006425132043659687
Estepa,346880600100072299,323651.9,5260169.7,3.81,0.010318082,0.020743629,0.2867935597896576,0.19135263562202454,-0.09288131445646286,0.019489040598273277
Estepa,346880600100072300,323698.4,5260202.8,3.66,0.006399223,0.012839673,0.27323421835899353,0.18532992899417877,-0.07330498844385147,0.037826914340257645
Estepa,346880600100072301,323744.6,5260235.8,3.32,0.025626596,0.05192302,0.28045737743377686,0.1771053969860077,-0.121760793030262,-0.0030372024048119783
Estepa,346880600100072302,323790.6,5260268.6,3.32,0.043453503,0.088856675,0.3070763945579529,0.18974974751472473,-0.1262853890657425,-0.0022999660577625036
Estepa,346880600100072303,323836.1,5260301.2,2.76,0.043840434,0.08966594,0.45153680443763733,0.2595994174480438,-0.09583459794521332,0.05213925242424011
Estepa,346880600100072304,323882.2,5260334.1,2.8,0.02895758,0.05877239,0.2838605046272278,0.1538165807723999,-0.14210830628871918,-0.05045229196548462
Estepa,346880600100072305,323928.1,5260366.9,2.91,0.013190024,0.026556004,0.3460928201675415,0.18780145049095154,-0.13896973431110382,-0.04740452766418457
Estepa,346880600100072306,323974.0,5260399.7,3.43,0.025542956,0.051751338,0.4012342691421509,0.22141140699386597,-0.12049407511949539,-0.024173809215426445
Estepa,346880600100072307,324020.2,5260432.7,4.18,0.1533611,0.33303395,0.30972832441329956,0.17674383521080017,-0.15300819277763367,-0.05173560231924057
Estepa,346880600100072308,324065.9,5260465.4,2.8,0.059644964,0.123005025,0.3023045063018799,0.16822874546051025,-0.14393045008182526,-0.04608199745416641
Estepa,346880600100072309,324111.6,5260498.1,2.42,0.021862388,0.04421103,0.2857905626296997,0.1565612107515335,-0.16534869372844696,-0.07930462062358856
Estepa,346880600100072310,324157.4,5260530.8,2.42,0.017232398,0.03476595,0.26811420917510986,0.1441260129213333,-0.17192672193050385,-0.09581257402896881
Estepa,346880600100072311,324203.2,5260563.5,2.65,0.024922796,0.05047883,0.2798199951648712,0.14847491681575775,-0.16543659567832947,-0.07929058372974396
Estepa,346880600100072312,324248.9,5260596.2,2.65,0.005967745,0.011971335,0.2888261079788208,0.1534612774848938,-0.16479136049747467,-0.07772646844387054
Estepa,346880600100072313,324294.6,5260628.9,2.39,0.037808727,0.07708773,0.31130310893058777,0.1598508358001709,-0.17175884544849396,-0.08261360973119736
Estepa,346880600100072314,324340.5,5260661.7,2.24,0.01794422,0.03621515,0.2855764627456665,0.14716416597366333,-0.18795537948608398,-0.10608784109354019
Estepa,346880600100072315,324386.5,5260694.5,2.09,0.039694037,0.08101075,0.25465917587280273,0.13464975357055664,-0.18907803297042847,-0.11306270211935043
Estepa,346880600100072316,324432.3,5260727.2,2.09,0.04799055,0.09836666,0.2694789171218872,0.13912884891033173,-0.18791906535625458,-0.10731900483369827
Estepa,346880600100072317,324478.3,5260760.0,1.98,0.038331423,0.0781746,0.23592530190944672,0.12455231696367264,-0.17600785195827484,-0.10185430943965912
Estepa,346880600100072318,324524.4,5260792.9,1.98,0.021523224,0.043517623,0.20489241182804108,0.10946974903345108,-0.20879416167736053,-0.14677651226520538
Estepa,346880600100072319,324570.2,5260825.6,2.24,0.036343765,0.074044704,0.23197738826274872,0.12378403544425964,-0.18040575087070465,-0.10764233022928238
Estepa,346880600100072320,324615.7,5260858.2,2.2,0.02780747,0.056404807,0.3297063112258911,0.18048584461212158,-0.13563546538352966,-0.02817271091043949
Estepa,346880600100072321,324661.6,5260890.9,2.31,0.02528771,0.0512275,0.2612183094024658,0.13942338526248932,-0.14862875640392303,-0.06411360949277878
Estepa,346880600100072322,324706.9,5260923.3,3.36,0.08783564,0.18389155,0.2838907837867737,0.15557000041007996,-0.12977208197116852,-0.037855423986911774
Estepa,346880600100072323,324753.3,5260956.3,4.33,0.057518695,0.11848717,0.23802202939987183,0.1137503907084465,-0.1303883194923401,-0.038162894546985626
Estepa,346880600100072324,324799.0,5260988.9,4.52,0.13697638,0.29468238,0.19391758739948273,0.10588973760604858,-0.11168304085731506,-0.04421445354819298
Estepa,346880600100072325,324844.8,5261021.6,3.73,0.069778286,0.14467779,0.24157588183879852,0.13540616631507874,-0.10861578583717346,-0.0016666421433910728
Estepa,346880600100072327,324935.5,5261086.5,6.12,0.23487693,0.53562987,0.4055415689945221,0.2620416283607483,0.060801420360803604,0.19273269176483154
Estepa,346880600100072337,325403.1,5261418.4,2.27,0.017203553,0.034707252,0.3273826837539673,0.17997919023036957,-0.14657557010650635,-0.04035748541355133
Estepa,346880600100072342,325629.0,5261580.3,2.46,0.049797323,0.10216646,0.5217967629432678,0.27845707535743713,0.01811356469988823,0.21914467215538025
Estepa,346880600100072343,325675.1,5261613.1,2.72,0.016316682,0.0329032,0.6756201386451721,0.38602468371391296,0.12949422001838684,0.3729376792907715
Estepa,346880600100072349,325956.2,5261812.9,3.06,0.05764939,0.11876458,0.3838861286640167,0.22221320867538452,-0.0837152749300003,0.06944837421178818
Estepa,346880600100072350,326002.7,5261846.0,2.69,0.0628197,0.12976973,0.28280842304229736,0.15949124097824097,-0.15415839850902557,-0.041591644287109375
Estepa,346880600100072351,326048.4,5261878.7,2.61,0.06757163,0.13993819,0.315449595451355,0.17923125624656677,-0.14324945211410522,-0.013954726979136467
Estepa,346880600100072352,326094.3,5261911.4,3.02,0.07619337,0.15852083,0.3530852496623993,0.20294488966464996,-0.12217485904693604,0.0011234291596338153
Estepa,346880600100072353,326140.0,5261944.1,3.02,0.0671056,0.13893865,0.338752418756485,0.1900305151939392,-0.14773385226726532,-0.03507862985134125
Estepa,346880600100072354,326186.0,5261977.0,2.8,0.07516814,0.15630203,0.3033951222896576,0.16822610795497894,-0.16136492788791656,-0.055123280733823776
Estepa,346880600100072355,326231.8,5262009.7,2.65,0.032302897,0.065674976,0.28304532170295715,0.1576753705739975,-0.18020838499069214,-0.0785432755947113
Estepa,346880600100072356,326277.6,5262042.4,2.76,0.03480165,0.07084642,0.2707916498184204,0.15453732013702393,-0.17483597993850708,-0.07325626164674759
Estepa,346880600100072357,326323.4,5262075.2,3.13,0.086985305,0.18202755,0.30290523171424866,0.16454869508743286,-0.17915259301662445,-0.0964333564043045
Estepa,346880600100072358,326369.2,5262107.9,2.28,0.025965024,0.052617844,0.2880247235298157,0.16513533890247345,-0.19973716139793396,-0.09439054876565933
Estepa,346880600100072359,326415.3,5262140.8,2.01,0.04738448,0.097093664,0.320182204246521,0.18795569241046906,-0.22930510342121124,-0.0954834520816803
Estepa,346880600100072360,326461.4,5262173.7,2.54,0.050477434,0.10359866,0.3388177156448364,0.20249396562576294,-0.1888386756181717,-0.06983271986246109
Estepa,346880600100072361,326507.6,5262206.6,2.09,0.030236864,0.06140919,0.28172165155410767,0.15876764059066772,-0.23489689826965332,-0.12733858823776245
Estepa,346880600100072362,326553.7,5262239.5,2.01,0.019702712,0.039799776,0.2975791096687317,0.1638268381357193,-0.2158823013305664,-0.11863337457180023
Estepa,346880600100072363,326600.0,5262272.5,2.2,0.06349948,0.1312212,0.33182454109191895,0.18528658151626587,-0.17934627830982208,-0.0714554488658905
Estepa,346880600100072364,326646.6,5262305.7,2.76,0.06865362,0.14226075,0.31951987743377686,0.17481335997581482,-0.17406953871250153,-0.057985808700323105
Estepa,346880600100072365,326693.3,5262338.9,2.13,0.038664326,0.07886714,0.2986482083797455,0.1688353270292282,-0.17241171002388,-0.04933769628405571
Estepa,346880600100072366,326739.5,5262371.8,1.94,0.036957692,0.075319394,0.26298466324806213,0.14076505601406097,-0.2087259292602539,-0.10859837383031845
Estepa,346880600100072367,326785.8,5262404.8,2.01,0.03149675,0.06400941,0.2458052635192871,0.12852917611598969,-0.20688724517822266,-0.11898035556077957
Estepa,346880600100072368,326832.0,5262437.7,2.01,0.036998633,0.07540443,0.24135862290859222,0.12691383063793182,-0.20686782896518707,-0.11016971617937088
Estepa,346880600100072369,326878.2,5262470.6,1.94,0.01983879,0.040077433,0.23925045132637024,0.12709131836891174,-0.21238696575164795,-0.12021158635616302
Estepa,346880600100072370,326924.3,5262503.5,2.16,0.026511993,0.053741332,0.21950671076774597,0.11055069416761398,-0.2119552046060562,-0.12912894785404205
Estepa,346880600100072371,326970.6,5262536.5,2.05,0.045971334,0.09412864,0.24494658410549164,0.12762504816055298,-0.2199598103761673,-0.13757559657096863
Estepa,346880600100072372,327016.5,5262569.3,2.01,0.022480898,0.04547617,0.2670615613460541,0.14217393100261688,-0.2051205039024353,-0.11317353695631027
Estepa,346880600100072373,327062.9,5262602.3,2.31,0.07275547,0.15109028,0.21849243342876434,0.14306288957595825,-0.0739104300737381,0.02490878850221634
Estepa,346880600100072374,327109.4,5262635.4,4.11,0.0958674,0.20158428,0.2820085883140564,0.1714516580104828,-0.059428706765174866,0.06745463609695435
Estepa,346880600100072375,327156.1,5262668.5,2.5,0.021523837,0.043518875,0.20633059740066528,0.11015137284994125,-0.26609674096107483,-0.1945381462574005
Estepa,346880600100072376,327202.8,5262701.8,4.22,0.11976405,0.25517225,0.22208505868911743,0.12422393262386322,-0.16765588521957397,-0.09441672265529633
Estepa,346880600100072377,327250.0,5262735.2,3.84,0.039254233,0.080094896,0.19621115922927856,0.10760750621557236,-0.1756719946861267,-0.11475593596696854
Estepa,346880600100072378,327297.1,5262768.6,4.63,0.13953145,0.3006147,0.14168424904346466,0.07824233919382095,-0.15565940737724304,-0.09623894840478897
Estepa,346880600100072379,327343.5,5262801.6,4.63,0.055115983,0.11339422,0.13864542543888092,0.07967185229063034,-0.14304322004318237,-0.081924669444561
Estepa,346880600100072381,327436.2,5262867.6,4.22,0.027555445,0.05588637,0.13885433971881866,0.07766309380531311,-0.12203983217477798,-0.04756900668144226
Estepa,346880600100072383,327528.0,5262933.1,4.18,0.12737253,0.27254078,0.170393168926239,0.0892573669552803,-0.21268469095230103,-0.1593867689371109
Estepa,346880600100072384,327573.9,5262965.9,4.44,0.10718133,0.22677632,0.19366629421710968,0.09726680815219879,-0.2331639677286148,-0.15737827122211456
Estepa,346880600100072385,327620.2,5262998.8,3.21,0.02217139,0.04484298,0.1780380755662918,0.09047689288854599,-0.2403503805398941,-0.19305899739265442
Estepa,346880600100072386,327666.2,5263031.6,2.57,0.030909432,0.06279685,0.39520490169525146,0.21013130247592926,-0.10636121034622192,-0.026226932182908058
Estepa,346880600100072387,327712.4,5263064.5,2.87,0.08797252,0.18419176,0.20712783932685852,0.10384435951709747,-0.21680501103401184,-0.15958988666534424
Estepa,346880600100072388,327758.8,5263097.5,2.95,0.053418454,0.10980384,0.15376481413841248,0.0776912122964859,-0.21364474296569824,-0.15476778149604797
Estepa,346880600100072389,327805.1,5263130.5,2.31,0.01826469,0.03686794,0.1658417284488678,0.08429089188575745,-0.22909778356552124,-0.17541399598121643
Estepa,346880600100072390,327851.3,5263163.4,1.94,0.021890333,0.044268172,0.16094006597995758,0.08392108231782913,-0.22202688455581665,-0.17289549112319946
Estepa,346880600100072391,327897.3,5263196.3,1.94,0.032344595,0.06576116,0.18511901795864105,0.10267363488674164,-0.20990930497646332,-0.15890899300575256
Estepa,346880600100072392,327943.3,5263229.0,3.4,0.08244743,0.1721095,0.2018105834722519,0.10768350958824158,-0.21685075759887695,-0.14559192955493927
Estepa,346880600100072393,327989.4,5263261.9,1.98,0.029170481,0.05921097,0.1800752580165863,0.091780886054039,-0.20709994435310364,-0.1576429009437561
Estepa,346880600100072394,328035.5,5263294.8,2.01,0.023862535,0.048305158,0.1813553124666214,0.09215901792049408,-0.21646027266979218,-0.1701352596282959
Estepa,346880600100072395,328081.7,5263327.7,2.05,0.0048944983,0.00981309,0.193966805934906,0.09435568004846573,-0.24430805444717407,-0.2003660798072815
Estepa,346880600100072396,328128.0,5263360.7,2.05,0.04719549,0.09669688,0.2122388482093811,0.10225936025381088,-0.2547760009765625,-0.20438815653324127
Estepa,346880600100072397,328174.2,5263393.6,2.2,0.012986556,0.026143659,0.23420265316963196,0.12395758181810379,-0.24472559988498688,-0.17077109217643738
Estepa,346880600100072398,328220.5,5263426.6,2.35,0.07367246,0.15306951,0.24364477396011353,0.1271420270204544,-0.23897086083889008,-0.15153907239437103
Estepa,346880600100072399,328267.2,5263459.8,2.84,0.0787159,0.16399059,0.2165149748325348,0.10292801260948181,-0.21758519113063812,-0.14893247187137604
Estepa,346880600100072400,328314.0,5263493.1,3.06,0.06992248,0.14498788,0.17957115173339844,0.09345731139183044,-0.2061949372291565,-0.1429601013660431
Estepa,346880600100072401,328361.0,5263526.4,2.84,0.05190662,0.106611654,0.16836108267307281,0.08967946469783783,-0.21174052357673645,-0.14163094758987427
Estepa,346880600100072402,328407.6,5263559.6,2.8,0.03488392,0.071016915,0.14462698996067047,0.0814576968550682,-0.1908584088087082,-0.11851266026496887
Estepa,346880600100072403,328453.6,5263592.4,3.28,0.075125664,0.15621017,0.13063746690750122,0.07292100042104721,-0.1813763529062271,-0.11392944306135178
Estepa,346880600100072404,328499.5,5263625.1,3.21,0.09213289,0.1933382,0.13903388381004333,0.07239817082881927,-0.20694904029369354,-0.148507758975029
Estepa,346880600100072405,328545.5,5263658.0,3.4,0.032721408,0.0665402,0.13758748769760132,0.06954236328601837,-0.21155573427677155,-0.15339840948581696
Estepa,346880600100072406,328591.6,5263690.8,3.28,0.03330006,0.06773711,0.14006797969341278,0.07337631285190582,-0.20444637537002563,-0.14587761461734772
Estepa,346880600100072407,328637.8,5263723.8,2.39,0.039910275,0.0814612,0.14888717234134674,0.0770358145236969,-0.20993606746196747,-0.14990589022636414
Estepa,346880600100072408,328683.8,5263756.6,2.46,0.028080918,0.056967463,0.141465425491333,0.0747135579586029,-0.21498043835163116,-0.16729095578193665
Estepa,346880600100072409,328729.8,5263789.4,2.28,0.060492225,0.124808125,0.1332852989435196,0.07245656102895737,-0.20435433089733124,-0.15987065434455872
Estepa,346880600100072410,328776.3,5263822.5,3.25,0.11610208,0.24686635,0.16797055304050446,0.09120132774114609,-0.2043026238679886,-0.15186965465545654
Estepa,346880600100072411,328823.1,5263855.8,4.74,0.10608478,0.22432072,0.1196708157658577,0.06951230764389038,-0.1687735915184021,-0.09750105440616608
Estepa,346880600100072412,328869.2,5263888.7,4.67,0.07343538,0.15255761,0.11742181330919266,0.06988154351711273,-0.15575598180294037,-0.08277061581611633
Estepa,346880600100072413,328915.0,5263921.4,2.31,0.02538008,0.051417053,0.1551455706357956,0.07713039219379425,-0.23584924638271332,-0.17522093653678894
Estepa,346880600100072414,328961.3,5263954.4,2.05,0.039368007,0.08033178,0.13819968700408936,0.07392570376396179,-0.19095729291439056,-0.14350385963916779
Estepa,346880600100072415,329007.3,5263987.2,1.98,0.01745123,0.035211362,0.12740983068943024,0.07713636755943298,-0.167546808719635,-0.10363773256540298
Estepa,346880600100072416,329053.3,5264020.0,2.01,0.008280189,0.01662949,0.13967715203762054,0.08141285926103592,-0.1873454451560974,-0.13555727899074554
Estepa,346880600100072417,329099.3,5264052.8,2.01,0.03288711,0.06688286,0.11022934317588806,0.06221373379230499,-0.1804497241973877,-0.1465921252965927
Estepa,346880600100072418,329145.3,5264085.7,2.28,0.07495294,0.15583661,0.13321073353290558,0.06959718465805054,-0.20768804848194122,-0.168959379196167
Estepa,346880600100072419,329191.4,5264118.5,2.09,0.0441351,0.09028246,0.15839946269989014,0.07644268870353699,-0.2518247961997986,-0.20831987261772156
Estepa,346880600100072420,329237.5,5264151.4,1.98,0.020301454,0.04102176,0.1667194962501526,0.08544264733791351,-0.23842477798461914,-0.19523803889751434
Estepa,346880600100072421,329283.8,5264184.4,2.01,0.020625787,0.041684013,0.15069347620010376,0.08383931964635849,-0.2025536149740219,-0.15846262872219086
Estepa,346880600100072422,329329.9,5264217.3,2.2,0.045139793,0.09238598,0.15758900344371796,0.08810058981180191,-0.19415785372257233,-0.14556285738945007
Estepa,346880600100072423,329376.1,5264250.2,1.9,0.008683095,0.017442213,0.19501063227653503,0.10894904285669327,-0.18595585227012634,-0.11989196389913559
Estepa,346880600100072424,329422.3,5264283.1,1.98,0.04145697,0.084686115,0.21714162826538086,0.12013772130012512,-0.19153735041618347,-0.134866401553154
Estepa,346880600100072425,329468.5,5264316.1,2.05,0.0339294,0.06903968,0.17927196621894836,0.0967164933681488,-0.23234513401985168,-0.18539080023765564
Estepa,346880600100072426,329514.9,5264349.1,2.01,0.034316108,0.06984049,0.16989372670650482,0.09252313524484634,-0.20853856205940247,-0.15894672274589539
Estepa,346880600100072427,329561.1,5264382.1,2.01,0.0501162,0.10283783,0.28624504804611206,0.16649848222732544,-0.14121323823928833,-0.034241870045661926
Estepa,346880600100072428,329607.4,5264415.1,3.43,0.12332735,0.26328766,0.49718427658081055,0.29759228229522705,-0.007855450734496117,0.17985817790031433
Estepa,346880600100072429,329653.7,5264448.1,6.05,0.25505796,0.589133,0.43305209279060364,0.26193925738334656,-0.019545581191778183,0.15166229009628296
Estepa,346880600100072430,329700.0,5264481.1,2.24,0.049316578,0.1011547,0.3400785028934479,0.2000102698802948,-0.1216868981719017,0.03414682298898697
Estepa,346880600100072431,329746.3,5264514.0,2.09,0.05300264,0.10892536,0.33503079414367676,0.18536481261253357,-0.11836467683315277,0.0334915965795517
Estepa,346880600100072432,329792.6,5264547.0,2.2,0.042521883,0.086909525,0.3364948332309723,0.1886507123708725,-0.09280935674905777,0.024081941694021225
Estepa,346880600100072433,329839.0,5264580.1,2.05,0.041442905,0.08465675,0.2858339846134186,0.13321508467197418,-0.20899668335914612,-0.1008010283112526
Estepa,346880600100072434,329885.3,5264613.1,2.13,0.04764754,0.09764611,0.21632501482963562,0.10719680786132812,-0.2213229537010193,-0.15945032238960266
Estepa,346880600100072435,329931.8,5264646.2,2.76,0.12667361,0.27093896,0.1808955818414688,0.08944616466760635,-0.23445865511894226,-0.19569829106330872
Estepa,346880600100072436,329978.3,5264679.3,2.35,0.034136847,0.06946923,0.18440596759319305,0.09305545687675476,-0.23080989718437195,-0.18351510167121887
Estepa,346880600100072437,330025.0,5264712.5,2.5,0.04994184,0.1024707,0.19031482934951782,0.09756481647491455,-0.22542732954025269,-0.1772734522819519
Estepa,346880600100072438,330071.5,5264745.6,7.17,0.405932,1.0423213,0.2116881012916565,0.11370672285556793,-0.1576090008020401,-0.0755867287516594
Estepa,346880600100072439,330118.5,5264779.0,2.05,0.040050264,0.08175286,0.19674234092235565,0.10431113094091415,-0.1959865838289261,-0.15310274064540863
Estepa,346880600100072440,330165.0,5264812.1,2.31,0.039282907,0.0801546,0.19484835863113403,0.10034725069999695,-0.1859205663204193,-0.1415097415447235
Estepa,346880600100072441,330211.5,5264845.2,2.2,0.050851595,0.10438702,0.17806275188922882,0.0903385579586029,-0.20961633324623108,-0.17217692732810974
Estepa,346880600100072442,330258.0,5264878.3,2.16,0.05746754,0.1183786,0.18147118389606476,0.09541154652833939,-0.19089938700199127,-0.1503300964832306
Estepa,346880600100072443,330304.3,5264911.3,2.76,0.07874203,0.16404733,0.1884055733680725,0.09531683474779129,-0.20837301015853882,-0.16466011106967926
Estepa,346880600100072444,330350.8,5264944.4,2.42,0.029787634,0.06048286,0.18031658232212067,0.09356668591499329,-0.20485416054725647,-0.17146115005016327
Estepa,346880600100072445,330397.2,5264977.4,2.69,0.1110408,0.23544325,0.18026581406593323,0.0953509509563446,-0.19595052301883698,-0.15051929652690887
Estepa,346880600100072446,330443.7,5265010.5,2.95,0.10490802,0.22168887,0.18132583796977997,0.09496059268712997,-0.2206684947013855,-0.16612683236598969
Estepa,346880600100072447,330490.5,5265043.8,2.69,0.036878623,0.075155176,0.18026471138000488,0.09425997734069824,-0.21602517366409302,-0.1630699336528778
Estepa,346880600100072448,330537.0,5265077.0,2.42,0.030822605,0.06261766,0.1502801477909088,0.07695893943309784,-0.2164870649576187,-0.1721929907798767
Estepa,346880600100072449,330583.5,5265110.1,1.98,0.016983887,0.03426026,0.14611905813217163,0.07612534612417221,-0.21348881721496582,-0.17685332894325256
Estepa,346880600100072450,330629.7,5265143.0,2.35,0.059031066,0.12169957,0.1704694628715515,0.08683028817176819,-0.22343333065509796,-0.17342419922351837
Estepa,346880600100072451,330676.4,5265176.2,3.02,0.07588424,0.15785155,0.20933829247951508,0.11329208314418793,-0.17522872984409332,-0.11051513254642487
Estepa,346880600100072452,330723.1,5265209.5,2.5,0.07814072,0.16274208,0.1781609058380127,0.09211871773004532,-0.19169491529464722,-0.14228889346122742
Estepa,346880600100072453,330769.6,5265242.6,2.01,0.04832614,0.09907189,0.16646693646907806,0.07628026604652405,-0.2536908984184265,-0.2162979245185852
Estepa,346880600100072454,330815.8,5265275.6,2.09,0.03364402,0.068448916,0.1496652513742447,0.06926730275154114,-0.24217909574508667,-0.21189124882221222
Estepa,346880600100072455,330861.7,5265308.4,2.61,0.037848387,0.07717017,0.1224917322397232,0.06577067077159882,-0.17761604487895966,-0.13958555459976196
Estepa,346880600100072456,330907.4,5265341.1,2.84,0.04623194,0.0946751,0.13547874987125397,0.06778466701507568,-0.2033412605524063,-0.16367843747138977
Estepa,346880600100072457,330952.9,5265373.6,3.06,0.08195909,0.17104511,0.1386657953262329,0.06884780526161194,-0.21604348719120026,-0.18055979907512665
Estepa,346880600100072458,330998.7,5265406.4,2.05,0.040504497,0.08269955,0.15684431791305542,0.08052095770835876,-0.21362406015396118,-0.17878857254981995
Estepa,346880600100072459,331045.0,5265439.4,2.01,0.0384178,0.07835427,0.13121682405471802,0.06882574409246445,-0.2006886601448059,-0.16489431262016296
Estepa,346880600100072460,331091.3,5265472.5,2.09,0.013773802,0.027739557,0.14512568712234497,0.07985714823007584,-0.15920288860797882,-0.11992241442203522
Estepa,346880600100072461,331137.6,5265505.5,2.09,0.05022176,0.103060134,0.12097868323326111,0.06562306731939316,-0.17623931169509888,-0.1363869458436966
Estepa,346880600100072462,331183.9,5265538.5,2.01,0.04093836,0.08360421,0.11712993681430817,0.06348834931850433,-0.18297630548477173,-0.14838609099388123
Estepa,346880600100072463,331230.1,5265571.5,1.94,0.036389817,0.074140295,0.1799870729446411,0.0922597274184227,-0.18163295090198517,-0.11526916921138763
Estepa,346880600100072464,331276.1,5265604.4,2.01,0.029038433,0.058938935,0.17671799659729004,0.09001507610082626,-0.256661593914032,-0.21198880672454834
Estepa,346880600100072465,331322.3,5265637.4,2.39,0.07316794,0.15198033,0.4144749641418457,0.24111509323120117,-0.025417927652597427,0.08641934394836426
Estepa,346880600100072466,331368.6,5265670.4,5.83,0.18022269,0.39754876,0.6065277457237244,0.3254503905773163,0.10751333832740784,0.3192581832408905
Estepa,346880600100072467,331415.0,5265703.5,2.5,0.081601664,0.17026643,0.5007874965667725,0.3029029667377472,0.008483454585075378,0.1658668965101242
Estepa,346880600100072468,331461.5,5265736.6,2.05,0.033674173,0.06851133,0.1776784062385559,0.10160773992538452,-0.16076606512069702,-0.09275687485933304
Estepa,346880600100072469,331507.8,5265769.6,2.05,0.02634684,0.053402036,0.15086431801319122,0.08585292845964432,-0.17810150980949402,-0.12771373987197876
Estepa,346880600100072470,331554.1,5265802.7,1.98,0.026308538,0.05332336,0.15813544392585754,0.0899498239159584,-0.19115276634693146,-0.1486271321773529
Estepa,346880600100072471,331600.4,5265835.7,2.01,0.014157824,0.028518507,0.14251777529716492,0.07903293520212173,-0.2054719179868698,-0.1665276437997818
Estepa,346880600100072472,331646.8,5265868.8,2.91,0.103906944,0.21945266,0.19518528878688812,0.10160831362009048,-0.22180254757404327,-0.17190402746200562
Estepa,346880600100072473,331693.5,5265902.0,2.54,0.05843372,0.12043014,0.22211386263370514,0.11128050833940506,-0.23798595368862152,-0.18408136069774628
Estepa,346880600100072474,331740.1,5265935.3,2.16,0.019168306,0.038709726,0.22090193629264832,0.1400730013847351,-0.19461438059806824,-0.11221136152744293
Estepa,346880600100072475,331786.5,5265968.3,2.28,0.06598813,0.13654396,0.23712362349033356,0.12580302357673645,-0.23688295483589172,-0.16920486092567444
Estepa,346880600100072476,331833.1,5266001.5,2.5,0.04036978,0.08241873,0.1934364140033722,0.09978523850440979,-0.22835604846477509,-0.17734521627426147
Estepa,346880600100072477,331879.7,5266034.7,2.54,0.031016806,0.06301848,0.18572776019573212,0.09138279408216476,-0.22948908805847168,-0.18190120160579681
Estepa,346880600100072478,331926.2,5266067.9,2.16,0.037587278,0.07662744,0.15045078098773956,0.07702616602182388,-0.23886579275131226,-0.19206634163856506
Estepa,346880600100072479,331972.8,5266101.0,2.35,0.049674083,0.10190704,0.1912575364112854,0.10071919113397598,-0.21378561854362488,-0.15355618298053741
Estepa,346880600100072480,332019.4,5266134.2,2.35,0.03763524,0.076727115,0.1777496188879013,0.09356158971786499,-0.22259555757045746,-0.1708391308784485
Estepa,346880600100072481,332066.0,5266167.4,2.61,0.0826425,0.17253484,0.1651294231414795,0.0853833258152008,-0.21041400730609894,-0.15384399890899658
Estepa,346880600100072482,332112.5,5266200.5,2.05,0.021995222,0.04448267,0.1406535506248474,0.07569722086191177,-0.211093932390213,-0.16652971506118774
Estepa,346880600100072483,332158.2,5266233.2,2.16,0.054906666,0.11295115,0.18505047261714935,0.09644831717014313,-0.23761722445487976,-0.16804713010787964
Estepa,346880600100072484,332205.3,5266266.6,2.61,0.02928904,0.059455246,0.16503284871578217,0.08543792366981506,-0.21506114304065704,-0.1592329889535904
Estepa,346880600100072485,332251.8,5266299.7,2.16,0.033016145,0.06714975,0.1612977385520935,0.08085906505584717,-0.23757797479629517,-0.1925315260887146
Estepa,346880600100072486,332298.2,5266332.7,2.46,0.054911178,0.1129607,0.1580946296453476,0.07846057415008545,-0.23895376920700073,-0.19493705034255981
Estepa,346880600100072487,332344.5,5266365.7,2.05,0.026672538,0.054071218,0.1521764099597931,0.07435396313667297,-0.25082045793533325,-0.2135312408208847
Estepa,346880600100072488,332390.4,5266398.5,2.09,0.02009818,0.040606808,0.19295480847358704,0.0943818986415863,-0.2742019593715668,-0.22827710211277008
Estepa,346880600100072489,332436.7,5266431.5,4.11,0.20828739,0.46725854,0.26016026735305786,0.13027051091194153,-0.2368057370185852,-0.16229568421840668
Estepa,346880600100072490,332483.7,5266464.9,2.2,0.041773353,0.08534642,0.18530838191509247,0.0905536413192749,-0.2596837282180786,-0.22418825328350067
Estepa,346880600100072491,332529.9,5266497.8,2.69,0.11428242,0.24275191,0.2277931421995163,0.11824931204319,-0.23716408014297485,-0.1822376847267151
Estepa,346880600100072492,332576.8,5266531.1,2.28,0.033214115,0.06755929,0.1714249551296234,0.0880795270204544,-0.23600643873214722,-0.19252647459506989
Estepa,346880600100072493,332623.2,5266564.1,2.28,0.056306303,0.11591568,0.1726435273885727,0.08765479922294617,-0.24808281660079956,-0.1976933628320694
Estepa,346880600100072494,332669.6,5266597.2,2.2,0.040453833,0.08259394,0.17061619460582733,0.0886707678437233,-0.22269481420516968,-0.17344842851161957
Estepa,346880600100072495,332715.7,5266630.0,2.42,0.017915802,0.036157273,0.1899111270904541,0.09586292505264282,-0.24850916862487793,-0.1989307999610901
Estepa,346880600100072496,332761.7,5266662.8,2.01,0.03989992,0.08143962,0.23378250002861023,0.1167469397187233,-0.283687949180603,-0.1755799949169159
Estepa,346880600100072497,332808.5,5266696.1,3.73,0.07197041,0.14939736,0.18190230429172516,0.09504583477973938,-0.22211575508117676,-0.152297243475914
Estepa,346880600100072498,332855.2,5266729.2,2.16,0.03842593,0.07837118,0.20745812356472015,0.10470994561910629,-0.24329866468906403,-0.18769575655460358
Estepa,346880600100072499,332901.6,5266762.2,2.09,0.02606072,0.052814364,0.4689294993877411,0.3104645013809204,-0.06533866375684738,0.04711635038256645
Estepa,346880600100072500,332948.4,5266795.5,3.55,0.05997081,0.12369829,0.14807899296283722,0.07818055897951126,-0.23137818276882172,-0.16057263314723969
Estepa,346880600100072501,332995.1,5266828.7,3.06,0.05551301,0.11423489,0.13837414979934692,0.07455960661172867,-0.22884491086006165,-0.18222801387310028
Estepa,346880600100072502,333041.3,5266861.6,2.91,0.068933874,0.14286278,0.15028870105743408,0.07943402975797653,-0.23754970729351044,-0.18809287250041962
Estepa,346880600100072503,333087.5,5266894.5,2.46,0.05287003,0.108645275,0.17498929798603058,0.0949544683098793,-0.20780229568481445,-0.14952349662780762
Estepa,346880600100072504,333134.2,5266927.7,2.69,0.059494317,0.12268459,0.150985449552536,0.08279601484537125,-0.20090624690055847,-0.15260955691337585
Estepa,346880600100072505,333180.7,5266960.8,2.28,0.05376525,0.11053681,0.19264107942581177,0.1059565618634224,-0.19174820184707642,-0.1323043406009674
Estepa,346880600100072506,333227.2,5266993.9,2.35,0.025243027,0.051135816,0.1632184386253357,0.09015720337629318,-0.18679337203502655,-0.1380910575389862
Estepa,346880600100072507,333273.6,5267026.9,2.61,0.04897163,0.10042906,0.195652037858963,0.11551937460899353,-0.16782791912555695,-0.10164254158735275
Estepa,346880600100072508,333320.5,5267060.2,3.21,0.121660344,0.25948694,0.1799573451280594,0.10689815133810043,-0.17869988083839417,-0.11011345684528351
Estepa,346880600100072509,333367.6,5267093.7,3.77,0.054493286,0.112076424,0.19058062136173248,0.1134004071354866,-0.1773572564125061,-0.09815026074647903
Estepa,346880600100072511,333462.5,5267160.9,2.54,0.080775544,0.16846779,0.13655295968055725,0.07353603094816208,-0.23533368110656738,-0.18479730188846588
Estepa,346880600100072512,333508.8,5267193.9,2.84,0.0688211,0.1426205,0.12579119205474854,0.0679633766412735,-0.2189294844865799,-0.16560907661914825
Estepa,346880600100072513,333554.9,5267226.8,3.1,0.02900186,0.0588636,0.11923733353614807,0.06449698656797409,-0.20369380712509155,-0.15525783598423004
Estepa,346880600100072514,333601.1,5267259.7,3.81,0.07769692,0.16177927,0.11546601355075836,0.06398782134056091,-0.19247467815876007,-0.13582180440425873
Estepa,346880600100072515,333647.3,5267292.7,3.28,0.06524324,0.13494928,0.1132197231054306,0.06320638954639435,-0.18395285308361053,-0.12767459452152252
Estepa,346880600100072516,333693.2,5267325.5,3.73,0.04294668,0.08779715,0.11122870445251465,0.06165662780404091,-0.1807956099510193,-0.1279342770576477
Estepa,346880600100072517,333738.8,5267358.1,3.32,0.06360132,0.13143875,0.11220390349626541,0.0605405829846859,-0.19236373901367188,-0.14397205412387848
Estepa,346880600100072518,333784.3,5267390.7,2.99,0.0101859765,0.020476675,0.1305486112833023,0.06833203136920929,-0.21810275316238403,-0.17631322145462036
Estepa,346880600100072519,333829.7,5267423.3,2.65,0.06483097,0.13406724,0.1722993552684784,0.08629390597343445,-0.23682665824890137,-0.18421520292758942
Estepa,346880600100072520,333875.6,5267456.1,2.2,0.073519796,0.15273988,0.1820492148399353,0.08773693442344666,-0.24855481088161469,-0.19609516859054565
Estepa,346880600100072521,333921.9,5267489.1,2.5,0.019016296,0.03839977,0.1211431547999382,0.06108669564127922,-0.24131464958190918,-0.21210575103759766
Estepa,346880600100072522,333967.6,5267521.8,3.06,0.07029723,0.14579403,0.14289945363998413,0.07123158872127533,-0.26057174801826477,-0.22203344106674194
Estepa,346880600100072523,334013.4,5267554.6,2.16,0.04351252,0.088980086,0.21544517576694489,0.10866066813468933,-0.2628661096096039,-0.20148153603076935
Estepa,346880600100072524,334059.8,5267587.7,2.65,0.1044792,0.22073068,0.18200063705444336,0.09149857610464096,-0.26267361640930176,-0.2184920310974121
Estepa,346880800100042930,319127.2,5256057.4,2.65,0.008612153,0.017299121,0.2599962651729584,0.15337055921554565,-0.07236335426568985,0.037468813359737396
Estepa,346880800100042938,319487.9,5256315.5,3.62,0.010646631,0.021407757,0.7396349906921387,0.4808600842952728,0.22250120341777802,0.4528938829898834
Estepa,346880800100042939,319532.5,5256347.5,13.89,0.64277303,2.0632255,0.8148102760314941,0.49277183413505554,0.25843346118927,0.5267837643623352
Estepa,346880800100042940,319577.9,5256380.0,15.61,0.75588816,2.830042,0.8720593452453613,0.5779651403427124,0.3675937354564667,0.6481829881668091
Estepa,346880800100042941,319623.3,5256412.5,15.05,0.8566576,3.9085503,0.842303991317749,0.550383448600769,0.323952317237854,0.5863401889801025
Estepa,346880800100042942,319668.6,5256444.9,14.75,0.70968,2.480543,0.8238268494606018,0.5256879925727844,0.2824012041091919,0.5112709999084473
Estepa,346880800100042943,319713.9,5256477.3,13.82,0.7249245,2.5892153,0.8509162068367004,0.6021050810813904,0.3572939336299896,0.6111863255500793
Estepa,346880800100042944,319759.6,5256509.9,7.43,0.3298335,0.8009893,0.6023232936859131,0.36589115858078003,0.1341448277235031,0.3419009745121002
Estepa,346880800100042945,319805.3,5256542.5,5.37,0.0037957751,0.0076060365,0.8271710872650146,0.5833913087844849,0.3409307301044464,0.5895230174064636
Estepa,346880800100042946,319850.6,5256574.9,5.52,0.17064665,0.37432563,0.30095499753952026,0.17541006207466125,-0.07361022382974625,0.05589643493294716
Estepa,346880800100042947,319896.5,5256607.7,4.07,0.005877791,0.011790367,0.48133283853530884,0.2994770407676697,0.051454171538352966,0.203327015042305
Estepa,346880800100042948,319942.5,5256640.5,4.03,0.02140925,0.043284867,0.44145864248275757,0.2604835331439972,-0.009250473231077194,0.12732331454753876
Estepa,346880800100042949,319989.0,5256673.6,5.0,0.011164092,0.022454124,0.4600623548030853,0.2903808355331421,0.032879412174224854,0.19697874784469604
Estepa,346880800100042950,320035.5,5256706.7,2.24,0.011802203,0.02374521,0.2673450708389282,0.1669439822435379,-0.09395578503608704,0.038949981331825256
Estepa,346880800100042951,320081.1,5256739.2,3.32,0.06846371,0.14185512,0.426305890083313,0.24680641293525696,-0.054816827178001404,0.0941670686006546
Estepa,346880800100042952,320126.6,5256771.8,3.1,0.003976932,0.007969768,0.34505656361579895,0.19322998821735382,-0.09664259105920792,0.039543066173791885
Estepa,346880800100042953,320171.9,5256804.1,4.59,0.005841941,0.011718243,0.27136552333831787,0.16551484167575836,-0.10370475798845291,0.04181273281574249
Estepa,346880800100042954,320216.8,5256836.3,4.07,0.009416431,0.018922351,0.46370017528533936,0.2658196985721588,-0.04676147550344467,0.10140665620565414
Estepa,346880800100042955,320262.0,5256868.6,20.65,0.8764542,4.211501,0.7258303165435791,0.41531166434288025,0.15867619216442108,0.4099157154560089
Estepa,346880800100042958,320400.2,5256967.1,9.67,0.47033554,1.2724826,0.7109156250953674,0.4435148537158966,0.1657644808292389,0.40028485655784607
Estepa,346880800100042970,320953.0,5257360.8,3.43,0.11861518,0.2525699,0.4514640271663666,0.25476518273353577,-0.05043303221464157,0.09082670509815216
Estepa,346880800100042971,320998.9,5257393.5,4.44,0.13731596,0.29547974,0.7462950348854065,0.5169218182563782,0.21244457364082336,0.45027822256088257
Estepa,346880800100042972,321044.8,5257426.2,4.14,0.083913594,0.17531201,0.6738229393959045,0.46348708868026733,0.11309732496738434,0.34794238209724426
Estepa,346880800100042973,321091.3,5257459.3,5.52,0.17419353,0.38290253,0.5888453722000122,0.3602074980735779,0.04903196915984154,0.264409601688385
Estepa,346880800100042974,321137.8,5257492.3,3.54,0.08557296,0.17893898,0.46883922815322876,0.2755008935928345,-0.028480324894189835,0.1413663923740387
Estepa,346880800100042975,321183.7,5257525.0,3.69,0.07614432,0.15841742,0.3840559720993042,0.2222229689359665,-0.07269995659589767,0.06593339890241623
Estepa,346880800100042976,321229.2,5257557.4,3.06,0.008212583,0.01649318,0.4525128901004791,0.2679041624069214,-0.023904839530587196,0.1437162607908249
Estepa,346880800100042977,321274.6,5257589.9,4.96,0.20632456,0.4623281,0.6668146252632141,0.39171522855758667,0.09558816254138947,0.3002117872238159
Estepa,346880800100042978,321321.2,5257623.0,3.47,0.010545668,0.021203661,0.5236479043960571,0.3152190148830414,0.010636980645358562,0.16768032312393188
Estepa,346880800100042979,321368.1,5257656.3,5.64,0.04659742,0.09544274,0.4746423363685608,0.2632488012313843,-0.0282917283475399,0.11284342408180237
Estepa,346880800100042980,321414.4,5257689.2,3.21,0.0050456496,0.010116918,0.36576345562934875,0.20776307582855225,-0.0834696963429451,0.025288185104727745
Estepa,346880800100042985,321650.2,5257856.6,2.46,0.014152416,0.028507622,0.1825767606496811,0.11471279710531235,-0.1662326604127884,-0.11431559920310974
Estepa,346880800100042986,321696.1,5257889.3,3.77,0.008455654,0.01698342,0.2917284071445465,0.18041656911373138,-0.09981386363506317,-0.015795379877090454
Estepa,346880800100042989,321833.6,5257987.4,4.29,0.1668294,0.36513603,0.41795429587364197,0.2558439075946808,-0.04598458111286163,0.1015109047293663
Estepa,346880800100042990,321879.5,5258020.2,3.36,0.08162393,0.17031814,0.45080840587615967,0.28246626257896423,0.002907177433371544,0.16477751731872559
Estepa,346880800100042991,321926.0,5258053.3,3.62,0.07428067,0.15438603,0.3829434812068939,0.23312751948833466,-0.05114876851439476,0.08472844958305359
Estepa,346880800100042992,321972.5,5258086.5,5.26,0.11907504,0.2536141,0.4148262143135071,0.28143900632858276,-0.024694254621863365,0.1097324788570404
Estepa,346880800100042993,322019.6,5258119.9,5.82,0.20956229,0.47050983,0.28808045387268066,0.19072115421295166,-0.12751396000385284,-0.02792290784418583
Estepa,346880800100042994,322066.4,5258153.2,5.26,0.005142147,0.010310904,0.2974652945995331,0.18011541664600372,-0.14041630923748016,-0.01709943450987339
Estepa,346880800100042995,322113.5,5258186.7,3.13,0.00823061,0.016529534,0.237296000123024,0.13627409934997559,-0.17929592728614807,-0.08120802789926529
Estepa,346880800100042996,322159.5,5258219.5,3.88,0.16127153,0.3518313,0.17802821099758148,0.10375607013702393,-0.16351450979709625,-0.08113662153482437
Estepa,346880800100042997,322205.0,5258252.1,4.4,0.11773348,0.25056943,0.2194569706916809,0.11452434957027435,-0.21393463015556335,-0.1346733570098877
Estepa,346880800100042998,322250.9,5258284.9,6.31,0.2857515,0.6734157,0.3834680914878845,0.2219657152891159,-0.05977264419198036,0.07004281133413315
Estepa,346880800100043004,322524.8,5258480.7,3.32,0.040989537,0.08371171,0.34907352924346924,0.186720073223114,-0.06595548242330551,0.08629601448774338
Estepa,346880800100043005,322570.5,5258513.4,4.63,0.007854447,0.015771091,0.334744930267334,0.18901818990707397,-0.08665676414966583,0.042095206677913666
Estepa,346880800100043006,322615.7,5258545.7,4.85,0.03984842,0.08133306,0.3893985152244568,0.23211632668972015,-0.033206306397914886,0.09589553624391556
Estepa,346880800100043007,322661.4,5258578.4,4.4,0.18347318,0.4055181,0.5430991649627686,0.3273245394229889,0.07267383486032486,0.24446779489517212
Estepa,346880800100043008,322707.9,5258611.5,4.33,0.07255524,0.15066087,0.3212265968322754,0.166602224111557,-0.037996336817741394,0.07452117651700974
Estepa,346880800100043009,322753.8,5258644.2,2.46,0.013026621,0.026224922,0.33793577551841736,0.16975119709968567,-0.08337130397558212,0.03654681518673897
Estepa,346880800100043012,322888.7,5258740.8,4.74,0.23177914,0.5275757,0.4707215130329132,0.26659175753593445,0.0044209822081029415,0.1689172387123108
Estepa,346880800100043013,322935.2,5258773.9,7.73,0.15275435,0.3316131,0.7256252765655518,0.4410248100757599,0.14069394767284393,0.36389726400375366
Estepa,346880800100043014,322982.8,5258807.6,4.93,0.1267142,0.27104026,0.4054145812988281,0.24819867312908173,-0.04131166636943817,0.11409827321767807
Estepa,346880800100043015,323028.6,5258840.3,5.97,0.21748543,0.49067426,0.39564016461372375,0.24469423294067383,-0.03468301147222519,0.10607919096946716
Estepa,346880800100043017,323122.3,5258906.8,4.85,0.007418518,0.014892505,0.276188462972641,0.17083966732025146,-0.05554746091365814,0.08278265595436096
Estepa,346880800100043018,323169.1,5258940.1,6.8,0.23367281,0.5325161,0.5037385821342468,0.32582801580429077,0.050004955381155014,0.22248575091362
Estepa,346880800100043023,323405.2,5259107.4,7.51,0.11134095,0.23612511,0.41406285762786865,0.2539840340614319,-0.024745367467403412,0.1202077716588974
Estepa,346880800100043024,323452.6,5259141.0,1.98,0.017710714,0.035739776,0.3633929491043091,0.22613899409770966,-0.08840718865394592,0.03728348761796951
Estepa,346880800100043025,323499.4,5259174.2,7.84,0.17217351,0.3780133,0.34124937653541565,0.2064901739358902,-0.11938296258449554,0.0033000982366502285
Estepa,346880800100043027,323594.1,5259241.3,6.16,0.16263214,0.3550802,0.19937856495380402,0.1316715031862259,-0.16283319890499115,-0.07330969721078873
Estepa,346880800100043028,323641.1,5259274.7,7.92,0.1591675,0.3468176,0.19970029592514038,0.12823638319969177,-0.18149547278881073,-0.08051024377346039
Estepa,346880800100043029,323688.4,5259308.2,7.95,0.087603934,0.18338722,0.22916632890701294,0.14178460836410522,-0.17745620012283325,-0.06982051581144333
Estepa,346880800100043030,323736.0,5259341.9,3.88,0.0072206887,0.01449392,0.2907031774520874,0.1741190254688263,-0.15136772394180298,-0.04807226359844208
Estepa,346880800100043031,323783.0,5259375.2,4.22,0.0038865758,0.0077883406,0.36537444591522217,0.22226309776306152,-0.11432846635580063,0.003625292796641588
Estepa,346880800100043032,323830.1,5259408.6,4.4,0.0020921442,0.0041886843,0.2936052978038788,0.18189148604869843,-0.13690577447414398,-0.03414541855454445
Estepa,346880800100043033,323877.2,5259442.1,4.59,0.051545884,0.10585196,0.2619476020336151,0.1657906323671341,-0.13136857748031616,-0.029634539037942886
Estepa,346880800100043034,323924.1,5259475.4,3.1,0.06771407,0.14024596,0.24762558937072754,0.15000557899475098,-0.1855269968509674,-0.08122554421424866
Estepa,346880800100043035,323970.6,5259508.5,3.13,0.0264457,0.05360545,0.3089163303375244,0.18354123830795288,-0.1916866898536682,-0.049699731171131134
Estepa,346880800100043036,324017.2,5259541.6,2.65,0.008451152,0.01697434,0.32022416591644287,0.18508142232894897,-0.17895077168941498,-0.04005926474928856
Estepa,346880800100043037,324063.3,5259574.5,3.02,0.027955996,0.05671075,0.24242833256721497,0.14390866458415985,-0.19865038990974426,-0.09154269844293594
Estepa,346880800100043038,324109.1,5259607.1,2.68,0.040333685,0.08234424,0.24151653051376343,0.1348402202129364,-0.1965428739786148,-0.10564664751291275
Estepa,346880800100043039,324154.9,5259639.8,2.24,0.028786588,0.058420584,0.27933263778686523,0.15178169310092926,-0.1831687092781067,-0.09713170677423477
Estepa,346880800100043040,324200.9,5259672.7,1.98,0.013640827,0.027469981,0.30026957392692566,0.1674511432647705,-0.14783814549446106,-0.05693373456597328
Estepa,346880800100043041,324247.0,5259705.5,2.12,0.016551083,0.033379976,0.30149298906326294,0.17486780881881714,-0.12403368949890137,-0.04345439374446869
Estepa,346880800100043042,324293.2,5259738.5,1.9,0.00929927,0.018685808,0.2812396287918091,0.1523379385471344,-0.12450766563415527,-0.0413118414580822
Estepa,346880800100043043,324339.3,5259771.3,2.2,0.005121533,0.010269461,0.2412836253643036,0.12710121273994446,-0.11178723722696304,-0.03807792440056801
Estepa,346880800100043044,324385.4,5259804.2,1.94,0.0060106483,0.012057675,0.2553846538066864,0.1352033019065857,-0.12620076537132263,-0.043036773800849915
Estepa,346880800100043045,324431.5,5259837.1,2.95,0.025590515,0.051849253,0.28589239716529846,0.15607145428657532,-0.1594046652317047,-0.06372030824422836
Estepa,346880800100043046,324477.8,5259870.1,4.1,0.040372264,0.082424656,0.24316011369228363,0.14256972074508667,-0.16870491206645966,-0.06523749232292175
Estepa,346880800100043047,324524.2,5259903.2,4.07,0.08282031,0.17292595,0.20172540843486786,0.12932223081588745,-0.13614431023597717,-0.03776250779628754
Estepa,346880800100043048,324570.3,5259936.0,4.55,0.017658085,0.035632618,0.15785831212997437,0.10457132011651993,-0.12143126130104065,-0.0265340693295002
Estepa,346880800100043050,324661.3,5260001.1,10.94,0.91007745,4.8628645,0.124199777841568,0.08055846393108368,-0.11150981485843658,-0.02191612869501114
Estepa,346880800100043051,324707.3,5260034.0,5.08,0.28591523,0.6738748,0.20448964834213257,0.1238662526011467,-0.13031211495399475,-0.02790476195514202
Estepa,346880800100043052,324753.3,5260066.8,4.55,0.21793407,0.49182215,0.2602132558822632,0.1419861912727356,-0.17068389058113098,-0.06805313378572464
Estepa,346880800100043053,324799.2,5260099.6,5.38,0.30233872,0.7204668,0.2393479347229004,0.12974463403224945,-0.17141297459602356,-0.07818885147571564
Estepa,346880800100043054,324845.4,5260132.5,6.01,0.27769473,0.6509565,0.23908287286758423,0.13041871786117554,-0.15050296485424042,-0.047963522374629974
Estepa,346880800100043055,324892.4,5260165.9,2.16,0.016305856,0.032881305,0.17675477266311646,0.08605767786502838,-0.15398246049880981,-0.07072192430496216
Estepa,346880800100043056,324938.0,5260198.5,10.98,0.39244178,0.99746764,0.1817845106124878,0.08515623211860657,-0.18815931677818298,-0.10965803265571594
Estepa,346880800100043057,324983.2,5260230.8,5.49,0.05450838,0.11210975,0.16569781303405762,0.09224548935890198,-0.1589832752943039,-0.08852892369031906
Estepa,346880800100043058,325028.5,5260263.2,8.03,0.27344778,0.6392186,0.40064847469329834,0.22200259566307068,-0.07347027957439423,0.04603371024131775
Estepa,346880800100043059,325075.8,5260296.8,2.76,0.013176231,0.026528126,0.34802621603012085,0.19236034154891968,-0.12828758358955383,-0.03320866450667381
Estepa,346880800100043060,325121.8,5260329.7,3.47,0.010219669,0.020544803,0.35311463475227356,0.2062729150056839,-0.13342957198619843,-0.024881161749362946
Estepa,346880800100043061,325168.3,5260362.8,4.11,0.07386257,0.15348272,0.2654501497745514,0.15196795761585236,-0.17515984177589417,-0.09253999590873718
Estepa,346880800100043062,325214.8,5260395.8,3.43,0.1054618,0.22293256,0.26325494050979614,0.1465708613395691,-0.1969163566827774,-0.11348830163478851
Estepa,346880800100043063,325260.9,5260428.7,2.72,0.025221108,0.05109112,0.282126247882843,0.1560949683189392,-0.1840207725763321,-0.09507323801517487
Estepa,346880800100043064,325307.1,5260461.6,2.42,0.02779104,0.05637135,0.26116615533828735,0.1409970074892044,-0.21290156245231628,-0.13033849000930786
Estepa,346880800100043065,325353.0,5260494.4,2.57,0.055574894,0.114367396,0.2372746467590332,0.12781494855880737,-0.1826539933681488,-0.09443417191505432
Estepa,346880800100043066,325398.9,5260527.1,2.5,0.032334223,0.0657402,0.25760766863822937,0.1392378956079483,-0.1847952902317047,-0.08639832586050034
Estepa,346880800100043067,325444.5,5260559.7,2.61,0.014171169,0.028545668,0.22847682237625122,0.124454565346241,-0.21318146586418152,-0.10573253780603409
Estepa,346880800100043068,325490.4,5260592.4,2.31,0.045115326,0.09233566,0.26165953278541565,0.14487949013710022,-0.2236289381980896,-0.11918623000383377
Estepa,346880800100043069,325536.4,5260625.2,2.27,0.026349882,0.0534086,0.2779509723186493,0.1539430022239685,-0.18502049148082733,-0.071326345205307
Estepa,346880800100043070,325582.4,5260658.0,2.57,0.021241296,0.042941615,0.28565919399261475,0.15303383767604828,-0.15423844754695892,-0.05373921990394592
Estepa,346880800100043071,325628.3,5260690.7,2.61,0.0043449574,0.008708904,0.18994706869125366,0.10262805968523026,-0.13895225524902344,-0.06651939451694489
Estepa,346880800100043077,325898.5,5260884.1,6.27,0.35048556,0.8636849,0.2254275530576706,0.13108693063259125,-0.15270066261291504,-0.06358763575553894
Estepa,346880800100043078,325944.7,5260917.0,7.62,0.30191267,0.7192443,0.3872433602809906,0.22619035840034485,-0.044435009360313416,0.10134783387184143
Estepa,346880800100043081,326086.8,5261017.8,3.43,0.043336418,0.08861271,0.29543593525886536,0.15954023599624634,-0.15830455720424652,-0.05933007970452309
Estepa,346880800100043082,326132.7,5261050.5,2.91,0.022655778,0.045834254,0.17360375821590424,0.09666784852743149,-0.22661906480789185,-0.12436120957136154
Estepa,346880800100043083,326178.0,5261082.8,3.99,0.016209733,0.032685872,0.2210245430469513,0.1248544305562973,-0.23438943922519684,-0.13590171933174133
Estepa,346880800100043084,326223.4,5261115.3,3.36,0.088725135,0.18584712,0.28805267810821533,0.16224165260791779,-0.17696230113506317,-0.06600068509578705
Estepa,346880800100043085,326269.4,5261148.1,3.06,0.036725502,0.07483782,0.23664242029190063,0.13368412852287292,-0.15985506772994995,-0.061378464102745056
Estepa,346880800100043086,326315.6,5261181.0,2.46,0.0035531349,0.0071189613,0.2718120515346527,0.14674009382724762,-0.2048081010580063,-0.11416693776845932
Estepa,346880800100043087,326361.7,5261213.9,4.44,0.27081552,0.631978,0.14390791952610016,0.08544677495956421,-0.151785746216774,-0.07108122855424881
Estepa,346880800100043088,326408.1,5261246.9,8.74,0.43857068,1.1557175,0.42616763710975647,0.2542920410633087,0.013429398648440838,0.14294680953025818
Estepa,346880800100043089,326454.3,5261279.8,6.2,0.2569363,0.594229,0.2885173559188843,0.16175152361392975,-0.11890872567892075,0.007350773550570011
Estepa,346880800100043090,326500.8,5261312.9,2.24,0.006858356,0.013764101,0.19369515776634216,0.10664010047912598,-0.2253538817167282,-0.11230181157588959
Estepa,346880800100043091,326547.1,5261345.9,2.5,0.00432089,0.008660559,0.23309656977653503,0.12951546907424927,-0.2084788829088211,-0.08041401207447052
Estepa,346880800100043092,326593.5,5261378.9,2.39,0.0053203017,0.010669092,0.4101015031337738,0.2853800058364868,-0.04892074316740036,0.13707956671714783
Estepa,346880800100043093,326639.9,5261412.0,2.35,0.012416261,0.024988426,0.2606850564479828,0.15794067084789276,-0.24126070737838745,-0.10566405951976776
Estepa,346880800100043094,326686.3,5261445.0,2.65,0.040963296,0.08365698,0.28356269001960754,0.1446593552827835,-0.25392860174179077,-0.09105639159679413
Estepa,346880800100043095,326732.9,5261478.1,2.98,0.022915937,0.04636674,0.25482407212257385,0.12847380340099335,-0.2388058304786682,-0.07637472450733185
Estepa,346880800100043096,326779.4,5261511.3,2.54,0.007571665,0.015201119,0.23727862536907196,0.12093106657266617,-0.2662848234176636,-0.11798635870218277
Estepa,346880800100043097,326826.0,5261544.4,5.75,0.15159324,0.32887265,0.1825810670852661,0.09775973111391068,-0.24338136613368988,-0.16158373653888702
Estepa,346880800100043098,326873.1,5261577.8,6.68,0.17151871,0.37643102,0.18430286645889282,0.10381972789764404,-0.18100757896900177,-0.11700073629617691
Estepa,346880800100043099,326920.0,5261611.2,4.59,0.060233664,0.124259405,0.18983548879623413,0.10246190428733826,-0.1945832371711731,-0.1264062076807022
Estepa,346880800100043100,326966.7,5261644.4,6.27,0.099384025,0.20938542,0.18082258105278015,0.10015520453453064,-0.1567838490009308,-0.09260984510183334
Estepa,346880800100043101,327013.6,5261677.7,5.75,0.041967414,0.08575236,0.18928837776184082,0.10292309522628784,-0.152936652302742,-0.08450952917337418
Estepa,346880800100043102,327061.0,5261711.3,4.14,0.038322806,0.07815735,0.18567723035812378,0.09915155172348022,-0.16668520867824554,-0.10776512324810028
Estepa,346880800100043103,327107.9,5261744.7,4.85,0.059233315,0.12213121,0.19454382359981537,0.09768150746822357,-0.20203343033790588,-0.14676067233085632
Estepa,346880800100043104,327154.9,5261778.1,6.01,0.18164535,0.40104312,0.1931155025959015,0.09184978902339935,-0.2072778344154358,-0.15567311644554138
Estepa,346880800100043105,327202.1,5261811.6,5.34,0.11148644,0.23645271,0.21321557462215424,0.10357397794723511,-0.16795839369297028,-0.10494610667228699
Estepa,346880800100043106,327249.2,5261845.0,5.11,0.03288131,0.06687136,0.1883610486984253,0.0976632684469223,-0.14472895860671997,-0.08064881712198257
Estepa,346880800100043107,327296.1,5261878.4,5.08,0.13096091,0.28079396,0.19699913263320923,0.09966813027858734,-0.17896565794944763,-0.105280801653862
Estepa,346880800100043108,327342.9,5261911.6,4.37,0.02301981,0.046579383,0.2071831375360489,0.10853080451488495,-0.15772993862628937,-0.0862213671207428
Estepa,346880800100043109,327389.5,5261944.8,3.4,0.011853482,0.023849,0.155757337808609,0.07578576356172562,-0.18164660036563873,-0.12069520354270935
Estepa,346880800100043110,327436.0,5261977.9,2.54,0.0062029636,0.012444676,0.1694306880235672,0.07791105657815933,-0.18899670243263245,-0.13086900115013123
Estepa,346880800100043111,327482.0,5262010.7,2.42,0.0092554325,0.01859731,0.21607333421707153,0.10952067375183105,-0.1900642216205597,-0.11740271002054214
Estepa,346880800100043112,327527.6,5262043.3,2.01,0.02266824,0.04585976,0.23467771708965302,0.11009815335273743,-0.2383759617805481,-0.13142317533493042
Estepa,346880800100043113,327573.7,5262076.2,2.16,0.015314101,0.030865837,0.21740815043449402,0.11472032964229584,-0.15167370438575745,-0.10011904686689377
Estepa,346880800100043114,327620.0,5262109.1,1.94,0.0047336435,0.009489831,0.19718492031097412,0.10061204433441162,-0.19944840669631958,-0.1419302076101303
Estepa,346880800100043115,327666.1,5262142.0,2.09,0.011869745,0.02388192,0.20720666646957397,0.10376580059528351,-0.2331206202507019,-0.16853606700897217
Estepa,346880800100043116,327712.1,5262174.8,2.09,0.0380999,0.07769377,0.21815837919712067,0.10269015282392502,-0.23581968247890472,-0.18422336876392365
Estepa,346880800100043117,327758.1,5262207.6,2.05,0.018184492,0.0367047,0.2022441029548645,0.09778033941984177,-0.22394521534442902,-0.18078769743442535
Estepa,346880800100043118,327804.2,5262240.5,2.24,0.038255826,0.07801804,0.22675783932209015,0.11805907636880875,-0.17854046821594238,-0.12832482159137726
Estepa,346880800100043119,327850.4,5262273.4,2.42,0.038519867,0.07856727,0.19491459429264069,0.09806074947118759,-0.23851577937602997,-0.18868494033813477
Estepa,346880800100043120,327896.8,5262306.4,3.17,0.06514317,0.13473716,0.20041513442993164,0.10492142289876938,-0.18070483207702637,-0.12567482888698578
Estepa,346880800100043121,327943.3,5262339.6,2.72,0.010032903,0.020167438,0.1887889951467514,0.10301902890205383,-0.17511890828609467,-0.11049297451972961
Estepa,346880800100043122,327989.7,5262372.6,2.2,0.006309536,0.012659166,0.17553173005580902,0.094436876475811,-0.1749105453491211,-0.11489960551261902
Estepa,346880800100043123,328035.7,5262405.4,2.16,0.025554772,0.051775884,0.19305217266082764,0.0958046242594719,-0.21375814080238342,-0.16660243272781372
Estepa,346880800100043124,328081.5,5262438.1,2.61,0.024840599,0.050310507,0.18668627738952637,0.08895915746688843,-0.2380925863981247,-0.19723103940486908
Estepa,346880800100043125,328127.5,5262470.9,3.43,0.057031605,0.11745518,0.19403201341629028,0.09751895815134048,-0.21468956768512726,-0.16142891347408295
Estepa,346880800100043126,328173.8,5262503.9,2.09,0.0031595922,0.0063292175,0.17913253605365753,0.10256468504667282,-0.15190663933753967,-0.0894315093755722
Estepa,346880800100043127,328220.0,5262536.8,2.09,0.0030674553,0.006144366,0.1750403344631195,0.09521827846765518,-0.19413556158542633,-0.1372854858636856
Estepa,346880800100043128,328266.3,5262569.8,2.01,0.017166115,0.034631193,0.18470382690429688,0.09690410643815994,-0.21105919778347015,-0.15553689002990723
Estepa,346880800100043130,328358.7,5262635.7,3.06,0.043096848,0.08811186,0.18467530608177185,0.09872426092624664,-0.1983707994222641,-0.1339593529701233
Estepa,346880800100043131,328405.2,5262668.8,1.94,0.010226456,0.02055852,0.18092960119247437,0.09363272786140442,-0.2105444222688675,-0.15515857934951782
Estepa,346880800100043132,328451.2,5262701.6,2.12,0.013787595,0.027767612,0.18197011947631836,0.09589210152626038,-0.20792631804943085,-0.1537131518125534
Estepa,346880800100043133,328497.2,5262734.4,2.16,0.0027521134,0.005511837,0.18829576671123505,0.09831295907497406,-0.21001732349395752,-0.15439917147159576
Estepa,346880800100043134,328543.3,5262767.3,2.69,0.04524949,0.092616715,0.1540406495332718,0.08197931945323944,-0.20078617334365845,-0.13448596000671387
Estepa,346880800100043135,328589.4,5262800.2,3.21,0.008705589,0.01748763,0.15260133147239685,0.07988456636667252,-0.2126043438911438,-0.15470488369464874
Estepa,346880800100043136,328635.3,5262832.9,3.81,0.07433761,0.15450908,0.16484494507312775,0.08606555312871933,-0.22763752937316895,-0.17280948162078857
Estepa,346880800100043137,328774.1,5262931.9,3.47,0.058808483,0.12122809,0.16347429156303406,0.08395718783140182,-0.22352316975593567,-0.170157790184021
Estepa,346880800100043138,328820.6,5262965.0,3.54,0.06882436,0.14262976,0.15911473333835602,0.08367665857076645,-0.20337308943271637,-0.1524619162082672
Estepa,346880800100043139,328867.0,5262998.1,2.98,0.02460893,0.04983539,0.15700408816337585,0.08151142299175262,-0.20129363238811493,-0.15446768701076508
Estepa,346880800100043140,328913.3,5263031.1,2.76,0.011961693,0.024068039,0.181118443608284,0.08786061406135559,-0.22996170818805695,-0.18409103155136108
Estepa,346880800100043141,328959.8,5263064.2,2.72,0.021999594,0.044491827,0.17184750735759735,0.08677653223276138,-0.21886155009269714,-0.17827297747135162
Estepa,346880800100043142,329006.3,5263097.3,2.61,0.003671841,0.0073572365,0.16837063431739807,0.08701419830322266,-0.22199298441410065,-0.1727159172296524
Estepa,346880800100043143,329052.4,5263130.2,2.95,0.011432256,0.022996595,0.15434154868125916,0.08004405349493027,-0.21323427557945251,-0.17682744562625885
Estepa,346880800100043144,329098.2,5263163.0,3.36,0.06626169,0.13713199,0.15991252660751343,0.0803191065788269,-0.2138894647359848,-0.1731952279806137
Estepa,346880800100043145,329144.0,5263195.7,2.87,0.060852706,0.12557752,0.21048907935619354,0.1034630835056305,-0.21569976210594177,-0.16614383459091187
Estepa,346880800100043146,329189.8,5263228.4,2.01,0.027862499,0.056518372,0.5198913216590881,0.3192848563194275,0.020607663318514824,0.1413564383983612
Estepa,346880800100043147,329236.0,5263261.3,2.05,0.0037339842,0.007481986,0.5131174325942993,0.31830307841300964,-0.006878228858113289,0.1440911442041397
Estepa,346880800100043148,329282.2,5263294.3,2.12,0.021398691,0.043263286,0.2465752512216568,0.12135013192892075,-0.25513893365859985,-0.17881494760513306
Estepa,346880800100043149,329328.4,5263327.3,2.46,0.04480893,0.09169393,0.20406757295131683,0.11123156547546387,-0.22219711542129517,-0.15733125805854797
Estepa,346880800100043150,329374.8,5263360.4,5.94,0.31519395,0.75771093,0.16938328742980957,0.08871741592884064,-0.2079322189092636,-0.14513762295246124
Estepa,346880800100043151,329421.6,5263393.7,3.84,0.0386741,0.078888156,0.16780661046504974,0.0914078801870346,-0.17869535088539124,-0.12065593153238297
Estepa,346880800100043152,329468.1,5263426.8,2.5,0.006355374,0.012751428,0.16583046317100525,0.09174645692110062,-0.1861712485551834,-0.13274222612380981
Estepa,346880800100043153,329514.6,5263460.0,3.4,0.015449106,0.031140078,0.17708265781402588,0.0914171040058136,-0.20387478172779083,-0.14300936460494995
Estepa,346880800100043154,329560.6,5263492.9,2.54,0.0079100225,0.015883127,0.1652994155883789,0.08033564686775208,-0.24005869030952454,-0.19669963419437408
Estepa,346880800100043155,329606.3,5263525.5,2.72,0.038619846,0.07877527,0.18112096190452576,0.08507373929023743,-0.2537257969379425,-0.20818747580051422
Estepa,346880800100043156,329652.0,5263558.3,2.54,0.07077334,0.14682111,0.1786094307899475,0.08463046699762344,-0.25101175904273987,-0.21261239051818848
Estepa,346880800100043157,329697.8,5263591.0,2.16,0.027463665,0.055697944,0.18919534981250763,0.08966688066720963,-0.2562198340892792,-0.20894783735275269
Estepa,346880800100043158,329744.0,5263624.0,2.01,0.0029601417,0.0059290887,0.24026745557785034,0.1467248648405075,-0.19606082141399384,-0.10544764995574951
Estepa,346880800100043159,329790.2,5263657.0,2.12,0.0068746763,0.013796969,0.3487316370010376,0.2402721494436264,-0.11948598921298981,0.06765871495008469
Estepa,346880800100043160,329836.5,5263690.0,2.24,0.011986276,0.024117803,0.39920786023139954,0.28676196932792664,-0.08681895583868027,0.06880670040845871
Estepa,346880800100043161,329883.0,5263723.2,3.21,0.006976946,0.014002939,0.1519681215286255,0.07452215254306793,-0.2460273653268814,-0.18942852318286896
Estepa,346880800100043162,329929.3,5263756.2,2.01,0.011647721,0.023432573,0.13977950811386108,0.07172826677560806,-0.2222384661436081,-0.19082015752792358
Estepa,346880800100043163,329975.3,5263789.1,2.09,0.014050065,0.028299984,0.15786811709403992,0.07963617146015167,-0.21824140846729279,-0.1846582144498825
Estepa,346880800100043164,330021.5,5263822.0,1.98,0.009449969,0.018990068,0.23052437603473663,0.1262514740228653,-0.2068529576063156,-0.1374257206916809
Estepa,346880800100043165,330067.7,5263855.1,2.27,0.008961058,0.018003136,0.2385648936033249,0.1601070910692215,-0.19616688787937164,-0.12684807181358337
Estepa,346880800100043166,330114.1,5263888.2,3.47,0.05360363,0.11019653,0.18960560858249664,0.10635025799274445,-0.25755229592323303,-0.21472673118114471
Estepa,346880800100043167,330161.1,5263921.6,2.8,0.017082464,0.034460966,0.13793820142745972,0.0755409300327301,-0.2020246386528015,-0.15381498634815216
Estepa,346880800100043168,330207.1,5263954.4,4.7,0.22294864,0.50469786,0.12554648518562317,0.07275556027889252,-0.1815309226512909,-0.13467757403850555
Estepa,346880800100043169,330253.2,5263987.4,2.16,0.006884569,0.013816891,0.13632702827453613,0.07343585044145584,-0.19019436836242676,-0.1413368135690689
Estepa,346880800100043170,330299.2,5264020.2,3.58,0.08930789,0.18712689,0.13010083138942719,0.06829308718442917,-0.21141019463539124,-0.17034654319286346
Estepa,346880800100043171,330345.1,5264053.0,2.39,0.008267012,0.016602946,0.13416975736618042,0.0763883963227272,-0.2113906741142273,-0.1712002456188202
Estepa,346880800100043172,330390.9,5264085.8,2.46,0.059437577,0.12256558,0.1419256031513214,0.07920436561107635,-0.21064406633377075,-0.15081742405891418
Estepa,346880800100043173,330437.0,5264118.7,2.2,0.0050868914,0.0101998225,0.16772028803825378,0.09462083876132965,-0.20569206774234772,-0.15881191194057465
Estepa,346880800100043174,330483.0,5264151.5,2.98,0.07244792,0.15042941,0.15753231942653656,0.08512462675571442,-0.21064898371696472,-0.15965202450752258
Estepa,346880800100043175,330529.2,5264184.5,2.09,0.015346743,0.030932141,0.19281132519245148,0.10798224061727524,-0.24267806112766266,-0.18158268928527832
Estepa,346880800100043176,330575.5,5264217.4,2.31,0.014932228,0.03009033,0.18923485279083252,0.09642243385314941,-0.27040237188339233,-0.2085605263710022
Estepa,346880800100043177,330621.8,5264250.4,2.12,0.015485569,0.031214152,0.1779879331588745,0.08637098968029022,-0.2658112049102783,-0.2188860923051834
Estepa,346880800100043178,330668.1,5264283.5,2.09,0.0034576915,0.006927401,0.1424645036458969,0.0788244679570198,-0.2017154097557068,-0.16318827867507935
Estepa,346880800100043179,330714.4,5264316.5,2.01,0.006009404,0.012055171,0.1754399687051773,0.09109601378440857,-0.2387665957212448,-0.19389505684375763
Estepa,346880800100043180,330760.7,5264349.4,2.2,0.03710259,0.07562099,0.17228110134601593,0.08966805785894394,-0.23934690654277802,-0.19324152171611786
Estepa,346880800100043181,330807.0,5264382.4,2.05,0.0065767355,0.013197041,0.24658924341201782,0.12788419425487518,-0.21403154730796814,-0.14397357404232025
Estepa,346880800100043182,330853.3,5264415.4,2.24,0.0030440234,0.0060973587,0.23447799682617188,0.11273101717233658,-0.24839496612548828,-0.17772699892520905
Estepa,346880800100043183,330899.6,5264448.4,2.2,0.0026754618,0.0053581153,0.25363901257514954,0.12618380784988403,-0.21782326698303223,-0.14066272974014282
Estepa,346880800100043184,330945.9,5264481.4,2.12,0.007832043,0.015725927,0.305151104927063,0.14535580575466156,-0.1951635479927063,-0.09676197171211243
Estepa,346880800100043185,330992.2,5264514.3,2.01,0.017633729,0.03558303,0.5293349623680115,0.3315158784389496,0.08023028820753098,0.2645220160484314
Estepa,346880800100043186,331038.4,5264547.2,4.22,0.15582992,0.3388903,0.5465620160102844,0.35043755173683167,0.070335753262043,0.22519691288471222
Estepa,346880800100043187,331084.8,5264580.2,2.91,0.07000706,0.14517215,0.21482646465301514,0.11492501199245453,-0.21324467658996582,-0.1516905426979065
Estepa,346880800100043188,331131.2,5264613.2,2.27,0.00327993,0.0065706726,0.22363241016864777,0.11501775681972504,-0.23104527592658997,-0.17895309627056122
Estepa,346880800100043189,331177.5,5264646.2,2.24,0.037843384,0.077160425,0.18607214093208313,0.10096407681703568,-0.23634637892246246,-0.19705608487129211
Estepa,346880800100043190,331223.8,5264679.2,2.24,0.00533159,0.01069179,0.2270948886871338,0.1271415650844574,-0.2122744917869568,-0.15538765490055084
Estepa,346880800100043191,331270.2,5264712.2,2.54,0.017151222,0.034600884,0.22799839079380035,0.10909762978553772,-0.24889029562473297,-0.16965484619140625
Estepa,346880800100043192,331316.5,5264745.2,5.97,0.26355064,0.61212975,0.2156076282262802,0.10503263026475906,-0.2378576397895813,-0.16930563747882843
Estepa,346880800100043193,331363.7,5264778.6,4.82,0.0037925052,0.0075994716,0.18188342452049255,0.09275258332490921,-0.23306120932102203,-0.1811637133359909
Estepa,346880800100043194,331410.8,5264812.1,4.07,0.0069639618,0.013976787,0.15883871912956238,0.08492013812065125,-0.21101608872413635,-0.16226720809936523
Estepa,346880800100043195,331457.2,5264845.1,2.95,0.028812058,0.05847304,0.1906539648771286,0.09627263247966766,-0.23319204151630402,-0.1824851930141449
Estepa,346880800100043196,331503.6,5264878.1,3.69,0.122646235,0.2617416,0.1861352175474167,0.09377846866846085,-0.22930341958999634,-0.1785680651664734
Estepa,346880800100043197,331550.0,5264911.1,3.21,0.03003218,0.06098748,0.24298392236232758,0.1185937449336052,-0.22624151408672333,-0.17225071787834167
Estepa,346880800100043198,331596.3,5264944.1,2.95,0.0062441155,0.012527497,0.2382168471813202,0.12289651483297348,-0.20962074398994446,-0.14710699021816254
Estepa,346880800100043199,331642.9,5264977.3,4.18,0.039609253,0.08083488,0.19581051170825958,0.10153075307607651,-0.20957882702350616,-0.15753673017024994
Estepa,346880800100043200,331689.8,5265010.6,2.35,0.01625074,0.032769244,0.1813918650150299,0.09155960381031036,-0.23308764398097992,-0.19317121803760529
Estepa,346880800100043201,331736.2,5265043.6,3.06,0.010289722,0.020686364,0.18595542013645172,0.09111806750297546,-0.2427341639995575,-0.1958986073732376
Estepa,346880800100043202,331782.8,5265076.8,3.02,0.01172846,0.023595966,0.17294266819953918,0.08684863150119781,-0.22610725462436676,-0.18583492934703827
Estepa,346880800100043203,331829.1,5265109.8,2.61,0.0064503746,0.012942658,0.198478564620018,0.09300829470157623,-0.24514704942703247,-0.19942058622837067
Estepa,346880800100043204,331875.6,5265142.9,2.42,0.0034825876,0.006977367,0.1584496945142746,0.07502412050962448,-0.24933713674545288,-0.2136969119310379
Estepa,346880800100043205,331921.9,5265175.9,1.98,0.017941056,0.036208846,0.14366914331912994,0.07095768302679062,-0.22085252404212952,-0.18407340347766876
Estepa,346880800100043206,331967.6,5265208.5,3.51,0.07602578,0.15816073,0.15400159358978271,0.0773538202047348,-0.23230136930942535,-0.19744336605072021
Estepa,346880800100043207,332013.5,5265241.3,2.2,0.016497321,0.03327064,0.16452822089195251,0.07933134585618973,-0.2358795553445816,-0.19186607003211975
Estepa,346880800100043208,332059.3,5265274.0,2.57,0.03276671,0.066634364,0.17339278757572174,0.08376680314540863,-0.24239200353622437,-0.2058556228876114
Estepa,346880800100043209,332105.2,5265306.8,2.27,0.034404125,0.070023336,0.14703792333602905,0.074583038687706,-0.22322116792201996,-0.1835051029920578
Estepa,346880800100043210,332151.3,5265339.7,1.98,0.011708897,0.023556374,0.1375965029001236,0.07151002436876297,-0.2118227332830429,-0.17646512389183044
Estepa,346880800100043211,332197.5,5265372.6,1.98,0.0073315282,0.014717229,0.12327398359775543,0.06499283015727997,-0.2103537768125534,-0.17838041484355927
Estepa,346880800100043212,332243.7,5265405.6,2.09,0.0017293652,0.0034617332,0.12798994779586792,0.06661513447761536,-0.22538042068481445,-0.1935964673757553
Estepa,346880800100043213,332290.0,5265438.6,1.98,0.0062366356,0.012512443,0.15882733464241028,0.08388745039701462,-0.19060924649238586,-0.13123755156993866
Estepa,346880800100043214,332336.0,5265471.4,2.42,0.018667696,0.037689302,0.29089877009391785,0.14482200145721436,-0.1958284080028534,-0.11928543448448181
Estepa,346880800100043215,332382.3,5265504.4,2.2,0.008173204,0.01641377,0.3405214548110962,0.1876620650291443,-0.0868336632847786,0.02933398261666298
Estepa,346880800100043216,332428.5,5265537.4,6.53,0.3218111,0.77715683,0.46442535519599915,0.2623593509197235,0.050062283873558044,0.2144361138343811
Estepa,346880800100043217,332474.8,5265570.5,10.12,0.6089058,1.8811915,0.715580940246582,0.5033383965492249,0.22705811262130737,0.396282821893692
Estepa,346880800100043218,332521.4,5265603.7,3.84,0.01736543,0.035036847,0.20848634839057922,0.11092203110456467,-0.18040792644023895,-0.10897395014762878
Estepa,346880800100043219,332568.0,5265636.8,2.42,0.009187644,0.01846047,0.2816479206085205,0.17583680152893066,-0.13181227445602417,-0.04341159388422966
Estepa,346880800100043220,332614.5,5265670.0,4.03,0.017081117,0.034458227,0.22236312925815582,0.1182505264878273,-0.2332638055086136,-0.1445612907409668
Estepa,346880800100043221,332661.3,5265703.3,3.1,0.007972873,0.016009837,0.18590372800827026,0.09673051536083221,-0.23560534417629242,-0.19038699567317963
Estepa,346880800100043222,332707.6,5265736.3,2.54,0.069505736,0.14409408,0.18396896123886108,0.09606433659791946,-0.2320564091205597,-0.1832573264837265
Estepa,346880800100043223,332754.3,5265769.6,2.01,0.0025203903,0.005047162,0.1664920449256897,0.09254908561706543,-0.1999393105506897,-0.14869877696037292
Estepa,346880800100043224,332800.9,5265802.7,2.95,0.007520578,0.015098165,0.17842364311218262,0.09326145797967911,-0.23014242947101593,-0.18499088287353516
Estepa,346880800100043225,332847.4,5265835.9,3.54,0.08526822,0.17827241,0.15995438396930695,0.08684644103050232,-0.21416261792182922,-0.16412146389484406
Estepa,346880800100043226,332894.3,5265869.3,2.31,0.013133314,0.026441144,0.16654004156589508,0.08777983486652374,-0.22829768061637878,-0.1811031699180603
Estepa,346880800100043227,332940.4,5265902.2,3.06,0.092904754,0.195044,0.18305358290672302,0.0980050340294838,-0.221840500831604,-0.1676693707704544
Estepa,346880800100043228,332987.0,5265935.4,3.88,0.023517016,0.047597557,0.15619772672653198,0.08463563024997711,-0.20488061010837555,-0.15425898134708405
Estepa,346880800100043229,333033.5,5265968.5,3.32,0.108491845,0.22972097,0.18449260294437408,0.09686993062496185,-0.2228577435016632,-0.16852600872516632
Estepa,346880800100043230,333079.9,5266001.6,2.35,0.058776353,0.12115981,0.18308156728744507,0.09346079081296921,-0.24880456924438477,-0.20087474584579468
Estepa,346880800100043231,333126.3,5266034.6,2.05,0.005480004,0.010990236,0.19643756747245789,0.10290110111236572,-0.2272602766752243,-0.1719866693019867
Estepa,346880800100043232,333172.4,5266067.6,2.98,0.0800886,0.16697653,0.5013759136199951,0.3021264970302582,-0.05904011428356171,0.07283643633127213
Estepa,346880800100043233,333219.0,5266100.7,3.1,0.021111567,0.042676527,0.2967219948768616,0.15666714310646057,-0.19772478938102722,-0.10599833726882935
Estepa,346880800100043234,333265.5,5266133.9,2.65,0.004554028,0.009128919,0.265060693025589,0.14244359731674194,-0.20673875510692596,-0.12164303660392761
Estepa,346880800100043235,333312.2,5266167.1,3.58,0.062057752,0.12814592,0.18006403744220734,0.09490376710891724,-0.22497613728046417,-0.1616113930940628
Estepa,346880800100043236,333358.7,5266200.2,2.24,0.009643909,0.019381696,0.19467803835868835,0.09976936876773834,-0.2453356832265854,-0.19230812788009644
Estepa,346880800100043237,333405.0,5266233.3,2.69,0.025382966,0.051423267,0.19944912195205688,0.10448139160871506,-0.23508456349372864,-0.17272183299064636
Estepa,346880800100043238,333451.5,5266266.3,2.46,0.005859807,0.011754187,0.21721906960010529,0.1235954761505127,-0.20021389424800873,-0.12806890904903412
Estepa,346880800100043239,333498.1,5266299.5,6.91,0.28371695,0.66772026,0.1711646318435669,0.09118682146072388,-0.21952411532402039,-0.1510564684867859
Estepa,346880800100043240,333545.2,5266333.0,3.47,0.015726412,0.0317035,0.16512258350849152,0.08566813170909882,-0.23560696840286255,-0.18790432810783386
Estepa,346880800100043241,333591.9,5266366.2,2.2,0.009944297,0.019988433,0.15431204438209534,0.07991618663072586,-0.2433910369873047,-0.19950152933597565
Estepa,346880800100043242,333638.1,5266399.2,1.94,0.017290676,0.034884695,0.14453628659248352,0.07744897902011871,-0.22276078164577484,-0.18121829628944397
Estepa,346880800100043243,333684.5,5266432.2,3.32,0.045563016,0.09327369,0.1729746311903,0.09754534810781479,-0.20084157586097717,-0.14741697907447815
Estepa,346880800100043244,333731.2,5266465.4,2.91,0.014012991,0.02822478,0.15428131818771362,0.08137473464012146,-0.20225849747657776,-0.15972411632537842
Estepa,346880800100043245,333777.6,5266498.5,2.35,0.006789314,0.013625067,0.14411744475364685,0.07510896772146225,-0.2163989543914795,-0.181343674659729
Estepa,346880800100043246,333823.8,5266531.4,2.69,0.010527701,0.021167343,0.13344720005989075,0.07651472091674805,-0.1755913496017456,-0.13205403089523315
Estepa,346880800100043247,333870.3,5266564.5,3.25,0.027425284,0.05561901,0.14141103625297546,0.07888808101415634,-0.19685202836990356,-0.14997598528862
Estepa,346880800100043248,333917.0,5266597.8,3.58,0.015624394,0.0314962,0.15108954906463623,0.08450894802808762,-0.2001151591539383,-0.1547357141971588
Estepa,346880800100043249,333963.9,5266631.1,4.14,0.0032241868,0.0064588217,0.16490115225315094,0.09784343093633652,-0.19291669130325317,-0.13190343976020813
Estepa,346880800100043250,334010.9,5266664.5,7.17,0.19415574,0.4318743,0.20876508951187134,0.12879304587841034,-0.16122372448444366,-0.08020718395709991
Estepa,346881100100041489,319146.9,5255294.3,10.23,0.066306956,0.13722862,0.6604229807853699,0.42405936121940613,0.1994307041168213,0.4246273636817932
Estepa,346881100100041490,319191.9,5255326.5,16.1,0.8065317,3.2995756,0.7200360894203186,0.4476432204246521,0.2141716182231903,0.45579779148101807
Estepa,346881100100041494,319377.9,5255458.9,17.33,0.7494357,2.7771542,0.8715645670890808,0.5633128881454468,0.3448425531387329,0.6347448229789734
Estepa,346881100100041495,319423.8,5255491.6,16.1,0.85860443,3.9357448,0.9101966023445129,0.6524654030799866,0.41388797760009766,0.6918624043464661
Estepa,346881100100041496,319470.1,5255524.6,12.96,0.66276133,2.1788807,0.8592129945755005,0.5806176066398621,0.3496297597885132,0.6414023041725159
Estepa,346881100100041497,319516.3,5255557.5,10.72,0.61196554,1.8968743,0.5175992250442505,0.37971389293670654,0.2180272340774536,0.4187968969345093
Estepa,346881100100041498,319563.1,5255590.7,2.98,0.015007012,0.030242158,0.8556290864944458,0.610057532787323,0.32777026295661926,0.5693235397338867
Estepa,346881100100041499,319608.4,5255623.1,17.85,0.7749445,2.9938474,0.8969002962112427,0.6488128304481506,0.4016875624656677,0.6837116479873657
Estepa,346881100100041502,319748.6,5255722.8,6.91,0.1922391,0.4271161,0.7292992472648621,0.45409977436065674,0.1344447135925293,0.3667358458042145
Estepa,346881100100041510,320111.5,5255982.1,3.06,0.02406954,0.048729572,0.32734599709510803,0.1790303885936737,-0.0796765387058258,0.04188361018896103
Estepa,346881100100041511,320157.3,5256014.8,3.69,0.0072310385,0.014514767,0.28202155232429504,0.1702587604522705,-0.08973400294780731,0.022937361150979996
Estepa,346881100100041549,321902.4,5257258.5,3.66,0.012754887,0.025674324,0.16733428835868835,0.08727516978979111,-0.14662672579288483,-0.09429290890693665
Estepa,346881100100041550,321947.4,5257290.7,5.71,0.20592381,0.4613134,0.19386960566043854,0.10117083042860031,-0.12685567140579224,-0.04908134043216705
Estepa,346881100100041551,321993.0,5257323.1,2.2,0.011879992,0.023902647,0.3009195029735565,0.16713817417621613,-0.0596034862101078,0.06725379079580307
Estepa,346881100100041552,322039.0,5257355.9,2.57,0.066879936,0.13845658,0.4117323160171509,0.23424333333969116,-0.03229000046849251,0.12672297656536102
Estepa,346881100100041553,322085.3,5257388.8,3.58,0.07196091,0.14937893,0.4690279960632324,0.2714170217514038,-0.05422420799732208,0.14979292452335358
Estepa,346881100100041554,322131.4,5257421.7,5.26,0.2364899,0.5398823,0.7072024345397949,0.40379998087882996,0.08765128254890442,0.31775739789009094
Estepa,346881100100041555,322177.6,5257454.6,6.61,0.38091597,0.95979255,0.7805045247077942,0.44803059101104736,0.16891592741012573,0.4024450480937958
Estepa,346881100100041556,322223.8,5257487.5,6.68,0.35184908,0.8678779,0.48170578479766846,0.26900514960289,-0.0020600231364369392,0.16336406767368317
Estepa,346881100100041557,322270.2,5257520.5,9.52,0.56399435,1.6628109,0.5369671583175659,0.31598007678985596,0.034440621733665466,0.20820610225200653
Estepa,346881100100041566,322691.8,5257820.5,5.94,0.0049191266,0.009862599,0.3277360498905182,0.16629882156848907,-0.0030252085998654366,0.11207315325737
Estepa,346881100100041567,322738.9,5257854.0,5.0,0.08317897,0.1737078,0.3331533670425415,0.18035699427127838,-0.018389806151390076,0.08333137631416321
Estepa,346881100100041568,322785.3,5257887.1,6.91,0.15967412,0.34802124,0.4371074140071869,0.24769417941570282,0.015025113709270954,0.14676427841186523
Estepa,346881100100041573,323022.1,5258055.3,2.98,0.021642987,0.04376262,0.30766385793685913,0.16327126324176788,-0.15291589498519897,-0.03797309100627899
Estepa,346881100100041583,323474.7,5258379.0,4.37,0.12624508,0.26996428,0.5403823852539062,0.3208630383014679,0.030730269849300385,0.22558361291885376
Estepa,346881100100041585,323569.4,5258446.2,5.79,0.12451224,0.2660002,0.4109201431274414,0.28338074684143066,-0.03686206415295601,0.11005085706710815
Estepa,346881100100041587,323664.2,5258513.5,8.74,0.31392473,0.75399035,0.3974836468696594,0.2543981969356537,-0.05060458555817604,0.10207079350948334
Estepa,346881100100041588,323711.9,5258547.3,4.67,0.035613913,0.07253086,0.35364434123039246,0.21391546726226807,-0.10189838707447052,0.0207168348133564
Estepa,346881100100041589,323759.2,5258580.8,4.11,0.006854902,0.013757143,0.2542089819908142,0.16160891950130463,-0.16267769038677216,-0.04771459102630615
Estepa,346881100100041590,323805.9,5258614.1,6.65,0.2687645,0.62634605,0.3638336956501007,0.22319290041923523,-0.13235151767730713,0.007949748076498508
Estepa,346881100100041591,323853.4,5258647.7,5.6,0.029218134,0.059309464,0.35038673877716064,0.22217410802841187,-0.10850109159946442,0.012183699756860733
Estepa,346881100100041592,323900.9,5258681.4,6.01,0.019977085,0.040359803,0.3181757628917694,0.2056022435426712,-0.10490924119949341,0.008826693519949913
Estepa,346881100100041593,323948.2,5258715.0,5.9,0.12242124,0.26122725,0.3674095869064331,0.2308007925748825,-0.11081841588020325,0.009777210652828217
Estepa,346881100100041594,323995.6,5258748.5,3.1,0.00740877,0.014872858,0.32625454664230347,0.20815826952457428,-0.12239975482225418,-0.012911243364214897
Estepa,346881100100041598,324185.8,5258883.3,4.85,0.017009443,0.03431236,0.16610051691532135,0.11555442214012146,-0.17196398973464966,-0.08412136137485504
Estepa,346881100100041599,324232.8,5258916.7,3.17,0.0045654983,0.0091519635,0.1759793609380722,0.11792038381099701,-0.19551511108875275,-0.10171236842870712
Estepa,346881100100041600,324279.4,5258949.8,2.42,0.0086199185,0.01731478,0.2381056696176529,0.15322409570217133,-0.18497012555599213,-0.07642988860607147
Estepa,346881100100041601,324325.5,5258982.6,2.54,0.014987897,0.030203344,0.1924060434103012,0.11957095563411713,-0.22719727456569672,-0.13148647546768188
Estepa,346881100100041602,324371.1,5259015.1,3.62,0.07552069,0.157067,0.19363485276699066,0.11844594031572342,-0.22011810541152954,-0.11938253045082092
Estepa,346881100100041603,324416.9,5259047.7,2.01,0.0228995,0.046333052,0.22357995808124542,0.12485626339912415,-0.21771088242530823,-0.12447360157966614
Estepa,346881100100041604,324463.0,5259080.6,2.01,0.008523108,0.017119482,0.2863287627696991,0.1530529409646988,-0.18505476415157318,-0.07934370636940002
Estepa,346881100100041605,324509.1,5259113.4,2.72,0.04653948,0.09532101,0.05980050563812256,0.04477138817310333,-0.12668034434318542,-0.01122837234288454
Estepa,346881100100041606,324555.5,5259146.5,2.68,0.0024616602,0.004929407,0.0274527408182621,0.022044595330953598,-0.09724166244268417,0.05121775344014168
Estepa,346881100100041607,324601.8,5259179.4,1.9,0.008763633,0.017604737,0.08137571811676025,0.05526626110076904,-0.14224880933761597,-0.01851319521665573
Estepa,346881100100041608,324647.8,5259212.2,1.94,0.0035221446,0.0070567587,0.21252703666687012,0.11983149498701096,-0.21360211074352264,-0.09743694961071014
Estepa,346881100100041609,324693.4,5259244.7,4.55,0.14462687,0.3125073,0.19270750880241394,0.1132986918091774,-0.20162078738212585,-0.06338107585906982
Estepa,346881100100041610,324738.8,5259277.2,4.37,0.03904934,0.07966894,0.24442420899868011,0.1352752447128296,-0.23370406031608582,-0.11857746541500092
Estepa,346881100100041611,324784.5,5259309.8,4.29,0.020463638,0.04135305,0.21587473154067993,0.11733493208885193,-0.2103232741355896,-0.10417251288890839
Estepa,346881100100041612,324830.3,5259342.5,5.3,0.027580049,0.05593726,0.18203093111515045,0.10225072503089905,-0.14873212575912476,-0.05475693568587303
Estepa,346881100100041613,324876.6,5259375.4,4.22,0.016471587,0.033218283,0.19459642469882965,0.11017207056283951,-0.16743701696395874,-0.07631073892116547
Estepa,346881100100041614,324922.5,5259408.2,3.28,0.0071499213,0.014351354,0.19590656459331512,0.10853692889213562,-0.1893359124660492,-0.09277302026748657
Estepa,346881100100041616,325013.1,5259473.0,6.24,0.16711695,0.36582407,0.14831757545471191,0.08921109884977341,-0.09900027513504028,-0.012258294969797134
Estepa,346881100100041617,325058.8,5259505.6,14.87,0.7218308,2.566477,0.4011844992637634,0.21380239725112915,-0.10470212996006012,0.03771793469786644
Estepa,346881100100041620,325198.9,5259605.4,3.06,0.018607164,0.03756591,0.29799190163612366,0.15981589257717133,-0.18070626258850098,-0.09740254282951355
Estepa,346881100100041621,325245.1,5259638.3,2.69,0.025153538,0.05095243,0.28084877133369446,0.15419265627861023,-0.1932554841041565,-0.09707574546337128
Estepa,346881100100041622,325291.0,5259671.0,2.5,0.03746138,0.07636633,0.2525559365749359,0.13484402000904083,-0.23164404928684235,-0.13153906166553497
Estepa,346881100100041623,325336.9,5259703.8,2.42,0.013773651,0.027739318,0.26231348514556885,0.14360888302326202,-0.22783248126506805,-0.12055960297584534
Estepa,346881100100041624,325383.0,5259736.7,1.98,0.003692377,0.0073984596,0.2437969595193863,0.13431552052497864,-0.20583094656467438,-0.10953542590141296
Estepa,346881100100041625,325428.9,5259769.4,2.42,0.018160986,0.036656793,0.19209004938602448,0.1127244234085083,-0.17185556888580322,-0.07557731121778488
Estepa,346881100100041626,325474.8,5259802.2,3.43,0.051443044,0.10563486,0.3117069900035858,0.16359014809131622,-0.19116896390914917,-0.09042757004499435
Estepa,346881100100041627,325520.9,5259835.1,6.05,0.21223111,0.47727457,0.3478328585624695,0.18505693972110748,-0.1306954324245453,-0.0020199979189783335
Estepa,346881100100041628,325567.8,5259868.4,3.06,0.037044544,0.0755003,0.1955568939447403,0.10870543122291565,-0.1399889439344406,-0.05377742648124695
Estepa,346881100100041639,326070.7,5260227.4,4.7,0.07049324,0.14621781,0.27826231718063354,0.16798709332942963,-0.11963579058647156,-0.02704315260052681
Estepa,346881100100041640,326116.3,5260259.9,4.18,0.095158905,0.20002094,0.1967797875404358,0.12929818034172058,-0.09001924097537994,-0.02228909730911255
Estepa,346881100100041641,326161.8,5260292.4,3.81,0.08353008,0.1744741,0.33693477511405945,0.19570425152778625,-0.12091320008039474,-0.016109026968479156
Estepa,346881100100041642,326207.6,5260325.0,2.65,0.08257688,0.17239448,0.3469516932964325,0.20183630287647247,-0.11487337201833725,0.00722838519141078
Estepa,346881100100041643,326253.8,5260357.9,2.42,0.008993135,0.018067863,0.2764507234096527,0.16826657950878143,-0.10139915347099304,0.0009865942411124706
Estepa,346881100100041644,326299.7,5260390.7,2.98,0.0835623,0.17454442,0.2908707857131958,0.15521925687789917,-0.1914275586605072,-0.09439866989850998
Estepa,346881100100041645,326345.7,5260423.4,2.35,0.05510877,0.11338012,0.3104707896709442,0.1590036004781723,-0.20218893885612488,-0.10568657517433167
Estepa,346881100100041646,326391.4,5260456.1,5.71,0.3496029,0.8609483,0.41371509432792664,0.2607298791408539,-0.024473516270518303,0.09860546886920929
Estepa,346881100100041647,326438.0,5260489.2,2.2,0.028482677,0.057794727,0.31173965334892273,0.1798785775899887,-0.16460509598255157,-0.05466851964592934
Estepa,346881100100041648,326484.2,5260522.1,2.57,0.017262494,0.034827314,0.4657980501651764,0.2899125814437866,0.03980133309960365,0.2301238626241684
Estepa,346881100100041649,326530.6,5260555.1,2.46,0.0269421,0.0546255,0.4415476322174072,0.26582038402557373,-0.01807919517159462,0.12195416539907455
Estepa,346881100100041650,326576.8,5260588.0,9.71,0.64722645,2.0883276,0.35975804924964905,0.17791780829429626,-0.16045361757278442,-0.014027840457856655
Estepa,346881100100041651,326623.9,5260621.4,5.82,0.22501712,0.51002795,0.3013093173503876,0.16813784837722778,-0.21357160806655884,-0.10039821267127991
Estepa,346881100100041652,326671.2,5260655.1,6.87,0.14980143,0.32464892,0.2764146625995636,0.153340682387352,-0.1896335482597351,-0.0953727662563324
Estepa,346881100100041654,326766.0,5260722.3,5.94,0.24047004,0.5503447,0.2565549612045288,0.1428082138299942,-0.19280074536800385,-0.1206694170832634
Estepa,346881100100041655,326812.9,5260755.7,4.18,0.020578781,0.041588176,0.2372092455625534,0.12620909512043,-0.20938266813755035,-0.13963115215301514
Estepa,346881100100041656,326860.1,5260789.2,4.52,0.005733446,0.011499984,0.23540136218070984,0.12913161516189575,-0.18733054399490356,-0.10927233844995499
Estepa,346881100100041657,326907.7,5260822.9,4.52,0.0028885652,0.0057855137,0.20471912622451782,0.11871477216482162,-0.16501836478710175,-0.09111595898866653
Estepa,346881100100041658,326954.8,5260856.4,4.22,0.02079506,0.042029895,0.218734472990036,0.12295559048652649,-0.200386643409729,-0.14208592474460602
Estepa,346881100100041659,327001.9,5260889.9,4.67,0.008372194,0.016815074,0.21028855443000793,0.11903151869773865,-0.16513033211231232,-0.08780838549137115
Estepa,346881100100041661,327191.8,5261024.6,2.05,0.008410945,0.016893232,0.1697189211845398,0.0936107262969017,-0.14973944425582886,-0.08003691583871841
Estepa,346881100100041662,327237.8,5261057.4,2.2,0.027276583,0.055313163,0.20333530008792877,0.10321196913719177,-0.19605045020580292,-0.11703047156333923
Estepa,346881100100041663,327283.9,5261090.2,2.12,0.008015262,0.016095297,0.21185922622680664,0.1107344701886177,-0.184147447347641,-0.09611561894416809
Estepa,346881100100041664,327330.0,5261123.1,2.01,0.0031856357,0.00638147,0.20157478749752045,0.10092653334140778,-0.17858412861824036,-0.10640309005975723
Estepa,346881100100041665,327376.2,5261156.0,1.94,0.004913564,0.009851418,0.1903625875711441,0.10026544332504272,-0.161821186542511,-0.09300211071968079
Estepa,346881100100041666,327422.3,5261188.9,2.16,0.012774066,0.025713177,0.23012082278728485,0.11740671098232269,-0.1747070550918579,-0.10326500982046127
Estepa,346881100100041667,327468.4,5261221.7,2.98,0.05107984,0.10486909,0.2619084119796753,0.1375204175710678,-0.15877917408943176,-0.07999210059642792
Estepa,346881100100041668,327514.7,5261254.7,4.74,0.1489447,0.32263356,0.2610538899898529,0.1343841403722763,-0.15845566987991333,-0.07880010455846786
Estepa,346881100100041669,327561.1,5261287.8,3.99,0.019763902,0.039924767,0.25710320472717285,0.1309187263250351,-0.17463773488998413,-0.10000509023666382
Estepa,346881100100041670,327607.2,5261320.6,4.03,0.09071728,0.19022466,0.2578631043434143,0.1397101730108261,-0.17066672444343567,-0.09026102721691132
Estepa,346881100100041671,327653.3,5261353.5,4.85,0.22218879,0.5027363,0.24665768444538116,0.12368549406528473,-0.19480100274085999,-0.12544967234134674
Estepa,346881100100041672,327699.5,5261386.4,3.06,0.08735272,0.18283583,0.24375766515731812,0.12359024584293365,-0.19631120562553406,-0.12742727994918823
Estepa,346881100100041673,327745.7,5261419.4,2.54,0.06925067,0.1435454,0.22465652227401733,0.11229220032691956,-0.1939236968755722,-0.1257687360048294
Estepa,346881100100041674,327791.8,5261452.2,3.55,0.13354401,0.28674853,0.2364034652709961,0.11832857131958008,-0.19223369657993317,-0.1273120939731598
Estepa,346881100100041675,327837.7,5261484.9,3.28,0.07809583,0.1626471,0.23026283085346222,0.11475124955177307,-0.2085351198911667,-0.1432008147239685
Estepa,346881100100041676,327883.6,5261517.7,2.65,0.040378805,0.08243816,0.2784891724586487,0.13834072649478912,-0.23660744726657867,-0.1258848011493683
Estepa,346881100100041677,327929.9,5261550.7,2.8,0.09209952,0.19326812,0.4296296238899231,0.2518024146556854,-0.07987775653600693,0.02559174783527851
Estepa,346881100100041678,327976.2,5261583.7,2.72,0.033897765,0.068974614,0.43737301230430603,0.2628903090953827,-0.05898018553853035,0.05834304541349411
Estepa,346881100100041679,328022.8,5261616.8,3.06,0.014488911,0.029190402,0.23457574844360352,0.11322709918022156,-0.20949441194534302,-0.133850559592247
Estepa,346881100100041680,328068.8,5261649.6,3.25,0.039394155,0.08038681,0.17680785059928894,0.09430716186761856,-0.17503221333026886,-0.12025751173496246
Estepa,346881100100041681,328114.7,5261682.4,2.24,0.062497873,0.12908447,0.21099887788295746,0.10047301650047302,-0.22280989587306976,-0.17320066690444946
Estepa,346881100100041682,328160.8,5261715.2,2.2,0.0069947327,0.014038759,0.2057679444551468,0.10274195671081543,-0.2217445969581604,-0.17097459733486176
Estepa,346881100100041683,328206.8,5261748.0,2.13,0.03532407,0.0719298,0.2074407935142517,0.10367009043693542,-0.22950775921344757,-0.17937442660331726
Estepa,346881100100041684,328252.9,5261780.9,2.01,0.01856194,0.037473746,0.21949751675128937,0.11431901901960373,-0.2159460037946701,-0.16580229997634888
Estepa,346881100100041685,328299.2,5261813.8,2.24,0.0071804035,0.01441276,0.18926875293254852,0.09529361873865128,-0.23587602376937866,-0.18793708086013794
Estepa,346881100100041686,328345.6,5261846.9,2.57,0.01598663,0.032232326,0.18202140927314758,0.10304135829210281,-0.15949654579162598,-0.10046751797199249
Estepa,346881100100041687,328392.2,5261880.1,2.95,0.007190908,0.014433921,0.17229081690311432,0.09700864553451538,-0.17681756615638733,-0.10801692306995392
Estepa,346881100100041688,328438.5,5261913.1,2.39,0.0066789156,0.013402766,0.1760106235742569,0.09163222461938858,-0.23724296689033508,-0.1797085553407669
Estepa,346881100100041689,328484.6,5261945.9,2.98,0.009346131,0.018780408,0.1551523506641388,0.07757625728845596,-0.2334187626838684,-0.17928031086921692
Estepa,346881100100041690,328530.5,5261978.6,3.06,0.0041224146,0.008261919,0.15567763149738312,0.08054953813552856,-0.2070067673921585,-0.15610647201538086
Estepa,346881100100041691,328576.4,5262011.4,2.05,0.008373293,0.016817292,0.1823645830154419,0.1126973107457161,-0.21132241189479828,-0.1702229231595993
Estepa,346881100100041692,328622.7,5262044.4,2.39,0.008648011,0.017371455,0.17274388670921326,0.1089945137500763,-0.21165278553962708,-0.16896742582321167
Estepa,346881100100041693,328669.1,5262077.4,2.16,0.0068983817,0.013844706,0.17798927426338196,0.10803551226854324,-0.1758163720369339,-0.1259968876838684
Estepa,346881100100041694,328715.5,5262110.4,2.46,0.004049568,0.008115626,0.19617459177970886,0.09949678182601929,-0.21924154460430145,-0.16205306351184845
Estepa,346881100100041695,328761.9,5262143.5,4.29,0.14566928,0.31494728,0.1795048713684082,0.09341976791620255,-0.2194446176290512,-0.15954825282096863
Estepa,346881100100041696,328808.3,5262176.5,2.42,0.015022228,0.030273056,0.15416206419467926,0.08597780764102936,-0.19903385639190674,-0.14419232308864594
Estepa,346881100100041697,328854.2,5262209.3,2.76,0.08570377,0.17922457,0.16108520328998566,0.08357211947441101,-0.22215372323989868,-0.17113731801509857
Estepa,346881100100041698,328900.5,5262242.3,2.98,0.0044681784,0.008956438,0.15843906998634338,0.0900929868221283,-0.19874651730060577,-0.14613045752048492
Estepa,346881100100041699,328946.9,5262275.3,2.31,0.0050885715,0.0102031985,0.15383696556091309,0.08969289809465408,-0.20731724798679352,-0.16051054000854492
Estepa,346881100100041700,328993.1,5262308.3,2.05,0.002401324,0.00480844,0.17137354612350464,0.09797961264848709,-0.22820574045181274,-0.18909089267253876
Estepa,346881100100041701,329039.4,5262341.2,2.27,0.0024469674,0.0048999493,0.1593797355890274,0.09082493185997009,-0.20399339497089386,-0.1575363725423813
Estepa,346881100100041702,329085.4,5262374.1,2.57,0.034956165,0.07116711,0.1583314687013626,0.08759413659572601,-0.2115270346403122,-0.17361336946487427
Estepa,346881100100041703,329131.4,5262406.9,2.27,0.047375545,0.09707577,0.20417454838752747,0.10021241009235382,-0.27815210819244385,-0.22174501419067383
Estepa,346881100100041704,329177.6,5262439.8,2.09,0.0032532793,0.006517195,0.3074381351470947,0.16355256736278534,-0.23030400276184082,-0.1415228247642517
Estepa,346881100100041705,329223.9,5262472.8,2.27,0.008119401,0.016305272,0.27683037519454956,0.18140871822834015,-0.20543406903743744,-0.08090361952781677
Estepa,346881100100041706,329270.2,5262505.8,2.13,0.01243983,0.025036147,0.5200605392456055,0.3566703796386719,-0.007521302439272404,0.19417020678520203
Estepa,346881100100041707,329316.4,5262538.7,2.09,0.0040735463,0.008163779,0.5396817922592163,0.3773736357688904,0.057392511516809464,0.27300217747688293
Estepa,346881100100041708,329362.7,5262571.7,2.05,0.0052366513,0.010500899,0.575271487236023,0.4040229618549347,0.09014178812503815,0.3031238913536072
Estepa,346881100100041709,329409.0,5262604.7,2.24,0.0052577276,0.010543274,0.5216795206069946,0.3473755121231079,0.004620840307325125,0.19231027364730835
Estepa,346881100100041710,329455.4,5262637.8,2.42,0.001993644,0.003991279,0.2973071336746216,0.17069011926651,-0.20132222771644592,-0.09147857129573822
Estepa,346881100100041711,329501.8,5262670.9,2.54,0.005459639,0.010949278,0.229658305644989,0.1243714988231659,-0.23584692180156708,-0.1626432090997696
Estepa,346881100100041712,329548.3,5262704.0,2.69,0.0077581834,0.015577041,0.17315566539764404,0.09638770669698715,-0.21808603405952454,-0.15689006447792053
Estepa,346881100100041713,329594.8,5262737.1,2.39,0.014898686,0.030022208,0.16906388103961945,0.09299316257238388,-0.19562646746635437,-0.1396976113319397
Estepa,346881100100041714,329641.1,5262770.2,2.24,0.017655145,0.03562661,0.16916458308696747,0.09849366545677185,-0.1917942315340042,-0.13660013675689697
Estepa,346881100100041715,329687.5,5262803.2,3.51,0.03222894,0.06552251,0.1797744333744049,0.09583532065153122,-0.1964142620563507,-0.13493973016738892
Estepa,346881100100041716,329734.0,5262836.3,3.69,0.11178287,0.23711921,0.1981813907623291,0.10381411761045456,-0.21120105683803558,-0.1497124433517456
Estepa,346881100100041717,329779.8,5262869.1,2.57,0.047273465,0.09686144,0.2141144871711731,0.10974475741386414,-0.2282356470823288,-0.17044982314109802
Estepa,346881100100041718,329825.7,5262901.8,2.39,0.07470339,0.15529926,0.20528653264045715,0.10390908271074295,-0.23642434179782867,-0.18717503547668457
Estepa,346881100100041719,329872.0,5262934.8,3.1,0.0076893456,0.01543829,0.17304377257823944,0.08529737591743469,-0.23133307695388794,-0.17161819338798523
Estepa,346881100100041720,329918.3,5262967.9,3.02,0.027099406,0.054948874,0.13800789415836334,0.07812085002660751,-0.18676024675369263,-0.12389609217643738
Estepa,346881100100041721,329964.3,5263000.7,2.39,0.018418748,0.037181947,0.16006720066070557,0.08289327472448349,-0.21635767817497253,-0.15969350934028625
Estepa,346881100100041722,330009.9,5263033.3,4.11,0.10901869,0.2309026,0.17765337228775024,0.09035245329141617,-0.24027951061725616,-0.19819378852844238
Estepa,346881100100041723,330055.5,5263065.9,2.65,0.022782654,0.04609388,0.1836237609386444,0.09022978693246841,-0.25492775440216064,-0.2121398150920868
Estepa,346881100100041724,330101.5,5263098.8,2.91,0.06967225,0.1444517,0.16084901988506317,0.08322402834892273,-0.21972361207008362,-0.15898463129997253
Estepa,346881100100041725,330147.6,5263131.7,2.13,0.005628923,0.01128974,0.2951676845550537,0.1516381949186325,-0.22315213084220886,-0.10099884867668152
Estepa,346881100100041726,330193.8,5263164.6,2.31,0.029593362,0.060082722,0.3147622346878052,0.20181089639663696,-0.149448961019516,-0.03954960033297539
Estepa,346881100100041727,330240.1,5263197.7,2.31,0.0134289535,0.02704039,0.35946542024612427,0.24890072643756866,-0.12604911625385284,-0.012407971546053886
Estepa,346881100100041728,330286.4,5263230.7,2.46,0.002950483,0.005909713,0.21293123066425323,0.1452268362045288,-0.141831636428833,-0.06579694151878357
Estepa,346881100100041729,330332.8,5263263.8,2.2,0.0063555087,0.012751697,0.11872345954179764,0.0740826353430748,-0.13489693403244019,-0.09795265644788742
Estepa,346881100100041730,330379.1,5263296.8,2.27,0.011266187,0.022660624,0.15402786433696747,0.08662772923707962,-0.17890793085098267,-0.14003191888332367
Estepa,346881100100041731,330425.8,5263330.1,3.55,0.009619682,0.019332763,0.16914188861846924,0.09001439064741135,-0.20833595097064972,-0.1595732867717743
Estepa,346881100100041732,330472.5,5263363.4,2.5,0.0112183215,0.022563802,0.15030162036418915,0.08046897500753403,-0.20282992720603943,-0.1517793834209442
Estepa,346881100100041733,330519.0,5263396.6,2.61,0.068613805,0.14217709,0.16416706144809723,0.08488675951957703,-0.22002539038658142,-0.1729946732521057
Estepa,346881100100041734,330565.4,5263429.7,2.39,0.008170333,0.016407976,0.18355554342269897,0.09416873008012772,-0.21543149650096893,-0.1650206446647644
Estepa,346881100100041735,330611.8,5263462.8,2.01,0.0043884837,0.008796337,0.1768588125705719,0.08884667605161667,-0.24104653298854828,-0.18930880725383759
Estepa,346881100100041736,330658.0,5263495.7,1.9,0.0050298846,0.010085225,0.17311833798885345,0.08872824162244797,-0.22157536447048187,-0.18210649490356445
Estepa,346881100100041737,330704.1,5263528.7,2.24,0.011903511,0.023950255,0.14698827266693115,0.07552961260080338,-0.2047407329082489,-0.16389413177967072
Estepa,346881100100041738,330750.2,5263561.6,2.27,0.02694554,0.05463257,0.14042657613754272,0.07394475489854813,-0.17898069322109222,-0.13467654585838318
Estepa,346881100100041739,330796.4,5263594.5,1.94,0.006078527,0.012194257,0.15605010092258453,0.07819896191358566,-0.2113109976053238,-0.17333894968032837
Estepa,346881100100041740,330842.4,5263627.4,2.01,0.002018421,0.004040933,0.1403702050447464,0.07084020972251892,-0.21107763051986694,-0.17262840270996094
Estepa,346881100100041741,330888.7,5263660.4,2.39,0.005874967,0.011784683,0.1671741008758545,0.08228187263011932,-0.2288476675748825,-0.182088240981102
Estepa,346881100100041742,330935.1,5263693.6,2.05,0.008563434,0.01720083,0.1582924723625183,0.08199406415224075,-0.22664976119995117,-0.17314065992832184
Estepa,346881100100041743,330981.1,5263726.4,4.07,0.058215477,0.11996787,0.1574384868144989,0.0864938274025917,-0.2048347145318985,-0.16407953202724457
Estepa,346881100100041744,331026.6,5263758.9,3.92,0.14692058,0.31788015,0.16162781417369843,0.08197303116321564,-0.23596256971359253,-0.1850595474243164
Estepa,346881100100041745,331072.8,5263791.9,2.76,0.008959695,0.018000377,0.14881014823913574,0.07788082212209702,-0.21325421333312988,-0.17252740263938904
Estepa,346881100100041746,331118.7,5263824.7,3.32,0.03955399,0.08071965,0.13939228653907776,0.07876559346914291,-0.1999204009771347,-0.14901421964168549
Estepa,346881100100041747,331164.4,5263857.3,3.32,0.1041688,0.22004186,0.13739675283432007,0.08299703896045685,-0.1844666749238968,-0.12985879182815552
Estepa,346881100100041748,331210.1,5263889.9,3.4,0.09262728,0.1944314,0.15116026997566223,0.08022748678922653,-0.2450266182422638,-0.18731431663036346
Estepa,346881100100041749,331256.4,5263922.9,3.1,0.004507558,0.009035553,0.1710418313741684,0.08575759828090668,-0.23990631103515625,-0.189391627907753
Estepa,346881100100041750,331302.8,5263956.0,2.16,0.010071887,0.020246191,0.15663489699363708,0.07663099467754364,-0.2574450671672821,-0.21762265264987946
Estepa,346881100100041752,331395.1,5264021.8,2.05,0.011801313,0.023743398,0.1342334896326065,0.06758028268814087,-0.2451562136411667,-0.21456700563430786
Estepa,346881100100041753,331441.3,5264054.7,2.2,0.02160724,0.04368954,0.1368369609117508,0.06783836334943771,-0.23371471464633942,-0.1998816728591919
Estepa,346881100100041754,331487.4,5264087.6,2.01,0.005510273,0.011051107,0.1487962007522583,0.07877053320407867,-0.21924275159835815,-0.18138077855110168
Estepa,346881100100041755,331533.6,5264120.5,2.65,0.0068180636,0.013682957,0.1718338429927826,0.08866748958826065,-0.21611647307872772,-0.17433014512062073
Estepa,346881100100041756,331579.5,5264153.2,3.77,0.18441363,0.40782106,0.14479981362819672,0.07715712487697601,-0.2390957921743393,-0.20936796069145203
Estepa,346881100100041757,331625.7,5264186.1,2.35,0.002373711,0.0047530816,0.16514171659946442,0.0851079598069191,-0.2458917498588562,-0.20528791844844818
Estepa,346881100100041758,331672.0,5264219.1,2.01,0.0046388186,0.009299284,0.11098126322031021,0.06560082733631134,-0.16669902205467224,-0.11515779048204422
Estepa,346881100100041759,331718.2,5264252.0,5.9,0.26229456,0.60871005,0.36136749386787415,0.19864299893379211,-0.048080287873744965,0.0684289038181305
Estepa,346881100100041760,331764.6,5264285.0,2.13,0.009643369,0.019380601,0.13586024940013885,0.08244863152503967,-0.1541474312543869,-0.0743967741727829
Estepa,346881100100041761,331810.9,5264318.0,2.16,0.018279886,0.03689902,0.2664165496826172,0.16409832239151,-0.11331471055746078,-0.007606480736285448
Estepa,346881100100041762,331857.3,5264351.0,2.39,0.021487704,0.04344519,0.25331369042396545,0.1422828882932663,-0.19861119985580444,-0.134134441614151
Estepa,346881100100041763,331903.6,5264384.0,2.05,0.009783278,0.01966317,0.1624075174331665,0.09147606790065765,-0.2582034468650818,-0.23001551628112793
Estepa,346881100100041764,331949.9,5264417.0,2.35,0.0318937,0.06482975,0.12421216070652008,0.0674184262752533,-0.2542639970779419,-0.22615215182304382
Estepa,346881100100041765,331996.3,5264450.0,2.13,0.0051300908,0.010286665,0.12372630089521408,0.06669192761182785,-0.22453907132148743,-0.19026592373847961
Estepa,346881100100041766,332042.7,5264483.0,2.16,0.001221078,0.0024436526,0.11723807454109192,0.06884052604436874,-0.17903484404087067,-0.1421734243631363
Estepa,346881100100041767,332089.0,5264516.0,2.57,0.0048791836,0.009782318,0.14209923148155212,0.08437338471412659,-0.18998649716377258,-0.1402336061000824
Estepa,346881100100041768,332135.7,5264549.2,3.88,0.004722587,0.00946761,0.18790927529335022,0.10364338755607605,-0.20155109465122223,-0.1353386491537094
Estepa,346881100100041769,332182.7,5264582.5,4.74,0.048609886,0.09966927,0.21650132536888123,0.11383707076311111,-0.2173042744398117,-0.15801872313022614
Estepa,346881100100041770,332229.7,5264615.9,4.44,0.07636753,0.1589003,0.22028306126594543,0.11687840521335602,-0.2043386995792389,-0.14753898978233337
Estepa,346881100100041771,332276.7,5264649.3,2.95,0.0056352853,0.011302536,0.2018861472606659,0.09930451959371567,-0.24271416664123535,-0.1903916895389557
Estepa,346881100100041772,332323.5,5264682.6,3.32,0.013701577,0.027593156,0.16094784438610077,0.08496103435754776,-0.21772898733615875,-0.1647636890411377
Estepa,346881100100041773,332370.1,5264715.8,5.23,0.10295897,0.21734177,0.1779060810804367,0.0941905602812767,-0.21322773396968842,-0.15676257014274597
Estepa,346881100100041774,332417.5,5264749.4,2.91,0.009992709,0.020086227,0.15554559230804443,0.08524489402770996,-0.2090902328491211,-0.14833636581897736
Estepa,346881100100041775,332464.1,5264782.6,4.85,0.07218795,0.14986838,0.1673649400472641,0.0953793078660965,-0.2102014124393463,-0.12305881083011627
Estepa,346881100100041776,332510.5,5264815.6,5.15,0.093003124,0.19526023,0.10141512751579285,0.06253111362457275,-0.19477316737174988,-0.1289566308259964
Estepa,346881100100041777,332555.7,5264848.0,4.52,0.125945,0.26927724,0.14745762944221497,0.07707414776086807,-0.22504128515720367,-0.16782024502754211
Estepa,346881100100041778,332601.6,5264880.8,2.27,0.009496116,0.019083241,0.16290532052516937,0.08249253779649734,-0.22065335512161255,-0.16601061820983887
Estepa,346881100100041779,332647.6,5264913.6,1.94,0.005599817,0.011231198,0.17421767115592957,0.08525916934013367,-0.2350684255361557,-0.1802520751953125
Estepa,346881100100041780,332693.8,5264946.5,2.01,0.00068923103,0.0013789387,0.18729034066200256,0.08810769021511078,-0.24713805317878723,-0.20113541185855865
Estepa,346881100100041781,332739.7,5264979.2,2.01,0.021389853,0.043245185,0.2084498405456543,0.1007535457611084,-0.225221186876297,-0.17220360040664673
Estepa,346881100100041782,332785.8,5265012.1,2.13,0.0017686037,0.0035403478,0.20764149725437164,0.09516029059886932,-0.2253955751657486,-0.17355720698833466
Estepa,346881100100041783,332831.9,5265045.0,2.57,0.0016546496,0.0033120478,0.16380995512008667,0.0810677632689476,-0.22943557798862457,-0.18150892853736877
Estepa,346881100100041784,332877.7,5265077.8,2.13,0.011068281,0.022260329,0.179171621799469,0.08463859558105469,-0.2422981858253479,-0.19465607404708862
Estepa,346881100100041785,332923.6,5265110.5,2.54,0.07323158,0.1521198,0.1550275683403015,0.07693559676408768,-0.22449390590190887,-0.1868458092212677
Estepa,346881100100041786,332969.7,5265143.4,2.13,0.0026997672,0.005406857,0.1208365336060524,0.06473296880722046,-0.19726347923278809,-0.16324488818645477
Estepa,346881100100041787,333015.7,5265176.3,2.01,0.003120204,0.006250191,0.23684082925319672,0.11840086430311203,-0.23138032853603363,-0.16414913535118103
Estepa,346881100100041788,333061.9,5265209.2,6.35,0.20929144,0.46981958,0.4443502426147461,0.23513957858085632,-0.0546858012676239,0.09301238507032394
Estepa,346881100100041789,333108.1,5265242.2,5.82,0.17583187,0.38687372,0.4462280869483948,0.22381547093391418,-0.05849789083003998,0.07543457299470901
Estepa,346881100100041790,333154.4,5265275.2,5.97,0.27524424,0.64416647,0.4076070785522461,0.24136704206466675,-0.09893762320280075,0.028181681409478188
Estepa,346881100100041791,333200.9,5265308.3,3.4,0.013743925,0.027679035,0.2049936056137085,0.11200450360774994,-0.24030086398124695,-0.15172481536865234
Estepa,346881100100041792,333247.5,5265341.5,3.99,0.06971268,0.14453863,0.2637418806552887,0.14896172285079956,-0.14971792697906494,-0.05970945581793785
Estepa,346881100100041793,333294.1,5265374.8,3.28,0.0040194816,0.008055208,0.3118339776992798,0.1678219437599182,-0.18684235215187073,-0.10575759410858154
Estepa,346881100100041794,333340.8,5265408.0,6.01,0.24757016,0.5691458,0.1842205971479416,0.09607236087322235,-0.2268545925617218,-0.17992383241653442
Estepa,346881100100041795,333387.3,5265441.2,2.95,0.103419416,0.21836895,0.1785624623298645,0.09103036671876907,-0.24480615556240082,-0.19777525961399078
Estepa,346881100100041796,333433.9,5265474.4,3.06,0.008120397,0.016307281,0.18751174211502075,0.09707757085561752,-0.22419026494026184,-0.18059076368808746
Estepa,346881100100041797,333480.7,5265507.7,2.35,0.010791874,0.021701388,0.16841329634189606,0.09366697818040848,-0.20008176565170288,-0.16258201003074646
Estepa,346881100100041798,333527.0,5265540.8,1.98,0.0032069199,0.006424175,0.14338846504688263,0.07642202079296112,-0.21417543292045593,-0.18585354089736938
Estepa,346881100100041799,333573.3,5265573.7,2.27,0.0014152387,0.002832488,0.19348274171352386,0.10234451293945312,-0.21460282802581787,-0.16837282478809357
Estepa,346881100100041800,333619.8,5265606.9,2.98,0.005034565,0.010094633,0.21880501508712769,0.11051994562149048,-0.2031448930501938,-0.15118956565856934
Estepa,346881100100041801,333666.5,5265640.1,3.25,0.022817636,0.046165485,0.18505257368087769,0.09325370192527771,-0.22007045149803162,-0.17572668194770813
Estepa,346881100100041802,333712.9,5265673.2,2.54,0.049484216,0.10150839,0.17135167121887207,0.08533890545368195,-0.21725741028785706,-0.1828433722257614
Estepa,346881100100041803,333759.1,5265706.2,2.31,0.04629025,0.094798215,0.17667368054389954,0.08877921104431152,-0.23907852172851562,-0.19854730367660522
Estepa,346881100100041804,333805.4,5265739.2,2.31,0.0120771015,0.024301661,0.2035326510667801,0.10365710407495499,-0.23901602625846863,-0.18665100634098053
Estepa,346881100100041805,333851.8,5265772.2,2.65,0.025233382,0.051116258,0.23914633691310883,0.13368001580238342,-0.2105340212583542,-0.12899231910705566
Estepa,346881100100041806,333898.7,5265805.6,4.4,0.006677999,0.01340092,0.16405993700027466,0.09005499631166458,-0.19781804084777832,-0.1391468644142151
Estepa,346881100100041807,333945.6,5265839.0,2.09,0.008667269,0.01741031,0.15302228927612305,0.0812433585524559,-0.22646072506904602,-0.18395088613033295
Estepa,346881100100041808,333992.0,5265872.1,2.72,0.0064452263,0.012932291,0.16114945709705353,0.08582884073257446,-0.21106842160224915,-0.16210630536079407
Estepa,346881100100041809,334038.5,5265905.2,2.65,0.009951094,0.020002156,0.16011661291122437,0.08590003848075867,-0.22681885957717896,-0.17441833019256592
Estepa,346881100100041810,334085.1,5265938.4,2.95,0.004851908,0.009727499,0.19299139082431793,0.10052631795406342,-0.21519312262535095,-0.15630584955215454
Estepa,351000000100042757,320108.2,5262784.9,4.48,0.16975261,0.3721764,0.7455298900604248,0.4572821855545044,0.1880921870470047,0.4381152391433716
Estepa,351000000100042758,320154.5,5262817.7,4.55,0.094453685,0.19846497,0.8410098552703857,0.5633633732795715,0.3149186372756958,0.5875948071479797
Estepa,351000000100042759,320200.9,5262850.7,4.37,0.060437407,0.12469387,0.4363248944282532,0.26763150095939636,-0.003945315256714821,0.1581035554409027
Estepa,351000000100042765,320480.0,5263048.5,2.61,0.013115893,0.026405869,0.31921958923339844,0.18235339224338531,-0.1357279121875763,-0.030206570401787758
Estepa,351000000100042767,320571.8,5263114.0,3.32,0.15985665,0.34846437,0.7362706661224365,0.43906882405281067,0.13979409635066986,0.3853565752506256
Estepa,351000000100042769,320664.5,5263179.9,5.08,0.20257607,0.45290774,0.5841784477233887,0.3526759743690491,0.058269064873456955,0.24854034185409546
Estepa,351000000100042796,321970.6,5264105.6,2.24,0.025289737,0.05123207,0.22549183666706085,0.13519276678562164,-0.14483971893787384,-0.02658151462674141
Estepa,351000000100042874,325618.7,5266706.8,8.51,0.35530603,0.8786488,0.6546763777732849,0.3977208733558655,0.19351042807102203,0.3877321183681488
Estepa,351000000100042884,326084.9,5267037.9,6.23,0.20686166,0.46369386,0.5154348015785217,0.2653244733810425,0.024929063394665718,0.20482002198696136
Estepa,351000000100042889,326318.7,5267203.7,5.9,0.114443034,0.24312428,0.5112975239753723,0.33240020275115967,0.2606210708618164,0.4435434341430664
Estepa,351000100100041721,319626.8,5261656.1,4.96,0.051905744,0.10661131,0.5196250081062317,0.3074377775192261,0.08667192608118057,0.27488934993743896
Estepa,351000100100041731,320087.9,5261984.4,3.92,0.11408126,0.24230558,0.6104400157928467,0.4078465402126312,0.0631292462348938,0.23628026247024536
Estepa,351000100100041732,320133.8,5262017.2,2.46,0.00600394,0.01204418,0.6012768149375916,0.4019814729690552,0.065949946641922,0.2769092321395874
Estepa,351000100100041735,320271.3,5262115.3,3.77,0.1754277,0.38589913,0.5374637246131897,0.3299759328365326,0.00626326771453023,0.20463955402374268
Estepa,351000100100041736,320317.3,5262148.0,4.33,0.18697862,0.41413257,0.6752753853797913,0.43854767084121704,0.07013946026563644,0.2912485897541046
Estepa,351000100100041737,320363.0,5262180.7,3.1,0.118164405,0.25154838,0.559670627117157,0.3742222487926483,0.012509476393461227,0.2171480804681778
Estepa,351000100100041739,320455.4,5262246.4,2.27,0.018547034,0.03744342,0.563880205154419,0.41995537281036377,0.03440113365650177,0.24244390428066254
Estepa,351000100100041740,320501.6,5262279.3,2.5,0.044046894,0.09009897,0.8350023627281189,0.48672401905059814,0.1812257319688797,0.4949745535850525
Estepa,351000100100041743,320641.4,5262378.3,5.86,0.15492052,0.33673847,0.346535325050354,0.20270231366157532,-0.10992840677499771,0.010092772543430328
Estepa,351000100100041744,320688.6,5262411.5,2.72,0.04965927,0.10187724,0.3924980163574219,0.2357119917869568,-0.10350901633501053,0.001927546109072864
Estepa,351000100100041745,320735.3,5262444.6,3.17,0.040977627,0.08368704,0.36599233746528625,0.21038074791431427,-0.10488732159137726,0.03515202924609184
Estepa,351000100100041751,321016.1,5262643.1,3.02,0.051277995,0.105287306,0.39098021388053894,0.2277381420135498,-0.1018623635172844,0.006454641930758953
Estepa,351000100100041773,322035.5,5263367.5,2.72,0.049673494,0.10190718,0.5020408034324646,0.3138142228126526,0.014852010644972324,0.16800853610038757
Estepa,351000100100041774,322082.0,5263400.5,5.11,0.061206516,0.12633164,0.41196659207344055,0.25697222352027893,-0.019289813935756683,0.12103714048862457
Estepa,351000100100041789,322822.2,5263927.5,2.31,0.05018946,0.10299352,0.33266422152519226,0.18584173917770386,-0.11621740460395813,0.004541154485195875
Estepa,351000100100041791,322913.3,5263992.9,3.1,0.018951584,0.038268026,0.43009477853775024,0.25922396779060364,-0.05435355380177498,0.10124805569648743
Estepa,351000200100042742,319140.1,5260617.5,11.58,0.48343548,1.3225454,0.850418746471405,0.573355495929718,0.3206692039966583,0.5863203406333923
Estepa,351000200100042743,319185.3,5260650.1,13.45,0.69379145,2.3726313,0.8182284832000732,0.5755926966667175,0.3188473880290985,0.5673996806144714
Estepa,351000200100042744,319233.1,5260683.7,6.95,0.1404234,0.3026934,0.5401113033294678,0.3317588269710541,0.10894584655761719,0.2757991552352905
Estepa,351000200100042746,319325.5,5260749.6,12.33,0.861275,3.9727638,0.8525937795639038,0.600155234336853,0.3334847688674927,0.6144754886627197
Estepa,351000200100042747,319371.9,5260782.7,6.2,0.1800258,0.3970745,0.8570857048034668,0.6195405125617981,0.3497880697250366,0.6205952763557434
Estepa,351000200100042748,319418.9,5260816.0,4.18,0.01633133,0.03293302,0.45122554898262024,0.2794567346572876,0.08602944761514664,0.26512497663497925
Estepa,351000200100042749,319465.5,5260849.1,4.55,0.08238364,0.17197157,0.7577168345451355,0.5168218612670898,0.25611045956611633,0.4781472980976105
Estepa,351000200100042750,319511.8,5260882.1,7.09,0.027933214,0.056663644,0.8071267604827881,0.5286176800727844,0.2739231288433075,0.5329148173332214
Estepa,351000200100042751,319558.9,5260915.4,8.18,0.15579657,0.33880264,0.5526500940322876,0.34596145153045654,0.05584202706813812,0.18457481265068054
Estepa,351000200100042756,319840.0,5261114.7,3.25,0.021371966,0.043208532,0.2447405904531479,0.13287600874900818,-0.2285553365945816,-0.14863070845603943
Estepa,351000200100042758,319932.6,5261180.7,4.78,0.09704253,0.20418772,0.36791083216667175,0.21306365728378296,-0.12540847063064575,-0.010938058607280254
Estepa,351000200100042761,320069.6,5261278.9,4.96,0.21238592,0.47765508,0.2934510111808777,0.17007967829704285,-0.10262299329042435,-0.01201697438955307
Estepa,351000200100042801,321906.7,5262590.7,5.3,0.15984935,0.3484319,0.5037298202514648,0.3025171756744385,-0.04060770943760872,0.13096411526203156
Estepa,351000200100042812,322419.4,5262953.8,4.97,0.1851724,0.40967444,0.44890689849853516,0.28552111983299255,-0.03880526125431061,0.09419980645179749
Estepa,351000200100042816,322607.6,5263086.4,3.66,0.0898552,0.18832695,0.38425788283348083,0.2523312568664551,-0.050501659512519836,0.0694238469004631
Estepa,351000200100042906,326824.2,5266085.9,6.65,0.4088275,1.0521593,0.2050091177225113,0.11317639797925949,-0.16673265397548676,-0.10604901611804962
Estepa,351000200100042970,329835.4,5268229.3,2.16,0.03356578,0.06828715,0.19544988870620728,0.10063103586435318,-0.22925230860710144,-0.17668944597244263
Estepa,351000300100041662,319442.5,5260046.0,4.48,0.20809282,0.4667705,0.5130864381790161,0.3369932472705841,0.04931803420186043,0.20051930844783783
Estepa,351000300100041667,319671.1,5260210.0,2.95,0.01337317,0.026927251,0.3558555841445923,0.19943533837795258,-0.07867245376110077,0.07740656286478043
Estepa,351000300100041668,319716.1,5260242.5,6.5,0.24338855,0.5580262,0.3049575090408325,0.17890362441539764,-0.11176828294992447,0.05121683329343796
Estepa,351000300100041669,319761.5,5260275.2,5.94,0.2776988,0.65092397,0.6439857482910156,0.3980042636394501,0.06009337678551674,0.264096200466156
Estepa,351000300100041670,319807.6,5260308.1,2.27,0.014187944,0.028579626,0.49229225516319275,0.30420809984207153,0.040000151842832565,0.24741476774215698
Estepa,351000300100041671,319853.8,5260341.1,5.75,0.2602356,0.60310054,0.8091447949409485,0.5348069667816162,0.25091853737831116,0.5086883902549744
Estepa,351000300100041675,320040.6,5260473.8,6.8,0.17199664,0.3775717,0.6211929321289062,0.3952733278274536,0.12223711609840393,0.3192030191421509
Estepa,351000300100041676,320086.9,5260506.8,13.11,0.7808569,3.0464056,0.4578268229961395,0.2882954776287079,0.023953812196850777,0.18178215622901917
Estepa,351000300100041677,320132.6,5260539.6,13.86,0.820603,3.4507747,0.8589673638343811,0.5812861323356628,0.2939912974834442,0.5689838528633118
Estepa,351000300100041680,320319.5,5260672.2,17.56,0.9531763,6.212235,0.8592308163642883,0.5428846478462219,0.30102160573005676,0.590481698513031
Estepa,351000300100041681,320367.1,5260705.8,4.14,0.008692772,0.017461741,0.8693327903747559,0.5991971492767334,0.3352479934692383,0.607963502407074
Estepa,351000300100041698,321149.3,5261264.4,5.23,0.28485638,0.6708612,0.7119432687759399,0.41314375400543213,0.049729298800230026,0.23604978621006012
Estepa,351000300100041699,321195.5,5261297.3,3.21,0.1500647,0.3252604,0.7178301215171814,0.4264337718486786,0.12708145380020142,0.31723082065582275
Estepa,351000300100041700,321241.8,5261330.3,3.69,0.089831434,0.18827394,0.4585898220539093,0.279376357793808,0.032398637384176254,0.173735111951828
Estepa,351000300100041701,321288.0,5261363.2,3.4,0.1233296,0.26329392,0.48250845074653625,0.27370697259902954,-0.019802920520305634,0.12614189088344574
Estepa,351000300100041702,321334.4,5261396.2,4.33,0.22344045,0.5059393,0.6464657187461853,0.36448055505752563,0.07227499037981033,0.26792779564857483
Estepa,351000300100041703,321380.7,5261429.1,3.77,0.085069746,0.17783538,0.476516455411911,0.26592785120010376,0.03175095096230507,0.18787378072738647
Estepa,351000300100041718,322079.2,5261924.8,2.91,0.105541125,0.2231052,0.4233388304710388,0.24753437936306,-0.08123596757650375,0.029381491243839264
Estepa,351000300100041719,322125.7,5261957.8,2.61,0.013275517,0.0267293,0.41535136103630066,0.2436806559562683,-0.07002995163202286,0.04036740958690643
Estepa,351000300100041909,331021.3,5268285.6,2.46,0.029037036,0.05893611,0.22228237986564636,0.10524316877126694,-0.28341439366340637,-0.20797252655029297
Estepa,351000300100041911,331114.1,5268351.6,3.51,0.038887743,0.07933214,0.2016940712928772,0.09527673572301865,-0.265500009059906,-0.21684426069259644
Estepa,351000300100041913,331206.9,5268417.6,2.35,0.02013496,0.04068191,0.18975894153118134,0.08724784106016159,-0.2650199830532074,-0.212518572807312
Estepa,351000300100041915,331299.3,5268483.4,2.42,0.011075047,0.022273976,0.20981816947460175,0.09753318130970001,-0.26147693395614624,-0.19392643868923187
Estepa,351000300100041916,331345.3,5268516.3,4.48,0.22044346,0.49823,0.22134889662265778,0.1138225644826889,-0.23836708068847656,-0.16130311787128448
Estepa,351000300100041928,331902.2,5268912.5,2.09,0.005620598,0.0112729855,0.14767202734947205,0.07737146317958832,-0.22827881574630737,-0.1802370846271515
Estepa,351000300100041934,332178.9,5269109.9,2.87,0.08078932,0.16849825,0.12618353962898254,0.08046521991491318,-0.12029455602169037,-0.042300138622522354
Estepa,351000300100041935,332225.1,5269142.8,3.17,0.16563097,0.36224672,0.1658109575510025,0.08839371055364609,-0.2157144546508789,-0.1643621325492859
Estepa,351000500100041540,319351.9,5259080.2,2.8,0.013651795,0.027492233,0.38089948892593384,0.24687255918979645,-0.009527487680315971,0.11113488674163818
Estepa,351000500100041541,319397.9,5259113.0,4.63,0.13284309,0.28513342,0.46045929193496704,0.28639867901802063,0.00747731002047658,0.14192722737789154
Estepa,351000500100041556,320084.9,5259603.7,10.34,0.77142954,2.9630628,0.6910269260406494,0.4385175108909607,0.1515597105026245,0.34014153480529785
Estepa,351000500100041557,320130.1,5259636.1,3.24,0.01949456,0.03937532,0.8285626173019409,0.5561962127685547,0.26684996485710144,0.5161455273628235
Estepa,351000500100041558,320175.8,5259668.8,3.88,0.038728092,0.079000585,0.5349308848381042,0.34447920322418213,0.06934044510126114,0.24554109573364258
Estepa,351000500100041572,320826.4,5260130.5,2.61,0.014930998,0.030087844,0.2806413769721985,0.14202311635017395,-0.05277986824512482,0.06678318977355957
Estepa,351000500100041573,320872.4,5260163.3,3.95,0.1038355,0.21929927,0.3509756922721863,0.1913139671087265,-0.04460832476615906,0.054297421127557755
Estepa,351000500100041574,320918.0,5260195.8,4.78,0.14450471,0.31222498,0.33507874608039856,0.19657905399799347,-0.012120003812015057,0.08367838710546494
Estepa,351000500100041582,321288.5,5260458.9,5.08,0.19354631,0.4303641,0.46479517221450806,0.2981128692626953,0.006899007596075535,0.1796867400407791
Estepa,351000500100041584,321383.9,5260526.0,4.51,0.04968711,0.10193575,0.22930730879306793,0.14008589088916779,-0.17195069789886475,-0.08864124864339828
Estepa,351000500100041585,321430.2,5260558.9,4.48,0.10352253,0.2186007,0.2773883640766144,0.16906079649925232,-0.1491265892982483,-0.054858580231666565
Estepa,351000500100041586,321475.6,5260591.3,5.0,0.121424004,0.25895727,0.36539527773857117,0.21028216183185577,-0.09356740862131119,0.02412496879696846
Estepa,351000500100041587,321523.0,5260624.7,3.1,0.052667134,0.108218275,0.33335793018341064,0.20678862929344177,-0.11836816370487213,-0.013447308912873268
Estepa,351000500100041590,321662.5,5260723.7,2.39,0.010187767,0.020480344,0.3422410190105438,0.19928307831287384,-0.12190857529640198,-0.020144740119576454
Estepa,351000500100041591,321708.5,5260756.4,2.65,0.05617312,0.11563507,0.34323859214782715,0.18492034077644348,-0.12693843245506287,-0.03645865246653557
Estepa,351000500100041592,321755.0,5260789.4,2.98,0.076328665,0.15881698,0.23827140033245087,0.1299864798784256,-0.13235996663570404,-0.0665842592716217
Estepa,351000500100041598,322032.8,5260986.7,2.35,0.0690752,0.14316899,0.11699596792459488,0.06157473847270012,-0.062020499259233475,-0.022594936192035675
Estepa,351000500100041730,328138.3,5265333.9,2.09,0.039079167,0.07973125,0.17789579927921295,0.10377463698387146,-0.2058541178703308,-0.17023400962352753
Estepa,351000500100041731,328184.7,5265366.9,2.35,0.061006777,0.12590595,0.1475926786661148,0.09742483496665955,-0.17523425817489624,-0.15361288189888
Estepa,351000500100041732,328231.1,5265399.9,2.01,0.006449415,0.012940727,0.1568843126296997,0.09628574550151825,-0.11770929396152496,-0.043042413890361786
Estepa,351000500100041733,328277.3,5265432.8,2.01,0.044096,0.09020165,0.18875175714492798,0.12019530683755875,-0.08356031030416489,0.013700084760785103
Estepa,351000500100041734,328323.6,5265465.7,2.05,0.045660324,0.09347776,0.1916447877883911,0.1155686005949974,-0.10088866949081421,-0.02394508197903633
Estepa,351000500100041795,331247.1,5267544.5,2.05,0.04466289,0.09138825,0.22934722900390625,0.12712959945201874,-0.25738656520843506,-0.1677563339471817
Estepa,351000500100041796,331293.5,5267577.5,2.16,0.05496266,0.11307126,0.18390308320522308,0.09791041165590286,-0.26237913966178894,-0.20001733303070068
Estepa,351000500100041797,331339.8,5267610.4,2.01,0.018856322,0.03807381,0.18068912625312805,0.09159041941165924,-0.23061326146125793,-0.17528104782104492
Estepa,351000500100041798,331386.0,5267643.3,2.42,0.047225486,0.09676102,0.1765701025724411,0.09082472324371338,-0.232573002576828,-0.17763707041740417
Estepa,351000500100041799,331432.0,5267676.1,2.35,0.04838012,0.099186584,0.17831435799598694,0.09146507829427719,-0.2166537642478943,-0.16268903017044067
Estepa,351000500100041800,331478.4,5267709.1,2.01,0.023259884,0.047070973,0.17942360043525696,0.09330713748931885,-0.21998779475688934,-0.1742171049118042
Estepa,351000500100041801,331524.8,5267742.0,2.24,0.014561989,0.029338747,0.17116758227348328,0.09133660048246384,-0.22104351222515106,-0.17582795023918152
Estepa,351000500100041802,331570.6,5267774.7,3.25,0.092588134,0.19434637,0.16856783628463745,0.09146610647439957,-0.18387511372566223,-0.12045679986476898
Estepa,351000500100041803,331617.2,5267807.8,2.16,0.047546815,0.09743574,0.15094205737113953,0.08133526146411896,-0.2277042120695114,-0.1899595856666565
Estepa,351000500100041804,331663.5,5267840.7,2.12,0.02637328,0.05345671,0.14808933436870575,0.07685382664203644,-0.22299136221408844,-0.1848490685224533
Estepa,351000500100041805,331709.7,5267873.6,2.54,0.07135707,0.14807849,0.15644703805446625,0.08159402757883072,-0.2070646435022354,-0.163925439119339
Estepa,351000500100041806,331755.9,5267906.4,2.39,0.050459232,0.103561655,0.17955726385116577,0.08815345913171768,-0.23918329179286957,-0.19653934240341187
Estepa,351000500100041807,331802.2,5267939.4,2.46,0.061698873,0.1273809,0.15135447680950165,0.07666410505771637,-0.22551043331623077,-0.1837046593427658
Estepa,351000500100041808,331848.7,5267972.3,3.4,0.06058072,0.124998495,0.15577556192874908,0.0791025310754776,-0.22868122160434723,-0.18347607553005219
Estepa,351000500100041809,331894.9,5268005.2,2.91,0.09183785,0.19269289,0.1741941273212433,0.08655785024166107,-0.23229752480983734,-0.18436650931835175
Estepa,351000500100041810,331941.3,5268038.1,2.57,0.05294308,0.10880103,0.17197707295417786,0.08516823500394821,-0.24866445362567902,-0.1991054266691208
Estepa,351000500100041811,331987.4,5268071.0,2.2,0.043726537,0.08942869,0.16020198166370392,0.07705225795507431,-0.2737128436565399,-0.21878355741500854
Estepa,351000500100041812,332034.0,5268104.0,1.98,0.022622429,0.045766037,0.18343612551689148,0.08465678244829178,-0.29160404205322266,-0.2384079098701477
Estepa,351000500100041813,332080.0,5268136.8,2.16,0.07006821,0.145304,0.16498440504074097,0.0777960866689682,-0.2720281481742859,-0.2273440957069397
Estepa,351000500100041814,332126.4,5268169.7,2.2,0.046383347,0.094993785,0.1821357011795044,0.08333141356706619,-0.2743171453475952,-0.22689731419086456
Estepa,351000500100041815,332172.6,5268202.6,2.27,0.045344137,0.09281515,0.17810513079166412,0.08086799830198288,-0.285910964012146,-0.2402956187725067
Estepa,351000500100041816,332218.6,5268235.3,2.09,0.012362388,0.024879333,0.18551617860794067,0.0844356119632721,-0.30635765194892883,-0.25335121154785156
Estepa,351000500100041817,332264.8,5268268.2,2.5,0.02242187,0.04535565,0.18759125471115112,0.08554992079734802,-0.2900313138961792,-0.23123005032539368
Estepa,351000500100041818,332311.0,5268301.1,2.27,0.02579613,0.0522714,0.19127759337425232,0.09241137653589249,-0.2793314456939697,-0.22742146253585815
Estepa,351000500100041819,332357.4,5268334.0,2.31,0.017616693,0.035548363,0.1794513761997223,0.08247280865907669,-0.2810973525047302,-0.22495310008525848
Estepa,351000500100041820,332403.6,5268366.9,1.94,0.043814056,0.08961176,0.19020943343639374,0.09097199887037277,-0.259395956993103,-0.21058540046215057
Estepa,351000500100041821,332450.2,5268399.9,2.05,0.0067358287,0.013517369,0.19261683523654938,0.0909418910741806,-0.2728502154350281,-0.22944286465644836
Estepa,351000500100041822,332496.2,5268432.6,2.01,0.017002458,0.03429819,0.16102762520313263,0.08143671602010727,-0.23121891915798187,-0.18670684099197388
Estepa,351000500100041823,332542.5,5268465.6,2.61,0.09479593,0.19921991,0.1814274936914444,0.0906008630990982,-0.24444876611232758,-0.20070181787014008
Estepa,351000500100041824,332588.7,5268498.4,2.42,0.06928326,0.14361615,0.17174683511257172,0.08441197872161865,-0.2489667534828186,-0.20254454016685486
Estepa,351000500100041825,332635.0,5268531.3,2.09,0.032407057,0.06589082,0.19039849936962128,0.08936980366706848,-0.26396992802619934,-0.21618029475212097
Estepa,351000500100041826,332681.3,5268564.2,2.27,0.0396962,0.08101607,0.18150274455547333,0.08647771179676056,-0.2881983518600464,-0.23604781925678253
Estepa,351000500100041827,332727.6,5268597.1,2.16,0.02301006,0.046559457,0.19273220002651215,0.09433618187904358,-0.278155118227005,-0.19581320881843567
Estepa,351000500100041828,332774.7,5268630.4,3.21,0.012536301,0.025231559,0.1319306194782257,0.06255581974983215,-0.30090171098709106,-0.24707698822021484
Estepa,351000500100041829,332820.8,5268663.2,3.54,0.046120934,0.094443426,0.13343581557273865,0.06665822863578796,-0.265008807182312,-0.2217971533536911
Estepa,351000500100041830,332866.1,5268695.6,2.91,0.07419074,0.15419206,0.20558913052082062,0.10380109399557114,-0.23214824497699738,-0.1815360188484192
Estepa,351000500100041831,332912.2,5268728.4,2.2,0.029587565,0.0600709,0.20053692162036896,0.09986510872840881,-0.25901615619659424,-0.21583051979541779
Estepa,351000500100041832,332958.5,5268761.4,2.09,0.044184446,0.09038674,0.16711930930614471,0.08149033039808273,-0.24449944496154785,-0.20837213099002838
Estepa,351000500100041833,333005.1,5268794.4,2.27,0.029623928,0.060145847,0.1475542038679123,0.07389384508132935,-0.24459028244018555,-0.2123490422964096
Estepa,351000500100041834,333051.0,5268827.1,2.05,0.04219918,0.08623642,0.1606336236000061,0.07964406162500381,-0.23591631650924683,-0.19652482867240906
Estepa,351000500100041835,333097.1,5268859.9,2.12,0.024240058,0.049079154,0.15550920367240906,0.07841859757900238,-0.23834644258022308,-0.20532512664794922
Estepa,351000500100041836,333143.2,5268892.8,2.2,0.04435432,0.090742275,0.15268158912658691,0.08209794759750366,-0.20419009029865265,-0.15540474653244019
Estepa,351000500100041837,333189.6,5268925.7,2.65,0.026594918,0.05391208,0.1429428607225418,0.0747843012213707,-0.24440857768058777,-0.20496152341365814
Estepa,351000500100041838,333235.6,5268958.5,2.42,0.07863314,0.16381428,0.173178568482399,0.08757174760103226,-0.24029427766799927,-0.21067194640636444
Estepa,351000500100041839,333281.8,5268991.4,2.16,0.029258672,0.059393108,0.15132640302181244,0.0791788250207901,-0.22569823265075684,-0.1944904327392578
Estepa,351000500100041840,333328.2,5269024.3,2.5,0.020813059,0.04206672,0.17298118770122528,0.09071885049343109,-0.23798391222953796,-0.19399993121623993
Estepa,351000500100041841,333374.0,5269057.0,2.12,0.021579018,0.043631908,0.16237105429172516,0.07944205403327942,-0.230240136384964,-0.19070667028427124
Estepa,351000500100041842,333420.6,5269090.1,2.09,0.034894153,0.07103875,0.14553208649158478,0.07361791282892227,-0.2058837115764618,-0.17773689329624176
Estepa,351000500100041843,333466.8,5269123.0,2.2,0.008275633,0.016620336,0.13188783824443817,0.06326909363269806,-0.24243296682834625,-0.21337714791297913
Estepa,351000500100041844,333512.8,5269155.8,2.31,0.053714596,0.110431254,0.13621298968791962,0.0636761486530304,-0.24617688357830048,-0.21989977359771729
Estepa,351000500100041845,333558.7,5269188.5,2.27,0.05015801,0.10292719,0.16586938500404358,0.0773807168006897,-0.2600651979446411,-0.22465509176254272
Estepa,351000600100071976,319224.1,5258205.7,5.37,0.14438164,0.311935,0.8368122577667236,0.5816963911056519,0.26955646276474,0.5740209221839905
Estepa,351000600100071980,319408.0,5258336.9,6.05,0.22008659,0.49733713,0.7655546069145203,0.4961785674095154,0.19623158872127533,0.4713130593299866
Estepa,351000600100071981,319454.2,5258369.9,3.81,0.039509807,0.080627725,0.4191877245903015,0.2796895503997803,0.07522435486316681,0.2662648558616638
Estepa,351000600100071982,319499.3,5258402.3,12.32,0.71672195,2.52994,0.877453625202179,0.6095428466796875,0.3429821729660034,0.6244040131568909
Estepa,351000600100071983,319545.5,5258435.2,7.02,0.32806844,0.7957164,0.5046929121017456,0.3315773904323578,0.07193160057067871,0.25644412636756897
Estepa,351000600100071986,319681.4,5258532.7,7.88,0.25922886,0.6004125,0.6013999581336975,0.39183783531188965,0.12096305936574936,0.29496899247169495
Estepa,351000600100071987,319726.7,5258565.2,12.32,0.8314131,3.5787776,0.7863906025886536,0.5306665301322937,0.29990479350090027,0.5614756941795349
Estepa,351000600100071988,319772.4,5258597.8,13.33,0.8376417,3.655171,0.6721940636634827,0.4196135103702545,0.23372653126716614,0.4540786147117615
Estepa,351000600100071989,319819.8,5258631.3,6.08,0.16960543,0.37181383,0.5041308999061584,0.3220936059951782,0.15156474709510803,0.3298499882221222
Estepa,351000600100071990,319866.5,5258664.5,4.1,0.0211634,0.04278243,0.810516893863678,0.5236713290214539,0.27635902166366577,0.5558984279632568
Estepa,351000600100071991,319912.1,5258697.1,8.14,0.44873926,1.192346,0.6707167029380798,0.4256497621536255,0.16968709230422974,0.3848022222518921
Estepa,351000600100071992,319958.3,5258730.1,7.32,0.40267277,1.0314898,0.7596918344497681,0.49465104937553406,0.20496194064617157,0.46066582202911377
Estepa,351000600100071993,320004.4,5258762.9,12.1,0.83856106,3.6666982,0.7667550444602966,0.5077916979789734,0.23379728198051453,0.47704872488975525
Estepa,351000600100071994,320050.7,5258795.9,14.56,0.81392264,3.3786957,0.8940064311027527,0.6698110103607178,0.38422900438308716,0.6653566956520081
Estepa,351000600100071995,320097.8,5258829.2,7.02,0.05441155,0.111904815,0.6739070415496826,0.4472246766090393,0.24149028956890106,0.480308473110199
Estepa,351000600100071997,320191.3,5258895.6,6.16,0.29683253,0.7047208,0.8133189082145691,0.5801361203193665,0.2828623652458191,0.48239198327064514
Estepa,351000600100071998,320236.9,5258928.2,16.69,0.7089469,2.4753988,0.8610004186630249,0.5692065358161926,0.3428107798099518,0.6219773292541504
Estepa,351000600100072007,320660.1,5259227.8,3.81,0.11030991,0.2338048,0.21446493268013,0.12498614192008972,-0.02049178071320057,0.0510038286447525
Estepa,351000600100072008,320706.5,5259260.8,3.95,0.09668885,0.20340702,0.18736621737480164,0.10692628473043442,-0.0197634045034647,0.031062914058566093
Estepa,351000600100072009,320752.5,5259293.5,3.17,0.043088123,0.08809358,0.1794852465391159,0.10550513863563538,-0.049224693328142166,0.005049597006291151
Estepa,351000600100072010,320798.2,5259326.2,2.61,0.028714772,0.058272664,0.28669473528862,0.17368151247501373,-0.040109746158123016,0.03974469006061554
Estepa,351000600100072011,320843.5,5259358.6,2.8,0.02378843,0.048153557,0.2670820951461792,0.1620272845029831,-0.0668577328324318,0.00621309969574213
Estepa,351000600100072012,320888.8,5259391.0,2.54,0.038847998,0.07924997,0.329206645488739,0.21326372027397156,-0.03887910395860672,0.05102325603365898
Estepa,351000600100072013,320934.5,5259423.7,2.2,0.05573173,0.11469952,0.31743115186691284,0.19510707259178162,-0.08270934224128723,0.026401609182357788
Estepa,351000600100072014,320980.8,5259456.5,2.91,0.095894285,0.20164803,0.3034975826740265,0.18490032851696014,-0.11087462306022644,0.010547623038291931
Estepa,351000600100072027,321584.8,5259885.2,3.77,0.15271325,0.33151525,0.43132689595222473,0.2816203832626343,-0.04919077455997467,0.08803506940603256
Estepa,351000600100072040,322182.3,5260310.4,3.51,0.11861907,0.2525783,0.3665122389793396,0.19704848527908325,-0.08177104592323303,0.016071069985628128
Estepa,351000600100072041,322228.1,5260343.1,4.03,0.016590575,0.03346028,0.34950125217437744,0.19477277994155884,-0.11398902535438538,-0.023056209087371826
Estepa,351000600100072042,322273.8,5260375.7,2.42,0.08491462,0.17749901,0.46849000453948975,0.2638353407382965,-0.10741322487592697,0.03496436029672623
Estepa,351000600100072045,322413.3,5260474.6,3.32,0.07803889,0.16252388,0.47156620025634766,0.28623083233833313,-0.0397486612200737,0.0717478096485138
Estepa,351000600100072054,322832.9,5260771.9,2.8,0.029738575,0.060382098,0.21776343882083893,0.1252104938030243,-0.13040131330490112,-0.04929819330573082
Estepa,351000600100072055,322878.7,5260804.6,3.1,0.0683839,0.14168361,0.20654471218585968,0.12173435091972351,-0.11637437343597412,-0.038957756012678146
Estepa,351000600100072164,327918.4,5264393.2,2.01,0.045807872,0.09378686,0.17174337804317474,0.09752316027879715,-0.22781886160373688,-0.16847209632396698
Estepa,351000600100072165,327964.3,5264426.0,2.5,0.105090484,0.22210191,0.22307784855365753,0.1133216992020607,-0.22223152220249176,-0.16368289291858673
Estepa,351000600100072167,328057.5,5264492.3,2.01,0.0394613,0.08052671,0.2299671471118927,0.11723978072404861,-0.1928512305021286,-0.1409180462360382
Estepa,351000600100072169,328150.0,5264558.2,2.05,0.027885854,0.056566402,0.24097532033920288,0.12303859740495682,-0.18754631280899048,-0.14210520684719086
Estepa,351000600100072170,328196.5,5264591.3,2.27,0.057782847,0.11904935,0.24358971416950226,0.13233642280101776,-0.14699368178844452,-0.09882721304893494
Estepa,351000600100072171,328243.1,5264624.4,2.5,0.06560483,0.13572514,0.23179814219474792,0.1205158606171608,-0.1906261444091797,-0.134019672870636
Estepa,351000600100072172,328289.8,5264657.6,2.12,0.020310126,0.04103964,0.20943446457386017,0.11242437362670898,-0.20312796533107758,-0.13891002535820007
Estepa,351000600100072174,328382.2,5264723.4,2.27,0.039269473,0.08012729,0.20322351157665253,0.10677044838666916,-0.18693551421165466,-0.13028638064861298
Estepa,351000600100072175,328428.1,5264756.2,2.05,0.016789835,0.033865586,0.23580431938171387,0.12094827741384506,-0.23818537592887878,-0.16841334104537964
Estepa,351000600100072176,328474.3,5264789.1,2.24,0.060754735,0.12536874,0.24226659536361694,0.11894300580024719,-0.2483879178762436,-0.17020268738269806
Estepa,351000600100072177,328520.6,5264822.1,3.47,0.13895382,0.2992816,0.2093474119901657,0.10572246462106705,-0.2112412303686142,-0.1552828699350357
Estepa,351000600100072178,328567.1,5264855.1,2.35,0.03923382,0.080053054,0.23589298129081726,0.11523456126451492,-0.23816946148872375,-0.18887020647525787
Estepa,351000600100072179,328613.8,5264888.2,2.65,0.046676066,0.09560768,0.2310999035835266,0.11530505120754242,-0.18096405267715454,-0.1294667273759842
Estepa,351000600100072180,328660.4,5264921.4,2.2,0.051547784,0.10585589,0.22940593957901,0.12052285671234131,-0.16980314254760742,-0.1200929582118988
Estepa,351000600100072181,328706.9,5264954.4,2.39,0.035076976,0.071417585,0.21037843823432922,0.10831266641616821,-0.1769801378250122,-0.12356822937726974
Estepa,351000600100072182,328753.3,5264987.4,2.05,0.035513964,0.072323635,0.19516290724277496,0.09762770682573318,-0.20513612031936646,-0.16908591985702515
Estepa,351000600100072183,328799.5,5265020.3,2.2,0.033426616,0.06799945,0.2077799290418625,0.10829897224903107,-0.17603980004787445,-0.13116604089736938
Estepa,351000600100072185,328891.6,5265085.9,1.94,0.02867458,0.0581899,0.22553306818008423,0.11596354842185974,-0.22923626005649567,-0.16250841319561005
Estepa,351000600100072186,328937.9,5265118.8,2.05,0.031107761,0.06320665,0.1833581179380417,0.09313156455755234,-0.23244772851467133,-0.1825600266456604
Estepa,351000600100072187,328984.2,5265151.7,2.01,0.022537995,0.04559321,0.19239769876003265,0.09988465905189514,-0.22407279908657074,-0.17631559073925018
Estepa,351000600100072188,329030.6,5265184.6,2.01,0.035381548,0.07204904,0.22153368592262268,0.1090884804725647,-0.23436257243156433,-0.18548154830932617
Estepa,351000600100072189,329077.1,5265217.7,2.35,0.064932704,0.13428673,0.19122393429279327,0.10079576075077057,-0.19203980267047882,-0.15014909207820892
Estepa,351000600100072190,329123.6,5265250.7,2.35,0.052872874,0.1086525,0.18238846957683563,0.09230448305606842,-0.2082195281982422,-0.16529132425785065
Estepa,351000600100072191,329170.0,5265283.7,2.24,0.071996994,0.149457,0.18774209916591644,0.09384151548147202,-0.21961767971515656,-0.16712266206741333
Estepa,351000600100072192,329216.5,5265316.7,2.27,0.048137866,0.09867722,0.20033767819404602,0.09737132489681244,-0.23205362260341644,-0.17943787574768066
Estepa,351000600100072193,329263.0,5265349.7,2.27,0.062494352,0.12907717,0.19245505332946777,0.09651494026184082,-0.2255069613456726,-0.17739422619342804
Estepa,351000600100072198,329495.5,5265514.7,3.21,0.11759984,0.25026593,0.19879400730133057,0.10024695843458176,-0.22824782133102417,-0.15973718464374542
Estepa,351000600100072240,331444.4,5266901.0,2.42,0.06408098,0.13246548,0.16901762783527374,0.08900050818920135,-0.2258603870868683,-0.1666291207075119
Estepa,351000600100072242,331537.5,5266967.2,2.2,0.05462063,0.112347156,0.16876539587974548,0.08859389275312424,-0.20584501326084137,-0.14924508333206177
Estepa,351000600100072243,331583.8,5267000.1,2.16,0.039521243,0.08065154,0.1610274463891983,0.08418476581573486,-0.2017277628183365,-0.1537279188632965
Estepa,351000600100072244,331630.3,5267033.2,2.42,0.060035784,0.12383814,0.1739661693572998,0.0900990292429924,-0.20938389003276825,-0.16023238003253937
Estepa,351000600100072245,331677.1,5267066.4,2.83,0.06437677,0.13309778,0.17720063030719757,0.09356383979320526,-0.19736023247241974,-0.14398162066936493
Estepa,351000600100072246,331723.9,5267099.5,2.72,0.07706831,0.160419,0.1674777716398239,0.08702509850263596,-0.21111613512039185,-0.16180294752120972
Estepa,351000600100072247,331863.5,5267198.7,2.09,0.045024965,0.09214633,0.1625576615333557,0.0885150358080864,-0.19766764342784882,-0.13895665109157562
Estepa,351000600100072248,331909.7,5267231.6,1.98,0.018511845,0.037371673,0.15536688268184662,0.08160846680402756,-0.20764563977718353,-0.16074472665786743
Estepa,351000600100072249,331956.1,5267264.6,2.54,0.051665552,0.106104285,0.17447763681411743,0.09237611293792725,-0.20372340083122253,-0.15379780530929565
Estepa,351000600100072250,332003.0,5267297.8,2.5,0.057837788,0.119165994,0.16465166211128235,0.0870734304189682,-0.19561068713665009,-0.14571791887283325
Estepa,351000600100072253,332143.3,5267397.2,2.57,0.02280693,0.046143595,0.16839699447155,0.08988490700721741,-0.2176414281129837,-0.1630530059337616
Estepa,351000600100072254,332190.3,5267430.5,3.13,0.043921024,0.089835376,0.20905709266662598,0.11086603999137878,-0.21296125650405884,-0.13108912110328674
Estepa,351000600100072255,332237.5,5267463.8,3.77,0.1603149,0.34954932,0.19821423292160034,0.10425437986850739,-0.22170165181159973,-0.13857203722000122
Estepa,351000600100072256,332284.8,5267497.2,3.25,0.028873911,0.058600407,0.12234372645616531,0.07807642966508865,-0.14687824249267578,-0.07860064506530762
Estepa,351000600100072258,332376.0,5267562.4,4.14,0.08372739,0.17490521,0.15252919495105743,0.07895955443382263,-0.22890311479568481,-0.15809650719165802
Estepa,351000600100072259,332422.1,5267595.2,3.02,0.110063605,0.23325102,0.14640845358371735,0.08059412240982056,-0.19060437381267548,-0.1290099173784256
Estepa,351000600100072260,332468.3,5267628.1,2.42,0.04077213,0.083258264,0.15748697519302368,0.08431600779294968,-0.1885537952184677,-0.1340647041797638
Estepa,351000600100072261,332514.4,5267660.9,2.8,0.072788484,0.15116388,0.1739254742860794,0.08788377791643143,-0.22178468108177185,-0.17680136859416962
Estepa,351000600100072262,332560.4,5267693.7,2.12,0.040012352,0.08167455,0.14915631711483002,0.07768607884645462,-0.2066931277513504,-0.16219547390937805
Estepa,351000600100072263,332606.4,5267726.4,2.2,0.053388454,0.109741695,0.1502009779214859,0.07967986911535263,-0.20686005055904388,-0.15276919305324554
Estepa,351000600100072264,332652.8,5267759.3,3.1,0.12033229,0.2564712,0.1478220373392105,0.08434811979532242,-0.1650065779685974,-0.11440128833055496
Estepa,351000600100072265,332699.2,5267792.3,2.09,0.022008456,0.04450994,0.18826395273208618,0.09843900799751282,-0.20265807211399078,-0.13453608751296997
Estepa,351000600100072266,332745.6,5267825.2,4.78,0.19523726,0.43456087,0.1517823487520218,0.08293047547340393,-0.17949464917182922,-0.11352723091840744
Estepa,351000600100072267,332792.7,5267858.6,2.16,0.016899155,0.034087986,0.12030324339866638,0.06938603520393372,-0.17452885210514069,-0.11705754697322845
Estepa,351000600100072268,332838.0,5267890.9,4.25,0.05212394,0.10707139,0.1334589570760727,0.07358261942863464,-0.19678616523742676,-0.14273816347122192
Estepa,351000600100072269,332883.7,5267923.6,2.42,0.017651908,0.035620037,0.1363130658864975,0.0723179280757904,-0.2167682945728302,-0.16238351166248322
Estepa,351000600100072270,332929.6,5267956.3,3.43,0.1115794,0.23666167,0.1567057967185974,0.07960650324821472,-0.22564250230789185,-0.17459191381931305
Estepa,351000600100072271,332975.6,5267989.0,2.12,0.024739372,0.050102875,0.15468716621398926,0.07912041991949081,-0.22153061628341675,-0.17526720464229584
Estepa,351000600100072272,333021.6,5268021.8,2.16,0.049715772,0.10199586,0.20371657609939575,0.10047647356987,-0.2477683424949646,-0.18196679651737213
Estepa,351000600100072273,333067.8,5268054.6,2.05,0.013796988,0.027786655,0.5209983587265015,0.3245597183704376,-0.017667613923549652,0.16188015043735504
Estepa,351000600100072274,333114.0,5268087.5,2.42,0.037139203,0.075697005,0.3603684604167938,0.2163783460855484,-0.16531258821487427,-0.021955706179142
Estepa,351000600100072275,333160.0,5268120.2,2.57,0.047514953,0.09736863,0.3029436767101288,0.17189419269561768,-0.2043960839509964,-0.06728339195251465
Estepa,351000600100072276,333206.2,5268153.1,2.24,0.014535867,0.02928571,0.1935613751411438,0.09884217381477356,-0.2845991849899292,-0.21310237050056458
Estepa,351000600100072277,333252.2,5268185.8,2.57,0.104818776,0.22149459,0.15902118384838104,0.08125927299261093,-0.2799396514892578,-0.23826360702514648
Estepa,351000600100072278,333299.0,5268219.0,3.02,0.04821754,0.098844655,0.13623125851154327,0.06626281142234802,-0.2610115110874176,-0.2285224348306656
Estepa,351000600100072279,333344.7,5268251.6,3.92,0.16656217,0.36449334,0.17461907863616943,0.08474582433700562,-0.25645989179611206,-0.209051713347435
Estepa,351000600100072280,333390.7,5268284.3,2.05,0.038492292,0.07850986,0.16939276456832886,0.08079357445240021,-0.2461002916097641,-0.19502170383930206
Estepa,351000600100072281,333437.4,5268317.4,3.1,0.06843453,0.14179233,0.14613647758960724,0.07536300271749496,-0.2541002631187439,-0.2091808021068573
Estepa,351000600100072282,333483.7,5268350.3,2.16,0.04278917,0.087468766,0.20207422971725464,0.10224658250808716,-0.21809907257556915,-0.1424211859703064
Estepa,351000600100072283,333530.4,5268383.4,4.63,0.080874294,0.16868569,0.18281859159469604,0.086841881275177,-0.28937360644340515,-0.21794381737709045
Estepa,351000600100072284,333577.2,5268416.6,2.01,0.024567967,0.04975138,0.16494372487068176,0.07464421540498734,-0.31559401750564575,-0.2616051435470581
Estepa,351000600100072285,333622.9,5268449.2,2.76,0.051619604,0.106007375,0.14916369318962097,0.06947435438632965,-0.282197505235672,-0.24700148403644562
Estepa,351000600100072286,333668.4,5268481.7,2.8,0.04476419,0.09160019,0.1544853299856186,0.0732012465596199,-0.2853676378726959,-0.24520786106586456
Estepa,351000600100072287,333714.1,5268514.3,2.2,0.03431515,0.06983901,0.15297208726406097,0.0777607411146164,-0.26896312832832336,-0.24432338774204254
Estepa,351000600100072288,333760.1,5268547.1,2.09,0.01295199,0.026073685,0.16404443979263306,0.07620656490325928,-0.28009748458862305,-0.25275227427482605
Estepa,351000600100072289,333806.2,5268579.9,2.16,0.033176184,0.06748129,0.16088274121284485,0.07238730043172836,-0.2865994870662689,-0.25696805119514465
Estepa,351000600100072290,333852.3,5268612.7,2.05,0.041864604,0.085537665,0.13384832441806793,0.06897255033254623,-0.2244131863117218,-0.20085641741752625
Estepa,351000600100072291,333898.4,5268645.5,2.09,0.003295105,0.0066011227,0.15341144800186157,0.07119844853878021,-0.2635475993156433,-0.2386564165353775
Estepa,351000600100072292,333944.5,5268678.3,1.9,0.01199565,0.024136776,0.2108450084924698,0.0926949605345726,-0.2725398540496826,-0.2330276221036911
Estepa,351000600100072293,333990.6,5268711.2,2.05,0.036901504,0.075203285,0.16998940706253052,0.07981687784194946,-0.2669784724712372,-0.23522567749023438
Estepa,351000600100072294,334036.8,5268744.0,1.98,0.020492256,0.041411504,0.15986333787441254,0.07742038369178772,-0.245500385761261,-0.22361455857753754
Estepa,351000600100072295,334083.0,5268776.9,1.98,0.0073639555,0.014782563,0.1464705616235733,0.07509015500545502,-0.21585433185100555,-0.19031305611133575
Estepa,351000800100042853,319206.6,5257306.2,8.06,0.39358532,1.0013711,0.2886776030063629,0.16809730231761932,-0.01577571965754032,0.11161454766988754
Estepa,351000800100042854,319253.3,5257339.3,5.41,0.018144809,0.036624007,0.32282301783561707,0.18692022562026978,-0.04144059121608734,0.07640791684389114
Estepa,351000800100042856,319343.3,5257403.7,3.69,0.076966345,0.16020101,0.3452011048793793,0.19627536833286285,-0.004765534773468971,0.1373555064201355
Estepa,351000800100042860,319523.2,5257532.5,4.74,0.10901615,0.23090391,0.5210076570510864,0.3262695074081421,0.07251185178756714,0.2500905990600586
Estepa,351000800100042861,319568.9,5257565.1,2.8,0.014736067,0.029692177,0.4328047037124634,0.27516916394233704,0.016671037301421165,0.1542460322380066
Estepa,351000800100042862,319615.4,5257598.1,3.06,0.002155285,0.0043152375,0.35045692324638367,0.19906765222549438,-0.06383358687162399,0.05740131810307503
Estepa,351000800100042863,319660.0,5257630.1,5.78,0.17674631,0.3891158,0.46798861026763916,0.2921542823314667,0.013563954271376133,0.13107667863368988
Estepa,351000800100042864,319705.9,5257662.8,5.15,0.036848757,0.07509439,0.378166139125824,0.21959368884563446,-0.031072629615664482,0.08568377047777176
Estepa,351000800100042875,320210.9,5258022.2,4.7,0.027070796,0.054890443,0.42392709851264954,0.27371740341186523,-0.008452467620372772,0.15945219993591309
Estepa,351000800100042876,320256.3,5258054.6,5.22,0.020620923,0.041674457,0.5446905493736267,0.33710992336273193,0.07320735603570938,0.2904389500617981
Estepa,351000800100042877,320301.6,5258087.0,3.77,0.0063001206,0.012640233,0.8757405877113342,0.5664045214653015,0.3159189522266388,0.6061036586761475
Estepa,351000800100042878,320347.4,5258119.5,4.63,0.033199344,0.06752972,0.7442461848258972,0.4872175455093384,0.25030767917633057,0.49351274967193604
Estepa,351000800100042892,320994.1,5258579.0,7.73,0.063307494,0.13081494,0.4041209816932678,0.24451562762260437,-0.06524142622947693,0.06795039772987366
Estepa,351000800100042893,321040.5,5258612.0,3.95,0.002276552,0.0045583113,0.48914432525634766,0.3097464442253113,-0.0012329021701589227,0.11586716771125793
Estepa,351000800100042894,321086.9,5258644.9,2.24,0.014483846,0.029180232,0.3437598645687103,0.2283640205860138,0.007775815203785896,0.11312630772590637
Estepa,351000800100042895,321133.0,5258677.7,3.32,0.072921835,0.1514543,0.2290351688861847,0.1475430577993393,-0.08486523479223251,-0.005572913214564323
Estepa,351000800100042896,321179.2,5258710.6,4.29,0.020063484,0.040536348,0.27013203501701355,0.17631885409355164,-0.0685906782746315,0.010577395558357239
Estepa,351000800100042897,321225.3,5258743.3,6.23,0.24344383,0.5582411,0.21351583302021027,0.1254417896270752,-0.1269330233335495,-0.05007271468639374
Estepa,351000800100042898,321271.8,5258776.3,6.16,0.08823093,0.18476626,0.15570785105228424,0.09225700795650482,-0.12268781661987305,-0.0588952898979187
Estepa,351000800100042906,321643.4,5259040.1,3.1,0.021741567,0.04396441,0.5947916507720947,0.3880944550037384,0.10034189373254776,0.29514944553375244
Estepa,351000800100042907,321690.2,5259073.2,6.57,0.1887398,0.41848874,0.34350574016571045,0.19128233194351196,-0.11340485513210297,0.005531132686883211
Estepa,351000800100042908,321737.4,5259106.6,1.9,0.021616837,0.0437094,0.32588762044906616,0.19233208894729614,-0.11118587106466293,-0.0043192398734390736
Estepa,351000800100042909,321783.6,5259139.4,3.73,0.09355498,0.1964829,0.4334772825241089,0.2445903867483139,-0.0643121674656868,0.08021405339241028
Estepa,351000800100042910,321830.7,5259172.8,3.8,0.065534234,0.13557616,0.37095531821250916,0.20679128170013428,-0.10076228529214859,0.021049126982688904
Estepa,351000800100042911,321877.2,5259205.8,3.58,0.0030609956,0.006131411,0.7411137819290161,0.46171098947525024,0.13488268852233887,0.3517272472381592
Estepa,351000800100042912,321924.1,5259239.0,2.42,0.0064510996,0.012944135,0.2275896668434143,0.13053108751773834,-0.15532468259334564,-0.0708807110786438
Estepa,351000800100042913,321970.3,5259271.9,2.16,0.012679406,0.025521494,0.29701870679855347,0.17346006631851196,-0.10128993541002274,-0.004372776485979557
Estepa,351000800100042914,322016.3,5259304.6,6.05,0.12668987,0.2709928,0.39647045731544495,0.22923262417316437,-0.04289715364575386,0.07327831536531448
Estepa,351000800100042915,322062.9,5259337.7,3.66,0.0051734988,0.010373944,0.30495965480804443,0.18258656561374664,-0.08130975067615509,0.016557373106479645
Estepa,351000800100042916,322109.0,5259370.5,2.95,0.080299795,0.16743895,0.3691331744194031,0.2079114466905594,-0.09491022676229477,0.010416846722364426
Estepa,351000800100042919,322248.4,5259469.5,6.61,0.4000111,1.0227234,0.3776024580001831,0.21593151986598969,-0.0982329323887825,0.01932542212307453
Estepa,351000800100042920,322295.3,5259502.8,6.64,0.11931372,0.2541635,0.2702421247959137,0.15503127872943878,-0.16015039384365082,-0.07415897399187088
Estepa,351000800100042921,322342.7,5259536.3,3.39,0.007327579,0.014709296,0.22993654012680054,0.129267618060112,-0.1886211782693863,-0.12366388738155365
Estepa,351000800100042922,322388.9,5259569.2,3.13,0.039185006,0.07995217,0.304537296295166,0.17164912819862366,-0.17575711011886597,-0.09059838950634003
Estepa,351000800100043044,328080.1,5263620.4,2.91,0.049311683,0.10114665,0.2998216152191162,0.15816201269626617,-0.18654948472976685,-0.09468404948711395
Estepa,351000800100043045,328126.5,5263653.3,2.31,0.0053434446,0.010715639,0.31916651129722595,0.15739649534225464,-0.18717607855796814,-0.07820986211299896
Estepa,351000800100043046,328172.8,5263686.3,2.24,0.011472617,0.023078315,0.4749588370323181,0.29289400577545166,-0.05758774280548096,0.1066354289650917
Estepa,351000800100043047,328219.1,5263719.2,2.39,0.013743357,0.027677981,0.4850991666316986,0.29739299416542053,-0.058242082595825195,0.08925366401672363
Estepa,351000800100043048,328265.4,5263752.2,2.65,0.03720231,0.075828776,0.24955818057060242,0.140191450715065,-0.2001294493675232,-0.10931435227394104
Estepa,351000800100043049,328311.7,5263785.1,2.61,0.033817373,0.06880879,0.1943816840648651,0.10084030032157898,-0.24684831500053406,-0.19174236059188843
Estepa,351000800100043050,328358.0,5263818.1,2.24,0.0021184732,0.0042414553,0.17490315437316895,0.09674406051635742,-0.19994734227657318,-0.15741033852100372
Estepa,351000800100043051,328404.5,5263851.1,2.72,0.011115376,0.022355642,0.14915113151073456,0.08051729947328568,-0.19613544642925262,-0.15140250325202942
Estepa,351000800100043053,328497.2,5263917.1,2.46,0.011057879,0.022239354,0.15584446489810944,0.08658645302057266,-0.19524425268173218,-0.14496032893657684
Estepa,351000800100043054,328543.2,5263949.9,2.24,0.009529975,0.019151656,0.16162896156311035,0.0890621691942215,-0.21038086712360382,-0.16990448534488678
Estepa,351000800100043055,328589.5,5263982.8,2.31,0.01480578,0.0298337,0.18765175342559814,0.10275959223508835,-0.1961173415184021,-0.13767088949680328
Estepa,351000800100043056,328635.7,5264015.8,3.54,0.08456539,0.17673938,0.4383319318294525,0.28314974904060364,-0.03576802462339401,0.12471845746040344
Estepa,351000800100043057,328682.1,5264048.8,3.62,0.08568468,0.17918698,0.5091539621353149,0.35583731532096863,0.04707513749599457,0.20906120538711548
Estepa,351000800100043058,328728.4,5264081.7,2.09,0.012945745,0.026061108,0.1429460644721985,0.08101269602775574,-0.20781856775283813,-0.1477823257446289
Estepa,351000800100043059,328774.4,5264114.5,2.83,0.017242815,0.03478742,0.20769035816192627,0.1059175431728363,-0.24068424105644226,-0.1740514636039734
Estepa,351000800100043060,328820.5,5264147.4,2.42,0.012851141,0.025869422,0.4431624412536621,0.2639012932777405,0.0037130042910575867,0.16686850786209106
Estepa,351000800100043061,328866.4,5264180.1,6.49,0.36222905,0.9003372,0.6836223602294922,0.4283982813358307,0.16335532069206238,0.39337044954299927
Estepa,351000800100043062,328912.8,5264213.2,2.35,0.020994475,0.04243749,0.2983863949775696,0.15898826718330383,-0.11260097473859787,0.022417360916733742
Estepa,351000800100043063,328959.1,5264246.2,2.2,0.011466197,0.023065325,0.1687057614326477,0.09450182318687439,-0.2002846598625183,-0.14582444727420807
Estepa,351000800100043065,329051.7,5264312.1,2.2,0.004414308,0.008848225,0.19089345633983612,0.10783292353153229,-0.15546825528144836,-0.07525485008955002
Estepa,351000800100043066,329098.1,5264345.1,2.35,0.019638382,0.03966887,0.3065938651561737,0.17374607920646667,-0.11757437139749527,-0.00827273353934288
Estepa,351000800100043067,329144.4,5264378.0,2.16,0.025961185,0.052610565,0.263982355594635,0.15286895632743835,-0.13629509508609772,-0.01859552599489689
Estepa,351000800100043068,329190.6,5264411.0,2.46,0.026238535,0.05318018,0.41853851079940796,0.2535993754863739,-0.07458015531301498,0.09475316852331161
Estepa,351000800100043069,329237.0,5264444.0,2.65,0.03347923,0.068108864,0.5918262004852295,0.3401782214641571,0.06946205347776413,0.2655842900276184
Estepa,351000800100043070,329283.3,5264477.0,2.68,0.07558757,0.15721495,0.2953798174858093,0.16279906034469604,-0.1387743353843689,-0.039782628417015076
Estepa,351000800100043071,329329.7,5264510.0,2.46,0.021483188,0.0434362,0.21342206001281738,0.10922276973724365,-0.22307392954826355,-0.15918709337711334
Estepa,351000800100043072,329376.1,5264543.0,2.27,0.005137824,0.010302224,0.14775350689888,0.07824644446372986,-0.2054428607225418,-0.1708509773015976
Estepa,351000800100043073,329422.5,5264576.0,2.53,0.0082957195,0.016660873,0.15243728458881378,0.08074796199798584,-0.21206136047840118,-0.18232503533363342
Estepa,351000800100043074,329468.9,5264609.0,2.27,0.0009512418,0.001903392,0.14560198783874512,0.07619772106409073,-0.224990576505661,-0.198423832654953
Estepa,351000800100043075,329515.3,5264642.0,2.57,0.048034694,0.098461546,0.18315543234348297,0.0936926081776619,-0.20535343885421753,-0.16589854657649994
Estepa,351000800100043076,329561.9,5264675.2,2.61,0.021725062,0.04393066,0.18703104555606842,0.08873850107192993,-0.223189115524292,-0.18283993005752563
Estepa,351000800100043077,329608.7,5264708.4,3.02,0.034015417,0.06921882,0.1680740863084793,0.08285090327262878,-0.2104613482952118,-0.16905876994132996
Estepa,351000800100043078,329655.3,5264741.5,2.01,0.014323644,0.028855128,0.17451529204845428,0.08935419470071793,-0.20471829175949097,-0.15693849325180054
Estepa,351000800100043079,329701.6,5264774.5,3.32,0.015528887,0.031302262,0.18627238273620605,0.09479983150959015,-0.22408178448677063,-0.16963595151901245
Estepa,351000800100043080,329748.5,5264807.7,4.4,0.029193686,0.059259545,0.1908741593360901,0.10029692202806473,-0.201956108212471,-0.14913612604141235
Estepa,351000800100043081,329795.5,5264841.0,2.8,0.0069117993,0.013871753,0.18182462453842163,0.09397090971469879,-0.22279660403728485,-0.18131884932518005
Estepa,351000800100043082,329841.8,5264874.0,2.35,0.051624708,0.10601944,0.19893711805343628,0.10186361521482468,-0.21251851320266724,-0.1624407172203064
Estepa,351000800100043083,329888.6,5264907.2,2.35,0.012873467,0.025914656,0.17426589131355286,0.09317135810852051,-0.1897527128458023,-0.13856235146522522
Estepa,351000800100043084,329934.9,5264940.2,2.61,0.05092427,0.10454259,0.22594904899597168,0.12603816390037537,-0.2314794361591339,-0.18377238512039185
Estepa,351000800100043085,329981.7,5264973.4,3.47,0.0127181355,0.025599953,0.2258792519569397,0.12522044777870178,-0.16323062777519226,-0.09989378601312637
Estepa,351000800100043086,330028.5,5265006.6,2.53,0.009201829,0.01848914,0.18940424919128418,0.10570905357599258,-0.16370229423046112,-0.108525849878788
Estepa,351000800100043087,330074.8,5265039.5,2.8,0.051686842,0.1061505,0.17670540511608124,0.09609242528676987,-0.18007482588291168,-0.12751972675323486
Estepa,351000800100043088,330121.5,5265072.7,3.95,0.09247541,0.19410151,0.1745263785123825,0.09579508751630783,-0.195591002702713,-0.14834387600421906
Estepa,351000800100043089,330168.0,5265105.7,2.65,0.051991425,0.10679309,0.16640302538871765,0.09035783261060715,-0.18655161559581757,-0.1393776535987854
Estepa,351000800100043090,330214.8,5265138.9,3.54,0.0032855612,0.006581977,0.16767244040966034,0.08857562392950058,-0.20331859588623047,-0.15944701433181763
Estepa,351000800100043109,331093.4,5265763.7,2.24,0.017109962,0.03451705,0.5564898252487183,0.3980003297328949,0.034578341990709305,0.22712969779968262
Estepa,351000800100043113,331372.2,5265961.6,6.08,0.23154177,0.52699,0.35524699091911316,0.21205657720565796,-0.15433217585086823,-0.02043270319700241
Estepa,351000800100043114,331419.0,5265994.7,2.65,0.04616654,0.09453992,0.2743185758590698,0.14266933500766754,-0.23414114117622375,-0.1456357091665268
Estepa,351000800100043115,331465.6,5266027.8,3.58,0.012723584,0.025610989,0.23423565924167633,0.12241971492767334,-0.22858691215515137,-0.15635445713996887
Estepa,351000800100043116,331512.7,5266061.0,3.66,0.021463493,0.04339594,0.18004561960697174,0.09778574109077454,-0.21650874614715576,-0.15503250062465668
Estepa,351000800100043117,331559.3,5266094.1,2.98,0.0037455666,0.007505244,0.17154236137866974,0.09265337139368057,-0.21174968779087067,-0.15669220685958862
Estepa,351000800100043118,331605.5,5266127.0,2.27,0.038707048,0.07895739,0.21254988014698029,0.11179399490356445,-0.22242623567581177,-0.1618020236492157
Estepa,351000800100043119,331651.8,5266159.9,4.18,0.1262992,0.2700979,0.1883954256772995,0.09849556535482407,-0.21353237330913544,-0.13645760715007782
Estepa,351000800100043120,331698.9,5266193.1,4.44,0.1602304,0.34936276,0.16552779078483582,0.08810240775346756,-0.20929820835590363,-0.1475638896226883
Estepa,351000800100043121,331745.9,5266226.4,2.72,0.011079067,0.022282207,0.15012601017951965,0.08188620954751968,-0.2108616828918457,-0.15744656324386597
Estepa,351000800100043122,331792.3,5266259.4,2.09,0.0032313773,0.0064732535,0.13692061603069305,0.07201109826564789,-0.21413177251815796,-0.16616399586200714
Estepa,351000800100043123,331838.5,5266292.2,2.09,0.0026048177,0.005216455,0.14008651673793793,0.07164197415113449,-0.22448547184467316,-0.18100351095199585
Estepa,351000800100043124,331884.8,5266325.1,2.2,0.021479785,0.04342924,0.1563403606414795,0.07604457437992096,-0.2549806833267212,-0.2176489382982254
Estepa,351000800100043125,331931.2,5266358.1,2.5,0.004709403,0.009441129,0.17902839183807373,0.08901093155145645,-0.24339811503887177,-0.20119868218898773
Estepa,351000800100043126,331977.7,5266391.1,2.46,0.013202353,0.026581148,0.20987403392791748,0.10214830189943314,-0.25062575936317444,-0.20253637433052063
Estepa,351000800100043127,332024.1,5266424.0,2.09,0.015987601,0.03223443,0.19351434707641602,0.0948777049779892,-0.25590455532073975,-0.21141888201236725
Estepa,351000800100043128,332070.5,5266457.0,2.76,0.028873015,0.058598958,0.23591290414333344,0.11682430654764175,-0.24442227184772491,-0.18221133947372437
Estepa,351000800100043129,332117.1,5266490.0,2.01,0.00965823,0.019410659,0.1945171356201172,0.10747319459915161,-0.2724155783653259,-0.20424291491508484
Estepa,351000800100043130,332163.6,5266523.1,3.51,0.004906217,0.009836664,0.24922452867031097,0.11564840376377106,-0.2820524275302887,-0.20070971548557281
Estepa,351000800100043143,332768.8,5266952.8,2.57,0.016802471,0.033891425,0.180037721991539,0.09436352550983429,-0.22190792858600616,-0.16668540239334106
Estepa,351000800100043147,332956.3,5267085.8,3.06,0.0053397827,0.010708275,0.15326698124408722,0.07530929893255234,-0.2538653612136841,-0.21637360751628876
Estepa,351000800100043148,333002.5,5267118.7,2.46,0.007641196,0.0153412735,0.14053088426589966,0.07404932379722595,-0.20809558033943176,-0.1633545160293579
Estepa,351000800100043149,333048.7,5267151.7,2.72,0.0061993804,0.012437481,0.13495101034641266,0.07332520186901093,-0.18362374603748322,-0.13317172229290009
Estepa,351000800100043150,333095.3,5267184.8,2.46,0.007524343,0.015105777,0.14328981935977936,0.07664516568183899,-0.1984240859746933,-0.15141773223876953
Estepa,351000800100043152,333188.5,5267251.0,4.4,0.027451651,0.055673573,0.16518205404281616,0.08603133261203766,-0.2072189748287201,-0.15079909563064575
Estepa,351000800100043153,333235.6,5267284.4,3.21,0.03670761,0.07480128,0.15813274681568146,0.0814882442355156,-0.21756231784820557,-0.17258042097091675
Estepa,351000800100043154,333281.8,5267317.3,2.16,0.029216805,0.059307177,0.17237414419651031,0.08617225289344788,-0.24150684475898743,-0.19121257960796356
Estepa,351000800100043155,333328.0,5267350.2,3.13,0.0734463,0.15258637,0.1572510153055191,0.0835452452301979,-0.20762763917446136,-0.1587371677160263
Estepa,351000800100043156,333374.5,5267383.3,2.42,0.009003063,0.018087942,0.15353673696517944,0.08246180415153503,-0.2080562263727188,-0.16388218104839325
Estepa,351000800100043157,333420.6,5267416.2,2.05,0.040951394,0.08363292,0.17513687908649445,0.0937923863530159,-0.2187386453151703,-0.16257338225841522
Estepa,351000800100043158,333467.0,5267449.2,2.98,0.009413273,0.018916013,0.1596767157316208,0.08620413392782211,-0.20524851977825165,-0.1620008647441864
Estepa,351000800100043159,333513.4,5267482.2,3.28,0.08794697,0.18414329,0.14995406568050385,0.07677321135997772,-0.21587572991847992,-0.17437522113323212
Estepa,351000800100043160,333559.5,5267515.1,2.2,0.019793361,0.039985083,0.14180904626846313,0.07488907873630524,-0.21920016407966614,-0.1902991384267807
Estepa,351000800100043161,333604.9,5267547.7,4.66,0.124181494,0.2652538,0.1601838320493698,0.08311165124177933,-0.23784573376178741,-0.20044384896755219
Estepa,351000800100043162,333650.6,5267580.3,2.16,0.01849332,0.03733408,0.20419423282146454,0.10369252413511276,-0.23676954209804535,-0.17773130536079407
Estepa,351000800100043163,333696.9,5267613.3,2.53,0.007724516,0.01550921,0.18578341603279114,0.0896693542599678,-0.265852153301239,-0.22637830674648285
Estepa,351000800100043164,333743.3,5267646.3,2.16,0.0061780554,0.012394565,0.17458823323249817,0.08573103696107864,-0.26964518427848816,-0.2410915493965149
Estepa,351000800100043165,333789.6,5267679.3,3.28,0.0032974367,0.0066058068,0.16760949790477753,0.08344025164842606,-0.25724363327026367,-0.22029823064804077
Estepa,351000800100043166,333836.3,5267712.5,2.98,0.012275088,0.024702605,0.17375148832798004,0.08544162660837173,-0.26282167434692383,-0.22219789028167725
Estepa,351000800100043167,333883.0,5267745.7,1.97,0.0083081,0.01668584,0.15944091975688934,0.07254782319068909,-0.30172011256217957,-0.2710874080657959
Estepa,351000800100043168,333929.3,5267778.7,2.27,0.017916655,0.036159296,0.1711033135652542,0.0776197761297226,-0.2952594757080078,-0.26605379581451416
Estepa,351000800100043169,333975.6,5267811.7,2.27,0.014671018,0.029560134,0.17488929629325867,0.0801515281200409,-0.3169623613357544,-0.26583871245384216
Estepa,351000800100043170,334022.0,5267844.7,2.09,0.013740929,0.027673056,0.18398338556289673,0.08700037747621536,-0.3110240697860718,-0.2425263524055481
Estepa,351000800100043171,334068.3,5267877.7,3.02,0.082358435,0.17192206,0.1549018770456314,0.0811443105340004,-0.26610586047172546,-0.20658855140209198
Estepa,351001100100041388,319101.7,5256455.3,2.83,0.008275258,0.0166196,0.30330559611320496,0.1685827374458313,-0.0017025313572958112,0.11901569366455078
Estepa,351001100100041389,319147.1,5256487.8,3.39,0.03590763,0.07314071,0.26902180910110474,0.14058741927146912,-0.03705930709838867,0.08241336047649384
Estepa,351001100100041390,319192.3,5256520.2,4.21,0.010201942,0.020509018,0.29104137420654297,0.16400857269763947,-0.04032003507018089,0.08554768562316895
Estepa,351001100100041391,319237.6,5256552.6,4.18,0.034191374,0.0695831,0.29855862259864807,0.1677752584218979,-0.03280555084347725,0.0937352403998375
Estepa,351001100100041392,319282.8,5256584.9,5.75,0.15539311,0.33786553,0.5128557682037354,0.313296914100647,0.10388528555631638,0.27290958166122437
Estepa,351001100100041397,319509.0,5256746.7,3.84,0.0046223523,0.009266206,0.7787189483642578,0.4649306833744049,0.24337421357631683,0.514420211315155
Estepa,351001100100041399,319599.4,5256811.3,4.33,0.0066255345,0.013295304,0.704827606678009,0.42885273694992065,0.18653452396392822,0.4113682210445404
Estepa,351001100100041400,319644.0,5256843.3,5.75,0.13279986,0.2850398,0.6919453144073486,0.42010292410850525,0.18754248321056366,0.43032240867614746
Estepa,351001100100041401,319689.0,5256875.5,14.86,0.7794574,3.0364838,0.8401897549629211,0.5502170324325562,0.3081943392753601,0.5842081904411316
Estepa,351001100100041402,319734.7,5256908.1,5.34,0.01226345,0.024679026,0.8810943365097046,0.5946528315544128,0.35329926013946533,0.6307862401008606
Estepa,351001100100041403,319779.8,5256940.3,14.82,0.82368153,3.4900625,0.8673262000083923,0.6208992004394531,0.35535797476768494,0.6213317513465881
Estepa,351001100100041404,319826.5,5256973.5,4.33,0.015235101,0.03070546,0.819902241230011,0.5394614338874817,0.28583672642707825,0.5591564774513245
Estepa,351001100100041405,319872.3,5257006.1,12.06,0.7448618,2.7419925,0.8394263386726379,0.5983245968818665,0.3194674849510193,0.6014872193336487
Estepa,351001100100041408,320013.0,5257105.8,6.01,0.106007844,0.22415869,0.5256044268608093,0.3401392698287964,0.053734391927719116,0.22421354055404663
Estepa,351001100100041409,320058.9,5257138.5,4.29,0.017879639,0.03608388,0.5968301892280579,0.37482279539108276,0.13645686209201813,0.3198358416557312
Estepa,351001100100041410,320103.8,5257170.6,9.67,0.22788191,0.5174716,0.827727198600769,0.547597348690033,0.2972783148288727,0.557936429977417
Estepa,351001100100041411,320148.9,5257202.8,17.14,0.81654876,3.4095623,0.8676256537437439,0.6002625226974487,0.344647079706192,0.6183797121047974
Estepa,351001100100041412,320196.1,5257236.2,4.07,0.007256448,0.014565979,0.5993154048919678,0.41477927565574646,0.1739846020936966,0.3431946039199829
Estepa,351001100100041413,320243.2,5257269.5,3.54,0.013481543,0.027147086,0.8883147239685059,0.6584042310714722,0.3856719732284546,0.6736053824424744
Estepa,351001100100041414,320290.0,5257302.7,3.77,0.0055168113,0.01106427,0.59043288230896,0.3949703276157379,0.14769452810287476,0.35875266790390015
Estepa,351001100100041415,320337.2,5257336.1,4.93,0.048976656,0.10044163,0.4505172371864319,0.2815984785556793,0.004711439833045006,0.17921987175941467
Estepa,351001100100041416,320384.6,5257369.5,4.7,0.0026072126,0.0052212565,0.3747740089893341,0.21392333507537842,-0.12260990589857101,0.01753375679254532
Estepa,351001100100041417,320431.8,5257402.9,4.85,0.022486849,0.04548875,0.3568758964538574,0.2066064476966858,-0.13611572980880737,-0.016758553683757782
Estepa,351001100100041418,320478.6,5257436.1,3.62,0.0070367716,0.014123455,0.3598254919052124,0.21132561564445496,-0.09813900291919708,0.023535676300525665
Estepa,351001100100041419,320525.1,5257469.1,3.51,0.003619934,0.007253046,0.41002586483955383,0.24956604838371277,-0.049023568630218506,0.08876669406890869
Estepa,351001100100041420,320571.8,5257502.2,2.95,0.0024698982,0.0049459264,0.3820642828941345,0.2328668236732483,-0.06880141794681549,0.07324853539466858
Estepa,351001100100041421,320618.2,5257535.1,4.55,0.17981036,0.39657518,0.3034173548221588,0.18622860312461853,-0.10696814209222794,0.04482175409793854
Estepa,351001100100041424,320753.0,5257631.5,4.29,0.04157477,0.08493336,0.4269687831401825,0.25352299213409424,-0.04740234091877937,0.10735801607370377
Estepa,351001100100041425,320798.4,5257663.9,3.73,0.11499591,0.24437627,0.48820897936820984,0.2884131669998169,-0.042269233614206314,0.10892108082771301
Estepa,351001100100041432,321121.2,5257893.2,6.2,0.17693143,0.3895624,0.4923480451107025,0.31362608075141907,-0.012192627415060997,0.15563875436782837
Estepa,351001100100041433,321168.6,5257926.7,4.85,0.0075233676,0.015103806,0.3401211202144623,0.19711428880691528,-0.04846153408288956,0.08579763770103455
Estepa,351001100100041434,321214.8,5257959.5,8.1,0.3194241,0.7701784,0.28111186623573303,0.16333062946796417,-0.06126265227794647,0.05431661382317543
Estepa,351001100100041435,321262.1,5257992.9,2.16,0.010797001,0.021711806,0.2452835738658905,0.13457676768302917,-0.12235535681247711,-0.033539142459630966
Estepa,351001100100041436,321307.4,5258025.3,4.48,0.03900625,0.079579934,0.24755525588989258,0.14475226402282715,-0.10695397853851318,-0.01658547669649124
Estepa,351001100100041437,321352.8,5258057.7,2.91,0.059934877,0.12362485,0.3930620551109314,0.2294914722442627,-0.03445000946521759,0.10353901982307434
Estepa,351001100100041438,321398.6,5258090.3,2.83,0.061368663,0.12667821,0.32921722531318665,0.1848263293504715,-0.09644411504268646,0.016478195786476135
Estepa,351001100100041445,321720.1,5258319.0,3.02,0.10530026,0.22257574,0.4937903583049774,0.28322267532348633,-0.03364390507340431,0.12107053399085999
Estepa,351001100100041446,321766.6,5258352.0,3.32,0.0043906686,0.008800735,0.4511651396751404,0.26141828298568726,-0.04204009100794792,0.12775364518165588
Estepa,351001100100041447,321813.3,5258385.0,7.5,0.09538844,0.20053288,0.41934481263160706,0.25442561507225037,-0.04034571722149849,0.1082591637969017
Estepa,351001100100041461,322455.6,5258842.3,3.43,0.004056896,0.008130348,0.3193194270133972,0.17045533657073975,-0.08725086599588394,0.06422802805900574
Estepa,351001100100041462,322500.9,5258874.7,5.34,0.14152691,0.3052791,0.37414103746414185,0.21575531363487244,-0.04116162285208702,0.11621684581041336
Estepa,351001100100041463,322546.5,5258907.2,3.54,0.09356823,0.19651127,0.5011585354804993,0.30048009753227234,0.044606201350688934,0.22702042758464813
Estepa,351001100100041467,322732.9,5259039.5,11.76,0.5220774,1.4789052,0.509273111820221,0.3162340521812439,0.057733457535505295,0.26524868607521057
Estepa,351001100100041614,329545.6,5263886.8,1.94,0.009552041,0.019196207,0.1424582153558731,0.07674959301948547,-0.2116357684135437,-0.1639651209115982
Estepa,351001100100041615,329591.8,5263919.7,2.01,0.0022057968,0.004416482,0.13711971044540405,0.0756627768278122,-0.19784507155418396,-0.15732723474502563
Estepa,351001100100041616,329638.2,5263952.7,2.83,0.034381557,0.06997702,0.1658356934785843,0.08843246102333069,-0.19930210709571838,-0.15322528779506683
Estepa,351001100100041617,329684.7,5263985.8,2.54,0.01386825,0.027931258,0.15640822052955627,0.08017906546592712,-0.22147347033023834,-0.17663103342056274
Estepa,351001100100041618,329730.6,5264018.5,5.04,0.17328809,0.38072282,0.20838026702404022,0.11522044241428375,-0.15734757483005524,-0.06225613132119179
Estepa,351001100100041619,329777.6,5264051.9,2.09,0.019748652,0.03989382,0.13444244861602783,0.07106983661651611,-0.20004799962043762,-0.13147537410259247
Estepa,351001100100041620,329823.8,5264084.8,2.42,0.007333172,0.014720559,0.12639932334423065,0.06749818474054337,-0.21379299461841583,-0.17120935022830963
Estepa,351001100100041621,329869.5,5264117.5,3.17,0.08773791,0.183684,0.13866710662841797,0.06971267610788345,-0.24108587205410004,-0.1995680183172226
Estepa,351001100100041622,329915.4,5264150.2,2.35,0.017449612,0.03520831,0.12734253704547882,0.06987888365983963,-0.20688530802726746,-0.16351808607578278
Estepa,351001100100041623,329961.4,5264183.0,2.12,0.010509129,0.021129841,0.1521414816379547,0.08150703459978104,-0.22748787701129913,-0.19105643033981323
Estepa,351001100100041624,330007.7,5264215.9,2.16,0.01063821,0.021390771,0.13784874975681305,0.07613290101289749,-0.19785363972187042,-0.15797299146652222
Estepa,351001100100041625,330054.0,5264248.9,2.01,0.0011253919,0.0022520556,0.14319990575313568,0.07920923829078674,-0.199147567152977,-0.15619398653507233
Estepa,351001100100041626,330100.3,5264281.9,2.2,0.010798151,0.02171413,0.13064461946487427,0.07302060723304749,-0.18605127930641174,-0.13769477605819702
Estepa,351001100100041627,330146.7,5264314.9,2.05,0.004825948,0.009675337,0.15191063284873962,0.08456793427467346,-0.19400550425052643,-0.14713914692401886
Estepa,351001100100041628,330193.0,5264347.9,2.09,0.008460537,0.016993295,0.13740304112434387,0.07771281152963638,-0.19885355234146118,-0.1544654369354248
Estepa,351001100100041629,330239.3,5264380.8,3.24,0.08235368,0.17191103,0.326770544052124,0.18558073043823242,-0.05646159127354622,0.0554426833987236
Estepa,351001100100041630,330285.6,5264413.8,3.77,0.09901953,0.20857976,0.10213702917098999,0.061653196811676025,-0.14490845799446106,-0.07898969948291779
Estepa,351001100100041631,330332.1,5264446.8,2.24,0.014726466,0.029672667,0.11376027017831802,0.0663539469242096,-0.17372781038284302,-0.12953585386276245
Estepa,351001100100041632,330378.5,5264479.8,2.27,0.0023225762,0.004650573,0.16523392498493195,0.08878108859062195,-0.2289353758096695,-0.18759380280971527
Estepa,351001100100041633,330424.9,5264512.8,2.16,0.0052557234,0.010539257,0.19629062712192535,0.10398202389478683,-0.24319355189800262,-0.19992899894714355
Estepa,351001100100041634,330471.3,5264545.8,2.42,0.01305346,0.026279371,0.2249038815498352,0.12505826354026794,-0.180086150765419,-0.12496337294578552
Estepa,351001100100041635,330517.6,5264578.8,2.61,0.032135367,0.065329574,0.19211645424365997,0.09587118029594421,-0.2391400933265686,-0.18301433324813843
Estepa,351001100100041636,330564.4,5264612.0,3.21,0.12060624,0.2571008,0.2159392237663269,0.11004393547773361,-0.22536849975585938,-0.16097550094127655
Estepa,351001100100041637,330611.0,5264645.1,3.81,0.02604911,0.052791063,0.22835826873779297,0.125726580619812,-0.17820529639720917,-0.08425077795982361
Estepa,351001100100041638,330657.5,5264678.2,3.28,0.0071207844,0.014292682,0.2377781867980957,0.14126412570476532,-0.14408083260059357,-0.0530720092356205
Estepa,351001100100041639,330704.2,5264711.3,4.63,0.13555652,0.29141074,0.20161059498786926,0.1036297082901001,-0.1979013830423355,-0.12422981858253479
Estepa,351001100100041640,330751.3,5264744.7,2.31,0.0049851444,0.009995304,0.17896704375743866,0.09084348380565643,-0.20956113934516907,-0.1645052433013916
Estepa,351001100100041641,330797.6,5264777.7,2.16,0.0041048313,0.008226613,0.16385136544704437,0.08516234904527664,-0.19286955893039703,-0.15610526502132416
Estepa,351001100100041642,330843.9,5264810.6,3.36,0.10470917,0.22125435,0.19398778676986694,0.1034998893737793,-0.20233669877052307,-0.15587347745895386
Estepa,351001100100041643,330890.7,5264843.8,2.54,0.0094065275,0.018902386,0.18814843893051147,0.1012888103723526,-0.20020413398742676,-0.15110453963279724
Estepa,351001100100041645,330983.9,5264910.0,1.94,0.012205631,0.024561951,0.13931822776794434,0.07271475344896317,-0.20243631303310394,-0.17055243253707886
Estepa,351001100100041646,331030.0,5264942.8,1.97,0.0051054987,0.010237237,0.19613827764987946,0.09774013608694077,-0.2297707200050354,-0.17751197516918182
Estepa,351001100100041660,331678.9,5265403.9,2.05,0.00723124,0.014515195,0.1280147284269333,0.06833088397979736,-0.19391734898090363,-0.15896937251091003
Estepa,351001100100041661,331725.2,5265436.8,2.01,0.003620972,0.0072551295,0.14646951854228973,0.07614003121852875,-0.2243112474679947,-0.1913427859544754
Estepa,351001100100041662,331864.1,5265535.5,1.94,0.016109005,0.032481186,0.4722883403301239,0.26479214429855347,0.04080306738615036,0.19647356867790222
Estepa,351001100100041663,331910.1,5265568.2,5.45,0.27096272,0.6324206,0.5090875625610352,0.3001602590084076,0.062026262283325195,0.24258926510810852
Estepa,351001100100041664,331956.5,5265601.1,5.26,0.16977353,0.37223268,0.45701339840888977,0.2624953091144562,0.013178522698581219,0.19675211608409882
Estepa,351001100100041665,332002.8,5265634.0,8.89,0.5236474,1.4855102,0.6911726593971252,0.38733184337615967,0.14988002181053162,0.37289363145828247
Estepa,351001100100041666,332049.1,5265666.9,4.55,0.17770359,0.3914409,0.6113455295562744,0.3214908838272095,0.047094620764255524,0.21843189001083374
Estepa,351001100100041667,332095.5,5265699.9,7.09,0.4153176,1.0744966,0.6626132130622864,0.3792247474193573,0.10687864571809769,0.2833065092563629
Estepa,351001100100041668,332141.8,5265732.8,5.93,0.34083956,0.83422536,0.4545658528804779,0.3068278133869171,0.051898855715990067,0.18842770159244537
Estepa,351001100100041669,332188.4,5265765.8,5.41,0.031294014,0.06359157,0.25145089626312256,0.13969284296035767,-0.16795846819877625,-0.0669906958937645
Estepa,351001100100041670,332235.7,5265799.2,2.72,0.03895027,0.079463415,0.16200540959835052,0.08897065371274948,-0.1984259933233261,-0.14549261331558228
Estepa,351001100100041671,332282.4,5265832.3,1.97,0.018072229,0.03647613,0.17166955769062042,0.09924173355102539,-0.16623073816299438,-0.11775755882263184
Estepa,351001100100041672,332328.9,5265865.4,2.95,0.006988747,0.014026725,0.2182040959596634,0.10909876972436905,-0.22472858428955078,-0.16457682847976685
Estepa,351001100100041673,332375.9,5265898.6,2.16,0.050198704,0.10301368,0.17733989655971527,0.08327101916074753,-0.2630704641342163,-0.22344806790351868
Estepa,351001100100041674,332422.0,5265931.4,2.31,0.05813004,0.11978795,0.19474846124649048,0.09397736936807632,-0.26421281695365906,-0.22212524712085724
Estepa,351001100100041675,332468.1,5265964.2,2.2,0.040873267,0.08346982,0.23810569941997528,0.13343334197998047,-0.20572185516357422,-0.12316092848777771
Estepa,351001100100041676,332514.7,5265997.3,2.16,0.0151008265,0.030432763,0.18512946367263794,0.09999489039182663,-0.22890400886535645,-0.1637544482946396
Estepa,351001100100041677,332561.1,5266030.2,2.54,0.0071905483,0.014433219,0.36426281929016113,0.24938280880451202,-0.11663153767585754,0.04786815121769905
Estepa,351001100100041678,332607.8,5266063.3,4.63,0.10909713,0.23108459,0.23197545111179352,0.13043050467967987,-0.23294512927532196,-0.123819999396801
Estepa,351001100100041679,332655.5,5266097.0,4.7,0.027040789,0.054828685,0.13951531052589417,0.0777876004576683,-0.1997678130865097,-0.13316819071769714
Estepa,351001100100041680,332702.6,5266130.3,2.57,0.0038559462,0.007726847,0.13352759182453156,0.06971748173236847,-0.2233874499797821,-0.17360195517539978
Estepa,351001100100041681,332748.8,5266163.2,1.94,0.0032442762,0.0064991345,0.1556524932384491,0.07804255187511444,-0.2450428605079651,-0.20103159546852112
Estepa,351001100100041682,332795.1,5266196.1,2.98,0.012989041,0.026148828,0.17696373164653778,0.0912570133805275,-0.2492394745349884,-0.19251945614814758
Estepa,351001100100041683,332841.6,5266229.1,2.72,0.008606362,0.017287463,0.17619538307189941,0.09481090307235718,-0.2322276383638382,-0.16712786257266998
Estepa,351001100100041684,332888.3,5266262.2,2.83,0.004270105,0.0085585555,0.15750333666801453,0.08472272008657455,-0.21493464708328247,-0.16256839036941528
Estepa,351001100100041685,332934.9,5266295.3,2.61,0.019713055,0.03982119,0.167414128780365,0.08908209204673767,-0.21236951649188995,-0.15500789880752563
Estepa,351001100100041686,332981.7,5266328.5,2.27,0.012783256,0.025731867,0.14546066522598267,0.07544197142124176,-0.23019661009311676,-0.1865232139825821
Estepa,351001100100041687,333027.9,5266361.4,2.35,0.0107002845,0.021516263,0.17314785718917847,0.08969041705131531,-0.24085576832294464,-0.18821269273757935
Estepa,351001100100041688,333074.1,5266394.2,2.98,0.009698584,0.019492151,0.18668106198310852,0.0978342592716217,-0.22451522946357727,-0.16283831000328064
Estepa,351001100100041689,333120.8,5266427.3,3.88,0.11693721,0.24877006,0.17673103511333466,0.09694388508796692,-0.2041759192943573,-0.14691975712776184
Estepa,351001100100041690,333167.6,5266460.6,4.25,0.043343324,0.08862784,0.170582115650177,0.08678200840950012,-0.23377187550067902,-0.178563192486763
Estepa,351001100100041691,333214.7,5266493.9,2.72,0.007962336,0.015988616,0.14918142557144165,0.08145720511674881,-0.21920134127140045,-0.1753556728363037
Estepa,351001100100041692,333260.8,5266526.7,2.24,0.011824832,0.023791062,0.15644019842147827,0.0830763727426529,-0.21270014345645905,-0.16633184254169464
Estepa,351001100100041695,333399.7,5266625.6,2.83,0.011882086,0.023906948,0.17527161538600922,0.096234992146492,-0.18868502974510193,-0.14104187488555908
Estepa,351001100100041696,333446.3,5266658.7,2.57,0.0045922683,0.009205759,0.19179347157478333,0.10206450521945953,-0.20452533662319183,-0.15371818840503693
Estepa,351001100100041697,333492.9,5266691.8,2.42,0.0018076069,0.0036184958,0.15611903369426727,0.08365277200937271,-0.20687562227249146,-0.15959611535072327
Estepa,351001100100041698,333539.4,5266724.8,3.1,0.048796657,0.10006306,0.1803666353225708,0.10320593416690826,-0.18429037928581238,-0.13127782940864563
Estepa,351001100100041699,333586.5,5266758.2,3.32,0.007215564,0.014483615,0.1415901780128479,0.07950303703546524,-0.19359765946865082,-0.13359461724758148
Estepa,351001100100041700,333633.2,5266791.4,2.83,0.07874765,0.16406491,0.15025323629379272,0.08494825661182404,-0.19159407913684845,-0.13353963196277618
Estepa,351001100100041701,333680.1,5266824.7,5.64,0.106841125,0.22602446,0.1547493189573288,0.08249727636575699,-0.20844344794750214,-0.15191258490085602
Estepa,351001100100041702,333727.3,5266858.2,2.24,0.011017167,0.02215701,0.1432344913482666,0.07372795045375824,-0.23484614491462708,-0.2011224776506424
Estepa,351001100100041703,333773.7,5266891.1,2.8,0.013095498,0.026364565,0.16218489408493042,0.08862467110157013,-0.21964813768863678,-0.15957066416740417
Estepa,351001100100041704,333820.8,5266924.6,2.5,0.00774827,0.015557084,0.13266828656196594,0.07442216575145721,-0.17448104918003082,-0.12169983983039856
Estepa,351001100100041705,333867.0,5266957.4,2.31,0.022842357,0.046216313,0.16077499091625214,0.08562547713518143,-0.21680234372615814,-0.1725788563489914
Estepa,351001100100041706,333913.1,5266990.3,4.03,0.17181776,0.37716654,0.15956518054008484,0.08802539855241776,-0.19029545783996582,-0.13784097135066986
Estepa,351001100100041707,333959.6,5267023.4,3.95,0.09024387,0.18918724,0.21372945606708527,0.11667447537183762,-0.2032192200422287,-0.1383604258298874
Estepa,351001100100041708,334006.7,5267056.8,3.66,0.006014984,0.012066412,0.14837782084941864,0.08075381070375443,-0.20028570294380188,-0.15198606252670288
Estepa,351001100100041709,334053.4,5267090.0,3.62,0.03709818,0.07561232,0.15380200743675232,0.08193466067314148,-0.20663946866989136,-0.16000565886497498
Estepa,356600000400197576,322608.9,5269193.2,3.51,0.005289038,0.010606167,0.9126256108283997,0.6822183728218079,0.408834844827652,0.6929598450660706
Estepa,356600000400197577,322656.4,5269163.3,7.26,0.5210572,1.4727688,0.9234704971313477,0.6878930330276489,0.4163534641265869,0.7009350657463074
Estepa,356600000400197578,322704.1,5269133.2,2.5,0.010315085,0.020737372,0.9176256656646729,0.6533938646316528,0.3801792860031128,0.6751314401626587
Estepa,356600000400197581,322847.0,5269042.8,13.29,0.4775064,1.2986017,0.9078167676925659,0.6307971477508545,0.39134347438812256,0.680877149105072
Estepa,356600000400197582,322894.9,5269012.3,12.61,0.8093766,3.3180103,0.8630527257919312,0.6062222719192505,0.3129892349243164,0.6028929352760315
Estepa,356600000400197583,322942.8,5268981.7,6.66,0.36859804,0.91977346,0.7565111517906189,0.542004406452179,0.24391286075115204,0.5121243000030518
Estepa,356600000400197618,324617.0,5267915.6,9.43,0.3109935,0.7451034,0.7529230713844299,0.4697035551071167,0.19734413921833038,0.40898430347442627
Estepa,356600000400197631,325238.5,5267521.5,2.35,0.014800511,0.029822398,0.7951147556304932,0.4913518726825714,0.2279212474822998,0.5045481324195862
Estepa,356600000400197632,325286.4,5267491.1,2.5,0.021109989,0.042672254,0.6944407224655151,0.42288362979888916,0.12455640733242035,0.39357781410217285
Estepa,356600000400197647,326003.7,5267035.0,7.56,0.24186292,0.55383253,0.7097803950309753,0.4077707529067993,0.3262040913105011,0.5307105779647827
Estepa,356600000400197648,326051.4,5267004.8,7.37,0.2070545,0.4640364,0.5231980085372925,0.29741162061691284,0.04513808712363243,0.21392884850502014
Estepa,356600000400197649,326099.3,5266974.2,5.99,0.19206713,0.42658183,0.6256371736526489,0.34903544187545776,0.2035088837146759,0.3887085020542145
Estepa,356600000400197655,326386.2,5266791.4,7.15,0.415777,1.0751534,0.7140044569969177,0.4065952003002167,0.3163081109523773,0.51088947057724
Estepa,356600000400197659,326577.4,5266669.5,4.75,0.087758124,0.18370542,0.41029179096221924,0.23532652854919434,0.008071529679000378,0.14233121275901794
Estepa,356600000400197660,326625.2,5266639.0,7.48,0.41726673,1.080262,0.5369054675102234,0.3121911287307739,0.10065119713544846,0.27220574021339417
Estepa,356600000400197663,326768.7,5266547.3,9.99,0.6671934,2.20147,0.6055660247802734,0.3912644386291504,0.1057666689157486,0.3294205069541931
Estepa,356600000400197670,327103.9,5266333.1,2.17,0.036441736,0.074245475,0.7055807113647461,0.5284700989723206,0.16917750239372253,0.40128880739212036
Estepa,356600000400197671,327151.8,5266302.5,2.17,0.024629872,0.0498769,0.738760769367218,0.4664316177368164,0.14590471982955933,0.4338058829307556
Estepa,356600000400197727,329833.6,5264594.2,2.2,0.037830967,0.077131175,0.27659112215042114,0.129725381731987,-0.2076844573020935,-0.10387572646141052
Estepa,356600000400197729,329929.2,5264533.0,2.35,0.05291176,0.10872782,0.4832274615764618,0.30515897274017334,0.004709999542683363,0.1621342897415161
Estepa,356600000400197757,331269.5,5263675.4,2.09,0.0361057,0.07354809,0.17817571759223938,0.08686520159244537,-0.23808656632900238,-0.1850758194923401
Estepa,356600000400197775,332132.2,5263125.5,2.24,0.021048943,0.04254753,0.18837034702301025,0.09366661310195923,-0.24372975528240204,-0.19477298855781555
Estepa,356600000400197778,332276.0,5263033.7,2.99,0.07285165,0.1512869,0.16166046261787415,0.08185085654258728,-0.22261548042297363,-0.17897388339042664
Estepa,356600000400197790,332850.6,5262668.0,2.43,0.043819714,0.089618824,0.21649256348609924,0.11281296610832214,-0.2112572342157364,-0.13617779314517975
Estepa,356600000400197792,332946.4,5262606.9,2.92,0.042585105,0.08703804,0.27024760842323303,0.14636953175067902,-0.21162067353725433,-0.09967551380395889
Estepa,356600100400193028,325485.3,5266623.5,4.68,0.25531915,0.58965147,0.5625460743904114,0.3366928696632385,0.00992684718221426,0.21162612736225128
Estepa,356600100400193030,325581.1,5266562.4,4.75,0.26758385,0.6228716,0.5550817847251892,0.3353008031845093,0.04470251873135567,0.22304609417915344
Estepa,356600100400193032,325676.9,5266501.4,5.42,0.35701162,0.883381,0.14014701545238495,0.08488039672374725,-0.09882675856351852,0.0033602043986320496
Estepa,356600100400193035,325820.6,5266409.6,6.51,0.18119812,0.39984956,0.38280943036079407,0.2085629254579544,-0.08256446570158005,0.05229036137461662
Estepa,356600100400193036,325868.5,5266379.0,5.99,0.22780877,0.51708585,0.467905193567276,0.266731858253479,0.0033443747088313103,0.1857845038175583
Estepa,356600100400193037,325916.4,5266348.4,11.79,0.54988754,1.5969771,0.38771989941596985,0.22722271084785461,-0.07199880480766296,0.07912909984588623
Estepa,356600100400193040,326060.3,5266256.2,9.81,0.9071635,4.761911,0.4133865237236023,0.24484843015670776,0.05675974115729332,0.17198462784290314
Estepa,356600100400193043,326204.3,5266164.0,5.12,0.21770813,0.49109042,0.4838632345199585,0.2671302258968353,0.10345721244812012,0.25008338689804077
Estepa,356600100400193045,326300.0,5266102.7,10.29,0.7697642,2.9393468,0.5824557542800903,0.3148365020751953,0.14462536573410034,0.3096003830432892
Estepa,356600100400193047,326395.8,5266041.5,8.98,0.432416,1.132946,0.6404632925987244,0.35998842120170593,0.27827543020248413,0.45658859610557556
Estepa,356600100400193048,326443.8,5266010.7,6.1,0.10466532,0.22112228,0.5664811730384827,0.3271885812282562,0.24944989383220673,0.40841320157051086
Estepa,356600100400193050,326539.9,5265948.8,8.35,0.2860148,0.6738555,0.5780436396598816,0.3343700170516968,0.18886151909828186,0.36908161640167236
Estepa,356600100400193051,326588.1,5265917.6,5.5,0.028521411,0.05787256,0.4454764127731323,0.25895240902900696,0.07660935819149017,0.23156169056892395
Estepa,356600100400193052,326636.2,5265886.7,3.14,0.0077478765,0.015556128,0.22933650016784668,0.13064998388290405,-0.15274150669574738,-0.05969345569610596
Estepa,356600100400193139,330800.7,5263230.5,3.14,0.10083944,0.21259372,0.16570550203323364,0.08698848634958267,-0.2010151743888855,-0.1626417338848114
Estepa,356600100400193167,332141.9,5262375.6,2.09,0.0056815716,0.011395564,0.407343327999115,0.2720045745372772,-0.06340502202510834,0.10180468112230301
Estepa,356600100400193168,332189.8,5262345.1,2.43,0.033225134,0.06757989,0.43320849537849426,0.28426048159599304,-0.06130822375416756,0.10980255156755447
Estepa,356600100400193204,333913.7,5261245.6,2.5,0.012391802,0.024938526,0.14193211495876312,0.08172497898340225,-0.17995493113994598,-0.13064603507518768
Estepa,356600100400193206,334009.3,5261184.6,2.05,0.016745705,0.033775155,0.14728876948356628,0.08130808174610138,-0.20651885867118835,-0.15871821343898773
Estepa,356600200400198172,321408.2,5268671.9,4.6,0.019374605,0.03912966,0.906082034111023,0.6486136317253113,0.38305768370628357,0.6778608560562134
Estepa,356600200400198173,321455.9,5268641.7,11.23,0.594186,1.8041682,0.900416374206543,0.635745108127594,0.3676201105117798,0.6623916625976562
Estepa,356600200400198174,321503.6,5268611.5,2.95,0.0070224525,0.014094472,0.8993726372718811,0.6047871112823486,0.3132268488407135,0.6171071529388428
Estepa,356600200400198175,321551.4,5268581.2,10.18,0.42746773,1.1155226,0.8988919854164124,0.6265442371368408,0.35145294666290283,0.641303300857544
Estepa,356600200400198176,321599.2,5268550.7,8.08,0.33785033,0.8246053,0.6912775039672852,0.47693103551864624,0.20348937809467316,0.44376692175865173
Estepa,356600200400198179,321743.4,5268458.1,6.21,0.118528664,0.25233218,0.28889861702919006,0.18849903345108032,-0.03620303049683571,0.09140422940254211
Estepa,356600200400198252,325287.4,5266201.2,6.77,0.19734693,0.43968612,0.4247365891933441,0.22295008599758148,0.05001916363835335,0.20287057757377625
Estepa,356600200400198260,325670.7,5265956.7,11.98,0.50872004,1.4217407,0.7411380410194397,0.4122426211833954,0.3177355229854584,0.5288645625114441
Estepa,356600200400198261,325718.6,5265926.3,3.1,0.0068011545,0.013648794,0.3685612678527832,0.1937018632888794,-0.07502242922782898,0.05691884458065033
Estepa,356600200400198262,325766.5,5265895.8,9.51,0.49093977,1.350608,0.3502688407897949,0.2054477483034134,-0.060166411101818085,0.09067291021347046
Estepa,356600200400198264,325862.7,5265833.9,10.56,0.5133954,1.4408733,0.3309849500656128,0.18074257671833038,0.017419086769223213,0.13005362451076508
Estepa,356600200400198266,325958.8,5265772.3,4.15,0.036458924,0.07428087,0.19469080865383148,0.11474176496267319,-0.0871497318148613,-0.012154819443821907
Estepa,356600200400198267,326006.7,5265741.9,5.5,0.16280235,0.35540354,0.4630224406719208,0.25158289074897766,0.06830930709838867,0.2205694317817688
Estepa,356600200400198268,326054.7,5265711.4,5.61,0.23569368,0.53760475,0.3496096730232239,0.20129665732383728,0.012946174480021,0.14368438720703125
Estepa,356600200400198269,326102.6,5265680.8,6.55,0.24160655,0.5531394,0.46881791949272156,0.27801424264907837,0.0733579620718956,0.23075740039348602
Estepa,356600200400198270,326150.4,5265650.5,5.84,0.24397133,0.5593862,0.5576387643814087,0.31058621406555176,0.14424346387386322,0.3171727955341339
Estepa,356600200400198272,326246.1,5265589.7,4.9,0.1445997,0.3123817,0.3876936435699463,0.2109432816505432,-0.05967593193054199,0.0775323212146759
Estepa,356600200400198285,326915.8,5265164.5,2.09,0.010265751,0.020637657,0.28899919986724854,0.15080323815345764,-0.22347205877304077,-0.10828716307878494
Estepa,356600200400198287,327011.5,5265103.6,2.39,0.052386947,0.10761923,0.4329497516155243,0.22161851823329926,-0.15257392823696136,-0.024201590567827225
Estepa,356600200400198289,327107.2,5265042.6,2.13,0.030755354,0.062476844,0.3454425036907196,0.18283700942993164,-0.18944181501865387,-0.07320204377174377
Estepa,356600200400198299,327586.0,5264737.2,1.98,0.005497273,0.01102489,0.22123007476329803,0.11585349589586258,-0.24043923616409302,-0.18747574090957642
Estepa,356600200400198302,327729.5,5264645.7,2.17,0.03358643,0.06832729,0.22753193974494934,0.12731176614761353,-0.18002086877822876,-0.13555794954299927
Estepa,356600200400198310,328112.6,5264400.9,1.94,0.020966444,0.042378902,0.1961970031261444,0.10177221894264221,-0.2155112624168396,-0.1689804494380951
Estepa,356600200400198319,328543.4,5264126.0,6.29,0.2907417,0.6871239,0.4365598261356354,0.25325265526771545,0.00867373961955309,0.2008334994316101
Estepa,356600200400198321,328687.3,5264034.0,4.34,0.13537513,0.29092792,0.5359148383140564,0.37106743454933167,0.06250462681055069,0.24778707325458527
Estepa,356600200400198326,328927.5,5263880.4,2.77,0.012442674,0.025041526,0.12810732424259186,0.06825893372297287,-0.2145886868238449,-0.16328522562980652
Estepa,356600200400198336,329407.1,5263575.0,2.92,0.04228891,0.086419,0.16147078573703766,0.0740429162979126,-0.27150654792785645,-0.21824969351291656
Estepa,356600200400198338,329503.0,5263513.9,2.05,0.022897711,0.046328086,0.15574964880943298,0.07967855781316757,-0.23224656283855438,-0.1768779456615448
Estepa,356600200400198344,329790.4,5263331.5,2.65,0.10474766,0.22130436,0.22759777307510376,0.13266485929489136,-0.1851148009300232,-0.1301838904619217
Estepa,356600200400198347,329934.2,5263239.8,2.47,0.067831695,0.1404858,0.19534751772880554,0.10184918344020844,-0.24646393954753876,-0.20414523780345917
Estepa,356600200400198349,330030.1,5263178.7,2.54,0.06495334,0.13431954,0.2842433452606201,0.15826411545276642,-0.1902250498533249,-0.11091020703315735
Estepa,356600200400198359,330509.2,5262873.1,2.47,0.047188852,0.09667806,0.18956930935382843,0.09534354507923126,-0.2279408723115921,-0.18023742735385895
Estepa,356600200400198373,331179.4,5262444.6,2.09,0.024222536,0.049041696,0.14698179066181183,0.0809338241815567,-0.16742616891860962,-0.12405920028686523
Estepa,356600200400198385,331753.6,5262076.8,3.14,0.11271217,0.23917761,0.15974605083465576,0.0787372887134552,-0.22904276847839355,-0.18853959441184998
Estepa,356600200400198399,332471.5,5261617.8,2.5,0.05060578,0.10386342,0.197822704911232,0.1041945293545723,-0.21638229489326477,-0.15446069836616516
Estepa,356600200400198405,332758.5,5261435.3,2.84,0.06832629,0.14154728,0.19208340346813202,0.09897401183843613,-0.2108096480369568,-0.14865101873874664
Estepa,356600200400198406,332806.3,5261404.8,2.92,0.12024146,0.25622243,0.18781952559947968,0.09650968015193939,-0.2183627337217331,-0.15184614062309265
Estepa,356600200400198418,333380.6,5261040.0,2.32,0.03450957,0.07023867,0.19787202775478363,0.11803078651428223,-0.23412302136421204,-0.17338988184928894
Estepa,356600200400198419,333428.6,5261009.3,3.33,0.107477486,0.22741242,0.1651727259159088,0.08365333080291748,-0.2479226291179657,-0.19674575328826904
Estepa,356600200400198420,333476.6,5260978.7,2.58,0.016903168,0.03409543,0.15352989733219147,0.07910144329071045,-0.23280596733093262,-0.1868361383676529
Estepa,356600200400198425,333715.9,5260826.5,2.88,0.13057972,0.27986547,0.3343944549560547,0.20456546545028687,-0.1212645098567009,0.0007423791685141623
Estepa,356600200400198427,333811.7,5260765.6,2.17,0.0424844,0.086827286,0.17531664669513702,0.09392740577459335,-0.21697965264320374,-0.1619778275489807
Estepa,356600200400198429,333907.5,5260704.6,2.65,0.03057668,0.062108185,0.20699957013130188,0.10778293013572693,-0.21679967641830444,-0.15204894542694092
Estepa,356600200400198433,334098.9,5260582.9,2.17,0.040571768,0.082836226,0.22203201055526733,0.11747899651527405,-0.2220515012741089,-0.14616326987743378
Estepa,356600300400192993,319981.1,5268843.6,8.16,0.28545704,0.6722693,0.8078184723854065,0.5817731022834778,0.2749781012535095,0.5240390300750732
Estepa,356600300400192994,320029.1,5268812.7,5.31,0.09992844,0.21056609,0.8287023901939392,0.5788109302520752,0.3047043979167938,0.5806936621665955
Estepa,356600300400192995,320077.0,5268781.8,9.88,0.39583164,1.007912,0.7870986461639404,0.5610101819038391,0.25341787934303284,0.5043022632598877
Estepa,356600300400193019,321224.1,5268049.0,4.75,0.20833609,0.46725762,0.75132155418396,0.4741828739643097,0.18184415996074677,0.4192247986793518
Estepa,356600300400193028,321657.9,5267768.8,2.54,0.013342383,0.026864449,0.20227961242198944,0.14275133609771729,-0.11524278670549393,0.05010731518268585
Estepa,356600300400193075,323906.6,5266341.9,18.61,0.5375893,1.542881,0.13822582364082336,0.06394537538290024,-0.28237274289131165,-0.24458104372024536
Estepa,356600300400193115,325872.4,5265084.2,4.45,0.043144614,0.088206716,0.48628419637680054,0.31214639544487,-0.0021580734755843878,0.14003528654575348
Estepa,356600300400193123,326255.7,5264840.3,4.04,0.14413445,0.311293,0.19964152574539185,0.11107905954122543,-0.11205746233463287,-0.031703099608421326
Estepa,356600300400193124,326303.4,5264810.0,3.89,0.0093438905,0.018775668,0.28718098998069763,0.1561914086341858,-0.09669648855924606,-0.004019915126264095
Estepa,356600300400193126,326446.7,5264719.3,3.59,0.1302917,0.27920207,0.551211416721344,0.3138343095779419,0.0053198691457509995,0.17549411952495575
Estepa,356600300400193128,326542.4,5264658.5,2.73,0.012666357,0.025494576,0.26910704374313354,0.1517067700624466,-0.23338325321674347,-0.14325295388698578
Estepa,356600300400193130,326638.1,5264597.6,2.77,0.031118084,0.06322543,0.2428780198097229,0.13290876150131226,-0.2044140100479126,-0.13438108563423157
Estepa,356600300400193132,326733.8,5264536.9,3.37,0.005691687,0.011415904,0.2388588786125183,0.12874680757522583,-0.20323680341243744,-0.13155096769332886
Estepa,356600300400193140,327116.6,5264293.1,2.35,0.009217579,0.018520677,0.20639748871326447,0.11366076022386551,-0.20348741114139557,-0.1465374082326889
Estepa,356600300400193143,327260.1,5264201.8,2.2,0.00744679,0.014949331,0.21169328689575195,0.11449360847473145,-0.22671982645988464,-0.1671248972415924
Estepa,356600300400193146,327403.6,5264110.4,2.77,0.06287475,0.1298782,0.15256495773792267,0.08721382915973663,-0.1557348370552063,-0.1177842989563942
Estepa,356600300400193147,327451.4,5264079.9,3.44,0.10396426,0.21955438,0.1778079718351364,0.10195402055978775,-0.1773681491613388,-0.13208460807800293
Estepa,356600300400193150,327594.9,5263988.5,2.62,0.027661482,0.056102812,0.1782861351966858,0.09483688324689865,-0.24690236151218414,-0.20418912172317505
Estepa,356600300400193153,327738.4,5263897.0,2.24,0.0631974,0.13056692,0.43200722336769104,0.30422449111938477,0.005209091119468212,0.1706063449382782
Estepa,356600300400193154,327786.3,5263866.4,2.13,0.015300837,0.030838292,0.4775967597961426,0.3253791332244873,0.020599592477083206,0.20591917634010315
Estepa,356600300400193155,327834.2,5263835.8,2.2,0.04133601,0.08442993,0.5706350207328796,0.37460407614707947,0.09516193717718124,0.3292138874530792
Estepa,356600300400193156,327882.1,5263805.2,2.05,0.032237146,0.065536804,0.5860223770141602,0.39259588718414307,0.0849105566740036,0.326001912355423
Estepa,356600300400193157,327930.0,5263774.6,2.28,0.057760976,0.11899387,0.4690611660480499,0.3172987401485443,0.011726238764822483,0.23028558492660522
Estepa,356600300400193158,327977.9,5263743.9,2.39,0.053332448,0.10961568,0.346329927444458,0.18201901018619537,-0.1547890603542328,0.00960912648588419
Estepa,356600300400193159,328025.8,5263713.3,4.04,0.17511877,0.38504577,0.3900301456451416,0.24109295010566711,-0.01683000475168228,0.1708567887544632
Estepa,356600300400193163,328217.6,5263590.5,3.14,0.039220255,0.080020756,0.30897486209869385,0.16028709709644318,-0.19776372611522675,-0.08705448359251022
Estepa,356600300400193164,328265.7,5263559.6,5.87,0.2353901,0.536807,0.13577774167060852,0.07772592455148697,-0.17187948524951935,-0.1020168662071228
Estepa,356600300400193167,328409.6,5263467.5,2.65,0.03913536,0.079844035,0.19956737756729126,0.10389479994773865,-0.2099056839942932,-0.14501948654651642
Estepa,356600300400193169,328505.4,5263406.3,2.24,0.048157346,0.09871195,0.17790743708610535,0.09193640947341919,-0.2205103039741516,-0.16836300492286682
Estepa,356600300400193170,328553.3,5263375.7,2.43,0.018149156,0.036631864,0.176119863986969,0.09325052052736282,-0.19990655779838562,-0.14792557060718536
Estepa,356600300400193171,328601.3,5263345.0,2.05,0.0061147236,0.012267004,0.16188326478004456,0.08772259205579758,-0.18578992784023285,-0.1270134150981903
Estepa,356600300400193174,328745.1,5263253.2,2.2,0.040781017,0.0832724,0.15824547410011292,0.0820019319653511,-0.21007591485977173,-0.16358856856822968
Estepa,356600300400193180,329033.1,5263069.5,2.24,0.011419137,0.022969719,0.17077036201953888,0.09071597456932068,-0.20701652765274048,-0.15492573380470276
Estepa,356600300400193183,329176.8,5262978.1,2.05,0.022533331,0.045582354,0.34618696570396423,0.2372572422027588,-0.09238183498382568,0.04456300288438797
Estepa,356600300400193184,329224.8,5262947.6,2.39,0.010682134,0.021479238,0.24825222790241241,0.14860348403453827,-0.21854865550994873,-0.11635687947273254
Estepa,356600300400193185,329272.8,5262917.0,2.65,0.013928748,0.028053395,0.1731242537498474,0.09165271371603012,-0.20723780989646912,-0.1535133570432663
Estepa,356600300400193187,329368.7,5262855.9,2.54,0.073959395,0.15367654,0.1739790439605713,0.09193605184555054,-0.2052699774503708,-0.15432661771774292
Estepa,356600300400193188,329416.7,5262825.3,4.08,0.11104915,0.23543178,0.16258329153060913,0.08596399426460266,-0.20394809544086456,-0.149777352809906
Estepa,356600300400193191,329560.7,5262733.5,2.58,0.078775756,0.16410604,0.15925410389900208,0.08622347563505173,-0.20623762905597687,-0.15133199095726013
Estepa,356600300400193194,329704.8,5262641.5,4.64,0.043740403,0.08945244,0.1621389091014862,0.08314110338687897,-0.21094664931297302,-0.15221108496189117
Estepa,356600300400193197,329848.8,5262549.7,2.8,0.060925554,0.12572247,0.21871449053287506,0.11197316646575928,-0.27218931913375854,-0.19231361150741577
Estepa,356600300400193198,329896.7,5262519.3,2.09,0.0072273733,0.014507253,0.17949742078781128,0.08778195083141327,-0.24344110488891602,-0.1917565017938614
Estepa,356600300400193201,330040.6,5262427.5,3.14,0.00707847,0.014207301,0.15219980478286743,0.08322508633136749,-0.2038860321044922,-0.14613313972949982
Estepa,356600300400193208,330375.7,5262214.1,2.39,0.069732554,0.14456822,0.15211200714111328,0.07973293215036392,-0.2237999439239502,-0.18228031694889069
Estepa,356600300400193210,330471.5,5262152.9,2.73,0.012871351,0.02590987,0.15843766927719116,0.08755841851234436,-0.2040371596813202,-0.14552465081214905
Estepa,356600300400193211,330519.4,5262122.5,3.7,0.20923209,0.4695227,0.1625385284423828,0.08550208806991577,-0.22703984379768372,-0.17074652016162872
Estepa,356600300400193222,331046.0,5261785.9,3.18,0.109039664,0.23091565,0.15670479834079742,0.0883798748254776,-0.1828913390636444,-0.1155049130320549
Estepa,356600300400193223,331093.9,5261755.0,3.22,0.007852533,0.015767075,0.16755825281143188,0.09310708940029144,-0.19863654673099518,-0.12681834399700165
Estepa,356600300400193224,331141.8,5261724.3,2.24,0.05293582,0.1087779,0.17066816985607147,0.09796685725450516,-0.20219960808753967,-0.12131913751363754
Estepa,356600300400193228,331332.9,5261602.2,2.24,0.04583957,0.09384771,0.1646287441253662,0.0874941423535347,-0.20332345366477966,-0.1534748673439026
Estepa,356600300400193231,331476.3,5261510.7,2.54,0.020439941,0.04130361,0.1772257685661316,0.09472440183162689,-0.19078798592090607,-0.13689105212688446
Estepa,356600300400193232,331524.0,5261480.2,2.39,0.030965341,0.062910154,0.16541501879692078,0.08767231553792953,-0.20138414204120636,-0.15291233360767365
Estepa,356600300400193234,331619.6,5261419.1,2.09,0.020479966,0.04138533,0.15232285857200623,0.07797814160585403,-0.21072982251644135,-0.17072227597236633
Estepa,356600300400193239,331858.5,5261266.4,2.54,0.06691693,0.13852383,0.17699061334133148,0.0917423889040947,-0.2163577377796173,-0.1664380133152008
Estepa,356600300400193240,331906.3,5261235.9,2.13,0.018638443,0.03762878,0.14425843954086304,0.07649927586317062,-0.19516471028327942,-0.1567174196243286
Estepa,356600300400193243,332049.6,5261144.4,2.32,0.03170497,0.064437285,0.14987686276435852,0.07855438441038132,-0.20682531595230103,-0.17225691676139832
Estepa,356600300400193246,332193.2,5261052.7,2.32,0.0065020137,0.013046502,0.14959247410297394,0.08018515259027481,-0.19662515819072723,-0.14605645835399628
Estepa,356600300400193248,332288.6,5260991.9,3.44,0.01821499,0.03676597,0.15287458896636963,0.07864994555711746,-0.23718391358852386,-0.19587013125419617
Estepa,356600300400193249,332384.1,5260931.4,2.47,0.038305324,0.07811707,0.19073550403118134,0.09960038959980011,-0.23660291731357574,-0.1821334958076477
Estepa,356600300400193250,332431.9,5260901.0,2.28,0.056465425,0.116245754,0.18657028675079346,0.09072170406579971,-0.28110429644584656,-0.2113138735294342
Estepa,356600300400193251,332479.7,5260870.5,2.09,0.03231178,0.06569104,0.19600467383861542,0.12073945999145508,-0.2328869253396988,-0.18584229052066803
Estepa,356600300400193253,332575.6,5260809.2,3.59,0.12582295,0.26895142,0.1577814221382141,0.07749328762292862,-0.25113803148269653,-0.21222491562366486
Estepa,356600300400193256,332719.5,5260717.3,3.25,0.1554901,0.33800837,0.13816171884536743,0.06819066405296326,-0.21985545754432678,-0.19087335467338562
Estepa,356600300400193259,332863.3,5260625.5,2.2,0.0072859963,0.0146253565,0.15392370522022247,0.081995889544487,-0.22483962774276733,-0.18209820985794067
Estepa,356600300400193260,332911.2,5260595.0,2.47,0.010118303,0.020339718,0.1400088518857956,0.0740739032626152,-0.2119065374135971,-0.17020507156848907
Estepa,356600300400193261,332958.9,5260564.8,3.07,0.00859142,0.017257104,0.19553107023239136,0.10212473571300507,-0.21081382036209106,-0.16482479870319366
Estepa,356600300400193267,333246.5,5260381.7,2.13,0.0024530427,0.0049121147,0.15887540578842163,0.08710382878780365,-0.2580479383468628,-0.2093965709209442
Estepa,356600300400193271,333437.7,5260260.4,3.22,0.102953665,0.21729986,0.14384490251541138,0.07445982098579407,-0.21232877671718597,-0.1855977177619934
Estepa,356600300400193282,333964.5,5259925.1,2.24,0.044324443,0.09067433,0.12742400169372559,0.06273318827152252,-0.23988570272922516,-0.21147911250591278
Estepa,356600300400193283,334012.4,5259894.7,2.24,0.042589817,0.08704741,0.13567544519901276,0.06521684676408768,-0.2204400599002838,-0.20079867541790009
Estepa,356600500400192863,319608.3,5268043.2,2.65,0.014792192,0.029805485,0.6139035820960999,0.4060753583908081,0.14965738356113434,0.3637324869632721
Estepa,356600500400192864,319656.3,5268012.5,4.56,0.05604708,0.11535964,0.7214938998222351,0.45455142855644226,0.1875208020210266,0.42969810962677
Estepa,356600500400192873,320087.6,5267738.4,3.55,0.077039145,0.16034018,0.5585176944732666,0.3315625786781311,0.07871321588754654,0.2512226402759552
Estepa,356600500400192874,320135.5,5267707.9,3.07,0.0582816,0.12009979,0.7614641189575195,0.4377356469631195,0.2469840794801712,0.527784526348114
Estepa,356600500400192875,320183.5,5267677.3,4.26,0.018951196,0.038266327,0.332480788230896,0.2217891812324524,0.05097527056932449,0.19562265276908875
Estepa,356600500400192876,320231.3,5267647.0,4.98,0.07731767,0.16094384,0.414305180311203,0.25780636072158813,0.03811071440577507,0.1793811023235321
Estepa,356600500400192877,320279.2,5267616.6,5.27,0.101382844,0.21380222,0.3023894131183624,0.18213386833667755,-0.03772260248661041,0.06883302330970764
Estepa,356600500400192878,320327.2,5267586.0,4.79,0.1822927,0.40252304,0.29613417387008667,0.17638906836509705,-0.051075320690870285,0.07222476601600647
Estepa,356600500400192888,320806.3,5267281.3,2.5,0.046317052,0.09484913,0.259792685508728,0.1500820517539978,-0.11573699116706848,-0.007557883858680725
Estepa,356600500400192889,320854.2,5267250.8,2.32,0.039504983,0.08061378,0.43119728565216064,0.2550888955593109,-0.015951834619045258,0.11095131188631058
Estepa,356600500400192890,320902.1,5267220.3,2.09,0.023670802,0.047911197,0.4917525053024292,0.2889763414859772,0.04183824732899666,0.20377546548843384
Estepa,356600500400192891,320950.1,5267189.7,1.94,0.025846174,0.052372452,0.21376198530197144,0.1227206364274025,-0.08480196446180344,0.016182996332645416
Estepa,356600500400192892,320997.9,5267159.3,3.25,0.08300702,0.17331474,0.5777604579925537,0.31469595432281494,0.058721873909235,0.26743650436401367
Estepa,356600500400192893,321045.9,5267128.7,5.31,0.26667634,0.6203889,0.38861188292503357,0.2243124097585678,-0.03481182083487511,0.12027260661125183
Estepa,356600500400192894,321093.9,5267097.9,5.13,0.16905625,0.37040433,0.229802206158638,0.12744957208633423,-0.12333181500434875,-0.041401129215955734
Estepa,356600500400192895,321142.0,5267067.2,4.19,0.06526913,0.13499555,0.2319018840789795,0.12877890467643738,-0.09891372919082642,-0.021718839183449745
Estepa,356600500400192896,321189.9,5267036.7,3.7,0.035810985,0.07293653,0.209690123796463,0.11892441660165787,-0.11699187755584717,-0.043016061186790466
Estepa,356600500400192897,321237.7,5267006.2,2.8,0.033888478,0.0689526,0.3254258632659912,0.18168534338474274,-0.0947476252913475,0.004227456171065569
Estepa,356600500400192906,321670.9,5266728.4,4.19,0.070228785,0.14563614,0.24987833201885223,0.14059105515480042,-0.14610618352890015,-0.012499983422458172
Estepa,356600500400192907,321718.9,5266697.6,2.88,0.048599772,0.09964216,0.22017428278923035,0.12083812803030014,-0.14741985499858856,-0.028234323486685753
Estepa,356600500400192910,321861.4,5266607.3,6.55,0.13965975,0.30086637,0.3437187671661377,0.20576635003089905,-0.06863733381032944,0.09956935793161392
Estepa,356600500400192911,321909.2,5266576.8,3.22,0.033817787,0.06880627,0.6498631238937378,0.37907543778419495,0.07129435986280441,0.30559664964675903
Estepa,356600500400192912,321957.1,5266546.0,2.5,0.057874955,0.11923633,0.6247307658195496,0.4322760999202728,0.14818575978279114,0.39895766973495483
Estepa,356600500400192917,322198.5,5266390.4,3.51,0.046484966,0.09520131,0.2202214151620865,0.1376470923423767,-0.14440809190273285,-0.006789083126932383
Estepa,356600500400192918,322246.6,5266359.5,3.48,0.12763706,0.27310908,0.25262248516082764,0.142373189330101,-0.1721889227628708,-0.05230269208550453
Estepa,356600500400192919,322294.7,5266328.7,2.13,0.047965664,0.09830957,0.25571122765541077,0.1444324105978012,-0.1559550017118454,-0.05430729687213898
Estepa,356600500400192928,322727.3,5266051.1,4.0,0.03086938,0.062712245,0.23522032797336578,0.13192962110042572,-0.13347798585891724,-0.04506876692175865
Estepa,356600500400192931,322871.3,5265959.0,2.28,0.072704904,0.15096974,0.23610033094882965,0.12732914090156555,-0.16249911487102509,-0.0676056370139122
Estepa,356600500400192932,322919.3,5265928.3,2.54,0.072190575,0.1498607,0.2425788789987564,0.12929417192935944,-0.15650296211242676,-0.06378882378339767
Estepa,356600500400192933,322967.3,5265897.7,4.68,0.10643212,0.22507243,0.20795153081417084,0.11875086277723312,-0.14714185893535614,-0.06919550895690918
Estepa,356600500400192934,323015.2,5265867.1,4.68,0.14550197,0.31449503,0.2121286392211914,0.11675629019737244,-0.16244561970233917,-0.08152414858341217
Estepa,356600500400192935,323063.1,5265836.6,4.41,0.08376606,0.174971,0.25582292675971985,0.1506376564502716,-0.11536546796560287,-0.00704276142641902
Estepa,356600500400192936,323110.8,5265806.2,3.33,0.07798416,0.1623891,0.30593860149383545,0.16989371180534363,-0.13544392585754395,-0.005891063250601292
Estepa,356600500400192937,323158.8,5265775.6,4.98,0.16346624,0.3569935,0.3057764768600464,0.1610409915447235,-0.12729279696941376,-0.006265849340707064
Estepa,356600500400192951,323826.9,5265351.8,5.05,0.0964899,0.20294122,0.5159099102020264,0.3031157851219177,0.08260346949100494,0.24921046197414398
Estepa,356600500400192952,323874.6,5265321.6,4.56,0.087432064,0.18298975,0.4804355204105377,0.2905057966709137,0.07736972719430923,0.22845786809921265
Estepa,356600500400192953,323922.3,5265291.3,4.64,0.19416364,0.43177387,0.41479748487472534,0.25507983565330505,0.029510868713259697,0.19041745364665985
Estepa,356600500400192954,323970.3,5265260.7,3.59,0.047298905,0.09690932,0.3514251112937927,0.21549612283706665,0.044310566037893295,0.18504950404167175
Estepa,356600500400192959,324209.5,5265108.5,4.11,0.026401144,0.05351218,0.3654170036315918,0.2237997055053711,0.02403632365167141,0.14391033351421356
Estepa,356600500400192960,324257.1,5265078.3,3.89,0.054545622,0.11218087,0.5028331875801086,0.3064565062522888,0.0537782721221447,0.1988508105278015
Estepa,356600500400192961,324305.2,5265047.4,3.37,0.020781854,0.04200189,0.30098116397857666,0.16894178092479706,-0.048058874905109406,0.07844223082065582
Estepa,356600500400192962,324353.0,5265017.1,3.93,0.018846916,0.038053744,0.34915006160736084,0.19880850613117218,-0.007149894256144762,0.11886121332645416
Estepa,356600500400192963,324400.9,5264986.4,2.88,0.010792399,0.021702176,0.3632812201976776,0.21677224338054657,-0.01689622551202774,0.12469656020402908
Estepa,356600500400192964,324448.7,5264956.1,3.25,0.032909703,0.06692738,0.42954203486442566,0.2675834596157074,0.01567595638334751,0.147260844707489
Estepa,356600500400192965,324496.5,5264925.7,2.8,0.021911789,0.044311076,0.38935038447380066,0.22260215878486633,-0.0058914665132761,0.12570497393608093
Estepa,356600500400192966,324544.4,5264895.1,3.1,0.047179595,0.09665886,0.3652929961681366,0.2176188826560974,-0.017699964344501495,0.10607638955116272
Estepa,356600500400192967,324592.1,5264864.8,4.23,0.16576755,0.36250362,0.4320443868637085,0.25937288999557495,0.010620889253914356,0.1453661173582077
Estepa,356600500400192968,324639.9,5264834.4,2.28,0.018277846,0.036894068,0.40867018699645996,0.23898935317993164,-0.05025528371334076,0.08531680703163147
Estepa,356600500400192969,324687.8,5264803.7,2.99,0.03315852,0.06744202,0.32343408465385437,0.1739124059677124,-0.10884124040603638,0.016546066850423813
Estepa,356600500400192970,324736.0,5264772.8,4.08,0.02017502,0.040762834,0.39347895979881287,0.22176118195056915,-0.05235850438475609,0.0638449490070343
Estepa,356600500400192971,324783.9,5264742.1,2.17,0.023129443,0.04680252,0.35099178552627563,0.20157022774219513,-0.08288054168224335,0.028566870838403702
Estepa,356600500400192972,324831.7,5264711.7,4.45,0.17050597,0.37389708,0.26634374260902405,0.14700670540332794,-0.06398674100637436,0.04165627434849739
Estepa,356600500400192973,324879.8,5264680.8,2.5,0.048372604,0.09916466,0.310428261756897,0.18378277122974396,-0.05370299890637398,0.0536433607339859
Estepa,356600500400192974,324927.8,5264650.2,2.43,0.056230824,0.11574901,0.36597755551338196,0.2319357693195343,-0.056926846504211426,0.06081252545118332
Estepa,356600500400192975,324975.8,5264619.3,3.89,0.15322681,0.3326592,0.2626619040966034,0.17218676209449768,-0.06613859534263611,0.034807413816452026
Estepa,356600500400192976,325024.0,5264588.3,5.13,0.2338891,0.532895,0.21875177323818207,0.14983214437961578,-0.0637693703174591,0.022545944899320602
Estepa,356600500400192977,325072.2,5264557.3,5.99,0.30273387,0.7212488,0.21156944334506989,0.14911311864852905,-0.09711870551109314,-0.009478496387600899
Estepa,356600500400192978,325120.4,5264526.4,3.07,0.07594059,0.15796097,0.2587188482284546,0.16010838747024536,-0.13365130126476288,-0.0358416810631752
Estepa,356600500400192979,325168.6,5264495.3,6.47,0.34622315,0.85008144,0.1946268379688263,0.1328393816947937,-0.10827740281820297,-0.023032672703266144
Estepa,356600500400192980,325216.8,5264464.3,2.88,0.083963126,0.17540123,0.18374936282634735,0.12138387560844421,-0.13802635669708252,-0.0583840012550354
Estepa,356600500400192981,325264.8,5264433.5,5.8,0.22335696,0.5055832,0.2297382354736328,0.14238709211349487,-0.1578785628080368,-0.07181570678949356
Estepa,356600500400192982,325312.9,5264402.5,2.77,0.084014885,0.17551424,0.20420806109905243,0.13350333273410797,-0.12781646847724915,-0.03628389164805412
Estepa,356600500400192983,325361.1,5264371.6,2.24,0.01780472,0.03593042,0.1687774509191513,0.12050528079271317,-0.1095682680606842,-0.02315271832048893
Estepa,356600500400192984,325409.1,5264340.8,3.48,0.15419793,0.33495444,0.24787753820419312,0.15358306467533112,-0.13813339173793793,-0.04364905133843422
Estepa,356600500400192985,325457.3,5264309.8,7.6,0.27721816,0.6493538,0.16297513246536255,0.12172791361808777,0.002974810777232051,0.10210992395877838
Estepa,356600500400192986,325505.5,5264278.7,2.35,0.04250228,0.08686482,0.18597838282585144,0.12828248739242554,-0.05278081074357033,0.028833184391260147
Estepa,356600500400192987,325553.4,5264248.1,3.7,0.015013643,0.03025509,0.21203356981277466,0.1360667645931244,-0.05330291762948036,0.03886319696903229
Estepa,356600500400192988,325601.2,5264217.6,3.1,0.011263461,0.022654813,0.23281878232955933,0.144535630941391,-0.016442276537418365,0.07930482178926468
Estepa,356600500400192989,325649.2,5264186.9,3.59,0.12750925,0.27281606,0.14400891959667206,0.09760899096727371,-0.0037463009357452393,0.07469586282968521
Estepa,356600500400192990,325697.1,5264156.2,2.39,0.02005505,0.040517967,0.17768850922584534,0.11525438725948334,-0.01988198421895504,0.04609271138906479
Estepa,356600500400192991,325744.8,5264125.9,2.84,0.036841005,0.07507426,0.18074391782283783,0.11635345965623856,-0.006540538743138313,0.07970469444990158
Estepa,356600500400192992,325792.5,5264095.5,3.07,0.03540034,0.07208489,0.18127259612083435,0.1179804652929306,-0.04165522754192352,0.037707433104515076
Estepa,356600500400192993,325840.2,5264065.2,2.39,0.007996525,0.016057368,0.1803814172744751,0.11466671526432037,-0.07384074479341507,0.013018475845456123
Estepa,356600500400192994,325887.7,5264035.0,3.59,0.036085792,0.07350664,0.19730466604232788,0.13511499762535095,-0.03495096042752266,0.052632879465818405
Estepa,356600500400192996,325982.9,5263974.6,3.03,0.056173097,0.11562667,0.19642628729343414,0.13385950028896332,-0.1155005544424057,-0.0059349145740270615
Estepa,356600500400192997,326030.6,5263944.3,3.07,0.01294625,0.026061649,0.18699923157691956,0.12754124402999878,-0.09854349493980408,0.005019982345402241
Estepa,356600500400192998,326078.1,5263914.2,4.6,0.1533134,0.33286375,0.17393925786018372,0.11283588409423828,-0.09367593377828598,-0.0004960180958732963
Estepa,356600500400192999,326125.8,5263883.9,2.32,0.02041487,0.04125248,0.2077307254076004,0.13649243116378784,-0.0917947068810463,0.011527875438332558
Estepa,356600500400193000,326173.6,5263853.6,2.65,0.051042758,0.10478445,0.24584372341632843,0.14717692136764526,-0.1603105664253235,-0.044112395495176315
Estepa,356600500400193001,326221.3,5263823.3,2.73,0.018767871,0.037892625,0.19614173471927643,0.12490609288215637,-0.14518894255161285,-0.04639027267694473
Estepa,356600500400193010,326649.0,5263553.2,3.93,0.07445024,0.1547378,0.36069074273109436,0.2038220465183258,-0.07619655132293701,0.04160819947719574
Estepa,356600500400193011,326696.9,5263522.8,6.14,0.285491,0.6723818,0.2494111806154251,0.15041862428188324,-0.12153474241495132,-0.03218541666865349
Estepa,356600500400193012,326744.7,5263492.5,4.83,0.21469618,0.4834005,0.3388392925262451,0.19400006532669067,-0.09520231187343597,0.015786055475473404
Estepa,356600500400193013,326792.6,5263462.0,7.9,0.45881015,1.2282008,0.3454836308956146,0.2039862424135208,-0.10559478402137756,0.014920022338628769
Estepa,356600500400193014,326840.5,5263431.5,2.84,0.09448268,0.19850278,0.24792014062404633,0.1410927027463913,-0.16743573546409607,-0.07935240864753723
Estepa,356600500400193015,326888.5,5263401.0,5.2,0.24963698,0.57444113,0.5142980813980103,0.2902754545211792,0.013459787704050541,0.18154793977737427
Estepa,356600500400193016,326936.4,5263370.5,4.23,0.11618627,0.24702574,0.5746973752975464,0.32638978958129883,0.04926467314362526,0.22185079753398895
Estepa,356600500400193017,326984.4,5263340.0,2.84,0.07635796,0.15886456,0.5332159399986267,0.3139212727546692,-0.011849585920572281,0.14666181802749634
Estepa,356600500400193018,327032.3,5263309.5,2.09,0.03211325,0.065280914,0.21275106072425842,0.11393000185489655,-0.2517671287059784,-0.17957551777362823
Estepa,356600500400193019,327080.3,5263279.0,3.25,0.120864496,0.25764102,0.19787010550498962,0.10543276369571686,-0.23783421516418457,-0.16840636730194092
Estepa,356600500400193020,327128.3,5263248.4,2.05,0.036322176,0.07399718,0.1237029880285263,0.06854031980037689,-0.1747720092535019,-0.12032805383205414
Estepa,356600500400193021,327176.2,5263217.9,1.94,0.01921863,0.0388116,0.1441541463136673,0.08023520559072495,-0.15915699303150177,-0.10677172988653183
Estepa,356600500400193022,327224.1,5263187.5,2.62,0.106453404,0.22512008,0.10555676370859146,0.06422236561775208,-0.10498816519975662,-0.045288052409887314
Estepa,356600500400193023,327272.0,5263157.0,2.24,0.06866085,0.14226611,0.1112397238612175,0.06771019846200943,-0.1078648641705513,-0.05450958386063576
Estepa,356600500400193024,327320.0,5263126.4,2.17,0.02532836,0.051309615,0.21231487393379211,0.11911152303218842,-0.19328457117080688,-0.12053476274013519
Estepa,356600500400193025,327367.9,5263095.9,2.05,0.029524105,0.059937876,0.16339047253131866,0.09783092141151428,-0.15624675154685974,-0.09251504391431808
Estepa,356600500400193026,327415.9,5263065.4,2.58,0.0801461,0.16708438,0.1810462325811386,0.09858904778957367,-0.21431691944599152,-0.12900248169898987
Estepa,356600500400193027,327463.9,5263034.7,4.68,0.15927437,0.34699556,0.1885886937379837,0.09635083377361298,-0.2607380449771881,-0.19837909936904907
Estepa,356600500400193028,327512.2,5263003.7,5.95,0.24634585,0.5656868,0.15649665892124176,0.08173751085996628,-0.2236490249633789,-0.1707075983285904
Estepa,356600500400193029,327560.3,5262972.8,4.38,0.104202256,0.22008744,0.19798384606838226,0.09984099119901657,-0.24621494114398956,-0.17680048942565918
Estepa,356600500400193030,327608.4,5262942.1,5.39,0.22121046,0.50006247,0.21515339612960815,0.11435764282941818,-0.20954757928848267,-0.14097924530506134
Estepa,356600500400193031,327656.5,5262911.3,2.13,0.028355032,0.057530012,0.16459181904792786,0.08239495009183884,-0.20561617612838745,-0.1650579571723938
Estepa,356600500400193032,327704.3,5262880.9,2.62,0.04011438,0.08188313,0.19059424102306366,0.09266075491905212,-0.22015158832073212,-0.17583626508712769
Estepa,356600500400193033,327752.1,5262850.5,3.22,0.10338838,0.21827105,0.24083662033081055,0.12298577278852463,-0.2157333642244339,-0.1422891467809677
Estepa,356600500400193034,327800.1,5262819.8,2.24,0.03293857,0.066987075,0.1820400506258011,0.09129675477743149,-0.22967417538166046,-0.17847590148448944
Estepa,356600500400193035,327848.0,5262789.3,2.24,0.03750751,0.07645876,0.20166704058647156,0.10235345363616943,-0.21862593293190002,-0.16897374391555786
Estepa,356600500400193036,327895.8,5262758.8,2.05,0.016244791,0.032756504,0.20150026679039001,0.09905938804149628,-0.2585909366607666,-0.20421087741851807
Estepa,356600500400193037,327943.7,5262728.3,2.39,0.0487393,0.099935494,0.2205287516117096,0.11615785956382751,-0.19817909598350525,-0.1411571502685547
Estepa,356600500400193038,327991.6,5262697.6,2.58,0.045380384,0.09288573,0.1950238198041916,0.10060407221317291,-0.23200276494026184,-0.18120817840099335
Estepa,356600500400193039,328039.5,5262667.2,2.05,0.020629417,0.04169057,0.19148117303848267,0.09866321086883545,-0.2361706644296646,-0.18971869349479675
Estepa,356600500400193040,328087.4,5262636.5,2.62,0.09860588,0.20763089,0.18417729437351227,0.09487641602754593,-0.21175912022590637,-0.16862718760967255
Estepa,356600500400193041,328135.4,5262605.8,2.43,0.05207248,0.1069559,0.1704961210489273,0.09334669262170792,-0.17573684453964233,-0.1115085706114769
Estepa,356600500400193042,328183.3,5262575.1,2.13,0.0347123,0.070658796,0.17020252346992493,0.09268410503864288,-0.1931820958852768,-0.1235957145690918
Estepa,356600500400193043,328231.2,5262544.5,2.05,0.018783914,0.037925325,0.17862504720687866,0.09633944928646088,-0.19420212507247925,-0.13796815276145935
Estepa,356600500400193044,328279.0,5262514.0,2.13,0.047902487,0.098176844,0.18035471439361572,0.0949774757027626,-0.2019842118024826,-0.15357239544391632
Estepa,356600500400193045,328326.8,5262483.5,2.17,0.026215184,0.053130206,0.18553997576236725,0.09894812107086182,-0.19490288197994232,-0.1413664072751999
Estepa,356600500400193046,328374.6,5262453.0,2.05,0.026233122,0.05316705,0.18319272994995117,0.09737595170736313,-0.2004270851612091,-0.15495528280735016
Estepa,356600500400193047,328422.4,5262422.5,1.98,0.030691076,0.062344305,0.17209744453430176,0.0909745842218399,-0.1883859634399414,-0.1476789265871048
Estepa,356600500400193048,328470.2,5262391.9,1.94,0.036647245,0.07467195,0.17497630417346954,0.10241499543190002,-0.20718468725681305,-0.15950413048267365
Estepa,356600500400193049,328518.0,5262361.3,1.9,0.016449114,0.033171944,0.1482839435338974,0.09602946043014526,-0.23603306710720062,-0.2090662121772766
Estepa,356600500400193050,328565.9,5262330.7,1.98,0.03688756,0.075170934,0.12909048795700073,0.08526850491762161,-0.24161604046821594,-0.22130827605724335
Estepa,356600500400193051,328613.7,5262300.1,3.07,0.096202604,0.20230535,0.15993283689022064,0.10798145830631256,-0.20325082540512085,-0.16390642523765564
Estepa,356600500400193052,328661.8,5262269.2,3.93,0.14857814,0.32170856,0.16161005198955536,0.08601655811071396,-0.2506798505783081,-0.20446231961250305
Estepa,356600500400193053,328709.8,5262238.4,3.89,0.07415005,0.15408918,0.16078752279281616,0.08247895538806915,-0.2228533923625946,-0.17955142259597778
Estepa,356600500400193054,328757.7,5262207.6,3.4,0.05893674,0.121491686,0.1658431887626648,0.08707031607627869,-0.22720251977443695,-0.17673516273498535
Estepa,356600500400193055,328805.6,5262176.9,2.09,0.025088582,0.050817654,0.15416206419467926,0.08597780764102936,-0.19903385639190674,-0.14419232308864594
Estepa,356600500400193056,328853.3,5262146.5,2.24,0.05136583,0.10546549,0.17088501155376434,0.09055741876363754,-0.21077638864517212,-0.15717515349388123
Estepa,356600500400193057,328901.1,5262115.9,1.98,0.0187317,0.0378189,0.15475505590438843,0.08099276572465897,-0.20265278220176697,-0.16895228624343872
Estepa,356600500400193058,328948.9,5262085.3,2.13,0.027276397,0.055310987,0.1534772664308548,0.08268297463655472,-0.1966535449028015,-0.1538933515548706
Estepa,356600500400193059,328996.8,5262054.5,3.14,0.07864697,0.1638274,0.1933259814977646,0.09452741593122482,-0.2375441938638687,-0.1875881403684616
Estepa,356600500400193060,329044.9,5262023.6,2.88,0.041204426,0.08415567,0.15416520833969116,0.08794388175010681,-0.1725514978170395,-0.0966460108757019
Estepa,356600500400193061,329092.8,5261992.9,2.02,0.0132387765,0.026654469,0.17651885747909546,0.09968746453523636,-0.19701862335205078,-0.1304745376110077
Estepa,356600500400193062,329140.6,5261962.3,1.94,0.019612316,0.039614573,0.17852279543876648,0.0920359417796135,-0.22874444723129272,-0.17796970903873444
Estepa,356600500400193063,329188.5,5261931.6,2.39,0.07062027,0.14647846,0.1854037046432495,0.09078866988420486,-0.23558849096298218,-0.17664459347724915
Estepa,356600500400193064,329236.3,5261901.0,2.58,0.013511672,0.027207661,0.17439864575862885,0.09629999101161957,-0.19900549948215485,-0.1351996511220932
Estepa,356600500400193065,329283.9,5261870.7,2.32,0.023640977,0.047850102,0.20676212012767792,0.10275716334581375,-0.23952201008796692,-0.14711396396160126
Estepa,356600500400193066,329331.7,5261840.2,1.94,0.018176647,0.03668791,0.19837361574172974,0.12132968008518219,-0.21529556810855865,-0.1473984569311142
Estepa,356600500400193067,329379.6,5261809.4,5.42,0.20938885,0.46992755,0.1759447604417801,0.09274864941835403,-0.2432946115732193,-0.1574845016002655
Estepa,356600500400193068,329427.8,5261778.4,2.02,0.015730798,0.031711806,0.17019504308700562,0.09521155804395676,-0.17701087892055511,-0.10602449625730515
Estepa,356600500400193069,329475.5,5261747.9,2.28,0.01900128,0.038368434,0.18964093923568726,0.0992693156003952,-0.21901650726795197,-0.1563558727502823
Estepa,356600500400193070,329523.3,5261717.4,2.17,0.032116774,0.0652882,0.20443633198738098,0.10482427477836609,-0.21795065701007843,-0.15730571746826172
Estepa,356600500400193071,329571.1,5261686.9,2.35,0.061906833,0.12781407,0.16996318101882935,0.09431910514831543,-0.17073100805282593,-0.11519793421030045
Estepa,356600500400193072,329618.9,5261656.3,2.24,0.033548724,0.068249375,0.17659467458724976,0.09727420657873154,-0.20429566502571106,-0.14542528986930847
Estepa,356600500400193073,329666.8,5261625.7,2.17,0.041940298,0.08569128,0.17347654700279236,0.09034187346696854,-0.21279758214950562,-0.15609979629516602
Estepa,356600500400193074,329714.7,5261595.1,2.2,0.046440966,0.095109016,0.17823246121406555,0.09372703731060028,-0.21509352326393127,-0.1590273380279541
Estepa,356600500400193075,329762.6,5261564.5,2.32,0.04520114,0.09251023,0.16308945417404175,0.0896078497171402,-0.19917608797550201,-0.13851819932460785
Estepa,356600500400193076,329810.5,5261533.9,2.17,0.019215839,0.038805913,0.16325359046459198,0.08942738175392151,-0.20288938283920288,-0.1408640295267105
Estepa,356600500400193077,329858.4,5261503.3,2.28,0.04768608,0.09772231,0.17468412220478058,0.09934690594673157,-0.17351387441158295,-0.11015181988477707
Estepa,356600500400193078,329906.2,5261472.9,2.05,0.028049992,0.05690222,0.1734316498041153,0.09049364924430847,-0.21790717542171478,-0.16073910892009735
Estepa,356600500400193079,329954.0,5261442.3,2.02,0.04266979,0.08721476,0.18536001443862915,0.09486229717731476,-0.22288662195205688,-0.1713230460882187
Estepa,356600500400193080,330001.8,5261411.9,2.65,0.064282075,0.13288465,0.21203982830047607,0.10543078929185867,-0.23566365242004395,-0.17765763401985168
Estepa,356600500400193081,330049.6,5261381.5,2.17,0.035703406,0.07271338,0.20973354578018188,0.10614234954118729,-0.21700233221054077,-0.1522694230079651
Estepa,356600500400193082,330097.5,5261351.0,2.28,0.012203334,0.024556886,0.1960984766483307,0.10124900937080383,-0.22809232771396637,-0.16667914390563965
Estepa,356600500400193083,330145.4,5261320.4,2.13,0.055997252,0.115254074,0.20056001842021942,0.10327654331922531,-0.21824204921722412,-0.15369340777397156
Estepa,356600500400193084,330193.3,5261289.9,2.13,0.015793556,0.031839333,0.1778291016817093,0.10146137326955795,-0.1840377300977707,-0.11655709147453308
Estepa,356600500400193085,330241.0,5261259.6,2.32,0.028875735,0.058602113,0.190145343542099,0.09653417766094208,-0.24486082792282104,-0.18074308335781097
Estepa,356600500400193086,330288.9,5261229.1,2.13,0.039626308,0.08086643,0.18184417486190796,0.09770805388689041,-0.2122892141342163,-0.16117256879806519
Estepa,356600500400193087,330336.7,5261198.7,2.13,0.026270943,0.05324473,0.16856980323791504,0.09178698807954788,-0.20209112763404846,-0.1612522453069687
Estepa,356600500400193088,330384.6,5261168.2,2.43,0.09182477,0.19264059,0.17987315356731415,0.09634266793727875,-0.19874781370162964,-0.1416856348514557
Estepa,356600500400193089,330432.5,5261137.7,2.2,0.026525611,0.053767886,0.16567881405353546,0.0888606533408165,-0.2007177323102951,-0.14749188721179962
Estepa,356600500400193090,330480.2,5261107.4,2.2,0.011577898,0.023290955,0.22606052458286285,0.1176377534866333,-0.2077764868736267,-0.14818301796913147
Estepa,356600500400193091,330528.1,5261077.0,2.54,0.05078893,0.104249544,0.16795121133327484,0.09153100848197937,-0.1916048377752304,-0.1374954730272293
Estepa,356600500400193092,330575.9,5261046.6,2.17,0.008663553,0.017402636,0.16637948155403137,0.08398202061653137,-0.2243916392326355,-0.178225576877594
Estepa,356600500400193093,330623.7,5261016.2,1.98,0.041831683,0.08546455,0.18119770288467407,0.08522965013980865,-0.2481575608253479,-0.2064785361289978
Estepa,356600500400193094,330671.6,5260985.7,2.43,0.05914966,0.12194426,0.16542387008666992,0.08826938271522522,-0.20134955644607544,-0.1542305052280426
Estepa,356600500400193095,330719.6,5260955.0,2.32,0.06483825,0.13407381,0.1452440619468689,0.07903482019901276,-0.1898595690727234,-0.14494656026363373
Estepa,356600500400193096,330767.6,5260924.4,2.13,0.036175314,0.073692404,0.15661191940307617,0.08394046872854233,-0.2047698199748993,-0.15263833105564117
Estepa,356600500400193097,330815.6,5260893.8,1.98,0.027969226,0.056736033,0.1674145758152008,0.08697699010372162,-0.2246646285057068,-0.1707940697669983
Estepa,356600500400193098,330863.5,5260863.3,1.98,0.025967875,0.052622333,0.17655719816684723,0.08682742714881897,-0.25257667899131775,-0.19503706693649292
Estepa,356600500400193099,330911.4,5260832.9,2.05,0.022297993,0.045100957,0.1641271412372589,0.08512327075004578,-0.21197667717933655,-0.15498721599578857
Estepa,356600500400193100,330959.2,5260802.5,2.47,0.031970803,0.06498659,0.16154755651950836,0.08076295256614685,-0.2333754450082779,-0.18345868587493896
Estepa,356600500400193101,331006.9,5260772.2,2.24,0.017278476,0.034859132,0.16704998910427094,0.08267351984977722,-0.22443760931491852,-0.17551104724407196
Estepa,356600500400193102,331054.7,5260741.7,2.2,0.036838096,0.07506822,0.21901972591876984,0.11475271731615067,-0.2229171097278595,-0.16021648049354553
Estepa,356600500400193103,331102.6,5260711.3,2.32,0.06519723,0.13484171,0.17036263644695282,0.09094452857971191,-0.2041335105895996,-0.1603364497423172
Estepa,356600500400193104,331150.5,5260680.8,2.05,0.043912657,0.089813024,0.1527976393699646,0.07873618602752686,-0.19650322198867798,-0.1512753665447235
Estepa,356600500400193105,331198.5,5260650.2,2.09,0.04056358,0.08281931,0.1380353569984436,0.0726940855383873,-0.19609956443309784,-0.15992826223373413
Estepa,356600500400193106,331246.4,5260619.6,2.05,0.046638586,0.09552356,0.15213274955749512,0.0779804140329361,-0.20870129764080048,-0.1723722517490387
Estepa,356600500400193107,331294.4,5260589.0,1.98,0.008321139,0.016711941,0.1395522952079773,0.07282508164644241,-0.2060907483100891,-0.16918431222438812
Estepa,356600500400193108,331342.3,5260558.4,1.94,0.014772284,0.029765071,0.15874126553535461,0.08202633261680603,-0.21165038645267487,-0.17491000890731812
Estepa,356600500400193109,331390.2,5260527.9,2.02,0.011837413,0.023816137,0.1587914526462555,0.08190742135047913,-0.21898163855075836,-0.17915841937065125
Estepa,356600500400193110,331438.0,5260497.5,2.24,0.028769765,0.05838388,0.14269204437732697,0.07377118617296219,-0.22039641439914703,-0.18318596482276917
Estepa,356600500400193111,331485.8,5260467.1,2.13,0.002719826,0.005447067,0.13259251415729523,0.06976781785488129,-0.198905810713768,-0.16449283063411713
Estepa,356600500400193112,331533.7,5260436.6,1.94,0.037039734,0.075486965,0.1316237449645996,0.07033997029066086,-0.18704956769943237,-0.160723477602005
Estepa,356600500400193113,331581.5,5260406.1,1.98,0.01759332,0.0355,0.14087560772895813,0.07502000778913498,-0.20420382916927338,-0.17223738133907318
Estepa,356600500400193114,331629.4,5260375.7,2.09,0.025196562,0.05103918,0.1623799204826355,0.08006922900676727,-0.2409517467021942,-0.2056020349264145
Estepa,356600500400193115,331677.2,5260345.2,2.13,0.030822262,0.06261501,0.15223398804664612,0.0760403648018837,-0.20780086517333984,-0.17774538695812225
Estepa,356600500400193116,331725.1,5260314.7,2.13,0.046301242,0.09481598,0.14770928025245667,0.07700891047716141,-0.19987764954566956,-0.17544648051261902
Estepa,356600500400193117,331772.9,5260284.2,2.05,0.029461017,0.059807867,0.1409335881471634,0.07330408692359924,-0.204963818192482,-0.18893657624721527
Estepa,356600500400193118,331820.8,5260253.6,1.98,0.036933232,0.07526578,0.13825322687625885,0.07058794796466827,-0.2220773994922638,-0.20183420181274414
Estepa,356600500400193119,331868.7,5260223.1,1.98,0.026380213,0.05346918,0.1411675065755844,0.07306094467639923,-0.21445375680923462,-0.19042731821537018
Estepa,356600500400193120,331916.6,5260192.5,1.98,0.04482059,0.091713235,0.15439224243164062,0.07988570630550385,-0.21077381074428558,-0.1781507134437561
Estepa,356600500400193121,331964.5,5260161.9,2.02,0.01217084,0.024491096,0.13417378067970276,0.06817904114723206,-0.22853133082389832,-0.19415497779846191
Estepa,356600500400193122,332012.4,5260131.4,2.09,0.02874707,0.05833715,0.13798286020755768,0.06719490140676498,-0.24409818649291992,-0.21172776818275452
Estepa,356600500400193123,332060.2,5260101.0,2.02,0.022912271,0.04635794,0.1365973949432373,0.07017454504966736,-0.20625320076942444,-0.1819867491722107
Estepa,356600500400193124,332108.0,5260070.5,2.02,0.035523638,0.07234056,0.17173095047473907,0.08260935544967651,-0.2314317524433136,-0.20054537057876587
Estepa,356600500400193125,332155.8,5260040.0,2.02,0.020187763,0.040788848,0.16610023379325867,0.07943752408027649,-0.2342495322227478,-0.2008664906024933
Estepa,356600500400193126,332203.7,5260009.4,1.98,0.013703195,0.027595995,0.16023893654346466,0.07930513471364975,-0.21515502035617828,-0.1822167932987213
Estepa,356600500400193127,332251.5,5259978.9,2.09,0.019566441,0.03952099,0.1582668572664261,0.07755890488624573,-0.23165059089660645,-0.20229586958885193
Estepa,356600500400193128,332299.3,5259948.4,2.17,0.021369245,0.043201976,0.17330056428909302,0.0831611305475235,-0.2227030098438263,-0.18833863735198975
Estepa,356600500400193129,332347.1,5259918.0,2.17,0.010128833,0.020361008,0.190231591463089,0.08857058733701706,-0.2326795756816864,-0.19485750794410706
Estepa,356600500400193130,332394.9,5259887.5,2.17,0.01428173,0.028769495,0.16097533702850342,0.07833971083164215,-0.2251247614622116,-0.19430845975875854
Estepa,356600500400193131,332442.6,5259857.1,2.65,0.01852883,0.037405454,0.19464582204818726,0.09365776926279068,-0.2101304978132248,-0.16970735788345337
Estepa,356600500400193132,332490.3,5259826.7,2.39,0.060750183,0.12534955,0.16518554091453552,0.07830137014389038,-0.2280244529247284,-0.19281993806362152
Estepa,356600500400193133,332538.1,5259796.2,2.13,0.033567287,0.06828778,0.19902734458446503,0.09198149293661118,-0.23613908886909485,-0.19699543714523315
Estepa,356600500400193134,332586.0,5259765.6,2.17,0.05005051,0.10269425,0.19649922847747803,0.09730267524719238,-0.21855241060256958,-0.1741873025894165
Estepa,356600500400193135,332633.8,5259735.0,2.13,0.016158791,0.03258167,0.14572297036647797,0.07270721346139908,-0.21895986795425415,-0.19355879724025726
Estepa,356600500400193136,332681.7,5259704.5,1.98,0.05110749,0.10492089,0.13196878135204315,0.0665632113814354,-0.2135654091835022,-0.19400444626808167
Estepa,356600500400193137,332729.5,5259673.9,2.02,0.03335152,0.06784131,0.13402488827705383,0.07080835849046707,-0.20924395322799683,-0.18879836797714233
Estepa,356600500400193138,332777.4,5259643.3,1.98,0.024403928,0.04941358,0.1275903582572937,0.06881213933229446,-0.1944817304611206,-0.16979296505451202
Estepa,356600500400193139,332825.4,5259612.6,2.35,0.04860773,0.099658884,0.11694303900003433,0.05981322005391121,-0.20076166093349457,-0.1801794469356537
Estepa,356600500400193140,332873.4,5259581.9,2.65,0.06227574,0.12860076,0.10124511271715164,0.05051940679550171,-0.2006937861442566,-0.18048495054244995
Estepa,356600500400193141,332921.4,5259551.1,2.43,0.08559284,0.17896274,0.1420120745897293,0.07000181078910828,-0.20880012214183807,-0.18170107901096344
Estepa,356600500400193142,332969.3,5259520.4,2.05,0.036397837,0.07415421,0.14598281681537628,0.0722278505563736,-0.2219293713569641,-0.19282838702201843
Estepa,356600500400193143,333017.0,5259490.0,2.32,0.031574905,0.06416879,0.13994117081165314,0.06349766254425049,-0.2448190599679947,-0.2232535481452942
Estepa,356600500400193144,333064.8,5259459.5,2.13,0.04394237,0.089875184,0.1315532773733139,0.06450609117746353,-0.22746819257736206,-0.2081318497657776
Estepa,356600500400193145,333112.6,5259429.0,1.98,0.00791254,0.015888052,0.18788917362689972,0.08553481101989746,-0.22797423601150513,-0.19233107566833496
Estepa,356600500400193146,333160.5,5259398.5,2.05,0.023715753,0.048003282,0.18276214599609375,0.08231356739997864,-0.22641025483608246,-0.1926485151052475
Estepa,356600500400193147,333208.2,5259368.0,2.28,0.026101671,0.05289708,0.14211520552635193,0.06655362993478775,-0.22387784719467163,-0.20679046213626862
Estepa,356600500400193148,333256.1,5259337.5,2.09,0.038130082,0.07775287,0.17497515678405762,0.08149910718202591,-0.217201828956604,-0.18725533783435822
Estepa,356600500400193149,333303.9,5259306.9,2.09,0.030492261,0.06193412,0.17410649359226227,0.07769520580768585,-0.23819221556186676,-0.20467549562454224
Estepa,356600500400193150,333351.8,5259276.4,1.98,0.03061544,0.062188245,0.1257273554801941,0.07054790109395981,-0.18083536624908447,-0.14495986700057983
Estepa,356600500400193151,333399.6,5259245.8,2.09,0.022197993,0.0448964,0.14424437284469604,0.07708533108234406,-0.2146109640598297,-0.17395862936973572
Estepa,356600500400193152,333447.5,5259215.2,2.47,0.062067185,0.12815598,0.12996678054332733,0.0649193823337555,-0.1966790407896042,-0.1814560890197754
Estepa,356600500400193153,333495.6,5259184.5,2.28,0.039917015,0.08147194,0.144007608294487,0.06709596514701843,-0.22541676461696625,-0.2048286348581314
Estepa,356600500400193154,333543.6,5259153.7,2.13,0.019731635,0.039858006,0.16597209870815277,0.07584159821271896,-0.25852495431900024,-0.21416941285133362
Estepa,356600500400193155,333591.5,5259123.1,2.13,0.022316884,0.045139603,0.15007466077804565,0.06758839637041092,-0.3022442162036896,-0.2607589066028595
Estepa,356600500400193156,333639.2,5259092.7,3.4,0.021632418,0.043739896,0.13592514395713806,0.07003945112228394,-0.2136901468038559,-0.19354993104934692
Estepa,356600500400193157,333686.9,5259062.3,3.55,0.10888392,0.23056798,0.1319020390510559,0.06787342578172684,-0.2190341353416443,-0.19487501680850983
Estepa,356600500400193158,333734.7,5259031.9,2.17,0.03746759,0.07637582,0.13118474185466766,0.06907831132411957,-0.20584172010421753,-0.17689619958400726
Estepa,356600500400193159,333782.6,5259001.3,2.17,0.050293166,0.10320521,0.11531681567430496,0.062076881527900696,-0.1829048991203308,-0.15817739069461823
Estepa,356600500400193160,333830.6,5258970.6,2.05,0.016326329,0.032922275,0.1290290355682373,0.06312417984008789,-0.21119754016399384,-0.18940453231334686
Estepa,356600500400193161,333878.5,5258940.0,2.02,0.023140252,0.046824653,0.11605562269687653,0.05803026258945465,-0.21390527486801147,-0.19550180435180664
Estepa,356600500400193162,333926.4,5258909.4,2.09,0.031592835,0.064205825,0.11469414830207825,0.05661052465438843,-0.21338623762130737,-0.19244816899299622
Estepa,356600500400193163,333974.3,5258878.9,2.24,0.035990324,0.073308565,0.11973389238119125,0.06303407996892929,-0.19473996758460999,-0.16884282231330872
Estepa,356600500400193164,334022.2,5258848.3,2.02,0.01320708,0.026590224,0.17178823053836823,0.09015630930662155,-0.2205452024936676,-0.16863827407360077
Estepa,356600500400193165,334070.1,5258817.7,2.5,0.054177597,0.11140248,0.16039234399795532,0.08096162974834442,-0.2266116738319397,-0.17681081593036652
Estepa,356600600401033970,319126.8,5267608.6,5.13,0.15806367,0.34411594,0.6690012216567993,0.4401535391807556,0.15016496181488037,0.32959169149398804
Estepa,356600600401033971,319175.0,5267577.7,4.86,0.11467196,0.24360105,0.6362731456756592,0.4334199130535126,0.16706715524196625,0.366192102432251
Estepa,356600600401033983,319750.4,5267211.2,4.3,0.12317028,0.26289308,0.3331562280654907,0.20353585481643677,-0.02807961218059063,0.08951268345117569
Estepa,356600600401033989,320039.3,5267026.6,2.69,0.013521229,0.027227031,0.266451358795166,0.1642640233039856,-0.126531720161438,-0.003632353385910392
Estepa,356600600401033990,320087.0,5266996.5,3.18,0.041449312,0.08466649,0.28852182626724243,0.1837804913520813,-0.0766889825463295,0.08660060167312622
Estepa,356600600401033991,320134.7,5266966.3,3.7,0.0774934,0.16132452,0.2727363109588623,0.17087292671203613,-0.08551249653100967,0.05416540428996086
Estepa,356600600401033999,320515.2,5266725.9,2.77,0.07396315,0.15368524,0.5949577689170837,0.34126123785972595,0.02191220410168171,0.22688280045986176
Estepa,356600600401034000,320563.1,5266695.4,5.5,0.07258448,0.15070978,0.5847676992416382,0.34625017642974854,0.0814846009016037,0.2857338488101959
Estepa,356600600401034002,320659.9,5266633.3,3.78,0.08656275,0.18108502,0.1815093755722046,0.11038346588611603,-0.17590086162090302,-0.05900423973798752
Estepa,356600600401034004,320755.2,5266572.9,3.14,0.12704659,0.2717549,0.7852542996406555,0.5169950127601624,0.19768264889717102,0.43068403005599976
Estepa,356600600401034005,320803.2,5266542.2,3.18,0.08996638,0.1885516,0.3874705731868744,0.24262091517448425,0.01521261502057314,0.18422852456569672
Estepa,356600600401034026,321812.9,5265896.0,3.25,0.12856492,0.2752368,0.301800012588501,0.1712767332792282,-0.08345714956521988,0.05972236394882202
Estepa,356600600401034029,321957.0,5265803.6,4.53,0.07797778,0.16237497,0.26168787479400635,0.14963507652282715,-0.03292597457766533,0.07706407457590103
Estepa,356600600401034030,322005.1,5265772.7,2.54,0.022807295,0.04614305,0.26216331124305725,0.15081660449504852,-0.05588062107563019,0.049918096512556076
Estepa,356600600401034038,322385.5,5265530.8,5.46,0.18676424,0.41348913,0.5081881880760193,0.3257794678211212,0.08960315585136414,0.2612985074520111
Estepa,356600600401034039,322433.3,5265500.3,4.3,0.121554345,0.2592104,0.5977804660797119,0.380825936794281,0.11569131910800934,0.28878700733184814
Estepa,356600600401034040,322481.1,5265469.8,3.63,0.038382564,0.07827786,0.6968750953674316,0.5010426044464111,0.22818967700004578,0.45451444387435913
Estepa,356600600401034042,322576.4,5265409.1,3.96,0.008052368,0.016169956,0.2688654661178589,0.1544167697429657,-0.1175815761089325,-0.025339648127555847
Estepa,356600600401034043,322623.8,5265379.1,3.22,0.012259681,0.02467097,0.790072500705719,0.5156370401382446,0.19056379795074463,0.39451056718826294
Estepa,356600600401034058,323344.9,5264917.8,3.48,0.06318338,0.13053742,0.2640180289745331,0.15422232449054718,-0.11572924256324768,0.00533116701990366
Estepa,356600600401034059,323393.0,5264887.2,2.05,0.03197718,0.064999714,0.3328094184398651,0.19551733136177063,-0.10317614674568176,0.01014154963195324
Estepa,356600600401034060,323440.7,5264856.9,3.03,0.016285516,0.032839287,0.7044249773025513,0.4645753502845764,0.15229003131389618,0.35989874601364136
Estepa,356600600401034061,323488.3,5264826.7,4.75,0.1715949,0.37652305,0.5162590146064758,0.3171459436416626,0.02742675691843033,0.2094191163778305
Estepa,356600600401034062,323536.2,5264796.2,4.68,0.01598057,0.032219388,0.2886059582233429,0.17253462970256805,-0.11675521731376648,0.008556738495826721
Estepa,356600600401034063,323584.2,5264765.6,3.03,0.0145708565,0.029356206,0.1822821944952011,0.11203556507825851,-0.12425145506858826,-0.04363603517413139
Estepa,356600600401034064,323631.9,5264735.3,2.99,0.10057293,0.21199986,0.29150697588920593,0.16103103756904602,-0.10061138868331909,0.00559674296528101
Estepa,356600600401034065,323679.6,5264705.1,3.25,0.083490096,0.17436835,0.3117932081222534,0.18124262988567352,-0.09010466933250427,0.029619740322232246
Estepa,356600600401034066,323727.3,5264674.8,3.1,0.08815199,0.18456788,0.3254068195819855,0.19148942828178406,-0.08592119067907333,0.05194056034088135
Estepa,356600600401034067,323775.0,5264644.5,2.8,0.07538973,0.15676875,0.34774863719940186,0.1979750245809555,-0.10601531714200974,0.031356580555438995
Estepa,356600600401034068,323822.8,5264614.2,3.1,0.016608914,0.03349691,0.36545538902282715,0.20400181412696838,-0.07484529167413712,0.05268353968858719
Estepa,356600600401034069,323870.5,5264583.8,4.15,0.18527529,0.4098303,0.3760899305343628,0.20601624250411987,-0.07573019713163376,0.06217160448431969
Estepa,356600600401034070,323918.3,5264553.4,2.84,0.09655785,0.2030912,0.31979772448539734,0.18152600526809692,-0.11756724864244461,0.011244114488363266
Estepa,356600600401034075,324251.9,5264341.8,5.95,0.112262115,0.23816417,0.4135068356990814,0.2617306411266327,-0.019461460411548615,0.10477069020271301
Estepa,356600600401034076,324299.6,5264311.4,6.25,0.12000202,0.255679,0.36963436007499695,0.23681095242500305,-0.03159341216087341,0.09427894651889801
Estepa,356600600401034077,324347.3,5264281.1,5.09,0.013206915,0.026589883,0.3998536467552185,0.24586984515190125,-0.03990473225712776,0.09440891444683075
Estepa,356600600401034078,324394.9,5264250.9,5.42,0.009147751,0.018379737,0.4464919865131378,0.25627654790878296,0.000529686629306525,0.14003387093544006
Estepa,356600600401034079,324442.6,5264220.6,2.92,0.069532044,0.1441377,0.6816185712814331,0.43230947852134705,0.13360466063022614,0.3655537962913513
Estepa,356600600401034086,324779.5,5264004.7,2.92,0.060518213,0.12485549,0.3327489495277405,0.20129017531871796,-0.05812092497944832,0.06544489413499832
Estepa,356600600401034087,324827.6,5263973.8,3.81,0.10878713,0.23035015,0.32079222798347473,0.18838831782341003,-0.08170902729034424,0.03800667077302933
Estepa,356600600401034088,324875.6,5263943.0,2.35,0.03256061,0.0662055,0.2682146430015564,0.1491306722164154,-0.07986366748809814,0.021741488948464394
Estepa,356600600401034089,325018.7,5263851.9,3.37,0.064269535,0.13285767,0.36052027344703674,0.19814738631248474,-0.08789978921413422,0.040129706263542175
Estepa,356600600401034090,325066.4,5263821.6,3.52,0.034539193,0.0703001,0.36054664850234985,0.20399297773838043,-0.06545676290988922,0.06520140171051025
Estepa,356600600401034091,325114.1,5263791.2,3.78,0.067677096,0.14015439,0.3306315541267395,0.18460680544376373,-0.0846964418888092,0.03598220273852348
Estepa,356600600401034092,325161.8,5263760.7,5.24,0.1714284,0.37612107,0.3756413757801056,0.21701867878437042,-0.02509448677301407,0.10873296856880188
Estepa,356600600401034093,325209.4,5263730.5,6.36,0.29005173,0.6851859,0.41999998688697815,0.24742990732192993,-0.007656744681298733,0.1405951827764511
Estepa,356600600401034094,325257.0,5263700.3,5.76,0.16373941,0.35764536,0.45408308506011963,0.26407867670059204,0.01569366455078125,0.1640612930059433
Estepa,356600600401034095,325304.5,5263670.0,3.89,0.11887237,0.25311312,0.44789329171180725,0.24555723369121552,-0.009243513457477093,0.13654285669326782
Estepa,356600600401034096,325352.4,5263639.4,5.84,0.22850262,0.5188772,0.47400903701782227,0.28251659870147705,0.06470432132482529,0.22536638379096985
Estepa,356600600401034097,325400.1,5263609.0,4.38,0.07753732,0.16141975,0.4755079448223114,0.2766156792640686,0.018482448533177376,0.18217366933822632
Estepa,356600600401034098,325447.9,5263578.4,2.92,0.061069593,0.12602967,0.41271495819091797,0.26004189252853394,-0.006229166407138109,0.13711276650428772
Estepa,356600600401034099,325495.8,5263547.9,4.53,0.07367426,0.15306139,0.32036906480789185,0.1930726319551468,-0.045169416815042496,0.08993705362081528
Estepa,356600600401034101,325591.2,5263487.0,3.48,0.022523822,0.045562953,0.3977316915988922,0.224222794175148,-0.04536934569478035,0.07142465561628342
Estepa,356600600401034102,325638.9,5263456.7,3.66,0.18202974,0.40187812,0.4102384150028229,0.22931329905986786,-0.06951428949832916,0.07401763647794724
Estepa,356600600401034103,325686.7,5263426.1,2.02,0.05390075,0.11081701,0.362792044878006,0.22618535161018372,-0.1262347549200058,0.024975299835205078
Estepa,356600600401034104,325734.7,5263395.5,2.13,0.04229529,0.08643243,0.2852310836315155,0.16254442930221558,-0.20180515944957733,-0.09761635959148407
Estepa,356600600401034105,325782.6,5263364.9,2.02,0.047264658,0.09683733,0.2759992778301239,0.15956664085388184,-0.19309784471988678,-0.09272673726081848
Estepa,356600600401034106,325830.5,5263334.3,3.25,0.12748691,0.27276406,0.3759482502937317,0.21559874713420868,-0.11893798410892487,0.015839554369449615
Estepa,356600600401034107,325878.4,5263303.7,4.23,0.12284943,0.2621613,0.5180707573890686,0.3052767217159271,-0.001779272686690092,0.19263245165348053
Estepa,356600600401034108,325926.3,5263273.1,4.3,0.22392498,0.5070438,0.5931843519210815,0.34066271781921387,0.053944170475006104,0.2604750394821167
Estepa,356600600401034109,325974.2,5263242.4,8.27,0.4865728,1.333548,0.6388437151908875,0.3730109632015228,0.11123017221689224,0.3135014474391937
Estepa,356600600401034116,326310.8,5263027.1,5.5,0.20129026,0.44954,0.14741794764995575,0.07978789508342743,-0.23058949410915375,-0.2079300433397293
Estepa,356600600401034117,326358.7,5262996.7,3.96,0.11595402,0.24649955,0.25360339879989624,0.13803309202194214,-0.175993412733078,-0.12057521939277649
Estepa,356600600401034118,326406.3,5262966.5,2.77,0.08335295,0.17406908,0.2961382567882538,0.1648920625448227,-0.13852450251579285,-0.039735905826091766
Estepa,356600600401034119,326454.2,5262936.0,3.59,0.018818637,0.037996087,0.250919908285141,0.14248935878276825,-0.17498286068439484,-0.0776466503739357
Estepa,356600600401034120,326502.0,5262905.6,2.47,0.05642767,0.11616606,0.3085043132305145,0.1812380850315094,-0.14733976125717163,-0.036396775394678116
Estepa,356600600401034121,326549.9,5262875.1,2.95,0.01730156,0.0349061,0.28425633907318115,0.1603230983018875,-0.2059963196516037,-0.10483478009700775
Estepa,356600600401034122,326597.8,5262844.7,2.5,0.04950616,0.10154838,0.22929875552654266,0.1252402365207672,-0.26724499464035034,-0.16898314654827118
Estepa,356600600401034123,326645.9,5262814.1,3.1,0.04849624,0.099424414,0.18931081891059875,0.11262331902980804,-0.2024223655462265,-0.11604893207550049
Estepa,356600600401034124,326694.0,5262783.4,2.28,0.023007875,0.046553623,0.20399758219718933,0.12009402364492416,-0.2251162827014923,-0.13932859897613525
Estepa,356600600401034125,326741.9,5262752.9,2.05,0.0334496,0.0680442,0.25072380900382996,0.13881072402000427,-0.22619479894638062,-0.12491059303283691
Estepa,356600600401034126,326789.7,5262722.5,2.02,0.028654521,0.05814654,0.26368066668510437,0.1470540165901184,-0.20894573628902435,-0.10458850860595703
Estepa,356600600401034127,326837.6,5262692.1,2.39,0.068624616,0.14218809,0.2844863533973694,0.14924496412277222,-0.21618524193763733,-0.10863136500120163
Estepa,356600600401034128,326885.5,5262661.6,2.65,0.03814007,0.07777358,0.2261050045490265,0.1223098561167717,-0.20529574155807495,-0.10997463017702103
Estepa,356600600401034129,326933.5,5262631.1,2.13,0.032389548,0.06585189,0.20691129565238953,0.11100022494792938,-0.21279944479465485,-0.13131636381149292
Estepa,356600600401034130,326981.4,5262600.7,2.2,0.017477956,0.03526514,0.26443934440612793,0.13930636644363403,-0.19497813284397125,-0.10414975136518478
Estepa,356600600401034131,327029.2,5262570.3,2.13,0.01735431,0.03501346,0.28002655506134033,0.15380023419857025,-0.18610531091690063,-0.08837589621543884
Estepa,356600600401034132,327173.4,5262478.3,2.28,0.05741683,0.11826385,0.22819283604621887,0.11953408271074295,-0.2038089781999588,-0.10480566322803497
Estepa,356600600401034133,327221.6,5262447.6,3.93,0.054684296,0.11247411,0.19767124950885773,0.09842574596405029,-0.23672646284103394,-0.1508997678756714
Estepa,356600600401034134,327269.8,5262416.7,3.4,0.10887756,0.23055312,0.18894340097904205,0.09792023152112961,-0.1855928897857666,-0.12588006258010864
Estepa,356600600401034135,327318.0,5262385.9,2.8,0.067867234,0.14056233,0.17215436697006226,0.08944683521986008,-0.17186051607131958,-0.12228867411613464
Estepa,356600600401034136,327366.1,5262355.1,3.03,0.12586075,0.26903975,0.193162739276886,0.09782758355140686,-0.21897365152835846,-0.16164012253284454
Estepa,356600600401034137,327462.0,5262294.0,2.13,0.03932575,0.08024053,0.19271045923233032,0.09780857712030411,-0.2583732306957245,-0.20154286921024323
Estepa,356600600401034138,327509.9,5262263.5,2.13,0.024998073,0.05063195,0.19506745040416718,0.10226264595985413,-0.1823718100786209,-0.13777102530002594
Estepa,356600600401034139,327557.8,5262233.0,2.35,0.039297,0.080180675,0.20220746099948883,0.09389956295490265,-0.2574772536754608,-0.19252115488052368
Estepa,356600600401034140,327605.8,5262202.3,3.14,0.110058546,0.23320559,0.1828717738389969,0.0878283903002739,-0.2308114618062973,-0.16264840960502625
Estepa,356600600401034141,327653.8,5262171.7,2.17,0.030436084,0.061818194,0.19302606582641602,0.09739500284194946,-0.21481665968894958,-0.15803734958171844
Estepa,356600600401034142,327701.6,5262141.2,2.39,0.035030738,0.07131864,0.2179795205593109,0.10393825173377991,-0.2578481137752533,-0.19412101805210114
Estepa,356600600401034143,327749.5,5262110.7,2.05,0.037235558,0.07589367,0.21882697939872742,0.1115470603108406,-0.19681042432785034,-0.13710767030715942
Estepa,356600600401034144,327797.4,5262080.2,1.9,0.022581544,0.04568106,0.20330646634101868,0.10488776117563248,-0.19161167740821838,-0.13835541903972626
Estepa,356600600401034145,327845.3,5262049.6,2.02,0.024115304,0.04882195,0.2220936268568039,0.11910145729780197,-0.16865120828151703,-0.10017114132642746
Estepa,356600600401034146,327893.3,5262019.0,1.94,0.0457421,0.09364362,0.22025097906589508,0.11860457062721252,-0.16372168064117432,-0.09793248772621155
Estepa,356600600401034147,327941.2,5261988.4,2.05,0.019471975,0.039328277,0.20591044425964355,0.10467759519815445,-0.20049601793289185,-0.142306849360466
Estepa,356600600401034148,327989.1,5261957.8,2.09,0.057543296,0.11853221,0.24225275218486786,0.12488547712564468,-0.2264769822359085,-0.15217113494873047
Estepa,356600600401034149,328036.9,5261927.2,1.94,0.024361,0.04932555,0.21096083521842957,0.0999755710363388,-0.2506827712059021,-0.17769339680671692
Estepa,356600600401034150,328084.7,5261896.8,2.43,0.023595762,0.047757458,0.24064071476459503,0.12226437032222748,-0.22382324934005737,-0.15776951611042023
Estepa,356600600401034151,328132.4,5261866.4,2.17,0.027352242,0.055466905,0.20819756388664246,0.10249724239110947,-0.25653934478759766,-0.18838104605674744
Estepa,356600600401034152,328180.3,5261835.9,1.98,0.028976608,0.058809835,0.22552500665187836,0.1524042785167694,-0.18508434295654297,-0.08896763622760773
Estepa,356600600401034153,328228.1,5261805.3,2.09,0.056688514,0.116719045,0.22258172929286957,0.13313108682632446,-0.2633126974105835,-0.18837913870811462
Estepa,356600600401034154,328276.0,5261774.7,2.77,0.07319067,0.1520175,0.19507983326911926,0.09757624566555023,-0.2248205840587616,-0.17512162029743195
Estepa,356600600401034155,328323.9,5261744.0,2.39,0.047523577,0.097380936,0.20275166630744934,0.09896724671125412,-0.24428240954875946,-0.18864180147647858
Estepa,356600600401034156,328371.8,5261713.4,2.88,0.11692846,0.2487054,0.19961749017238617,0.09900636225938797,-0.230295792222023,-0.1807704120874405
Estepa,356600600401034157,328419.7,5261682.7,2.69,0.04095907,0.08364385,0.19373294711112976,0.10010789334774017,-0.24656718969345093,-0.1882731318473816
Estepa,356600600401034158,328467.6,5261652.0,2.39,0.051839508,0.10646429,0.19719356298446655,0.10789838433265686,-0.25540828704833984,-0.18824444711208344
Estepa,356600600401034159,328515.5,5261621.4,2.09,0.01693045,0.03415095,0.19234800338745117,0.09991113841533661,-0.2407303899526596,-0.17545193433761597
Estepa,356600600401034160,328563.2,5261591.0,2.24,0.022050586,0.044594895,0.2095407098531723,0.10310810059309006,-0.2528238892555237,-0.1918352246284485
Estepa,356600600401034161,328610.9,5261560.5,2.02,0.04441687,0.09086798,0.18122658133506775,0.08688264340162277,-0.22319716215133667,-0.1824461668729782
Estepa,356600600401034162,328658.7,5261529.9,2.02,0.032578506,0.0662425,0.15862363576889038,0.08238643407821655,-0.20051047205924988,-0.15357543528079987
Estepa,356600600401034163,328706.5,5261499.3,2.35,0.03934777,0.080286376,0.16882407665252686,0.08397349715232849,-0.22205950319766998,-0.16921788454055786
Estepa,356600600401034164,328754.2,5261468.8,2.17,0.043513823,0.08897879,0.19155320525169373,0.09250935167074203,-0.24229638278484344,-0.1893211007118225
Estepa,356600600401034165,328802.0,5261438.3,2.02,0.017186297,0.034671526,0.1944698691368103,0.09566854685544968,-0.2282426655292511,-0.18294326961040497
Estepa,356600600401034166,328849.8,5261407.7,2.02,0.02136862,0.043200683,0.2197142243385315,0.10643628239631653,-0.23585759103298187,-0.1863614022731781
Estepa,356600600401034167,328897.6,5261377.1,2.09,0.03601238,0.073354274,0.194583922624588,0.09425732493400574,-0.24046485126018524,-0.1981300711631775
Estepa,356600600401034168,329040.8,5261285.5,2.13,0.05041361,0.10345876,0.21814478933811188,0.10578951984643936,-0.22572411596775055,-0.17090167105197906
Estepa,356600600401034169,329088.6,5261255.0,1.98,0.032159116,0.06537565,0.19174911081790924,0.09791680425405502,-0.2143154889345169,-0.16545942425727844
Estepa,356600600401034170,329136.3,5261224.5,2.39,0.030744368,0.062454227,0.20773258805274963,0.10434730350971222,-0.23446393013000488,-0.17903532087802887
Estepa,356600600401034171,329184.1,5261194.0,2.2,0.035223033,0.07171725,0.2113640159368515,0.10659676045179367,-0.222381591796875,-0.16397349536418915
Estepa,356600600401034172,329231.8,5261163.4,2.13,0.03905986,0.07968705,0.23110784590244293,0.11850452423095703,-0.20490233600139618,-0.14509081840515137
Estepa,356600600401034173,329279.6,5261132.8,2.09,0.036951326,0.075303294,0.20381006598472595,0.10228011012077332,-0.21040450036525726,-0.16335457563400269
Estepa,356600600401034174,329327.4,5261102.3,2.09,0.014757602,0.029735258,0.21252037584781647,0.11023859679698944,-0.20811733603477478,-0.1624472588300705
Estepa,356600600401034175,329375.2,5261071.8,2.17,0.017651282,0.035617992,0.20712430775165558,0.11091233789920807,-0.19095581769943237,-0.1317535787820816
Estepa,356600600401034176,329423.0,5261041.2,2.13,0.045270473,0.092655376,0.20936919748783112,0.10840574651956558,-0.21405163407325745,-0.1510067582130432
Estepa,356600600401034177,329470.9,5261010.6,2.2,0.06768248,0.14016594,0.2074623703956604,0.11233598738908768,-0.18790411949157715,-0.122159942984581
Estepa,356600600401034178,329518.7,5260979.9,2.05,0.04174745,0.08528866,0.17699119448661804,0.09673746675252914,-0.1929766684770584,-0.1296868920326233
Estepa,356600600401034179,329566.6,5260949.3,1.98,0.01585417,0.0319625,0.16329507529735565,0.08854782581329346,-0.1941542774438858,-0.13548040390014648
Estepa,356600600401034180,329614.5,5260918.7,2.05,0.04168608,0.08516057,0.15701453387737274,0.08389835804700851,-0.21610063314437866,-0.1543903350830078
Estepa,356600600401034181,329662.3,5260888.1,2.02,0.030936988,0.062851734,0.17096322774887085,0.09035951644182205,-0.20616334676742554,-0.15524965524673462
Estepa,356600600401034182,329710.1,5260857.7,2.13,0.05153211,0.10581597,0.19722133874893188,0.09727418422698975,-0.23093360662460327,-0.181667298078537
Estepa,356600600401034183,329757.9,5260827.2,2.2,0.047299843,0.09691119,0.22904086112976074,0.11874137818813324,-0.216844379901886,-0.15975326299667358
Estepa,356600600401034184,329805.7,5260796.8,2.13,0.026606113,0.053933255,0.22747138142585754,0.11557400226593018,-0.21152809262275696,-0.15849550068378448
Estepa,356600600401034185,329853.6,5260766.2,2.13,0.036871858,0.07513826,0.15802988409996033,0.08794523775577545,-0.1652933806180954,-0.11214116215705872
Estepa,356600600401034186,329901.4,5260735.7,2.28,0.043055,0.08801961,0.16721324622631073,0.08944486081600189,-0.19359318912029266,-0.14281804859638214
Estepa,356600600401034187,329949.3,5260705.1,2.02,0.030680334,0.0623221,0.1927414983510971,0.10453332960605621,-0.17730778455734253,-0.12285394221544266
Estepa,356600600401034188,329997.1,5260674.6,1.98,0.02211287,0.044722278,0.18873080611228943,0.10391045361757278,-0.17524521052837372,-0.1312563419342041
Estepa,356600600401034189,330045.0,5260644.2,2.02,0.036273766,0.073896654,0.15556147694587708,0.08386880159378052,-0.20317524671554565,-0.15254542231559753
Estepa,356600600401034190,330092.9,5260613.6,2.02,0.012999187,0.026168909,0.14598946273326874,0.08150272071361542,-0.17562814056873322,-0.12578707933425903
Estepa,356600600401034191,330140.8,5260583.0,1.94,0.014370732,0.028950078,0.16287480294704437,0.08507706224918365,-0.21381878852844238,-0.15690012276172638
Estepa,356600600401034192,330188.6,5260552.6,2.09,0.013778033,0.027747748,0.16809672117233276,0.08332517743110657,-0.2429485023021698,-0.1890089213848114
Estepa,356600600401034193,330236.4,5260522.2,2.43,0.026686758,0.05409896,0.17043383419513702,0.08730753511190414,-0.22122162580490112,-0.1654977947473526
Estepa,356600600401034194,330284.1,5260491.9,2.24,0.03759695,0.076644555,0.17907865345478058,0.08873176574707031,-0.2468329519033432,-0.1949874758720398
Estepa,356600600401034195,330331.9,5260461.5,2.09,0.037278578,0.07598304,0.17032432556152344,0.07854388654232025,-0.254648894071579,-0.22214922308921814
Estepa,356600600401034196,330379.8,5260431.0,2.02,0.042371746,0.0865921,0.1914289891719818,0.08705832064151764,-0.2588158845901489,-0.21653813123703003
Estepa,356600600401034197,330427.7,5260400.5,2.09,0.035536986,0.07236819,0.23748572170734406,0.11496207118034363,-0.2548726499080658,-0.15248045325279236
Estepa,356600600401034198,330475.6,5260370.0,2.05,0.04451022,0.09106337,0.21901045739650726,0.10955695062875748,-0.22319841384887695,-0.13947834074497223
Estepa,356600600401034199,330523.5,5260339.5,2.24,0.027932351,0.056660127,0.17512618005275726,0.08975300192832947,-0.21510809659957886,-0.1570010483264923
Estepa,356600600401034200,330571.4,5260309.0,3.1,0.056806937,0.116970144,0.2538062334060669,0.12708276510238647,-0.21772706508636475,-0.1323397308588028
Estepa,356600600401034201,330619.3,5260278.5,2.99,0.025984285,0.052656,0.22090792655944824,0.11329756677150726,-0.21125970780849457,-0.1096855103969574
Estepa,356600600401034202,330667.3,5260247.9,3.37,0.07927197,0.16518433,0.18243826925754547,0.09500127285718918,-0.22199970483779907,-0.14331084489822388
Estepa,356600600401034203,330715.3,5260217.3,2.99,0.04710777,0.096508004,0.16038654744625092,0.08685547858476639,-0.19806236028671265,-0.13630224764347076
Estepa,356600600401034204,330763.3,5260186.6,3.4,0.1181155,0.25139582,0.15186868607997894,0.08358806371688843,-0.19980819523334503,-0.13845832645893097
Estepa,356600600401034205,330811.3,5260156.0,2.95,0.090253405,0.18918253,0.16070377826690674,0.08789543062448502,-0.20044302940368652,-0.13746589422225952
Estepa,356600600401034206,330859.2,5260125.6,2.35,0.035247967,0.07176893,0.1560421586036682,0.08328000456094742,-0.195490762591362,-0.13593079149723053
Estepa,356600600401034207,330907.0,5260095.2,2.28,0.023422498,0.047402587,0.14539198577404022,0.07518604397773743,-0.20077739655971527,-0.1528121829032898
Estepa,356600600401034208,330954.7,5260064.8,2.54,0.038316865,0.07814123,0.16198916733264923,0.07716550678014755,-0.25116124749183655,-0.21207977831363678
Estepa,356600600401034209,331002.5,5260034.4,2.09,0.019725887,0.03984626,0.15093055367469788,0.07001340389251709,-0.25884172320365906,-0.21798010170459747
Estepa,356600600401034210,331050.4,5260004.0,2.35,0.028962612,0.058781005,0.18382105231285095,0.08617585897445679,-0.24144190549850464,-0.20482610166072845
Estepa,356600600401034211,331098.2,5259973.6,2.54,0.014345173,0.028898213,0.15348494052886963,0.07860750705003738,-0.21136507391929626,-0.17426669597625732
Estepa,356600600401034212,331146.0,5259943.2,2.32,0.03321625,0.067561395,0.19024254381656647,0.08664735406637192,-0.25730153918266296,-0.21797284483909607
Estepa,356600600401034213,331193.8,5259912.8,2.05,0.05648378,0.116284996,0.18753580749034882,0.0891779363155365,-0.22432690858840942,-0.17912937700748444
Estepa,356600600401034214,331241.7,5259882.2,1.98,0.018740593,0.03783701,0.21248143911361694,0.1016642153263092,-0.22867733240127563,-0.1760895699262619
Estepa,356600600401034215,331289.8,5259851.5,2.28,0.046128877,0.09445444,0.14197462797164917,0.07429710775613785,-0.20497076213359833,-0.1777687817811966
Estepa,356600600401034216,331337.7,5259821.0,2.13,0.028542364,0.057915617,0.14015311002731323,0.0713079646229744,-0.2197062373161316,-0.1926935762166977
Estepa,356600600401034217,331385.4,5259790.6,2.28,0.018877458,0.03811599,0.14526081085205078,0.07036584615707397,-0.2349996566772461,-0.20726794004440308
Estepa,356600600401034218,331433.2,5259760.3,2.17,0.04375108,0.08947496,0.13126356899738312,0.06263741850852966,-0.22954630851745605,-0.20220059156417847
Estepa,356600600401034219,331481.1,5259729.7,2.24,0.04839649,0.099214755,0.16603660583496094,0.07781831920146942,-0.24485108256340027,-0.21067553758621216
Estepa,356600600401034220,331529.0,5259699.1,2.73,0.08646946,0.18088076,0.1599438190460205,0.07569310069084167,-0.2350875735282898,-0.19981220364570618
Estepa,356600600401034221,331576.9,5259668.6,2.88,0.081275284,0.16954084,0.1450616419315338,0.07237203419208527,-0.21238544583320618,-0.17649908363819122
Estepa,356600600401034222,331624.7,5259638.2,2.69,0.02050167,0.041429684,0.14193470776081085,0.06921525299549103,-0.21907931566238403,-0.18668276071548462
Estepa,356600600401034223,331672.5,5259607.8,2.73,0.0741265,0.15403807,0.16221636533737183,0.07777707278728485,-0.23810479044914246,-0.20699304342269897
Estepa,356600600401034224,331720.4,5259577.3,2.95,0.06029549,0.12438139,0.1691589057445526,0.0838678851723671,-0.2281019389629364,-0.20483961701393127
Estepa,356600600401034225,331768.2,5259546.8,2.69,0.06186117,0.12771654,0.1936986893415451,0.09386420249938965,-0.23248392343521118,-0.19345660507678986
Estepa,356600600401034226,331816.0,5259516.3,1.98,0.024828438,0.05028401,0.20471081137657166,0.09793560951948166,-0.23613956570625305,-0.18057531118392944
Estepa,356600600401034227,331863.9,5259485.8,1.98,0.030307498,0.061552964,0.1753372997045517,0.0881703794002533,-0.23076210916042328,-0.18327802419662476
Estepa,356600600401034228,331911.7,5259455.2,2.05,0.038278874,0.07806222,0.16031807661056519,0.08166854083538055,-0.21331451833248138,-0.17208920419216156
Estepa,356600600401034229,332055.4,5259363.5,1.94,0.035339367,0.07195842,0.14712786674499512,0.07514829933643341,-0.2013094574213028,-0.1680639386177063
Estepa,356600600401034230,332199.0,5259271.8,2.02,0.037733477,0.07692831,0.16514474153518677,0.0804777443408966,-0.23482513427734375,-0.20606660842895508
Estepa,356600600401034231,332247.1,5259241.1,2.88,0.0730607,0.15173705,0.13180552423000336,0.06756320595741272,-0.1966237723827362,-0.16111288964748383
Estepa,356600600401034232,332295.1,5259210.3,2.69,0.08368813,0.17480056,0.10266169160604477,0.052612174302339554,-0.20100635290145874,-0.17773890495300293
Estepa,356600600401034233,332343.1,5259179.5,2.47,0.072727434,0.15101808,0.11603792756795883,0.05711899697780609,-0.2233516424894333,-0.1942392736673355
Estepa,356600600401034234,332391.1,5259148.8,2.2,0.023114858,0.04677264,0.12980017066001892,0.06416571140289307,-0.23331083357334137,-0.20292766392230988
Estepa,356600600401034235,332439.0,5259118.1,1.98,0.024224047,0.049044825,0.1695561707019806,0.08880390971899033,-0.2343878149986267,-0.19791649281978607
Estepa,356600600401034236,332486.9,5259087.6,2.13,0.043964595,0.08992159,0.13572736084461212,0.06715067476034164,-0.23693016171455383,-0.2141057401895523
Estepa,356600600401034237,332534.6,5259057.2,2.28,0.05496377,0.1130655,0.1458265781402588,0.07324229180812836,-0.22292929887771606,-0.2025877982378006
Estepa,356600600401034238,332582.5,5259026.6,2.02,0.0254293,0.051516727,0.15060657262802124,0.0725686326622963,-0.23602420091629028,-0.20951029658317566
Estepa,356600600401034239,332630.4,5258995.9,1.98,0.008834847,0.017748248,0.13128036260604858,0.06721983850002289,-0.21171097457408905,-0.19051633775234222
Estepa,356600600401034240,332678.2,5258965.4,2.13,0.015813503,0.031879857,0.12509793043136597,0.06533518433570862,-0.20745354890823364,-0.18480746448040009
Estepa,356600600401034241,332725.9,5258935.0,2.77,0.026808945,0.054350056,0.13605394959449768,0.072381891310215,-0.20656973123550415,-0.18714365363121033
Estepa,356600600401034242,332773.7,5258904.6,2.32,0.022213483,0.044928066,0.13295552134513855,0.07192566990852356,-0.20111292600631714,-0.18306797742843628
Estepa,356600600401034243,332821.5,5258874.0,2.54,0.022629686,0.045779575,0.12625187635421753,0.06745067238807678,-0.18606778979301453,-0.16259871423244476
Estepa,356600600401034244,332869.3,5258843.5,2.5,0.018440986,0.03722644,0.13279511034488678,0.07136153429746628,-0.19183006882667542,-0.16806726157665253
Estepa,356600600401034245,332917.1,5258813.0,2.32,0.024573117,0.04976043,0.12938292324543,0.07106882333755493,-0.18934859335422516,-0.16045305132865906
Estepa,356600600401034246,332965.0,5258782.4,2.2,0.020737633,0.041911554,0.090438112616539,0.05428153648972511,-0.14469514787197113,-0.10256339609622955
Estepa,356600600401034247,333012.9,5258751.7,2.47,0.011360437,0.022850977,0.1441066563129425,0.07324296981096268,-0.242808997631073,-0.2037755399942398
Estepa,356600600401034248,333060.6,5258721.3,2.28,0.0111301225,0.022385107,0.13360995054244995,0.06621287018060684,-0.23403310775756836,-0.20662471652030945
Estepa,356600600401034249,333108.4,5258690.8,2.24,0.02752858,0.05582954,0.14401012659072876,0.07066869735717773,-0.23703919351100922,-0.21128854155540466
Estepa,356600600401034250,333156.2,5258660.3,2.2,0.049926884,0.102433875,0.12169507145881653,0.06158838048577309,-0.20694486796855927,-0.17885088920593262
Estepa,356600600401034251,333204.1,5258629.7,1.98,0.031892963,0.06482572,0.1088150218129158,0.05649701878428459,-0.20938605070114136,-0.19625049829483032
Estepa,356600600401034252,333251.9,5258599.2,2.39,0.070813656,0.14689444,0.12206336110830307,0.06210901960730553,-0.20702756941318512,-0.18849223852157593
Estepa,356600600401034253,333299.8,5258568.6,2.13,0.04890232,0.10027818,0.10019554942846298,0.05689822882413864,-0.1819726675748825,-0.16616229712963104
Estepa,356600600401034254,333347.7,5258537.9,1.94,0.0155076645,0.03125844,0.09277975559234619,0.05314688757061958,-0.18312692642211914,-0.15564028918743134
Estepa,356600600401034255,333395.7,5258507.3,1.98,0.017724833,0.03576774,0.09996535629034042,0.05800463259220123,-0.18579469621181488,-0.1584894061088562
Estepa,356600600401034256,333443.6,5258476.6,2.2,0.020771347,0.04198041,0.11575868725776672,0.06114761158823967,-0.21083694696426392,-0.18331490457057953
Estepa,356600600401034257,333491.6,5258445.9,2.05,0.03305242,0.0672225,0.09924964606761932,0.056311529129743576,-0.15911255776882172,-0.13471698760986328
Estepa,356600600401034258,333539.5,5258415.3,2.05,0.0373888,0.07621204,0.1098535880446434,0.0584704615175724,-0.19775260984897614,-0.175481379032135
Estepa,356600600401034259,333587.5,5258384.6,2.09,0.036494706,0.07435522,0.09824849665164948,0.05075281485915184,-0.21145597100257874,-0.19216962158679962
Estepa,356600600401034260,333635.4,5258354.0,1.98,0.036943723,0.075287506,0.1044667586684227,0.05412562936544418,-0.2090052366256714,-0.19083797931671143
Estepa,356600600401034261,333683.3,5258323.4,1.98,0.022122608,0.044742197,0.09884387254714966,0.0507444329559803,-0.203363299369812,-0.18525557219982147
Estepa,356600600401034262,333731.3,5258292.7,2.05,0.023921035,0.048423845,0.1087443083524704,0.05606772378087044,-0.20520417392253876,-0.18554769456386566
Estepa,356600600401034263,333779.2,5258262.1,2.13,0.034330737,0.06986832,0.10769830644130707,0.05485507473349571,-0.21298885345458984,-0.19635018706321716
Estepa,356600600401034264,333827.1,5258231.5,2.09,0.025857141,0.05239494,0.11271075159311295,0.057614605873823166,-0.20389586687088013,-0.18570202589035034
Estepa,356600600401034265,333875.0,5258200.9,1.94,0.022286188,0.045076787,0.12335237115621567,0.06500694155693054,-0.19966867566108704,-0.17796063423156738
Estepa,356600600401034266,333922.9,5258170.3,1.94,0.03761797,0.07668825,0.11558159440755844,0.05994255095720291,-0.20646706223487854,-0.1858123391866684
Estepa,356600600401034267,333970.9,5258139.6,2.02,0.034077536,0.06934398,0.10438473522663116,0.055238235741853714,-0.19245511293411255,-0.17837145924568176
Estepa,356600600401034268,334018.8,5258109.0,1.98,0.038588677,0.0787066,0.10575243085622787,0.05593424290418625,-0.19142240285873413,-0.17331820726394653
Estepa,356600600401034269,334066.8,5258078.4,2.09,0.050914653,0.10451435,0.1082991436123848,0.056943729519844055,-0.1916230171918869,-0.17290273308753967
Estepa,356600800400197704,319100.1,5266607.9,6.43,0.029855726,0.060621545,0.7239593863487244,0.4947521686553955,0.22106535732746124,0.4327768385410309
Estepa,356600800400197705,319147.5,5266577.8,7.52,0.023696015,0.047962923,0.7164543867111206,0.4587513506412506,0.17221441864967346,0.4045819044113159
Estepa,356600800400197706,319195.3,5266547.2,4.34,0.011016616,0.022155572,0.5706208944320679,0.3609583079814911,0.16839216649532318,0.37923452258110046
Estepa,356600800400197707,319243.5,5266516.3,2.54,0.008262039,0.01659276,0.3612707853317261,0.24650801718235016,-0.023675808683037758,0.09086047857999802
Estepa,356600800400197710,319385.8,5266425.8,3.78,0.07231532,0.15013039,0.7608271837234497,0.4608909785747528,0.23971621692180634,0.5041580200195312
Estepa,356600800400197711,319433.7,5266395.1,2.84,0.0080723055,0.016210167,0.8111155033111572,0.5012213587760925,0.2608519494533539,0.5319637060165405
Estepa,356600800400197720,319867.0,5266117.1,4.15,0.09129413,0.19147356,0.6577610373497009,0.37379157543182373,0.07736228406429291,0.28611859679222107
Estepa,356600800400197727,320204.3,5265901.0,3.36,0.0036372636,0.007287797,0.26131579279899597,0.1484575867652893,-0.0931311622262001,0.005335432011634111
Estepa,356600800400197728,320251.9,5265870.7,4.64,0.08803842,0.18432032,0.311911940574646,0.18192903697490692,-0.08054438978433609,0.02258783020079136
Estepa,356600800400197729,320299.8,5265840.1,4.0,0.07759845,0.16155346,0.20969915390014648,0.11902984976768494,-0.1358850598335266,-0.04411346837878227
Estepa,356600800400197730,320347.6,5265809.6,3.4,0.09303174,0.19530182,0.2315986454486847,0.12759606540203094,-0.13770006597042084,-0.04371025785803795
Estepa,356600800400197731,320395.3,5265779.2,6.62,0.3342726,0.8138693,0.32241085171699524,0.19465763866901398,-0.06775140762329102,0.052892349660396576
Estepa,356600800400197732,320443.0,5265748.8,4.97,0.0037363155,0.007486635,0.6294713616371155,0.42040228843688965,0.1230948343873024,0.2931169271469116
Estepa,356600800400197733,320491.0,5265718.3,6.1,0.14682949,0.31760836,0.28946903347969055,0.15990744531154633,-0.02855398878455162,0.11389405280351639
Estepa,356600800400197734,320538.9,5265687.7,4.26,0.0041189864,0.008254996,0.7403947710990906,0.4963797330856323,0.24336767196655273,0.4676954448223114
Estepa,356600800400197735,320586.6,5265657.3,8.38,0.2894443,0.6834981,0.5041618943214417,0.33029595017433167,0.12482420355081558,0.3225494623184204
Estepa,356600800400197736,320634.8,5265626.5,2.88,0.008478972,0.017030293,0.24481847882270813,0.1414692997932434,-0.08728627860546112,0.017043668776750565
Estepa,356600800400197741,320871.6,5265476.6,9.13,0.38747707,0.9805162,0.7078596353530884,0.4691597521305084,0.21653364598751068,0.44159337878227234
Estepa,356600800400197744,321016.7,5265383.7,3.96,0.006119457,0.01227654,0.3250602185726166,0.20031897723674774,-0.060471635311841965,0.0812695249915123
Estepa,356600800400197745,321064.7,5265353.1,2.05,0.007653765,0.015366448,0.32090961933135986,0.19279544055461884,-0.08955322951078415,0.025177648290991783
Estepa,356600800400197748,321207.0,5265262.9,3.03,0.006506526,0.013055597,0.49616941809654236,0.29757294058799744,0.01938282884657383,0.19860853254795074
Estepa,356600800400197749,321254.4,5265232.9,4.45,0.0075969505,0.015251946,0.5820241570472717,0.38971376419067383,0.0953250601887703,0.2790706753730774
Estepa,356600800400197762,321875.4,5264837.6,2.77,0.011095264,0.022314629,0.5335444808006287,0.32794520258903503,0.05621051788330078,0.2506013512611389
Estepa,356600800400197763,321923.2,5264807.1,9.95,0.35417894,0.8746049,0.5586598515510559,0.3268147110939026,0.09351995587348938,0.2957494556903839
Estepa,356600800400197769,322213.1,5264621.2,4.45,0.052646764,0.10816836,0.36308902502059937,0.2032681554555893,-0.07197480648756027,0.048327166587114334
Estepa,356600800400197770,322260.7,5264590.9,3.33,0.00936676,0.018821865,0.3721669316291809,0.20649798214435577,-0.08213593810796738,0.044529661536216736
Estepa,356600800400197775,322497.3,5264440.6,4.53,0.148234,0.3209039,0.554219663143158,0.33792129158973694,0.01126917079091072,0.17626577615737915
Estepa,356600800400197791,323262.9,5263950.8,3.48,0.025795463,0.052268434,0.5447911024093628,0.31800147891044617,0.06385670602321625,0.2345939427614212
Estepa,356600800400197798,323600.7,5263734.2,4.23,0.01697161,0.03423474,0.19359751045703888,0.10348889231681824,-0.07682258635759354,-0.002899362239986658
Estepa,356600800400197803,323841.2,5263580.6,4.68,0.15154451,0.32869318,0.17884521186351776,0.10380778461694717,-0.048365987837314606,0.03442566096782684
Estepa,356600800400197804,323889.0,5263550.2,8.87,0.29817808,0.7082398,0.24194219708442688,0.1299910992383957,-0.07609891891479492,0.014441953971982002
Estepa,356600800400197814,324363.9,5263249.3,5.46,0.3064423,0.7319367,0.516049861907959,0.30425167083740234,0.019105782732367516,0.17595498263835907
Estepa,356600800400197815,324412.0,5263218.7,6.4,0.17207961,0.37770036,0.2757061719894409,0.15880252420902252,-0.11590982973575592,0.0031769094057381153
Estepa,356600800400197833,325277.7,5262666.4,5.72,0.085711196,0.17922273,0.23160475492477417,0.1277119368314743,-0.18484723567962646,-0.09673639386892319
Estepa,356600800400197836,325422.7,5262573.4,4.53,0.0065352633,0.013113449,0.19399850070476532,0.11010435223579407,-0.21285082399845123,-0.13580377399921417
Estepa,356600800400197837,325470.8,5262542.6,2.05,0.023536092,0.04763534,0.2378637045621872,0.12731000781059265,-0.20982521772384644,-0.12804590165615082
Estepa,356600800400197838,325518.6,5262512.2,2.43,0.0041205483,0.008258133,0.2813522219657898,0.15736442804336548,-0.1633325219154358,-0.061765074729919434
Estepa,356600800400197839,325566.5,5262481.6,3.81,0.01958251,0.039553825,0.2739715576171875,0.15778464078903198,-0.16696470975875854,-0.05327090993523598
Estepa,356600800400197840,325614.5,5262450.9,4.9,0.10498956,0.22184779,0.21624626219272614,0.12825995683670044,-0.1565052717924118,-0.05252108722925186
Estepa,356600800400197841,325662.6,5262420.1,4.97,0.06933213,0.14370894,0.20046041905879974,0.12050051242113113,-0.16481821238994598,-0.074435293674469
Estepa,356600800400197849,326042.7,5262177.9,4.71,0.006715173,0.0134756705,0.3158915638923645,0.1777186244726181,-0.1219235509634018,-0.013103538192808628
Estepa,356600800400197851,326137.4,5262117.7,3.55,0.05831639,0.12017418,0.30178311467170715,0.16693374514579773,-0.16125255823135376,-0.06166223809123039
Estepa,356600800400197852,326184.9,5262087.4,4.94,0.11686426,0.24856281,0.2704336941242218,0.1564708650112152,-0.18726176023483276,-0.08188461512327194
Estepa,356600800400197853,326232.4,5262057.1,6.85,0.30991727,0.74198544,0.27526694536209106,0.15325264632701874,-0.1834709644317627,-0.08272900432348251
Estepa,356600800400197854,326280.0,5262026.7,2.95,0.017912457,0.03614986,0.27507340908050537,0.15798115730285645,-0.18281137943267822,-0.07772718369960785
Estepa,356600800400197855,326327.5,5261996.4,3.74,0.09852709,0.20745754,0.3064629137516022,0.17712369561195374,-0.1786275953054428,-0.06410261243581772
Estepa,356600800400197856,326375.1,5261965.9,2.47,0.058321916,0.120185904,0.2948905825614929,0.16514314711093903,-0.20549844205379486,-0.0973561704158783
Estepa,356600800400197857,326422.8,5261935.4,2.02,0.02746003,0.055688698,0.24946321547031403,0.13703233003616333,-0.21651284396648407,-0.12928542494773865
Estepa,356600800400197858,326470.6,5261904.9,2.02,0.0031242543,0.0062582963,0.21308434009552002,0.11493983864784241,-0.2426140308380127,-0.15600481629371643
Estepa,356600800400197859,326518.3,5261874.3,2.13,0.03963392,0.0808825,0.20133191347122192,0.11507206410169601,-0.1980908215045929,-0.11085612326860428
Estepa,356600800400197860,326565.9,5261843.9,3.07,0.09766555,0.20554693,0.18325942754745483,0.10700413584709167,-0.18454766273498535,-0.09361475706100464
Estepa,356600800400197861,326613.6,5261813.5,2.88,0.029532298,0.05995488,0.27769821882247925,0.16206885874271393,-0.17648153007030487,-0.06522221118211746
Estepa,356600800400197862,326661.2,5261783.0,2.28,0.064795114,0.13398217,0.2697114944458008,0.15651126205921173,-0.10802926868200302,0.01634841598570347
Estepa,356600800400197863,326708.9,5261752.5,1.94,0.028293818,0.057404127,0.24354444444179535,0.13022422790527344,-0.19578227400779724,-0.0966375321149826
Estepa,356600800400197864,326756.7,5261722.0,2.5,0.057754125,0.11898031,0.19366896152496338,0.11821692436933517,-0.20769472420215607,-0.14301997423171997
Estepa,356600800400197865,326804.6,5261691.3,2.2,0.0072313123,0.0145152025,0.20795884728431702,0.11225210130214691,-0.2350929081439972,-0.09376036375761032
Estepa,356600800400197866,326852.5,5261660.6,3.4,0.06948103,0.14402896,0.21872301399707794,0.11779323220252991,-0.2199791520833969,-0.13291093707084656
Estepa,356600800400197867,326900.7,5261629.7,4.71,0.08781943,0.18384008,0.17996802926063538,0.09325563162565231,-0.23071248829364777,-0.1542053520679474
Estepa,356600800400197868,326949.0,5261598.7,4.08,0.027112309,0.054973736,0.19649019837379456,0.10601799190044403,-0.16943472623825073,-0.11105603724718094
Estepa,356600800400197869,326997.0,5261567.9,4.11,0.025438601,0.05153593,0.23898866772651672,0.12303312867879868,-0.21312683820724487,-0.14606362581253052
Estepa,356600800400197870,327045.1,5261537.1,5.5,0.04386779,0.08971944,0.23494094610214233,0.12391051650047302,-0.17598415911197662,-0.09840141981840134
Estepa,356600800400197871,327093.3,5261506.1,4.45,0.0117048295,0.023547826,0.21327021718025208,0.1090315580368042,-0.1758609563112259,-0.11424803733825684
Estepa,356600800400197872,327141.6,5261475.1,4.68,0.05734962,0.118121855,0.18775612115859985,0.09703028202056885,-0.174399271607399,-0.11980357766151428
Estepa,356600800400197873,327189.8,5261444.2,4.45,0.023592094,0.047750045,0.18485452234745026,0.09600869566202164,-0.15780524909496307,-0.10262563079595566
Estepa,356600800400197874,327238.1,5261413.2,4.97,0.11366005,0.24131893,0.19204206764698029,0.10121020674705505,-0.12352916598320007,-0.06200474500656128
Estepa,356600800400197875,327286.3,5261382.4,4.38,0.1174679,0.24993043,0.19289711117744446,0.09932919591665268,-0.1401895135641098,-0.07058015465736389
Estepa,356600800400197876,327334.5,5261351.5,3.18,0.025120787,0.05088381,0.21721746027469635,0.11620885878801346,-0.14823494851589203,-0.07465822249650955
Estepa,356600800400197877,327382.5,5261320.8,3.21,0.020709952,0.041855097,0.2041778266429901,0.11030305922031403,-0.14101755619049072,-0.06503527611494064
Estepa,356600800400197878,327430.5,5261290.1,2.13,0.030257009,0.061449,0.2069886475801468,0.10816136747598648,-0.13537603616714478,-0.06467477977275848
Estepa,356600800400197879,327478.3,5261259.6,2.69,0.006889708,0.013827133,0.2338871955871582,0.11979133635759354,-0.16678012907505035,-0.08714746683835983
Estepa,356600800400197880,327525.9,5261229.3,2.99,0.033613276,0.06838312,0.2687591314315796,0.13700561225414276,-0.17471042275428772,-0.09810939431190491
Estepa,356600800400197881,327573.7,5261199.0,2.73,0.027554335,0.055882648,0.23432882130146027,0.11977630108594894,-0.18463321030139923,-0.11316624283790588
Estepa,356600800400197882,327621.4,5261168.6,2.54,0.07306065,0.15173797,0.24623459577560425,0.11993245035409927,-0.20398671925067902,-0.13947394490242004
Estepa,356600800400197883,327669.1,5261138.2,2.17,0.013344057,0.02686789,0.245589941740036,0.11889241635799408,-0.20813173055648804,-0.15368865430355072
Estepa,356600800400197884,327717.0,5261107.7,2.02,0.014030361,0.028259559,0.19948792457580566,0.09651172906160355,-0.21002228558063507,-0.16508165001869202
Estepa,356600800400197885,327764.9,5261077.1,1.98,0.009487604,0.019065853,0.19095788896083832,0.0893939733505249,-0.22593219578266144,-0.1756065934896469
Estepa,356600800400197886,327812.7,5261046.7,2.43,0.0053577577,0.010744342,0.21849820017814636,0.10607809573411942,-0.20834565162658691,-0.15819638967514038
Estepa,356600800400197887,327860.4,5261016.3,2.28,0.012995932,0.026162345,0.2157316952943802,0.1024210974574089,-0.2329876720905304,-0.18068620562553406
Estepa,356600800400197888,327908.2,5260986.0,2.62,0.03027813,0.06149256,0.22189611196517944,0.10493217408657074,-0.2396184653043747,-0.18705622851848602
Estepa,356600800400197889,327955.8,5260955.7,2.54,0.028046073,0.056894265,0.23765645921230316,0.11284739524126053,-0.2325073629617691,-0.1703256219625473
Estepa,356600800400197890,328003.6,5260925.3,2.62,0.028038196,0.056878053,0.23019583523273468,0.10789176821708679,-0.2424420714378357,-0.18226908147335052
Estepa,356600800400197891,328051.5,5260894.8,4.68,0.05299029,0.10889376,0.19893741607666016,0.09577994793653488,-0.23731786012649536,-0.17196324467658997
Estepa,356600800400197892,328099.6,5260864.1,3.4,0.022040455,0.044574264,0.16469433903694153,0.07893665879964828,-0.23835022747516632,-0.19797024130821228
Estepa,356600800400197893,328147.4,5260833.7,2.65,0.00877818,0.01763392,0.19473180174827576,0.08881376683712006,-0.25018230080604553,-0.20989865064620972
Estepa,356600800400197894,328195.2,5260803.3,2.58,0.031825185,0.064685896,0.19234523177146912,0.08618482947349548,-0.267720490694046,-0.2258061021566391
Estepa,356600800400197895,328243.0,5260772.9,2.09,0.02795848,0.056714028,0.20027859508991241,0.09342131018638611,-0.24300557374954224,-0.19940881431102753
Estepa,356600800400197896,328290.8,5260742.4,2.35,0.0040783943,0.008173478,0.19815754890441895,0.09199953824281693,-0.24149315059185028,-0.19564583897590637
Estepa,356600800400197897,328338.5,5260712.1,2.47,0.012915508,0.025999384,0.2172897905111313,0.10187077522277832,-0.24231375753879547,-0.1898438185453415
Estepa,356600800400197898,328386.2,5260681.7,2.47,0.011549051,0.023232602,0.22226953506469727,0.10464637726545334,-0.23702168464660645,-0.18529073894023895
Estepa,356600800400197899,328433.9,5260651.4,2.17,0.009356765,0.018801685,0.23606862127780914,0.11067666113376617,-0.2412206530570984,-0.1784941703081131
Estepa,356600800400197900,328481.7,5260621.0,2.32,0.010094886,0.020292433,0.21546082198619843,0.10117658972740173,-0.22982478141784668,-0.19069303572177887
Estepa,356600800400197901,328529.5,5260590.6,2.09,0.011564106,0.023263065,0.20450952649116516,0.09242202341556549,-0.254970908164978,-0.218413844704628
Estepa,356600800400197902,328577.4,5260560.1,2.2,0.03226371,0.065592,0.19034987688064575,0.09174271672964096,-0.23237334191799164,-0.19551914930343628
Estepa,356600800400197903,328625.2,5260529.6,2.5,0.059215173,0.122084044,0.1870245635509491,0.09292438626289368,-0.22793515026569366,-0.19910261034965515
Estepa,356600800400197904,328673.1,5260499.2,2.65,0.033766665,0.068700604,0.2047014981508255,0.09891784191131592,-0.23459762334823608,-0.19337205588817596
Estepa,356600800400197905,328720.9,5260468.7,2.13,0.020523619,0.04147458,0.22512391209602356,0.11865924298763275,-0.21614667773246765,-0.14557746052742004
Estepa,356600800400197906,328768.7,5260438.2,2.2,0.019380283,0.039141327,0.2245331108570099,0.1096828505396843,-0.2622741162776947,-0.19122731685638428
Estepa,356600800400197907,328816.6,5260407.8,2.5,0.020864487,0.04217073,0.22006691992282867,0.10391504317522049,-0.26648959517478943,-0.21023663878440857
Estepa,356600800400197908,328864.4,5260377.3,2.28,0.051430598,0.10560242,0.2275126576423645,0.10520444810390472,-0.26574769616127014,-0.2182329297065735
Estepa,356600800400197909,328912.3,5260346.8,1.9,0.00556806,0.011167259,0.2146470695734024,0.11901073902845383,-0.1896161437034607,-0.13427743315696716
Estepa,356600800400197910,328960.0,5260316.5,4.75,0.2876096,0.67833936,0.2133900672197342,0.1124463751912117,-0.18052619695663452,-0.11057300865650177
Estepa,356600800400197911,329007.9,5260285.9,4.26,0.09325787,0.19580056,0.18069590628147125,0.0932573676109314,-0.20408488810062408,-0.13230429589748383
Estepa,356600800400197912,329055.9,5260255.3,2.17,0.00259909,0.0052049514,0.1863136738538742,0.09737494587898254,-0.2204609215259552,-0.16166895627975464
Estepa,356600800400197913,329103.7,5260224.8,2.47,0.007286379,0.014626143,0.1874043494462967,0.09588799625635147,-0.22519370913505554,-0.17446312308311462
Estepa,356600800400197914,329151.6,5260194.3,3.36,0.17831811,0.39282975,0.1826241910457611,0.09705928713083267,-0.2157992571592331,-0.1565908044576645
Estepa,356600800400197915,329199.5,5260163.7,2.5,0.08119514,0.16936766,0.17985820770263672,0.0971948578953743,-0.2013837695121765,-0.14018967747688293
Estepa,356600800400197916,329247.4,5260133.1,2.35,0.039158206,0.07989204,0.18361148238182068,0.09643477946519852,-0.2219139188528061,-0.16233108937740326
Estepa,356600800400197917,329295.3,5260102.6,2.05,0.011350692,0.022831287,0.1734534353017807,0.08986835181713104,-0.21827054023742676,-0.16306255757808685
Estepa,356600800400197918,329343.2,5260072.0,2.28,0.05465802,0.11241908,0.17965108156204224,0.09525098651647568,-0.20327503979206085,-0.14825326204299927
Estepa,356600800400197919,329391.0,5260041.5,2.13,0.00931174,0.018710786,0.18155884742736816,0.09184134006500244,-0.2305397391319275,-0.1794091761112213
Estepa,356600800400197920,329438.8,5260011.0,2.28,0.021338006,0.043138202,0.2014296054840088,0.10235444456338882,-0.23152974247932434,-0.17433589696884155
Estepa,356600800400197921,329486.7,5259980.5,2.09,0.024283959,0.049167734,0.22000350058078766,0.10888934880495071,-0.24801023304462433,-0.18463724851608276
Estepa,356600800400197922,329534.6,5259949.9,3.07,0.06888074,0.14273909,0.1769355684518814,0.0908915102481842,-0.22399526834487915,-0.1638825386762619
Estepa,356600800400197923,329582.5,5259919.3,3.36,0.1289538,0.276133,0.16690273582935333,0.08525664359331131,-0.2281104177236557,-0.17848636209964752
Estepa,356600800400197924,329630.4,5259888.7,3.07,0.019774737,0.039945997,0.16688519716262817,0.08672991394996643,-0.21353809535503387,-0.16342099010944366
Estepa,356600800400197925,329678.3,5259858.1,2.65,0.045681745,0.09351751,0.16030551493167877,0.08462214469909668,-0.20823481678962708,-0.15803076326847076
Estepa,356600800400197926,329726.1,5259827.6,2.69,0.017882189,0.03608822,0.15760773420333862,0.08209443092346191,-0.20621013641357422,-0.15931206941604614
Estepa,356600800400197927,329773.8,5259797.1,2.88,0.055241343,0.11365361,0.1565517783164978,0.07829103618860245,-0.23419520258903503,-0.18523599207401276
Estepa,356600800400197928,329821.6,5259766.6,2.47,0.029355649,0.059590857,0.15732520818710327,0.07904071360826492,-0.21428833901882172,-0.17569205164909363
Estepa,356600800400197929,329869.5,5259736.0,2.92,0.02492046,0.050472863,0.15564948320388794,0.07700226455926895,-0.2185281664133072,-0.17670167982578278
Estepa,356600800400197930,329917.3,5259705.5,2.99,0.065697104,0.13591215,0.16368795931339264,0.07987026125192642,-0.21960386633872986,-0.17682196199893951
Estepa,356600800400197931,329965.2,5259674.9,2.5,0.041515894,0.084805734,0.16940587759017944,0.0857994481921196,-0.2164323925971985,-0.16857534646987915
Estepa,356600800400197932,330013.0,5259644.4,2.32,0.04421691,0.09044986,0.19889087975025177,0.09429527819156647,-0.26699358224868774,-0.21738269925117493
Estepa,356600800400197933,330060.8,5259613.9,2.69,0.018917333,0.038197342,0.16617241501808167,0.08690652251243591,-0.2244437336921692,-0.1916307955980301
Estepa,356600800400197934,330108.7,5259583.2,2.54,0.0039452454,0.007906107,0.1462862491607666,0.07734920084476471,-0.20500746369361877,-0.16490310430526733
Estepa,356600800400197935,330156.6,5259552.6,2.24,0.031902384,0.064845376,0.14176584780216217,0.0750972107052803,-0.2108011245727539,-0.17636734247207642
Estepa,356600800400197936,330204.3,5259522.1,3.59,0.08263509,0.1725047,0.15788587927818298,0.08083394169807434,-0.2238115668296814,-0.18414855003356934
Estepa,356600800400197937,330252.1,5259491.6,2.2,0.018220449,0.036777183,0.14889901876449585,0.0731361135840416,-0.2284153252840042,-0.19102492928504944
Estepa,356600800400197938,330299.9,5259461.0,2.2,0.03324584,0.06762281,0.1669466197490692,0.08070721477270126,-0.22489744424819946,-0.1863700896501541
Estepa,356600800400197939,330347.9,5259430.4,2.65,0.051861387,0.106510945,0.14729654788970947,0.07538305222988129,-0.20464414358139038,-0.17858722805976868
Estepa,356600800400197940,330395.8,5259399.7,2.09,0.0018287579,0.0036608663,0.13870474696159363,0.07334311306476593,-0.19671861827373505,-0.1712692826986313
Estepa,356600800400197941,330443.7,5259369.1,2.02,0.016754355,0.03379277,0.14747343957424164,0.07785473763942719,-0.19116491079330444,-0.16514520347118378
Estepa,356600800400197942,330491.6,5259338.5,1.98,0.0082005095,0.01646868,0.1377609819173813,0.07285166531801224,-0.19167780876159668,-0.16652095317840576
Estepa,356600800400197943,330539.3,5259308.0,2.28,0.034779787,0.0707988,0.14390766620635986,0.07630247622728348,-0.19528551399707794,-0.1679876744747162
Estepa,356600800400197944,330587.1,5259277.5,1.98,0.03140167,0.06381119,0.19260671734809875,0.09458264708518982,-0.22174061834812164,-0.18633832037448883
Estepa,356600800400197945,330634.9,5259246.9,2.69,0.11707516,0.24904053,0.14552967250347137,0.07750619947910309,-0.18872003257274628,-0.14011521637439728
Estepa,356600800400197946,330682.8,5259216.3,2.43,0.033225957,0.067581676,0.15199699997901917,0.0811411440372467,-0.19688503444194794,-0.14991289377212524
Estepa,356600800400197947,330730.7,5259185.7,2.05,0.034791835,0.07082377,0.15812712907791138,0.08085421472787857,-0.1938616931438446,-0.15789131820201874
Estepa,356600800400197948,330778.6,5259155.1,1.94,0.008243063,0.016554493,0.13899408280849457,0.07010409235954285,-0.20779572427272797,-0.17740774154663086
Estepa,356600800400197949,330826.4,5259124.6,1.94,0.028769253,0.05838294,0.12684808671474457,0.06661388278007507,-0.18482759594917297,-0.15758712589740753
Estepa,356600800400197950,330874.3,5259094.0,1.94,0.016352303,0.03297513,0.12977473437786102,0.06578030437231064,-0.20527076721191406,-0.1808721125125885
Estepa,356600800400197951,330922.2,5259063.4,1.87,0.0070880554,0.014226621,0.1416829228401184,0.07245103269815445,-0.195542573928833,-0.17291168868541718
Estepa,356600800400197952,330970.0,5259032.8,2.05,0.008595558,0.01726547,0.13775767385959625,0.07263386994600296,-0.19249111413955688,-0.16870075464248657
Estepa,356600800400197953,331017.7,5259002.3,3.21,0.08894057,0.1862999,0.1351803094148636,0.06905380636453629,-0.2099248319864273,-0.1816433072090149
Estepa,356600800400197954,331065.5,5258971.8,1.94,0.018340372,0.0370215,0.1302930861711502,0.06679435819387436,-0.20159877836704254,-0.16945922374725342
Estepa,356600800400197955,331113.4,5258941.2,1.9,0.022138208,0.04477419,0.12232950329780579,0.06307495385408401,-0.19616904854774475,-0.17023086547851562
Estepa,356600800400197956,331161.3,5258910.6,1.9,0.005835789,0.011705789,0.13066700100898743,0.0677461251616478,-0.1969018429517746,-0.17489126324653625
Estepa,356600800400197957,331209.2,5258880.0,1.94,0.005979601,0.011995124,0.1309231072664261,0.06689176708459854,-0.1975596398115158,-0.17641954123973846
Estepa,356600800400197958,331257.1,5258849.4,1.9,0.005621201,0.011274138,0.11077014356851578,0.05941406264901161,-0.18631865084171295,-0.16370779275894165
Estepa,356600800400197959,331305.1,5258818.7,2.13,0.03021067,0.06135343,0.10894647985696793,0.0570954829454422,-0.20239931344985962,-0.17613910138607025
Estepa,356600800400197960,331353.1,5258788.0,2.92,0.061256316,0.12642816,0.10903191566467285,0.055602602660655975,-0.20853619277477264,-0.18904855847358704
Estepa,356600800400197961,331401.1,5258757.3,3.48,0.11504932,0.24445647,0.11580660939216614,0.05754299834370613,-0.22011594474315643,-0.202558696269989
Estepa,356600800400197962,331449.2,5258726.5,2.17,0.014795333,0.02981189,0.13750524818897247,0.06785304844379425,-0.21967925131320953,-0.19974860548973083
Estepa,356600800400197963,331497.1,5258695.8,1.9,0.011700516,0.023539098,0.12299581617116928,0.06123210862278938,-0.22131192684173584,-0.20339836180210114
Estepa,356600800400197964,331545.1,5258665.2,1.98,0.01680271,0.033891134,0.1473647952079773,0.06903049349784851,-0.24434679746627808,-0.2311648577451706
Estepa,356600800400197965,331593.0,5258634.6,1.94,0.013835008,0.027863331,0.15145286917686462,0.06955723464488983,-0.2490341067314148,-0.23159708082675934
Estepa,356600800400197966,331640.9,5258604.0,1.87,0.012907911,0.02598399,0.15524420142173767,0.07087548822164536,-0.24875429272651672,-0.22907696664333344
Estepa,356600800400197967,331688.7,5258573.5,2.28,0.009784638,0.019665705,0.15229228138923645,0.06979459524154663,-0.24575397372245789,-0.22406329214572906
Estepa,356600800400197968,331736.3,5258543.1,3.7,0.07371403,0.15314831,0.15961343050003052,0.07153908908367157,-0.2508643865585327,-0.22586587071418762
Estepa,356600800400197969,331784.1,5258512.6,3.25,0.07433459,0.15448871,0.14888375997543335,0.07129061967134476,-0.2180318981409073,-0.19280529022216797
Estepa,356600800400197970,331832.0,5258482.0,2.77,0.06040445,0.12461401,0.11888248473405838,0.05751411244273186,-0.20235708355903625,-0.1872454136610031
Estepa,356600800400197971,331880.0,5258451.3,2.99,0.021136668,0.042726777,0.10672677308320999,0.05300803482532501,-0.19603702425956726,-0.17954999208450317
Estepa,356600800400197972,331928.0,5258420.6,3.74,0.05376507,0.11053075,0.1061122789978981,0.05371074751019478,-0.19331678748130798,-0.17916762828826904
Estepa,356600800400197973,331976.1,5258389.8,2.99,0.0071361493,0.014323499,0.12780363857746124,0.06756500899791718,-0.18652640283107758,-0.1672884225845337
Estepa,356600800400197974,332024.0,5258359.2,2.32,0.0033958363,0.0068032374,0.11685211211442947,0.060615234076976776,-0.20978659391403198,-0.18609726428985596
Estepa,356600800400197975,332071.5,5258329.0,4.26,0.11860758,0.25251508,0.13710372149944305,0.06924685090780258,-0.22579629719257355,-0.20773246884346008
Estepa,356600800400197976,332119.2,5258298.6,2.09,0.04082155,0.08335739,0.1424139142036438,0.07361016422510147,-0.22721150517463684,-0.20201367139816284
Estepa,356600800400197977,332167.0,5258268.1,1.94,0.015722895,0.03169578,0.14009077847003937,0.06553907692432404,-0.25013020634651184,-0.22687093913555145
Estepa,356600800400197978,332214.8,5258237.6,2.5,0.010878812,0.021876913,0.1503092646598816,0.07582304626703262,-0.21480223536491394,-0.18825389444828033
Estepa,356600800400197979,332262.6,5258207.0,2.05,0.022945607,0.04642625,0.13233116269111633,0.0686890035867691,-0.2162802815437317,-0.16704398393630981
Estepa,356600800400197980,332310.5,5258176.4,1.94,0.012314048,0.024781084,0.13959954679012299,0.0676170140504837,-0.2192716896533966,-0.1962546855211258
Estepa,356600800400197981,332358.3,5258145.9,1.98,0.0036809149,0.0073754205,0.13414989411830902,0.06637988984584808,-0.21974283456802368,-0.19784250855445862
Estepa,356600800400197982,332406.1,5258115.4,2.17,0.04286139,0.08761534,0.11936472356319427,0.06320477277040482,-0.20806758105754852,-0.17880779504776
Estepa,356600800400197983,332454.0,5258084.8,2.02,0.022915334,0.04636428,0.13466519117355347,0.07883183658123016,-0.17262576520442963,-0.13825801014900208
Estepa,356600800400197984,332502.0,5258054.1,2.39,0.008528664,0.017130528,0.14702562987804413,0.072553351521492,-0.21669182181358337,-0.18707798421382904
Estepa,356600800400197985,332550.0,5258023.4,2.47,0.008691841,0.017459719,0.11578342318534851,0.0572674460709095,-0.2211337685585022,-0.19878357648849487
Estepa,356600800400197986,332598.0,5257992.7,2.2,0.012042826,0.02423195,0.10643184185028076,0.05178910121321678,-0.24290169775485992,-0.22823135554790497
Estepa,356600800400197987,332646.0,5257962.0,2.02,0.0072946926,0.0146428915,0.11085651814937592,0.05789538100361824,-0.20595024526119232,-0.18914271891117096
Estepa,356600800400197988,332693.9,5257931.5,1.98,0.0038649417,0.007744869,0.11741464585065842,0.05564155802130699,-0.26757344603538513,-0.2562856078147888
Estepa,356600800400197989,332741.8,5257900.8,1.98,0.007212542,0.01447739,0.12054840475320816,0.057384390383958817,-0.25774484872817993,-0.24698956310749054
Estepa,356600800400197990,332789.7,5257870.2,1.83,0.0046064975,0.009234293,0.12106320261955261,0.057778794318437576,-0.25158989429473877,-0.23736903071403503
Estepa,356600800400197991,332837.6,5257839.7,1.94,0.0014958485,0.0029939383,0.11096929013729095,0.053930651396512985,-0.24584709107875824,-0.2325480729341507
Estepa,356600800400197992,332885.5,5257809.1,1.98,0.0014969584,0.0029961616,0.12897950410842896,0.06204243004322052,-0.25499266386032104,-0.2396450638771057
Estepa,356600800400197993,332933.4,5257778.5,1.94,0.0046734833,0.00936889,0.12489688396453857,0.05848377197980881,-0.27217864990234375,-0.2525232136249542
Estepa,356600800400197994,332981.3,5257748.0,1.9,0.0025542888,0.0051151174,0.12681078910827637,0.06276994943618774,-0.24232032895088196,-0.22774383425712585
Estepa,356600800400197995,333029.1,5257717.5,2.02,0.02675728,0.054244008,0.12329040467739105,0.06017381697893143,-0.24798583984375,-0.22983111441135406
Estepa,356600800400197996,333076.9,5257687.0,2.09,0.032096896,0.06524727,0.12239738553762436,0.059836745262145996,-0.244700089097023,-0.2282363325357437
Estepa,356600800400197997,333124.7,5257656.5,1.87,0.0066453847,0.013335155,0.12819460034370422,0.06127600371837616,-0.254031777381897,-0.2332889437675476
Estepa,356600800400197998,333172.5,5257626.0,2.13,0.0052252915,0.010477999,0.13002359867095947,0.06425128877162933,-0.233536958694458,-0.2095547318458557
Estepa,356600800400197999,333220.1,5257595.7,3.07,0.010042978,0.020187562,0.1554349958896637,0.08423438668251038,-0.20418909192085266,-0.16221517324447632
Estepa,356600800400198000,333267.7,5257565.4,3.14,0.020050561,0.040508863,0.1626361757516861,0.08744510263204575,-0.21564261615276337,-0.16563434898853302
Estepa,356600800400198001,333315.3,5257535.1,2.35,0.023142662,0.046829663,0.130885049700737,0.07805874943733215,-0.16757839918136597,-0.13111825287342072
Estepa,356600800400198002,333363.1,5257504.6,2.2,0.03846605,0.07845179,0.1367291957139969,0.07542329281568527,-0.207943856716156,-0.16886694729328156
Estepa,356600800400198003,333410.9,5257474.2,1.9,0.017053517,0.03440139,0.11781397461891174,0.06348318606615067,-0.1998315453529358,-0.1684204339981079
Estepa,356600800400198004,333458.7,5257443.7,1.83,0.014824359,0.029870816,0.126187264919281,0.06749556213617325,-0.2017834335565567,-0.16739366948604584
Estepa,356600800400198005,333506.5,5257413.1,1.9,0.007587543,0.015232987,0.1363823562860489,0.07091706246137619,-0.22153158485889435,-0.176828071475029
Estepa,356600800400198006,333554.3,5257382.6,1.87,0.011191944,0.02251017,0.1982092261314392,0.10131430625915527,-0.22506935894489288,-0.12395738065242767
Estepa,356600800400198007,333602.2,5257352.1,1.9,0.0068890587,0.013825825,0.23583105206489563,0.14687632024288177,-0.21744130551815033,-0.09887862950563431
Estepa,356600800400198008,333650.0,5257321.5,1.87,0.0023583581,0.0047222907,0.24847166240215302,0.1587291657924652,-0.2222934067249298,-0.08787782490253448
Estepa,356600800400198009,333697.9,5257291.0,1.98,0.0019724504,0.003948799,0.2724362313747406,0.1761048287153244,-0.19563178718090057,-0.05860409513115883
Estepa,356600800400198010,333745.8,5257260.4,1.9,0.007894143,0.015850974,0.26095741987228394,0.17332500219345093,-0.19970862567424774,-0.07256285846233368
Estepa,356600800400198011,333793.6,5257229.8,1.94,0.011274057,0.022676263,0.27536118030548096,0.1784423142671585,-0.17870759963989258,-0.03971809148788452
Estepa,356600800400198012,333841.4,5257199.3,1.94,0.005391063,0.010811313,0.2718017101287842,0.1819155067205429,-0.17385916411876678,-0.04789125546813011
Estepa,356600800400198013,333889.3,5257168.7,1.87,0.020921174,0.042286526,0.27812281250953674,0.1988411545753479,-0.13041085004806519,-0.012072176672518253
Estepa,356600800400198017,334080.6,5257046.5,1.94,0.0040292884,0.008074866,0.29342126846313477,0.20453393459320068,-0.13381102681159973,-0.03677072376012802
Estepa,356601100400192453,319266.3,5265770.1,4.53,0.016635265,0.033550534,0.06424210220575333,0.04318288341164589,-0.12842883169651031,0.026194794103503227
Estepa,356601100400192454,319314.6,5265739.1,4.41,0.013134773,0.026443696,0.17562717199325562,0.106229767203331,-0.16204734146595,-0.010116287507116795
Estepa,356601100400192455,319362.9,5265708.1,3.51,0.0076457975,0.015350387,0.2664816379547119,0.16060540080070496,-0.14848341047763824,-0.01486338209360838
Estepa,356601100400192456,319411.0,5265677.2,4.94,0.005704899,0.011442487,0.2821040451526642,0.17819105088710785,-0.1313064694404602,0.0056528691202402115
Estepa,356601100400192460,319604.9,5265552.6,2.5,0.010551293,0.021214772,0.0939054787158966,0.053811755031347275,-0.1888790726661682,-0.14057497680187225
Estepa,356601100400192461,319652.7,5265522.0,12.95,0.4936708,1.3614804,0.11598365753889084,0.06307164579629898,-0.22639328241348267,-0.18988405168056488
Estepa,356601100400192466,319889.3,5265371.4,3.66,0.0056353468,0.0113025885,0.5214458107948303,0.33067071437835693,0.023134024813771248,0.17849379777908325
Estepa,356601100400192467,319936.9,5265341.0,7.26,0.35261798,0.8697657,0.291066974401474,0.1856999397277832,-0.05450103059411049,0.05435824766755104
Estepa,356601100400192476,320364.0,5265069.2,8.87,0.19160286,0.42543206,0.7502617835998535,0.49515336751937866,0.19804184138774872,0.4462449848651886
Estepa,356601100400192477,320411.6,5265038.9,10.59,0.32369757,0.782332,0.7824889421463013,0.5201143026351929,0.22336043417453766,0.4701135456562042
Estepa,356601100400192478,320459.5,5265008.4,4.94,0.26686576,0.6209155,0.6160213351249695,0.38952648639678955,0.11482776701450348,0.3389721214771271
Estepa,356601100400192479,320507.5,5264977.7,3.59,0.007204518,0.014461223,0.649664044380188,0.4144725799560547,0.129154235124588,0.34399092197418213
Estepa,356601100400192480,320555.2,5264947.4,5.31,0.124676,0.26633316,0.5094794631004333,0.3303211033344269,0.045623209327459335,0.20202666521072388
Estepa,356601100400192481,320602.7,5264917.2,4.26,0.038710814,0.07896091,0.4427483081817627,0.26838648319244385,-0.002707051346078515,0.16979411244392395
Estepa,356601100400192482,320650.4,5264886.8,2.73,0.013345097,0.026869992,0.4216347336769104,0.2564553916454315,-0.0018186593661084771,0.1669311374425888
Estepa,356601100400192483,320698.2,5264856.4,3.96,0.061462566,0.12686747,0.7022134065628052,0.3919509947299957,0.08579563349485397,0.29508692026138306
Estepa,356601100400192484,320746.1,5264825.8,3.96,0.030900726,0.06277703,0.6919400691986084,0.378440797328949,0.11420533061027527,0.3583373725414276
Estepa,356601100400192485,320794.3,5264795.0,7.67,0.060151156,0.124074735,0.34206682443618774,0.1934351921081543,-0.07367100566625595,0.06515516340732574
Estepa,356601100400192486,320842.6,5264764.2,3.81,0.0025964766,0.0051997104,0.25801488757133484,0.14666049182415009,-0.10776399075984955,-0.02990509383380413
Estepa,356601100400192488,320939.2,5264702.5,3.89,0.008410423,0.016892023,0.3064630925655365,0.17747890949249268,-0.1100054457783699,-0.005641322582960129
Estepa,356601100400192489,320987.2,5264671.9,2.58,0.008305996,0.016681405,0.263172447681427,0.15050369501113892,-0.16652679443359375,-0.056271057575941086
Estepa,356601100400192492,321129.7,5264581.5,4.79,0.22776721,0.51698107,0.5957434773445129,0.33216339349746704,0.04021544009447098,0.2183477282524109
Estepa,356601100400192493,321177.7,5264550.8,5.01,0.058959264,0.121539906,0.33778631687164307,0.18140868842601776,-0.11053285002708435,-0.003925817087292671
Estepa,356601100400192501,321563.5,5264304.3,4.26,0.005912387,0.011859889,0.1675940901041031,0.08306463807821274,-0.06789126247167587,0.006680638063699007
Estepa,356601100400192502,321611.8,5264273.5,3.85,0.003987796,0.007991547,0.18411199748516083,0.09448403865098953,-0.10865812003612518,-0.030318716540932655
Estepa,356601100400192503,321659.7,5264242.9,4.0,0.163048,0.35599676,0.22703586518764496,0.11756348609924316,-0.14467467367649078,-0.05146072804927826
Estepa,356601100400192504,321707.5,5264212.4,2.58,0.06507388,0.13457823,0.25029706954956055,0.13566593825817108,-0.14299847185611725,-0.04593532159924507
Estepa,356601100400192505,321755.2,5264182.1,4.08,0.009599437,0.019291673,0.33958864212036133,0.20568101108074188,-0.08459144830703735,0.036929622292518616
Estepa,356601100400192506,321803.0,5264151.6,4.38,0.16152517,0.35236067,0.31490105390548706,0.170829176902771,-0.10614249110221863,0.01260010339319706
Estepa,356601100400192507,321850.9,5264121.0,2.54,0.01330073,0.02678006,0.26984235644340515,0.14206193387508392,-0.11045516282320023,-0.005495964549481869
Estepa,356601100400192508,321898.8,5264090.5,2.65,0.02193512,0.04435883,0.22311311960220337,0.11717578768730164,-0.19796255230903625,-0.10715185850858688
Estepa,356601100400192509,321946.8,5264059.8,2.92,0.021592012,0.04365734,0.17686420679092407,0.1087489128112793,-0.16855934262275696,-0.06067607179284096
Estepa,356601100400192510,321994.9,5264029.0,2.65,0.0072837844,0.014620913,0.27059492468833923,0.1503286361694336,-0.17045274376869202,-0.03970504179596901
Estepa,356601100400192511,322042.9,5263998.4,2.47,0.004130625,0.008278369,0.29146283864974976,0.1646708846092224,-0.12363086640834808,0.003997503779828548
Estepa,356601100400192512,322090.7,5263967.9,5.27,0.20341508,0.4548757,0.2641262710094452,0.1587110161781311,-0.13007290661334991,0.0008139304118230939
Estepa,356601100400192513,322138.4,5263937.5,4.83,0.08544482,0.17863975,0.2629464864730835,0.1690426468849182,-0.11839021742343903,0.03210848197340965
Estepa,356601100400192529,322903.8,5263448.3,5.8,0.012280754,0.02471366,0.26886823773384094,0.1414508819580078,-0.16900873184204102,-0.09945549815893173
Estepa,356601100400192530,322951.4,5263417.9,6.66,0.119128294,0.25369638,0.2712584137916565,0.1518833190202713,-0.13204845786094666,-0.04057174548506737
Estepa,356601100400192535,323188.6,5263266.7,3.44,0.007875433,0.015813252,0.3856635093688965,0.23596777021884918,-0.018232425674796104,0.1387927234172821
Estepa,356601100400192536,323236.2,5263236.3,4.68,0.049964193,0.10251276,0.32250964641571045,0.2037104219198227,0.012341028079390526,0.1470247060060501
Estepa,356601100400192539,323379.1,5263145.2,4.45,0.14400741,0.31100202,0.44652843475341797,0.26852262020111084,0.02299649268388748,0.1794484257698059
Estepa,356601100400192540,323427.0,5263114.5,2.69,0.025130076,0.050902836,0.31010740995407104,0.18329037725925446,-0.0785200297832489,0.03434869647026062
Estepa,356601100400192541,323474.9,5263083.9,3.36,0.0043042176,0.008627025,0.25215399265289307,0.13871315121650696,-0.05847380682826042,0.041964706033468246
Estepa,356601100400192542,323522.8,5263053.4,3.29,0.049595594,0.101736926,0.24361446499824524,0.13121981918811798,-0.07403373718261719,-0.0026616109535098076
Estepa,356601100400192545,323665.1,5262962.8,3.51,0.11468375,0.24362972,0.5141788721084595,0.27709996700286865,-0.03519952669739723,0.15404734015464783
Estepa,356601100400192546,323713.0,5262932.3,7.9,0.17046106,0.37379217,0.5763957500457764,0.3472300171852112,0.08970770239830017,0.2802392244338989
Estepa,356601100400192547,323761.1,5262901.6,3.63,0.03738466,0.07620363,0.30479443073272705,0.16434220969676971,-0.12277369946241379,-0.014732173644006252
Estepa,356601100400192550,323906.3,5262808.8,6.02,0.13717514,0.29510048,0.21783886849880219,0.12376660853624344,-0.17144721746444702,-0.06388717889785767
Estepa,356601100400192558,324294.2,5262560.8,2.47,0.012500786,0.02515925,0.19193685054779053,0.1107892096042633,-0.024027381092309952,0.05820711329579353
Estepa,356601100400192559,324342.2,5262530.2,2.02,0.005906011,0.011847061,0.21075353026390076,0.1186266764998436,-0.06598129868507385,0.02053091675043106
Estepa,356601100400192560,324390.1,5262499.7,2.17,0.007375783,0.014806269,0.2618575394153595,0.14804497361183167,-0.07569614797830582,0.02382451482117176
Estepa,356601100400192561,324438.1,5262469.1,2.09,0.009208187,0.018501738,0.24737800657749176,0.1386963427066803,-0.13372430205345154,-0.02174515835940838
Estepa,356601100400192562,324486.1,5262438.6,2.13,0.008692264,0.017460568,0.22940100729465485,0.13848596811294556,-0.12053021043539047,-0.034934625029563904
Estepa,356601100400192563,324533.9,5262408.2,2.35,0.025548581,0.051761623,0.2717820107936859,0.1520828753709793,-0.1194203719496727,-0.0307864211499691
Estepa,356601100400192564,324581.7,5262377.8,2.24,0.023936251,0.048455104,0.25457847118377686,0.1430320143699646,-0.10721699893474579,-0.019863061606884003
Estepa,356601100400192565,324629.5,5262347.5,3.4,0.085955076,0.17975599,0.29040318727493286,0.17002874612808228,-0.10624193400144577,-0.00973301287740469
Estepa,356601100400192566,324677.2,5262317.2,3.25,0.088649884,0.18566146,0.32476702332496643,0.18448323011398315,-0.11346321552991867,-0.013412670232355595
Estepa,356601100400192567,324724.9,5262286.9,2.95,0.014200308,0.028604314,0.333466112613678,0.18210212886333466,-0.1181003674864769,-0.022631952539086342
Estepa,356601100400192568,324772.6,5262256.5,2.73,0.029388722,0.059658967,0.2904544472694397,0.15451472997665405,-0.14855988323688507,-0.07358166575431824
Estepa,356601100400192569,324820.4,5262226.1,3.29,0.065882556,0.13630898,0.27310386300086975,0.1511649191379547,-0.11036332696676254,-0.030499747022986412
Estepa,356601100400192570,324868.1,5262195.8,4.68,0.09242975,0.19397429,0.30889713764190674,0.17766225337982178,-0.06456825137138367,0.0323745533823967
Estepa,356601100400192573,325011.6,5262104.5,3.36,0.007792694,0.015646467,0.2290244847536087,0.12982434034347534,-0.06899318844079971,0.03673630580306053
Estepa,356601100400192574,325059.4,5262074.0,2.88,0.016644614,0.03356955,0.2578933835029602,0.14429248869419098,-0.06569799035787582,0.038681674748659134
Estepa,356601100400192576,325154.3,5262013.8,6.92,0.04673156,0.09571883,0.29092270135879517,0.17197869718074799,-0.03283541277050972,0.09854046255350113
Estepa,356601100400192577,325202.8,5261982.8,3.18,0.013238506,0.026653938,0.18703784048557281,0.10596982389688492,-0.07326196134090424,0.03374636545777321
Estepa,356601100400192578,325250.6,5261952.3,6.06,0.2357555,0.5377813,0.22946643829345703,0.12522031366825104,-0.07511907815933228,0.022031113505363464
Estepa,356601100400192590,325821.0,5261589.1,2.8,0.012340292,0.024834223,0.5319393873214722,0.3046056032180786,-0.03864116221666336,0.13790690898895264
Estepa,356601100400192591,325868.8,5261558.5,2.69,0.017476046,0.035261292,0.37481197714805603,0.2276046872138977,-0.08721098303794861,0.033839151263237
Estepa,356601100400192592,325916.6,5261527.9,5.99,0.10969461,0.23238967,0.23465877771377563,0.13912838697433472,-0.18156231939792633,-0.08864197134971619
Estepa,356601100400192594,326012.2,5261466.8,4.94,0.053855192,0.11072112,0.20572586357593536,0.11601225286722183,-0.25016582012176514,-0.16809538006782532
Estepa,356601100400192596,326107.7,5261405.8,6.06,0.17409839,0.38258204,0.19863110780715942,0.11057968437671661,-0.23934656381607056,-0.1434383988380432
Estepa,356601100400192597,326155.7,5261375.0,4.34,0.01976905,0.039934378,0.2086126059293747,0.11810406297445297,-0.22281400859355927,-0.12708504498004913
Estepa,356601100400192598,326203.3,5261344.6,4.38,0.039941277,0.081522636,0.2449525147676468,0.1338074505329132,-0.21708041429519653,-0.12284459173679352
Estepa,356601100400192599,326250.8,5261314.3,3.55,0.064833045,0.1340631,0.22817257046699524,0.12334214150905609,-0.22262008488178253,-0.13955165445804596
Estepa,356601100400192600,326298.4,5261283.9,3.66,0.048881188,0.10023407,0.2476312518119812,0.1316239982843399,-0.21090373396873474,-0.13101552426815033
Estepa,356601100400192601,326346.0,5261253.4,3.18,0.025113769,0.050869383,0.2735923230648041,0.16322733461856842,-0.11976419389247894,-0.013940338045358658
Estepa,356601100400192602,326393.7,5261222.9,3.22,0.1659761,0.36300692,0.22733020782470703,0.1281169056892395,-0.09050610661506653,0.006630941294133663
Estepa,356601100400192603,326441.6,5261192.3,1.98,0.008569676,0.017213257,0.1594395637512207,0.0826406255364418,-0.212132528424263,-0.1268000602722168
Estepa,356601100400192604,326489.4,5261161.7,1.94,0.0011250734,0.0022514143,0.229974165558815,0.11727539449930191,-0.2281438261270523,-0.06757093220949173
Estepa,356601100400192605,326537.1,5261131.1,1.98,0.0050585126,0.010142716,0.2471844106912613,0.11984661221504211,-0.27523747086524963,-0.13776938617229462
Estepa,356601100400192606,326584.9,5261100.5,4.97,0.28131843,0.6607452,0.2916162610054016,0.15726739168167114,-0.20698939263820648,-0.08873482793569565
Estepa,356601100400192607,326633.0,5261069.6,4.11,0.0056448225,0.011321648,0.17887812852859497,0.10034625977277756,-0.20586682856082916,-0.1474035382270813
Estepa,356601100400192608,326681.3,5261038.6,4.15,0.07018434,0.14554103,0.1731572300195694,0.0956321656703949,-0.20919638872146606,-0.15638048946857452
Estepa,356601100400192609,326729.3,5261007.9,4.94,0.15653539,0.34049258,0.19152970612049103,0.09648006409406662,-0.2351619452238083,-0.16786037385463715
Estepa,356601100400192610,326777.3,5260977.1,2.54,0.04482496,0.091722585,0.21745000779628754,0.11049649864435196,-0.22803926467895508,-0.15449902415275574
Estepa,356601100400192611,326825.3,5260946.3,6.92,0.15428415,0.33516106,0.2094746232032776,0.11223537474870682,-0.19377125799655914,-0.11277536302804947
Estepa,356601100400192612,326873.5,5260915.4,4.94,0.1899102,0.42124817,0.22459708154201508,0.12658235430717468,-0.19428753852844238,-0.12170694768428802
Estepa,356601100400192613,326921.8,5260884.3,4.53,0.004403993,0.00882745,0.19754868745803833,0.10870285332202911,-0.20255674421787262,-0.13357995450496674
Estepa,356601100400192614,326969.9,5260853.5,3.63,0.10130996,0.21364109,0.21835120022296906,0.1234687939286232,-0.19034206867218018,-0.13160328567028046
Estepa,356601100400192618,327163.1,5260729.7,5.69,0.12757124,0.27295995,0.19481325149536133,0.11927015334367752,-0.11764474958181381,-0.04014413058757782
Estepa,356601100400192619,327211.2,5260698.9,4.53,0.05402252,0.11107487,0.19465292990207672,0.1186145544052124,-0.10713985562324524,-0.03604436665773392
Estepa,356601100400192620,327259.1,5260668.3,4.23,0.04474889,0.09156331,0.21181827783584595,0.12435039132833481,-0.1025763526558876,-0.021181773394346237
Estepa,356601100400192621,327306.9,5260637.8,4.94,0.14910252,0.32294336,0.2209995985031128,0.12618938088417053,-0.11872556805610657,-0.037889521569013596
Estepa,356601100400192622,327354.5,5260607.4,5.24,0.1254699,0.2681481,0.24440747499465942,0.13385449349880219,-0.14191660284996033,-0.05932611972093582
Estepa,356601100400192623,327402.1,5260577.1,4.19,0.11294791,0.23971188,0.28636786341667175,0.14973792433738708,-0.16112276911735535,-0.0800810381770134
Estepa,356601100400192624,327449.8,5260546.8,2.58,0.038523912,0.07857208,0.2441307157278061,0.1283508837223053,-0.18153463304042816,-0.10897208750247955
Estepa,356601100400192625,327497.4,5260516.4,3.63,0.008490525,0.017053593,0.2122081071138382,0.10713502764701843,-0.19289903342723846,-0.13108304142951965
Estepa,356601100400192626,327544.8,5260486.3,5.24,0.12707916,0.2718321,0.2439793199300766,0.1288401484489441,-0.17113274335861206,-0.09887470304965973
Estepa,356601100400192627,327592.5,5260456.0,4.19,0.10097047,0.21288565,0.23733168840408325,0.12387830764055252,-0.19205278158187866,-0.12232078611850739
Estepa,356601100400192628,327640.0,5260425.7,4.3,0.10822547,0.22909187,0.2375779151916504,0.12323559820652008,-0.1986173689365387,-0.12800854444503784
Estepa,356601100400192629,327687.7,5260395.4,2.84,0.019700872,0.039795276,0.2398173063993454,0.12255652993917465,-0.19607387483119965,-0.12951278686523438
Estepa,356601100400192630,327735.4,5260365.0,3.44,0.10881867,0.23042278,0.23304526507854462,0.11706636846065521,-0.20302307605743408,-0.13773490488529205
Estepa,356601100400192631,327878.9,5260273.6,1.9,0.0053116507,0.010651632,0.18284153938293457,0.09368046373128891,-0.23468667268753052,-0.20074895024299622
Estepa,356601100400192632,327926.8,5260243.1,2.39,0.025243437,0.05113542,0.18056276440620422,0.09336895495653152,-0.19441665709018707,-0.14814823865890503
Estepa,356601100400192633,327974.6,5260212.7,2.43,0.046408996,0.09504218,0.18031245470046997,0.0955694317817688,-0.19411402940750122,-0.1471984088420868
Estepa,356601100400192634,328022.5,5260182.2,2.17,0.03470796,0.07064992,0.18461790680885315,0.09555359929800034,-0.20622223615646362,-0.15888287127017975
Estepa,356601100400192635,328070.3,5260151.8,2.05,0.023604428,0.047775287,0.16951824724674225,0.08600214123725891,-0.21971243619918823,-0.17323240637779236
Estepa,356601100400192636,328118.1,5260121.3,2.05,0.04003215,0.08171195,0.18104706704616547,0.09214585274457932,-0.20670324563980103,-0.16410985589027405
Estepa,356601100400192637,328165.9,5260090.9,2.05,0.027796673,0.05638109,0.2010069340467453,0.1012345552444458,-0.21428567171096802,-0.1660698801279068
Estepa,356601100400192638,328213.7,5260060.4,2.09,0.03690294,0.075203,0.1963104009628296,0.10267847776412964,-0.1826021671295166,-0.12877723574638367
Estepa,356601100400192639,328261.6,5260030.0,2.09,0.030917255,0.06281114,0.17379184067249298,0.08815930783748627,-0.21256345510482788,-0.17231839895248413
Estepa,356601100400192640,328309.4,5259999.5,2.02,0.011044876,0.02221272,0.15620872378349304,0.0777968168258667,-0.2271815985441208,-0.188100665807724
Estepa,356601100400192641,328357.3,5259969.0,1.9,0.00756817,0.015193942,0.16468752920627594,0.08388280123472214,-0.21068637073040009,-0.17604117095470428
Estepa,356601100400192642,328405.1,5259938.6,1.94,0.019233095,0.038841136,0.1722380518913269,0.08858053386211395,-0.2060001939535141,-0.1675606071949005
Estepa,356601100400192643,328453.0,5259908.1,1.87,0.0012025441,0.0024065361,0.16859452426433563,0.08625724166631699,-0.20969410240650177,-0.1766158789396286
Estepa,356601100400192644,328500.9,5259877.5,1.94,0.0036163176,0.007245752,0.1820257008075714,0.08695326745510101,-0.24157865345478058,-0.19441883265972137
Estepa,356601100400192645,328548.8,5259847.0,1.9,0.017635068,0.035585023,0.16321434080600739,0.08051673322916031,-0.23139694333076477,-0.18718530237674713
Estepa,356601100400192646,328596.6,5259816.6,2.32,0.030362502,0.061666545,0.16286049783229828,0.08640023320913315,-0.19690924882888794,-0.15543119609355927
Estepa,356601100400192647,328644.3,5259786.2,2.69,0.032209244,0.06547938,0.15991395711898804,0.08173514157533646,-0.21847468614578247,-0.1824032962322235
Estepa,356601100400192648,328692.1,5259755.8,2.24,0.055609025,0.114432015,0.14289449155330658,0.07312801480293274,-0.20539124310016632,-0.1747472584247589
Estepa,356601100400192649,328739.9,5259725.3,1.9,0.0022582281,0.0045215664,0.18285532295703888,0.09039121866226196,-0.20294135808944702,-0.16925936937332153
Estepa,356601100400192650,328787.8,5259694.8,1.98,0.01731021,0.034923743,0.19041100144386292,0.09113914519548416,-0.23491239547729492,-0.19833147525787354
Estepa,356601100400192651,328835.7,5259664.3,2.09,0.032996923,0.06710787,0.17512637376785278,0.07564616203308105,-0.2946714162826538,-0.2617229223251343
Estepa,356601100400192652,328883.6,5259633.8,2.13,0.02940794,0.05969857,0.16168226301670074,0.0737728476524353,-0.25613176822662354,-0.23741033673286438
Estepa,356601100400192653,328931.4,5259603.3,2.17,0.007925468,0.01591412,0.16530293226242065,0.07228955626487732,-0.2792391777038574,-0.25878676772117615
Estepa,356601100400192654,328979.2,5259572.9,2.09,0.037250817,0.07592556,0.17014576494693756,0.07694314420223236,-0.2601591646671295,-0.23646396398544312
Estepa,356601100400192655,329027.0,5259542.4,1.98,0.01883689,0.03803334,0.14204543828964233,0.06889574974775314,-0.22719618678092957,-0.20345640182495117
Estepa,356601100400192656,329074.8,5259511.9,2.13,0.017309576,0.03492246,0.14182408154010773,0.07267531752586365,-0.20504114031791687,-0.18542736768722534
Estepa,356601100400192657,329122.5,5259481.6,3.14,0.03665673,0.074691765,0.1665142923593521,0.07597210258245468,-0.28074949979782104,-0.25421085953712463
Estepa,356601100400192658,329170.2,5259451.2,2.32,0.025314057,0.051280327,0.19239574670791626,0.08964613825082779,-0.2573096752166748,-0.21101322770118713
Estepa,356601100400192659,329218.0,5259420.7,2.58,0.07633433,0.15881398,0.24531415104866028,0.11737357079982758,-0.22642487287521362,-0.155201256275177
Estepa,356601100400192660,329265.8,5259390.2,2.13,0.008832084,0.017742682,0.20584605634212494,0.09857037663459778,-0.2287830263376236,-0.17526523768901825
Estepa,356601100400192661,329313.7,5259359.7,2.17,0.008665255,0.017406078,0.1474166363477707,0.07596570253372192,-0.20915575325489044,-0.17684710025787354
Estepa,356601100400192662,329361.5,5259329.2,2.2,0.024389906,0.049384892,0.14156535267829895,0.069321408867836,-0.22003847360610962,-0.18795007467269897
Estepa,356601100400192663,329409.3,5259298.7,2.13,0.03399033,0.069163576,0.2611124515533447,0.1303151249885559,-0.20153826475143433,-0.15420420467853546
Estepa,356601100400192664,329457.3,5259268.0,5.01,0.072552055,0.15064062,0.1611931324005127,0.08377805352210999,-0.2060840129852295,-0.16084586083889008
Estepa,356601100400192665,329505.4,5259237.3,1.9,0.0049647675,0.00995428,0.14915648102760315,0.07759025692939758,-0.20978470146656036,-0.18382900953292847
Estepa,356601100400192666,329553.3,5259206.7,1.94,0.010761412,0.021639537,0.130671888589859,0.06412860006093979,-0.21998903155326843,-0.1935139149427414
Estepa,356601100400192667,329601.1,5259176.1,1.94,0.0031400651,0.0062900167,0.16494308412075043,0.0803360715508461,-0.22166378796100616,-0.19614259898662567
Estepa,356601100400192668,329648.9,5259145.6,2.35,0.015082647,0.03039523,0.1808064579963684,0.08174529671669006,-0.2612966299057007,-0.22928595542907715
Estepa,356601100400192669,329696.7,5259115.1,2.77,0.060513295,0.12484555,0.15572959184646606,0.07682657986879349,-0.2241564840078354,-0.19780240952968597
Estepa,356601100400192670,329744.6,5259084.6,2.39,0.047452465,0.09723194,0.1506669968366623,0.07439250499010086,-0.2200251966714859,-0.1909799426794052
Estepa,356601100400192671,329792.4,5259054.0,1.98,0.028218605,0.05724929,0.14357556402683258,0.07243858277797699,-0.2118278443813324,-0.192226842045784
Estepa,356601100400192672,329840.3,5259023.4,1.98,0.02597441,0.05263581,0.1458539217710495,0.07250022888183594,-0.21244734525680542,-0.19264039397239685
Estepa,356601100400192673,329888.2,5258992.8,1.98,0.018887544,0.038136598,0.13546384871006012,0.06677107512950897,-0.2085546851158142,-0.18850404024124146
Estepa,356601100400192674,329936.0,5258962.3,1.98,0.0151416045,0.030514956,0.1438562273979187,0.07108666002750397,-0.2061062902212143,-0.18252287805080414
Estepa,356601100400192675,329983.8,5258931.8,1.83,0.0051970975,0.010421314,0.1431831568479538,0.07107245922088623,-0.21149815618991852,-0.1897943764925003
Estepa,356601100400192676,330031.6,5258901.2,1.9,0.0014176309,0.0028372747,0.12876099348068237,0.06639958918094635,-0.204654261469841,-0.18720901012420654
Estepa,356601100400192677,330079.5,5258870.6,1.9,0.0035192233,0.0070508677,0.12650273740291595,0.06811098754405975,-0.20681801438331604,-0.19150064885616302
Estepa,356601100400192678,330127.4,5258840.0,1.9,0.008836032,0.017750649,0.12990538775920868,0.07645801454782486,-0.20242297649383545,-0.177773579955101
Estepa,356601100400192679,330175.3,5258809.4,1.87,0.005268078,0.010564023,0.13533610105514526,0.071378692984581,-0.21815882623195648,-0.18611033260822296
Estepa,356601100400192680,330223.1,5258778.8,1.9,0.0061327396,0.012303266,0.12020333856344223,0.06438726931810379,-0.19121401011943817,-0.15875190496444702
Estepa,356601100400192681,330271.0,5258748.2,1.9,0.015550784,0.031346075,0.12964428961277008,0.07321921736001968,-0.13182109594345093,-0.085573211312294
Estepa,356601100400192682,330318.9,5258717.5,1.94,0.008527598,0.017128376,0.09545766562223434,0.055450815707445145,-0.13908617198467255,-0.10606182366609573
Estepa,356601100400192683,330366.8,5258686.9,2.05,0.010316316,0.020739859,0.09416845440864563,0.05806715786457062,-0.1457158476114273,-0.12410227209329605
Estepa,356601100400192684,330414.7,5258656.3,2.13,0.019302977,0.038983647,0.0902084931731224,0.05505092442035675,-0.14646846055984497,-0.13071748614311218
Estepa,356601100400192685,330462.6,5258625.6,2.2,0.009373333,0.018835131,0.10428857803344727,0.058082010596990585,-0.16137585043907166,-0.13391119241714478
Estepa,356601100400192686,330510.6,5258595.0,2.65,0.0029010284,0.005810494,0.11294254660606384,0.054856400936841965,-0.22516806423664093,-0.20219269394874573
Estepa,356601100400192687,330558.5,5258564.3,2.05,0.0016551216,0.0033129873,0.12384463846683502,0.059697072952985764,-0.23317238688468933,-0.2149832844734192
Estepa,356601100400192688,330606.4,5258533.6,2.32,0.030975403,0.06293115,0.14034804701805115,0.06830450147390366,-0.23322418332099915,-0.20906656980514526
Estepa,356601100400192689,330654.3,5258503.1,2.2,0.00695301,0.013954618,0.13546429574489594,0.0669638141989708,-0.22700053453445435,-0.19404618442058563
Estepa,356601100400192690,330702.1,5258472.5,2.02,0.03630249,0.073956445,0.14983412623405457,0.07485929131507874,-0.21803191304206848,-0.1908642202615738
Estepa,356601100400192691,330750.0,5258441.9,2.28,0.0044741575,0.0089684045,0.1263451874256134,0.063596211373806,-0.2154504656791687,-0.19388288259506226
Estepa,356601100400192692,330798.0,5258411.2,2.02,0.0007266583,0.0014538453,0.12681514024734497,0.06263622641563416,-0.22724366188049316,-0.20272871851921082
Estepa,356601100400192693,330845.9,5258380.6,1.9,0.009965536,0.020031108,0.1370561569929123,0.06481673568487167,-0.2364475131034851,-0.21465300023555756
Estepa,356601100400192694,330893.7,5258350.1,2.77,0.044545118,0.0911367,0.140541210770607,0.0658247321844101,-0.23899120092391968,-0.21103228628635406
Estepa,356601100400192695,330941.5,5258319.5,1.9,0.0058236783,0.0116814235,0.13368862867355347,0.06568682938814163,-0.21287095546722412,-0.1861315667629242
Estepa,356601100400192696,330989.3,5258288.9,2.02,0.0039077504,0.00783082,0.1271025538444519,0.06446871161460876,-0.19747620820999146,-0.17476965487003326
Estepa,356601100400192697,331037.1,5258258.4,2.28,0.024560357,0.04973435,0.12627094984054565,0.062776580452919,-0.20900900661945343,-0.18986952304840088
Estepa,356601100400192698,331084.9,5258227.9,3.48,0.103144996,0.21772933,0.13116402924060822,0.06708136200904846,-0.20555351674556732,-0.17974461615085602
Estepa,356601100400192699,331132.8,5258197.3,2.2,0.048535366,0.09950699,0.1392674744129181,0.07081733644008636,-0.20466871559619904,-0.17138227820396423
Estepa,356601100400192700,331180.7,5258166.7,2.02,0.022454165,0.0454205,0.14995813369750977,0.07530403137207031,-0.2211046814918518,-0.19487228989601135
Estepa,356601100400192701,331228.6,5258136.1,1.98,0.006314967,0.012670005,0.16769111156463623,0.08873098343610764,-0.2156020849943161,-0.17745190858840942
Estepa,356601100400192702,331276.5,5258105.5,2.05,0.003398929,0.0068094437,0.129886195063591,0.06738051027059555,-0.22952349483966827,-0.20521415770053864
Estepa,356601100400192703,331324.4,5258074.8,2.02,0.0021510255,0.004306687,0.1190335750579834,0.061952657997608185,-0.22713367640972137,-0.20344334840774536
Estepa,356601100400192704,331372.4,5258044.2,1.9,0.005540156,0.011111137,0.13746267557144165,0.06830671429634094,-0.23706232011318207,-0.21203455328941345
Estepa,356601100400192705,331420.3,5258013.6,2.05,0.024262466,0.049123652,0.13646987080574036,0.06907287985086441,-0.21096082031726837,-0.18301862478256226
Estepa,356601100400192706,331468.2,5257983.0,2.24,0.03952709,0.08065996,0.12712536752223969,0.0635751336812973,-0.22904740273952484,-0.19996659457683563
Estepa,356601100400192707,331516.1,5257952.4,2.17,0.04455307,0.091153346,0.12196564674377441,0.061732854694128036,-0.21849244832992554,-0.1911381334066391
Estepa,356601100400192708,331563.9,5257921.8,2.2,0.034237765,0.06967594,0.12793530523777008,0.06428544968366623,-0.22452425956726074,-0.20288392901420593
Estepa,356601100400192709,331611.8,5257891.2,2.32,0.0525512,0.10796649,0.1301141381263733,0.06440239399671555,-0.22871163487434387,-0.20864182710647583
Estepa,356601100400192710,331659.7,5257860.6,2.05,0.01531513,0.030867375,0.12870870530605316,0.06385955214500427,-0.22049301862716675,-0.1959296315908432
Estepa,356601100400192711,331707.6,5257830.0,2.24,0.044912804,0.091906525,0.07971076667308807,0.04922007769346237,-0.12994259595870972,-0.08055379986763
Estepa,356601100400192712,331755.5,5257799.4,2.02,0.017291699,0.03488607,0.12587769329547882,0.06475530564785004,-0.20966185629367828,-0.18832312524318695
Estepa,356601100400192713,331803.5,5257768.7,2.05,0.002030219,0.004064568,0.11745728552341461,0.059319060295820236,-0.2088823765516281,-0.19057345390319824
Estepa,356601100400192714,331851.4,5257738.1,2.02,0.005687694,0.01140788,0.1213255450129509,0.059578802436590195,-0.24527321755886078,-0.22401775419712067
Estepa,356601100400192715,331899.3,5257707.4,1.9,0.011447504,0.023027139,0.12552255392074585,0.06160026043653488,-0.24392694234848022,-0.22055363655090332
Estepa,356601100400192716,331947.2,5257676.8,1.9,0.0017138438,0.00343063,0.12157579511404037,0.06090696528553963,-0.23280787467956543,-0.20694127678871155
Estepa,356601100400192717,331995.0,5257646.4,3.48,0.013987291,0.028172186,0.14565469324588776,0.07113945484161377,-0.24888651072978973,-0.2202492356300354
Estepa,356601100400192718,332042.7,5257616.0,2.2,0.04538843,0.092902794,0.12393845617771149,0.0653986856341362,-0.22455734014511108,-0.1862218976020813
Estepa,356601100400192719,332090.9,5257585.0,4.23,0.0062012584,0.0124411555,0.1020471528172493,0.057180121541023254,-0.16290046274662018,-0.11336726695299149
Estepa,356601100400192723,332282.9,5257462.3,1.9,0.0147688,0.029758018,0.12681131064891815,0.061798445880413055,-0.26604852080345154,-0.23582236468791962
Estepa,356601100400192724,332330.8,5257431.7,1.87,0.004154132,0.00832558,0.1282823383808136,0.0630991980433464,-0.264132022857666,-0.24097251892089844
Estepa,356601100400192725,332378.6,5257401.2,2.24,0.043896005,0.08977837,0.1296304166316986,0.06534436345100403,-0.2524394392967224,-0.22228312492370605
Estepa,356601100400192726,332426.5,5257370.6,2.5,0.006224994,0.012488923,0.12676924467086792,0.06511245667934418,-0.24816735088825226,-0.21727879345417023
Estepa,356601100400192727,332474.4,5257340.0,2.69,0.0069074533,0.013862869,0.12344912439584732,0.06596393883228302,-0.2269412726163864,-0.19552379846572876
Estepa,356601100400192728,332522.2,5257309.5,3.03,0.0098260995,0.019749446,0.11344291269779205,0.061429575085639954,-0.21749673783779144,-0.18427027761936188
Estepa,356601100400192729,332570.1,5257278.9,3.63,0.06771579,0.14023805,0.11547914147377014,0.0626482143998146,-0.21967829763889313,-0.17781300842761993
Estepa,356601100400192730,332618.0,5257248.3,3.7,0.03623764,0.07382186,0.11637691408395767,0.06380763649940491,-0.21177387237548828,-0.17537960410118103
Estepa,356601100400192731,332665.9,5257217.7,3.85,0.04048968,0.08266543,0.11691252142190933,0.06393632292747498,-0.22161242365837097,-0.1798858791589737
Estepa,356601100400192732,332713.7,5257187.2,4.49,0.10269724,0.21673101,0.1137113869190216,0.06242368742823601,-0.21080738306045532,-0.16404275596141815
Estepa,356601100400192733,332761.6,5257156.6,4.64,0.06909831,0.14320627,0.10993940383195877,0.06134462356567383,-0.19651320576667786,-0.15682819485664368
Estepa,356601100400192734,332809.4,5257126.1,4.83,0.13958378,0.30069196,0.12099116295576096,0.06830606609582901,-0.19718673825263977,-0.15989424288272858
Estepa,356601100400192735,332857.2,5257095.6,4.45,0.13575818,0.29181838,0.1204896867275238,0.06744994223117828,-0.19207672774791718,-0.1528429090976715
Estepa,356601100400192736,332904.9,5257065.2,4.45,0.09319503,0.19566153,0.11527504026889801,0.0655958503484726,-0.17770805954933167,-0.13791196048259735
Estepa,356601100400192737,332952.7,5257034.7,3.78,0.044023544,0.09004519,0.1142730712890625,0.0638154074549675,-0.18645180761814117,-0.1499028503894806
Estepa,356601100400192738,333000.4,5257004.3,2.62,0.0744868,0.15481737,0.12616997957229614,0.06820780038833618,-0.19625432789325714,-0.16115494072437286
Estepa,356601100400192739,333048.3,5256973.7,1.94,0.0032384181,0.006487353,0.11503847688436508,0.05988086014986038,-0.21352949738502502,-0.17625701427459717
Estepa,356601100400192740,333096.1,5256943.2,1.9,0.010336565,0.02078078,0.10954499989748001,0.054785747081041336,-0.22414425015449524,-0.19448500871658325
Estepa,356601100400192741,333144.0,5256912.6,1.87,0.0036313008,0.0072758277,0.10603851824998856,0.053744278848171234,-0.21037214994430542,-0.18061156570911407
Estepa,356601100400192742,333191.8,5256882.1,2.24,0.009342275,0.018772425,0.1145353838801384,0.057031016796827316,-0.2357824593782425,-0.20566391944885254
Estepa,356601100400192743,333239.6,5256851.7,2.28,0.048936676,0.10035076,0.1378287822008133,0.07014651596546173,-0.21879734098911285,-0.17516258358955383
Estepa,356601100400192744,333287.4,5256821.2,2.13,0.03921739,0.08001516,0.14640508592128754,0.077303946018219,-0.19134053587913513,-0.13057643175125122
Estepa,356601100400192745,333335.2,5256790.6,2.73,0.07019361,0.14556096,0.14242498576641083,0.07526033371686935,-0.19215351343154907,-0.13091248273849487
Estepa,356601100400192746,333383.1,5256760.1,2.62,0.03929526,0.08017727,0.17682918906211853,0.09142419695854187,-0.1972288340330124,-0.12251773476600647
Estepa,356601100400192747,333431.0,5256729.5,2.54,0.007182035,0.014415931,0.22202247381210327,0.11762116849422455,-0.1682627946138382,-0.06955417990684509
Estepa,356601100400192748,333478.8,5256699.0,3.03,0.12882476,0.27583587,0.39016905426979065,0.23884010314941406,-0.041348885744810104,0.1235552504658699
Estepa,356601100400192749,333526.6,5256668.5,2.35,0.04960851,0.10176411,0.6104917526245117,0.4021497964859009,0.11039265990257263,0.34623798727989197
Estepa,356601100400192750,333574.5,5256637.9,1.94,0.0019716145,0.003947124,0.591069221496582,0.3806695342063904,0.10928820073604584,0.3516199290752411
Estepa,356601100400192751,333622.3,5256607.4,1.98,0.005313191,0.01065473,0.5162193775177002,0.33028778433799744,0.10159672051668167,0.34828895330429077
Estepa,356601100400192752,333670.2,5256576.8,2.02,0.009689699,0.019473955,0.20351916551589966,0.11632069200277328,0.1913849264383316,0.43703019618988037
Estepa,356601100400192754,333765.9,5256515.7,1.94,0.005974983,0.01198583,0.3644167482852936,0.23811207711696625,0.07078462839126587,0.24098899960517883
Estepa,356601100400192755,333813.7,5256485.2,2.05,0.0063251946,0.012690591,0.5059394240379333,0.3156997561454773,0.03819037601351738,0.2619973421096802
Estepa,356601100400192756,333861.6,5256454.6,1.98,0.005628733,0.011289286,0.16321134567260742,0.13957390189170837,-0.05581775680184364,0.03405075520277023
Estepa,356601100400192757,333909.5,5256424.0,1.98,0.0054745465,0.010979191,0.10094302147626877,0.08400114625692368,-0.13205401599407196,-0.07804185152053833
Estepa,356601100400192758,333957.3,5256393.4,2.13,0.0014511297,0.0029043683,0.4101359248161316,0.28570497035980225,-0.01707328110933304,0.12737184762954712
Estepa,356601100400192759,334005.1,5256362.9,2.35,0.013758573,0.02770831,0.2827828526496887,0.16273552179336548,-0.20482629537582397,-0.08416195958852768
Estepa,356601100400192760,334053.2,5256332.1,3.96,0.020219099,0.04085285,0.11724226921796799,0.06937199831008911,-0.1762111783027649,-0.12128768861293793
