coleccion,nivel,aoi,tipo,fecha,id_producto
C2237824918-ORNL_CLOUD,?,BOSQUE_NW_02,,2025-05-31,G4158876699-ORNL_CLOUD
C2237824918-ORNL_CLOUD,?,BOSQUE_NW_02,,2025-06-22,G4158914457-ORNL_CLOUD
C2237824918-ORNL_CLOUD,?,ESTEPA_NW_02,,2025-05-29,G4158762851-ORNL_CLOUD
C2237824918-ORNL_CLOUD,?,ESTEPA_NW_02,,2025-05-31,G4158876699-ORNL_CLOUD
C2237824918-ORNL_CLOUD,?,REGION_ANDINA_CHUBUT,,2025-04-29,G4158806679-ORNL_CLOUD
C2237824918-ORNL_CLOUD,?,REGION_ANDINA_CHUBUT,,2025-05-01,G4158785255-ORNL_CLOUD
C2237824918-ORNL_CLOUD,?,REGION_ANDINA_CHUBUT,,2025-05-02,G4158769471-ORNL_CLOUD
C2237824918-ORNL_CLOUD,?,REGION_ANDINA_CHUBUT,,2025-05-02,G4158910209-ORNL_CLOUD
C2237824918-ORNL_CLOUD,?,REGION_ANDINA_CHUBUT,,2025-05-03,G4158915555-ORNL_CLOUD
C2237824918-ORNL_CLOUD,?,REGION_ANDINA_CHUBUT,,2025-05-05,G4158872306-ORNL_CLOUD
C2237824918-ORNL_CLOUD,?,REGION_ANDINA_CHUBUT,,2025-05-09,G4158852832-ORNL_CLOUD
C2237824918-ORNL_CLOUD,?,REGION_ANDINA_CHUBUT,,2025-05-10,G4158898234-ORNL_CLOUD
C2237824918-ORNL_CLOUD,?,REGION_ANDINA_CHUBUT,,2025-05-10,G4158794433-ORNL_CLOUD
C2237824918-ORNL_CLOUD,?,REGION_ANDINA_CHUBUT,,2025-05-11,G4158826183-ORNL_CLOUD
C2237824918-ORNL_CLOUD,?,REGION_ANDINA_CHUBUT,,2025-05-13,G4158776449-ORNL_CLOUD
C2237824918-ORNL_CLOUD,?,REGION_ANDINA_CHUBUT,,2025-05-14,G4158890490-ORNL_CLOUD
C2237824918-ORNL_CLOUD,?,REGION_ANDINA_CHUBUT,,2025-05-14,G4158815942-ORNL_CLOUD
C2237824918-ORNL_CLOUD,?,REGION_ANDINA_CHUBUT,,2025-05-15,G4158833676-ORNL_CLOUD
C2237824918-ORNL_CLOUD,?,REGION_ANDINA_CHUBUT,,2025-05-17,G4158831857-ORNL_CLOUD
C2237824918-ORNL_CLOUD,?,REGION_ANDINA_CHUBUT,,2025-05-18,G4158797564-ORNL_CLOUD
C2237824918-ORNL_CLOUD,?,REGION_ANDINA_CHUBUT,,2025-05-18,G4158831941-ORNL_CLOUD
C2237824918-ORNL_CLOUD,?,REGION_ANDINA_CHUBUT,,2025-05-22,G4158869368-ORNL_CLOUD
C2237824918-ORNL_CLOUD,?,REGION_ANDINA_CHUBUT,,2025-05-22,G4158915382-ORNL_CLOUD
C2237824918-ORNL_CLOUD,?,REGION_ANDINA_CHUBUT,,2025-05-23,G4158882928-ORNL_CLOUD
C2237824918-ORNL_CLOUD,?,REGION_ANDINA_CHUBUT,,2025-05-29,G4158762851-ORNL_CLOUD
C2237824918-ORNL_CLOUD,?,REGION_ANDINA_CHUBUT,,2025-05-30,G4158857228-ORNL_CLOUD
C2237824918-ORNL_CLOUD,?,REGION_ANDINA_CHUBUT,,2025-05-30,G4158860017-ORNL_CLOUD
C2237824918-ORNL_CLOUD,?,REGION_ANDINA_CHUBUT,,2025-05-31,G4158876699-ORNL_CLOUD
C2237824918-ORNL_CLOUD,?,REGION_ANDINA_CHUBUT,,2025-06-02,G4158730264-ORNL_CLOUD
C2237824918-ORNL_CLOUD,?,REGION_ANDINA_CHUBUT,,2025-06-03,G4158806378-ORNL_CLOUD
C2237824918-ORNL_CLOUD,?,REGION_ANDINA_CHUBUT,,2025-06-03,G4158802108-ORNL_CLOUD
C2237824918-ORNL_CLOUD,?,REGION_ANDINA_CHUBUT,,2025-06-04,G4158730737-ORNL_CLOUD
C2237824918-ORNL_CLOUD,?,REGION_ANDINA_CHUBUT,,2025-06-06,G4158762209-ORNL_CLOUD
C2237824918-ORNL_CLOUD,?,REGION_ANDINA_CHUBUT,,2025-06-07,G4158851997-ORNL_CLOUD
C2237824918-ORNL_CLOUD,?,REGION_ANDINA_CHUBUT,,2025-06-07,G4158914296-ORNL_CLOUD
C2237824918-ORNL_CLOUD,?,REGION_ANDINA_CHUBUT,,2025-06-08,G4158917097-ORNL_CLOUD
C2237824918-ORNL_CLOUD,?,REGION_ANDINA_CHUBUT,,2025-06-09,G4158756953-ORNL_CLOUD
C2237824918-ORNL_CLOUD,?,REGION_ANDINA_CHUBUT,,2025-06-10,G4158892046-ORNL_CLOUD
C2237824918-ORNL_CLOUD,?,REGION_ANDINA_CHUBUT,,2025-06-12,G4158849739-ORNL_CLOUD
C2237824918-ORNL_CLOUD,?,REGION_ANDINA_CHUBUT,,2025-06-13,G4158798713-ORNL_CLOUD
C2237824918-ORNL_CLOUD,?,REGION_ANDINA_CHUBUT,,2025-06-14,G4158815353-ORNL_CLOUD
C2237824918-ORNL_CLOUD,?,REGION_ANDINA_CHUBUT,,2025-06-14,G4158895509-ORNL_CLOUD
C2237824918-ORNL_CLOUD,?,REGION_ANDINA_CHUBUT,,2025-06-14,G4158730272-ORNL_CLOUD
C2237824918-ORNL_CLOUD,?,REGION_ANDINA_CHUBUT,,2025-06-17,G4158770812-ORNL_CLOUD
C2237824918-ORNL_CLOUD,?,REGION_ANDINA_CHUBUT,,2025-06-17,G4158852228-ORNL_CLOUD
C2237824918-ORNL_CLOUD,?,REGION_ANDINA_CHUBUT,,2025-06-18,G4158838743-ORNL_CLOUD
C2237824918-ORNL_CLOUD,?,REGION_ANDINA_CHUBUT,,2025-06-18,G4158899047-ORNL_CLOUD
C2237824918-ORNL_CLOUD,?,REGION_ANDINA_CHUBUT,,2025-06-21,G4158873370-ORNL_CLOUD
C2237824918-ORNL_CLOUD,?,REGION_ANDINA_CHUBUT,,2025-06-21,G4158893073-ORNL_CLOUD
C2237824918-ORNL_CLOUD,?,REGION_ANDINA_CHUBUT,,2025-06-22,G4158903364-ORNL_CLOUD
C2237824918-ORNL_CLOUD,?,REGION_ANDINA_CHUBUT,,2025-06-22,G4158914457-ORNL_CLOUD
C2237824918-ORNL_CLOUD,?,REGION_ANDINA_CHUBUT,,2025-06-26,G4158720656-ORNL_CLOUD
C2237824918-ORNL_CLOUD,?,REGION_ANDINA_CHUBUT,,2025-06-28,G4158916492-ORNL_CLOUD
C2237824918-ORNL_CLOUD,?,REGION_ANDINA_CHUBUT,,2025-06-29,G4158884933-ORNL_CLOUD
BiomassLevel1a,NIVEL 1,BOSQUE_NW_02,SCS__1S,2026-04-23,BIO_S1_SCS__1S_20260423T223143_20260423T223204_T_G01_M03_C01_T014_F192_02_DQDA99
BiomassLevel1a,NIVEL 1,BOSQUE_NW_02,SCS__1S,2026-05-02,BIO_S1_SCS__1S_20260502T223149_20260502T223210_T_G01_M03_C04_T014_F192_02_DQTWHZ
BiomassLevel1a,NIVEL 1,BOSQUE_NW_02,SCS__1S,2026-05-29,BIO_S2_SCS__1S_20260529T223206_20260529T223227_T_G01_M03_C06_T014_F192_02_DS8FMH
BiomassLevel1a,NIVEL 1,BOSQUE_NW_02,SCS__1S,2026-06-09,BIO_S3_SCS__1S_20260609T105815_20260609T105835_T_G01_M03_C02_T036_F274_02_DSRPQ6
BiomassLevel1a,NIVEL 1,BOSQUE_NW_02,SCS__1S,2026-06-18,BIO_S3_SCS__1S_20260618T105820_20260618T105841_T_G01_M03_C05_T036_F274_02_DT8J5H
BiomassLevel1a,NIVEL 1,BOSQUE_NW_02,SCS__1S,2026-06-25,BIO_S2_SCS__1S_20260625T223245_20260625T223305_T_G01_M03_CDR_T014_F192_02_DTM4Y0
BiomassLevel1a,NIVEL 1,BOSQUE_NW_02,SCS__1S,2026-06-06,BIO_S3_SCS__1S_20260606T105812_20260606T105833_T_G01_M03_C01_T036_F274_02_DSM3F1
BiomassLevel1a,NIVEL 1,BOSQUE_NW_02,SCS__1S,2026-06-10,BIO_S3_SCS__1S_20260610T223214_20260610T223234_T_G01_M03_C03_T014_F192_02_DSUO5A
BiomassLevel1a,NIVEL 1,BOSQUE_NW_02,SCS__1S,2026-06-16,BIO_S3_SCS__1S_20260616T223218_20260616T223238_T_G01_M03_C05_T014_F192_02_DT5S04
BiomassLevel1a,NIVEL 1,BOSQUE_NW_02,SCS__1S,2026-06-30,BIO_S2_SCS__1S_20260630T110117_20260630T110137_T_G01_M03_CDR_T036_F274_02_DTUJGO
BiomassLevel1a,NIVEL 1,BOSQUE_NW_02,SCS__1S,2026-07-12,BIO_S1_SCS__1S_20260712T110228_20260712T110248_T_G01_M04_C03_T036_F274_02_DUGS4T
BiomassLevel1a,NIVEL 1,BOSQUE_NW_02,SCS__1S,2026-07-30,BIO_S2_SCS__1S_20260730T110239_20260730T110300_T_G01_M04_C02_T036_F274_02_DVGA8L
BiomassLevel1a,NIVEL 1,BOSQUE_NW_02,SCS__1S,2026-07-24,BIO_S1_SCS__1S_20260724T110236_20260724T110256_T_G01_M04_C07_T036_F274_02_DV302Z
BiomassLevel1a,NIVEL 1,BOSQUE_NW_02,SCS__1S,2026-07-18,BIO_S1_SCS__1S_20260718T110232_20260718T110252_T_G01_M04_C05_T036_F274_02_DURVH4
BiomassLevel1a,NIVEL 1,BOSQUE_NW_02,SCS__1S,2026-08-02,BIO_S2_SCS__1S_20260802T110242_20260802T110302_T_G01_M04_C03_T036_F274_02_DVQVGB
BiomassLevel1a,NIVEL 1,BOSQUE_NW_02,SCS__1S,2026-05-08,BIO_S1_SCS__1S_20260508T223153_20260508T223213_T_G01_M03_C06_T014_F192_02_DR5BN7
BiomassLevel1a,NIVEL 1,BOSQUE_NW_02,SCS__1S,2026-05-17,BIO_S2_SCS__1S_20260517T223159_20260517T223219_T_G01_M03_C02_T014_F192_02_DRLX1M
BiomassLevel1a,NIVEL 1,BOSQUE_NW_02,SCS__1S,2026-05-14,BIO_S2_SCS__1S_20260514T223157_20260514T223218_T_G01_M03_C01_T014_F192_02_DRGE6Z
BiomassLevel1a,NIVEL 1,BOSQUE_NW_02,SCS__1S,2026-04-29,BIO_S1_SCS__1S_20260429T223147_20260429T223208_T_G01_M03_C03_T014_F192_02_DQOE9D
BiomassLevel1a,NIVEL 1,BOSQUE_NW_02,SCS__1S,2026-06-13,BIO_S3_SCS__1S_20260613T223216_20260613T223236_T_G01_M03_C04_T014_F192_02_DT03M5
BiomassLevel1a,NIVEL 1,BOSQUE_NW_02,SCS__1S,2026-06-15,BIO_S3_SCS__1S_20260615T105819_20260615T105839_T_G01_M03_C04_T036_F274_02_DT2VUE
BiomassLevel1a,NIVEL 1,BOSQUE_NW_02,SCS__1S,2026-06-12,BIO_S3_SCS__1S_20260612T105817_20260612T105837_T_G01_M03_C03_T036_F274_02_DSXBIZ
BiomassLevel1a,NIVEL 1,BOSQUE_NW_02,SCS__1S,2026-06-27,BIO_S2_SCS__1S_20260627T105937_20260627T105958_T_G01_M03_CDR_T036_F274_02_DTOXOB
BiomassLevel1a,NIVEL 1,BOSQUE_NW_02,SCS__1S,2026-06-24,BIO_S3_SCS__1S_20260624T105824_20260624T105845_T_G01_M03_C07_T036_F274_02_DTJFRF
BiomassLevel1a,NIVEL 1,BOSQUE_NW_02,SCS__1S,2026-06-22,BIO_S3_SCS__1S_20260622T223221_20260622T223242_T_G01_M03_C07_T014_F192_02_DTGPIY
BiomassLevel1a,NIVEL 1,BOSQUE_NW_02,SCS__1S,2026-07-06,BIO_S1_SCS__1S_20260706T110224_20260706T110245_T_G01_M04_C01_T036_F274_02_DU5OC6
BiomassLevel1a,NIVEL 1,BOSQUE_NW_02,SCS__1S,2026-07-09,BIO_S1_SCS__1S_20260709T110226_20260709T110247_T_G01_M04_C02_T036_F274_02_DUB9F9
BiomassLevel1a,NIVEL 1,BOSQUE_NW_02,SCS__1S,2026-07-15,BIO_S1_SCS__1S_20260715T110230_20260715T110250_T_G01_M04_C04_T036_F274_02_DUMC3R
BiomassLevel1a,NIVEL 1,BOSQUE_NW_02,SCS__1S,2026-08-05,BIO_S2_SCS__1S_20260805T110244_20260805T110304_T_G01_M04_C04_T036_F274_02_DVQLXF
BiomassLevel1a,NIVEL 1,BOSQUE_NW_02,SCS__1S,2026-08-08,BIO_S2_SCS__1S_20260808T110246_20260808T110306_T_G01_M04_C05_T036_F274_02_DVVOH3
BiomassLevel1a,NIVEL 1,BOSQUE_NW_02,SCS__1S,2026-07-27,BIO_S2_SCS__1S_20260727T110238_20260727T110258_T_G01_M04_C01_T036_F274_02_DV8Z0E
BiomassLevel1a,NIVEL 1,BOSQUE_NW_02,SCS__1S,2026-05-05,BIO_S1_SCS__1S_20260505T223151_20260505T223211_T_G01_M03_C05_T014_F192_02_DQZH2Q
BiomassLevel1a,NIVEL 1,BOSQUE_NW_02,SCS__1S,2026-05-11,BIO_S1_SCS__1S_20260511T223155_20260511T223216_T_G01_M03_C07_T014_F192_02_DRAVDN
BiomassLevel1a,NIVEL 1,BOSQUE_NW_02,SCS__1S,2026-04-26,BIO_S1_SCS__1S_20260426T223145_20260426T223206_T_G01_M03_C02_T014_F192_02_DQISJG
BiomassLevel1a,NIVEL 1,BOSQUE_NW_02,SCS__1S,2026-06-04,BIO_S3_SCS__1S_20260604T223209_20260604T223230_T_G01_M03_C01_T014_F192_02_DSJ9N5
BiomassLevel1a,NIVEL 1,BOSQUE_NW_02,SCS__1S,2026-06-19,BIO_S3_SCS__1S_20260619T223220_20260619T223240_T_G01_M03_C06_T014_F192_02_DTB45L
BiomassLevel1a,NIVEL 1,BOSQUE_NW_02,SCS__1S,2026-05-26,BIO_S2_SCS__1S_20260526T223204_20260526T223225_T_G01_M03_C05_T014_F192_02_DS2RZ3
BiomassLevel1a,NIVEL 1,BOSQUE_NW_02,SCS__1S,2026-06-01,BIO_S2_SCS__1S_20260601T223208_20260601T223228_T_G01_M03_C07_T014_F192_02_DSDVAQ
BiomassLevel1a,NIVEL 1,BOSQUE_NW_02,SCS__1S,2026-05-20,BIO_S2_SCS__1S_20260520T223201_20260520T223221_T_G01_M03_C03_T014_F192_02_DRRN7Y
BiomassLevel1a,NIVEL 1,BOSQUE_NW_02,SCS__1S,2026-05-23,BIO_S2_SCS__1S_20260523T223203_20260523T223223_T_G01_M03_C04_T014_F192_02_DRX3BB
BiomassLevel1a,NIVEL 1,BOSQUE_NW_02,SCS__1S,2026-06-07,BIO_S3_SCS__1S_20260607T223212_20260607T223232_T_G01_M03_C02_T014_F192_02_DSP1FJ
BiomassLevel1a,NIVEL 1,BOSQUE_NW_02,SCS__1S,2026-07-21,BIO_S1_SCS__1S_20260721T110234_20260721T110254_T_G01_M04_C06_T036_F274_02_DUXGDJ
BiomassLevel1a,NIVEL 1,BOSQUE_NW_02,SCS__1S,2026-06-21,BIO_S3_SCS__1S_20260621T105822_20260621T105843_T_G01_M03_C06_T036_F274_02_DTDX5N
BiomassLevel1a,NIVEL 1,ESTEPA_NW_02,SCS__1S,2026-02-10,BIO_S1_SCS__1S_20260210T222704_20260210T222724_T_G01_M02_C01_T014_F192_01_DMNRGQ
BiomassLevel1a,NIVEL 1,ESTEPA_NW_02,,2026-02-16,BIO_S1_SCS__1M_20260216T222708_20260216T222728_T_G01_M02_C03_T014_F192_01_DMYV20
BiomassLevel1a,NIVEL 1,ESTEPA_NW_02,SCS__1S,2026-02-22,BIO_S1_SCS__1S_20260222T222711_20260222T222731_T_G01_M02_C05_T014_F192_01_DN9YJZ
BiomassLevel1a,NIVEL 1,ESTEPA_NW_02,SCS__1S,2026-02-28,BIO_S1_SCS__1S_20260228T222715_20260228T222735_T_G01_M02_C07_T014_F192_01_DNL4PE
BiomassLevel1a,NIVEL 1,ESTEPA_NW_02,,2026-02-28,BIO_S1_SCS__1M_20260228T222715_20260228T222735_T_G01_M02_C07_T014_F192_01_DNL4Q7
BiomassLevel1a,NIVEL 1,ESTEPA_NW_02,SCS__1S,2026-02-25,BIO_S1_SCS__1S_20260225T222713_20260225T222733_T_G01_M02_C06_T014_F192_01_DNFL1T
BiomassLevel1a,NIVEL 1,ESTEPA_NW_02,SCS__1S,2026-05-31,BIO_S2_SCS__1S_20260531T105809_20260531T105829_T_G01_M03_C06_T036_F274_02_DSB3IQ
BiomassLevel1a,NIVEL 1,ESTEPA_NW_02,SCS__1S,2026-05-25,BIO_S2_SCS__1S_20260525T105805_20260525T105826_T_G01_M03_C04_T036_F274_02_DRZUS6
BiomassLevel1a,NIVEL 1,ESTEPA_NW_02,SCS__1S,2026-06-09,BIO_S3_SCS__1S_20260609T105815_20260609T105835_T_G01_M03_C02_T036_F274_02_DSRPQ6
BiomassLevel1a,NIVEL 1,ESTEPA_NW_02,SCS__1S,2026-06-18,BIO_S3_SCS__1S_20260618T105820_20260618T105841_T_G01_M03_C05_T036_F274_02_DT8J5H
BiomassLevel1a,NIVEL 1,ESTEPA_NW_02,SCS__1S,2026-06-06,BIO_S3_SCS__1S_20260606T105812_20260606T105833_T_G01_M03_C01_T036_F274_02_DSM3F1
BiomassLevel1a,NIVEL 1,ESTEPA_NW_02,SCS__1S,2026-06-10,BIO_S3_SCS__1S_20260610T223214_20260610T223234_T_G01_M03_C03_T014_F192_02_DSUO5A
BiomassLevel1a,NIVEL 1,ESTEPA_NW_02,SCS__1S,2026-06-16,BIO_S3_SCS__1S_20260616T223218_20260616T223238_T_G01_M03_C05_T014_F192_02_DT5S04
BiomassLevel1a,NIVEL 1,ESTEPA_NW_02,SCS__1S,2026-06-30,BIO_S2_SCS__1S_20260630T110117_20260630T110137_T_G01_M03_CDR_T036_F274_02_DTUJGO
BiomassLevel1a,NIVEL 1,ESTEPA_NW_02,SCS__1S,2026-07-12,BIO_S1_SCS__1S_20260712T110228_20260712T110248_T_G01_M04_C03_T036_F274_02_DUGS4T
BiomassLevel1a,NIVEL 1,ESTEPA_NW_02,SCS__1S,2026-07-24,BIO_S1_SCS__1S_20260724T110236_20260724T110256_T_G01_M04_C07_T036_F274_02_DV302Z
BiomassLevel1a,NIVEL 1,ESTEPA_NW_02,SCS__1S,2026-07-18,BIO_S1_SCS__1S_20260718T110232_20260718T110252_T_G01_M04_C05_T036_F274_02_DURVH4
BiomassLevel1a,NIVEL 1,ESTEPA_NW_02,,2026-02-10,BIO_S1_SCS__1M_20260210T222704_20260210T222724_T_G01_M02_C01_T014_F192_01_DMNRHI
BiomassLevel1a,NIVEL 1,ESTEPA_NW_02,,2026-02-13,BIO_S1_SCS__1M_20260213T222706_20260213T222726_T_G01_M02_C02_T014_F192_01_DMTBUK
BiomassLevel1a,NIVEL 1,ESTEPA_NW_02,SCS__1S,2026-02-13,BIO_S1_SCS__1S_20260213T222706_20260213T222726_T_G01_M02_C02_T014_F192_01_DMTBTU
BiomassLevel1a,NIVEL 1,ESTEPA_NW_02,SCS__1S,2026-02-19,BIO_S1_SCS__1S_20260219T222709_20260219T222730_T_G01_M02_C04_T014_F192_01_DN4EP8
BiomassLevel1a,NIVEL 1,ESTEPA_NW_02,,2026-02-22,BIO_S1_SCS__1M_20260222T222711_20260222T222731_T_G01_M02_C05_T014_F192_01_DN9YKN
BiomassLevel1a,NIVEL 1,ESTEPA_NW_02,,2026-02-25,BIO_S1_SCS__1M_20260225T222713_20260225T222733_T_G01_M02_C06_T014_F192_01_DNFL2T
BiomassLevel1a,NIVEL 1,ESTEPA_NW_02,SCS__1S,2026-05-17,BIO_S2_SCS__1S_20260517T223159_20260517T223219_T_G01_M03_C02_T014_F192_02_DRLX1M
BiomassLevel1a,NIVEL 1,ESTEPA_NW_02,SCS__1S,2026-05-14,BIO_S2_SCS__1S_20260514T223157_20260514T223218_T_G01_M03_C01_T014_F192_02_DRGE6Z
BiomassLevel1a,NIVEL 1,ESTEPA_NW_02,SCS__1S,2026-05-28,BIO_S2_SCS__1S_20260528T105807_20260528T105828_T_G01_M03_C05_T036_F274_02_DS5KSU
BiomassLevel1a,NIVEL 1,ESTEPA_NW_02,SCS__1S,2026-05-19,BIO_S2_SCS__1S_20260519T105802_20260519T105822_T_G01_M03_C02_T036_F274_02_DROQ81
BiomassLevel1a,NIVEL 1,ESTEPA_NW_02,SCS__1S,2026-06-03,BIO_S2_SCS__1S_20260603T105810_20260603T105831_T_G01_M03_C07_T036_F274_02_DSGHWW
BiomassLevel1a,NIVEL 1,ESTEPA_NW_02,SCS__1S,2026-06-13,BIO_S3_SCS__1S_20260613T223216_20260613T223236_T_G01_M03_C04_T014_F192_02_DT03M5
BiomassLevel1a,NIVEL 1,ESTEPA_NW_02,SCS__1S,2026-06-15,BIO_S3_SCS__1S_20260615T105819_20260615T105839_T_G01_M03_C04_T036_F274_02_DT2VUE
BiomassLevel1a,NIVEL 1,ESTEPA_NW_02,SCS__1S,2026-06-12,BIO_S3_SCS__1S_20260612T105817_20260612T105837_T_G01_M03_C03_T036_F274_02_DSXBIZ
BiomassLevel1a,NIVEL 1,ESTEPA_NW_02,SCS__1S,2026-06-27,BIO_S2_SCS__1S_20260627T105937_20260627T105958_T_G01_M03_CDR_T036_F274_02_DTOXOB
BiomassLevel1a,NIVEL 1,ESTEPA_NW_02,SCS__1S,2026-06-24,BIO_S3_SCS__1S_20260624T105824_20260624T105845_T_G01_M03_C07_T036_F274_02_DTJFRF
BiomassLevel1a,NIVEL 1,ESTEPA_NW_02,SCS__1S,2026-06-22,BIO_S3_SCS__1S_20260622T223221_20260622T223242_T_G01_M03_C07_T014_F192_02_DTGPIY
BiomassLevel1a,NIVEL 1,ESTEPA_NW_02,SCS__1S,2026-07-06,BIO_S1_SCS__1S_20260706T110224_20260706T110245_T_G01_M04_C01_T036_F274_02_DU5OC6
BiomassLevel1a,NIVEL 1,ESTEPA_NW_02,SCS__1S,2026-07-09,BIO_S1_SCS__1S_20260709T110226_20260709T110247_T_G01_M04_C02_T036_F274_02_DUB9F9
BiomassLevel1a,NIVEL 1,ESTEPA_NW_02,SCS__1S,2026-07-15,BIO_S1_SCS__1S_20260715T110230_20260715T110250_T_G01_M04_C04_T036_F274_02_DUMC3R
BiomassLevel1a,NIVEL 1,ESTEPA_NW_02,,2026-02-19,BIO_S1_SCS__1M_20260219T222709_20260219T222730_T_G01_M02_C04_T014_F192_01_DN4EQ3
BiomassLevel1a,NIVEL 1,ESTEPA_NW_02,SCS__1S,2026-02-16,BIO_S1_SCS__1S_20260216T222708_20260216T222728_T_G01_M02_C03_T014_F192_01_DMYV16
BiomassLevel1a,NIVEL 1,ESTEPA_NW_02,SCS__1S,2026-05-16,BIO_S2_SCS__1S_20260516T105800_20260516T105820_T_G01_M03_C01_T036_F274_02_DRJ5XC
BiomassLevel1a,NIVEL 1,ESTEPA_NW_02,SCS__1S,2026-06-04,BIO_S3_SCS__1S_20260604T223209_20260604T223230_T_G01_M03_C01_T014_F192_02_DSJ9N5
BiomassLevel1a,NIVEL 1,ESTEPA_NW_02,SCS__1S,2026-06-19,BIO_S3_SCS__1S_20260619T223220_20260619T223240_T_G01_M03_C06_T014_F192_02_DTB45L
BiomassLevel1a,NIVEL 1,ESTEPA_NW_02,SCS__1S,2026-05-20,BIO_S2_SCS__1S_20260520T223201_20260520T223221_T_G01_M03_C03_T014_F192_02_DRRN7Y
BiomassLevel1a,NIVEL 1,ESTEPA_NW_02,SCS__1S,2026-05-23,BIO_S2_SCS__1S_20260523T223203_20260523T223223_T_G01_M03_C04_T014_F192_02_DRX3BB
BiomassLevel1a,NIVEL 1,ESTEPA_NW_02,SCS__1S,2026-05-22,BIO_S2_SCS__1S_20260522T105804_20260522T105824_T_G01_M03_C03_T036_F274_02_DRUINB
BiomassLevel1a,NIVEL 1,ESTEPA_NW_02,SCS__1S,2026-06-07,BIO_S3_SCS__1S_20260607T223212_20260607T223232_T_G01_M03_C02_T014_F192_02_DSP1FJ
BiomassLevel1a,NIVEL 1,ESTEPA_NW_02,SCS__1S,2026-07-21,BIO_S1_SCS__1S_20260721T110234_20260721T110254_T_G01_M04_C06_T036_F274_02_DUXGDJ
BiomassLevel1a,NIVEL 1,ESTEPA_NW_02,SCS__1S,2026-06-21,BIO_S3_SCS__1S_20260621T105822_20260621T105843_T_G01_M03_C06_T036_F274_02_DTDX5N
BiomassLevel1a,NIVEL 1,REGION_ANDINA_CHUBUT,SCS__1S,2025-11-21,BIO_S1_SCS__1S_20251121T222258_20251121T222318_T_G01_M01_C01_T014_F194_01_DJVI32
BiomassLevel1a,NIVEL 1,REGION_ANDINA_CHUBUT,SCS__1S,2025-11-21,BIO_S1_SCS__1S_20251121T222258_20251121T222318_T_G01_M01_C01_T014_F194_01_DNGLCM
BiomassLevel1a,NIVEL 1,REGION_ANDINA_CHUBUT,SCS__1S,2025-11-21,BIO_S1_SCS__1S_20251121T222317_20251121T222338_T_G01_M01_C01_T014_F195_01_DJVI3D
BiomassLevel1a,NIVEL 1,REGION_ANDINA_CHUBUT,,2025-11-21,BIO_S1_SCS__1M_20251121T222258_20251121T222318_T_G01_M01_C01_T014_F194_01_DNGLD3
BiomassLevel1a,NIVEL 1,REGION_ANDINA_CHUBUT,SCS__1S,2025-12-18,BIO_S2_SCS__1S_20251218T222314_20251218T222335_T_G01_M01_C03_T014_F194_01_DJVN2O
BiomassLevel1a,NIVEL 1,REGION_ANDINA_CHUBUT,SCS__1S,2025-12-15,BIO_S2_SCS__1S_20251215T222312_20251215T222333_T_G01_M01_C02_T014_F194_01_DJQ51I
BiomassLevel1a,NIVEL 1,REGION_ANDINA_CHUBUT,,2025-12-15,BIO_S2_SCS__1M_20251215T222312_20251215T222333_T_G01_M01_C02_T014_F194_01_DJQ52D
BiomassLevel1a,NIVEL 1,REGION_ANDINA_CHUBUT,SCS__1S,2025-11-27,BIO_S1_SCS__1S_20251127T222321_20251127T222341_T_G01_M01_C03_T014_F195_01_DKIQ4X
BiomassLevel1a,NIVEL 1,REGION_ANDINA_CHUBUT,,2025-11-30,BIO_S1_SCS__1M_20251130T222304_20251130T222324_T_G01_M01_C04_T014_F194_01_DO2AU6
BiomassLevel1a,NIVEL 1,REGION_ANDINA_CHUBUT,SCS__1S,2025-12-24,BIO_S2_SCS__1S_20251224T222318_20251224T222339_T_G01_M01_C05_T014_F194_01_DK6T8D
BiomassLevel1a,NIVEL 1,REGION_ANDINA_CHUBUT,,2025-12-24,BIO_S2_SCS__1M_20251224T222337_20251224T222358_T_G01_M01_C05_T014_F195_01_DK6T4G
BiomassLevel1a,NIVEL 1,REGION_ANDINA_CHUBUT,,2025-12-21,BIO_S2_SCS__1M_20251221T222335_20251221T222356_T_G01_M01_C04_T014_F195_01_DK173M
BiomassLevel1a,NIVEL 1,REGION_ANDINA_CHUBUT,,2025-12-27,BIO_S2_SCS__1M_20251227T222338_20251227T222359_T_G01_M01_C06_T014_F195_01_DKCFRO
BiomassLevel1a,NIVEL 1,REGION_ANDINA_CHUBUT,,2025-12-30,BIO_S2_SCS__1M_20251230T222340_20251230T222401_T_G01_M01_C07_T014_F195_01_DKHYR9
BiomassLevel1a,NIVEL 1,REGION_ANDINA_CHUBUT,SCS__1S,2025-12-27,BIO_S2_SCS__1S_20251227T222319_20251227T222340_T_G01_M01_C06_T014_F194_01_DKCFP5
BiomassLevel1a,NIVEL 1,REGION_ANDINA_CHUBUT,SCS__1S,2025-12-30,BIO_S2_SCS__1S_20251230T222321_20251230T222341_T_G01_M01_C07_T014_F194_01_DKHYGW
BiomassLevel1a,NIVEL 1,REGION_ANDINA_CHUBUT,SCS__1S,2025-11-24,BIO_S1_SCS__1S_20251124T222300_20251124T222320_T_G01_M01_C02_T014_F194_01_DNU33I
BiomassLevel1a,NIVEL 1,REGION_ANDINA_CHUBUT,SCS__1S,2025-11-24,BIO_S1_SCS__1S_20251124T222319_20251124T222339_T_G01_M01_C02_T014_F195_01_DNU33V
BiomassLevel1a,NIVEL 1,REGION_ANDINA_CHUBUT,SCS__1S,2025-11-24,BIO_S1_SCS__1S_20251124T222300_20251124T222320_T_G01_M01_C02_T014_F194_01_DKCWNF
BiomassLevel1a,NIVEL 1,REGION_ANDINA_CHUBUT,SCS__1S,2025-11-24,BIO_S1_SCS__1S_20251124T222319_20251124T222339_T_G01_M01_C02_T014_F195_01_DKCWQA
BiomassLevel1a,NIVEL 1,REGION_ANDINA_CHUBUT,,2025-11-24,BIO_S1_SCS__1M_20251124T222319_20251124T222339_T_G01_M01_C02_T014_F195_01_DKCWQR
BiomassLevel1a,NIVEL 1,REGION_ANDINA_CHUBUT,,2025-11-24,BIO_S1_SCS__1M_20251124T222300_20251124T222320_T_G01_M01_C02_T014_F194_01_DNHNMH
BiomassLevel1a,NIVEL 1,REGION_ANDINA_CHUBUT,,2025-11-24,BIO_S1_SCS__1M_20251124T222319_20251124T222339_T_G01_M01_C02_T014_F195_01_DNHNL6
BiomassLevel1a,NIVEL 1,REGION_ANDINA_CHUBUT,SCS__1S,2025-11-30,BIO_S1_SCS__1S_20251130T222323_20251130T222343_T_G01_M01_C04_T014_F195_01_DKNJCK
BiomassLevel1a,NIVEL 1,REGION_ANDINA_CHUBUT,SCS__1S,2025-12-06,BIO_S1_SCS__1S_20251206T222326_20251206T222347_T_G01_M01_C06_T014_F195_01_DO6T6Z
BiomassLevel1a,NIVEL 1,REGION_ANDINA_CHUBUT,SCS__1S,2025-12-09,BIO_S1_SCS__1S_20251209T222328_20251209T222349_T_G01_M01_C07_T014_F195_01_DO8WN3
BiomassLevel1a,NIVEL 1,REGION_ANDINA_CHUBUT,,2025-12-09,BIO_S1_SCS__1M_20251209T222309_20251209T222330_T_G01_M01_C07_T014_F194_01_DO8WKN
BiomassLevel1a,NIVEL 1,REGION_ANDINA_CHUBUT,,2025-12-12,BIO_S2_SCS__1M_20251212T222330_20251212T222350_T_G01_M01_C01_T014_F195_01_DJKM1Z
BiomassLevel1a,NIVEL 1,REGION_ANDINA_CHUBUT,SCS__1S,2026-02-10,BIO_S1_SCS__1S_20260210T222723_20260210T222743_T_G01_M02_C01_T014_F193_01_DMNRIP
BiomassLevel1a,NIVEL 1,REGION_ANDINA_CHUBUT,SCS__1S,2026-02-10,BIO_S1_SCS__1S_20260210T222645_20260210T222705_T_G01_M02_C01_T014_F191_01_DMNRDI
BiomassLevel1a,NIVEL 1,REGION_ANDINA_CHUBUT,SCS__1S,2026-02-10,BIO_S1_SCS__1S_20260210T222704_20260210T222724_T_G01_M02_C01_T014_F192_01_DMNRGQ
BiomassLevel1a,NIVEL 1,REGION_ANDINA_CHUBUT,,2026-02-13,BIO_S1_SCS__1M_20260213T222803_20260213T222823_T_G01_M02_C02_T014_F195_01_DMTBX5
BiomassLevel1a,NIVEL 1,REGION_ANDINA_CHUBUT,SCS__1S,2026-02-13,BIO_S1_SCS__1S_20260213T222725_20260213T222745_T_G01_M02_C02_T014_F193_01_DMTBT5
BiomassLevel1a,NIVEL 1,REGION_ANDINA_CHUBUT,SCS__1S,2026-02-13,BIO_S1_SCS__1S_20260213T222647_20260213T222707_T_G01_M02_C02_T014_F191_01_DMTC3I
BiomassLevel1a,NIVEL 1,REGION_ANDINA_CHUBUT,,2026-02-16,BIO_S1_SCS__1M_20260216T222648_20260216T222709_T_G01_M02_C03_T014_F191_01_DMYV1D
BiomassLevel1a,NIVEL 1,REGION_ANDINA_CHUBUT,,2026-02-16,BIO_S1_SCS__1M_20260216T222708_20260216T222728_T_G01_M02_C03_T014_F192_01_DMYV20
BiomassLevel1a,NIVEL 1,REGION_ANDINA_CHUBUT,SCS__1S,2026-02-16,BIO_S1_SCS__1S_20260216T222746_20260216T222806_T_G01_M02_C03_T014_F194_01_DMYUUY
BiomassLevel1a,NIVEL 1,REGION_ANDINA_CHUBUT,SCS__1S,2026-02-16,BIO_S1_SCS__1S_20260216T222727_20260216T222747_T_G01_M02_C03_T014_F193_01_DMYUQL
BiomassLevel1a,NIVEL 1,REGION_ANDINA_CHUBUT,,2026-02-19,BIO_S1_SCS__1M_20260219T222747_20260219T222808_T_G01_M02_C04_T014_F194_01_DN4EHT
BiomassLevel1a,NIVEL 1,REGION_ANDINA_CHUBUT,,2026-02-19,BIO_S1_SCS__1M_20260219T222728_20260219T222749_T_G01_M02_C04_T014_F193_01_DN4ENC
BiomassLevel1a,NIVEL 1,REGION_ANDINA_CHUBUT,SCS__1S,2026-02-22,BIO_S1_SCS__1S_20260222T222749_20260222T222810_T_G01_M02_C05_T014_F194_01_DN9YPQ
BiomassLevel1a,NIVEL 1,REGION_ANDINA_CHUBUT,SCS__1S,2026-02-22,BIO_S1_SCS__1S_20260222T222711_20260222T222731_T_G01_M02_C05_T014_F192_01_DN9YJZ
BiomassLevel1a,NIVEL 1,REGION_ANDINA_CHUBUT,SCS__1S,2026-03-03,BIO_S2_SCS__1S_20260303T222755_20260303T222815_T_G01_M02_C01_T014_F194_01_DNQOTU
BiomassLevel1a,NIVEL 1,REGION_ANDINA_CHUBUT,SCS__1S,2026-03-06,BIO_S2_SCS__1S_20260306T222719_20260306T222739_T_G01_M02_C02_T014_F192_01_DNW7Q5
BiomassLevel1a,NIVEL 1,REGION_ANDINA_CHUBUT,,2026-03-03,BIO_S2_SCS__1M_20260303T222736_20260303T222756_T_G01_M02_C01_T014_F193_01_DNQOK3
BiomassLevel1a,NIVEL 1,REGION_ANDINA_CHUBUT,,2026-03-03,BIO_S2_SCS__1M_20260303T222658_20260303T222718_T_G01_M02_C01_T014_F191_01_DNQOVB
BiomassLevel1a,NIVEL 1,REGION_ANDINA_CHUBUT,SCS__1S,2026-02-28,BIO_S1_SCS__1S_20260228T222715_20260228T222735_T_G01_M02_C07_T014_F192_01_DNL4PE
BiomassLevel1a,NIVEL 1,REGION_ANDINA_CHUBUT,,2026-03-06,BIO_S2_SCS__1M_20260306T222757_20260306T222817_T_G01_M02_C02_T014_F194_01_DNW7ND
BiomassLevel1a,NIVEL 1,REGION_ANDINA_CHUBUT,,2026-03-06,BIO_S2_SCS__1M_20260306T222816_20260306T222836_T_G01_M02_C02_T014_F195_01_DNW7RG
BiomassLevel1a,NIVEL 1,REGION_ANDINA_CHUBUT,,2026-02-28,BIO_S1_SCS__1M_20260228T222812_20260228T222832_T_G01_M02_C07_T014_F195_01_DNL50S
BiomassLevel1a,NIVEL 1,REGION_ANDINA_CHUBUT,,2026-02-28,BIO_S1_SCS__1M_20260228T222715_20260228T222735_T_G01_M02_C07_T014_F192_01_DNL4Q7
BiomassLevel1a,NIVEL 1,REGION_ANDINA_CHUBUT,,2026-03-15,BIO_S2_SCS__1M_20260315T222744_20260315T222804_T_G01_M02_C05_T014_F193_01_DOCV8W
BiomassLevel1a,NIVEL 1,REGION_ANDINA_CHUBUT,,2026-03-15,BIO_S2_SCS__1M_20260315T222706_20260315T222726_T_G01_M02_C05_T014_F191_01_DOCW1X
BiomassLevel1a,NIVEL 1,REGION_ANDINA_CHUBUT,,2026-03-09,BIO_S2_SCS__1M_20260309T222759_20260309T222819_T_G01_M02_C03_T014_F194_01_DO1RYG
BiomassLevel1a,NIVEL 1,REGION_ANDINA_CHUBUT,,2026-03-09,BIO_S2_SCS__1M_20260309T222702_20260309T222722_T_G01_M02_C03_T014_F191_01_DO1S0V
BiomassLevel1a,NIVEL 1,REGION_ANDINA_CHUBUT,,2026-03-09,BIO_S2_SCS__1M_20260309T222740_20260309T222800_T_G01_M02_C03_T014_F193_01_DO1RXT
BiomassLevel1a,NIVEL 1,REGION_ANDINA_CHUBUT,SCS__1S,2026-03-12,BIO_S2_SCS__1S_20260312T222742_20260312T222802_T_G01_M02_C04_T014_F193_01_DO7CS4
BiomassLevel1a,NIVEL 1,REGION_ANDINA_CHUBUT,SCS__1S,2026-03-15,BIO_S2_SCS__1S_20260315T222744_20260315T222804_T_G01_M02_C05_T014_F193_01_DOCV89
BiomassLevel1a,NIVEL 1,REGION_ANDINA_CHUBUT,SCS__1S,2026-03-15,BIO_S2_SCS__1S_20260315T222822_20260315T222842_T_G01_M02_C05_T014_F195_01_DOCW0U
BiomassLevel1a,NIVEL 1,REGION_ANDINA_CHUBUT,SCS__1S,2026-03-09,BIO_S2_SCS__1S_20260309T222702_20260309T222722_T_G01_M02_C03_T014_F191_01_DO1RZU
BiomassLevel1a,NIVEL 1,REGION_ANDINA_CHUBUT,SCS__1S,2026-03-09,BIO_S2_SCS__1S_20260309T222721_20260309T222741_T_G01_M02_C03_T014_F192_01_DO1S0I
BiomassLevel1a,NIVEL 1,REGION_ANDINA_CHUBUT,,2026-03-12,BIO_S2_SCS__1M_20260312T222723_20260312T222743_T_G01_M02_C04_T014_F192_01_DO7CV0
BiomassLevel1a,NIVEL 1,REGION_ANDINA_CHUBUT,SCS__1S,2026-03-21,BIO_S2_SCS__1S_20260321T222710_20260321T222730_T_G01_M02_C07_T014_F191_01_DONZ2V
BiomassLevel1a,NIVEL 1,REGION_ANDINA_CHUBUT,,2026-03-26,BIO_S3_SCS__1M_20260326T105352_20260326T105413_T_G01_M02_C01_T036_F275_01_DOWB92
BiomassLevel1a,NIVEL 1,REGION_ANDINA_CHUBUT,SCS__1S,2026-03-24,BIO_S3_SCS__1S_20260324T222828_20260324T222848_T_G01_M02_C01_T014_F195_01_DOTM10
BiomassLevel1a,NIVEL 1,REGION_ANDINA_CHUBUT,SCS__1S,2026-03-24,BIO_S3_SCS__1S_20260324T222750_20260324T222810_T_G01_M02_C01_T014_F193_01_DOTM82
BiomassLevel1a,NIVEL 1,REGION_ANDINA_CHUBUT,SCS__1S,2026-03-18,BIO_S2_SCS__1S_20260318T222805_20260318T222825_T_G01_M02_C06_T014_F194_01_DOIG3R
BiomassLevel1a,NIVEL 1,REGION_ANDINA_CHUBUT,SCS__1S,2026-03-18,BIO_S2_SCS__1S_20260318T222746_20260318T222806_T_G01_M02_C06_T014_F193_01_DOIGC3
BiomassLevel1a,NIVEL 1,REGION_ANDINA_CHUBUT,,2026-03-18,BIO_S2_SCS__1M_20260318T222824_20260318T222844_T_G01_M02_C06_T014_F195_01_DOIFEM
BiomassLevel1a,NIVEL 1,REGION_ANDINA_CHUBUT,SCS__1S,2026-03-18,BIO_S2_SCS__1S_20260318T222727_20260318T222747_T_G01_M02_C06_T014_F192_01_DOIFEC
BiomassLevel1a,NIVEL 1,REGION_ANDINA_CHUBUT,,2026-03-21,BIO_S2_SCS__1M_20260321T222826_20260321T222847_T_G01_M02_C07_T014_F195_01_DONZZC
BiomassLevel1a,NIVEL 1,REGION_ANDINA_CHUBUT,,2026-03-21,BIO_S2_SCS__1M_20260321T222710_20260321T222730_T_G01_M02_C07_T014_F191_01_DONZ3N
BiomassLevel1a,NIVEL 1,REGION_ANDINA_CHUBUT,SCS__1S,2026-04-01,BIO_S3_SCS__1S_20260401T105356_20260401T105417_T_G01_M02_C03_T036_F275_01_DP7F7I
BiomassLevel1a,NIVEL 1,REGION_ANDINA_CHUBUT,,2026-03-27,BIO_S3_SCS__1M_20260327T222811_20260327T222831_T_G01_M02_C02_T014_F194_01_DOZ694
BiomassLevel1a,NIVEL 1,REGION_ANDINA_CHUBUT,SCS__1S,2026-03-27,BIO_S3_SCS__1S_20260327T222811_20260327T222831_T_G01_M02_C02_T014_F194_01_DOZ686
BiomassLevel1a,NIVEL 1,REGION_ANDINA_CHUBUT,SCS__1S,2026-03-29,BIO_S3_SCS__1S_20260329T105336_20260329T105356_T_G01_M02_C02_T036_F274_01_DP1V1I
BiomassLevel1a,NIVEL 1,REGION_ANDINA_CHUBUT,SCS__1S,2026-03-29,BIO_S3_SCS__1S_20260329T105355_20260329T105415_T_G01_M02_C02_T036_F275_01_DP1V6I
BiomassLevel1a,NIVEL 1,REGION_ANDINA_CHUBUT,,2026-03-29,BIO_S3_SCS__1M_20260329T105355_20260329T105415_T_G01_M02_C02_T036_F275_01_DP1V7C
BiomassLevel1a,NIVEL 1,REGION_ANDINA_CHUBUT,,2026-03-29,BIO_S3_SCS__1M_20260329T105336_20260329T105356_T_G01_M02_C02_T036_F274_01_DP1V2C
BiomassLevel1a,NIVEL 1,REGION_ANDINA_CHUBUT,,2026-03-30,BIO_S3_SCS__1M_20260330T222813_20260330T222833_T_G01_M02_C03_T014_F194_01_DP4PGN
BiomassLevel1a,NIVEL 1,REGION_ANDINA_CHUBUT,,2026-03-30,BIO_S3_SCS__1M_20260330T222754_20260330T222814_T_G01_M02_C03_T014_F193_01_DP4PFA
BiomassLevel1a,NIVEL 1,REGION_ANDINA_CHUBUT,SCS__1S,2026-03-30,BIO_S3_SCS__1S_20260330T222754_20260330T222814_T_G01_M02_C03_T014_F193_01_DP4PE3
BiomassLevel1a,NIVEL 1,REGION_ANDINA_CHUBUT,SCS__1S,2026-04-02,BIO_S3_SCS__1S_20260402T222815_20260402T222835_T_G01_M02_C04_T014_F194_01_DPAAOC
BiomassLevel1a,NIVEL 1,REGION_ANDINA_CHUBUT,SCS__1S,2026-04-02,BIO_S3_SCS__1S_20260402T222834_20260402T222854_T_G01_M02_C04_T014_F195_01_DPAALS
BiomassLevel1a,NIVEL 1,REGION_ANDINA_CHUBUT,SCS__1S,2026-04-02,BIO_S3_SCS__1S_20260402T222756_20260402T222816_T_G01_M02_C04_T014_F193_01_DPAABS
BiomassLevel1a,NIVEL 1,REGION_ANDINA_CHUBUT,SCS__1S,2026-02-25,BIO_S1_SCS__1S_20260225T222713_20260225T222733_T_G01_M02_C06_T014_F192_01_DNFL1T
BiomassLevel1a,NIVEL 1,REGION_ANDINA_CHUBUT,SCS__1S,2026-04-11,BIO_S3_SCS__1S_20260411T222821_20260411T222841_T_G01_M02_C07_T014_F194_01_DPQYVE
BiomassLevel1a,NIVEL 1,REGION_ANDINA_CHUBUT,SCS__1S,2026-04-11,BIO_S3_SCS__1S_20260411T222840_20260411T222900_T_G01_M02_C07_T014_F195_01_DPQYQO
BiomassLevel1a,NIVEL 1,REGION_ANDINA_CHUBUT,SCS__1S,2026-04-08,BIO_S3_SCS__1S_20260408T222800_20260408T222820_T_G01_M02_C06_T014_F193_01_DPLFSL
BiomassLevel1a,NIVEL 1,REGION_ANDINA_CHUBUT,SCS__1S,2026-04-23,BIO_S1_SCS__1S_20260423T223143_20260423T223204_T_G01_M03_C01_T014_F192_02_DQDA99
BiomassLevel1a,NIVEL 1,REGION_ANDINA_CHUBUT,SCS__1S,2026-04-23,BIO_S1_SCS__1S_20260423T223221_20260423T223242_T_G01_M03_C01_T014_F194_02_DQDA9O
BiomassLevel1a,NIVEL 1,REGION_ANDINA_CHUBUT,SCS__1S,2026-04-25,BIO_S1_SCS__1S_20260425T105746_20260425T105807_T_G01_M03_C01_T036_F274_02_DQFYYJ
BiomassLevel1a,NIVEL 1,REGION_ANDINA_CHUBUT,SCS__1S,2026-04-26,BIO_S1_SCS__1S_20260426T223126_20260426T223147_T_G01_M03_C02_T014_F191_02_DQISIJ
BiomassLevel1a,NIVEL 1,REGION_ANDINA_CHUBUT,SCS__1S,2026-04-26,BIO_S1_SCS__1S_20260426T223223_20260426T223244_T_G01_M03_C02_T014_F194_02_DQISM8
BiomassLevel1a,NIVEL 1,REGION_ANDINA_CHUBUT,SCS__1S,2026-04-26,BIO_S1_SCS__1S_20260426T223242_20260426T223303_T_G01_M03_C02_T014_F195_02_DQISHR
BiomassLevel1a,NIVEL 1,REGION_ANDINA_CHUBUT,SCS__1S,2026-04-28,BIO_S1_SCS__1S_20260428T105748_20260428T105809_T_G01_M03_C02_T036_F274_02_DQLI77
BiomassLevel1a,NIVEL 1,REGION_ANDINA_CHUBUT,SCS__1S,2026-04-28,BIO_S1_SCS__1S_20260428T105807_20260428T105828_T_G01_M03_C02_T036_F275_02_DQLI3N
BiomassLevel1a,NIVEL 1,REGION_ANDINA_CHUBUT,SCS__1S,2026-05-05,BIO_S1_SCS__1S_20260505T223210_20260505T223230_T_G01_M03_C05_T014_F193_02_DQZI1W
BiomassLevel1a,NIVEL 1,REGION_ANDINA_CHUBUT,SCS__1S,2026-05-01,BIO_S1_SCS__1S_20260501T105809_20260501T105830_T_G01_M03_C03_T036_F275_02_DQR1QL
BiomassLevel1a,NIVEL 1,REGION_ANDINA_CHUBUT,SCS__1S,2026-05-08,BIO_S1_SCS__1S_20260508T223212_20260508T223233_T_G01_M03_C06_T014_F193_02_DR5BTY
BiomassLevel1a,NIVEL 1,REGION_ANDINA_CHUBUT,SCS__1S,2026-05-07,BIO_S1_SCS__1S_20260507T105813_20260507T105833_T_G01_M03_C05_T036_F275_02_DR2H64
BiomassLevel1a,NIVEL 1,REGION_ANDINA_CHUBUT,SCS__1S,2026-05-02,BIO_S1_SCS__1S_20260502T223149_20260502T223210_T_G01_M03_C04_T014_F192_02_DQTWHZ
BiomassLevel1a,NIVEL 1,REGION_ANDINA_CHUBUT,SCS__1S,2026-05-04,BIO_S1_SCS__1S_20260504T105811_20260504T105831_T_G01_M03_C04_T036_F275_02_DQWPDG
BiomassLevel1a,NIVEL 1,REGION_ANDINA_CHUBUT,SCS__1S,2026-05-10,BIO_S1_SCS__1S_20260510T105756_20260510T105816_T_G01_M03_C06_T036_F274_02_DR81F6
BiomassLevel1a,NIVEL 1,REGION_ANDINA_CHUBUT,SCS__1S,2026-05-17,BIO_S2_SCS__1S_20260517T223237_20260517T223258_T_G01_M03_C02_T014_F194_02_DRLX2H
BiomassLevel1a,NIVEL 1,REGION_ANDINA_CHUBUT,SCS__1S,2026-05-14,BIO_S2_SCS__1S_20260514T223254_20260514T223315_T_G01_M03_C01_T014_F195_02_DRGE8M
BiomassLevel1a,NIVEL 1,REGION_ANDINA_CHUBUT,SCS__1S,2026-05-14,BIO_S2_SCS__1S_20260514T223138_20260514T223159_T_G01_M03_C01_T014_F191_02_DRGEL4
BiomassLevel1a,NIVEL 1,REGION_ANDINA_CHUBUT,SCS__1S,2026-05-14,BIO_S2_SCS__1S_20260514T223216_20260514T223237_T_G01_M03_C01_T014_F193_02_DRGDI0
BiomassLevel1a,NIVEL 1,REGION_ANDINA_CHUBUT,SCS__1S,2026-05-16,BIO_S2_SCS__1S_20260516T105722_20260516T105742_T_G01_M03_C01_T036_F272_02_DRJ62X
BiomassLevel1a,NIVEL 1,REGION_ANDINA_CHUBUT,SCS__1S,2026-05-19,BIO_S2_SCS__1S_20260519T105724_20260519T105744_T_G01_M03_C02_T036_F272_02_DROQ6H
BiomassLevel1a,NIVEL 1,REGION_ANDINA_CHUBUT,SCS__1S,2026-05-19,BIO_S2_SCS__1S_20260519T105821_20260519T105841_T_G01_M03_C02_T036_F275_02_DROQKM
BiomassLevel1a,NIVEL 1,REGION_ANDINA_CHUBUT,SCS__1S,2026-05-31,BIO_S2_SCS__1S_20260531T105809_20260531T105829_T_G01_M03_C06_T036_F274_02_DSB3IQ
BiomassLevel1a,NIVEL 1,REGION_ANDINA_CHUBUT,SCS__1S,2026-05-31,BIO_S2_SCS__1S_20260531T105750_20260531T105810_T_G01_M03_C06_T036_F273_02_DSB3FC
BiomassLevel1a,NIVEL 1,REGION_ANDINA_CHUBUT,SCS__1S,2026-05-31,BIO_S2_SCS__1S_20260531T105828_20260531T105848_T_G01_M03_C06_T036_F275_02_DSB3EW
BiomassLevel1a,NIVEL 1,REGION_ANDINA_CHUBUT,SCS__1S,2026-05-29,BIO_S2_SCS__1S_20260529T223147_20260529T223208_T_G01_M03_C06_T014_F191_02_DS8FVP
BiomassLevel1a,NIVEL 1,REGION_ANDINA_CHUBUT,SCS__1S,2026-05-29,BIO_S2_SCS__1S_20260529T223303_20260529T223324_T_G01_M03_C06_T014_F195_02_DS8G8S
BiomassLevel1a,NIVEL 1,REGION_ANDINA_CHUBUT,SCS__1S,2026-05-29,BIO_S2_SCS__1S_20260529T223225_20260529T223246_T_G01_M03_C06_T014_F193_02_DS8GIP
BiomassLevel1a,NIVEL 1,REGION_ANDINA_CHUBUT,SCS__1S,2026-05-29,BIO_S2_SCS__1S_20260529T223206_20260529T223227_T_G01_M03_C06_T014_F192_02_DS8FMH
BiomassLevel1a,NIVEL 1,REGION_ANDINA_CHUBUT,SCS__1S,2026-05-28,BIO_S2_SCS__1S_20260528T105826_20260528T105847_T_G01_M03_C05_T036_F275_02_DS5KQ5
BiomassLevel1a,NIVEL 1,REGION_ANDINA_CHUBUT,SCS__1S,2026-05-22,BIO_S2_SCS__1S_20260522T105745_20260522T105805_T_G01_M03_C03_T036_F273_02_DRUIQA
BiomassLevel1a,NIVEL 1,REGION_ANDINA_CHUBUT,SCS__1S,2026-05-22,BIO_S2_SCS__1S_20260522T105725_20260522T105746_T_G01_M03_C03_T036_F272_02_DRUIQ6
BiomassLevel1a,NIVEL 1,REGION_ANDINA_CHUBUT,SCS__1S,2026-05-23,BIO_S2_SCS__1S_20260523T223144_20260523T223204_T_G01_M03_C04_T014_F191_02_DRX39O
BiomassLevel1a,NIVEL 1,REGION_ANDINA_CHUBUT,SCS__1S,2026-05-23,BIO_S2_SCS__1S_20260523T223241_20260523T223301_T_G01_M03_C04_T014_F194_02_DRX3A7
BiomassLevel1a,NIVEL 1,REGION_ANDINA_CHUBUT,SCS__1S,2026-05-23,BIO_S2_SCS__1S_20260523T223300_20260523T223320_T_G01_M03_C04_T014_F195_02_DRX32S
BiomassLevel1a,NIVEL 1,REGION_ANDINA_CHUBUT,SCS__1S,2026-05-20,BIO_S2_SCS__1S_20260520T223239_20260520T223259_T_G01_M03_C03_T014_F194_02_DRRNAB
BiomassLevel1a,NIVEL 1,REGION_ANDINA_CHUBUT,SCS__1S,2026-05-20,BIO_S2_SCS__1S_20260520T223142_20260520T223202_T_G01_M03_C03_T014_F191_02_DRRN10
BiomassLevel1a,NIVEL 1,REGION_ANDINA_CHUBUT,SCS__1S,2026-05-26,BIO_S2_SCS__1S_20260526T223302_20260526T223322_T_G01_M03_C05_T014_F195_02_DS2S54
BiomassLevel1a,NIVEL 1,REGION_ANDINA_CHUBUT,SCS__1S,2026-05-25,BIO_S2_SCS__1S_20260525T105805_20260525T105826_T_G01_M03_C04_T036_F274_02_DRZUS6
BiomassLevel1a,NIVEL 1,REGION_ANDINA_CHUBUT,SCS__1S,2026-05-25,BIO_S2_SCS__1S_20260525T105824_20260525T105845_T_G01_M03_C04_T036_F275_02_DRZUMB
BiomassLevel1a,NIVEL 1,REGION_ANDINA_CHUBUT,SCS__1S,2026-06-04,BIO_S3_SCS__1S_20260604T223248_20260604T223308_T_G01_M03_C01_T014_F194_02_DSJ9UV
BiomassLevel1a,NIVEL 1,REGION_ANDINA_CHUBUT,SCS__1S,2026-06-04,BIO_S3_SCS__1S_20260604T223228_20260604T223249_T_G01_M03_C01_T014_F193_02_DSJ9F5
BiomassLevel1a,NIVEL 1,REGION_ANDINA_CHUBUT,SCS__1S,2026-06-04,BIO_S3_SCS__1S_20260604T223150_20260604T223211_T_G01_M03_C01_T014_F191_02_DSJ9E4
BiomassLevel1a,NIVEL 1,REGION_ANDINA_CHUBUT,SCS__1S,2026-06-09,BIO_S3_SCS__1S_20260609T105711_20260609T105738_T_G01_M03_C02_T036_F271_02_DSRPOX
BiomassLevel1a,NIVEL 1,REGION_ANDINA_CHUBUT,SCS__1S,2026-06-09,BIO_S3_SCS__1S_20260609T105834_20260609T105854_T_G01_M03_C02_T036_F275_02_DSRPXB
BiomassLevel1a,NIVEL 1,REGION_ANDINA_CHUBUT,SCS__1S,2026-06-09,BIO_S3_SCS__1S_20260609T105815_20260609T105835_T_G01_M03_C02_T036_F274_02_DSRPQ6
BiomassLevel1a,NIVEL 1,REGION_ANDINA_CHUBUT,SCS__1S,2026-06-22,BIO_S3_SCS__1S_20260622T223241_20260622T223301_T_G01_M03_C07_T014_F193_02_DTGPH4
BiomassLevel1a,NIVEL 1,REGION_ANDINA_CHUBUT,SCS__1S,2026-06-22,BIO_S3_SCS__1S_20260622T223319_20260622T223339_T_G01_M03_C07_T014_F195_02_DTGPFI
BiomassLevel1a,NIVEL 1,REGION_ANDINA_CHUBUT,SCS__1S,2026-06-27,BIO_S2_SCS__1S_20260627T105859_20260627T105920_T_G01_M03_CDR_T036_F272_02_DTOXNY
BiomassLevel1a,NIVEL 1,REGION_ANDINA_CHUBUT,SCS__1S,2026-06-27,BIO_S2_SCS__1S_20260627T105840_20260627T105901_T_G01_M03_CDR_T036_F271_02_DTOXRA
BiomassLevel1a,NIVEL 1,REGION_ANDINA_CHUBUT,SCS__1S,2026-06-21,BIO_S3_SCS__1S_20260621T105721_20260621T105746_T_G01_M03_C06_T036_F271_02_DTDX54
BiomassLevel1a,NIVEL 1,REGION_ANDINA_CHUBUT,SCS__1S,2026-06-18,BIO_S3_SCS__1S_20260618T105820_20260618T105841_T_G01_M03_C05_T036_F274_02_DT8J5H
BiomassLevel1a,NIVEL 1,REGION_ANDINA_CHUBUT,SCS__1S,2026-06-19,BIO_S3_SCS__1S_20260619T223239_20260619T223259_T_G01_M03_C06_T014_F193_02_DTB460
BiomassLevel1a,NIVEL 1,REGION_ANDINA_CHUBUT,SCS__1S,2026-06-19,BIO_S3_SCS__1S_20260619T223317_20260619T223337_T_G01_M03_C06_T014_F195_02_DTB4J0
BiomassLevel1a,NIVEL 1,REGION_ANDINA_CHUBUT,SCS__1S,2026-06-24,BIO_S3_SCS__1S_20260624T105724_20260624T105748_T_G01_M03_C07_T036_F271_02_DTJFS5
BiomassLevel1a,NIVEL 1,REGION_ANDINA_CHUBUT,SCS__1S,2026-06-24,BIO_S3_SCS__1S_20260624T105746_20260624T105807_T_G01_M03_C07_T036_F272_02_DTJFPU
BiomassLevel1a,NIVEL 1,REGION_ANDINA_CHUBUT,SCS__1S,2026-06-24,BIO_S3_SCS__1S_20260624T105805_20260624T105826_T_G01_M03_C07_T036_F273_02_DTJFO7
BiomassLevel1a,NIVEL 1,REGION_ANDINA_CHUBUT,SCS__1S,2026-06-24,BIO_S3_SCS__1S_20260624T105843_20260624T105904_T_G01_M03_C07_T036_F275_02_DTJFS6
BiomassLevel1a,NIVEL 1,REGION_ANDINA_CHUBUT,SCS__1S,2026-06-25,BIO_S2_SCS__1S_20260625T223245_20260625T223305_T_G01_M03_CDR_T014_F192_02_DTM4Y0
BiomassLevel1a,NIVEL 1,REGION_ANDINA_CHUBUT,SCS__1S,2026-06-25,BIO_S2_SCS__1S_20260625T223226_20260625T223246_T_G01_M03_CDR_T014_F191_02_DTM525
BiomassLevel1a,NIVEL 1,REGION_ANDINA_CHUBUT,SCS__1S,2026-06-25,BIO_S2_SCS__1S_20260625T223342_20260625T223402_T_G01_M03_CDR_T014_F195_02_DTM55O
BiomassLevel1a,NIVEL 1,REGION_ANDINA_CHUBUT,SCS__1S,2026-06-07,BIO_S3_SCS__1S_20260607T223153_20260607T223213_T_G01_M03_C02_T014_F191_02_DSP1FC
BiomassLevel1a,NIVEL 1,REGION_ANDINA_CHUBUT,SCS__1S,2026-06-06,BIO_S3_SCS__1S_20260606T105753_20260606T105814_T_G01_M03_C01_T036_F273_02_DSM3BR
BiomassLevel1a,NIVEL 1,REGION_ANDINA_CHUBUT,SCS__1S,2026-06-06,BIO_S3_SCS__1S_20260606T105812_20260606T105833_T_G01_M03_C01_T036_F274_02_DSM3F1
BiomassLevel1a,NIVEL 1,REGION_ANDINA_CHUBUT,SCS__1S,2026-06-10,BIO_S3_SCS__1S_20260610T223214_20260610T223234_T_G01_M03_C03_T014_F192_02_DSUO5A
BiomassLevel1a,NIVEL 1,REGION_ANDINA_CHUBUT,SCS__1S,2026-06-10,BIO_S3_SCS__1S_20260610T223311_20260610T223332_T_G01_M03_C03_T014_F195_02_DSUOHM
BiomassLevel1a,NIVEL 1,REGION_ANDINA_CHUBUT,SCS__1S,2026-06-15,BIO_S3_SCS__1S_20260615T105717_20260615T105742_T_G01_M03_C04_T036_F271_02_DT2VO0
BiomassLevel1a,NIVEL 1,REGION_ANDINA_CHUBUT,SCS__1S,2026-06-16,BIO_S3_SCS__1S_20260616T223237_20260616T223257_T_G01_M03_C05_T014_F193_02_DT5RNB
BiomassLevel1a,NIVEL 1,REGION_ANDINA_CHUBUT,SCS__1S,2026-06-16,BIO_S3_SCS__1S_20260616T223218_20260616T223238_T_G01_M03_C05_T014_F192_02_DT5S04
BiomassLevel1a,NIVEL 1,REGION_ANDINA_CHUBUT,SCS__1S,2026-06-13,BIO_S3_SCS__1S_20260613T223313_20260613T223333_T_G01_M03_C04_T014_F195_02_DT03IV
BiomassLevel1a,NIVEL 1,REGION_ANDINA_CHUBUT,SCS__1S,2026-06-13,BIO_S3_SCS__1S_20260613T223157_20260613T223217_T_G01_M03_C04_T014_F191_02_DT03IP
BiomassLevel1a,NIVEL 1,REGION_ANDINA_CHUBUT,SCS__1S,2026-06-13,BIO_S3_SCS__1S_20260613T223235_20260613T223255_T_G01_M03_C04_T014_F193_02_DT03HU
BiomassLevel1a,NIVEL 1,REGION_ANDINA_CHUBUT,SCS__1S,2026-06-12,BIO_S3_SCS__1S_20260612T105758_20260612T105818_T_G01_M03_C03_T036_F273_02_DSXBIC
BiomassLevel1a,NIVEL 1,REGION_ANDINA_CHUBUT,SCS__1S,2026-05-16,BIO_S2_SCS__1S_20260516T105819_20260516T105839_T_G01_M03_C01_T036_F275_02_DRJ5P3
BiomassLevel1a,NIVEL 1,REGION_ANDINA_CHUBUT,SCS__1S,2026-06-30,BIO_S2_SCS__1S_20260630T110117_20260630T110137_T_G01_M03_CDR_T036_F274_02_DTUJGO
BiomassLevel1a,NIVEL 1,REGION_ANDINA_CHUBUT,SCS__1S,2026-06-28,BIO_S2_SCS__1S_20260628T223406_20260628T223426_T_G01_M03_CDR_T014_F191_02_DTRR7W
BiomassLevel1a,NIVEL 1,REGION_ANDINA_CHUBUT,SCS__1S,2026-06-28,BIO_S2_SCS__1S_20260628T223444_20260628T223504_T_G01_M03_CDR_T014_F193_02_DTRR78
BiomassLevel1a,NIVEL 1,REGION_ANDINA_CHUBUT,SCS__1S,2026-07-06,BIO_S1_SCS__1S_20260706T110205_20260706T110226_T_G01_M04_C01_T036_F273_02_DU5O8X
BiomassLevel1a,NIVEL 1,REGION_ANDINA_CHUBUT,SCS__1S,2026-07-06,BIO_S1_SCS__1S_20260706T110127_20260706T110148_T_G01_M04_C01_T036_F271_02_DU5OB5
BiomassLevel1a,NIVEL 1,REGION_ANDINA_CHUBUT,SCS__1S,2026-07-06,BIO_S1_SCS__1S_20260706T110243_20260706T110304_T_G01_M04_C01_T036_F275_02_DU5OEV
BiomassLevel1a,NIVEL 1,REGION_ANDINA_CHUBUT,SCS__1S,2026-07-09,BIO_S1_SCS__1S_20260709T110129_20260709T110149_T_G01_M04_C02_T036_F271_02_DUB9DA
BiomassLevel1a,NIVEL 1,REGION_ANDINA_CHUBUT,SCS__1S,2026-07-09,BIO_S1_SCS__1S_20260709T110148_20260709T110208_T_G01_M04_C02_T036_F272_02_DUB9DA
BiomassLevel1a,NIVEL 1,REGION_ANDINA_CHUBUT,SCS__1S,2026-07-10,BIO_S1_SCS__1S_20260710T223625_20260710T223646_T_G01_M04_C03_T014_F192_02_DUDY7S
BiomassLevel1a,NIVEL 1,REGION_ANDINA_CHUBUT,SCS__1S,2026-07-10,BIO_S1_SCS__1S_20260710T223606_20260710T223627_T_G01_M04_C03_T014_F191_02_DUDY11
BiomassLevel1a,NIVEL 1,REGION_ANDINA_CHUBUT,SCS__1S,2026-07-13,BIO_S1_SCS__1S_20260713T223608_20260713T223628_T_G01_M04_C04_T014_F191_02_DUJIZ9
BiomassLevel1a,NIVEL 1,REGION_ANDINA_CHUBUT,SCS__1S,2026-07-15,BIO_S1_SCS__1S_20260715T110211_20260715T110231_T_G01_M04_C04_T036_F273_02_DUMC96
BiomassLevel1a,NIVEL 1,REGION_ANDINA_CHUBUT,SCS__1S,2026-07-07,BIO_S1_SCS__1S_20260707T223604_20260707T223625_T_G01_M04_C02_T014_F191_02_DU8EJS
BiomassLevel1a,NIVEL 1,REGION_ANDINA_CHUBUT,SCS__1S,2026-07-12,BIO_S1_SCS__1S_20260712T110150_20260712T110210_T_G01_M04_C03_T036_F272_02_DUGS4D
BiomassLevel1a,NIVEL 1,REGION_ANDINA_CHUBUT,SCS__1S,2026-07-12,BIO_S1_SCS__1S_20260712T110228_20260712T110248_T_G01_M04_C03_T036_F274_02_DUGS4T
BiomassLevel1a,NIVEL 1,REGION_ANDINA_CHUBUT,SCS__1S,2025-11-21,BIO_S1_SCS__1S_20251121T222317_20251121T222337_T_G01_M01_C01_T014_F195_02_DV2DV4
BiomassLevel1a,NIVEL 1,REGION_ANDINA_CHUBUT,SCS__1S,2026-08-03,BIO_S2_SCS__1S_20260803T223700_20260803T223720_T_G01_M04_C04_T014_F193_02_DVMEEQ
BiomassLevel1a,NIVEL 1,REGION_ANDINA_CHUBUT,SCS__1S,2026-07-30,BIO_S2_SCS__1S_20260730T110239_20260730T110300_T_G01_M04_C02_T036_F274_02_DVGA8L
BiomassLevel1a,NIVEL 1,REGION_ANDINA_CHUBUT,SCS__1S,2026-07-31,BIO_S2_SCS__1S_20260731T223639_20260731T223659_T_G01_M04_C03_T014_F192_02_DVIM09
BiomassLevel1a,NIVEL 1,REGION_ANDINA_CHUBUT,SCS__1S,2026-07-31,BIO_S2_SCS__1S_20260731T223620_20260731T223640_T_G01_M04_C03_T014_F191_02_DVIM1S
BiomassLevel1a,NIVEL 1,REGION_ANDINA_CHUBUT,SCS__1S,2026-07-31,BIO_S2_SCS__1S_20260731T223658_20260731T223718_T_G01_M04_C03_T014_F193_02_DVIM7D
BiomassLevel1a,NIVEL 1,REGION_ANDINA_CHUBUT,SCS__1S,2026-07-27,BIO_S2_SCS__1S_20260727T110200_20260727T110220_T_G01_M04_C01_T036_F272_02_DV8Z4Y
BiomassLevel1a,NIVEL 1,REGION_ANDINA_CHUBUT,SCS__1S,2026-07-27,BIO_S2_SCS__1S_20260727T110219_20260727T110239_T_G01_M04_C01_T036_F273_02_DV8ZB1
BiomassLevel1a,NIVEL 1,REGION_ANDINA_CHUBUT,SCS__1S,2026-07-27,BIO_S2_SCS__1S_20260727T110140_20260727T110201_T_G01_M04_C01_T036_F271_02_DV8YXZ
BiomassLevel1a,NIVEL 1,REGION_ANDINA_CHUBUT,SCS__1S,2026-07-22,BIO_S1_SCS__1S_20260722T223614_20260722T223634_T_G01_M04_C07_T014_F191_02_DV05UZ
BiomassLevel1a,NIVEL 1,REGION_ANDINA_CHUBUT,SCS__1S,2026-07-21,BIO_S1_SCS__1S_20260721T110137_20260721T110157_T_G01_M04_C06_T036_F271_02_DUXGB5
BiomassLevel1a,NIVEL 1,REGION_ANDINA_CHUBUT,SCS__1S,2026-07-21,BIO_S1_SCS__1S_20260721T110215_20260721T110235_T_G01_M04_C06_T036_F273_02_DUXG6D
BiomassLevel1a,NIVEL 1,REGION_ANDINA_CHUBUT,SCS__1S,2025-11-27,BIO_S1_SCS__1S_20251127T222302_20251127T222322_T_G01_M01_C03_T014_F194_02_DVADCT
BiomassLevel1a,NIVEL 1,REGION_ANDINA_CHUBUT,SCS__1S,2025-11-27,BIO_S1_SCS__1S_20251127T222321_20251127T222341_T_G01_M01_C03_T014_F195_02_DVADC3
BiomassLevel1a,NIVEL 1,REGION_ANDINA_CHUBUT,SCS__1S,2026-07-24,BIO_S1_SCS__1S_20260724T110217_20260724T110237_T_G01_M04_C07_T036_F273_02_DV303O
BiomassLevel1a,NIVEL 1,REGION_ANDINA_CHUBUT,SCS__1S,2026-07-24,BIO_S1_SCS__1S_20260724T110236_20260724T110256_T_G01_M04_C07_T036_F274_02_DV302Z
BiomassLevel1a,NIVEL 1,REGION_ANDINA_CHUBUT,SCS__1S,2026-07-24,BIO_S1_SCS__1S_20260724T110139_20260724T110159_T_G01_M04_C07_T036_F271_02_DV3002
BiomassLevel1a,NIVEL 1,REGION_ANDINA_CHUBUT,SCS__1S,2026-07-24,BIO_S1_SCS__1S_20260724T110158_20260724T110218_T_G01_M04_C07_T036_F272_02_DV306G
BiomassLevel1a,NIVEL 1,REGION_ANDINA_CHUBUT,SCS__1S,2026-07-18,BIO_S1_SCS__1S_20260718T110135_20260718T110155_T_G01_M04_C05_T036_F271_02_DURVGH
BiomassLevel1a,NIVEL 1,REGION_ANDINA_CHUBUT,SCS__1S,2026-07-18,BIO_S1_SCS__1S_20260718T110154_20260718T110214_T_G01_M04_C05_T036_F272_02_DURVKR
BiomassLevel1a,NIVEL 1,REGION_ANDINA_CHUBUT,SCS__1S,2026-07-18,BIO_S1_SCS__1S_20260718T110232_20260718T110252_T_G01_M04_C05_T036_F274_02_DURVH4
BiomassLevel1a,NIVEL 1,REGION_ANDINA_CHUBUT,SCS__1S,2026-07-19,BIO_S1_SCS__1S_20260719T223612_20260719T223632_T_G01_M04_C06_T014_F191_02_DUUM88
BiomassLevel1b,NIVEL 1,BOSQUE_NW_02,,2026-04-29,BIO_S1_DGM__1S_20260429T223147_20260429T223208_T_G01_M03_C03_T014_F192_02_DQOEAO
BiomassLevel1b,NIVEL 1,BOSQUE_NW_02,,2026-05-23,BIO_S2_DGM__1S_20260523T223203_20260523T223223_T_G01_M03_C04_T014_F192_02_DRX3E0
BiomassLevel1b,NIVEL 1,BOSQUE_NW_02,,2026-06-07,BIO_S3_DGM__1S_20260607T223212_20260607T223232_T_G01_M03_C02_T014_F192_02_DSP1HK
BiomassLevel1b,NIVEL 1,BOSQUE_NW_02,,2026-05-08,BIO_S1_DGM__1S_20260508T223153_20260508T223213_T_G01_M03_C06_T014_F192_02_DR5BON
BiomassLevel1b,NIVEL 1,BOSQUE_NW_02,,2026-06-13,BIO_S3_DGM__1S_20260613T223216_20260613T223236_T_G01_M03_C04_T014_F192_02_DT03O7
BiomassLevel1b,NIVEL 1,BOSQUE_NW_02,,2026-06-21,BIO_S3_DGM__1S_20260621T105822_20260621T105843_T_G01_M03_C06_T036_F274_02_DTDX7B
BiomassLevel1b,NIVEL 1,BOSQUE_NW_02,,2026-07-21,BIO_S1_DGM__1S_20260721T110234_20260721T110254_T_G01_M04_C06_T036_F274_02_DUXGEP
BiomassLevel1b,NIVEL 1,BOSQUE_NW_02,,2026-07-30,BIO_S2_DGM__1S_20260730T110240_20260730T110300_T_G01_M04_C02_T036_F274_02_DVGAA2
BiomassLevel1b,NIVEL 1,BOSQUE_NW_02,,2026-08-05,BIO_S2_DGM__1S_20260805T110244_20260805T110304_T_G01_M04_C04_T036_F274_02_DVQLZO
BiomassLevel1b,NIVEL 1,BOSQUE_NW_02,,2026-07-24,BIO_S1_DGM__1S_20260724T110236_20260724T110256_T_G01_M04_C07_T036_F274_02_DV3041
BiomassLevel1b,NIVEL 1,BOSQUE_NW_02,,2026-07-09,BIO_S1_DGM__1S_20260709T110226_20260709T110247_T_G01_M04_C02_T036_F274_02_DUB9GI
BiomassLevel1b,NIVEL 1,BOSQUE_NW_02,,2026-06-19,BIO_S3_DGM__1S_20260619T223220_20260619T223240_T_G01_M03_C06_T014_F192_02_DTB478
BiomassLevel1b,NIVEL 1,BOSQUE_NW_02,,2026-05-11,BIO_S1_DGM__1S_20260511T223155_20260511T223216_T_G01_M03_C07_T014_F192_02_DRAVF1
BiomassLevel1b,NIVEL 1,BOSQUE_NW_02,,2026-05-14,BIO_S2_DGM__1S_20260514T223157_20260514T223218_T_G01_M03_C01_T014_F192_02_DRGE8O
BiomassLevel1b,NIVEL 1,BOSQUE_NW_02,,2026-06-27,BIO_S2_DGM__1S_20260627T105937_20260627T105958_T_G01_M03_CDR_T036_F274_02_DTOXT0
BiomassLevel1b,NIVEL 1,BOSQUE_NW_02,,2026-06-10,BIO_S3_DGM__1S_20260610T223214_20260610T223234_T_G01_M03_C03_T014_F192_02_DSUO75
BiomassLevel1b,NIVEL 1,BOSQUE_NW_02,,2026-06-18,BIO_S3_DGM__1S_20260618T105820_20260618T105841_T_G01_M03_C05_T036_F274_02_DT8J7Y
BiomassLevel1b,NIVEL 1,BOSQUE_NW_02,,2026-05-02,BIO_S1_DGM__1S_20260502T223149_20260502T223210_T_G01_M03_C04_T014_F192_02_DQTWJB
BiomassLevel1b,NIVEL 1,BOSQUE_NW_02,,2026-05-05,BIO_S1_DGM__1S_20260505T223151_20260505T223211_T_G01_M03_C05_T014_F192_02_DQZH4G
BiomassLevel1b,NIVEL 1,BOSQUE_NW_02,,2026-05-17,BIO_S2_DGM__1S_20260517T223159_20260517T223219_T_G01_M03_C02_T014_F192_02_DRLX36
BiomassLevel1b,NIVEL 1,BOSQUE_NW_02,,2026-07-15,BIO_S1_DGM__1S_20260715T110230_20260715T110250_T_G01_M04_C04_T036_F274_02_DUMC4V
BiomassLevel1b,NIVEL 1,BOSQUE_NW_02,,2026-05-20,BIO_S2_DGM__1S_20260520T223201_20260520T223221_T_G01_M03_C03_T014_F192_02_DRRNAQ
BiomassLevel1b,NIVEL 1,BOSQUE_NW_02,,2026-07-12,BIO_S1_DGM__1S_20260712T110228_20260712T110248_T_G01_M04_C03_T036_F274_02_DUGS5U
BiomassLevel1b,NIVEL 1,BOSQUE_NW_02,,2026-07-18,BIO_S1_DGM__1S_20260718T110232_20260718T110252_T_G01_M04_C05_T036_F274_02_DURVI6
BiomassLevel1b,NIVEL 1,BOSQUE_NW_02,,2026-05-26,BIO_S2_DGM__1S_20260526T223205_20260526T223225_T_G01_M03_C05_T014_F192_02_DS2S15
BiomassLevel1b,NIVEL 1,BOSQUE_NW_02,,2026-05-29,BIO_S2_DGM__1S_20260529T223206_20260529T223227_T_G01_M03_C06_T014_F192_02_DS8FO0
BiomassLevel1b,NIVEL 1,BOSQUE_NW_02,,2026-06-09,BIO_S3_DGM__1S_20260609T105815_20260609T105835_T_G01_M03_C02_T036_F274_02_DSRPRG
BiomassLevel1b,NIVEL 1,BOSQUE_NW_02,,2026-06-15,BIO_S3_DGM__1S_20260615T105819_20260615T105839_T_G01_M03_C04_T036_F274_02_DT2VWO
BiomassLevel1b,NIVEL 1,BOSQUE_NW_02,,2026-06-12,BIO_S3_DGM__1S_20260612T105817_20260612T105837_T_G01_M03_C03_T036_F274_02_DSXBKS
BiomassLevel1b,NIVEL 1,BOSQUE_NW_02,,2026-06-16,BIO_S3_DGM__1S_20260616T223218_20260616T223238_T_G01_M03_C05_T014_F192_02_DT5S24
BiomassLevel1b,NIVEL 1,BOSQUE_NW_02,,2026-06-01,BIO_S2_DGM__1S_20260601T223208_20260601T223228_T_G01_M03_C07_T014_F192_02_DSDVDC
BiomassLevel1b,NIVEL 1,BOSQUE_NW_02,,2026-06-06,BIO_S3_DGM__1S_20260606T105812_20260606T105833_T_G01_M03_C01_T036_F274_02_DSM3GC
BiomassLevel1b,NIVEL 1,BOSQUE_NW_02,,2026-04-23,BIO_S1_DGM__1S_20260423T223143_20260423T223204_T_G01_M03_C01_T014_F192_02_DQDAAN
BiomassLevel1b,NIVEL 1,BOSQUE_NW_02,,2026-04-26,BIO_S1_DGM__1S_20260426T223145_20260426T223206_T_G01_M03_C02_T014_F192_02_DQISKZ
BiomassLevel1b,NIVEL 1,BOSQUE_NW_02,,2026-06-22,BIO_S3_DGM__1S_20260622T223222_20260622T223242_T_G01_M03_C07_T014_F192_02_DTGPK6
BiomassLevel1b,NIVEL 1,BOSQUE_NW_02,,2026-06-04,BIO_S3_DGM__1S_20260604T223209_20260604T223230_T_G01_M03_C01_T014_F192_02_DSJ9OU
BiomassLevel1b,NIVEL 1,BOSQUE_NW_02,,2026-06-24,BIO_S3_DGM__1S_20260624T105824_20260624T105845_T_G01_M03_C07_T036_F274_02_DTJFTH
BiomassLevel1b,NIVEL 1,BOSQUE_NW_02,,2026-06-25,BIO_S2_DGM__1S_20260625T223245_20260625T223305_T_G01_M03_CDR_T014_F192_02_DTM4YV
BiomassLevel1b,NIVEL 1,BOSQUE_NW_02,,2026-06-30,BIO_S2_DGM__1S_20260630T110117_20260630T110137_T_G01_M03_CDR_T036_F274_02_DTUJKA
BiomassLevel1b,NIVEL 1,BOSQUE_NW_02,,2026-07-06,BIO_S1_DGM__1S_20260706T110224_20260706T110245_T_G01_M04_C01_T036_F274_02_DU5ODK
BiomassLevel1b,NIVEL 1,BOSQUE_NW_02,,2026-08-02,BIO_S2_DGM__1S_20260802T110242_20260802T110302_T_G01_M04_C03_T036_F274_02_DVQVNI
BiomassLevel1b,NIVEL 1,BOSQUE_NW_02,,2026-07-27,BIO_S2_DGM__1S_20260727T110238_20260727T110258_T_G01_M04_C01_T036_F274_02_DV8Z1P
BiomassLevel1b,NIVEL 1,ESTEPA_NW_02,,2026-02-10,BIO_S1_DGM__1S_20260210T222704_20260210T222724_T_G01_M02_C01_T014_F192_01_DMNRHW
BiomassLevel1b,NIVEL 1,ESTEPA_NW_02,,2026-02-13,BIO_S1_DGM__1S_20260213T222706_20260213T222726_T_G01_M02_C02_T014_F192_01_DMTBUS
BiomassLevel1b,NIVEL 1,ESTEPA_NW_02,,2026-02-25,BIO_S1_DGM__1S_20260225T222713_20260225T222733_T_G01_M02_C06_T014_F192_01_DNFL36
BiomassLevel1b,NIVEL 1,ESTEPA_NW_02,,2026-05-25,BIO_S2_DGM__1S_20260525T105805_20260525T105826_T_G01_M03_C04_T036_F274_02_DRZUXX
BiomassLevel1b,NIVEL 1,ESTEPA_NW_02,,2026-05-28,BIO_S2_DGM__1S_20260528T105807_20260528T105828_T_G01_M03_C05_T036_F274_02_DS5KUO
BiomassLevel1b,NIVEL 1,ESTEPA_NW_02,,2026-06-07,BIO_S3_DGM__1S_20260607T223212_20260607T223232_T_G01_M03_C02_T014_F192_02_DSP1HK
BiomassLevel1b,NIVEL 1,ESTEPA_NW_02,,2026-06-13,BIO_S3_DGM__1S_20260613T223216_20260613T223236_T_G01_M03_C04_T014_F192_02_DT03O7
BiomassLevel1b,NIVEL 1,ESTEPA_NW_02,,2026-06-21,BIO_S3_DGM__1S_20260621T105822_20260621T105843_T_G01_M03_C06_T036_F274_02_DTDX7B
BiomassLevel1b,NIVEL 1,ESTEPA_NW_02,,2026-07-21,BIO_S1_DGM__1S_20260721T110234_20260721T110254_T_G01_M04_C06_T036_F274_02_DUXGEP
BiomassLevel1b,NIVEL 1,ESTEPA_NW_02,,2026-07-09,BIO_S1_DGM__1S_20260709T110226_20260709T110247_T_G01_M04_C02_T036_F274_02_DUB9GI
BiomassLevel1b,NIVEL 1,ESTEPA_NW_02,,2026-06-19,BIO_S3_DGM__1S_20260619T223220_20260619T223240_T_G01_M03_C06_T014_F192_02_DTB478
BiomassLevel1b,NIVEL 1,ESTEPA_NW_02,,2026-05-14,BIO_S2_DGM__1S_20260514T223157_20260514T223218_T_G01_M03_C01_T014_F192_02_DRGE8O
BiomassLevel1b,NIVEL 1,ESTEPA_NW_02,,2026-06-27,BIO_S2_DGM__1S_20260627T105937_20260627T105958_T_G01_M03_CDR_T036_F274_02_DTOXT0
BiomassLevel1b,NIVEL 1,ESTEPA_NW_02,,2026-06-10,BIO_S3_DGM__1S_20260610T223214_20260610T223234_T_G01_M03_C03_T014_F192_02_DSUO75
BiomassLevel1b,NIVEL 1,ESTEPA_NW_02,,2026-06-18,BIO_S3_DGM__1S_20260618T105820_20260618T105841_T_G01_M03_C05_T036_F274_02_DT8J7Y
BiomassLevel1b,NIVEL 1,ESTEPA_NW_02,,2026-05-17,BIO_S2_DGM__1S_20260517T223159_20260517T223219_T_G01_M03_C02_T014_F192_02_DRLX36
BiomassLevel1b,NIVEL 1,ESTEPA_NW_02,,2026-05-19,BIO_S2_DGM__1S_20260519T105802_20260519T105822_T_G01_M03_C02_T036_F274_02_DROQ9W
BiomassLevel1b,NIVEL 1,ESTEPA_NW_02,,2026-05-22,BIO_S2_DGM__1S_20260522T105804_20260522T105824_T_G01_M03_C03_T036_F274_02_DRUIPG
BiomassLevel1b,NIVEL 1,ESTEPA_NW_02,,2026-06-03,BIO_S2_DGM__1S_20260603T105810_20260603T105831_T_G01_M03_C07_T036_F274_02_DSGHYJ
BiomassLevel1b,NIVEL 1,ESTEPA_NW_02,,2026-07-15,BIO_S1_DGM__1S_20260715T110230_20260715T110250_T_G01_M04_C04_T036_F274_02_DUMC4V
BiomassLevel1b,NIVEL 1,ESTEPA_NW_02,,2026-02-19,BIO_S1_DGM__1S_20260219T222709_20260219T222730_T_G01_M02_C04_T014_F192_01_DN4EQD
BiomassLevel1b,NIVEL 1,ESTEPA_NW_02,,2026-02-22,BIO_S1_DGM__1S_20260222T222711_20260222T222731_T_G01_M02_C05_T014_F192_01_DN9YKV
BiomassLevel1b,NIVEL 1,ESTEPA_NW_02,,2026-02-16,BIO_S1_DGM__1S_20260216T222708_20260216T222728_T_G01_M02_C03_T014_F192_01_DMYV2A
BiomassLevel1b,NIVEL 1,ESTEPA_NW_02,,2026-02-28,BIO_S1_DGM__1S_20260228T222715_20260228T222735_T_G01_M02_C07_T014_F192_01_DNL4QF
BiomassLevel1b,NIVEL 1,ESTEPA_NW_02,,2026-05-16,BIO_S2_DGM__1S_20260516T105800_20260516T105820_T_G01_M03_C01_T036_F274_02_DRJ5YR
BiomassLevel1b,NIVEL 1,ESTEPA_NW_02,,2026-05-20,BIO_S2_DGM__1S_20260520T223201_20260520T223221_T_G01_M03_C03_T014_F192_02_DRRNAQ
BiomassLevel1b,NIVEL 1,ESTEPA_NW_02,,2026-07-12,BIO_S1_DGM__1S_20260712T110228_20260712T110248_T_G01_M04_C03_T036_F274_02_DUGS5U
BiomassLevel1b,NIVEL 1,ESTEPA_NW_02,,2026-07-18,BIO_S1_DGM__1S_20260718T110232_20260718T110252_T_G01_M04_C05_T036_F274_02_DURVI6
BiomassLevel1b,NIVEL 1,ESTEPA_NW_02,,2026-06-09,BIO_S3_DGM__1S_20260609T105815_20260609T105835_T_G01_M03_C02_T036_F274_02_DSRPRG
BiomassLevel1b,NIVEL 1,ESTEPA_NW_02,,2026-06-15,BIO_S3_DGM__1S_20260615T105819_20260615T105839_T_G01_M03_C04_T036_F274_02_DT2VWO
BiomassLevel1b,NIVEL 1,ESTEPA_NW_02,,2026-06-12,BIO_S3_DGM__1S_20260612T105817_20260612T105837_T_G01_M03_C03_T036_F274_02_DSXBKS
BiomassLevel1b,NIVEL 1,ESTEPA_NW_02,,2026-06-16,BIO_S3_DGM__1S_20260616T223218_20260616T223238_T_G01_M03_C05_T014_F192_02_DT5S24
BiomassLevel1b,NIVEL 1,ESTEPA_NW_02,,2026-06-06,BIO_S3_DGM__1S_20260606T105812_20260606T105833_T_G01_M03_C01_T036_F274_02_DSM3GC
BiomassLevel1b,NIVEL 1,ESTEPA_NW_02,,2026-06-22,BIO_S3_DGM__1S_20260622T223222_20260622T223242_T_G01_M03_C07_T014_F192_02_DTGPK6
BiomassLevel1b,NIVEL 1,ESTEPA_NW_02,,2026-05-31,BIO_S2_DGM__1S_20260531T105809_20260531T105829_T_G01_M03_C06_T036_F274_02_DSB3K7
BiomassLevel1b,NIVEL 1,ESTEPA_NW_02,,2026-06-04,BIO_S3_DGM__1S_20260604T223209_20260604T223230_T_G01_M03_C01_T014_F192_02_DSJ9OU
BiomassLevel1b,NIVEL 1,ESTEPA_NW_02,,2026-06-24,BIO_S3_DGM__1S_20260624T105824_20260624T105845_T_G01_M03_C07_T036_F274_02_DTJFTH
BiomassLevel1b,NIVEL 1,ESTEPA_NW_02,,2026-06-30,BIO_S2_DGM__1S_20260630T110117_20260630T110137_T_G01_M03_CDR_T036_F274_02_DTUJKA
BiomassLevel1b,NIVEL 1,ESTEPA_NW_02,,2026-07-06,BIO_S1_DGM__1S_20260706T110224_20260706T110245_T_G01_M04_C01_T036_F274_02_DU5ODK
BiomassLevel1b,NIVEL 1,REGION_ANDINA_CHUBUT,,2025-11-21,BIO_S1_DGM__1S_20251121T222258_20251121T222318_T_G01_M01_C01_T014_F194_01_DJVI3K
BiomassLevel1b,NIVEL 1,REGION_ANDINA_CHUBUT,,2025-11-21,BIO_S1_DGM__1S_20251121T222258_20251121T222318_T_G01_M01_C01_T014_F194_01_DNQHYY
BiomassLevel1b,NIVEL 1,REGION_ANDINA_CHUBUT,,2025-11-24,BIO_S1_DGM__1S_20251124T222319_20251124T222339_T_G01_M01_C02_T014_F195_01_DNU34H
BiomassLevel1b,NIVEL 1,REGION_ANDINA_CHUBUT,,2025-11-30,BIO_S1_DGM__1S_20251130T222323_20251130T222343_T_G01_M01_C04_T014_F195_01_DO2AUM
BiomassLevel1b,NIVEL 1,REGION_ANDINA_CHUBUT,,2025-12-03,BIO_S1_DGM__1S_20251203T222325_20251203T222345_T_G01_M01_C05_T014_F195_01_DO3LWJ
BiomassLevel1b,NIVEL 1,REGION_ANDINA_CHUBUT,,2025-12-03,BIO_S1_DGM__1S_20251203T222306_20251203T222326_T_G01_M01_C05_T014_F194_01_DO3LWA
BiomassLevel1b,NIVEL 1,REGION_ANDINA_CHUBUT,,2025-12-06,BIO_S1_DGM__1S_20251206T222308_20251206T222328_T_G01_M01_C06_T014_F194_01_DO6T8Y
BiomassLevel1b,NIVEL 1,REGION_ANDINA_CHUBUT,,2025-12-12,BIO_S2_DGM__1S_20251212T222311_20251212T222331_T_G01_M01_C01_T014_F194_01_DJKM12
BiomassLevel1b,NIVEL 1,REGION_ANDINA_CHUBUT,,2025-12-18,BIO_S2_DGM__1S_20251218T222333_20251218T222354_T_G01_M01_C03_T014_F195_01_DJVN49
BiomassLevel1b,NIVEL 1,REGION_ANDINA_CHUBUT,,2025-12-21,BIO_S2_DGM__1S_20251221T222335_20251221T222356_T_G01_M01_C04_T014_F195_01_DK173T
BiomassLevel1b,NIVEL 1,REGION_ANDINA_CHUBUT,,2025-12-24,BIO_S2_DGM__1S_20251224T222337_20251224T222358_T_G01_M01_C05_T014_F195_01_DK6T4P
BiomassLevel1b,NIVEL 1,REGION_ANDINA_CHUBUT,,2026-02-10,BIO_S1_DGM__1S_20260210T222801_20260210T222821_T_G01_M02_C01_T014_F195_01_DMNREU
BiomassLevel1b,NIVEL 1,REGION_ANDINA_CHUBUT,,2026-02-10,BIO_S1_DGM__1S_20260210T222704_20260210T222724_T_G01_M02_C01_T014_F192_01_DMNRHW
BiomassLevel1b,NIVEL 1,REGION_ANDINA_CHUBUT,,2026-02-13,BIO_S1_DGM__1S_20260213T222744_20260213T222804_T_G01_M02_C02_T014_F194_01_DMTBV2
BiomassLevel1b,NIVEL 1,REGION_ANDINA_CHUBUT,,2026-02-13,BIO_S1_DGM__1S_20260213T222706_20260213T222726_T_G01_M02_C02_T014_F192_01_DMTBUS
BiomassLevel1b,NIVEL 1,REGION_ANDINA_CHUBUT,,2026-02-13,BIO_S1_DGM__1S_20260213T222725_20260213T222745_T_G01_M02_C02_T014_F193_01_DMTBU9
BiomassLevel1b,NIVEL 1,REGION_ANDINA_CHUBUT,,2026-02-13,BIO_S1_DGM__1S_20260213T222647_20260213T222707_T_G01_M02_C02_T014_F191_01_DMTC4T
BiomassLevel1b,NIVEL 1,REGION_ANDINA_CHUBUT,,2026-02-16,BIO_S1_DGM__1S_20260216T222727_20260216T222747_T_G01_M02_C03_T014_F193_01_DMYURJ
BiomassLevel1b,NIVEL 1,REGION_ANDINA_CHUBUT,,2026-03-06,BIO_S2_DGM__1S_20260306T222719_20260306T222739_T_G01_M02_C02_T014_F192_01_DNW7RQ
BiomassLevel1b,NIVEL 1,REGION_ANDINA_CHUBUT,,2026-03-03,BIO_S2_DGM__1S_20260303T222755_20260303T222815_T_G01_M02_C01_T014_F194_01_DNQOVG
BiomassLevel1b,NIVEL 1,REGION_ANDINA_CHUBUT,,2026-03-03,BIO_S2_DGM__1S_20260303T222736_20260303T222756_T_G01_M02_C01_T014_F193_01_DNQOKF
BiomassLevel1b,NIVEL 1,REGION_ANDINA_CHUBUT,,2026-03-09,BIO_S2_DGM__1S_20260309T222759_20260309T222819_T_G01_M02_C03_T014_F194_01_DO1RYQ
BiomassLevel1b,NIVEL 1,REGION_ANDINA_CHUBUT,,2026-03-09,BIO_S2_DGM__1S_20260309T222818_20260309T222838_T_G01_M02_C03_T014_F195_01_DO1RXZ
BiomassLevel1b,NIVEL 1,REGION_ANDINA_CHUBUT,,2026-03-03,BIO_S2_DGM__1S_20260303T222814_20260303T222834_T_G01_M02_C01_T014_F195_01_DNQOSG
BiomassLevel1b,NIVEL 1,REGION_ANDINA_CHUBUT,,2025-12-27,BIO_S2_DGM__1S_20251227T222339_20251227T222359_T_G01_M01_C06_T014_F195_01_DKCFRY
BiomassLevel1b,NIVEL 1,REGION_ANDINA_CHUBUT,,2025-12-30,BIO_S2_DGM__1S_20251230T222340_20251230T222400_T_G01_M01_C07_T014_F195_01_DKHYRR
BiomassLevel1b,NIVEL 1,REGION_ANDINA_CHUBUT,,2026-03-30,BIO_S3_DGM__1S_20260330T222832_20260330T222852_T_G01_M02_C03_T014_F195_01_DP4PDQ
BiomassLevel1b,NIVEL 1,REGION_ANDINA_CHUBUT,,2026-03-30,BIO_S3_DGM__1S_20260330T222754_20260330T222814_T_G01_M02_C03_T014_F193_01_DP4PFI
BiomassLevel1b,NIVEL 1,REGION_ANDINA_CHUBUT,,2026-03-27,BIO_S3_DGM__1S_20260327T222811_20260327T222831_T_G01_M02_C02_T014_F194_01_DOZ69C
BiomassLevel1b,NIVEL 1,REGION_ANDINA_CHUBUT,,2026-04-08,BIO_S3_DGM__1S_20260408T222741_20260408T222801_T_G01_M02_C06_T014_F192_01_DPLFX9
BiomassLevel1b,NIVEL 1,REGION_ANDINA_CHUBUT,,2026-04-10,BIO_S3_DGM__1S_20260410T105402_20260410T105423_T_G01_M02_C06_T036_F275_01_DPO39X
BiomassLevel1b,NIVEL 1,REGION_ANDINA_CHUBUT,,2026-02-22,BIO_S1_DGM__1S_20260222T222749_20260222T222809_T_G01_M02_C05_T014_F194_01_DN9YR1
BiomassLevel1b,NIVEL 1,REGION_ANDINA_CHUBUT,,2026-02-22,BIO_S1_DGM__1S_20260222T222652_20260222T222712_T_G01_M02_C05_T014_F191_01_DN9YHF
BiomassLevel1b,NIVEL 1,REGION_ANDINA_CHUBUT,,2026-02-25,BIO_S1_DGM__1S_20260225T222732_20260225T222752_T_G01_M02_C06_T014_F193_01_DNFKZJ
BiomassLevel1b,NIVEL 1,REGION_ANDINA_CHUBUT,,2026-02-25,BIO_S1_DGM__1S_20260225T222713_20260225T222733_T_G01_M02_C06_T014_F192_01_DNFL36
BiomassLevel1b,NIVEL 1,REGION_ANDINA_CHUBUT,,2026-02-25,BIO_S1_DGM__1S_20260225T222810_20260225T222830_T_G01_M02_C06_T014_F195_01_DNFL18
BiomassLevel1b,NIVEL 1,REGION_ANDINA_CHUBUT,,2026-02-28,BIO_S1_DGM__1S_20260228T222753_20260228T222813_T_G01_M02_C07_T014_F194_01_DNL4Q1
BiomassLevel1b,NIVEL 1,REGION_ANDINA_CHUBUT,,2026-02-28,BIO_S1_DGM__1S_20260228T222734_20260228T222754_T_G01_M02_C07_T014_F193_01_DNL4XO
BiomassLevel1b,NIVEL 1,REGION_ANDINA_CHUBUT,,2026-02-28,BIO_S1_DGM__1S_20260228T222812_20260228T222832_T_G01_M02_C07_T014_F195_01_DNL50Z
BiomassLevel1b,NIVEL 1,REGION_ANDINA_CHUBUT,,2026-03-18,BIO_S2_DGM__1S_20260318T222824_20260318T222844_T_G01_M02_C06_T014_F195_01_DOIFEU
BiomassLevel1b,NIVEL 1,REGION_ANDINA_CHUBUT,,2026-03-12,BIO_S2_DGM__1S_20260312T222742_20260312T222802_T_G01_M02_C04_T014_F193_01_DO7CTE
BiomassLevel1b,NIVEL 1,REGION_ANDINA_CHUBUT,,2026-03-24,BIO_S3_DGM__1S_20260324T222750_20260324T222810_T_G01_M02_C01_T014_F193_01_DOTM9B
BiomassLevel1b,NIVEL 1,REGION_ANDINA_CHUBUT,,2026-04-04,BIO_S3_DGM__1S_20260404T105339_20260404T105400_T_G01_M02_C04_T036_F274_01_DPCZQU
BiomassLevel1b,NIVEL 1,REGION_ANDINA_CHUBUT,,2026-04-04,BIO_S3_DGM__1S_20260404T105358_20260404T105419_T_G01_M02_C04_T036_F275_01_DPCZSF
BiomassLevel1b,NIVEL 1,REGION_ANDINA_CHUBUT,,2026-04-13,BIO_S3_DGM__1S_20260413T105405_20260413T105425_T_G01_M02_C07_T036_F275_01_DPTN16
BiomassLevel1b,NIVEL 1,REGION_ANDINA_CHUBUT,,2026-04-02,BIO_S3_DGM__1S_20260402T222815_20260402T222835_T_G01_M02_C04_T014_F194_01_DPAAPX
BiomassLevel1b,NIVEL 1,REGION_ANDINA_CHUBUT,,2026-04-02,BIO_S3_DGM__1S_20260402T222834_20260402T222854_T_G01_M02_C04_T014_F195_01_DPAAMX
BiomassLevel1b,NIVEL 1,REGION_ANDINA_CHUBUT,,2026-05-04,BIO_S1_DGM__1S_20260504T105733_20260504T105753_T_G01_M03_C04_T036_F273_02_DQWPFJ
BiomassLevel1b,NIVEL 1,REGION_ANDINA_CHUBUT,,2026-04-29,BIO_S1_DGM__1S_20260429T223225_20260429T223246_T_G01_M03_C03_T014_F194_02_DQOE8E
BiomassLevel1b,NIVEL 1,REGION_ANDINA_CHUBUT,,2026-04-29,BIO_S1_DGM__1S_20260429T223147_20260429T223208_T_G01_M03_C03_T014_F192_02_DQOEAO
BiomassLevel1b,NIVEL 1,REGION_ANDINA_CHUBUT,,2026-05-02,BIO_S1_DGM__1S_20260502T223130_20260502T223150_T_G01_M03_C04_T014_F191_02_DQTWH2
BiomassLevel1b,NIVEL 1,REGION_ANDINA_CHUBUT,,2026-05-05,BIO_S1_DGM__1S_20260505T223229_20260505T223249_T_G01_M03_C05_T014_F194_02_DQZH3P
BiomassLevel1b,NIVEL 1,REGION_ANDINA_CHUBUT,,2026-05-05,BIO_S1_DGM__1S_20260505T223248_20260505T223308_T_G01_M03_C05_T014_F195_02_DQZH6M
BiomassLevel1b,NIVEL 1,REGION_ANDINA_CHUBUT,,2026-05-14,BIO_S2_DGM__1S_20260514T223254_20260514T223315_T_G01_M03_C01_T014_F195_02_DRGEAL
BiomassLevel1b,NIVEL 1,REGION_ANDINA_CHUBUT,,2026-05-16,BIO_S2_DGM__1S_20260516T105819_20260516T105839_T_G01_M03_C01_T036_F275_02_DRJ5QN
BiomassLevel1b,NIVEL 1,REGION_ANDINA_CHUBUT,,2026-05-13,BIO_S1_DGM__1S_20260513T105758_20260513T105818_T_G01_M03_C07_T036_F274_02_DRDKGS
BiomassLevel1b,NIVEL 1,REGION_ANDINA_CHUBUT,,2026-05-13,BIO_S1_DGM__1S_20260513T105817_20260513T105837_T_G01_M03_C07_T036_F275_02_DRDKO7
BiomassLevel1b,NIVEL 1,REGION_ANDINA_CHUBUT,,2026-05-11,BIO_S1_DGM__1S_20260511T223252_20260511T223313_T_G01_M03_C07_T014_F195_02_DRAVJG
BiomassLevel1b,NIVEL 1,REGION_ANDINA_CHUBUT,,2026-05-17,BIO_S2_DGM__1S_20260517T223256_20260517T223317_T_G01_M03_C02_T014_F195_02_DRLX4V
BiomassLevel1b,NIVEL 1,REGION_ANDINA_CHUBUT,,2026-05-17,BIO_S2_DGM__1S_20260517T223237_20260517T223257_T_G01_M03_C02_T014_F194_02_DRLX4E
BiomassLevel1b,NIVEL 1,REGION_ANDINA_CHUBUT,,2026-05-19,BIO_S2_DGM__1S_20260519T105724_20260519T105744_T_G01_M03_C02_T036_F272_02_DROQ8O
BiomassLevel1b,NIVEL 1,REGION_ANDINA_CHUBUT,,2026-05-19,BIO_S2_DGM__1S_20260519T105743_20260519T105803_T_G01_M03_C02_T036_F273_02_DROQEV
BiomassLevel1b,NIVEL 1,REGION_ANDINA_CHUBUT,,2026-06-06,BIO_S3_DGM__1S_20260606T105734_20260606T105755_T_G01_M03_C01_T036_F272_02_DSM3JF
BiomassLevel1b,NIVEL 1,REGION_ANDINA_CHUBUT,,2026-04-23,BIO_S1_DGM__1S_20260423T223221_20260423T223242_T_G01_M03_C01_T014_F194_02_DQDAAV
BiomassLevel1b,NIVEL 1,REGION_ANDINA_CHUBUT,,2026-04-23,BIO_S1_DGM__1S_20260423T223240_20260423T223301_T_G01_M03_C01_T014_F195_02_DQDAFM
BiomassLevel1b,NIVEL 1,REGION_ANDINA_CHUBUT,,2026-05-20,BIO_S2_DGM__1S_20260520T223142_20260520T223202_T_G01_M03_C03_T014_F191_02_DRRN2Q
BiomassLevel1b,NIVEL 1,REGION_ANDINA_CHUBUT,,2026-05-20,BIO_S2_DGM__1S_20260520T223258_20260520T223318_T_G01_M03_C03_T014_F195_02_DRRN19
BiomassLevel1b,NIVEL 1,REGION_ANDINA_CHUBUT,,2026-05-26,BIO_S2_DGM__1S_20260526T223145_20260526T223206_T_G01_M03_C05_T014_F191_02_DS2RPN
BiomassLevel1b,NIVEL 1,REGION_ANDINA_CHUBUT,,2026-05-26,BIO_S2_DGM__1S_20260526T223243_20260526T223303_T_G01_M03_C05_T014_F194_02_DS2SD7
BiomassLevel1b,NIVEL 1,REGION_ANDINA_CHUBUT,,2026-05-31,BIO_S2_DGM__1S_20260531T105750_20260531T105810_T_G01_M03_C06_T036_F273_02_DSB3HK
BiomassLevel1b,NIVEL 1,REGION_ANDINA_CHUBUT,,2026-06-03,BIO_S2_DGM__1S_20260603T105751_20260603T105812_T_G01_M03_C07_T036_F273_02_DSGHY2
BiomassLevel1b,NIVEL 1,REGION_ANDINA_CHUBUT,,2026-06-03,BIO_S2_DGM__1S_20260603T105732_20260603T105753_T_G01_M03_C07_T036_F272_02_DSGI3Z
BiomassLevel1b,NIVEL 1,REGION_ANDINA_CHUBUT,,2026-06-03,BIO_S2_DGM__1S_20260603T105829_20260603T105850_T_G01_M03_C07_T036_F275_02_DSGHTG
BiomassLevel1b,NIVEL 1,REGION_ANDINA_CHUBUT,,2026-06-01,BIO_S2_DGM__1S_20260601T223149_20260601T223209_T_G01_M03_C07_T014_F191_02_DSDUVQ
BiomassLevel1b,NIVEL 1,REGION_ANDINA_CHUBUT,,2026-06-01,BIO_S2_DGM__1S_20260601T223305_20260601T223325_T_G01_M03_C07_T014_F195_02_DSDUQO
BiomassLevel1b,NIVEL 1,REGION_ANDINA_CHUBUT,,2026-06-04,BIO_S3_DGM__1S_20260604T223150_20260604T223211_T_G01_M03_C01_T014_F191_02_DSJ9G3
BiomassLevel1b,NIVEL 1,REGION_ANDINA_CHUBUT,,2026-05-22,BIO_S2_DGM__1S_20260522T105745_20260522T105805_T_G01_M03_C03_T036_F273_02_DRUIS1
BiomassLevel1b,NIVEL 1,REGION_ANDINA_CHUBUT,,2026-05-22,BIO_S2_DGM__1S_20260522T105726_20260522T105746_T_G01_M03_C03_T036_F272_02_DRUISU
BiomassLevel1b,NIVEL 1,REGION_ANDINA_CHUBUT,,2026-05-25,BIO_S2_DGM__1S_20260525T105805_20260525T105826_T_G01_M03_C04_T036_F274_02_DRZUXX
BiomassLevel1b,NIVEL 1,REGION_ANDINA_CHUBUT,,2026-05-25,BIO_S2_DGM__1S_20260525T105727_20260525T105748_T_G01_M03_C04_T036_F272_02_DRZUQE
BiomassLevel1b,NIVEL 1,REGION_ANDINA_CHUBUT,,2026-05-28,BIO_S2_DGM__1S_20260528T105807_20260528T105828_T_G01_M03_C05_T036_F274_02_DS5KUO
BiomassLevel1b,NIVEL 1,REGION_ANDINA_CHUBUT,,2026-05-23,BIO_S2_DGM__1S_20260523T223300_20260523T223320_T_G01_M03_C04_T014_F195_02_DRX34F
BiomassLevel1b,NIVEL 1,REGION_ANDINA_CHUBUT,,2026-05-23,BIO_S2_DGM__1S_20260523T223203_20260523T223223_T_G01_M03_C04_T014_F192_02_DRX3E0
BiomassLevel1b,NIVEL 1,REGION_ANDINA_CHUBUT,,2026-04-28,BIO_S1_DGM__1S_20260428T105729_20260428T105749_T_G01_M03_C02_T036_F273_02_DQLIF1
BiomassLevel1b,NIVEL 1,REGION_ANDINA_CHUBUT,,2026-04-25,BIO_S1_DGM__1S_20260425T105727_20260425T105748_T_G01_M03_C01_T036_F273_02_DQFZ0Q
BiomassLevel1b,NIVEL 1,REGION_ANDINA_CHUBUT,,2026-06-07,BIO_S3_DGM__1S_20260607T223153_20260607T223213_T_G01_M03_C02_T014_F191_02_DSP1HB
BiomassLevel1b,NIVEL 1,REGION_ANDINA_CHUBUT,,2026-06-07,BIO_S3_DGM__1S_20260607T223212_20260607T223232_T_G01_M03_C02_T014_F192_02_DSP1HK
BiomassLevel1b,NIVEL 1,REGION_ANDINA_CHUBUT,,2026-06-07,BIO_S3_DGM__1S_20260607T223309_20260607T223329_T_G01_M03_C02_T014_F195_02_DSP1EN
BiomassLevel1b,NIVEL 1,REGION_ANDINA_CHUBUT,,2026-06-09,BIO_S3_DGM__1S_20260609T105834_20260609T105854_T_G01_M03_C02_T036_F275_02_DSRPZ5
BiomassLevel1b,NIVEL 1,REGION_ANDINA_CHUBUT,,2026-05-08,BIO_S1_DGM__1S_20260508T223134_20260508T223154_T_G01_M03_C06_T014_F191_02_DR5C1P
BiomassLevel1b,NIVEL 1,REGION_ANDINA_CHUBUT,,2026-05-08,BIO_S1_DGM__1S_20260508T223153_20260508T223213_T_G01_M03_C06_T014_F192_02_DR5BON
BiomassLevel1b,NIVEL 1,REGION_ANDINA_CHUBUT,,2026-05-08,BIO_S1_DGM__1S_20260508T223212_20260508T223232_T_G01_M03_C06_T014_F193_02_DR5BVW
BiomassLevel1b,NIVEL 1,REGION_ANDINA_CHUBUT,,2026-05-07,BIO_S1_DGM__1S_20260507T105735_20260507T105755_T_G01_M03_C05_T036_F273_02_DR2HBE
BiomassLevel1b,NIVEL 1,REGION_ANDINA_CHUBUT,,2026-05-07,BIO_S1_DGM__1S_20260507T105813_20260507T105833_T_G01_M03_C05_T036_F275_02_DR2H7J
BiomassLevel1b,NIVEL 1,REGION_ANDINA_CHUBUT,,2026-05-10,BIO_S1_DGM__1S_20260510T105737_20260510T105757_T_G01_M03_C06_T036_F273_02_DR81JN
BiomassLevel1b,NIVEL 1,REGION_ANDINA_CHUBUT,,2026-05-10,BIO_S1_DGM__1S_20260510T105815_20260510T105835_T_G01_M03_C06_T036_F275_02_DR81JP
BiomassLevel1b,NIVEL 1,REGION_ANDINA_CHUBUT,,2026-05-10,BIO_S1_DGM__1S_20260510T105756_20260510T105816_T_G01_M03_C06_T036_F274_02_DR81G9
BiomassLevel1b,NIVEL 1,REGION_ANDINA_CHUBUT,,2026-06-10,BIO_S3_DGM__1S_20260610T223311_20260610T223332_T_G01_M03_C03_T014_F195_02_DSUOJY
BiomassLevel1b,NIVEL 1,REGION_ANDINA_CHUBUT,,2026-06-12,BIO_S3_DGM__1S_20260612T105836_20260612T105856_T_G01_M03_C03_T036_F275_02_DSXBNQ
BiomassLevel1b,NIVEL 1,REGION_ANDINA_CHUBUT,,2026-06-24,BIO_S3_DGM__1S_20260624T105724_20260624T105748_T_G01_M03_C07_T036_F271_02_DTJFUU
BiomassLevel1b,NIVEL 1,REGION_ANDINA_CHUBUT,,2026-06-24,BIO_S3_DGM__1S_20260624T105805_20260624T105826_T_G01_M03_C07_T036_F273_02_DTJFPU
BiomassLevel1b,NIVEL 1,REGION_ANDINA_CHUBUT,,2026-06-24,BIO_S3_DGM__1S_20260624T105746_20260624T105807_T_G01_M03_C07_T036_F272_02_DTJFR7
BiomassLevel1b,NIVEL 1,REGION_ANDINA_CHUBUT,,2026-06-24,BIO_S3_DGM__1S_20260624T105843_20260624T105904_T_G01_M03_C07_T036_F275_02_DTJFUH
BiomassLevel1b,NIVEL 1,REGION_ANDINA_CHUBUT,,2026-06-16,BIO_S3_DGM__1S_20260616T223159_20260616T223219_T_G01_M03_C05_T014_F191_02_DT5RU8
BiomassLevel1b,NIVEL 1,REGION_ANDINA_CHUBUT,,2026-06-16,BIO_S3_DGM__1S_20260616T223315_20260616T223335_T_G01_M03_C05_T014_F195_02_DT5RN3
BiomassLevel1b,NIVEL 1,REGION_ANDINA_CHUBUT,,2026-06-13,BIO_S3_DGM__1S_20260613T223216_20260613T223236_T_G01_M03_C04_T014_F192_02_DT03O7
BiomassLevel1b,NIVEL 1,REGION_ANDINA_CHUBUT,,2026-06-13,BIO_S3_DGM__1S_20260613T223235_20260613T223255_T_G01_M03_C04_T014_F193_02_DT03K2
BiomassLevel1b,NIVEL 1,REGION_ANDINA_CHUBUT,,2026-06-13,BIO_S3_DGM__1S_20260613T223313_20260613T223333_T_G01_M03_C04_T014_F195_02_DT03L0
BiomassLevel1b,NIVEL 1,REGION_ANDINA_CHUBUT,,2026-06-18,BIO_S3_DGM__1S_20260618T105839_20260618T105900_T_G01_M03_C05_T036_F275_02_DT8IVV
BiomassLevel1b,NIVEL 1,REGION_ANDINA_CHUBUT,,2026-06-21,BIO_S3_DGM__1S_20260621T105744_20260621T105805_T_G01_M03_C06_T036_F272_02_DTDX1M
BiomassLevel1b,NIVEL 1,REGION_ANDINA_CHUBUT,,2026-06-21,BIO_S3_DGM__1S_20260621T105822_20260621T105843_T_G01_M03_C06_T036_F274_02_DTDX7B
BiomassLevel1b,NIVEL 1,REGION_ANDINA_CHUBUT,,2026-06-21,BIO_S3_DGM__1S_20260621T105841_20260621T105902_T_G01_M03_C06_T036_F275_02_DTDXEC
BiomassLevel1b,NIVEL 1,REGION_ANDINA_CHUBUT,,2026-07-15,BIO_S1_DGM__1S_20260715T110152_20260715T110212_T_G01_M04_C04_T036_F272_02_DUMC7V
BiomassLevel1b,NIVEL 1,REGION_ANDINA_CHUBUT,,2026-07-15,BIO_S1_DGM__1S_20260715T110249_20260715T110309_T_G01_M04_C04_T036_F275_02_DUMCC7
BiomassLevel1b,NIVEL 1,REGION_ANDINA_CHUBUT,,2026-07-16,BIO_S1_DGM__1S_20260716T223629_20260716T223649_T_G01_M04_C05_T014_F192_02_DUP21J
BiomassLevel1b,NIVEL 1,REGION_ANDINA_CHUBUT,,2026-07-16,BIO_S1_DGM__1S_20260716T223610_20260716T223630_T_G01_M04_C05_T014_F191_02_DUP21L
BiomassLevel1b,NIVEL 1,REGION_ANDINA_CHUBUT,,2026-07-18,BIO_S1_DGM__1S_20260718T110213_20260718T110233_T_G01_M04_C05_T036_F273_02_DURVKG
BiomassLevel1b,NIVEL 1,REGION_ANDINA_CHUBUT,,2026-07-18,BIO_S1_DGM__1S_20260718T110251_20260718T110311_T_G01_M04_C05_T036_F275_02_DURVE8
BiomassLevel1b,NIVEL 1,REGION_ANDINA_CHUBUT,,2026-07-21,BIO_S1_DGM__1S_20260721T110234_20260721T110254_T_G01_M04_C06_T036_F274_02_DUXGEP
BiomassLevel1b,NIVEL 1,REGION_ANDINA_CHUBUT,,2026-07-19,BIO_S1_DGM__1S_20260719T223631_20260719T223651_T_G01_M04_C06_T014_F192_02_DUUM60
BiomassLevel1b,NIVEL 1,REGION_ANDINA_CHUBUT,,2026-07-19,BIO_S1_DGM__1S_20260719T223612_20260719T223632_T_G01_M04_C06_T014_F191_02_DUUM9F
BiomassLevel1b,NIVEL 1,REGION_ANDINA_CHUBUT,,2025-11-27,BIO_S1_DGM__1S_20251127T222302_20251127T222322_T_G01_M01_C03_T014_F194_02_DVADDN
BiomassLevel1b,NIVEL 1,REGION_ANDINA_CHUBUT,,2026-07-28,BIO_S2_DGM__1S_20260728T223637_20260728T223657_T_G01_M04_C02_T014_F192_02_DVC1UN
BiomassLevel1b,NIVEL 1,REGION_ANDINA_CHUBUT,,2026-07-27,BIO_S2_DGM__1S_20260727T110141_20260727T110201_T_G01_M04_C01_T036_F271_02_DV8YZ2
BiomassLevel1b,NIVEL 1,REGION_ANDINA_CHUBUT,,2026-07-27,BIO_S2_DGM__1S_20260727T110257_20260727T110317_T_G01_M04_C01_T036_F275_02_DV8Z91
BiomassLevel1b,NIVEL 1,REGION_ANDINA_CHUBUT,,2026-07-27,BIO_S2_DGM__1S_20260727T110200_20260727T110220_T_G01_M04_C01_T036_F272_02_DV8Z9E
BiomassLevel1b,NIVEL 1,REGION_ANDINA_CHUBUT,,2026-07-31,BIO_S2_DGM__1S_20260731T223620_20260731T223640_T_G01_M04_C03_T014_F191_02_DVIM4W
BiomassLevel1b,NIVEL 1,REGION_ANDINA_CHUBUT,,2026-07-31,BIO_S2_DGM__1S_20260731T223639_20260731T223659_T_G01_M04_C03_T014_F192_02_DVIM5P
BiomassLevel1b,NIVEL 1,REGION_ANDINA_CHUBUT,,2026-07-31,BIO_S2_DGM__1S_20260731T223658_20260731T223718_T_G01_M04_C03_T014_F193_02_DVIMCY
BiomassLevel1b,NIVEL 1,REGION_ANDINA_CHUBUT,,2026-07-30,BIO_S2_DGM__1S_20260730T110240_20260730T110300_T_G01_M04_C02_T036_F274_02_DVGAA2
BiomassLevel1b,NIVEL 1,REGION_ANDINA_CHUBUT,,2026-07-30,BIO_S2_DGM__1S_20260730T110201_20260730T110222_T_G01_M04_C02_T036_F272_02_DVGA9D
BiomassLevel1b,NIVEL 1,REGION_ANDINA_CHUBUT,,2025-12-06,BIO_S1_DGM__1S_20251206T222308_20251206T222328_T_G01_M01_C06_T014_F194_02_DVNKCI
BiomassLevel1b,NIVEL 1,REGION_ANDINA_CHUBUT,,2026-08-05,BIO_S2_DGM__1S_20260805T110225_20260805T110245_T_G01_M04_C04_T036_F273_02_DVQM7Q
BiomassLevel1b,NIVEL 1,REGION_ANDINA_CHUBUT,,2026-08-05,BIO_S2_DGM__1S_20260805T110244_20260805T110304_T_G01_M04_C04_T036_F274_02_DVQLZO
BiomassLevel1b,NIVEL 1,REGION_ANDINA_CHUBUT,,2026-08-05,BIO_S2_DGM__1S_20260805T110303_20260805T110323_T_G01_M04_C04_T036_F275_02_DVQLX7
BiomassLevel1b,NIVEL 1,REGION_ANDINA_CHUBUT,,2025-11-24,BIO_S1_DGM__1S_20251124T222319_20251124T222339_T_G01_M01_C02_T014_F195_02_DV50A7
BiomassLevel1b,NIVEL 1,REGION_ANDINA_CHUBUT,,2025-11-24,BIO_S1_DGM__1S_20251124T222300_20251124T222320_T_G01_M01_C02_T014_F194_02_DV50A8
BiomassLevel1b,NIVEL 1,REGION_ANDINA_CHUBUT,,2026-07-25,BIO_S2_DGM__1S_20260725T223654_20260725T223714_T_G01_M04_C01_T014_F193_02_DV5Q8W
BiomassLevel1b,NIVEL 1,REGION_ANDINA_CHUBUT,,2026-07-25,BIO_S2_DGM__1S_20260725T223616_20260725T223636_T_G01_M04_C01_T014_F191_02_DV5Q2E
BiomassLevel1b,NIVEL 1,REGION_ANDINA_CHUBUT,,2026-07-24,BIO_S1_DGM__1S_20260724T110217_20260724T110237_T_G01_M04_C07_T036_F273_02_DV304L
BiomassLevel1b,NIVEL 1,REGION_ANDINA_CHUBUT,,2026-07-24,BIO_S1_DGM__1S_20260724T110236_20260724T110256_T_G01_M04_C07_T036_F274_02_DV3041
BiomassLevel1b,NIVEL 1,REGION_ANDINA_CHUBUT,,2026-07-09,BIO_S1_DGM__1S_20260709T110207_20260709T110227_T_G01_M04_C02_T036_F273_02_DUB9DK
BiomassLevel1b,NIVEL 1,REGION_ANDINA_CHUBUT,,2026-07-09,BIO_S1_DGM__1S_20260709T110226_20260709T110247_T_G01_M04_C02_T036_F274_02_DUB9GI
BiomassLevel1b,NIVEL 1,REGION_ANDINA_CHUBUT,,2026-06-28,BIO_S2_DGM__1S_20260628T223444_20260628T223504_T_G01_M03_CDR_T014_F193_02_DTRR9J
BiomassLevel1b,NIVEL 1,REGION_ANDINA_CHUBUT,,2026-06-28,BIO_S2_DGM__1S_20260628T223503_20260628T223523_T_G01_M03_CDR_T014_F194_02_DTRREJ
BiomassLevel1b,NIVEL 1,REGION_ANDINA_CHUBUT,,2026-07-04,BIO_S1_DGM__1S_20260704T223602_20260704T223623_T_G01_M04_C01_T014_F191_02_DU2VAJ
BiomassLevel1b,NIVEL 1,REGION_ANDINA_CHUBUT,,2026-07-10,BIO_S1_DGM__1S_20260710T223606_20260710T223627_T_G01_M04_C03_T014_F191_02_DUDY2L
BiomassLevel1b,NIVEL 1,REGION_ANDINA_CHUBUT,,2026-07-12,BIO_S1_DGM__1S_20260712T110247_20260712T110307_T_G01_M04_C03_T036_F275_02_DUGS1Z
BiomassLevel1b,NIVEL 1,REGION_ANDINA_CHUBUT,,2026-07-06,BIO_S1_DGM__1S_20260706T110127_20260706T110148_T_G01_M04_C01_T036_F271_02_DU5OC9
BiomassLevel1b,NIVEL 1,REGION_ANDINA_CHUBUT,,2026-07-06,BIO_S1_DGM__1S_20260706T110146_20260706T110207_T_G01_M04_C01_T036_F272_02_DU5O9O
BiomassLevel1b,NIVEL 1,REGION_ANDINA_CHUBUT,,2026-07-06,BIO_S1_DGM__1S_20260706T110205_20260706T110226_T_G01_M04_C01_T036_F273_02_DU5OA6
BiomassLevel1b,NIVEL 1,REGION_ANDINA_CHUBUT,,2026-06-25,BIO_S2_DGM__1S_20260625T223323_20260625T223343_T_G01_M03_CDR_T014_F194_02_DTM56L
BiomassLevel1b,NIVEL 1,REGION_ANDINA_CHUBUT,,2026-06-25,BIO_S2_DGM__1S_20260625T223304_20260625T223324_T_G01_M03_CDR_T014_F193_02_DTM57K
BiomassLevel1b,NIVEL 1,REGION_ANDINA_CHUBUT,,2026-06-25,BIO_S2_DGM__1S_20260625T223226_20260625T223246_T_G01_M03_CDR_T014_F191_02_DTM53N
BiomassLevel1b,NIVEL 1,REGION_ANDINA_CHUBUT,,2026-06-15,BIO_S3_DGM__1S_20260615T105717_20260615T105742_T_G01_M03_C04_T036_F271_02_DT2VQZ
BiomassLevel1b,NIVEL 1,REGION_ANDINA_CHUBUT,,2026-06-15,BIO_S3_DGM__1S_20260615T105741_20260615T105801_T_G01_M03_C04_T036_F272_02_DT2VJG
BiomassLevel1b,NIVEL 1,REGION_ANDINA_CHUBUT,,2026-06-15,BIO_S3_DGM__1S_20260615T105838_20260615T105858_T_G01_M03_C04_T036_F275_02_DT2VGT
BiomassLevel1b,NIVEL 1,REGION_ANDINA_CHUBUT,,2026-06-19,BIO_S3_DGM__1S_20260619T223220_20260619T223240_T_G01_M03_C06_T014_F192_02_DTB478
BiomassLevel1b,NIVEL 1,REGION_ANDINA_CHUBUT,,2026-08-11,BIO_S2_DGM__1S_20260811T110210_20260811T110230_T_G01_M04_C06_T036_F272_02_DW0VUZ
BiomassLevel1b,NIVEL 1,REGION_ANDINA_CHUBUT,,2026-08-11,BIO_S2_DGM__1S_20260811T110248_20260811T110308_T_G01_M04_C06_T036_F274_02_DW0VYH
BiomassLevel1b,NIVEL 1,REGION_ANDINA_CHUBUT,,2026-08-08,BIO_S2_DGM__1S_20260808T110149_20260808T110209_T_G01_M04_C05_T036_F271_02_DVVOI0
BiomassLevel1b,NIVEL 1,REGION_ANDINA_CHUBUT,,2026-08-08,BIO_S2_DGM__1S_20260808T110246_20260808T110306_T_G01_M04_C05_T036_F274_02_DVVOIJ
BiomassLevel1b,NIVEL 1,REGION_ANDINA_CHUBUT,,2026-08-18,BIO_S3_DGM__1S_20260818T223651_20260818T223711_T_G01_M04_C02_T014_F192_02_DWE7DY
BiomassLevel1b,NIVEL 1,REGION_ANDINA_CHUBUT,,2026-08-18,BIO_S3_DGM__1S_20260818T223632_20260818T223652_T_G01_M04_C02_T014_F191_02_DWE7CC
BiomassLevel1b,NIVEL 1,REGION_ANDINA_CHUBUT,,2026-08-18,BIO_S3_DGM__1S_20260818T223729_20260818T223749_T_G01_M04_C02_T014_F194_02_DWE7D7
BiomassLevel1b,NIVEL 1,REGION_ANDINA_CHUBUT,,2026-08-21,BIO_S3_DGM__1S_20260821T223634_20260821T223654_T_G01_M04_C03_T014_F191_02_DWJQWQ
BiomassLevel1b,NIVEL 1,REGION_ANDINA_CHUBUT,,2026-08-21,BIO_S3_DGM__1S_20260821T223653_20260821T223713_T_G01_M04_C03_T014_F192_02_DWJQWQ
BiomassLevel1b,NIVEL 1,REGION_ANDINA_CHUBUT,,2026-08-21,BIO_S3_DGM__1S_20260821T223731_20260821T223752_T_G01_M04_C03_T014_F194_02_DWJQSH
BiomassLevel1b,NIVEL 1,REGION_ANDINA_CHUBUT,,2026-08-20,BIO_S3_DGM__1S_20260820T110216_20260820T110236_T_G01_M04_C02_T036_F272_02_DWH0L9
BiomassLevel1b,NIVEL 1,REGION_ANDINA_CHUBUT,,2025-12-24,BIO_S2_DGM__1S_20251224T222337_20251224T222358_T_G01_M01_C05_T014_F195_02_DWUKWZ
BiomassLevel1b,NIVEL 1,REGION_ANDINA_CHUBUT,,2025-12-24,BIO_S2_DGM__1S_20251224T222318_20251224T222339_T_G01_M01_C05_T014_F194_02_DWUKXD
BiomassLevel1b,NIVEL 1,REGION_ANDINA_CHUBUT,,2026-08-27,BIO_S3_DGM__1S_20260827T223716_20260827T223736_T_G01_M04_C05_T014_F193_02_DWUVN7
BiomassLevel1b,NIVEL 1,REGION_ANDINA_CHUBUT,,2026-08-27,BIO_S3_DGM__1S_20260827T223638_20260827T223658_T_G01_M04_C05_T014_F191_02_DWUVIP
BiomassLevel1b,NIVEL 1,REGION_ANDINA_CHUBUT,,2026-08-27,BIO_S3_DGM__1S_20260827T223735_20260827T223756_T_G01_M04_C05_T014_F194_02_DWUVIG
BiomassLevel1b,NIVEL 1,REGION_ANDINA_CHUBUT,,2025-12-09,BIO_S1_DGM__1S_20251209T222328_20251209T222349_T_G01_M01_C07_T014_F195_02_DVX7V4
BiomassLevel1b,NIVEL 1,REGION_ANDINA_CHUBUT,,2026-08-14,BIO_S2_DGM__1S_20260814T110250_20260814T110310_T_G01_M04_C07_T036_F274_02_DW6719
BiomassLevel1b,NIVEL 1,REGION_ANDINA_CHUBUT,,2026-08-23,BIO_S3_DGM__1S_20260823T110159_20260823T110219_T_G01_M04_C03_T036_F271_02_DWMJIP
BiomassLevel1b,NIVEL 1,REGION_ANDINA_CHUBUT,,2026-08-23,BIO_S3_DGM__1S_20260823T110256_20260823T110316_T_G01_M04_C03_T036_F274_02_DWMJJE
BiomassLevel1b,NIVEL 1,REGION_ANDINA_CHUBUT,,2025-12-21,BIO_S2_DGM__1S_20251221T222335_20251221T222356_T_G01_M01_C04_T014_F195_02_DWPC4T
BiomassLevel1b,NIVEL 1,REGION_ANDINA_CHUBUT,,2026-08-26,BIO_S3_DGM__1S_20260826T110317_20260826T110337_T_G01_M04_C04_T036_F275_02_DWS3RH
BiomassLevel1b,NIVEL 1,REGION_ANDINA_CHUBUT,,2026-08-26,BIO_S3_DGM__1S_20260826T110220_20260826T110240_T_G01_M04_C04_T036_F272_02_DWS3XH
BiomassLevel1b,NIVEL 1,REGION_ANDINA_CHUBUT,,2026-08-29,BIO_S3_DGM__1S_20260829T110203_20260829T110223_T_G01_M04_C05_T036_F271_02_DWXN4N
BiomassLevel1b,NIVEL 1,REGION_ANDINA_CHUBUT,,2026-08-29,BIO_S3_DGM__1S_20260829T110319_20260829T110339_T_G01_M04_C05_T036_F275_02_DWXMW3
BiomassLevel1b,NIVEL 1,REGION_ANDINA_CHUBUT,,2026-08-30,BIO_S3_DGM__1S_20260830T223718_20260830T223739_T_G01_M04_C06_T014_F193_02_DX0JQG
BiomassLevel1b,NIVEL 1,REGION_ANDINA_CHUBUT,,2026-08-30,BIO_S3_DGM__1S_20260830T223737_20260830T223758_T_G01_M04_C06_T014_F194_02_DX0JNB
BiomassLevel1b,NIVEL 1,REGION_ANDINA_CHUBUT,,2025-12-27,BIO_S2_DGM__1S_20251227T222339_20251227T222359_T_G01_M01_C06_T014_F195_02_DWZTX9
BiomassLevel1b,NIVEL 1,REGION_ANDINA_CHUBUT,,2026-09-01,BIO_S3_DGM__1S_20260901T110224_20260901T110245_T_G01_M04_C06_T036_F272_02_DX3817
BiomassLevel1b,NIVEL 1,REGION_ANDINA_CHUBUT,,2026-09-02,BIO_S3_DGM__1S_20260902T223740_20260902T223800_T_G01_M04_C07_T014_F194_02_DX6B2I
BiomassLevel1b,NIVEL 1,REGION_ANDINA_CHUBUT,,2026-09-04,BIO_S3_DGM__1S_20260904T110226_20260904T110247_T_G01_M04_C07_T036_F272_02_DX92NN
BiomassLevel1b,NIVEL 1,REGION_ANDINA_CHUBUT,,2026-09-04,BIO_S3_DGM__1S_20260904T110305_20260904T110325_T_G01_M04_C07_T036_F274_02_DX92PH
BiomassLevel1b,NIVEL 1,REGION_ANDINA_CHUBUT,,2026-09-05,BIO_S2_DGM__1S_20260905T223725_20260905T223745_T_G01_M04_CDR_T014_F192_02_DXBSJR
BiomassLevel1b,NIVEL 1,REGION_ANDINA_CHUBUT,,2026-09-07,BIO_S2_DGM__1S_20260907T110320_20260907T110340_T_G01_M04_CDR_T036_F271_02_DXEJSJ
BiomassLevel1b,NIVEL 1,REGION_ANDINA_CHUBUT,,2026-09-10,BIO_S2_DGM__1S_20260910T110519_20260910T110539_T_G01_M04_CDR_T036_F272_02_DXKEIT
BiomassLevel1b,NIVEL 1,REGION_ANDINA_CHUBUT,,2026-05-13,BIO_S1_DGM__1S_20260513T105739_20260513T105759_T_G01_M03_C07_T036_F273_02_DRDKJK
BiomassLevel1b,NIVEL 1,REGION_ANDINA_CHUBUT,,2026-05-11,BIO_S1_DGM__1S_20260511T223136_20260511T223157_T_G01_M03_C07_T014_F191_02_DRAVEU
BiomassLevel1b,NIVEL 1,REGION_ANDINA_CHUBUT,,2026-05-11,BIO_S1_DGM__1S_20260511T223155_20260511T223216_T_G01_M03_C07_T014_F192_02_DRAVF1
BiomassLevel1b,NIVEL 1,REGION_ANDINA_CHUBUT,,2026-05-11,BIO_S1_DGM__1S_20260511T223214_20260511T223235_T_G01_M03_C07_T014_F193_02_DRAVJ3
BiomassLevel1b,NIVEL 1,REGION_ANDINA_CHUBUT,,2026-05-08,BIO_S1_DGM__1S_20260508T223250_20260508T223311_T_G01_M03_C06_T014_F195_02_DR5BUT
BiomassLevel1b,NIVEL 1,REGION_ANDINA_CHUBUT,,2026-05-14,BIO_S2_DGM__1S_20260514T223157_20260514T223218_T_G01_M03_C01_T014_F192_02_DRGE8O
BiomassLevel1b,NIVEL 1,REGION_ANDINA_CHUBUT,,2026-05-14,BIO_S2_DGM__1S_20260514T223235_20260514T223256_T_G01_M03_C01_T014_F194_02_DRGDZ5
BiomassLevel1c,NIVEL 1,BOSQUE_NW_02,,2026-04-26,BIO_S1_STA__1S_20260426T223145_20260426T223206_T_G01_M03_C02_T014_F192_02_DSBRDA
BiomassLevel1c,NIVEL 1,BOSQUE_NW_02,,2026-05-02,BIO_S1_STA__1S_20260502T223149_20260502T223210_T_G01_M03_C04_T014_F192_02_DSBRFE
BiomassLevel1c,NIVEL 1,BOSQUE_NW_02,,2026-05-14,BIO_S2_STA__1S_20260514T223157_20260514T223218_T_G01_M03_C01_T014_F192_02_DT1HC5
BiomassLevel1c,NIVEL 1,BOSQUE_NW_02,,2026-05-17,BIO_S2_STA__1S_20260517T223159_20260517T223220_T_G01_M03_C02_T014_F192_02_DT1HGB
BiomassLevel1c,NIVEL 1,BOSQUE_NW_02,,2026-06-01,BIO_S2_STA__1S_20260601T223208_20260601T223228_T_G01_M03_C07_T014_F192_02_DT1HD7
BiomassLevel1c,NIVEL 1,BOSQUE_NW_02,,2026-06-22,BIO_S3_STA__1S_20260622T223221_20260622T223242_T_G01_M03_C07_T014_F192_02_DTQ6JH
BiomassLevel1c,NIVEL 1,BOSQUE_NW_02,,2026-06-19,BIO_S3_STA__1S_20260619T223219_20260619T223240_T_G01_M03_C06_T014_F192_02_DTQ6I9
BiomassLevel1c,NIVEL 1,BOSQUE_NW_02,,2026-06-10,BIO_S3_STA__1S_20260610T223214_20260610T223234_T_G01_M03_C03_T014_F192_02_DTQ6FJ
BiomassLevel1c,NIVEL 1,BOSQUE_NW_02,,2026-06-06,BIO_S3_STA__1S_20260606T105812_20260606T105833_T_G01_M03_C01_T036_F274_02_DTXIUT
BiomassLevel1c,NIVEL 1,BOSQUE_NW_02,,2026-06-12,BIO_S3_STA__1S_20260612T105817_20260612T105837_T_G01_M03_C03_T036_F274_02_DTXIWY
BiomassLevel1c,NIVEL 1,BOSQUE_NW_02,,2026-06-21,BIO_S3_STA__1S_20260621T105822_20260621T105843_T_G01_M03_C06_T036_F274_02_DTXIZN
BiomassLevel1c,NIVEL 1,BOSQUE_NW_02,,2026-06-24,BIO_S3_STA__1S_20260624T105824_20260624T105845_T_G01_M03_C07_T036_F274_02_DTXJ0N
BiomassLevel1c,NIVEL 1,BOSQUE_NW_02,,2026-07-06,BIO_S1_STA__1S_20260706T110224_20260706T110245_T_G01_M04_C01_T036_F274_02_DVF2C2
BiomassLevel1c,NIVEL 1,BOSQUE_NW_02,,2026-07-09,BIO_S1_STA__1S_20260709T110226_20260709T110247_T_G01_M04_C02_T036_F274_02_DVF2D6
BiomassLevel1c,NIVEL 1,BOSQUE_NW_02,,2026-07-24,BIO_S1_STA__1S_20260724T110236_20260724T110256_T_G01_M04_C07_T036_F274_02_DVF2IB
BiomassLevel1c,NIVEL 1,BOSQUE_NW_02,,2026-04-23,BIO_S1_STA__1S_20260423T223143_20260423T223204_T_G01_M03_C01_T014_F192_02_DSBRCA
BiomassLevel1c,NIVEL 1,BOSQUE_NW_02,,2026-05-05,BIO_S1_STA__1S_20260505T223151_20260505T223211_T_G01_M03_C05_T014_F192_02_DSBRGB
BiomassLevel1c,NIVEL 1,BOSQUE_NW_02,,2026-05-26,BIO_S2_STA__1S_20260526T223204_20260526T223225_T_G01_M03_C05_T014_F192_02_DT1HF9
BiomassLevel1c,NIVEL 1,BOSQUE_NW_02,,2026-05-23,BIO_S2_STA__1S_20260523T223203_20260523T223223_T_G01_M03_C04_T014_F192_02_DT1HB5
BiomassLevel1c,NIVEL 1,BOSQUE_NW_02,,2026-06-15,BIO_S3_STA__1S_20260615T105819_20260615T105839_T_G01_M03_C04_T036_F274_02_DTXIXQ
BiomassLevel1c,NIVEL 1,BOSQUE_NW_02,,2026-05-29,BIO_S2_STA__1S_20260529T223206_20260529T223227_T_G01_M03_C06_T014_F192_02_DT1HE8
BiomassLevel1c,NIVEL 1,BOSQUE_NW_02,,2026-06-04,BIO_S3_STA__1S_20260604T223210_20260604T223230_T_G01_M03_C01_T014_F192_02_DTQ6DD
BiomassLevel1c,NIVEL 1,BOSQUE_NW_02,,2026-06-07,BIO_S3_STA__1S_20260607T223212_20260607T223232_T_G01_M03_C02_T014_F192_02_DTQ6EK
BiomassLevel1c,NIVEL 1,BOSQUE_NW_02,,2026-06-13,BIO_S3_STA__1S_20260613T223216_20260613T223236_T_G01_M03_C04_T014_F192_02_DTQ6GD
BiomassLevel1c,NIVEL 1,BOSQUE_NW_02,,2026-06-16,BIO_S3_STA__1S_20260616T223218_20260616T223238_T_G01_M03_C05_T014_F192_02_DTQ6H9
BiomassLevel1c,NIVEL 1,BOSQUE_NW_02,,2026-07-21,BIO_S1_STA__1S_20260721T110234_20260721T110254_T_G01_M04_C06_T036_F274_02_DVF2H7
BiomassLevel1c,NIVEL 1,BOSQUE_NW_02,,2026-05-08,BIO_S1_STA__1S_20260508T223153_20260508T223213_T_G01_M03_C06_T014_F192_02_DSBRHF
BiomassLevel1c,NIVEL 1,BOSQUE_NW_02,,2026-05-11,BIO_S1_STA__1S_20260511T223155_20260511T223216_T_G01_M03_C07_T014_F192_02_DSBRB4
BiomassLevel1c,NIVEL 1,BOSQUE_NW_02,,2026-04-29,BIO_S1_STA__1S_20260429T223147_20260429T223208_T_G01_M03_C03_T014_F192_02_DSBREM
BiomassLevel1c,NIVEL 1,BOSQUE_NW_02,,2026-05-20,BIO_S2_STA__1S_20260520T223201_20260520T223221_T_G01_M03_C03_T014_F192_02_DT1HAA
BiomassLevel1c,NIVEL 1,BOSQUE_NW_02,,2026-07-12,BIO_S1_STA__1S_20260712T110228_20260712T110248_T_G01_M04_C03_T036_F274_02_DVF2E9
BiomassLevel1c,NIVEL 1,BOSQUE_NW_02,,2026-07-15,BIO_S1_STA__1S_20260715T110230_20260715T110250_T_G01_M04_C04_T036_F274_02_DVF2F4
BiomassLevel1c,NIVEL 1,BOSQUE_NW_02,,2026-07-18,BIO_S1_STA__1S_20260718T110232_20260718T110252_T_G01_M04_C05_T036_F274_02_DVF2G4
BiomassLevel1c,NIVEL 1,BOSQUE_NW_02,,2026-06-18,BIO_S3_STA__1S_20260618T105820_20260618T105841_T_G01_M03_C05_T036_F274_02_DTXIYL
BiomassLevel1c,NIVEL 1,BOSQUE_NW_02,,2026-06-09,BIO_S3_STA__1S_20260609T105815_20260609T105835_T_G01_M03_C02_T036_F274_02_DTXIVU
BiomassLevel1c,NIVEL 1,ESTEPA_NW_02,,2026-05-19,BIO_S2_STA__1S_20260519T105802_20260519T105822_T_G01_M03_C02_T036_F274_02_DT7MC8
BiomassLevel1c,NIVEL 1,ESTEPA_NW_02,,2026-05-14,BIO_S2_STA__1S_20260514T223157_20260514T223218_T_G01_M03_C01_T014_F192_02_DT1HC5
BiomassLevel1c,NIVEL 1,ESTEPA_NW_02,,2026-05-17,BIO_S2_STA__1S_20260517T223159_20260517T223220_T_G01_M03_C02_T014_F192_02_DT1HGB
BiomassLevel1c,NIVEL 1,ESTEPA_NW_02,,2026-05-28,BIO_S2_STA__1S_20260528T105807_20260528T105828_T_G01_M03_C05_T036_F274_02_DT7MAP
BiomassLevel1c,NIVEL 1,ESTEPA_NW_02,,2026-06-01,BIO_S2_STA__1S_20260601T223208_20260601T223228_T_G01_M03_C07_T014_F192_02_DT1HD7
BiomassLevel1c,NIVEL 1,ESTEPA_NW_02,,2026-06-22,BIO_S3_STA__1S_20260622T223221_20260622T223242_T_G01_M03_C07_T014_F192_02_DTQ6JH
BiomassLevel1c,NIVEL 1,ESTEPA_NW_02,,2026-06-19,BIO_S3_STA__1S_20260619T223219_20260619T223240_T_G01_M03_C06_T014_F192_02_DTQ6I9
BiomassLevel1c,NIVEL 1,ESTEPA_NW_02,,2026-06-10,BIO_S3_STA__1S_20260610T223214_20260610T223234_T_G01_M03_C03_T014_F192_02_DTQ6FJ
BiomassLevel1c,NIVEL 1,ESTEPA_NW_02,,2026-06-06,BIO_S3_STA__1S_20260606T105812_20260606T105833_T_G01_M03_C01_T036_F274_02_DTXIUT
BiomassLevel1c,NIVEL 1,ESTEPA_NW_02,,2026-06-12,BIO_S3_STA__1S_20260612T105817_20260612T105837_T_G01_M03_C03_T036_F274_02_DTXIWY
BiomassLevel1c,NIVEL 1,ESTEPA_NW_02,,2026-06-21,BIO_S3_STA__1S_20260621T105822_20260621T105843_T_G01_M03_C06_T036_F274_02_DTXIZN
BiomassLevel1c,NIVEL 1,ESTEPA_NW_02,,2026-06-24,BIO_S3_STA__1S_20260624T105824_20260624T105845_T_G01_M03_C07_T036_F274_02_DTXJ0N
BiomassLevel1c,NIVEL 1,ESTEPA_NW_02,,2026-07-06,BIO_S1_STA__1S_20260706T110224_20260706T110245_T_G01_M04_C01_T036_F274_02_DVF2C2
BiomassLevel1c,NIVEL 1,ESTEPA_NW_02,,2026-07-09,BIO_S1_STA__1S_20260709T110226_20260709T110247_T_G01_M04_C02_T036_F274_02_DVF2D6
BiomassLevel1c,NIVEL 1,ESTEPA_NW_02,,2026-07-24,BIO_S1_STA__1S_20260724T110236_20260724T110256_T_G01_M04_C07_T036_F274_02_DVF2IB
BiomassLevel1c,NIVEL 1,ESTEPA_NW_02,,2026-05-16,BIO_S2_STA__1S_20260516T105800_20260516T105821_T_G01_M03_C01_T036_F274_02_DT7MGS
BiomassLevel1c,NIVEL 1,ESTEPA_NW_02,,2026-05-26,BIO_S2_STA__1S_20260526T223204_20260526T223225_T_G01_M03_C05_T014_F192_02_DT1HF9
BiomassLevel1c,NIVEL 1,ESTEPA_NW_02,,2026-05-23,BIO_S2_STA__1S_20260523T223203_20260523T223223_T_G01_M03_C04_T014_F192_02_DT1HB5
BiomassLevel1c,NIVEL 1,ESTEPA_NW_02,,2026-06-15,BIO_S3_STA__1S_20260615T105819_20260615T105839_T_G01_M03_C04_T036_F274_02_DTXIXQ
BiomassLevel1c,NIVEL 1,ESTEPA_NW_02,,2026-05-29,BIO_S2_STA__1S_20260529T223206_20260529T223227_T_G01_M03_C06_T014_F192_02_DT1HE8
BiomassLevel1c,NIVEL 1,ESTEPA_NW_02,,2026-06-04,BIO_S3_STA__1S_20260604T223210_20260604T223230_T_G01_M03_C01_T014_F192_02_DTQ6DD
BiomassLevel1c,NIVEL 1,ESTEPA_NW_02,,2026-06-07,BIO_S3_STA__1S_20260607T223212_20260607T223232_T_G01_M03_C02_T014_F192_02_DTQ6EK
BiomassLevel1c,NIVEL 1,ESTEPA_NW_02,,2026-06-13,BIO_S3_STA__1S_20260613T223216_20260613T223236_T_G01_M03_C04_T014_F192_02_DTQ6GD
BiomassLevel1c,NIVEL 1,ESTEPA_NW_02,,2026-06-16,BIO_S3_STA__1S_20260616T223218_20260616T223238_T_G01_M03_C05_T014_F192_02_DTQ6H9
BiomassLevel1c,NIVEL 1,ESTEPA_NW_02,,2026-07-21,BIO_S1_STA__1S_20260721T110234_20260721T110254_T_G01_M04_C06_T036_F274_02_DVF2H7
BiomassLevel1c,NIVEL 1,ESTEPA_NW_02,,2026-05-22,BIO_S2_STA__1S_20260522T105804_20260522T105824_T_G01_M03_C03_T036_F274_02_DT7MF1
BiomassLevel1c,NIVEL 1,ESTEPA_NW_02,,2026-05-20,BIO_S2_STA__1S_20260520T223201_20260520T223221_T_G01_M03_C03_T014_F192_02_DT1HAA
BiomassLevel1c,NIVEL 1,ESTEPA_NW_02,,2026-05-25,BIO_S2_STA__1S_20260525T105805_20260525T105826_T_G01_M03_C04_T036_F274_02_DT7MDH
BiomassLevel1c,NIVEL 1,ESTEPA_NW_02,,2026-05-31,BIO_S2_STA__1S_20260531T105809_20260531T105829_T_G01_M03_C06_T036_F274_02_DT7MKB
BiomassLevel1c,NIVEL 1,ESTEPA_NW_02,,2026-06-03,BIO_S2_STA__1S_20260603T105810_20260603T105831_T_G01_M03_C07_T036_F274_02_DT7MIE
BiomassLevel1c,NIVEL 1,ESTEPA_NW_02,,2026-07-12,BIO_S1_STA__1S_20260712T110228_20260712T110248_T_G01_M04_C03_T036_F274_02_DVF2E9
BiomassLevel1c,NIVEL 1,ESTEPA_NW_02,,2026-07-15,BIO_S1_STA__1S_20260715T110230_20260715T110250_T_G01_M04_C04_T036_F274_02_DVF2F4
BiomassLevel1c,NIVEL 1,ESTEPA_NW_02,,2026-07-18,BIO_S1_STA__1S_20260718T110232_20260718T110252_T_G01_M04_C05_T036_F274_02_DVF2G4
BiomassLevel1c,NIVEL 1,ESTEPA_NW_02,,2026-06-18,BIO_S3_STA__1S_20260618T105820_20260618T105841_T_G01_M03_C05_T036_F274_02_DTXIYL
BiomassLevel1c,NIVEL 1,ESTEPA_NW_02,,2026-06-09,BIO_S3_STA__1S_20260609T105815_20260609T105835_T_G01_M03_C02_T036_F274_02_DTXIVU
BiomassLevel1c,NIVEL 1,REGION_ANDINA_CHUBUT,,2026-04-26,BIO_S1_STA__1S_20260426T223242_20260426T223303_T_G01_M03_C02_T014_F195_02_DS9KMD
BiomassLevel1c,NIVEL 1,REGION_ANDINA_CHUBUT,,2026-04-28,BIO_S1_STA__1S_20260428T105748_20260428T105809_T_G01_M03_C02_T036_F274_02_DS8ONU
BiomassLevel1c,NIVEL 1,REGION_ANDINA_CHUBUT,,2026-04-25,BIO_S1_STA__1S_20260425T105746_20260425T105807_T_G01_M03_C01_T036_F274_02_DS8OPV
BiomassLevel1c,NIVEL 1,REGION_ANDINA_CHUBUT,,2026-05-01,BIO_S1_STA__1S_20260501T105731_20260501T105751_T_G01_M03_C03_T036_F273_02_DS87K4
BiomassLevel1c,NIVEL 1,REGION_ANDINA_CHUBUT,,2026-05-04,BIO_S1_STA__1S_20260504T105811_20260504T105831_T_G01_M03_C04_T036_F275_02_DS741U
BiomassLevel1c,NIVEL 1,REGION_ANDINA_CHUBUT,,2026-05-05,BIO_S1_STA__1S_20260505T223248_20260505T223308_T_G01_M03_C05_T014_F195_02_DS9KJP
BiomassLevel1c,NIVEL 1,REGION_ANDINA_CHUBUT,,2026-05-05,BIO_S1_STA__1S_20260505T223210_20260505T223230_T_G01_M03_C05_T014_F193_02_DS3YN8
BiomassLevel1c,NIVEL 1,REGION_ANDINA_CHUBUT,,2026-05-11,BIO_S1_STA__1S_20260511T223214_20260511T223235_T_G01_M03_C07_T014_F193_02_DS3YMD
BiomassLevel1c,NIVEL 1,REGION_ANDINA_CHUBUT,,2026-05-08,BIO_S1_STA__1S_20260508T223212_20260508T223232_T_G01_M03_C06_T014_F193_02_DS3YOT
BiomassLevel1c,NIVEL 1,REGION_ANDINA_CHUBUT,,2026-05-13,BIO_S1_STA__1S_20260513T105758_20260513T105818_T_G01_M03_C07_T036_F274_02_DS8OQV
BiomassLevel1c,NIVEL 1,REGION_ANDINA_CHUBUT,,2026-04-23,BIO_S1_STA__1S_20260423T223124_20260423T223145_T_G01_M03_C01_T014_F191_02_DSDW44
BiomassLevel1c,NIVEL 1,REGION_ANDINA_CHUBUT,,2026-04-29,BIO_S1_STA__1S_20260429T223225_20260429T223246_T_G01_M03_C03_T014_F194_02_DSD1DX
BiomassLevel1c,NIVEL 1,REGION_ANDINA_CHUBUT,,2026-04-26,BIO_S1_STA__1S_20260426T223126_20260426T223147_T_G01_M03_C02_T014_F191_02_DSDW9I
BiomassLevel1c,NIVEL 1,REGION_ANDINA_CHUBUT,,2026-04-26,BIO_S1_STA__1S_20260426T223145_20260426T223206_T_G01_M03_C02_T014_F192_02_DSBRDA
BiomassLevel1c,NIVEL 1,REGION_ANDINA_CHUBUT,,2026-05-02,BIO_S1_STA__1S_20260502T223149_20260502T223210_T_G01_M03_C04_T014_F192_02_DSBRFE
BiomassLevel1c,NIVEL 1,REGION_ANDINA_CHUBUT,,2026-05-08,BIO_S1_STA__1S_20260508T223134_20260508T223154_T_G01_M03_C06_T014_F191_02_DSDW80
BiomassLevel1c,NIVEL 1,REGION_ANDINA_CHUBUT,,2026-05-08,BIO_S1_STA__1S_20260508T223231_20260508T223252_T_G01_M03_C06_T014_F194_02_DSD1BV
BiomassLevel1c,NIVEL 1,REGION_ANDINA_CHUBUT,,2026-05-31,BIO_S2_STA__1S_20260531T105750_20260531T105810_T_G01_M03_C06_T036_F273_02_DSVKE8
BiomassLevel1c,NIVEL 1,REGION_ANDINA_CHUBUT,,2026-06-03,BIO_S2_STA__1S_20260603T105751_20260603T105812_T_G01_M03_C07_T036_F273_02_DSVKAT
BiomassLevel1c,NIVEL 1,REGION_ANDINA_CHUBUT,,2026-05-19,BIO_S2_STA__1S_20260519T105802_20260519T105822_T_G01_M03_C02_T036_F274_02_DT7MC8
BiomassLevel1c,NIVEL 1,REGION_ANDINA_CHUBUT,,2026-05-16,BIO_S2_STA__1S_20260516T105819_20260516T105840_T_G01_M03_C01_T036_F275_02_DT8MAX
BiomassLevel1c,NIVEL 1,REGION_ANDINA_CHUBUT,,2026-05-16,BIO_S2_STA__1S_20260516T105722_20260516T105742_T_G01_M03_C01_T036_F272_02_DT49HN
BiomassLevel1c,NIVEL 1,REGION_ANDINA_CHUBUT,,2026-05-14,BIO_S2_STA__1S_20260514T223235_20260514T223256_T_G01_M03_C01_T014_F194_02_DT1YSL
BiomassLevel1c,NIVEL 1,REGION_ANDINA_CHUBUT,,2026-05-14,BIO_S2_STA__1S_20260514T223254_20260514T223315_T_G01_M03_C01_T014_F195_02_DSWH6F
BiomassLevel1c,NIVEL 1,REGION_ANDINA_CHUBUT,,2026-05-14,BIO_S2_STA__1S_20260514T223216_20260514T223237_T_G01_M03_C01_T014_F193_02_DT2BI4
BiomassLevel1c,NIVEL 1,REGION_ANDINA_CHUBUT,,2026-05-14,BIO_S2_STA__1S_20260514T223157_20260514T223218_T_G01_M03_C01_T014_F192_02_DT1HC5
BiomassLevel1c,NIVEL 1,REGION_ANDINA_CHUBUT,,2026-05-17,BIO_S2_STA__1S_20260517T223159_20260517T223220_T_G01_M03_C02_T014_F192_02_DT1HGB
BiomassLevel1c,NIVEL 1,REGION_ANDINA_CHUBUT,,2026-05-17,BIO_S2_STA__1S_20260517T223256_20260517T223317_T_G01_M03_C02_T014_F195_02_DSWH44
BiomassLevel1c,NIVEL 1,REGION_ANDINA_CHUBUT,,2026-05-20,BIO_S2_STA__1S_20260520T223142_20260520T223202_T_G01_M03_C03_T014_F191_02_DT1ZJS
BiomassLevel1c,NIVEL 1,REGION_ANDINA_CHUBUT,,2026-05-28,BIO_S2_STA__1S_20260528T105807_20260528T105828_T_G01_M03_C05_T036_F274_02_DT7MAP
BiomassLevel1c,NIVEL 1,REGION_ANDINA_CHUBUT,,2026-05-28,BIO_S2_STA__1S_20260528T105729_20260528T105750_T_G01_M03_C05_T036_F272_02_DT49FL
BiomassLevel1c,NIVEL 1,REGION_ANDINA_CHUBUT,,2026-05-23,BIO_S2_STA__1S_20260523T223144_20260523T223204_T_G01_M03_C04_T014_F191_02_DT1ZNQ
BiomassLevel1c,NIVEL 1,REGION_ANDINA_CHUBUT,,2026-05-29,BIO_S2_STA__1S_20260529T223225_20260529T223246_T_G01_M03_C06_T014_F193_02_DT2BLX
BiomassLevel1c,NIVEL 1,REGION_ANDINA_CHUBUT,,2026-06-01,BIO_S2_STA__1S_20260601T223208_20260601T223228_T_G01_M03_C07_T014_F192_02_DT1HD7
BiomassLevel1c,NIVEL 1,REGION_ANDINA_CHUBUT,,2026-06-01,BIO_S2_STA__1S_20260601T223305_20260601T223325_T_G01_M03_C07_T014_F195_02_DSWH5B
BiomassLevel1c,NIVEL 1,REGION_ANDINA_CHUBUT,,2026-06-01,BIO_S2_STA__1S_20260601T223227_20260601T223247_T_G01_M03_C07_T014_F193_02_DT2BP2
BiomassLevel1c,NIVEL 1,REGION_ANDINA_CHUBUT,,2026-05-31,BIO_S2_STA__1S_20260531T105828_20260531T105848_T_G01_M03_C06_T036_F275_02_DT8ME2
BiomassLevel1c,NIVEL 1,REGION_ANDINA_CHUBUT,,2026-06-13,BIO_S3_STA__1S_20260613T223313_20260613T223333_T_G01_M03_C04_T014_F195_02_DTQ620
BiomassLevel1c,NIVEL 1,REGION_ANDINA_CHUBUT,,2026-06-22,BIO_S3_STA__1S_20260622T223221_20260622T223242_T_G01_M03_C07_T014_F192_02_DTQ6JH
BiomassLevel1c,NIVEL 1,REGION_ANDINA_CHUBUT,,2026-06-22,BIO_S3_STA__1S_20260622T223319_20260622T223339_T_G01_M03_C07_T014_F195_02_DTQ658
BiomassLevel1c,NIVEL 1,REGION_ANDINA_CHUBUT,,2026-06-19,BIO_S3_STA__1S_20260619T223219_20260619T223240_T_G01_M03_C06_T014_F192_02_DTQ6I9
BiomassLevel1c,NIVEL 1,REGION_ANDINA_CHUBUT,,2026-06-19,BIO_S3_STA__1S_20260619T223317_20260619T223337_T_G01_M03_C06_T014_F195_02_DTQ63Z
BiomassLevel1c,NIVEL 1,REGION_ANDINA_CHUBUT,,2026-06-13,BIO_S3_STA__1S_20260613T223235_20260613T223255_T_G01_M03_C04_T014_F193_02_DTQ6SD
BiomassLevel1c,NIVEL 1,REGION_ANDINA_CHUBUT,,2026-06-10,BIO_S3_STA__1S_20260610T223233_20260610T223254_T_G01_M03_C03_T014_F193_02_DTQ6RI
BiomassLevel1c,NIVEL 1,REGION_ANDINA_CHUBUT,,2026-06-19,BIO_S3_STA__1S_20260619T223239_20260619T223259_T_G01_M03_C06_T014_F193_02_DTQ6UB
BiomassLevel1c,NIVEL 1,REGION_ANDINA_CHUBUT,,2026-06-22,BIO_S3_STA__1S_20260622T223240_20260622T223301_T_G01_M03_C07_T014_F193_02_DTQ6VB
BiomassLevel1c,NIVEL 1,REGION_ANDINA_CHUBUT,,2026-06-16,BIO_S3_STA__1S_20260616T223237_20260616T223257_T_G01_M03_C05_T014_F193_02_DTQ6TC
BiomassLevel1c,NIVEL 1,REGION_ANDINA_CHUBUT,,2026-06-04,BIO_S3_STA__1S_20260604T223307_20260604T223327_T_G01_M03_C01_T014_F195_02_DTQ5YJ
BiomassLevel1c,NIVEL 1,REGION_ANDINA_CHUBUT,,2026-06-07,BIO_S3_STA__1S_20260607T223309_20260607T223329_T_G01_M03_C02_T014_F195_02_DTQ5ZT
BiomassLevel1c,NIVEL 1,REGION_ANDINA_CHUBUT,,2026-06-10,BIO_S3_STA__1S_20260610T223214_20260610T223234_T_G01_M03_C03_T014_F192_02_DTQ6FJ
BiomassLevel1c,NIVEL 1,REGION_ANDINA_CHUBUT,,2026-06-10,BIO_S3_STA__1S_20260610T223311_20260610T223332_T_G01_M03_C03_T014_F195_02_DTQ60V
BiomassLevel1c,NIVEL 1,REGION_ANDINA_CHUBUT,,2026-06-03,BIO_S2_STA__1S_20260603T105829_20260603T105850_T_G01_M03_C07_T036_F275_02_DT8MH2
BiomassLevel1c,NIVEL 1,REGION_ANDINA_CHUBUT,,2026-06-03,BIO_S2_STA__1S_20260603T105732_20260603T105753_T_G01_M03_C07_T036_F272_02_DT49JJ
BiomassLevel1c,NIVEL 1,REGION_ANDINA_CHUBUT,,2026-06-06,BIO_S3_STA__1S_20260606T105812_20260606T105833_T_G01_M03_C01_T036_F274_02_DTXIUT
BiomassLevel1c,NIVEL 1,REGION_ANDINA_CHUBUT,,2026-06-09,BIO_S3_STA__1S_20260609T105737_20260609T105757_T_G01_M03_C02_T036_F272_02_DTXIKP
BiomassLevel1c,NIVEL 1,REGION_ANDINA_CHUBUT,,2026-06-09,BIO_S3_STA__1S_20260609T105713_20260609T105738_T_G01_M03_C02_T036_F271_02_DTXL82
BiomassLevel1c,NIVEL 1,REGION_ANDINA_CHUBUT,,2026-06-12,BIO_S3_STA__1S_20260612T105758_20260612T105818_T_G01_M03_C03_T036_F273_02_DTXI9A
BiomassLevel1c,NIVEL 1,REGION_ANDINA_CHUBUT,,2026-06-12,BIO_S3_STA__1S_20260612T105836_20260612T105856_T_G01_M03_C03_T036_F275_02_DTXHIC
BiomassLevel1c,NIVEL 1,REGION_ANDINA_CHUBUT,,2026-06-12,BIO_S3_STA__1S_20260612T105817_20260612T105837_T_G01_M03_C03_T036_F274_02_DTXIWY
BiomassLevel1c,NIVEL 1,REGION_ANDINA_CHUBUT,,2026-06-15,BIO_S3_STA__1S_20260615T105759_20260615T105820_T_G01_M03_C04_T036_F273_02_DTXIA3
BiomassLevel1c,NIVEL 1,REGION_ANDINA_CHUBUT,,2026-06-21,BIO_S3_STA__1S_20260621T105822_20260621T105843_T_G01_M03_C06_T036_F274_02_DTXIZN
BiomassLevel1c,NIVEL 1,REGION_ANDINA_CHUBUT,,2026-06-21,BIO_S3_STA__1S_20260621T105744_20260621T105805_T_G01_M03_C06_T036_F272_02_DTXIOI
BiomassLevel1c,NIVEL 1,REGION_ANDINA_CHUBUT,,2026-06-21,BIO_S3_STA__1S_20260621T105720_20260621T105746_T_G01_M03_C06_T036_F271_02_DTXLCI
BiomassLevel1c,NIVEL 1,REGION_ANDINA_CHUBUT,,2026-06-18,BIO_S3_STA__1S_20260618T105801_20260618T105822_T_G01_M03_C05_T036_F273_02_DTXIB1
BiomassLevel1c,NIVEL 1,REGION_ANDINA_CHUBUT,,2026-06-24,BIO_S3_STA__1S_20260624T105746_20260624T105807_T_G01_M03_C07_T036_F272_02_DTXIPX
BiomassLevel1c,NIVEL 1,REGION_ANDINA_CHUBUT,,2026-06-24,BIO_S3_STA__1S_20260624T105843_20260624T105904_T_G01_M03_C07_T036_F275_02_DTXHM6
BiomassLevel1c,NIVEL 1,REGION_ANDINA_CHUBUT,,2026-06-24,BIO_S3_STA__1S_20260624T105824_20260624T105845_T_G01_M03_C07_T036_F274_02_DTXJ0N
BiomassLevel1c,NIVEL 1,REGION_ANDINA_CHUBUT,,2026-06-19,BIO_S3_STA__1S_20260619T223258_20260619T223318_T_G01_M03_C06_T014_F194_02_DTQ71U
BiomassLevel1c,NIVEL 1,REGION_ANDINA_CHUBUT,,2026-06-10,BIO_S3_STA__1S_20260610T223252_20260610T223313_T_G01_M03_C03_T014_F194_02_DTQ6YZ
BiomassLevel1c,NIVEL 1,REGION_ANDINA_CHUBUT,,2026-06-16,BIO_S3_STA__1S_20260616T223256_20260616T223316_T_G01_M03_C05_T014_F194_02_DTQ70S
BiomassLevel1c,NIVEL 1,REGION_ANDINA_CHUBUT,,2026-06-16,BIO_S3_STA__1S_20260616T223159_20260616T223219_T_G01_M03_C05_T014_F191_02_DTQ8UU
BiomassLevel1c,NIVEL 1,REGION_ANDINA_CHUBUT,,2026-06-13,BIO_S3_STA__1S_20260613T223254_20260613T223314_T_G01_M03_C04_T014_F194_02_DTQ6ZS
BiomassLevel1c,NIVEL 1,REGION_ANDINA_CHUBUT,,2026-06-07,BIO_S3_STA__1S_20260607T223153_20260607T223213_T_G01_M03_C02_T014_F191_02_DTQ8S3
BiomassLevel1c,NIVEL 1,REGION_ANDINA_CHUBUT,,2026-06-07,BIO_S3_STA__1S_20260607T223250_20260607T223310_T_G01_M03_C02_T014_F194_02_DTQ6Y0
BiomassLevel1c,NIVEL 1,REGION_ANDINA_CHUBUT,,2026-07-07,BIO_S1_STA__1S_20260707T223604_20260707T223625_T_G01_M04_C02_T014_F191_02_DVA0O1
BiomassLevel1c,NIVEL 1,REGION_ANDINA_CHUBUT,,2026-07-06,BIO_S1_STA__1S_20260706T110224_20260706T110245_T_G01_M04_C01_T036_F274_02_DVF2C2
BiomassLevel1c,NIVEL 1,REGION_ANDINA_CHUBUT,,2026-07-06,BIO_S1_STA__1S_20260706T110146_20260706T110207_T_G01_M04_C01_T036_F272_02_DVF4K5
BiomassLevel1c,NIVEL 1,REGION_ANDINA_CHUBUT,,2026-07-06,BIO_S1_STA__1S_20260706T110243_20260706T110304_T_G01_M04_C01_T036_F275_02_DVF3L4
BiomassLevel1c,NIVEL 1,REGION_ANDINA_CHUBUT,,2026-07-09,BIO_S1_STA__1S_20260709T110226_20260709T110247_T_G01_M04_C02_T036_F274_02_DVF2D6
BiomassLevel1c,NIVEL 1,REGION_ANDINA_CHUBUT,,2026-07-12,BIO_S1_STA__1S_20260712T110131_20260712T110151_T_G01_M04_C03_T036_F271_02_DVF4BH
BiomassLevel1c,NIVEL 1,REGION_ANDINA_CHUBUT,,2026-07-12,BIO_S1_STA__1S_20260712T110209_20260712T110229_T_G01_M04_C03_T036_F273_02_DVF4OL
BiomassLevel1c,NIVEL 1,REGION_ANDINA_CHUBUT,,2026-07-18,BIO_S1_STA__1S_20260718T110154_20260718T110214_T_G01_M04_C05_T036_F272_02_DVF4NN
BiomassLevel1c,NIVEL 1,REGION_ANDINA_CHUBUT,,2026-07-18,BIO_S1_STA__1S_20260718T110251_20260718T110311_T_G01_M04_C05_T036_F275_02_DVF3OE
BiomassLevel1c,NIVEL 1,REGION_ANDINA_CHUBUT,,2026-07-24,BIO_S1_STA__1S_20260724T110236_20260724T110256_T_G01_M04_C07_T036_F274_02_DVF2IB
BiomassLevel1c,NIVEL 1,REGION_ANDINA_CHUBUT,,2026-07-24,BIO_S1_STA__1S_20260724T110217_20260724T110237_T_G01_M04_C07_T036_F273_02_DVF4RW
BiomassLevel1c,NIVEL 1,REGION_ANDINA_CHUBUT,,2026-07-24,BIO_S1_STA__1S_20260724T110139_20260724T110159_T_G01_M04_C07_T036_F271_02_DVF4EN
BiomassLevel1c,NIVEL 1,REGION_ANDINA_CHUBUT,,2026-07-04,BIO_S1_STA__1S_20260704T223621_20260704T223642_T_G01_M04_C01_T014_F192_02_DVEDR1
BiomassLevel1c,NIVEL 1,REGION_ANDINA_CHUBUT,,2026-07-07,BIO_S1_STA__1S_20260707T223623_20260707T223644_T_G01_M04_C02_T014_F192_02_DVEDRY
BiomassLevel1c,NIVEL 1,REGION_ANDINA_CHUBUT,,2026-07-10,BIO_S1_STA__1S_20260710T223625_20260710T223646_T_G01_M04_C03_T014_F192_02_DVEDSU
BiomassLevel1c,NIVEL 1,REGION_ANDINA_CHUBUT,,2026-09-02,BIO_S3_STA__1S_20260902T223702_20260902T223722_T_G01_M04_C07_T014_F192_02_DXFDTJ
BiomassLevel1c,NIVEL 1,REGION_ANDINA_CHUBUT,,2026-09-02,BIO_S3_STA__1S_20260902T223721_20260902T223741_T_G01_M04_C07_T014_F193_02_DXFF60
BiomassLevel1c,NIVEL 1,REGION_ANDINA_CHUBUT,,2026-08-15,BIO_S3_STA__1S_20260815T223630_20260815T223650_T_G01_M04_C01_T014_F191_02_DXFEKH
BiomassLevel1c,NIVEL 1,REGION_ANDINA_CHUBUT,,2026-08-18,BIO_S3_STA__1S_20260818T223729_20260818T223750_T_G01_M04_C02_T014_F194_02_DXFEI7
BiomassLevel1c,NIVEL 1,REGION_ANDINA_CHUBUT,,2026-08-21,BIO_S3_STA__1S_20260821T223634_20260821T223654_T_G01_M04_C03_T014_F191_02_DXFEMH
BiomassLevel1c,NIVEL 1,REGION_ANDINA_CHUBUT,,2026-08-27,BIO_S3_STA__1S_20260827T223716_20260827T223737_T_G01_M04_C05_T014_F193_02_DXFF3S
BiomassLevel1c,NIVEL 1,REGION_ANDINA_CHUBUT,,2026-08-27,BIO_S3_STA__1S_20260827T223657_20260827T223717_T_G01_M04_C05_T014_F192_02_DXFDRI
BiomassLevel1c,NIVEL 1,REGION_ANDINA_CHUBUT,,2026-04-28,BIO_S1_STA__1S_20260428T105729_20260428T105750_T_G01_M03_C02_T036_F273_02_DS87N1
BiomassLevel1c,NIVEL 1,REGION_ANDINA_CHUBUT,,2026-04-28,BIO_S1_STA__1S_20260428T105807_20260428T105828_T_G01_M03_C02_T036_F275_02_DS742P
BiomassLevel1c,NIVEL 1,REGION_ANDINA_CHUBUT,,2026-04-23,BIO_S1_STA__1S_20260423T223202_20260423T223223_T_G01_M03_C01_T014_F193_02_DS3YJM
BiomassLevel1c,NIVEL 1,REGION_ANDINA_CHUBUT,,2026-04-25,BIO_S1_STA__1S_20260425T105727_20260425T105748_T_G01_M03_C01_T036_F273_02_DS87PP
BiomassLevel1c,NIVEL 1,REGION_ANDINA_CHUBUT,,2026-04-29,BIO_S1_STA__1S_20260429T223244_20260429T223305_T_G01_M03_C03_T014_F195_02_DS9KR6
BiomassLevel1c,NIVEL 1,REGION_ANDINA_CHUBUT,,2026-05-01,BIO_S1_STA__1S_20260501T105750_20260501T105811_T_G01_M03_C03_T036_F274_02_DS8ORX
BiomassLevel1c,NIVEL 1,REGION_ANDINA_CHUBUT,,2026-05-01,BIO_S1_STA__1S_20260501T105809_20260501T105830_T_G01_M03_C03_T036_F275_02_DS744J
BiomassLevel1c,NIVEL 1,REGION_ANDINA_CHUBUT,,2026-05-07,BIO_S1_STA__1S_20260507T105754_20260507T105814_T_G01_M03_C05_T036_F274_02_DS8OTR
BiomassLevel1c,NIVEL 1,REGION_ANDINA_CHUBUT,,2026-05-04,BIO_S1_STA__1S_20260504T105733_20260504T105753_T_G01_M03_C04_T036_F273_02_DS87S1
BiomassLevel1c,NIVEL 1,REGION_ANDINA_CHUBUT,,2026-05-13,BIO_S1_STA__1S_20260513T105739_20260513T105759_T_G01_M03_C07_T036_F273_02_DS87QY
BiomassLevel1c,NIVEL 1,REGION_ANDINA_CHUBUT,,2026-05-10,BIO_S1_STA__1S_20260510T105737_20260510T105757_T_G01_M03_C06_T036_F273_02_DS87OD
BiomassLevel1c,NIVEL 1,REGION_ANDINA_CHUBUT,,2026-05-10,BIO_S1_STA__1S_20260510T105756_20260510T105816_T_G01_M03_C06_T036_F274_02_DS8OOV
BiomassLevel1c,NIVEL 1,REGION_ANDINA_CHUBUT,,2026-05-14,BIO_S2_STA__1S_20260514T223138_20260514T223159_T_G01_M03_C01_T014_F191_02_DT1ZOO
BiomassLevel1c,NIVEL 1,REGION_ANDINA_CHUBUT,,2026-05-16,BIO_S2_STA__1S_20260516T105800_20260516T105821_T_G01_M03_C01_T036_F274_02_DT7MGS
BiomassLevel1c,NIVEL 1,REGION_ANDINA_CHUBUT,,2026-05-17,BIO_S2_STA__1S_20260517T223237_20260517T223258_T_G01_M03_C02_T014_F194_02_DT1YVU
BiomassLevel1c,NIVEL 1,REGION_ANDINA_CHUBUT,,2026-05-17,BIO_S2_STA__1S_20260517T223140_20260517T223200_T_G01_M03_C02_T014_F191_02_DT1ZLU
BiomassLevel1c,NIVEL 1,REGION_ANDINA_CHUBUT,,2026-05-17,BIO_S2_STA__1S_20260517T223218_20260517T223239_T_G01_M03_C02_T014_F193_02_DT2BK7
BiomassLevel1c,NIVEL 1,REGION_ANDINA_CHUBUT,,2026-05-19,BIO_S2_STA__1S_20260519T105821_20260519T105841_T_G01_M03_C02_T036_F275_02_DT8MFV
BiomassLevel1c,NIVEL 1,REGION_ANDINA_CHUBUT,,2026-05-20,BIO_S2_STA__1S_20260520T223258_20260520T223318_T_G01_M03_C03_T014_F195_02_DSWH1U
BiomassLevel1c,NIVEL 1,REGION_ANDINA_CHUBUT,,2026-05-20,BIO_S2_STA__1S_20260520T223220_20260520T223240_T_G01_M03_C03_T014_F193_02_DT2BRY
BiomassLevel1c,NIVEL 1,REGION_ANDINA_CHUBUT,,2026-05-25,BIO_S2_STA__1S_20260525T105746_20260525T105807_T_G01_M03_C04_T036_F273_02_DSVKHA
BiomassLevel1c,NIVEL 1,REGION_ANDINA_CHUBUT,,2026-05-22,BIO_S2_STA__1S_20260522T105745_20260522T105805_T_G01_M03_C03_T036_F273_02_DSVKD7
BiomassLevel1c,NIVEL 1,REGION_ANDINA_CHUBUT,,2026-05-19,BIO_S2_STA__1S_20260519T105743_20260519T105803_T_G01_M03_C02_T036_F273_02_DSVKC2
BiomassLevel1c,NIVEL 1,REGION_ANDINA_CHUBUT,,2026-05-16,BIO_S2_STA__1S_20260516T105741_20260516T105801_T_G01_M03_C01_T036_F273_02_DSVKGF
BiomassLevel1c,NIVEL 1,REGION_ANDINA_CHUBUT,,2026-04-23,BIO_S1_STA__1S_20260423T223143_20260423T223204_T_G01_M03_C01_T014_F192_02_DSBRCA
BiomassLevel1c,NIVEL 1,REGION_ANDINA_CHUBUT,,2026-04-23,BIO_S1_STA__1S_20260423T223221_20260423T223242_T_G01_M03_C01_T014_F194_02_DSD1EY
BiomassLevel1c,NIVEL 1,REGION_ANDINA_CHUBUT,,2026-05-05,BIO_S1_STA__1S_20260505T223132_20260505T223152_T_G01_M03_C05_T014_F191_02_DSDW5F
BiomassLevel1c,NIVEL 1,REGION_ANDINA_CHUBUT,,2026-05-05,BIO_S1_STA__1S_20260505T223151_20260505T223211_T_G01_M03_C05_T014_F192_02_DSBRGB
BiomassLevel1c,NIVEL 1,REGION_ANDINA_CHUBUT,,2026-04-29,BIO_S1_STA__1S_20260429T223128_20260429T223149_T_G01_M03_C03_T014_F191_02_DSDW2S
BiomassLevel1c,NIVEL 1,REGION_ANDINA_CHUBUT,,2026-05-11,BIO_S1_STA__1S_20260511T223136_20260511T223157_T_G01_M03_C07_T014_F191_02_DSDWAY
BiomassLevel1c,NIVEL 1,REGION_ANDINA_CHUBUT,,2026-05-11,BIO_S1_STA__1S_20260511T223233_20260511T223254_T_G01_M03_C07_T014_F194_02_DSD1H0
BiomassLevel1c,NIVEL 1,REGION_ANDINA_CHUBUT,,2026-05-26,BIO_S2_STA__1S_20260526T223204_20260526T223225_T_G01_M03_C05_T014_F192_02_DT1HF9
BiomassLevel1c,NIVEL 1,REGION_ANDINA_CHUBUT,,2026-05-23,BIO_S2_STA__1S_20260523T223203_20260523T223223_T_G01_M03_C04_T014_F192_02_DT1HB5
BiomassLevel1c,NIVEL 1,REGION_ANDINA_CHUBUT,,2026-05-23,BIO_S2_STA__1S_20260523T223300_20260523T223320_T_G01_M03_C04_T014_F195_02_DSWGZ0
BiomassLevel1c,NIVEL 1,REGION_ANDINA_CHUBUT,,2026-05-23,BIO_S2_STA__1S_20260523T223222_20260523T223242_T_G01_M03_C04_T014_F193_02_DT2BQJ
BiomassLevel1c,NIVEL 1,REGION_ANDINA_CHUBUT,,2026-05-25,BIO_S2_STA__1S_20260525T105727_20260525T105748_T_G01_M03_C04_T036_F272_02_DT49II
BiomassLevel1c,NIVEL 1,REGION_ANDINA_CHUBUT,,2026-06-04,BIO_S3_STA__1S_20260604T223150_20260604T223211_T_G01_M03_C01_T014_F191_02_DTQ8R0
BiomassLevel1c,NIVEL 1,REGION_ANDINA_CHUBUT,,2026-06-04,BIO_S3_STA__1S_20260604T223248_20260604T223308_T_G01_M03_C01_T014_F194_02_DTQ6WU
BiomassLevel1c,NIVEL 1,REGION_ANDINA_CHUBUT,,2026-06-10,BIO_S3_STA__1S_20260610T223155_20260610T223215_T_G01_M03_C03_T014_F191_02_DTQ8T4
BiomassLevel1c,NIVEL 1,REGION_ANDINA_CHUBUT,,2026-06-19,BIO_S3_STA__1S_20260619T223200_20260619T223221_T_G01_M03_C06_T014_F191_02_DTQ8VU
BiomassLevel1c,NIVEL 1,REGION_ANDINA_CHUBUT,,2026-06-13,BIO_S3_STA__1S_20260613T223157_20260613T223217_T_G01_M03_C04_T014_F191_02_DTQ8TW
BiomassLevel1c,NIVEL 1,REGION_ANDINA_CHUBUT,,2026-06-06,BIO_S3_STA__1S_20260606T105734_20260606T105755_T_G01_M03_C01_T036_F272_02_DTXIJM
BiomassLevel1c,NIVEL 1,REGION_ANDINA_CHUBUT,,2026-06-06,BIO_S3_STA__1S_20260606T105711_20260606T105736_T_G01_M03_C01_T036_F271_02_DTXL6W
BiomassLevel1c,NIVEL 1,REGION_ANDINA_CHUBUT,,2026-06-06,BIO_S3_STA__1S_20260606T105832_20260606T105852_T_G01_M03_C01_T036_F275_02_DTXHG6
BiomassLevel1c,NIVEL 1,REGION_ANDINA_CHUBUT,,2026-06-09,BIO_S3_STA__1S_20260609T105756_20260609T105816_T_G01_M03_C02_T036_F273_02_DTXI89
BiomassLevel1c,NIVEL 1,REGION_ANDINA_CHUBUT,,2026-06-12,BIO_S3_STA__1S_20260612T105715_20260612T105740_T_G01_M03_C03_T036_F271_02_DTXL99
BiomassLevel1c,NIVEL 1,REGION_ANDINA_CHUBUT,,2026-06-18,BIO_S3_STA__1S_20260618T105718_20260618T105744_T_G01_M03_C05_T036_F271_02_DTXLBC
BiomassLevel1c,NIVEL 1,REGION_ANDINA_CHUBUT,,2026-06-18,BIO_S3_STA__1S_20260618T105839_20260618T105900_T_G01_M03_C05_T036_F275_02_DTXHK4
BiomassLevel1c,NIVEL 1,REGION_ANDINA_CHUBUT,,2026-06-15,BIO_S3_STA__1S_20260615T105717_20260615T105742_T_G01_M03_C04_T036_F271_02_DTXLA7
BiomassLevel1c,NIVEL 1,REGION_ANDINA_CHUBUT,,2026-06-15,BIO_S3_STA__1S_20260615T105819_20260615T105839_T_G01_M03_C04_T036_F274_02_DTXIXQ
BiomassLevel1c,NIVEL 1,REGION_ANDINA_CHUBUT,,2026-06-15,BIO_S3_STA__1S_20260615T105838_20260615T105858_T_G01_M03_C04_T036_F275_02_DTXHJ5
BiomassLevel1c,NIVEL 1,REGION_ANDINA_CHUBUT,,2026-06-21,BIO_S3_STA__1S_20260621T105841_20260621T105902_T_G01_M03_C06_T036_F275_02_DTXHL4
BiomassLevel1c,NIVEL 1,REGION_ANDINA_CHUBUT,,2026-06-24,BIO_S3_STA__1S_20260624T105805_20260624T105826_T_G01_M03_C07_T036_F273_02_DTXID6
BiomassLevel1c,NIVEL 1,REGION_ANDINA_CHUBUT,,2026-05-29,BIO_S2_STA__1S_20260529T223147_20260529T223208_T_G01_M03_C06_T014_F191_02_DT1ZIO
BiomassLevel1c,NIVEL 1,REGION_ANDINA_CHUBUT,,2026-05-29,BIO_S2_STA__1S_20260529T223206_20260529T223227_T_G01_M03_C06_T014_F192_02_DT1HE8
BiomassLevel1c,NIVEL 1,REGION_ANDINA_CHUBUT,,2026-06-01,BIO_S2_STA__1S_20260601T223149_20260601T223209_T_G01_M03_C07_T014_F191_02_DT1ZMW
BiomassLevel1c,NIVEL 1,REGION_ANDINA_CHUBUT,,2026-05-31,BIO_S2_STA__1S_20260531T105731_20260531T105751_T_G01_M03_C06_T036_F272_02_DT49D1
BiomassLevel1c,NIVEL 1,REGION_ANDINA_CHUBUT,,2026-06-04,BIO_S3_STA__1S_20260604T223210_20260604T223230_T_G01_M03_C01_T014_F192_02_DTQ6DD
BiomassLevel1c,NIVEL 1,REGION_ANDINA_CHUBUT,,2026-06-07,BIO_S3_STA__1S_20260607T223212_20260607T223232_T_G01_M03_C02_T014_F192_02_DTQ6EK
BiomassLevel1c,NIVEL 1,REGION_ANDINA_CHUBUT,,2026-06-13,BIO_S3_STA__1S_20260613T223216_20260613T223236_T_G01_M03_C04_T014_F192_02_DTQ6GD
BiomassLevel1c,NIVEL 1,REGION_ANDINA_CHUBUT,,2026-06-16,BIO_S3_STA__1S_20260616T223218_20260616T223238_T_G01_M03_C05_T014_F192_02_DTQ6H9
BiomassLevel1c,NIVEL 1,REGION_ANDINA_CHUBUT,,2026-06-07,BIO_S3_STA__1S_20260607T223231_20260607T223251_T_G01_M03_C02_T014_F193_02_DTQ6QJ
BiomassLevel1c,NIVEL 1,REGION_ANDINA_CHUBUT,,2026-07-19,BIO_S1_STA__1S_20260719T223612_20260719T223632_T_G01_M04_C06_T014_F191_02_DVA0RF
BiomassLevel1c,NIVEL 1,REGION_ANDINA_CHUBUT,,2026-07-22,BIO_S1_STA__1S_20260722T223614_20260722T223634_T_G01_M04_C07_T014_F191_02_DVA0SC
BiomassLevel1c,NIVEL 1,REGION_ANDINA_CHUBUT,,2026-07-16,BIO_S1_STA__1S_20260716T223629_20260716T223649_T_G01_M04_C05_T014_F192_02_DVEDUI
BiomassLevel1c,NIVEL 1,REGION_ANDINA_CHUBUT,,2026-07-19,BIO_S1_STA__1S_20260719T223631_20260719T223651_T_G01_M04_C06_T014_F192_02_DVEDVE
BiomassLevel1c,NIVEL 1,REGION_ANDINA_CHUBUT,,2026-07-22,BIO_S1_STA__1S_20260722T223633_20260722T223653_T_G01_M04_C07_T014_F192_02_DVEDWA
BiomassLevel1c,NIVEL 1,REGION_ANDINA_CHUBUT,,2026-07-13,BIO_S1_STA__1S_20260713T223627_20260713T223647_T_G01_M04_C04_T014_F192_02_DVEDTO
BiomassLevel1c,NIVEL 1,REGION_ANDINA_CHUBUT,,2026-07-06,BIO_S1_STA__1S_20260706T110127_20260706T110148_T_G01_M04_C01_T036_F271_02_DVF49S
BiomassLevel1c,NIVEL 1,REGION_ANDINA_CHUBUT,,2026-07-09,BIO_S1_STA__1S_20260709T110207_20260709T110228_T_G01_M04_C02_T036_F273_02_DVF4NP
BiomassLevel1c,NIVEL 1,REGION_ANDINA_CHUBUT,,2026-07-09,BIO_S1_STA__1S_20260709T110148_20260709T110209_T_G01_M04_C02_T036_F272_02_DVF4L5
BiomassLevel1c,NIVEL 1,REGION_ANDINA_CHUBUT,,2026-07-15,BIO_S1_STA__1S_20260715T110211_20260715T110231_T_G01_M04_C04_T036_F273_02_DVF4PA
BiomassLevel1c,NIVEL 1,REGION_ANDINA_CHUBUT,,2026-07-21,BIO_S1_STA__1S_20260721T110156_20260721T110216_T_G01_M04_C06_T036_F272_02_DVF4OJ
BiomassLevel1c,NIVEL 1,REGION_ANDINA_CHUBUT,,2026-07-18,BIO_S1_STA__1S_20260718T110213_20260718T110233_T_G01_M04_C05_T036_F273_02_DVF4Q3
BiomassLevel1c,NIVEL 1,REGION_ANDINA_CHUBUT,,2026-07-21,BIO_S1_STA__1S_20260721T110215_20260721T110235_T_G01_M04_C06_T036_F273_02_DVF4QZ
BiomassLevel1c,NIVEL 1,REGION_ANDINA_CHUBUT,,2026-07-21,BIO_S1_STA__1S_20260721T110234_20260721T110254_T_G01_M04_C06_T036_F274_02_DVF2H7
BiomassLevel1c,NIVEL 1,REGION_ANDINA_CHUBUT,,2026-07-21,BIO_S1_STA__1S_20260721T110253_20260721T110313_T_G01_M04_C06_T036_F275_02_DVF3P9
BiomassLevel1c,NIVEL 1,REGION_ANDINA_CHUBUT,,2026-07-24,BIO_S1_STA__1S_20260724T110158_20260724T110218_T_G01_M04_C07_T036_F272_02_DVF4PF
BiomassLevel1c,NIVEL 1,REGION_ANDINA_CHUBUT,,2026-06-22,BIO_S3_STA__1S_20260622T223202_20260622T223223_T_G01_M03_C07_T014_F191_02_DTQ8WV
BiomassLevel1c,NIVEL 1,REGION_ANDINA_CHUBUT,,2026-08-21,BIO_S3_STA__1S_20260821T223712_20260821T223733_T_G01_M04_C03_T014_F193_02_DXFF1X
BiomassLevel1c,NIVEL 1,REGION_ANDINA_CHUBUT,,2026-08-24,BIO_S3_STA__1S_20260824T223636_20260824T223656_T_G01_M04_C04_T014_F191_02_DXFENB
BiomassLevel1c,NIVEL 1,REGION_ANDINA_CHUBUT,,2026-08-27,BIO_S3_STA__1S_20260827T223638_20260827T223658_T_G01_M04_C05_T014_F191_02_DXFEO8
BiomassLevel1c,NIVEL 1,REGION_ANDINA_CHUBUT,,2026-08-18,BIO_S3_STA__1S_20260818T223632_20260818T223652_T_G01_M04_C02_T014_F191_02_DXFELH
BiomassLevel1c,NIVEL 1,REGION_ANDINA_CHUBUT,,2026-08-15,BIO_S3_STA__1S_20260815T223649_20260815T223709_T_G01_M04_C01_T014_F192_02_DXFDNP
BiomassLevel1c,NIVEL 1,REGION_ANDINA_CHUBUT,,2026-08-30,BIO_S3_STA__1S_20260830T223659_20260830T223720_T_G01_M04_C06_T014_F192_02_DXFDSI
BiomassLevel1c,NIVEL 1,REGION_ANDINA_CHUBUT,,2026-08-30,BIO_S3_STA__1S_20260830T223640_20260830T223701_T_G01_M04_C06_T014_F191_02_DXFEP9
BiomassLevel1c,NIVEL 1,REGION_ANDINA_CHUBUT,,2026-09-02,BIO_S3_STA__1S_20260902T223740_20260902T223800_T_G01_M04_C07_T014_F194_02_DXFEMW
BiomassLevel1c,NIVEL 1,REGION_ANDINA_CHUBUT,,2026-04-23,BIO_S1_STA__1S_20260423T223240_20260423T223301_T_G01_M03_C01_T014_F195_02_DS9KPX
BiomassLevel1c,NIVEL 1,REGION_ANDINA_CHUBUT,,2026-04-25,BIO_S1_STA__1S_20260425T105805_20260425T105826_T_G01_M03_C01_T036_F275_02_DS743N
BiomassLevel1c,NIVEL 1,REGION_ANDINA_CHUBUT,,2026-04-26,BIO_S1_STA__1S_20260426T223204_20260426T223225_T_G01_M03_C02_T014_F193_02_DS3YLH
BiomassLevel1c,NIVEL 1,REGION_ANDINA_CHUBUT,,2026-05-02,BIO_S1_STA__1S_20260502T223208_20260502T223229_T_G01_M03_C04_T014_F193_02_DS3YNY
BiomassLevel1c,NIVEL 1,REGION_ANDINA_CHUBUT,,2026-05-02,BIO_S1_STA__1S_20260502T223246_20260502T223307_T_G01_M03_C04_T014_F195_02_DS9KOM
BiomassLevel1c,NIVEL 1,REGION_ANDINA_CHUBUT,,2026-05-04,BIO_S1_STA__1S_20260504T105752_20260504T105812_T_G01_M03_C04_T036_F274_02_DS8OSU
BiomassLevel1c,NIVEL 1,REGION_ANDINA_CHUBUT,,2026-04-29,BIO_S1_STA__1S_20260429T223206_20260429T223227_T_G01_M03_C03_T014_F193_02_DS3YKK
BiomassLevel1c,NIVEL 1,REGION_ANDINA_CHUBUT,,2026-05-07,BIO_S1_STA__1S_20260507T105735_20260507T105755_T_G01_M03_C05_T036_F273_02_DS87LK
BiomassLevel1c,NIVEL 1,REGION_ANDINA_CHUBUT,,2026-05-07,BIO_S1_STA__1S_20260507T105813_20260507T105833_T_G01_M03_C05_T036_F275_02_DS7406
BiomassLevel1c,NIVEL 1,REGION_ANDINA_CHUBUT,,2026-05-10,BIO_S1_STA__1S_20260510T105815_20260510T105835_T_G01_M03_C06_T036_F275_02_DS7413
BiomassLevel1c,NIVEL 1,REGION_ANDINA_CHUBUT,,2026-05-11,BIO_S1_STA__1S_20260511T223252_20260511T223313_T_G01_M03_C07_T014_F195_02_DS9KL0
BiomassLevel1c,NIVEL 1,REGION_ANDINA_CHUBUT,,2026-05-08,BIO_S1_STA__1S_20260508T223250_20260508T223311_T_G01_M03_C06_T014_F195_02_DS9KNK
BiomassLevel1c,NIVEL 1,REGION_ANDINA_CHUBUT,,2026-05-13,BIO_S1_STA__1S_20260513T105817_20260513T105837_T_G01_M03_C07_T036_F275_02_DS745G
BiomassLevel1c,NIVEL 1,REGION_ANDINA_CHUBUT,,2026-05-28,BIO_S2_STA__1S_20260528T105748_20260528T105809_T_G01_M03_C05_T036_F273_02_DSVKF9
BiomassLevel1c,NIVEL 1,REGION_ANDINA_CHUBUT,,2026-04-26,BIO_S1_STA__1S_20260426T223223_20260426T223244_T_G01_M03_C02_T014_F194_02_DSD1CX
BiomassLevel1c,NIVEL 1,REGION_ANDINA_CHUBUT,,2026-05-02,BIO_S1_STA__1S_20260502T223130_20260502T223151_T_G01_M03_C04_T014_F191_02_DSDW6U
BiomassLevel1c,NIVEL 1,REGION_ANDINA_CHUBUT,,2026-05-02,BIO_S1_STA__1S_20260502T223227_20260502T223248_T_G01_M03_C04_T014_F194_02_DSD1HT
BiomassLevel1cIOC,NIVEL 1,REGION_ANDINA_CHUBUT,,2025-06-06,BIO_S1_STA__1S_20250606T222554_20250606T222615_C_G___M___C___T____F194_01_DGR7SK
BiomassLevel1cIOC,NIVEL 1,REGION_ANDINA_CHUBUT,,2025-06-06,BIO_S1_STA__1S_20250606T222535_20250606T222556_C_G___M___C___T____F193_01_DGQQQ1
BiomassLevel1cIOC,NIVEL 1,REGION_ANDINA_CHUBUT,,2025-06-09,BIO_S1_STA__1S_20250609T222516_20250609T222537_C_G___M___C___T____F192_01_DGQMAU
BiomassLevel1cIOC,NIVEL 1,REGION_ANDINA_CHUBUT,,2025-06-09,BIO_S1_STA__1S_20250609T222457_20250609T222518_C_G___M___C___T____F191_01_DGR5WI
BiomassLevel1cIOC,NIVEL 1,REGION_ANDINA_CHUBUT,,2025-06-12,BIO_S1_STA__1S_20250612T222554_20250612T222615_C_G___M___C___T____F194_01_DGR7S1
BiomassLevel1cIOC,NIVEL 1,REGION_ANDINA_CHUBUT,,2025-06-18,BIO_S1_STA__1S_20250618T222516_20250618T222536_C_G___M___C___T____F192_01_DGQMB4
BiomassLevel1cIOC,NIVEL 1,REGION_ANDINA_CHUBUT,,2025-06-21,BIO_S1_STA__1S_20250621T222458_20250621T222519_C_G___M___C___T____F191_01_DGR5VZ
BiomassLevel1cIOC,NIVEL 1,REGION_ANDINA_CHUBUT,,2025-06-21,BIO_S1_STA__1S_20250621T222517_20250621T222538_C_G___M___C___T____F192_01_DGQM9Q
BiomassLevel1cIOC,NIVEL 1,REGION_ANDINA_CHUBUT,,2025-06-21,BIO_S1_STA__1S_20250621T222537_20250621T222557_C_G___M___C___T____F193_01_DGQQPS
BiomassLevel1cIOC,NIVEL 1,REGION_ANDINA_CHUBUT,,2025-06-06,BIO_S1_STA__1M_20250606T222457_20250606T222518_C_G___M___C___T____F191_01_DGR5WG
BiomassLevel1cIOC,NIVEL 1,REGION_ANDINA_CHUBUT,,2025-06-12,BIO_S1_STA__1M_20250612T222613_20250612T222634_C_G___M___C___T____F195_01_DGR14I
BiomassLevel1cIOC,NIVEL 1,REGION_ANDINA_CHUBUT,,2025-06-12,BIO_S1_STA__1M_20250612T222535_20250612T222556_C_G___M___C___T____F193_01_DGQQQH
BiomassLevel1cIOC,NIVEL 1,REGION_ANDINA_CHUBUT,,2025-06-15,BIO_S1_STA__1M_20250615T222456_20250615T222517_C_G___M___C___T____F191_01_DGR5XE
BiomassLevel1cIOC,NIVEL 1,REGION_ANDINA_CHUBUT,,2025-06-18,BIO_S1_STA__1M_20250618T222456_20250618T222517_C_G___M___C___T____F191_01_DGR5VX
BiomassLevel1cIOC,NIVEL 1,REGION_ANDINA_CHUBUT,,2025-06-21,BIO_S1_STA__1M_20250621T222537_20250621T222557_C_G___M___C___T____F193_01_DGQQPY
BiomassLevel1cIOC,NIVEL 1,REGION_ANDINA_CHUBUT,,2025-06-06,BIO_S1_STA__1S_20250606T222613_20250606T222634_C_G___M___C___T____F195_01_DGR13S
BiomassLevel1cIOC,NIVEL 1,REGION_ANDINA_CHUBUT,,2025-06-12,BIO_S1_STA__1S_20250612T222613_20250612T222634_C_G___M___C___T____F195_01_DGR14C
BiomassLevel1cIOC,NIVEL 1,REGION_ANDINA_CHUBUT,,2025-06-15,BIO_S1_STA__1S_20250615T222515_20250615T222536_C_G___M___C___T____F192_01_DGQMAJ
BiomassLevel1cIOC,NIVEL 1,REGION_ANDINA_CHUBUT,,2025-06-15,BIO_S1_STA__1S_20250615T222612_20250615T222633_C_G___M___C___T____F195_01_DGR14L
BiomassLevel1cIOC,NIVEL 1,REGION_ANDINA_CHUBUT,,2025-06-15,BIO_S1_STA__1S_20250615T222534_20250615T222555_C_G___M___C___T____F193_01_DGQQPJ
BiomassLevel1cIOC,NIVEL 1,REGION_ANDINA_CHUBUT,,2025-06-21,BIO_S1_STA__1S_20250621T222556_20250621T222616_C_G___M___C___T____F194_01_DGR7RR
BiomassLevel1cIOC,NIVEL 1,REGION_ANDINA_CHUBUT,,2025-06-21,BIO_S1_STA__1S_20250621T222614_20250621T222635_C_G___M___C___T____F195_01_DGR14V
BiomassLevel1cIOC,NIVEL 1,REGION_ANDINA_CHUBUT,,2025-06-06,BIO_S1_STA__1M_20250606T222613_20250606T222634_C_G___M___C___T____F195_01_DGR13Z
BiomassLevel1cIOC,NIVEL 1,REGION_ANDINA_CHUBUT,,2025-06-06,BIO_S1_STA__1M_20250606T222535_20250606T222556_C_G___M___C___T____F193_01_DGQQQ8
BiomassLevel1cIOC,NIVEL 1,REGION_ANDINA_CHUBUT,,2025-06-09,BIO_S1_STA__1M_20250609T222457_20250609T222518_C_G___M___C___T____F191_01_DGR5X4
BiomassLevel1cIOC,NIVEL 1,REGION_ANDINA_CHUBUT,,2025-06-09,BIO_S1_STA__1M_20250609T222516_20250609T222537_C_G___M___C___T____F192_01_DGQMB1
BiomassLevel1cIOC,NIVEL 1,REGION_ANDINA_CHUBUT,,2025-06-12,BIO_S1_STA__1M_20250612T222554_20250612T222615_C_G___M___C___T____F194_01_DGR7S8
BiomassLevel1cIOC,NIVEL 1,REGION_ANDINA_CHUBUT,,2025-06-15,BIO_S1_STA__1M_20250615T222553_20250615T222614_C_G___M___C___T____F194_01_DGR7RO
BiomassLevel1cIOC,NIVEL 1,REGION_ANDINA_CHUBUT,,2025-06-18,BIO_S1_STA__1M_20250618T222535_20250618T222555_C_G___M___C___T____F193_01_DGQQP7
BiomassLevel1cIOC,NIVEL 1,REGION_ANDINA_CHUBUT,,2025-06-18,BIO_S1_STA__1M_20250618T222554_20250618T222614_C_G___M___C___T____F194_01_DGR7SI
BiomassLevel1cIOC,NIVEL 1,REGION_ANDINA_CHUBUT,,2025-06-21,BIO_S1_STA__1M_20250621T222458_20250621T222519_C_G___M___C___T____F191_01_DGR5W6
BiomassLevel1cIOC,NIVEL 1,REGION_ANDINA_CHUBUT,,2025-06-21,BIO_S1_STA__1M_20250621T222614_20250621T222635_C_G___M___C___T____F195_01_DGR151
BiomassLevel1cIOC,NIVEL 1,REGION_ANDINA_CHUBUT,,2025-06-21,BIO_S1_STA__1M_20250621T222556_20250621T222616_C_G___M___C___T____F194_01_DGR7RY
BiomassLevel1cIOC,NIVEL 1,REGION_ANDINA_CHUBUT,,2025-06-21,BIO_S1_STA__1M_20250621T222517_20250621T222538_C_G___M___C___T____F192_01_DGQM9Y
BiomassLevel1cIOC,NIVEL 1,REGION_ANDINA_CHUBUT,,2025-06-06,BIO_S1_STA__1S_20250606T222457_20250606T222518_C_G___M___C___T____F191_01_DGR5W9
BiomassLevel1cIOC,NIVEL 1,REGION_ANDINA_CHUBUT,,2025-06-06,BIO_S1_STA__1S_20250606T222516_20250606T222537_C_G___M___C___T____F192_01_DGQMAA
BiomassLevel1cIOC,NIVEL 1,REGION_ANDINA_CHUBUT,,2025-06-09,BIO_S1_STA__1S_20250609T222613_20250609T222634_C_G___M___C___T____F195_01_DGR154
BiomassLevel1cIOC,NIVEL 1,REGION_ANDINA_CHUBUT,,2025-06-09,BIO_S1_STA__1S_20250609T222535_20250609T222556_C_G___M___C___T____F193_01_DGQQP9
BiomassLevel1cIOC,NIVEL 1,REGION_ANDINA_CHUBUT,,2025-06-09,BIO_S1_STA__1S_20250609T222554_20250609T222615_C_G___M___C___T____F194_01_DGR7ST
BiomassLevel1cIOC,NIVEL 1,REGION_ANDINA_CHUBUT,,2025-06-12,BIO_S1_STA__1S_20250612T222535_20250612T222556_C_G___M___C___T____F193_01_DGQQQB
BiomassLevel1cIOC,NIVEL 1,REGION_ANDINA_CHUBUT,,2025-06-12,BIO_S1_STA__1S_20250612T222516_20250612T222536_C_G___M___C___T____F192_01_DGQMA0
BiomassLevel1cIOC,NIVEL 1,REGION_ANDINA_CHUBUT,,2025-06-12,BIO_S1_STA__1S_20250612T222457_20250612T222517_C_G___M___C___T____F191_01_DGR5VG
BiomassLevel1cIOC,NIVEL 1,REGION_ANDINA_CHUBUT,,2025-06-15,BIO_S1_STA__1S_20250615T222553_20250615T222614_C_G___M___C___T____F194_01_DGR7RH
BiomassLevel1cIOC,NIVEL 1,REGION_ANDINA_CHUBUT,,2025-06-15,BIO_S1_STA__1S_20250615T222456_20250615T222517_C_G___M___C___T____F191_01_DGR5X7
BiomassLevel1cIOC,NIVEL 1,REGION_ANDINA_CHUBUT,,2025-06-18,BIO_S1_STA__1S_20250618T222554_20250618T222614_C_G___M___C___T____F194_01_DGR7SB
BiomassLevel1cIOC,NIVEL 1,REGION_ANDINA_CHUBUT,,2025-06-18,BIO_S1_STA__1S_20250618T222613_20250618T222633_C_G___M___C___T____F195_01_DGR142
BiomassLevel1cIOC,NIVEL 1,REGION_ANDINA_CHUBUT,,2025-06-18,BIO_S1_STA__1S_20250618T222535_20250618T222555_C_G___M___C___T____F193_01_DGQQOZ
BiomassLevel1cIOC,NIVEL 1,REGION_ANDINA_CHUBUT,,2025-06-18,BIO_S1_STA__1S_20250618T222456_20250618T222517_C_G___M___C___T____F191_01_DGR5VQ
BiomassLevel1cIOC,NIVEL 1,REGION_ANDINA_CHUBUT,,2025-06-06,BIO_S1_STA__1M_20250606T222516_20250606T222537_C_G___M___C___T____F192_01_DGQMAG
BiomassLevel1cIOC,NIVEL 1,REGION_ANDINA_CHUBUT,,2025-06-06,BIO_S1_STA__1M_20250606T222554_20250606T222615_C_G___M___C___T____F194_01_DGR7SR
BiomassLevel1cIOC,NIVEL 1,REGION_ANDINA_CHUBUT,,2025-06-09,BIO_S1_STA__1M_20250609T222554_20250609T222615_C_G___M___C___T____F194_01_DGR7T0
BiomassLevel1cIOC,NIVEL 1,REGION_ANDINA_CHUBUT,,2025-06-09,BIO_S1_STA__1M_20250609T222535_20250609T222556_C_G___M___C___T____F193_01_DGQQPG
BiomassLevel1cIOC,NIVEL 1,REGION_ANDINA_CHUBUT,,2025-06-09,BIO_S1_STA__1M_20250609T222613_20250609T222634_C_G___M___C___T____F195_01_DGR15A
BiomassLevel1cIOC,NIVEL 1,REGION_ANDINA_CHUBUT,,2025-06-12,BIO_S1_STA__1M_20250612T222457_20250612T222517_C_G___M___C___T____F191_01_DGR5VN
BiomassLevel1cIOC,NIVEL 1,REGION_ANDINA_CHUBUT,,2025-06-12,BIO_S1_STA__1M_20250612T222516_20250612T222536_C_G___M___C___T____F192_01_DGQMA7
BiomassLevel1cIOC,NIVEL 1,REGION_ANDINA_CHUBUT,,2025-06-15,BIO_S1_STA__1M_20250615T222515_20250615T222536_C_G___M___C___T____F192_01_DGQMAS
BiomassLevel1cIOC,NIVEL 1,REGION_ANDINA_CHUBUT,,2025-06-15,BIO_S1_STA__1M_20250615T222612_20250615T222633_C_G___M___C___T____F195_01_DGR14S
BiomassLevel1cIOC,NIVEL 1,REGION_ANDINA_CHUBUT,,2025-06-15,BIO_S1_STA__1M_20250615T222534_20250615T222555_C_G___M___C___T____F193_01_DGQQPP
BiomassLevel1cIOC,NIVEL 1,REGION_ANDINA_CHUBUT,,2025-06-18,BIO_S1_STA__1M_20250618T222516_20250618T222536_C_G___M___C___T____F192_01_DGQMBC
BiomassLevel1cIOC,NIVEL 1,REGION_ANDINA_CHUBUT,,2025-06-18,BIO_S1_STA__1M_20250618T222613_20250618T222633_C_G___M___C___T____F195_01_DGR149
BiomassLevel2a,NIVEL 2,BOSQUE_NW_02,FP_FH__L2A,2026-04-26,BIO_FP_FH__L2A_20260426T223145_20260508T223213_T_G01_M03_C___T014_F192_02_DSOJ82
BiomassLevel2a,NIVEL 2,BOSQUE_NW_02,FP_FH__L2A,2026-06-09,BIO_FP_FH__L2A_20260609T105815_20260621T105843_T_G01_M03_C___T036_F274_02_DU0DEP
BiomassLevel2a,NIVEL 2,BOSQUE_NW_02,FP_GN__L2A,2026-06-07,BIO_FP_GN__L2A_20260607T223212_20260619T223240_T_G01_M03_C___T014_F192_02_DTZJJ3
BiomassLevel2a,NIVEL 2,BOSQUE_NW_02,FP_GN__L2A,2026-07-09,BIO_FP_GN__L2A_20260709T110226_20260721T110254_T_G01_M04_C___T036_F274_02_DVMHP3
BiomassLevel2a,NIVEL 2,BOSQUE_NW_02,FP_GN__L2A,2026-05-17,BIO_FP_GN__L2A_20260517T223159_20260529T223227_T_G01_M03_C___T014_F192_02_DTF9O6
BiomassLevel2a,NIVEL 2,BOSQUE_NW_02,FP_FH__L2A,2026-05-17,BIO_FP_FH__L2A_20260517T223159_20260529T223227_T_G01_M03_C___T014_F192_02_DTF9M3
BiomassLevel2a,NIVEL 2,BOSQUE_NW_02,FP_FH__L2A,2026-07-09,BIO_FP_FH__L2A_20260709T110226_20260721T110254_T_G01_M04_C___T036_F274_02_DVMHMW
BiomassLevel2a,NIVEL 2,BOSQUE_NW_02,FP_GN__L2A,2026-04-26,BIO_FP_GN__L2A_20260426T223145_20260508T223213_T_G01_M03_C___T014_F192_02_DSOJAA
BiomassLevel2a,NIVEL 2,BOSQUE_NW_02,FP_GN__L2A,2026-06-09,BIO_FP_GN__L2A_20260609T105815_20260621T105843_T_G01_M03_C___T036_F274_02_DU0DGJ
BiomassLevel2a,NIVEL 2,BOSQUE_NW_02,FP_FH__L2A,2026-06-07,BIO_FP_FH__L2A_20260607T223212_20260619T223240_T_G01_M03_C___T014_F192_02_DTZJH5
BiomassLevel2a,NIVEL 2,ESTEPA_NW_02,FP_FH__L2A,2026-06-09,BIO_FP_FH__L2A_20260609T105815_20260621T105843_T_G01_M03_C___T036_F274_02_DU0DEP
BiomassLevel2a,NIVEL 2,ESTEPA_NW_02,FP_GN__L2A,2026-06-07,BIO_FP_GN__L2A_20260607T223212_20260619T223240_T_G01_M03_C___T014_F192_02_DTZJJ3
BiomassLevel2a,NIVEL 2,ESTEPA_NW_02,FP_GN__L2A,2026-07-09,BIO_FP_GN__L2A_20260709T110226_20260721T110254_T_G01_M04_C___T036_F274_02_DVMHP3
BiomassLevel2a,NIVEL 2,ESTEPA_NW_02,FP_GN__L2A,2026-05-17,BIO_FP_GN__L2A_20260517T223159_20260529T223227_T_G01_M03_C___T014_F192_02_DTF9O6
BiomassLevel2a,NIVEL 2,ESTEPA_NW_02,FP_FH__L2A,2026-05-17,BIO_FP_FH__L2A_20260517T223159_20260529T223227_T_G01_M03_C___T014_F192_02_DTF9M3
BiomassLevel2a,NIVEL 2,ESTEPA_NW_02,FP_FH__L2A,2026-07-09,BIO_FP_FH__L2A_20260709T110226_20260721T110254_T_G01_M04_C___T036_F274_02_DVMHMW
BiomassLevel2a,NIVEL 2,ESTEPA_NW_02,FP_FH__L2A,2026-05-19,BIO_FP_FH__L2A_20260519T105802_20260531T105829_T_G01_M03_C___T036_F274_02_DTEQNJ
BiomassLevel2a,NIVEL 2,ESTEPA_NW_02,FP_GN__L2A,2026-05-19,BIO_FP_GN__L2A_20260519T105802_20260531T105829_T_G01_M03_C___T036_F274_02_DTEQPK
BiomassLevel2a,NIVEL 2,ESTEPA_NW_02,FP_GN__L2A,2026-06-09,BIO_FP_GN__L2A_20260609T105815_20260621T105843_T_G01_M03_C___T036_F274_02_DU0DGJ
BiomassLevel2a,NIVEL 2,ESTEPA_NW_02,FP_FH__L2A,2026-06-07,BIO_FP_FH__L2A_20260607T223212_20260619T223240_T_G01_M03_C___T014_F192_02_DTZJH5
BiomassLevel2a,NIVEL 2,REGION_ANDINA_CHUBUT,FP_FH__L2A,2026-04-26,BIO_FP_FH__L2A_20260426T223145_20260508T223213_T_G01_M03_C___T014_F192_02_DSOJ82
BiomassLevel2a,NIVEL 2,REGION_ANDINA_CHUBUT,FP_GN__L2A,2026-04-26,BIO_FP_GN__L2A_20260426T223126_20260508T223154_T_G01_M03_C___T014_F191_02_DSPEAU
BiomassLevel2a,NIVEL 2,REGION_ANDINA_CHUBUT,FP_GN__L2A,2026-04-26,BIO_FP_GN__L2A_20260426T223242_20260508T223311_T_G01_M03_C___T014_F195_02_DSOGH2
BiomassLevel2a,NIVEL 2,REGION_ANDINA_CHUBUT,FP_FH__L2A,2026-04-28,BIO_FP_FH__L2A_20260428T105729_20260510T105757_T_G01_M03_C___T036_F273_02_DSOMTQ
BiomassLevel2a,NIVEL 2,REGION_ANDINA_CHUBUT,FP_FH__L2A,2026-04-28,BIO_FP_FH__L2A_20260428T105748_20260510T105816_T_G01_M03_C___T036_F274_02_DSPLFI
BiomassLevel2a,NIVEL 2,REGION_ANDINA_CHUBUT,FP_FH__L2A,2026-05-17,BIO_FP_FH__L2A_20260517T223218_20260529T223246_T_G01_M03_C___T014_F193_02_DTER0X
BiomassLevel2a,NIVEL 2,REGION_ANDINA_CHUBUT,FP_FH__L2A,2026-05-19,BIO_FP_FH__L2A_20260519T105743_20260531T105810_T_G01_M03_C___T036_F273_02_DTFA8M
BiomassLevel2a,NIVEL 2,REGION_ANDINA_CHUBUT,FP_FH__L2A,2026-05-17,BIO_FP_FH__L2A_20260517T223140_20260529T223208_T_G01_M03_C___T014_F191_02_DTF9OH
BiomassLevel2a,NIVEL 2,REGION_ANDINA_CHUBUT,FP_FH__L2A,2026-05-17,BIO_FP_FH__L2A_20260517T223256_20260529T223324_T_G01_M03_C___T014_F195_02_DTF0OR
BiomassLevel2a,NIVEL 2,REGION_ANDINA_CHUBUT,FP_FH__L2A,2026-05-17,BIO_FP_FH__L2A_20260517T223237_20260529T223305_T_G01_M03_C___T014_F194_02_DTF4IX
BiomassLevel2a,NIVEL 2,REGION_ANDINA_CHUBUT,FP_GN__L2A,2026-05-19,BIO_FP_GN__L2A_20260519T105743_20260531T105810_T_G01_M03_C___T036_F273_02_DTFAAK
BiomassLevel2a,NIVEL 2,REGION_ANDINA_CHUBUT,FP_GN__L2A,2026-05-19,BIO_FP_GN__L2A_20260519T105821_20260531T105848_T_G01_M03_C___T036_F275_02_DTF8AS
BiomassLevel2a,NIVEL 2,REGION_ANDINA_CHUBUT,FP_GN__L2A,2026-05-19,BIO_FP_GN__L2A_20260519T105724_20260531T105751_T_G01_M03_C___T036_F272_02_DTEU1X
BiomassLevel2a,NIVEL 2,REGION_ANDINA_CHUBUT,FP_FH__L2A,2026-05-19,BIO_FP_FH__L2A_20260519T105724_20260531T105751_T_G01_M03_C___T036_F272_02_DTETZX
BiomassLevel2a,NIVEL 2,REGION_ANDINA_CHUBUT,FP_FH__L2A,2026-06-07,BIO_FP_FH__L2A_20260607T223231_20260619T223259_T_G01_M03_C___T014_F193_02_DTZI7N
BiomassLevel2a,NIVEL 2,REGION_ANDINA_CHUBUT,FP_GN__L2A,2026-06-07,BIO_FP_GN__L2A_20260607T223231_20260619T223259_T_G01_M03_C___T014_F193_02_DTZI9L
BiomassLevel2a,NIVEL 2,REGION_ANDINA_CHUBUT,FP_FH__L2A,2026-06-09,BIO_FP_FH__L2A_20260609T105815_20260621T105843_T_G01_M03_C___T036_F274_02_DU0DEP
BiomassLevel2a,NIVEL 2,REGION_ANDINA_CHUBUT,FP_GN__L2A,2026-06-07,BIO_FP_GN__L2A_20260607T223212_20260619T223240_T_G01_M03_C___T014_F192_02_DTZJJ3
BiomassLevel2a,NIVEL 2,REGION_ANDINA_CHUBUT,FP_FH__L2A,2026-07-07,BIO_FP_FH__L2A_20260707T223623_20260719T223651_T_G01_M04_C___T014_F192_02_DVLT6F
BiomassLevel2a,NIVEL 2,REGION_ANDINA_CHUBUT,FP_GN__L2A,2026-07-09,BIO_FP_GN__L2A_20260709T110226_20260721T110254_T_G01_M04_C___T036_F274_02_DVMHP3
BiomassLevel2a,NIVEL 2,REGION_ANDINA_CHUBUT,FP_FH__L2A,2026-07-09,BIO_FP_FH__L2A_20260709T110207_20260721T110235_T_G01_M04_C___T036_F273_02_DVMJXY
BiomassLevel2a,NIVEL 2,REGION_ANDINA_CHUBUT,FP_FH__L2A,2026-04-26,BIO_FP_FH__L2A_20260426T223223_20260508T223252_T_G01_M03_C___T014_F194_02_DSPFR3
BiomassLevel2a,NIVEL 2,REGION_ANDINA_CHUBUT,FP_FH__L2A,2026-04-26,BIO_FP_FH__L2A_20260426T223242_20260508T223311_T_G01_M03_C___T014_F195_02_DSOGF1
BiomassLevel2a,NIVEL 2,REGION_ANDINA_CHUBUT,FP_GN__L2A,2026-04-26,BIO_FP_GN__L2A_20260426T223204_20260508T223232_T_G01_M03_C___T014_F193_02_DSPB09
BiomassLevel2a,NIVEL 2,REGION_ANDINA_CHUBUT,FP_FH__L2A,2026-04-28,BIO_FP_FH__L2A_20260428T105807_20260510T105835_T_G01_M03_C___T036_F275_02_DSPMQZ
BiomassLevel2a,NIVEL 2,REGION_ANDINA_CHUBUT,FP_GN__L2A,2026-04-28,BIO_FP_GN__L2A_20260428T105729_20260510T105757_T_G01_M03_C___T036_F273_02_DSOMW4
BiomassLevel2a,NIVEL 2,REGION_ANDINA_CHUBUT,FP_GN__L2A,2026-04-28,BIO_FP_GN__L2A_20260428T105807_20260510T105835_T_G01_M03_C___T036_F275_02_DSPMU3
BiomassLevel2a,NIVEL 2,REGION_ANDINA_CHUBUT,FP_GN__L2A,2026-05-17,BIO_FP_GN__L2A_20260517T223218_20260529T223246_T_G01_M03_C___T014_F193_02_DTER31
BiomassLevel2a,NIVEL 2,REGION_ANDINA_CHUBUT,FP_GN__L2A,2026-05-17,BIO_FP_GN__L2A_20260517T223159_20260529T223227_T_G01_M03_C___T014_F192_02_DTF9O6
BiomassLevel2a,NIVEL 2,REGION_ANDINA_CHUBUT,FP_GN__L2A,2026-05-17,BIO_FP_GN__L2A_20260517T223140_20260529T223208_T_G01_M03_C___T014_F191_02_DTF9QL
BiomassLevel2a,NIVEL 2,REGION_ANDINA_CHUBUT,FP_GN__L2A,2026-05-17,BIO_FP_GN__L2A_20260517T223256_20260529T223324_T_G01_M03_C___T014_F195_02_DTF0VH
BiomassLevel2a,NIVEL 2,REGION_ANDINA_CHUBUT,FP_GN__L2A,2026-05-17,BIO_FP_GN__L2A_20260517T223237_20260529T223305_T_G01_M03_C___T014_F194_02_DTF4L6
BiomassLevel2a,NIVEL 2,REGION_ANDINA_CHUBUT,FP_FH__L2A,2026-05-17,BIO_FP_FH__L2A_20260517T223159_20260529T223227_T_G01_M03_C___T014_F192_02_DTF9M3
BiomassLevel2a,NIVEL 2,REGION_ANDINA_CHUBUT,FP_GN__L2A,2026-06-07,BIO_FP_GN__L2A_20260607T223309_20260619T223337_T_G01_M03_C___T014_F195_02_DTZJEP
BiomassLevel2a,NIVEL 2,REGION_ANDINA_CHUBUT,FP_FH__L2A,2026-06-09,BIO_FP_FH__L2A_20260609T105756_20260621T105824_T_G01_M03_C___T036_F273_02_DU08FN
BiomassLevel2a,NIVEL 2,REGION_ANDINA_CHUBUT,FP_FH__L2A,2026-06-09,BIO_FP_FH__L2A_20260609T105737_20260621T105805_T_G01_M03_C___T036_F272_02_DTZEU2
BiomassLevel2a,NIVEL 2,REGION_ANDINA_CHUBUT,FP_GN__L2A,2026-06-09,BIO_FP_GN__L2A_20260609T105713_20260621T105746_T_G01_M03_C___T036_F271_02_DU05GQ
BiomassLevel2a,NIVEL 2,REGION_ANDINA_CHUBUT,FP_GN__L2A,2026-06-09,BIO_FP_GN__L2A_20260609T105737_20260621T105805_T_G01_M03_C___T036_F272_02_DTZEW2
BiomassLevel2a,NIVEL 2,REGION_ANDINA_CHUBUT,FP_GN__L2A,2026-06-07,BIO_FP_GN__L2A_20260607T223250_20260619T223318_T_G01_M03_C___T014_F194_02_DTZLQT
BiomassLevel2a,NIVEL 2,REGION_ANDINA_CHUBUT,FP_GN__L2A,2026-07-07,BIO_FP_GN__L2A_20260707T223604_20260719T223632_T_G01_M04_C___T014_F191_02_DVHFZH
BiomassLevel2a,NIVEL 2,REGION_ANDINA_CHUBUT,FP_FH__L2A,2026-07-09,BIO_FP_FH__L2A_20260709T110226_20260721T110254_T_G01_M04_C___T036_F274_02_DVMHMW
BiomassLevel2a,NIVEL 2,REGION_ANDINA_CHUBUT,FP_FH__L2A,2026-07-09,BIO_FP_FH__L2A_20260709T110245_20260721T110313_T_G01_M04_C___T036_F275_02_DVMIZW
BiomassLevel2a,NIVEL 2,REGION_ANDINA_CHUBUT,FP_GN__L2A,2026-07-09,BIO_FP_GN__L2A_20260709T110148_20260721T110216_T_G01_M04_C___T036_F272_02_DVMJTQ
BiomassLevel2a,NIVEL 2,REGION_ANDINA_CHUBUT,FP_GN__L2A,2026-07-09,BIO_FP_GN__L2A_20260709T110129_20260721T110157_T_G01_M04_C___T036_F271_02_DVMJJT
BiomassLevel2a,NIVEL 2,REGION_ANDINA_CHUBUT,FP_FH__L2A,2026-07-09,BIO_FP_FH__L2A_20260709T110129_20260721T110157_T_G01_M04_C___T036_F271_02_DVMJI2
BiomassLevel2a,NIVEL 2,REGION_ANDINA_CHUBUT,FP_FH__L2A,2026-04-26,BIO_FP_FH__L2A_20260426T223204_20260508T223232_T_G01_M03_C___T014_F193_02_DSPAYI
BiomassLevel2a,NIVEL 2,REGION_ANDINA_CHUBUT,FP_FH__L2A,2026-04-26,BIO_FP_FH__L2A_20260426T223126_20260508T223154_T_G01_M03_C___T014_F191_02_DSPE4M
BiomassLevel2a,NIVEL 2,REGION_ANDINA_CHUBUT,FP_GN__L2A,2026-04-26,BIO_FP_GN__L2A_20260426T223145_20260508T223213_T_G01_M03_C___T014_F192_02_DSOJAA
BiomassLevel2a,NIVEL 2,REGION_ANDINA_CHUBUT,FP_GN__L2A,2026-04-26,BIO_FP_GN__L2A_20260426T223223_20260508T223252_T_G01_M03_C___T014_F194_02_DSPFSU
BiomassLevel2a,NIVEL 2,REGION_ANDINA_CHUBUT,FP_GN__L2A,2026-04-28,BIO_FP_GN__L2A_20260428T105748_20260510T105816_T_G01_M03_C___T036_F274_02_DSPLH9
BiomassLevel2a,NIVEL 2,REGION_ANDINA_CHUBUT,FP_FH__L2A,2026-05-19,BIO_FP_FH__L2A_20260519T105802_20260531T105829_T_G01_M03_C___T036_F274_02_DTEQNJ
BiomassLevel2a,NIVEL 2,REGION_ANDINA_CHUBUT,FP_GN__L2A,2026-05-19,BIO_FP_GN__L2A_20260519T105802_20260531T105829_T_G01_M03_C___T036_F274_02_DTEQPK
BiomassLevel2a,NIVEL 2,REGION_ANDINA_CHUBUT,FP_FH__L2A,2026-05-19,BIO_FP_FH__L2A_20260519T105821_20260531T105848_T_G01_M03_C___T036_F275_02_DTF87Z
BiomassLevel2a,NIVEL 2,REGION_ANDINA_CHUBUT,FP_FH__L2A,2026-06-07,BIO_FP_FH__L2A_20260607T223309_20260619T223337_T_G01_M03_C___T014_F195_02_DTZJCQ
BiomassLevel2a,NIVEL 2,REGION_ANDINA_CHUBUT,FP_GN__L2A,2026-06-09,BIO_FP_GN__L2A_20260609T105815_20260621T105843_T_G01_M03_C___T036_F274_02_DU0DGJ
BiomassLevel2a,NIVEL 2,REGION_ANDINA_CHUBUT,FP_GN__L2A,2026-06-09,BIO_FP_GN__L2A_20260609T105756_20260621T105824_T_G01_M03_C___T036_F273_02_DU08IT
BiomassLevel2a,NIVEL 2,REGION_ANDINA_CHUBUT,FP_GN__L2A,2026-06-07,BIO_FP_GN__L2A_20260607T223153_20260619T223221_T_G01_M03_C___T014_F191_02_DTZK0U
BiomassLevel2a,NIVEL 2,REGION_ANDINA_CHUBUT,FP_FH__L2A,2026-06-07,BIO_FP_FH__L2A_20260607T223153_20260619T223221_T_G01_M03_C___T014_F191_02_DTZJYV
BiomassLevel2a,NIVEL 2,REGION_ANDINA_CHUBUT,FP_FH__L2A,2026-06-07,BIO_FP_FH__L2A_20260607T223212_20260619T223240_T_G01_M03_C___T014_F192_02_DTZJH5
BiomassLevel2a,NIVEL 2,REGION_ANDINA_CHUBUT,FP_FH__L2A,2026-06-07,BIO_FP_FH__L2A_20260607T223250_20260619T223318_T_G01_M03_C___T014_F194_02_DTZLOU
BiomassLevel2a,NIVEL 2,REGION_ANDINA_CHUBUT,FP_FH__L2A,2026-06-09,BIO_FP_FH__L2A_20260609T105713_20260621T105746_T_G01_M03_C___T036_F271_02_DU05EG
BiomassLevel2a,NIVEL 2,REGION_ANDINA_CHUBUT,FP_FH__L2A,2026-06-09,BIO_FP_FH__L2A_20260609T105834_20260621T105902_T_G01_M03_C___T036_F275_02_DTZHWD
BiomassLevel2a,NIVEL 2,REGION_ANDINA_CHUBUT,FP_GN__L2A,2026-06-09,BIO_FP_GN__L2A_20260609T105834_20260621T105902_T_G01_M03_C___T036_F275_02_DTZHY8
BiomassLevel2a,NIVEL 2,REGION_ANDINA_CHUBUT,FP_FH__L2A,2026-07-07,BIO_FP_FH__L2A_20260707T223604_20260719T223632_T_G01_M04_C___T014_F191_02_DVHFXQ
BiomassLevel2a,NIVEL 2,REGION_ANDINA_CHUBUT,FP_GN__L2A,2026-07-07,BIO_FP_GN__L2A_20260707T223623_20260719T223651_T_G01_M04_C___T014_F192_02_DVLT88
BiomassLevel2a,NIVEL 2,REGION_ANDINA_CHUBUT,FP_FH__L2A,2026-07-09,BIO_FP_FH__L2A_20260709T110148_20260721T110216_T_G01_M04_C___T036_F272_02_DVMJRZ
BiomassLevel2a,NIVEL 2,REGION_ANDINA_CHUBUT,FP_GN__L2A,2026-07-09,BIO_FP_GN__L2A_20260709T110245_20260721T110313_T_G01_M04_C___T036_F275_02_DVMJ1N
BiomassLevel2a,NIVEL 2,REGION_ANDINA_CHUBUT,FP_GN__L2A,2026-07-09,BIO_FP_GN__L2A_20260709T110207_20260721T110235_T_G01_M04_C___T036_F273_02_DVMJZP
