shot_number,rh95,fuente,gamma0_dB
334320000400262741,15.08,S1 VH,-15.054
334320000400262742,18.44,S1 VH,-15.596
334320000400262746,16.98,S1 VH,-15.294
334320000400262747,20.32,S1 VH,-15.761
334320000400262749,19.16,S1 VH,-16.196
334320000400262750,15.79,S1 VH,-15.853
334320000400262754,4.6,S1 VH,-15.696
334320000400262764,14.25,S1 VH,-15.056
334320000400262766,22.75,S1 VH,-14.694
334320000400262773,12.12,S1 VH,-15.533
334320000400262785,7.03,S1 VH,-14.784
334320000400262792,5.87,S1 VH,-15.169
334320000400262799,2.28,S1 VH,-14.678
334320000400262809,14.18,S1 VH,-14.998
334320000400262812,27.28,S1 VH,-15.126
334320000400262814,5.27,S1 VH,-13.918
334320000400262815,25.29,S1 VH,-14.431
334320000400262856,10.32,S1 VH,-15.608
334320000400262858,16.91,S1 VH,-16.686
334320000400262859,19.64,S1 VH,-16.187
334320000400262865,13.02,S1 VH,-16.421
334320000400262866,24.84,S1 VH,-15.927
334320000400262877,10.06,S1 VH,-16.014
334320000400262880,22.0,S1 VH,-15.117
334320000400262881,24.88,S1 VH,-15.423
334320000400262885,10.59,S1 VH,-16.163
334320000400262886,11.11,S1 VH,-16.288
334320000400262903,10.29,S1 VH,-15.274
334320000400262904,13.02,S1 VH,-15.139
334320000400262905,16.09,S1 VH,-15.346
334320000400262908,14.25,S1 VH,-15.311
334320000400262910,12.98,S1 VH,-15.197
334320000400262917,23.61,S1 VH,-15.507
334320100400258132,10.62,S1 VH,-15.1
334320100400258139,2.35,S1 VH,-15.985
334320100400258140,8.15,S1 VH,-15.854
334320100400258143,10.7,S1 VH,-15.386
334320100400258144,11.48,S1 VH,-15.192
334320100400258145,7.03,S1 VH,-15.589
334320100400258154,13.54,S1 VH,-14.752
334320100400258156,30.42,S1 VH,-15.193
334320100400258157,23.65,S1 VH,-15.33
334320100400258158,14.33,S1 VH,-14.576
334320100400258159,12.61,S1 VH,-14.59
334320100400258160,23.83,S1 VH,-14.606
334320100400258161,12.53,S1 VH,-14.507
334320100400258163,10.14,S1 VH,-14.282
334320100400258166,7.52,S1 VH,-16.026
334320100400258180,9.09,S1 VH,-15.974
334320100400258185,9.5,S1 VH,-14.809
334320100400258186,9.35,S1 VH,-14.881
334320100400258188,2.35,S1 VH,-14.6
334320100400258197,6.47,S1 VH,-15.512
334320100400258200,11.03,S1 VH,-14.714
334320100400258201,11.82,S1 VH,-14.367
334320100400258205,7.55,S1 VH,-15.051
334320100400258208,4.26,S1 VH,-14.767
334320100400258210,7.82,S1 VH,-15.851
334320100400258211,3.81,S1 VH,-15.053
334320100400258216,9.01,S1 VH,-15.657
334320100400258221,10.89,S1 VH,-15.773
334320100400258227,7.85,S1 VH,-15.153
334320100400258228,9.01,S1 VH,-15.211
334320100400258229,4.75,S1 VH,-15.82
334320100400258235,23.01,S1 VH,-15.159
334320100400258239,6.69,S1 VH,-14.224
334320100400258241,11.6,S1 VH,-16.168
334320100400258244,8.27,S1 VH,-16.203
334320100400258250,5.95,S1 VH,-15.555
334320100400258263,13.92,S1 VH,-16.425
334320100400258266,3.36,S1 VH,-15.121
334320100400258279,16.42,S1 VH,-15.787
334320100400258280,22.37,S1 VH,-15.791
334320100400258281,8.08,S1 VH,-15.664
334320100400258283,23.61,S1 VH,-15.231
334320100400258291,21.44,S1 VH,-15.214
334320100400258292,25.03,S1 VH,-15.647
334320200400263183,14.03,S1 VH,-15.18
334320200400263184,15.53,S1 VH,-14.717
334320200400263185,4.94,S1 VH,-16.261
334320200400263198,27.32,S1 VH,-14.425
334320200400263200,18.56,S1 VH,-15.257
334320200400263202,19.57,S1 VH,-14.72
334320200400263203,21.26,S1 VH,-14.93
334320200400263206,16.58,S1 VH,-15.14
334320200400263209,19.57,S1 VH,-15.204
334320200400263211,25.11,S1 VH,-14.365
334320200400263218,2.02,S1 VH,-16.614
334320200400263220,6.47,S1 VH,-16.245
334320200400263223,9.46,S1 VH,-15.197
334320200400263225,17.1,S1 VH,-14.899
334320200400263226,10.25,S1 VH,-14.558
334320200400263230,10.4,S1 VH,-14.882
334320200400263233,4.9,S1 VH,-15.776
334320200400263235,3.18,S1 VH,-15.256
334320200400263239,8.57,S1 VH,-15.172
334320200400263242,5.2,S1 VH,-14.66
334320200400263243,7.03,S1 VH,-15.24
334320200400263258,3.59,S1 VH,-15.118
334320200400263262,20.36,S1 VH,-15.234
334320200400263263,21.41,S1 VH,-14.687
334320200400263270,7.03,S1 VH,-14.884
334320200400263272,23.16,S1 VH,-15.138
334320200400263274,18.82,S1 VH,-14.714
334320200400263275,13.54,S1 VH,-15.149
334320200400263277,25.9,S1 VH,-15.721
334320200400263279,21.59,S1 VH,-15.68
334320200400263280,27.28,S1 VH,-15.64
334320200400263281,16.88,S1 VH,-15.594
334320200400263282,25.07,S1 VH,-15.285
334320200400263283,19.65,S1 VH,-14.943
334320200400263285,25.67,S1 VH,-15.247
334320200400263286,25.26,S1 VH,-15.954
334320200400263287,32.71,S1 VH,-16.329
334320200400263292,8.79,S1 VH,-14.898
334320200400263304,3.18,S1 VH,-15.004
334320200400263320,13.4,S1 VH,-16.438
334320200400263322,14.67,S1 VH,-15.918
334320200400263325,13.69,S1 VH,-16.132
334320200400263327,14.29,S1 VH,-15.678
334320300400258245,14.63,S1 VH,-15.408
334320300400258247,6.06,S1 VH,-15.454
334320300400258248,11.86,S1 VH,-15.263
334320300400258249,12.91,S1 VH,-15.042
334320300400258251,16.2,S1 VH,-15.57
334320300400258253,11.0,S1 VH,-16.031
334320300400258254,6.99,S1 VH,-15.639
334320300400258255,23.61,S1 VH,-15.524
334320300400258256,19.12,S1 VH,-14.963
334320300400258259,26.38,S1 VH,-15.049
334320300400258260,14.33,S1 VH,-15.886
334320300400258261,21.93,S1 VH,-16.483
334320300400258263,11.94,S1 VH,-15.833
334320300400258264,18.75,S1 VH,-15.081
334320300400258267,23.84,S1 VH,-14.876
334320300400258269,16.69,S1 VH,-14.447
334320300400258270,22.0,S1 VH,-14.56
334320300400258272,16.91,S1 VH,-15.454
334320300400258275,8.57,S1 VH,-14.793
334320300400258279,5.57,S1 VH,-14.99
334320300400258280,6.84,S1 VH,-14.985
334320300400258282,12.23,S1 VH,-16.025
334320300400258284,17.1,S1 VH,-15.332
334320300400258286,12.46,S1 VH,-15.587
334320300400258288,8.19,S1 VH,-14.912
334320300400258290,8.64,S1 VH,-14.517
334320300400258293,6.4,S1 VH,-15.079
334320300400258294,4.97,S1 VH,-14.726
334320300400258305,8.01,S1 VH,-15.05
334320300400258310,11.26,S1 VH,-14.962
334320300400258312,15.68,S1 VH,-14.985
334320300400258313,9.13,S1 VH,-15.512
334320300400258319,27.73,S1 VH,-14.933
334320300400258320,22.27,S1 VH,-15.108
334320300400258324,19.95,S1 VH,-15.101
334320300400258327,17.92,S1 VH,-14.673
334320300400258328,18.9,S1 VH,-14.589
334320300400258330,17.81,S1 VH,-15.209
334320300400258332,24.51,S1 VH,-14.943
334320300400258333,14.86,S1 VH,-14.955
334320300400258335,24.81,S1 VH,-15.44
334320300400258336,6.99,S1 VH,-15.712
334320300400258337,4.3,S1 VH,-15.695
334320300400258338,5.5,S1 VH,-15.86
334320300400258339,18.11,S1 VH,-15.426
334320300400258340,4.19,S1 VH,-15.316
334320300400258343,16.76,S1 VH,-15.757
334320300400258345,8.9,S1 VH,-15.776
334320300400258346,9.69,S1 VH,-15.973
334320300400258347,5.42,S1 VH,-15.897
334320300400258350,6.43,S1 VH,-16.186
334320300400258355,2.58,S1 VH,-16.763
334320300400258360,6.88,S1 VH,-14.652
334320300400258363,10.63,S1 VH,-15.873
334320300400258365,2.76,S1 VH,-18.363
334320300400258366,3.55,S1 VH,-20.375
334320500400258178,12.68,S1 VH,-15.579
334320500400258179,13.28,S1 VH,-16.52
334320500400258180,5.23,S1 VH,-16.356
334320500400258181,5.35,S1 VH,-15.342
334320500400258182,6.02,S1 VH,-14.755
334320500400258183,12.23,S1 VH,-14.794
334320500400258184,17.25,S1 VH,-15.114
334320500400258185,16.8,S1 VH,-15.223
334320500400258186,25.74,S1 VH,-15.164
334320500400258187,23.72,S1 VH,-14.829
334320500400258188,29.18,S1 VH,-14.919
334320500400258189,30.23,S1 VH,-14.82
334320500400258190,25.22,S1 VH,-14.561
334320500400258191,26.04,S1 VH,-14.533
334320500400258192,9.39,S1 VH,-14.668
334320500400258193,12.57,S1 VH,-14.677
334320500400258194,14.66,S1 VH,-14.586
334320500400258195,5.12,S1 VH,-14.946
334320500400258196,9.16,S1 VH,-15.398
334320500400258197,9.24,S1 VH,-15.279
334320500400258198,6.21,S1 VH,-15.034
334320500400258199,2.24,S1 VH,-14.892
334320500400258200,6.92,S1 VH,-15.286
334320500400258201,2.2,S1 VH,-15.299
334320500400258202,2.09,S1 VH,-16.446
334320500400258203,2.17,S1 VH,-18.361
334320500400258204,2.02,S1 VH,-20.482
334320500400258205,2.02,S1 VH,-21.671
334320500400258206,2.02,S1 VH,-21.857
334320500400258207,2.05,S1 VH,-21.78
334320500400258208,1.98,S1 VH,-21.801
334320500400258209,2.05,S1 VH,-21.869
334320500400258210,2.13,S1 VH,-20.198
334320500400258211,6.13,S1 VH,-17.875
334320500400258212,8.94,S1 VH,-15.879
334320500400258213,30.12,S1 VH,-14.974
334320500400258214,2.69,S1 VH,-14.729
334320500400258215,3.06,S1 VH,-14.91
334320500400258216,4.78,S1 VH,-14.907
334320500400258217,4.07,S1 VH,-14.253
334320500400258218,3.77,S1 VH,-14.407
334320500400258219,3.21,S1 VH,-14.293
334320500400258220,9.5,S1 VH,-15.35
334320500400258221,4.41,S1 VH,-15.47
334320500400258222,4.22,S1 VH,-15.463
334320500400258223,9.05,S1 VH,-15.246
334320500400258224,7.1,S1 VH,-15.315
334320500400258225,6.47,S1 VH,-15.434
334320500400258226,6.36,S1 VH,-15.873
334320500400258227,8.86,S1 VH,-15.73
334320500400258228,7.33,S1 VH,-15.627
334320500400258229,8.38,S1 VH,-15.9
334320500400258230,23.83,S1 VH,-16.515
334320500400258231,9.35,S1 VH,-16.801
334320500400258232,16.2,S1 VH,-16.824
334320500400258233,4.3,S1 VH,-16.597
334320500400258234,5.87,S1 VH,-16.652
334320500400258235,6.58,S1 VH,-16.924
334320500400258236,7.37,S1 VH,-18.135
334320500400258237,4.34,S1 VH,-18.75
334320500400258238,6.88,S1 VH,-18.887
334320500400258239,7.85,S1 VH,-17.322
334320500400258240,24.09,S1 VH,-16.104
334320500400258241,18.11,S1 VH,-15.775
334320500400258242,25.63,S1 VH,-15.663
334320500400258243,9.39,S1 VH,-15.403
334320500400258244,14.81,S1 VH,-15.326
334320500400258245,12.53,S1 VH,-15.235
334320500400258246,13.2,S1 VH,-15.186
334320500400258247,17.21,S1 VH,-15.579
334320500400258248,11.22,S1 VH,-16.379
334320500400258249,20.5,S1 VH,-15.967
334320500400258250,14.1,S1 VH,-15.755
334320500400258251,12.46,S1 VH,-15.797
334320500400258252,19.34,S1 VH,-15.145
334320500400258253,24.09,S1 VH,-14.907
334320500400258254,23.38,S1 VH,-15.037
334320500400258255,27.76,S1 VH,-14.856
334320500400258256,32.63,S1 VH,-15.259
334320500400258257,19.42,S1 VH,-15.654
334320500400258258,23.83,S1 VH,-15.821
334320500400258259,19.12,S1 VH,-16.015
334320500400258260,23.49,S1 VH,-16.753
334320500400258261,12.64,S1 VH,-17.359
334320500400258262,12.27,S1 VH,-17.04
334320500400258263,11.07,S1 VH,-16.681
334320500400258264,16.95,S1 VH,-16.778
334320500400258265,14.29,S1 VH,-17.012
334320500400258266,6.58,S1 VH,-16.292
334320500400258267,8.86,S1 VH,-15.905
334320500400258268,6.39,S1 VH,-15.124
334320500400258269,5.46,S1 VH,-15.323
334320500400258270,5.65,S1 VH,-15.637
334320500400258271,6.66,S1 VH,-15.772
334320500400258272,5.23,S1 VH,-15.347
334320600400967033,12.83,S1 VH,-15.205
334320600400967034,23.5,S1 VH,-14.835
334320600400967035,25.37,S1 VH,-14.605
334320600400967036,26.83,S1 VH,-14.644
334320600400967037,32.03,S1 VH,-14.776
334320600400967038,15.26,S1 VH,-14.608
334320600400967039,23.31,S1 VH,-14.479
334320600400967040,14.51,S1 VH,-14.952
334320600400967041,8.41,S1 VH,-15.307
334320600400967042,8.53,S1 VH,-15.221
334320600400967043,8.75,S1 VH,-14.823
334320600400967044,14.85,S1 VH,-15.047
334320600400967045,6.81,S1 VH,-14.92
334320600400967046,6.21,S1 VH,-15.248
334320600400967048,1.98,S1 VH,-16.102
334320600400967049,2.02,S1 VH,-16.638
334320600400967050,2.28,S1 VH,-15.748
334320600400967051,2.39,S1 VH,-15.433
334320600400967052,2.76,S1 VH,-16.272
334320600400967053,2.13,S1 VH,-17.257
334320600400967054,2.05,S1 VH,-18.214
334320600400967055,2.24,S1 VH,-18.121
334320600400967056,4.0,S1 VH,-16.292
334320600400967057,6.47,S1 VH,-15.02
334320600400967058,3.96,S1 VH,-14.567
334320600400967059,5.01,S1 VH,-14.242
334320600400967060,3.51,S1 VH,-14.646
334320600400967061,6.58,S1 VH,-15.012
334320600400967062,3.4,S1 VH,-14.513
334320600400967063,4.97,S1 VH,-14.39
334320600400967064,11.26,S1 VH,-14.211
334320600400967065,15.19,S1 VH,-14.768
334320600400967066,12.46,S1 VH,-14.377
334320600400967067,7.85,S1 VH,-14.156
334320600400967068,9.24,S1 VH,-14.762
334320600400967069,13.62,S1 VH,-15.133
334320600400967070,11.33,S1 VH,-15.07
334320600400967071,5.23,S1 VH,-15.426
334320600400967072,6.88,S1 VH,-15.226
334320600400967073,4.11,S1 VH,-15.845
334320600400967074,5.5,S1 VH,-15.719
334320600400967075,19.27,S1 VH,-15.626
334320600400967076,26.15,S1 VH,-15.569
334320600400967077,20.84,S1 VH,-15.179
334320600400967078,24.8,S1 VH,-14.9
334320600400967079,26.49,S1 VH,-15.346
334320600400967080,8.98,S1 VH,-16.487
334320600400967081,8.26,S1 VH,-16.54
334320600400967082,25.1,S1 VH,-15.766
334320600400967083,20.13,S1 VH,-15.629
334320600400967084,13.39,S1 VH,-15.76
334320600400967085,29.67,S1 VH,-16.137
334320600400967086,25.07,S1 VH,-15.405
334320600400967087,21.36,S1 VH,-15.878
334320600400967088,3.51,S1 VH,-16.578
334320600400967089,3.89,S1 VH,-16.251
334320600400967090,6.51,S1 VH,-15.279
334320600400967091,15.9,S1 VH,-15.258
334320600400967092,12.34,S1 VH,-15.246
334320600400967093,4.64,S1 VH,-15.575
334320600400967094,2.35,S1 VH,-15.488
334320600400967095,13.28,S1 VH,-15.231
334320600400967096,7.37,S1 VH,-15.267
334320600400967097,6.88,S1 VH,-15.244
334320600400967098,18.56,S1 VH,-15.177
334320600400967099,8.12,S1 VH,-15.397
334320600400967101,5.8,S1 VH,-17.807
334320800400262635,28.05,S1 VH,-13.987
334320800400262636,21.8,S1 VH,-14.684
334320800400262637,25.36,S1 VH,-14.52
334320800400262638,8.19,S1 VH,-14.135
334320800400262639,6.02,S1 VH,-13.739
334320800400262640,4.82,S1 VH,-13.454
334320800400262641,6.65,S1 VH,-14.339
334320800400262642,3.29,S1 VH,-14.867
334320800400262643,4.0,S1 VH,-14.758
334320800400262644,5.87,S1 VH,-14.504
334320800400262645,3.44,S1 VH,-14.531
334320800400262646,8.52,S1 VH,-15.072
334320800400262647,6.77,S1 VH,-16.075
334320800400262648,5.57,S1 VH,-16.503
334320800400262649,8.45,S1 VH,-16.599
334320800400262651,4.75,S1 VH,-15.839
334320800400262652,20.38,S1 VH,-14.55
334320800400262653,4.75,S1 VH,-14.386
334320800400262654,5.64,S1 VH,-14.928
334320800400262655,3.03,S1 VH,-14.854
334320800400262656,4.37,S1 VH,-14.618
334320800400262657,6.09,S1 VH,-14.425
334320800400262658,6.2,S1 VH,-14.463
334320800400262659,5.79,S1 VH,-14.805
334320800400262660,9.91,S1 VH,-14.737
334320800400262661,9.98,S1 VH,-15.014
334320800400262662,17.95,S1 VH,-15.42
334320800400262663,5.46,S1 VH,-15.706
334320800400262664,9.91,S1 VH,-15.11
334320800400262665,15.52,S1 VH,-14.903
334320800400262666,11.97,S1 VH,-15.104
334320800400262667,6.65,S1 VH,-15.199
334320800400262668,4.97,S1 VH,-15.177
334320800400262669,10.92,S1 VH,-15.415
334320800400262670,8.37,S1 VH,-15.556
334320800400262671,5.83,S1 VH,-14.891
334320800400262672,4.15,S1 VH,-14.929
334321100400257537,7.55,S1 VH,-14.763
334321100400257538,8.08,S1 VH,-14.858
334321100400257539,4.52,S1 VH,-15.553
334321100400257540,9.16,S1 VH,-15.386
334321100400257541,16.16,S1 VH,-15.632
334321100400257542,9.01,S1 VH,-15.018
334321100400257543,9.95,S1 VH,-14.556
334321100400257544,6.69,S1 VH,-14.286
334321100400257545,5.31,S1 VH,-13.984
334321100400257546,7.33,S1 VH,-15.721
334321100400257547,5.23,S1 VH,-16.356
334321100400257548,4.3,S1 VH,-16.789
334321100400257549,4.04,S1 VH,-16.207
340730000400262456,18.95,S1 VH,-15.087
340730000400262457,18.69,S1 VH,-15.531
340730000400262458,11.59,S1 VH,-15.025
340730000400262459,10.73,S1 VH,-15.228
340730000400262460,9.98,S1 VH,-15.754
340730000400262461,11.25,S1 VH,-15.98
340730000400262463,2.24,S1 VH,-16.185
340730000400262464,12.15,S1 VH,-16.401
340730000400262465,12.45,S1 VH,-15.902
340730000400262466,8.97,S1 VH,-16.013
340730000400262472,11.43,S1 VH,-15.316
340730000400262474,4.67,S1 VH,-15.271
340730100400258033,12.07,S1 VH,-14.965
340730100400258034,11.32,S1 VH,-14.84
340730100400258036,3.47,S1 VH,-14.724
340730100400258038,2.95,S1 VH,-14.611
340730100400258040,6.76,S1 VH,-15.1
340730100400258041,11.47,S1 VH,-15.258
340730100400258042,8.37,S1 VH,-15.106
340730100400258043,4.71,S1 VH,-15.69
340730100400258044,6.24,S1 VH,-15.144
340730200400263066,2.61,S1 VH,-16.14
340730200400263069,9.31,S1 VH,-16.121
340730200400263085,3.44,S1 VH,-14.809
340730300400257952,13.31,S1 VH,-15.602
340730300400257953,10.88,S1 VH,-15.376
340730300400257954,7.47,S1 VH,-15.292
340730300400257984,4.86,S1 VH,-15.476
340730300400257985,8.26,S1 VH,-14.904
340730300400257986,5.83,S1 VH,-14.768
340730300400257987,8.86,S1 VH,-14.954
340730300400257988,9.79,S1 VH,-14.913
340730300400257989,12.75,S1 VH,-15.094
340730300400257990,15.63,S1 VH,-14.843
340730300400257991,6.69,S1 VH,-14.58
340730300400257992,16.15,S1 VH,-15.342
340730300400257993,12.07,S1 VH,-15.748
340730300400257994,11.03,S1 VH,-16.327
340730300400257995,7.18,S1 VH,-16.045
340730500400257846,9.23,S1 VH,-15.227
340730500400257847,8.41,S1 VH,-15.196
340730500400257848,5.71,S1 VH,-15.787
340730500400257849,6.09,S1 VH,-16.018
340730500400257850,5.94,S1 VH,-15.899
340730500400257851,5.15,S1 VH,-16.281
340730500400257852,20.48,S1 VH,-16.641
340730500400257853,2.2,S1 VH,-17.062
340730500400257854,6.35,S1 VH,-16.844
340730500400257855,19.47,S1 VH,-17.126
340730500400257856,5.45,S1 VH,-17.393
340730500400257857,6.95,S1 VH,-17.334
340730500400257858,7.77,S1 VH,-18.047
340730500400257859,4.37,S1 VH,-18.548
340730500400257860,8.41,S1 VH,-19.069
340730500400257861,14.84,S1 VH,-18.214
340730500400257862,7.85,S1 VH,-17.238
340730500400257863,19.58,S1 VH,-16.135
340730500400257864,20.11,S1 VH,-15.472
340730500400257865,17.83,S1 VH,-15.624
340730500400257866,14.16,S1 VH,-15.323
340730500400257867,19.29,S1 VH,-15.364
340730500400257868,14.57,S1 VH,-14.985
340730500400257869,23.47,S1 VH,-15.458
340730500400257880,10.57,S1 VH,-15.444
340730500400257881,17.34,S1 VH,-15.469
340730500400257882,16.56,S1 VH,-16.71
340730500400257884,13.79,S1 VH,-17.358
340730500400257885,7.14,S1 VH,-17.107
340730500400257886,16.11,S1 VH,-16.793
340730500400257887,11.88,S1 VH,-16.79
340730500400257888,7.85,S1 VH,-16.312
340730500400257889,6.09,S1 VH,-15.936
340730600400970055,4.71,S1 VH,-15.466
340730600400970056,26.31,S1 VH,-15.473
340730600400970063,21.38,S1 VH,-15.305
340730600400970064,17.12,S1 VH,-15.969
340730600400970065,17.01,S1 VH,-15.824
340730600400970066,31.21,S1 VH,-15.737
340730600400970067,17.23,S1 VH,-15.984
340730600400970068,2.57,S1 VH,-16.173
340730600400970069,2.95,S1 VH,-15.69
340730600400970070,8.33,S1 VH,-14.857
340730600400970071,11.55,S1 VH,-14.944
340730600400970072,13.75,S1 VH,-15.32
340730600400970073,3.1,S1 VH,-15.449
340730600400970075,15.21,S1 VH,-14.843
340730600400970076,4.26,S1 VH,-14.858
356600000400197094,3.25,S1 VH,-15.772
356600000400197102,5.27,S1 VH,-15.323
356600000400197105,2.77,S1 VH,-15.648
356600000400197116,2.84,S1 VH,-14.54
356600000400197149,3.22,S1 VH,-14.557
356600100400192436,3.96,S1 VH,-15.949
356600100400192468,3.07,S1 VH,-16.006
356600100400192471,4.53,S1 VH,-15.186
356600100400192480,4.0,S1 VH,-15.394
356600100400192483,3.4,S1 VH,-14.88
356600100400192484,3.74,S1 VH,-14.717
356600100400192485,5.31,S1 VH,-14.459
356600100400192486,3.55,S1 VH,-14.678
356600100400192487,4.41,S1 VH,-15.028
356600100400192489,4.53,S1 VH,-15.108
356600100400192491,6.77,S1 VH,-15.024
356600100400192492,8.57,S1 VH,-16.279
356600100400192493,4.19,S1 VH,-16.423
356600100400192496,4.08,S1 VH,-14.811
356600100400192538,2.77,S1 VH,-14.719
356600200400197666,3.59,S1 VH,-15.389
356600200400197717,4.0,S1 VH,-15.539
356600200400197718,3.93,S1 VH,-14.658
356600200400197722,3.14,S1 VH,-14.749
356600200400197723,3.37,S1 VH,-14.839
356600200400197728,3.78,S1 VH,-14.386
356600200400197729,3.52,S1 VH,-14.221
356600200400197730,3.59,S1 VH,-14.197
356600200400197745,18.94,S1 VH,-15.316
356600200400197748,18.5,S1 VH,-15.152
356600200400197750,18.76,S1 VH,-14.961
356600200400197751,22.13,S1 VH,-15.688
356600200400197752,20.29,S1 VH,-15.473
356600200400197754,20.18,S1 VH,-15.344
356600200400197755,18.05,S1 VH,-15.564
356600200400197757,14.3,S1 VH,-15.873
356600200400197758,18.46,S1 VH,-16.153
356600200400197760,20.74,S1 VH,-16.33
356600200400197761,18.23,S1 VH,-16.907
356600300400192470,3.29,S1 VH,-15.874
356600300400192475,10.44,S1 VH,-15.831
356600300400192485,7.67,S1 VH,-17.257
356600300400192557,2.8,S1 VH,-14.676
356600300400192560,2.99,S1 VH,-14.926
356600300400192565,3.96,S1 VH,-14.211
356600300400192566,3.93,S1 VH,-14.863
356600300400192571,22.73,S1 VH,-15.233
356600300400192573,16.62,S1 VH,-15.394
356600300400192575,19.1,S1 VH,-16.28
356600300400192578,20.14,S1 VH,-15.631
356600300400192579,18.35,S1 VH,-15.63
356600300400192584,24.3,S1 VH,-14.931
356600300400192587,19.21,S1 VH,-14.483
356600300400192588,21.27,S1 VH,-14.747
356600300400192589,22.77,S1 VH,-14.386
356600300400192590,24.08,S1 VH,-14.69
356600300400192591,23.03,S1 VH,-14.215
356600300400192592,24.45,S1 VH,-14.295
356600300400192593,20.93,S1 VH,-14.675
356600300400192594,18.05,S1 VH,-14.472
356600300400192595,17.86,S1 VH,-14.829
356600300400192596,25.8,S1 VH,-14.714
356600300400192597,19.51,S1 VH,-14.896
356600300400192598,18.61,S1 VH,-14.726
356600300400192599,16.55,S1 VH,-15.012
356600300400192600,13.59,S1 VH,-14.85
356600300400192601,18.31,S1 VH,-14.722
356600300400192602,17.63,S1 VH,-15.723
356600300400192603,24.0,S1 VH,-16.375
356600300400192604,22.54,S1 VH,-15.696
356600300400192605,21.23,S1 VH,-15.224
356600300400192606,21.75,S1 VH,-15.435
356600300400192607,19.92,S1 VH,-15.717
356600300400192608,23.66,S1 VH,-15.662
356600300400192609,24.34,S1 VH,-15.402
356600300400192610,20.44,S1 VH,-15.976
356600300400192611,26.36,S1 VH,-15.739
356600300400192612,20.26,S1 VH,-16.008
356600300400192616,20.03,S1 VH,-17.23
356600300400192622,10.93,S1 VH,-17.555
356600500400192354,2.24,S1 VH,-18.468
356600500400192356,7.48,S1 VH,-16.774
356600500400192357,4.0,S1 VH,-16.546
356600500400192358,3.22,S1 VH,-16.246
356600500400192359,4.08,S1 VH,-16.264
356600500400192360,3.66,S1 VH,-16.296
356600500400192361,4.23,S1 VH,-16.023
356600500400192362,4.49,S1 VH,-16.428
356600500400192363,4.34,S1 VH,-16.76
356600500400192364,4.94,S1 VH,-17.074
356600500400192378,3.18,S1 VH,-15.741
356600500400192379,2.73,S1 VH,-16.096
356600500400192382,5.91,S1 VH,-16.476
356600500400192383,7.52,S1 VH,-16.117
356600500400192384,3.33,S1 VH,-15.242
356600500400192385,4.11,S1 VH,-14.979
356600500400192386,2.8,S1 VH,-15.685
356600500400192387,3.29,S1 VH,-16.574
356600500400192388,4.56,S1 VH,-16.631
356600500400192389,5.91,S1 VH,-15.737
356600500400192390,6.59,S1 VH,-15.456
356600500400192391,4.04,S1 VH,-15.674
356600500400192392,5.46,S1 VH,-15.312
356600500400192393,6.92,S1 VH,-14.983
356600500400192394,5.72,S1 VH,-15.079
356600500400192395,7.11,S1 VH,-15.708
356600500400192396,5.13,S1 VH,-16.857
356600500400192421,3.4,S1 VH,-14.595
356600500400192422,4.23,S1 VH,-14.469
356600500400192423,5.61,S1 VH,-14.756
356600500400192424,4.04,S1 VH,-14.986
356600500400192425,4.64,S1 VH,-14.392
356600500400192426,3.18,S1 VH,-14.058
356600500400192427,4.23,S1 VH,-14.639
356600500400192428,3.93,S1 VH,-14.863
356600500400192429,4.19,S1 VH,-14.413
356600500400192430,3.25,S1 VH,-13.956
356600500400192431,3.07,S1 VH,-14.647
356600500400192434,2.65,S1 VH,-14.902
356600500400192435,4.19,S1 VH,-14.876
356600500400192436,2.8,S1 VH,-15.056
356600500400192437,22.84,S1 VH,-14.767
356600500400192438,26.28,S1 VH,-15.058
356600500400192439,24.11,S1 VH,-15.086
356600500400192440,11.42,S1 VH,-14.374
356600500400192441,2.32,S1 VH,-14.568
356600500400192442,2.47,S1 VH,-14.8
356600500400192443,2.95,S1 VH,-14.159
356600500400192444,7.48,S1 VH,-14.548
356600500400192445,2.92,S1 VH,-15.259
356600500400192446,2.32,S1 VH,-14.515
356600500400192447,2.58,S1 VH,-14.417
356600500400192448,2.54,S1 VH,-14.626
356600500400192449,4.11,S1 VH,-14.871
356600500400192450,3.4,S1 VH,-14.931
356600500400192451,2.54,S1 VH,-14.612
356600500400192452,2.8,S1 VH,-14.592
356600500400192453,3.48,S1 VH,-14.854
356600500400192454,18.31,S1 VH,-15.354
356600500400192455,5.2,S1 VH,-16.173
356600500400192456,2.28,S1 VH,-16.164
356600500400192457,20.52,S1 VH,-16.534
356600500400192458,23.32,S1 VH,-15.538
356600500400192459,22.87,S1 VH,-15.289
356600500400192460,23.1,S1 VH,-14.87
356600500400192461,19.8,S1 VH,-15.299
356600500400192462,2.09,S1 VH,-16.043
356600500400192463,5.46,S1 VH,-17.196
356600500400192464,3.7,S1 VH,-17.329
356600500400192465,4.68,S1 VH,-16.758
356600500400192466,4.04,S1 VH,-16.395
356600500400192467,2.5,S1 VH,-15.369
356600500400192468,3.14,S1 VH,-14.943
356600500400192469,12.5,S1 VH,-15.018
356600500400192470,21.04,S1 VH,-15.706
356600500400192471,19.13,S1 VH,-15.765
356600500400192472,2.92,S1 VH,-16.803
356600600401033474,4.11,S1 VH,-16.061
356600600401033475,3.29,S1 VH,-15.598
356600600401033476,5.87,S1 VH,-15.816
356600600401033477,6.81,S1 VH,-15.857
356600600401033478,4.15,S1 VH,-14.704
356600600401033479,4.0,S1 VH,-14.569
356600600401033499,8.46,S1 VH,-16.773
356600600401033500,7.56,S1 VH,-17.379
356600600401033501,4.71,S1 VH,-17.162
356600600401033502,6.1,S1 VH,-16.385
356600600401033504,3.22,S1 VH,-14.777
356600600401033505,4.08,S1 VH,-15.08
356600600401033506,2.92,S1 VH,-16.388
356600600401033507,2.73,S1 VH,-15.854
356600600401033508,2.47,S1 VH,-15.235
356600600401033509,3.29,S1 VH,-14.503
356600600401033510,2.5,S1 VH,-15.217
356600600401033511,2.8,S1 VH,-15.007
356600600401033512,2.95,S1 VH,-15.232
356600600401033513,2.69,S1 VH,-15.201
356600600401033533,2.32,S1 VH,-15.08
356600600401033534,2.92,S1 VH,-14.931
356600600401033536,2.35,S1 VH,-14.679
356600600401033537,2.58,S1 VH,-14.846
356600600401033538,2.99,S1 VH,-14.672
356600600401033539,2.43,S1 VH,-14.596
356600600401033540,3.96,S1 VH,-14.42
356600600401033541,3.29,S1 VH,-14.31
356600600401033542,2.5,S1 VH,-14.834
356600600401033543,3.18,S1 VH,-15.628
356600600401033544,2.73,S1 VH,-15.615
356600600401033545,2.73,S1 VH,-14.979
356600600401033546,3.52,S1 VH,-14.956
356600600401033547,2.54,S1 VH,-16.046
356600600401033548,3.55,S1 VH,-16.469
356600600401033550,2.47,S1 VH,-15.326
356600600401033551,2.8,S1 VH,-14.836
356600600401033552,2.88,S1 VH,-15.28
356600600401033553,2.77,S1 VH,-15.099
356600600401033554,5.42,S1 VH,-15.251
356600600401033555,2.92,S1 VH,-15.302
356600600401033556,19.43,S1 VH,-16.039
356600600401033557,27.41,S1 VH,-15.324
356600600401033558,35.57,S1 VH,-15.125
356600600401033559,32.31,S1 VH,-14.527
356600600401033560,27.56,S1 VH,-14.519
356600600401033561,23.81,S1 VH,-14.887
356600600401033562,25.01,S1 VH,-14.88
356600600401033563,25.12,S1 VH,-15.203
356600600401033564,23.4,S1 VH,-14.938
356600600401033565,22.39,S1 VH,-15.014
356600600401033566,22.09,S1 VH,-14.819
356600600401033567,22.73,S1 VH,-14.601
356600600401033568,21.98,S1 VH,-15.179
356600600401033569,23.36,S1 VH,-15.008
356600600401033570,2.28,S1 VH,-15.256
356600600401033571,3.18,S1 VH,-15.648
356600600401033572,3.03,S1 VH,-15.449
356600600401033573,2.58,S1 VH,-15.583
356600600401033574,3.63,S1 VH,-15.54
356600600401033575,2.92,S1 VH,-16.285
356600600401033576,3.4,S1 VH,-17.003
356600600401033577,2.02,S1 VH,-18.678
356600600401033578,2.02,S1 VH,-20.006
356600600401033579,2.54,S1 VH,-18.812
356600600401033580,3.14,S1 VH,-17.944
356600600401033581,2.5,S1 VH,-17.268
356600600401033582,5.05,S1 VH,-17.385
356600600401033583,2.73,S1 VH,-17.086
356600600401033610,16.43,S1 VH,-15.534
356600600401033611,14.6,S1 VH,-14.781
356600600401033612,2.5,S1 VH,-14.662
356600600401033613,2.73,S1 VH,-14.998
356600600401033614,2.32,S1 VH,-15.244
356600600401033615,2.43,S1 VH,-15.366
356600600401033616,3.1,S1 VH,-15.703
356600600401033617,2.92,S1 VH,-15.716
356600600401033618,3.22,S1 VH,-15.835
356600600401033619,3.44,S1 VH,-15.87
356600600401033620,3.18,S1 VH,-15.635
356600800400197103,5.99,S1 VH,-15.753
356600800400197104,11.9,S1 VH,-15.839
356600800400197105,9.65,S1 VH,-15.963
356600800400197106,10.55,S1 VH,-15.394
356600800400197114,5.5,S1 VH,-14.722
356600800400197115,3.78,S1 VH,-14.873
356600800400197177,4.53,S1 VH,-15.793
356600800400197178,3.89,S1 VH,-15.116
356600800400197180,8.08,S1 VH,-14.235
356600800400197181,5.16,S1 VH,-14.87
356600800400197182,8.79,S1 VH,-15.382
356600800400197183,5.8,S1 VH,-16.029
356600800400197184,11.38,S1 VH,-15.703
356600800400197186,4.34,S1 VH,-15.68
356600800400197187,5.35,S1 VH,-15.746
356600800400197188,12.35,S1 VH,-15.216
356600800400197189,3.29,S1 VH,-14.813
356600800400197190,12.8,S1 VH,-14.895
356600800400197191,5.35,S1 VH,-14.928
356600800400197192,8.01,S1 VH,-15.415
356600800400197193,20.44,S1 VH,-15.069
356600800400197194,5.35,S1 VH,-15.218
356600800400197195,4.23,S1 VH,-15.735
356600800400197196,4.15,S1 VH,-16.446
356600800400197197,3.96,S1 VH,-16.104
356600800400197198,2.92,S1 VH,-15.624
356600800400197199,4.23,S1 VH,-15.89
356600800400197200,9.58,S1 VH,-15.295
356600800400197210,5.8,S1 VH,-16.744
356600800400197211,3.81,S1 VH,-16.978
356600800400197212,5.76,S1 VH,-16.098
356600800400197213,5.27,S1 VH,-16.302
356600800400197214,3.78,S1 VH,-15.668
356600800400197215,3.25,S1 VH,-15.39
356600800400197216,4.04,S1 VH,-15.555
356600800400197219,2.69,S1 VH,-15.732
356600800400197222,3.48,S1 VH,-14.78
356600800400197225,4.3,S1 VH,-14.868
356600800400197226,4.19,S1 VH,-15.634
356600800400197227,4.23,S1 VH,-15.535
356600800400197228,3.93,S1 VH,-15.625
356600800400197229,14.93,S1 VH,-14.95
356600800400197230,22.72,S1 VH,-14.778
356600800400197231,4.49,S1 VH,-14.541
356600800400197232,13.14,S1 VH,-14.447
356600800400197233,13.55,S1 VH,-14.87
356600800400197234,13.32,S1 VH,-15.615
356600800400197235,4.11,S1 VH,-15.432
356600800400197236,2.43,S1 VH,-15.323
356600800400197237,4.45,S1 VH,-15.496
356600800400197238,3.4,S1 VH,-14.644
356600800400197239,6.73,S1 VH,-14.617
356600800400197240,3.51,S1 VH,-14.596
356600800400197241,5.05,S1 VH,-14.363
356600800400197242,11.68,S1 VH,-14.681
356600800400197246,17.22,S1 VH,-14.81
356600800400197248,20.51,S1 VH,-14.961
356600800400197249,24.41,S1 VH,-14.679
356600800400197250,18.27,S1 VH,-14.468
356600800400197251,3.51,S1 VH,-14.567
356600800400197252,2.5,S1 VH,-14.393
356600800400197253,2.84,S1 VH,-14.549
356600800400197254,3.44,S1 VH,-14.965
356600800400197255,3.85,S1 VH,-15.251
356600800400197256,2.24,S1 VH,-14.663
356600800400197257,3.25,S1 VH,-15.678
356600800400197258,5.57,S1 VH,-16.611
356600800400197259,2.39,S1 VH,-16.751
356600800400197260,5.09,S1 VH,-16.871
356600800400197261,2.84,S1 VH,-16.025
356600800400197262,3.36,S1 VH,-15.24
356600800400197263,3.63,S1 VH,-14.637
356600800400197264,3.44,S1 VH,-14.601
356600800400197265,2.77,S1 VH,-14.709
356600800400197266,2.8,S1 VH,-14.675
356600800400197267,3.96,S1 VH,-14.511
356600800400197268,2.8,S1 VH,-14.087
356600800400197275,2.69,S1 VH,-16.224
356600800400197277,2.58,S1 VH,-15.447
356600800400197278,2.95,S1 VH,-15.185
356600800400197279,4.41,S1 VH,-15.373
356600800400197287,3.25,S1 VH,-15.456
356600800400197288,2.84,S1 VH,-15.298
356600800400197289,2.92,S1 VH,-15.436
356600800400197290,2.5,S1 VH,-16.449
356600800400197291,4.11,S1 VH,-16.005
356600800400197292,2.58,S1 VH,-15.366
356600800400197302,19.24,S1 VH,-15.984
356600800400197326,3.51,S1 VH,-14.719
356600800400197327,2.77,S1 VH,-14.859
356600800400197328,4.19,S1 VH,-15.242
356600800400197329,2.95,S1 VH,-15.388
356600800400197330,5.39,S1 VH,-15.275
356600800400197331,3.25,S1 VH,-15.22
356600800400197334,4.04,S1 VH,-15.778
356600800400197335,4.86,S1 VH,-15.301
356600800400197336,3.66,S1 VH,-15.204
356600800400197337,5.42,S1 VH,-16.246
356600800400197338,2.92,S1 VH,-16.944
356600800400197339,2.95,S1 VH,-16.796
356600800400197340,3.4,S1 VH,-16.761
356600800400197341,3.03,S1 VH,-16.303
356600800400197342,2.88,S1 VH,-16.086
356600800400197343,3.89,S1 VH,-16.412
356600800400197344,2.69,S1 VH,-16.436
356600800400197345,2.88,S1 VH,-16.217
356600800400197346,3.7,S1 VH,-15.972
356600800400197347,3.4,S1 VH,-16.226
356600800400197348,2.62,S1 VH,-16.053
356600800400197349,2.8,S1 VH,-16.557
356601100400191849,2.13,S1 VH,-15.164
356601100400191854,6.81,S1 VH,-15.472
356601100400191855,5.61,S1 VH,-14.69
356601100400191856,4.45,S1 VH,-14.864
356601100400191857,4.04,S1 VH,-15.307
356601100400191858,9.8,S1 VH,-15.274
356601100400191859,6.02,S1 VH,-14.592
356601100400191860,8.31,S1 VH,-14.873
356601100400191861,11.04,S1 VH,-15.059
356601100400191887,4.11,S1 VH,-15.216
356601100400191907,8.98,S1 VH,-15.487
356601100400191908,7.82,S1 VH,-15.354
356601100400191909,6.7,S1 VH,-15.522
356601100400191910,5.01,S1 VH,-15.81
356601100400191911,3.59,S1 VH,-16.066
356601100400191912,3.78,S1 VH,-16.623
356601100400191913,5.61,S1 VH,-16.935
356601100400191914,3.63,S1 VH,-17.431
356601100400191915,2.73,S1 VH,-17.107
356601100400191916,2.77,S1 VH,-16.885
356601100400191917,2.58,S1 VH,-16.174
356601100400191918,4.11,S1 VH,-15.398
356601100400191919,5.01,S1 VH,-14.98
356601100400191920,4.83,S1 VH,-14.618
356601100400191928,15.27,S1 VH,-14.637
356601100400191929,4.26,S1 VH,-14.298
356601100400191930,3.85,S1 VH,-14.85
356601100400191931,4.19,S1 VH,-15.378
356601100400191932,6.51,S1 VH,-15.713
356601100400191933,8.12,S1 VH,-15.664
356601100400191934,7.3,S1 VH,-16.801
356601100400191935,3.59,S1 VH,-16.96
356601100400191936,5.65,S1 VH,-16.603
356601100400191964,9.84,S1 VH,-15.215
356601100400191965,5.61,S1 VH,-14.955
356601100400191966,3.22,S1 VH,-14.822
356601100400191967,4.26,S1 VH,-14.799
356601100400191968,10.1,S1 VH,-14.826
356601100400191969,3.03,S1 VH,-14.672
356601100400191970,3.18,S1 VH,-14.629
356601100400191971,4.04,S1 VH,-14.734
356601100400191972,7.63,S1 VH,-14.725
356601100400191973,5.76,S1 VH,-15.134
356601100400191974,20.89,S1 VH,-15.709
356601100400191975,7.9,S1 VH,-16.001
356601100400191976,12.69,S1 VH,-15.338
356601100400191977,4.6,S1 VH,-14.897
356601100400191978,6.62,S1 VH,-14.812
356601100400191979,4.3,S1 VH,-15.004
356601100400191980,11.0,S1 VH,-14.984
356601100400191981,21.49,S1 VH,-15.399
356601100400191982,24.26,S1 VH,-14.925
356601100400191986,4.97,S1 VH,-14.068
356601100400191987,3.59,S1 VH,-13.838
356601100400191988,3.1,S1 VH,-14.521
356601100400191989,4.34,S1 VH,-14.718
356601100400191990,4.08,S1 VH,-14.837
356601100400191997,2.54,S1 VH,-15.421
356601100400192061,6.25,S1 VH,-16.666
356601100400192062,3.96,S1 VH,-15.341
356601100400192063,4.6,S1 VH,-15.218
356601100400192064,6.47,S1 VH,-16.05
356601100400192065,3.48,S1 VH,-16.204
356601100400192066,3.18,S1 VH,-17.164
356601100400192067,3.78,S1 VH,-17.835
356601100400192068,2.65,S1 VH,-19.253
356601100400192069,2.17,S1 VH,-18.804
356601100400192070,7.78,S1 VH,-17.316
356601100400192071,18.01,S1 VH,-16.115
356601100400192072,19.43,S1 VH,-15.958
356601100400192073,18.27,S1 VH,-16.098
356601100400192074,3.66,S1 VH,-16.364
356601100400192078,3.59,S1 VH,-17.034
356601100400192079,3.18,S1 VH,-16.83
356601100400192080,3.29,S1 VH,-16.491
356601100400192081,2.77,S1 VH,-16.313
356601100400192082,3.7,S1 VH,-16.411
356601100400192083,4.75,S1 VH,-17.415
356601100400192084,2.43,S1 VH,-16.588
356601100400192085,2.54,S1 VH,-16.562
356601100400192086,4.49,S1 VH,-16.931
356601100400192087,8.53,S1 VH,-16.325
356601100400192088,3.85,S1 VH,-16.228
356601100400192089,2.99,S1 VH,-16.356
356601100400192090,10.37,S1 VH,-17.671
356601100400192091,4.9,S1 VH,-17.656
356601100400192092,11.75,S1 VH,-16.361
356601100400192093,2.99,S1 VH,-15.822
356601100400192094,2.54,S1 VH,-15.957
356601100400192095,2.54,S1 VH,-16.023
356601100400192096,2.54,S1 VH,-15.72
356601100400192097,4.45,S1 VH,-15.53
334320000400262741,15.08,S1 VV,-9.089
334320000400262742,18.44,S1 VV,-9.411
334320000400262746,16.98,S1 VV,-8.154
334320000400262747,20.32,S1 VV,-8.278
334320000400262749,19.16,S1 VV,-9.629
334320000400262750,15.79,S1 VV,-9.801
334320000400262754,4.6,S1 VV,-9.625
334320000400262764,14.25,S1 VV,-8.76
334320000400262766,22.75,S1 VV,-8.74
334320000400262773,12.12,S1 VV,-9.743
334320000400262785,7.03,S1 VV,-8.956
334320000400262792,5.87,S1 VV,-9.977
334320000400262799,2.28,S1 VV,-9.25
334320000400262809,14.18,S1 VV,-9.453
334320000400262812,27.28,S1 VV,-8.58
334320000400262814,5.27,S1 VV,-8.028
334320000400262815,25.29,S1 VV,-8.282
334320000400262856,10.32,S1 VV,-10.341
334320000400262858,16.91,S1 VV,-10.122
334320000400262859,19.64,S1 VV,-9.733
334320000400262865,13.02,S1 VV,-8.839
334320000400262866,24.84,S1 VV,-9.147
334320000400262877,10.06,S1 VV,-9.705
334320000400262880,22.0,S1 VV,-9.483
334320000400262881,24.88,S1 VV,-9.223
334320000400262885,10.59,S1 VV,-9.536
334320000400262886,11.11,S1 VV,-9.083
334320000400262903,10.29,S1 VV,-8.93
334320000400262904,13.02,S1 VV,-8.294
334320000400262905,16.09,S1 VV,-9.084
334320000400262908,14.25,S1 VV,-9.403
334320000400262910,12.98,S1 VV,-9.144
334320000400262917,23.61,S1 VV,-9.156
334320100400258132,10.62,S1 VV,-8.94
334320100400258139,2.35,S1 VV,-10.184
334320100400258140,8.15,S1 VV,-9.862
334320100400258143,10.7,S1 VV,-8.951
334320100400258144,11.48,S1 VV,-9.039
334320100400258145,7.03,S1 VV,-9.085
334320100400258154,13.54,S1 VV,-9.142
334320100400258156,30.42,S1 VV,-9.379
334320100400258157,23.65,S1 VV,-9.622
334320100400258158,14.33,S1 VV,-9.107
334320100400258159,12.61,S1 VV,-9.232
334320100400258160,23.83,S1 VV,-9.584
334320100400258161,12.53,S1 VV,-8.849
334320100400258163,10.14,S1 VV,-9.205
334320100400258166,7.52,S1 VV,-9.787
334320100400258180,9.09,S1 VV,-9.477
334320100400258185,9.5,S1 VV,-9.175
334320100400258186,9.35,S1 VV,-9.402
334320100400258188,2.35,S1 VV,-9.365
334320100400258197,6.47,S1 VV,-9.546
334320100400258200,11.03,S1 VV,-9.503
334320100400258201,11.82,S1 VV,-8.936
334320100400258205,7.55,S1 VV,-9.355
334320100400258208,4.26,S1 VV,-9.511
334320100400258210,7.82,S1 VV,-10.037
334320100400258211,3.81,S1 VV,-10.047
334320100400258216,9.01,S1 VV,-8.898
334320100400258221,10.89,S1 VV,-9.23
334320100400258227,7.85,S1 VV,-9.906
334320100400258228,9.01,S1 VV,-10.059
334320100400258229,4.75,S1 VV,-9.684
334320100400258235,23.01,S1 VV,-8.879
334320100400258239,6.69,S1 VV,-9.974
334320100400258241,11.6,S1 VV,-11.404
334320100400258244,8.27,S1 VV,-8.949
334320100400258250,5.95,S1 VV,-9.725
334320100400258263,13.92,S1 VV,-9.829
334320100400258266,3.36,S1 VV,-9.813
334320100400258279,16.42,S1 VV,-9.856
334320100400258280,22.37,S1 VV,-9.565
334320100400258281,8.08,S1 VV,-9.21
334320100400258283,23.61,S1 VV,-9.361
334320100400258291,21.44,S1 VV,-9.217
334320100400258292,25.03,S1 VV,-9.452
334320200400263183,14.03,S1 VV,-8.753
334320200400263184,15.53,S1 VV,-8.1
334320200400263185,4.94,S1 VV,-8.306
334320200400263198,27.32,S1 VV,-9.242
334320200400263200,18.56,S1 VV,-9.113
334320200400263202,19.57,S1 VV,-9.049
334320200400263203,21.26,S1 VV,-9.61
334320200400263206,16.58,S1 VV,-8.661
334320200400263209,19.57,S1 VV,-9.284
334320200400263211,25.11,S1 VV,-9.405
334320200400263218,2.02,S1 VV,-10.114
334320200400263220,6.47,S1 VV,-9.679
334320200400263223,9.46,S1 VV,-10.692
334320200400263225,17.1,S1 VV,-10.505
334320200400263226,10.25,S1 VV,-9.455
334320200400263230,10.4,S1 VV,-9.438
334320200400263233,4.9,S1 VV,-9.537
334320200400263235,3.18,S1 VV,-8.861
334320200400263239,8.57,S1 VV,-9.626
334320200400263242,5.2,S1 VV,-8.559
334320200400263243,7.03,S1 VV,-8.48
334320200400263258,3.59,S1 VV,-9.86
334320200400263262,20.36,S1 VV,-8.667
334320200400263263,21.41,S1 VV,-8.858
334320200400263270,7.03,S1 VV,-9.246
334320200400263272,23.16,S1 VV,-9.695
334320200400263274,18.82,S1 VV,-8.929
334320200400263275,13.54,S1 VV,-9.29
334320200400263277,25.9,S1 VV,-9.72
334320200400263279,21.59,S1 VV,-9.436
334320200400263280,27.28,S1 VV,-9.331
334320200400263281,16.88,S1 VV,-9.493
334320200400263282,25.07,S1 VV,-9.638
334320200400263283,19.65,S1 VV,-9.402
334320200400263285,25.67,S1 VV,-9.276
334320200400263286,25.26,S1 VV,-8.91
334320200400263287,32.71,S1 VV,-8.724
334320200400263292,8.79,S1 VV,-7.978
334320200400263304,3.18,S1 VV,-9.486
334320200400263320,13.4,S1 VV,-9.807
334320200400263322,14.67,S1 VV,-9.829
334320200400263325,13.69,S1 VV,-8.85
334320200400263327,14.29,S1 VV,-9.613
334320300400258245,14.63,S1 VV,-9.624
334320300400258247,6.06,S1 VV,-8.823
334320300400258248,11.86,S1 VV,-9.339
334320300400258249,12.91,S1 VV,-9.483
334320300400258251,16.2,S1 VV,-8.313
334320300400258253,11.0,S1 VV,-8.977
334320300400258254,6.99,S1 VV,-8.872
334320300400258255,23.61,S1 VV,-8.558
334320300400258256,19.12,S1 VV,-8.621
334320300400258259,26.38,S1 VV,-9.094
334320300400258260,14.33,S1 VV,-9.48
334320300400258261,21.93,S1 VV,-9.091
334320300400258263,11.94,S1 VV,-8.696
334320300400258264,18.75,S1 VV,-8.332
334320300400258267,23.84,S1 VV,-9.302
334320300400258269,16.69,S1 VV,-8.988
334320300400258270,22.0,S1 VV,-8.995
334320300400258272,16.91,S1 VV,-9.217
334320300400258275,8.57,S1 VV,-9.038
334320300400258279,5.57,S1 VV,-9.414
334320300400258280,6.84,S1 VV,-9.095
334320300400258282,12.23,S1 VV,-9.499
334320300400258284,17.1,S1 VV,-9.402
334320300400258286,12.46,S1 VV,-7.995
334320300400258288,8.19,S1 VV,-8.094
334320300400258290,8.64,S1 VV,-8.72
334320300400258293,6.4,S1 VV,-9.574
334320300400258294,4.97,S1 VV,-8.984
334320300400258305,8.01,S1 VV,-9.5
334320300400258310,11.26,S1 VV,-9.775
334320300400258312,15.68,S1 VV,-10.508
334320300400258313,9.13,S1 VV,-10.578
334320300400258319,27.73,S1 VV,-8.498
334320300400258320,22.27,S1 VV,-8.666
334320300400258324,19.95,S1 VV,-9.367
334320300400258327,17.92,S1 VV,-9.079
334320300400258328,18.9,S1 VV,-9.526
334320300400258330,17.81,S1 VV,-9.27
334320300400258332,24.51,S1 VV,-8.702
334320300400258333,14.86,S1 VV,-8.846
334320300400258335,24.81,S1 VV,-8.969
334320300400258336,6.99,S1 VV,-8.898
334320300400258337,4.3,S1 VV,-8.813
334320300400258338,5.5,S1 VV,-9.106
334320300400258339,18.11,S1 VV,-9.509
334320300400258340,4.19,S1 VV,-9.008
334320300400258343,16.76,S1 VV,-9.248
334320300400258345,8.9,S1 VV,-9.79
334320300400258346,9.69,S1 VV,-9.843
334320300400258347,5.42,S1 VV,-9.747
334320300400258350,6.43,S1 VV,-8.932
334320300400258355,2.58,S1 VV,-10.201
334320300400258360,6.88,S1 VV,-8.653
334320300400258363,10.63,S1 VV,-9.626
334320300400258365,2.76,S1 VV,-11.945
334320300400258366,3.55,S1 VV,-12.796
334320500400258178,12.68,S1 VV,-8.854
334320500400258179,13.28,S1 VV,-8.526
334320500400258180,5.23,S1 VV,-7.999
334320500400258181,5.35,S1 VV,-8.793
334320500400258182,6.02,S1 VV,-8.693
334320500400258183,12.23,S1 VV,-8.604
334320500400258184,17.25,S1 VV,-8.723
334320500400258185,16.8,S1 VV,-9.339
334320500400258186,25.74,S1 VV,-9.451
334320500400258187,23.72,S1 VV,-9.175
334320500400258188,29.18,S1 VV,-8.878
334320500400258189,30.23,S1 VV,-9.218
334320500400258190,25.22,S1 VV,-8.851
334320500400258191,26.04,S1 VV,-8.758
334320500400258192,9.39,S1 VV,-8.758
334320500400258193,12.57,S1 VV,-9.062
334320500400258194,14.66,S1 VV,-9.104
334320500400258195,5.12,S1 VV,-9.221
334320500400258196,9.16,S1 VV,-9.251
334320500400258197,9.24,S1 VV,-9.239
334320500400258198,6.21,S1 VV,-9.206
334320500400258199,2.24,S1 VV,-9.851
334320500400258200,6.92,S1 VV,-10.485
334320500400258201,2.2,S1 VV,-10.267
334320500400258202,2.09,S1 VV,-11.239
334320500400258203,2.17,S1 VV,-12.669
334320500400258204,2.02,S1 VV,-14.122
334320500400258205,2.02,S1 VV,-14.793
334320500400258206,2.02,S1 VV,-14.753
334320500400258207,2.05,S1 VV,-15.261
334320500400258208,1.98,S1 VV,-14.763
334320500400258209,2.05,S1 VV,-14.711
334320500400258210,2.13,S1 VV,-13.426
334320500400258211,6.13,S1 VV,-11.567
334320500400258212,8.94,S1 VV,-9.843
334320500400258213,30.12,S1 VV,-9.462
334320500400258214,2.69,S1 VV,-9.1
334320500400258215,3.06,S1 VV,-8.815
334320500400258216,4.78,S1 VV,-8.935
334320500400258217,4.07,S1 VV,-9.585
334320500400258218,3.77,S1 VV,-9.594
334320500400258219,3.21,S1 VV,-9.418
334320500400258220,9.5,S1 VV,-9.492
334320500400258221,4.41,S1 VV,-10.35
334320500400258222,4.22,S1 VV,-10.813
334320500400258223,9.05,S1 VV,-10.057
334320500400258224,7.1,S1 VV,-9.554
334320500400258225,6.47,S1 VV,-8.983
334320500400258226,6.36,S1 VV,-9.777
334320500400258227,8.86,S1 VV,-10.173
334320500400258228,7.33,S1 VV,-9.608
334320500400258229,8.38,S1 VV,-9.47
334320500400258230,23.83,S1 VV,-9.875
334320500400258231,9.35,S1 VV,-11.021
334320500400258232,16.2,S1 VV,-11.323
334320500400258233,4.3,S1 VV,-10.914
334320500400258234,5.87,S1 VV,-11.292
334320500400258235,6.58,S1 VV,-11.858
334320500400258236,7.37,S1 VV,-12.669
334320500400258237,4.34,S1 VV,-13.203
334320500400258238,6.88,S1 VV,-13.213
334320500400258239,7.85,S1 VV,-12.196
334320500400258240,24.09,S1 VV,-10.919
334320500400258241,18.11,S1 VV,-9.971
334320500400258242,25.63,S1 VV,-9.333
334320500400258243,9.39,S1 VV,-9.321
334320500400258244,14.81,S1 VV,-8.733
334320500400258245,12.53,S1 VV,-9.007
334320500400258246,13.2,S1 VV,-8.923
334320500400258247,17.21,S1 VV,-9.709
334320500400258248,11.22,S1 VV,-9.928
334320500400258249,20.5,S1 VV,-10.009
334320500400258250,14.1,S1 VV,-9.711
334320500400258251,12.46,S1 VV,-9.727
334320500400258252,19.34,S1 VV,-9.422
334320500400258253,24.09,S1 VV,-9.013
334320500400258254,23.38,S1 VV,-8.74
334320500400258255,27.76,S1 VV,-8.644
334320500400258256,32.63,S1 VV,-9.342
334320500400258257,19.42,S1 VV,-9.816
334320500400258258,23.83,S1 VV,-10.018
334320500400258259,19.12,S1 VV,-9.94
334320500400258260,23.49,S1 VV,-9.31
334320500400258261,12.64,S1 VV,-9.103
334320500400258262,12.27,S1 VV,-9.033
334320500400258263,11.07,S1 VV,-8.507
334320500400258264,16.95,S1 VV,-7.507
334320500400258265,14.29,S1 VV,-8.252
334320500400258266,6.58,S1 VV,-8.824
334320500400258267,8.86,S1 VV,-8.03
334320500400258268,6.39,S1 VV,-7.871
334320500400258269,5.46,S1 VV,-8.25
334320500400258270,5.65,S1 VV,-9.194
334320500400258271,6.66,S1 VV,-9.433
334320500400258272,5.23,S1 VV,-8.752
334320600400967033,12.83,S1 VV,-8.871
334320600400967034,23.5,S1 VV,-8.455
334320600400967035,25.37,S1 VV,-8.844
334320600400967036,26.83,S1 VV,-9.016
334320600400967037,32.03,S1 VV,-9.438
334320600400967038,15.26,S1 VV,-9.411
334320600400967039,23.31,S1 VV,-9.251
334320600400967040,14.51,S1 VV,-9.175
334320600400967041,8.41,S1 VV,-9.821
334320600400967042,8.53,S1 VV,-9.787
334320600400967043,8.75,S1 VV,-9.64
334320600400967044,14.85,S1 VV,-9.384
334320600400967045,6.81,S1 VV,-9.225
334320600400967046,6.21,S1 VV,-8.948
334320600400967048,1.98,S1 VV,-10.527
334320600400967049,2.02,S1 VV,-10.439
334320600400967050,2.28,S1 VV,-10.109
334320600400967051,2.39,S1 VV,-9.795
334320600400967052,2.76,S1 VV,-10.744
334320600400967053,2.13,S1 VV,-11.878
334320600400967054,2.05,S1 VV,-13.141
334320600400967055,2.24,S1 VV,-12.675
334320600400967056,4.0,S1 VV,-10.839
334320600400967057,6.47,S1 VV,-9.825
334320600400967058,3.96,S1 VV,-9.514
334320600400967059,5.01,S1 VV,-8.967
334320600400967060,3.51,S1 VV,-8.668
334320600400967061,6.58,S1 VV,-8.533
334320600400967062,3.4,S1 VV,-8.835
334320600400967063,4.97,S1 VV,-9.039
334320600400967064,11.26,S1 VV,-8.854
334320600400967065,15.19,S1 VV,-8.649
334320600400967066,12.46,S1 VV,-8.559
334320600400967067,7.85,S1 VV,-8.608
334320600400967068,9.24,S1 VV,-8.851
334320600400967069,13.62,S1 VV,-8.902
334320600400967070,11.33,S1 VV,-8.926
334320600400967071,5.23,S1 VV,-8.733
334320600400967072,6.88,S1 VV,-9.647
334320600400967073,4.11,S1 VV,-10.135
334320600400967074,5.5,S1 VV,-9.943
334320600400967075,19.27,S1 VV,-9.452
334320600400967076,26.15,S1 VV,-8.819
334320600400967077,20.84,S1 VV,-8.699
334320600400967078,24.8,S1 VV,-9.01
334320600400967079,26.49,S1 VV,-9.3
334320600400967080,8.98,S1 VV,-10.321
334320600400967081,8.26,S1 VV,-10.795
334320600400967082,25.1,S1 VV,-9.936
334320600400967083,20.13,S1 VV,-9.382
334320600400967084,13.39,S1 VV,-9.401
334320600400967085,29.67,S1 VV,-9.551
334320600400967086,25.07,S1 VV,-9.537
334320600400967087,21.36,S1 VV,-9.781
334320600400967088,3.51,S1 VV,-10.539
334320600400967089,3.89,S1 VV,-10.341
334320600400967090,6.51,S1 VV,-10.237
334320600400967091,15.9,S1 VV,-9.674
334320600400967092,12.34,S1 VV,-9.105
334320600400967093,4.64,S1 VV,-8.954
334320600400967094,2.35,S1 VV,-9.212
334320600400967095,13.28,S1 VV,-9.212
334320600400967096,7.37,S1 VV,-8.907
334320600400967097,6.88,S1 VV,-8.622
334320600400967098,18.56,S1 VV,-8.542
334320600400967099,8.12,S1 VV,-8.418
334320600400967101,5.8,S1 VV,-9.489
334320800400262635,28.05,S1 VV,-8.438
334320800400262636,21.8,S1 VV,-9.157
334320800400262637,25.36,S1 VV,-9.189
334320800400262638,8.19,S1 VV,-9.057
334320800400262639,6.02,S1 VV,-8.922
334320800400262640,4.82,S1 VV,-8.542
334320800400262641,6.65,S1 VV,-8.954
334320800400262642,3.29,S1 VV,-9.332
334320800400262643,4.0,S1 VV,-9.34
334320800400262644,5.87,S1 VV,-9.248
334320800400262645,3.44,S1 VV,-9.201
334320800400262646,8.52,S1 VV,-8.835
334320800400262647,6.77,S1 VV,-8.552
334320800400262648,5.57,S1 VV,-8.477
334320800400262649,8.45,S1 VV,-8.512
334320800400262651,4.75,S1 VV,-9.041
334320800400262652,20.38,S1 VV,-8.905
334320800400262653,4.75,S1 VV,-8.958
334320800400262654,5.64,S1 VV,-8.903
334320800400262655,3.03,S1 VV,-9.267
334320800400262656,4.37,S1 VV,-9.834
334320800400262657,6.09,S1 VV,-9.428
334320800400262658,6.2,S1 VV,-8.894
334320800400262659,5.79,S1 VV,-9.274
334320800400262660,9.91,S1 VV,-9.477
334320800400262661,9.98,S1 VV,-9.508
334320800400262662,17.95,S1 VV,-9.353
334320800400262663,5.46,S1 VV,-9.696
334320800400262664,9.91,S1 VV,-9.733
334320800400262665,15.52,S1 VV,-9.792
334320800400262666,11.97,S1 VV,-9.532
334320800400262667,6.65,S1 VV,-9.386
334320800400262668,4.97,S1 VV,-9.804
334320800400262669,10.92,S1 VV,-9.755
334320800400262670,8.37,S1 VV,-10.027
334320800400262671,5.83,S1 VV,-9.709
334320800400262672,4.15,S1 VV,-9.954
334321100400257537,7.55,S1 VV,-8.689
334321100400257538,8.08,S1 VV,-8.889
334321100400257539,4.52,S1 VV,-9.161
334321100400257540,9.16,S1 VV,-8.904
334321100400257541,16.16,S1 VV,-8.435
334321100400257542,9.01,S1 VV,-8.689
334321100400257543,9.95,S1 VV,-8.688
334321100400257544,6.69,S1 VV,-8.787
334321100400257545,5.31,S1 VV,-9.163
334321100400257546,7.33,S1 VV,-10.12
334321100400257547,5.23,S1 VV,-10.532
334321100400257548,4.3,S1 VV,-10.405
334321100400257549,4.04,S1 VV,-10.197
340730000400262456,18.95,S1 VV,-9.059
340730000400262457,18.69,S1 VV,-9.782
340730000400262458,11.59,S1 VV,-9.368
340730000400262459,10.73,S1 VV,-9.547
340730000400262460,9.98,S1 VV,-9.28
340730000400262461,11.25,S1 VV,-10.055
340730000400262463,2.24,S1 VV,-10.486
340730000400262464,12.15,S1 VV,-10.68
340730000400262465,12.45,S1 VV,-10.459
340730000400262466,8.97,S1 VV,-10.074
340730000400262472,11.43,S1 VV,-9.984
340730000400262474,4.67,S1 VV,-9.581
340730100400258033,12.07,S1 VV,-9.165
340730100400258034,11.32,S1 VV,-8.852
340730100400258036,3.47,S1 VV,-9.777
340730100400258038,2.95,S1 VV,-9.338
340730100400258040,6.76,S1 VV,-9.609
340730100400258041,11.47,S1 VV,-9.383
340730100400258042,8.37,S1 VV,-9.859
340730100400258043,4.71,S1 VV,-9.322
340730100400258044,6.24,S1 VV,-9.171
340730200400263066,2.61,S1 VV,-9.823
340730200400263069,9.31,S1 VV,-9.362
340730200400263085,3.44,S1 VV,-9.045
340730300400257952,13.31,S1 VV,-9.176
340730300400257953,10.88,S1 VV,-9.634
340730300400257954,7.47,S1 VV,-9.439
340730300400257984,4.86,S1 VV,-9.711
340730300400257985,8.26,S1 VV,-9.613
340730300400257986,5.83,S1 VV,-9.09
340730300400257987,8.86,S1 VV,-9.389
340730300400257988,9.79,S1 VV,-9.914
340730300400257989,12.75,S1 VV,-10.269
340730300400257990,15.63,S1 VV,-9.689
340730300400257991,6.69,S1 VV,-9.738
340730300400257992,16.15,S1 VV,-10.235
340730300400257993,12.07,S1 VV,-10.446
340730300400257994,11.03,S1 VV,-10.301
340730300400257995,7.18,S1 VV,-10.403
340730500400257846,9.23,S1 VV,-9.573
340730500400257847,8.41,S1 VV,-9.992
340730500400257848,5.71,S1 VV,-10.778
340730500400257849,6.09,S1 VV,-10.177
340730500400257850,5.94,S1 VV,-9.768
340730500400257851,5.15,S1 VV,-9.462
340730500400257852,20.48,S1 VV,-10.744
340730500400257853,2.2,S1 VV,-11.82
340730500400257854,6.35,S1 VV,-11.69
340730500400257855,19.47,S1 VV,-11.436
340730500400257856,5.45,S1 VV,-11.565
340730500400257857,6.95,S1 VV,-12.096
340730500400257858,7.77,S1 VV,-12.812
340730500400257859,4.37,S1 VV,-13.384
340730500400257860,8.41,S1 VV,-13.401
340730500400257861,14.84,S1 VV,-12.601
340730500400257862,7.85,S1 VV,-11.305
340730500400257863,19.58,S1 VV,-10.17
340730500400257864,20.11,S1 VV,-9.514
340730500400257865,17.83,S1 VV,-9.192
340730500400257866,14.16,S1 VV,-8.762
340730500400257867,19.29,S1 VV,-8.981
340730500400257868,14.57,S1 VV,-9.25
340730500400257869,23.47,S1 VV,-9.588
340730500400257880,10.57,S1 VV,-10.251
340730500400257881,17.34,S1 VV,-9.737
340730500400257882,16.56,S1 VV,-9.373
340730500400257884,13.79,S1 VV,-9.666
340730500400257885,7.14,S1 VV,-8.642
340730500400257886,16.11,S1 VV,-8.094
340730500400257887,11.88,S1 VV,-8.361
340730500400257888,7.85,S1 VV,-9.22
340730500400257889,6.09,S1 VV,-8.282
340730600400970055,4.71,S1 VV,-9.297
340730600400970056,26.31,S1 VV,-8.675
340730600400970063,21.38,S1 VV,-10.009
340730600400970064,17.12,S1 VV,-9.757
340730600400970065,17.01,S1 VV,-9.509
340730600400970066,31.21,S1 VV,-9.299
340730600400970067,17.23,S1 VV,-9.287
340730600400970068,2.57,S1 VV,-9.529
340730600400970069,2.95,S1 VV,-9.865
340730600400970070,8.33,S1 VV,-9.877
340730600400970071,11.55,S1 VV,-9.595
340730600400970072,13.75,S1 VV,-8.673
340730600400970073,3.1,S1 VV,-8.71
340730600400970075,15.21,S1 VV,-8.903
340730600400970076,4.26,S1 VV,-8.5
356600000400197094,3.25,S1 VV,-8.996
356600000400197102,5.27,S1 VV,-10.034
356600000400197105,2.77,S1 VV,-10.23
356600000400197116,2.84,S1 VV,-9.007
356600000400197149,3.22,S1 VV,-8.998
356600100400192436,3.96,S1 VV,-9.257
356600100400192468,3.07,S1 VV,-10.171
356600100400192471,4.53,S1 VV,-9.865
356600100400192480,4.0,S1 VV,-9.405
356600100400192483,3.4,S1 VV,-10.058
356600100400192484,3.74,S1 VV,-9.686
356600100400192485,5.31,S1 VV,-10.05
356600100400192486,3.55,S1 VV,-9.974
356600100400192487,4.41,S1 VV,-10.044
356600100400192489,4.53,S1 VV,-9.633
356600100400192491,6.77,S1 VV,-10.472
356600100400192492,8.57,S1 VV,-10.033
356600100400192493,4.19,S1 VV,-10.141
356600100400192496,4.08,S1 VV,-9.465
356600100400192538,2.77,S1 VV,-9.074
356600200400197666,3.59,S1 VV,-10.302
356600200400197717,4.0,S1 VV,-9.082
356600200400197718,3.93,S1 VV,-9.054
356600200400197722,3.14,S1 VV,-9.351
356600200400197723,3.37,S1 VV,-9.207
356600200400197728,3.78,S1 VV,-9.446
356600200400197729,3.52,S1 VV,-8.871
356600200400197730,3.59,S1 VV,-8.828
356600200400197745,18.94,S1 VV,-8.95
356600200400197748,18.5,S1 VV,-8.635
356600200400197750,18.76,S1 VV,-8.873
356600200400197751,22.13,S1 VV,-8.805
356600200400197752,20.29,S1 VV,-8.642
356600200400197754,20.18,S1 VV,-8.65
356600200400197755,18.05,S1 VV,-8.965
356600200400197757,14.3,S1 VV,-9.487
356600200400197758,18.46,S1 VV,-9.462
356600200400197760,20.74,S1 VV,-10.794
356600200400197761,18.23,S1 VV,-11.828
356600300400192470,3.29,S1 VV,-9.939
356600300400192475,10.44,S1 VV,-10.737
356600300400192485,7.67,S1 VV,-11.431
356600300400192557,2.8,S1 VV,-8.825
356600300400192560,2.99,S1 VV,-8.484
356600300400192565,3.96,S1 VV,-8.774
356600300400192566,3.93,S1 VV,-8.622
356600300400192571,22.73,S1 VV,-8.79
356600300400192573,16.62,S1 VV,-9.05
356600300400192575,19.1,S1 VV,-9.992
356600300400192578,20.14,S1 VV,-8.978
356600300400192579,18.35,S1 VV,-8.995
356600300400192584,24.3,S1 VV,-8.876
356600300400192587,19.21,S1 VV,-9.297
356600300400192588,21.27,S1 VV,-9.057
356600300400192589,22.77,S1 VV,-8.547
356600300400192590,24.08,S1 VV,-8.609
356600300400192591,23.03,S1 VV,-8.724
356600300400192592,24.45,S1 VV,-8.758
356600300400192593,20.93,S1 VV,-8.929
356600300400192594,18.05,S1 VV,-9.165
356600300400192595,17.86,S1 VV,-9.383
356600300400192596,25.8,S1 VV,-9.002
356600300400192597,19.51,S1 VV,-8.724
356600300400192598,18.61,S1 VV,-8.617
356600300400192599,16.55,S1 VV,-8.69
356600300400192600,13.59,S1 VV,-8.937
356600300400192601,18.31,S1 VV,-8.443
356600300400192602,17.63,S1 VV,-8.989
356600300400192603,24.0,S1 VV,-10.2
356600300400192604,22.54,S1 VV,-10.249
356600300400192605,21.23,S1 VV,-9.667
356600300400192606,21.75,S1 VV,-8.68
356600300400192607,19.92,S1 VV,-8.491
356600300400192608,23.66,S1 VV,-9.342
356600300400192609,24.34,S1 VV,-8.976
356600300400192610,20.44,S1 VV,-9.176
356600300400192611,26.36,S1 VV,-9.084
356600300400192612,20.26,S1 VV,-9.609
356600300400192616,20.03,S1 VV,-10.85
356600300400192622,10.93,S1 VV,-10.356
356600500400192354,2.24,S1 VV,-12.85
356600500400192356,7.48,S1 VV,-10.841
356600500400192357,4.0,S1 VV,-10.609
356600500400192358,3.22,S1 VV,-10.83
356600500400192359,4.08,S1 VV,-10.783
356600500400192360,3.66,S1 VV,-10.871
356600500400192361,4.23,S1 VV,-10.618
356600500400192362,4.49,S1 VV,-10.414
356600500400192363,4.34,S1 VV,-11.069
356600500400192364,4.94,S1 VV,-10.906
356600500400192378,3.18,S1 VV,-10.434
356600500400192379,2.73,S1 VV,-10.405
356600500400192382,5.91,S1 VV,-10.619
356600500400192383,7.52,S1 VV,-9.902
356600500400192384,3.33,S1 VV,-9.282
356600500400192385,4.11,S1 VV,-9.309
356600500400192386,2.8,S1 VV,-10.136
356600500400192387,3.29,S1 VV,-10.601
356600500400192388,4.56,S1 VV,-10.131
356600500400192389,5.91,S1 VV,-9.731
356600500400192390,6.59,S1 VV,-10.217
356600500400192391,4.04,S1 VV,-10.4
356600500400192392,5.46,S1 VV,-10.315
356600500400192393,6.92,S1 VV,-9.848
356600500400192394,5.72,S1 VV,-9.86
356600500400192395,7.11,S1 VV,-10.502
356600500400192396,5.13,S1 VV,-10.826
356600500400192421,3.4,S1 VV,-8.76
356600500400192422,4.23,S1 VV,-8.75
356600500400192423,5.61,S1 VV,-8.896
356600500400192424,4.04,S1 VV,-8.905
356600500400192425,4.64,S1 VV,-8.301
356600500400192426,3.18,S1 VV,-8.521
356600500400192427,4.23,S1 VV,-9.134
356600500400192428,3.93,S1 VV,-9.166
356600500400192429,4.19,S1 VV,-9.219
356600500400192430,3.25,S1 VV,-9.14
356600500400192431,3.07,S1 VV,-9.227
356600500400192434,2.65,S1 VV,-8.932
356600500400192435,4.19,S1 VV,-9.445
356600500400192436,2.8,S1 VV,-9.783
356600500400192437,22.84,S1 VV,-10.073
356600500400192438,26.28,S1 VV,-10.216
356600500400192439,24.11,S1 VV,-9.595
356600500400192440,11.42,S1 VV,-9.516
356600500400192441,2.32,S1 VV,-9.599
356600500400192442,2.47,S1 VV,-8.909
356600500400192443,2.95,S1 VV,-9.241
356600500400192444,7.48,S1 VV,-8.846
356600500400192445,2.92,S1 VV,-9.376
356600500400192446,2.32,S1 VV,-9.742
356600500400192447,2.58,S1 VV,-9.086
356600500400192448,2.54,S1 VV,-9.339
356600500400192449,4.11,S1 VV,-9.481
356600500400192450,3.4,S1 VV,-9.791
356600500400192451,2.54,S1 VV,-10.084
356600500400192452,2.8,S1 VV,-9.886
356600500400192453,3.48,S1 VV,-9.424
356600500400192454,18.31,S1 VV,-9.732
356600500400192455,5.2,S1 VV,-10.081
356600500400192456,2.28,S1 VV,-9.366
356600500400192457,20.52,S1 VV,-9.484
356600500400192458,23.32,S1 VV,-9.271
356600500400192459,22.87,S1 VV,-10.051
356600500400192460,23.1,S1 VV,-9.38
356600500400192461,19.8,S1 VV,-10.442
356600500400192462,2.09,S1 VV,-10.914
356600500400192463,5.46,S1 VV,-11.412
356600500400192464,3.7,S1 VV,-11.206
356600500400192465,4.68,S1 VV,-10.231
356600500400192466,4.04,S1 VV,-10.123
356600500400192467,2.5,S1 VV,-9.627
356600500400192468,3.14,S1 VV,-9.654
356600500400192469,12.5,S1 VV,-9.197
356600500400192470,21.04,S1 VV,-9.486
356600500400192471,19.13,S1 VV,-10.132
356600500400192472,2.92,S1 VV,-11.511
356600600401033474,4.11,S1 VV,-9.771
356600600401033475,3.29,S1 VV,-9.223
356600600401033476,5.87,S1 VV,-9.422
356600600401033477,6.81,S1 VV,-9.282
356600600401033478,4.15,S1 VV,-9.18
356600600401033479,4.0,S1 VV,-8.775
356600600401033499,8.46,S1 VV,-10.57
356600600401033500,7.56,S1 VV,-11.208
356600600401033501,4.71,S1 VV,-11.636
356600600401033502,6.1,S1 VV,-10.513
356600600401033504,3.22,S1 VV,-8.921
356600600401033505,4.08,S1 VV,-9.6
356600600401033506,2.92,S1 VV,-9.665
356600600401033507,2.73,S1 VV,-9.493
356600600401033508,2.47,S1 VV,-9.261
356600600401033509,3.29,S1 VV,-9.494
356600600401033510,2.5,S1 VV,-9.657
356600600401033511,2.8,S1 VV,-9.628
356600600401033512,2.95,S1 VV,-9.777
356600600401033513,2.69,S1 VV,-9.995
356600600401033533,2.32,S1 VV,-9.325
356600600401033534,2.92,S1 VV,-9.011
356600600401033536,2.35,S1 VV,-9.055
356600600401033537,2.58,S1 VV,-8.983
356600600401033538,2.99,S1 VV,-9.161
356600600401033539,2.43,S1 VV,-9.175
356600600401033540,3.96,S1 VV,-8.939
356600600401033541,3.29,S1 VV,-8.594
356600600401033542,2.5,S1 VV,-8.666
356600600401033543,3.18,S1 VV,-9.043
356600600401033544,2.73,S1 VV,-9.063
356600600401033545,2.73,S1 VV,-8.891
356600600401033546,3.52,S1 VV,-9.56
356600600401033547,2.54,S1 VV,-10.719
356600600401033548,3.55,S1 VV,-11.386
356600600401033550,2.47,S1 VV,-8.99
356600600401033551,2.8,S1 VV,-8.71
356600600401033552,2.88,S1 VV,-8.783
356600600401033553,2.77,S1 VV,-8.473
356600600401033554,5.42,S1 VV,-8.662
356600600401033555,2.92,S1 VV,-9.385
356600600401033556,19.43,S1 VV,-9.745
356600600401033557,27.41,S1 VV,-9.953
356600600401033558,35.57,S1 VV,-9.546
356600600401033559,32.31,S1 VV,-9.459
356600600401033560,27.56,S1 VV,-8.389
356600600401033561,23.81,S1 VV,-8.604
356600600401033562,25.01,S1 VV,-9.367
356600600401033563,25.12,S1 VV,-9.9
356600600401033564,23.4,S1 VV,-9.269
356600600401033565,22.39,S1 VV,-9.06
356600600401033566,22.09,S1 VV,-8.883
356600600401033567,22.73,S1 VV,-8.545
356600600401033568,21.98,S1 VV,-8.695
356600600401033569,23.36,S1 VV,-8.717
356600600401033570,2.28,S1 VV,-8.926
356600600401033571,3.18,S1 VV,-9.221
356600600401033572,3.03,S1 VV,-9.419
356600600401033573,2.58,S1 VV,-9.797
356600600401033574,3.63,S1 VV,-10.02
356600600401033575,2.92,S1 VV,-10.714
356600600401033576,3.4,S1 VV,-10.654
356600600401033577,2.02,S1 VV,-11.501
356600600401033578,2.02,S1 VV,-12.955
356600600401033579,2.54,S1 VV,-12.21
356600600401033580,3.14,S1 VV,-10.787
356600600401033581,2.5,S1 VV,-11.298
356600600401033582,5.05,S1 VV,-11.557
356600600401033583,2.73,S1 VV,-11.186
356600600401033610,16.43,S1 VV,-9.754
356600600401033611,14.6,S1 VV,-8.874
356600600401033612,2.5,S1 VV,-8.532
356600600401033613,2.73,S1 VV,-8.645
356600600401033614,2.32,S1 VV,-8.706
356600600401033615,2.43,S1 VV,-8.683
356600600401033616,3.1,S1 VV,-9.063
356600600401033617,2.92,S1 VV,-8.988
356600600401033618,3.22,S1 VV,-9.513
356600600401033619,3.44,S1 VV,-9.276
356600600401033620,3.18,S1 VV,-9.749
356600800400197103,5.99,S1 VV,-10.428
356600800400197104,11.9,S1 VV,-10.802
356600800400197105,9.65,S1 VV,-10.864
356600800400197106,10.55,S1 VV,-10.734
356600800400197114,5.5,S1 VV,-9.524
356600800400197115,3.78,S1 VV,-9.932
356600800400197177,4.53,S1 VV,-9.854
356600800400197178,3.89,S1 VV,-9.123
356600800400197180,8.08,S1 VV,-8.681
356600800400197181,5.16,S1 VV,-9.002
356600800400197182,8.79,S1 VV,-9.315
356600800400197183,5.8,S1 VV,-9.338
356600800400197184,11.38,S1 VV,-9.732
356600800400197186,4.34,S1 VV,-9.917
356600800400197187,5.35,S1 VV,-9.817
356600800400197188,12.35,S1 VV,-10.011
356600800400197189,3.29,S1 VV,-9.897
356600800400197190,12.8,S1 VV,-9.964
356600800400197191,5.35,S1 VV,-9.818
356600800400197192,8.01,S1 VV,-9.81
356600800400197193,20.44,S1 VV,-9.414
356600800400197194,5.35,S1 VV,-9.45
356600800400197195,4.23,S1 VV,-9.632
356600800400197196,4.15,S1 VV,-9.903
356600800400197197,3.96,S1 VV,-10.174
356600800400197198,2.92,S1 VV,-9.947
356600800400197199,4.23,S1 VV,-10.221
356600800400197200,9.58,S1 VV,-9.838
356600800400197210,5.8,S1 VV,-11.338
356600800400197211,3.81,S1 VV,-11.761
356600800400197212,5.76,S1 VV,-11.365
356600800400197213,5.27,S1 VV,-10.757
356600800400197214,3.78,S1 VV,-10.154
356600800400197215,3.25,S1 VV,-9.751
356600800400197216,4.04,S1 VV,-9.693
356600800400197219,2.69,S1 VV,-9.411
356600800400197222,3.48,S1 VV,-9.235
356600800400197225,4.3,S1 VV,-9.045
356600800400197226,4.19,S1 VV,-9.4
356600800400197227,4.23,S1 VV,-9.211
356600800400197228,3.93,S1 VV,-9.515
356600800400197229,14.93,S1 VV,-9.007
356600800400197230,22.72,S1 VV,-8.99
356600800400197231,4.49,S1 VV,-9.104
356600800400197232,13.14,S1 VV,-9.944
356600800400197233,13.55,S1 VV,-10.462
356600800400197234,13.32,S1 VV,-10.914
356600800400197235,4.11,S1 VV,-10.578
356600800400197236,2.43,S1 VV,-10.248
356600800400197237,4.45,S1 VV,-9.522
356600800400197238,3.4,S1 VV,-8.971
356600800400197239,6.73,S1 VV,-8.519
356600800400197240,3.51,S1 VV,-9.123
356600800400197241,5.05,S1 VV,-9.453
356600800400197242,11.68,S1 VV,-9.204
356600800400197246,17.22,S1 VV,-9.275
356600800400197248,20.51,S1 VV,-9.095
356600800400197249,24.41,S1 VV,-8.806
356600800400197250,18.27,S1 VV,-9.201
356600800400197251,3.51,S1 VV,-9.283
356600800400197252,2.5,S1 VV,-9.092
356600800400197253,2.84,S1 VV,-8.812
356600800400197254,3.44,S1 VV,-8.769
356600800400197255,3.85,S1 VV,-9.695
356600800400197256,2.24,S1 VV,-9.596
356600800400197257,3.25,S1 VV,-9.661
356600800400197258,5.57,S1 VV,-10.365
356600800400197259,2.39,S1 VV,-10.95
356600800400197260,5.09,S1 VV,-10.685
356600800400197261,2.84,S1 VV,-9.728
356600800400197262,3.36,S1 VV,-9.675
356600800400197263,3.63,S1 VV,-9.34
356600800400197264,3.44,S1 VV,-9.072
356600800400197265,2.77,S1 VV,-8.771
356600800400197266,2.8,S1 VV,-8.735
356600800400197267,3.96,S1 VV,-8.989
356600800400197268,2.8,S1 VV,-8.946
356600800400197275,2.69,S1 VV,-9.74
356600800400197277,2.58,S1 VV,-9.207
356600800400197278,2.95,S1 VV,-9.441
356600800400197279,4.41,S1 VV,-9.362
356600800400197287,3.25,S1 VV,-9.139
356600800400197288,2.84,S1 VV,-8.739
356600800400197289,2.92,S1 VV,-9.238
356600800400197290,2.5,S1 VV,-9.999
356600800400197291,4.11,S1 VV,-10.077
356600800400197292,2.58,S1 VV,-9.505
356600800400197302,19.24,S1 VV,-8.904
356600800400197326,3.51,S1 VV,-9.355
356600800400197327,2.77,S1 VV,-8.798
356600800400197328,4.19,S1 VV,-8.944
356600800400197329,2.95,S1 VV,-9.364
356600800400197330,5.39,S1 VV,-9.973
356600800400197331,3.25,S1 VV,-10.087
356600800400197334,4.04,S1 VV,-9.557
356600800400197335,4.86,S1 VV,-9.287
356600800400197336,3.66,S1 VV,-9.351
356600800400197337,5.42,S1 VV,-9.395
356600800400197338,2.92,S1 VV,-9.857
356600800400197339,2.95,S1 VV,-9.85
356600800400197340,3.4,S1 VV,-9.813
356600800400197341,3.03,S1 VV,-10.053
356600800400197342,2.88,S1 VV,-10.487
356600800400197343,3.89,S1 VV,-9.946
356600800400197344,2.69,S1 VV,-9.991
356600800400197345,2.88,S1 VV,-9.81
356600800400197346,3.7,S1 VV,-9.526
356600800400197347,3.4,S1 VV,-9.498
356600800400197348,2.62,S1 VV,-9.431
356600800400197349,2.8,S1 VV,-10.077
356601100400191849,2.13,S1 VV,-9.616
356601100400191854,6.81,S1 VV,-10.107
356601100400191855,5.61,S1 VV,-9.321
356601100400191856,4.45,S1 VV,-8.763
356601100400191857,4.04,S1 VV,-8.336
356601100400191858,9.8,S1 VV,-8.351
356601100400191859,6.02,S1 VV,-8.866
356601100400191860,8.31,S1 VV,-9.095
356601100400191861,11.04,S1 VV,-9.018
356601100400191887,4.11,S1 VV,-10.054
356601100400191907,8.98,S1 VV,-9.054
356601100400191908,7.82,S1 VV,-9.456
356601100400191909,6.7,S1 VV,-10.164
356601100400191910,5.01,S1 VV,-9.51
356601100400191911,3.59,S1 VV,-10.112
356601100400191912,3.78,S1 VV,-10.322
356601100400191913,5.61,S1 VV,-10.843
356601100400191914,3.63,S1 VV,-10.894
356601100400191915,2.73,S1 VV,-11.225
356601100400191916,2.77,S1 VV,-11.253
356601100400191917,2.58,S1 VV,-10.398
356601100400191918,4.11,S1 VV,-9.653
356601100400191919,5.01,S1 VV,-9.094
356601100400191920,4.83,S1 VV,-9.207
356601100400191928,15.27,S1 VV,-9.212
356601100400191929,4.26,S1 VV,-8.766
356601100400191930,3.85,S1 VV,-9.115
356601100400191931,4.19,S1 VV,-9.673
356601100400191932,6.51,S1 VV,-10.011
356601100400191933,8.12,S1 VV,-10.376
356601100400191934,7.3,S1 VV,-10.519
356601100400191935,3.59,S1 VV,-11.021
356601100400191936,5.65,S1 VV,-10.546
356601100400191964,9.84,S1 VV,-8.753
356601100400191965,5.61,S1 VV,-8.751
356601100400191966,3.22,S1 VV,-9.302
356601100400191967,4.26,S1 VV,-9.023
356601100400191968,10.1,S1 VV,-9.333
356601100400191969,3.03,S1 VV,-8.975
356601100400191970,3.18,S1 VV,-8.916
356601100400191971,4.04,S1 VV,-8.9
356601100400191972,7.63,S1 VV,-9.404
356601100400191973,5.76,S1 VV,-9.238
356601100400191974,20.89,S1 VV,-9.18
356601100400191975,7.9,S1 VV,-8.912
356601100400191976,12.69,S1 VV,-8.721
356601100400191977,4.6,S1 VV,-8.824
356601100400191978,6.62,S1 VV,-9.353
356601100400191979,4.3,S1 VV,-9.406
356601100400191980,11.0,S1 VV,-9.376
356601100400191981,21.49,S1 VV,-8.613
356601100400191982,24.26,S1 VV,-8.356
356601100400191986,4.97,S1 VV,-8.158
356601100400191987,3.59,S1 VV,-8.159
356601100400191988,3.1,S1 VV,-8.57
356601100400191989,4.34,S1 VV,-8.887
356601100400191990,4.08,S1 VV,-8.963
356601100400191997,2.54,S1 VV,-9.497
356601100400192061,6.25,S1 VV,-10.469
356601100400192062,3.96,S1 VV,-9.695
356601100400192063,4.6,S1 VV,-9.836
356601100400192064,6.47,S1 VV,-10.905
356601100400192065,3.48,S1 VV,-10.647
356601100400192066,3.18,S1 VV,-10.588
356601100400192067,3.78,S1 VV,-10.977
356601100400192068,2.65,S1 VV,-11.893
356601100400192069,2.17,S1 VV,-12.442
356601100400192070,7.78,S1 VV,-11.068
356601100400192071,18.01,S1 VV,-9.87
356601100400192072,19.43,S1 VV,-9.786
356601100400192073,18.27,S1 VV,-9.787
356601100400192074,3.66,S1 VV,-9.993
356601100400192078,3.59,S1 VV,-11.209
356601100400192079,3.18,S1 VV,-10.613
356601100400192080,3.29,S1 VV,-10.502
356601100400192081,2.77,S1 VV,-10.358
356601100400192082,3.7,S1 VV,-10.362
356601100400192083,4.75,S1 VV,-10.541
356601100400192084,2.43,S1 VV,-10.21
356601100400192085,2.54,S1 VV,-9.976
356601100400192086,4.49,S1 VV,-10.334
356601100400192087,8.53,S1 VV,-10.605
356601100400192088,3.85,S1 VV,-9.697
356601100400192089,2.99,S1 VV,-9.812
356601100400192090,10.37,S1 VV,-10.495
356601100400192091,4.9,S1 VV,-10.453
356601100400192092,11.75,S1 VV,-9.57
356601100400192093,2.99,S1 VV,-9.233
356601100400192094,2.54,S1 VV,-9.422
356601100400192095,2.54,S1 VV,-9.668
356601100400192096,2.54,S1 VV,-9.552
356601100400192097,4.45,S1 VV,-9.48
334320000400262741,15.08,SAOCOM HV,-16.158
334320000400262742,18.44,SAOCOM HV,-16.107
334320000400262746,16.98,SAOCOM HV,-15.364
334320000400262747,20.32,SAOCOM HV,-15.699
334320000400262749,19.16,SAOCOM HV,-16.568
334320000400262750,15.79,SAOCOM HV,-16.751
334320000400262754,4.6,SAOCOM HV,-16.177
334320000400262764,14.25,SAOCOM HV,-19.339
334320000400262766,22.75,SAOCOM HV,-16.699
334320000400262773,12.12,SAOCOM HV,-19.54
334320000400262785,7.03,SAOCOM HV,-16.628
334320000400262792,5.87,SAOCOM HV,-17.026
334320000400262799,2.28,SAOCOM HV,-16.366
334320000400262809,14.18,SAOCOM HV,-16.52
334320000400262812,27.28,SAOCOM HV,-15.964
334320000400262814,5.27,SAOCOM HV,-15.692
334320000400262815,25.29,SAOCOM HV,-15.991
334320000400262856,10.32,SAOCOM HV,-17.87
334320000400262858,16.91,SAOCOM HV,-17.005
334320000400262859,19.64,SAOCOM HV,-15.976
334320000400262865,13.02,SAOCOM HV,-16.298
334320000400262866,24.84,SAOCOM HV,-16.269
334320000400262877,10.06,SAOCOM HV,-16.67
334320000400262880,22.0,SAOCOM HV,-15.665
334320000400262881,24.88,SAOCOM HV,-16.77
334320000400262885,10.59,SAOCOM HV,-16.575
334320000400262886,11.11,SAOCOM HV,-16.719
334320000400262903,10.29,SAOCOM HV,-16.136
334320000400262904,13.02,SAOCOM HV,-17.302
334320000400262905,16.09,SAOCOM HV,-18.167
334320000400262908,14.25,SAOCOM HV,-17.33
334320000400262910,12.98,SAOCOM HV,-16.572
334320000400262917,23.61,SAOCOM HV,-16.753
334320100400258132,10.62,SAOCOM HV,-15.793
334320100400258139,2.35,SAOCOM HV,-17.946
334320100400258140,8.15,SAOCOM HV,-17.54
334320100400258143,10.7,SAOCOM HV,-16.741
334320100400258144,11.48,SAOCOM HV,-16.936
334320100400258145,7.03,SAOCOM HV,-17.312
334320100400258154,13.54,SAOCOM HV,-18.502
334320100400258156,30.42,SAOCOM HV,-17.068
334320100400258157,23.65,SAOCOM HV,-16.716
334320100400258158,14.33,SAOCOM HV,-16.186
334320100400258159,12.61,SAOCOM HV,-16.535
334320100400258160,23.83,SAOCOM HV,-16.942
334320100400258161,12.53,SAOCOM HV,-15.94
334320100400258163,10.14,SAOCOM HV,-16.325
334320100400258166,7.52,SAOCOM HV,-20.562
334320100400258180,9.09,SAOCOM HV,-17.376
334320100400258185,9.5,SAOCOM HV,-16.666
334320100400258186,9.35,SAOCOM HV,-16.736
334320100400258188,2.35,SAOCOM HV,-17.262
334320100400258197,6.47,SAOCOM HV,-17.896
334320100400258200,11.03,SAOCOM HV,-16.433
334320100400258201,11.82,SAOCOM HV,-17.053
334320100400258205,7.55,SAOCOM HV,-17.275
334320100400258208,4.26,SAOCOM HV,-18.356
334320100400258210,7.82,SAOCOM HV,-18.279
334320100400258211,3.81,SAOCOM HV,-17.857
334320100400258216,9.01,SAOCOM HV,-16.935
334320100400258221,10.89,SAOCOM HV,-15.82
334320100400258227,7.85,SAOCOM HV,-16.973
334320100400258228,9.01,SAOCOM HV,-17.293
334320100400258229,4.75,SAOCOM HV,-16.888
334320100400258235,23.01,SAOCOM HV,-15.987
334320100400258239,6.69,SAOCOM HV,-18.077
334320100400258241,11.6,SAOCOM HV,-22.134
334320100400258244,8.27,SAOCOM HV,-17.064
334320100400258250,5.95,SAOCOM HV,-17.319
334320100400258263,13.92,SAOCOM HV,-17.027
334320100400258266,3.36,SAOCOM HV,-16.724
334320100400258279,16.42,SAOCOM HV,-16.063
334320100400258280,22.37,SAOCOM HV,-15.217
334320100400258281,8.08,SAOCOM HV,-15.767
334320100400258283,23.61,SAOCOM HV,-15.838
334320100400258291,21.44,SAOCOM HV,-15.58
334320100400258292,25.03,SAOCOM HV,-17.681
334320200400263183,14.03,SAOCOM HV,-16.893
334320200400263184,15.53,SAOCOM HV,-18.009
334320200400263185,4.94,SAOCOM HV,-19.281
334320200400263198,27.32,SAOCOM HV,-19.602
334320200400263200,18.56,SAOCOM HV,-17.261
334320200400263202,19.57,SAOCOM HV,-16.561
334320200400263203,21.26,SAOCOM HV,-16.843
334320200400263206,16.58,SAOCOM HV,-15.898
334320200400263209,19.57,SAOCOM HV,-16.729
334320200400263211,25.11,SAOCOM HV,-17.672
334320200400263218,2.02,SAOCOM HV,-18.399
334320200400263220,6.47,SAOCOM HV,-18.225
334320200400263223,9.46,SAOCOM HV,-17.879
334320200400263225,17.1,SAOCOM HV,-17.081
334320200400263226,10.25,SAOCOM HV,-17.224
334320200400263230,10.4,SAOCOM HV,-18.007
334320200400263233,4.9,SAOCOM HV,-16.719
334320200400263235,3.18,SAOCOM HV,-16.668
334320200400263239,8.57,SAOCOM HV,-17.423
334320200400263242,5.2,SAOCOM HV,-16.492
334320200400263243,7.03,SAOCOM HV,-17.842
334320200400263258,3.59,SAOCOM HV,-16.557
334320200400263262,20.36,SAOCOM HV,-15.487
334320200400263263,21.41,SAOCOM HV,-15.864
334320200400263270,7.03,SAOCOM HV,-16.137
334320200400263272,23.16,SAOCOM HV,-16.176
334320200400263274,18.82,SAOCOM HV,-15.858
334320200400263275,13.54,SAOCOM HV,-16.251
334320200400263277,25.9,SAOCOM HV,-17.033
334320200400263279,21.59,SAOCOM HV,-16.021
334320200400263280,27.28,SAOCOM HV,-15.794
334320200400263281,16.88,SAOCOM HV,-15.636
334320200400263282,25.07,SAOCOM HV,-15.524
334320200400263283,19.65,SAOCOM HV,-15.18
334320200400263285,25.67,SAOCOM HV,-15.904
334320200400263286,25.26,SAOCOM HV,-15.656
334320200400263287,32.71,SAOCOM HV,-16.159
334320200400263292,8.79,SAOCOM HV,-16.788
334320200400263304,3.18,SAOCOM HV,-17.181
334320200400263320,13.4,SAOCOM HV,-17.111
334320200400263322,14.67,SAOCOM HV,-16.614
334320200400263325,13.69,SAOCOM HV,-16.826
334320200400263327,14.29,SAOCOM HV,-16.958
334320300400258245,14.63,SAOCOM HV,-16.626
334320300400258247,6.06,SAOCOM HV,-16.607
334320300400258248,11.86,SAOCOM HV,-16.442
334320300400258249,12.91,SAOCOM HV,-16.402
334320300400258251,16.2,SAOCOM HV,-16.467
334320300400258253,11.0,SAOCOM HV,-16.844
334320300400258254,6.99,SAOCOM HV,-16.955
334320300400258255,23.61,SAOCOM HV,-16.435
334320300400258256,19.12,SAOCOM HV,-16.339
334320300400258259,26.38,SAOCOM HV,-15.768
334320300400258260,14.33,SAOCOM HV,-15.315
334320300400258261,21.93,SAOCOM HV,-15.723
334320300400258263,11.94,SAOCOM HV,-17.261
334320300400258264,18.75,SAOCOM HV,-16.644
334320300400258267,23.84,SAOCOM HV,-15.397
334320300400258269,16.69,SAOCOM HV,-16.352
334320300400258270,22.0,SAOCOM HV,-19.49
334320300400258272,16.91,SAOCOM HV,-20.136
334320300400258275,8.57,SAOCOM HV,-17.111
334320300400258279,5.57,SAOCOM HV,-16.01
334320300400258280,6.84,SAOCOM HV,-16.595
334320300400258282,12.23,SAOCOM HV,-16.599
334320300400258284,17.1,SAOCOM HV,-16.7
334320300400258286,12.46,SAOCOM HV,-17.565
334320300400258288,8.19,SAOCOM HV,-16.547
334320300400258290,8.64,SAOCOM HV,-17.549
334320300400258293,6.4,SAOCOM HV,-17.398
334320300400258294,4.97,SAOCOM HV,-16.515
334320300400258305,8.01,SAOCOM HV,-16.591
334320300400258310,11.26,SAOCOM HV,-16.59
334320300400258312,15.68,SAOCOM HV,-17.807
334320300400258313,9.13,SAOCOM HV,-18.245
334320300400258319,27.73,SAOCOM HV,-16.191
334320300400258320,22.27,SAOCOM HV,-16.032
334320300400258324,19.95,SAOCOM HV,-16.659
334320300400258327,17.92,SAOCOM HV,-15.462
334320300400258328,18.9,SAOCOM HV,-15.685
334320300400258330,17.81,SAOCOM HV,-15.944
334320300400258332,24.51,SAOCOM HV,-15.94
334320300400258333,14.86,SAOCOM HV,-16.326
334320300400258335,24.81,SAOCOM HV,-15.66
334320300400258336,6.99,SAOCOM HV,-15.762
334320300400258337,4.3,SAOCOM HV,-15.606
334320300400258338,5.5,SAOCOM HV,-15.953
334320300400258339,18.11,SAOCOM HV,-15.943
334320300400258340,4.19,SAOCOM HV,-16.07
334320300400258343,16.76,SAOCOM HV,-16.177
334320300400258345,8.9,SAOCOM HV,-16.385
334320300400258346,9.69,SAOCOM HV,-16.02
334320300400258347,5.42,SAOCOM HV,-16.169
334320300400258350,6.43,SAOCOM HV,-16.316
334320300400258355,2.58,SAOCOM HV,-19.396
334320300400258360,6.88,SAOCOM HV,-16.236
334320300400258363,10.63,SAOCOM HV,-17.659
334320300400258365,2.76,SAOCOM HV,-22.887
334320300400258366,3.55,SAOCOM HV,-28.033
334320500400258178,12.68,SAOCOM HV,-16.795
334320500400258179,13.28,SAOCOM HV,-16.133
334320500400258180,5.23,SAOCOM HV,-15.96
334320500400258181,5.35,SAOCOM HV,-15.827
334320500400258182,6.02,SAOCOM HV,-15.574
334320500400258183,12.23,SAOCOM HV,-14.344
334320500400258184,17.25,SAOCOM HV,-13.221
334320500400258185,16.8,SAOCOM HV,-13.674
334320500400258186,25.74,SAOCOM HV,-16.405
334320500400258187,23.72,SAOCOM HV,-19.299
334320500400258188,29.18,SAOCOM HV,-20.065
334320500400258189,30.23,SAOCOM HV,-20.744
334320500400258190,25.22,SAOCOM HV,-20.81
334320500400258191,26.04,SAOCOM HV,-20.398
334320500400258192,9.39,SAOCOM HV,-19.23
334320500400258193,12.57,SAOCOM HV,-18.968
334320500400258194,14.66,SAOCOM HV,-19.366
334320500400258195,5.12,SAOCOM HV,-20.449
334320500400258196,9.16,SAOCOM HV,-22.549
334320500400258197,9.24,SAOCOM HV,-20.951
334320500400258198,6.21,SAOCOM HV,-18.583
334320500400258199,2.24,SAOCOM HV,-18.241
334320500400258200,6.92,SAOCOM HV,-18.385
334320500400258201,2.2,SAOCOM HV,-19.309
334320500400258202,2.09,SAOCOM HV,-21.404
334320500400258203,2.17,SAOCOM HV,-24.799
334320500400258204,2.02,SAOCOM HV,-28.474
334320500400258205,2.02,SAOCOM HV,-30.461
334320500400258206,2.02,SAOCOM HV,-30.336
334320500400258207,2.05,SAOCOM HV,-29.357
334320500400258208,1.98,SAOCOM HV,-28.513
334320500400258209,2.05,SAOCOM HV,-27.868
334320500400258210,2.13,SAOCOM HV,-22.849
334320500400258211,6.13,SAOCOM HV,-20.16
334320500400258212,8.94,SAOCOM HV,-18.53
334320500400258213,30.12,SAOCOM HV,-17.622
334320500400258214,2.69,SAOCOM HV,-17.683
334320500400258215,3.06,SAOCOM HV,-18.08
334320500400258216,4.78,SAOCOM HV,-18.263
334320500400258217,4.07,SAOCOM HV,-18.012
334320500400258218,3.77,SAOCOM HV,-17.742
334320500400258219,3.21,SAOCOM HV,-17.504
334320500400258220,9.5,SAOCOM HV,-17.375
334320500400258221,4.41,SAOCOM HV,-17.348
334320500400258222,4.22,SAOCOM HV,-17.442
334320500400258223,9.05,SAOCOM HV,-17.352
334320500400258224,7.1,SAOCOM HV,-16.765
334320500400258225,6.47,SAOCOM HV,-16.928
334320500400258226,6.36,SAOCOM HV,-17.075
334320500400258227,8.86,SAOCOM HV,-16.965
334320500400258228,7.33,SAOCOM HV,-16.594
334320500400258229,8.38,SAOCOM HV,-17.25
334320500400258230,23.83,SAOCOM HV,-18.659
334320500400258231,9.35,SAOCOM HV,-19.955
334320500400258232,16.2,SAOCOM HV,-19.329
334320500400258233,4.3,SAOCOM HV,-19.034
334320500400258234,5.87,SAOCOM HV,-19.957
334320500400258235,6.58,SAOCOM HV,-21.317
334320500400258236,7.37,SAOCOM HV,-23.522
334320500400258237,4.34,SAOCOM HV,-23.685
334320500400258238,6.88,SAOCOM HV,-23.275
334320500400258239,7.85,SAOCOM HV,-19.762
334320500400258240,24.09,SAOCOM HV,-16.978
334320500400258241,18.11,SAOCOM HV,-15.851
334320500400258242,25.63,SAOCOM HV,-15.978
334320500400258243,9.39,SAOCOM HV,-15.87
334320500400258244,14.81,SAOCOM HV,-15.69
334320500400258245,12.53,SAOCOM HV,-16.21
334320500400258246,13.2,SAOCOM HV,-17.004
334320500400258247,17.21,SAOCOM HV,-17.052
334320500400258248,11.22,SAOCOM HV,-16.781
334320500400258249,20.5,SAOCOM HV,-17.046
334320500400258250,14.1,SAOCOM HV,-16.496
334320500400258251,12.46,SAOCOM HV,-15.751
334320500400258252,19.34,SAOCOM HV,-15.072
334320500400258253,24.09,SAOCOM HV,-14.864
334320500400258254,23.38,SAOCOM HV,-14.507
334320500400258255,27.76,SAOCOM HV,-15.23
334320500400258256,32.63,SAOCOM HV,-16.961
334320500400258257,19.42,SAOCOM HV,-17.979
334320500400258258,23.83,SAOCOM HV,-17.641
334320500400258259,19.12,SAOCOM HV,-16.755
334320500400258260,23.49,SAOCOM HV,-16.311
334320500400258261,12.64,SAOCOM HV,-15.975
334320500400258262,12.27,SAOCOM HV,-15.972
334320500400258263,11.07,SAOCOM HV,-16.186
334320500400258264,16.95,SAOCOM HV,-17.155
334320500400258265,14.29,SAOCOM HV,-17.563
334320500400258266,6.58,SAOCOM HV,-17.204
334320500400258267,8.86,SAOCOM HV,-16.354
334320500400258268,6.39,SAOCOM HV,-16.647
334320500400258269,5.46,SAOCOM HV,-16.743
334320500400258270,5.65,SAOCOM HV,-16.86
334320500400258271,6.66,SAOCOM HV,-16.911
334320500400258272,5.23,SAOCOM HV,-17.2
334320600400967033,12.83,SAOCOM HV,-14.277
334320600400967034,23.5,SAOCOM HV,-14.921
334320600400967035,25.37,SAOCOM HV,-17.292
334320600400967036,26.83,SAOCOM HV,-20.039
334320600400967037,32.03,SAOCOM HV,-19.153
334320600400967038,15.26,SAOCOM HV,-18.218
334320600400967039,23.31,SAOCOM HV,-17.87
334320600400967040,14.51,SAOCOM HV,-18.905
334320600400967041,8.41,SAOCOM HV,-18.725
334320600400967042,8.53,SAOCOM HV,-18.223
334320600400967043,8.75,SAOCOM HV,-18.297
334320600400967044,14.85,SAOCOM HV,-20.485
334320600400967045,6.81,SAOCOM HV,-20.807
334320600400967046,6.21,SAOCOM HV,-19.888
334320600400967048,1.98,SAOCOM HV,-22.05
334320600400967049,2.02,SAOCOM HV,-20.824
334320600400967050,2.28,SAOCOM HV,-19.205
334320600400967051,2.39,SAOCOM HV,-18.8
334320600400967052,2.76,SAOCOM HV,-20.237
334320600400967053,2.13,SAOCOM HV,-21.764
334320600400967054,2.05,SAOCOM HV,-23.675
334320600400967055,2.24,SAOCOM HV,-21.265
334320600400967056,4.0,SAOCOM HV,-18.833
334320600400967057,6.47,SAOCOM HV,-17.531
334320600400967058,3.96,SAOCOM HV,-17.172
334320600400967059,5.01,SAOCOM HV,-17.035
334320600400967060,3.51,SAOCOM HV,-17.43
334320600400967061,6.58,SAOCOM HV,-17.299
334320600400967062,3.4,SAOCOM HV,-17.022
334320600400967063,4.97,SAOCOM HV,-16.48
334320600400967064,11.26,SAOCOM HV,-15.931
334320600400967065,15.19,SAOCOM HV,-16.281
334320600400967066,12.46,SAOCOM HV,-16.272
334320600400967067,7.85,SAOCOM HV,-17.118
334320600400967068,9.24,SAOCOM HV,-17.646
334320600400967069,13.62,SAOCOM HV,-17.7
334320600400967070,11.33,SAOCOM HV,-17.079
334320600400967071,5.23,SAOCOM HV,-16.346
334320600400967072,6.88,SAOCOM HV,-17.244
334320600400967073,4.11,SAOCOM HV,-17.562
334320600400967074,5.5,SAOCOM HV,-18.118
334320600400967075,19.27,SAOCOM HV,-18.03
334320600400967076,26.15,SAOCOM HV,-16.744
334320600400967077,20.84,SAOCOM HV,-15.958
334320600400967078,24.8,SAOCOM HV,-15.887
334320600400967079,26.49,SAOCOM HV,-17.417
334320600400967080,8.98,SAOCOM HV,-19.104
334320600400967081,8.26,SAOCOM HV,-18.623
334320600400967082,25.1,SAOCOM HV,-16.235
334320600400967083,20.13,SAOCOM HV,-15.469
334320600400967084,13.39,SAOCOM HV,-15.44
334320600400967085,29.67,SAOCOM HV,-15.793
334320600400967086,25.07,SAOCOM HV,-16.102
334320600400967087,21.36,SAOCOM HV,-17.857
334320600400967088,3.51,SAOCOM HV,-18.295
334320600400967089,3.89,SAOCOM HV,-17.398
334320600400967090,6.51,SAOCOM HV,-16.604
334320600400967091,15.9,SAOCOM HV,-16.087
334320600400967092,12.34,SAOCOM HV,-16.757
334320600400967093,4.64,SAOCOM HV,-17.392
334320600400967094,2.35,SAOCOM HV,-16.968
334320600400967095,13.28,SAOCOM HV,-16.326
334320600400967096,7.37,SAOCOM HV,-15.778
334320600400967097,6.88,SAOCOM HV,-15.541
334320600400967098,18.56,SAOCOM HV,-15.986
334320600400967099,8.12,SAOCOM HV,-17.537
334320600400967101,5.8,SAOCOM HV,-20.074
334320800400262635,28.05,SAOCOM HV,-18.226
334320800400262636,21.8,SAOCOM HV,-17.009
334320800400262637,25.36,SAOCOM HV,-16.984
334320800400262638,8.19,SAOCOM HV,-17.919
334320800400262639,6.02,SAOCOM HV,-18.577
334320800400262640,4.82,SAOCOM HV,-18.717
334320800400262641,6.65,SAOCOM HV,-18.225
334320800400262642,3.29,SAOCOM HV,-17.616
334320800400262643,4.0,SAOCOM HV,-18.008
334320800400262644,5.87,SAOCOM HV,-18.466
334320800400262645,3.44,SAOCOM HV,-18.764
334320800400262646,8.52,SAOCOM HV,-18.637
334320800400262647,6.77,SAOCOM HV,-18.577
334320800400262648,5.57,SAOCOM HV,-18.631
334320800400262649,8.45,SAOCOM HV,-20.55
334320800400262651,4.75,SAOCOM HV,-18.072
334320800400262652,20.38,SAOCOM HV,-17.16
334320800400262653,4.75,SAOCOM HV,-17.057
334320800400262654,5.64,SAOCOM HV,-17.157
334320800400262655,3.03,SAOCOM HV,-16.875
334320800400262656,4.37,SAOCOM HV,-17.042
334320800400262657,6.09,SAOCOM HV,-16.538
334320800400262658,6.2,SAOCOM HV,-16.781
334320800400262659,5.79,SAOCOM HV,-16.534
334320800400262660,9.91,SAOCOM HV,-16.469
334320800400262661,9.98,SAOCOM HV,-16.385
334320800400262662,17.95,SAOCOM HV,-16.707
334320800400262663,5.46,SAOCOM HV,-16.889
334320800400262664,9.91,SAOCOM HV,-16.868
334320800400262665,15.52,SAOCOM HV,-16.81
334320800400262666,11.97,SAOCOM HV,-16.73
334320800400262667,6.65,SAOCOM HV,-16.583
334320800400262668,4.97,SAOCOM HV,-16.473
334320800400262669,10.92,SAOCOM HV,-16.255
334320800400262670,8.37,SAOCOM HV,-16.313
334320800400262671,5.83,SAOCOM HV,-16.371
334320800400262672,4.15,SAOCOM HV,-16.25
334321100400257537,7.55,SAOCOM HV,-17.533
334321100400257538,8.08,SAOCOM HV,-17.436
334321100400257539,4.52,SAOCOM HV,-17.557
334321100400257540,9.16,SAOCOM HV,-17.746
334321100400257541,16.16,SAOCOM HV,-19.391
334321100400257542,9.01,SAOCOM HV,-20.044
334321100400257543,9.95,SAOCOM HV,-19.509
334321100400257544,6.69,SAOCOM HV,-18.772
334321100400257545,5.31,SAOCOM HV,-18.506
334321100400257546,7.33,SAOCOM HV,-18.738
334321100400257547,5.23,SAOCOM HV,-18.714
334321100400257548,4.3,SAOCOM HV,-18.308
334321100400257549,4.04,SAOCOM HV,-17.596
340730000400262456,18.95,SAOCOM HV,-18.034
340730000400262457,18.69,SAOCOM HV,-19.624
340730000400262458,11.59,SAOCOM HV,-19.215
340730000400262459,10.73,SAOCOM HV,-18.233
340730000400262460,9.98,SAOCOM HV,-17.984
340730000400262461,11.25,SAOCOM HV,-18.331
340730000400262463,2.24,SAOCOM HV,-18.554
340730000400262464,12.15,SAOCOM HV,-17.946
340730000400262465,12.45,SAOCOM HV,-17.846
340730000400262466,8.97,SAOCOM HV,-18.006
340730000400262472,11.43,SAOCOM HV,-16.982
340730000400262474,4.67,SAOCOM HV,-17.92
340730100400258033,12.07,SAOCOM HV,-16.485
340730100400258034,11.32,SAOCOM HV,-16.861
340730100400258036,3.47,SAOCOM HV,-16.922
340730100400258038,2.95,SAOCOM HV,-17.047
340730100400258040,6.76,SAOCOM HV,-16.722
340730100400258041,11.47,SAOCOM HV,-16.293
340730100400258042,8.37,SAOCOM HV,-16.419
340730100400258043,4.71,SAOCOM HV,-16.091
340730100400258044,6.24,SAOCOM HV,-16.236
340730200400263066,2.61,SAOCOM HV,-18.475
340730200400263069,9.31,SAOCOM HV,-17.482
340730200400263085,3.44,SAOCOM HV,-17.103
340730300400257952,13.31,SAOCOM HV,-20.935
340730300400257953,10.88,SAOCOM HV,-19.192
340730300400257954,7.47,SAOCOM HV,-17.706
340730300400257984,4.86,SAOCOM HV,-16.937
340730300400257985,8.26,SAOCOM HV,-16.846
340730300400257986,5.83,SAOCOM HV,-16.79
340730300400257987,8.86,SAOCOM HV,-16.794
340730300400257988,9.79,SAOCOM HV,-16.897
340730300400257989,12.75,SAOCOM HV,-16.866
340730300400257990,15.63,SAOCOM HV,-16.431
340730300400257991,6.69,SAOCOM HV,-16.986
340730300400257992,16.15,SAOCOM HV,-17.652
340730300400257993,12.07,SAOCOM HV,-18.157
340730300400257994,11.03,SAOCOM HV,-18.675
340730300400257995,7.18,SAOCOM HV,-18.791
340730500400257846,9.23,SAOCOM HV,-16.834
340730500400257847,8.41,SAOCOM HV,-17.122
340730500400257848,5.71,SAOCOM HV,-16.896
340730500400257849,6.09,SAOCOM HV,-16.564
340730500400257850,5.94,SAOCOM HV,-16.906
340730500400257851,5.15,SAOCOM HV,-17.255
340730500400257852,20.48,SAOCOM HV,-19.236
340730500400257853,2.2,SAOCOM HV,-20.5
340730500400257854,6.35,SAOCOM HV,-19.778
340730500400257855,19.47,SAOCOM HV,-20.906
340730500400257856,5.45,SAOCOM HV,-21.44
340730500400257857,6.95,SAOCOM HV,-23.048
340730500400257858,7.77,SAOCOM HV,-23.947
340730500400257859,4.37,SAOCOM HV,-23.704
340730500400257860,8.41,SAOCOM HV,-23.318
340730500400257861,14.84,SAOCOM HV,-21.266
340730500400257862,7.85,SAOCOM HV,-17.859
340730500400257863,19.58,SAOCOM HV,-16.231
340730500400257864,20.11,SAOCOM HV,-16.107
340730500400257865,17.83,SAOCOM HV,-16.298
340730500400257866,14.16,SAOCOM HV,-15.971
340730500400257867,19.29,SAOCOM HV,-15.942
340730500400257868,14.57,SAOCOM HV,-17.126
340730500400257869,23.47,SAOCOM HV,-16.739
340730500400257880,10.57,SAOCOM HV,-17.455
340730500400257881,17.34,SAOCOM HV,-16.945
340730500400257882,16.56,SAOCOM HV,-15.903
340730500400257884,13.79,SAOCOM HV,-15.773
340730500400257885,7.14,SAOCOM HV,-16.02
340730500400257886,16.11,SAOCOM HV,-17.094
340730500400257887,11.88,SAOCOM HV,-17.548
340730500400257888,7.85,SAOCOM HV,-16.425
340730500400257889,6.09,SAOCOM HV,-15.649
340730600400970055,4.71,SAOCOM HV,-17.933
340730600400970056,26.31,SAOCOM HV,-16.709
340730600400970063,21.38,SAOCOM HV,-16.067
340730600400970064,17.12,SAOCOM HV,-15.222
340730600400970065,17.01,SAOCOM HV,-15.331
340730600400970066,31.21,SAOCOM HV,-15.724
340730600400970067,17.23,SAOCOM HV,-17.059
340730600400970068,2.57,SAOCOM HV,-18.308
340730600400970069,2.95,SAOCOM HV,-17.348
340730600400970070,8.33,SAOCOM HV,-16.594
340730600400970071,11.55,SAOCOM HV,-16.413
340730600400970072,13.75,SAOCOM HV,-16.811
340730600400970073,3.1,SAOCOM HV,-17.365
340730600400970075,15.21,SAOCOM HV,-16.156
340730600400970076,4.26,SAOCOM HV,-15.95
356600000400197094,3.25,SAOCOM HV,-18.712
356600000400197102,5.27,SAOCOM HV,-18.883
356600000400197105,2.77,SAOCOM HV,-17.8
356600000400197116,2.84,SAOCOM HV,-17.402
356600000400197149,3.22,SAOCOM HV,-16.559
356600100400192436,3.96,SAOCOM HV,-19.954
356600100400192468,3.07,SAOCOM HV,-19.144
356600100400192471,4.53,SAOCOM HV,-18.78
356600100400192480,4.0,SAOCOM HV,-17.708
356600100400192483,3.4,SAOCOM HV,-18.071
356600100400192484,3.74,SAOCOM HV,-17.473
356600100400192485,5.31,SAOCOM HV,-17.118
356600100400192486,3.55,SAOCOM HV,-17.051
356600100400192487,4.41,SAOCOM HV,-17.373
356600100400192489,4.53,SAOCOM HV,-17.554
356600100400192491,6.77,SAOCOM HV,-17.953
356600100400192492,8.57,SAOCOM HV,-18.01
356600100400192493,4.19,SAOCOM HV,-17.524
356600100400192496,4.08,SAOCOM HV,-17.539
356600100400192538,2.77,SAOCOM HV,-16.982
356600200400197666,3.59,SAOCOM HV,-18.499
356600200400197717,4.0,SAOCOM HV,-17.435
356600200400197718,3.93,SAOCOM HV,-17.214
356600200400197722,3.14,SAOCOM HV,-17.283
356600200400197723,3.37,SAOCOM HV,-17.502
356600200400197728,3.78,SAOCOM HV,-17.09
356600200400197729,3.52,SAOCOM HV,-16.959
356600200400197730,3.59,SAOCOM HV,-17.099
356600200400197745,18.94,SAOCOM HV,-15.86
356600200400197748,18.5,SAOCOM HV,-15.817
356600200400197750,18.76,SAOCOM HV,-16.029
356600200400197751,22.13,SAOCOM HV,-16.002
356600200400197752,20.29,SAOCOM HV,-15.871
356600200400197754,20.18,SAOCOM HV,-15.952
356600200400197755,18.05,SAOCOM HV,-15.744
356600200400197757,14.3,SAOCOM HV,-16.157
356600200400197758,18.46,SAOCOM HV,-16.625
356600200400197760,20.74,SAOCOM HV,-18.936
356600200400197761,18.23,SAOCOM HV,-22.018
356600300400192470,3.29,SAOCOM HV,-18.397
356600300400192475,10.44,SAOCOM HV,-16.397
356600300400192485,7.67,SAOCOM HV,-17.126
356600300400192557,2.8,SAOCOM HV,-17.455
356600300400192560,2.99,SAOCOM HV,-16.926
356600300400192565,3.96,SAOCOM HV,-17.109
356600300400192566,3.93,SAOCOM HV,-17.079
356600300400192571,22.73,SAOCOM HV,-16.567
356600300400192573,16.62,SAOCOM HV,-16.561
356600300400192575,19.1,SAOCOM HV,-17.269
356600300400192578,20.14,SAOCOM HV,-16.287
356600300400192579,18.35,SAOCOM HV,-16.495
356600300400192584,24.3,SAOCOM HV,-15.557
356600300400192587,19.21,SAOCOM HV,-15.922
356600300400192588,21.27,SAOCOM HV,-15.953
356600300400192589,22.77,SAOCOM HV,-15.943
356600300400192590,24.08,SAOCOM HV,-16.235
356600300400192591,23.03,SAOCOM HV,-16.164
356600300400192592,24.45,SAOCOM HV,-16.221
356600300400192593,20.93,SAOCOM HV,-16.545
356600300400192594,18.05,SAOCOM HV,-16.499
356600300400192595,17.86,SAOCOM HV,-16.294
356600300400192596,25.8,SAOCOM HV,-16.666
356600300400192597,19.51,SAOCOM HV,-16.416
356600300400192598,18.61,SAOCOM HV,-16.635
356600300400192599,16.55,SAOCOM HV,-16.972
356600300400192600,13.59,SAOCOM HV,-16.747
356600300400192601,18.31,SAOCOM HV,-16.42
356600300400192602,17.63,SAOCOM HV,-17.167
356600300400192603,24.0,SAOCOM HV,-17.693
356600300400192604,22.54,SAOCOM HV,-16.909
356600300400192605,21.23,SAOCOM HV,-16.236
356600300400192606,21.75,SAOCOM HV,-15.998
356600300400192607,19.92,SAOCOM HV,-15.871
356600300400192608,23.66,SAOCOM HV,-15.832
356600300400192609,24.34,SAOCOM HV,-15.557
356600300400192610,20.44,SAOCOM HV,-15.745
356600300400192611,26.36,SAOCOM HV,-16.171
356600300400192612,20.26,SAOCOM HV,-17.608
356600300400192616,20.03,SAOCOM HV,-19.453
356600300400192622,10.93,SAOCOM HV,-17.42
356600500400192354,2.24,SAOCOM HV,-21.742
356600500400192356,7.48,SAOCOM HV,-20.118
356600500400192357,4.0,SAOCOM HV,-19.623
356600500400192358,3.22,SAOCOM HV,-19.281
356600500400192359,4.08,SAOCOM HV,-19.34
356600500400192360,3.66,SAOCOM HV,-19.009
356600500400192361,4.23,SAOCOM HV,-18.348
356600500400192362,4.49,SAOCOM HV,-18.993
356600500400192363,4.34,SAOCOM HV,-19.043
356600500400192364,4.94,SAOCOM HV,-18.625
356600500400192378,3.18,SAOCOM HV,-19.639
356600500400192379,2.73,SAOCOM HV,-19.548
356600500400192382,5.91,SAOCOM HV,-18.657
356600500400192383,7.52,SAOCOM HV,-18.284
356600500400192384,3.33,SAOCOM HV,-18.125
356600500400192385,4.11,SAOCOM HV,-18.436
356600500400192386,2.8,SAOCOM HV,-19.671
356600500400192387,3.29,SAOCOM HV,-20.067
356600500400192388,4.56,SAOCOM HV,-19.623
356600500400192389,5.91,SAOCOM HV,-19.347
356600500400192390,6.59,SAOCOM HV,-19.487
356600500400192391,4.04,SAOCOM HV,-19.571
356600500400192392,5.46,SAOCOM HV,-19.391
356600500400192393,6.92,SAOCOM HV,-19.315
356600500400192394,5.72,SAOCOM HV,-19.795
356600500400192395,7.11,SAOCOM HV,-21.036
356600500400192396,5.13,SAOCOM HV,-21.703
356600500400192421,3.4,SAOCOM HV,-17.495
356600500400192422,4.23,SAOCOM HV,-18.062
356600500400192423,5.61,SAOCOM HV,-17.32
356600500400192424,4.04,SAOCOM HV,-16.675
356600500400192425,4.64,SAOCOM HV,-16.389
356600500400192426,3.18,SAOCOM HV,-16.571
356600500400192427,4.23,SAOCOM HV,-16.666
356600500400192428,3.93,SAOCOM HV,-16.659
356600500400192429,4.19,SAOCOM HV,-16.296
356600500400192430,3.25,SAOCOM HV,-16.298
356600500400192431,3.07,SAOCOM HV,-16.349
356600500400192434,2.65,SAOCOM HV,-16.525
356600500400192435,4.19,SAOCOM HV,-16.642
356600500400192436,2.8,SAOCOM HV,-15.847
356600500400192437,22.84,SAOCOM HV,-15.665
356600500400192438,26.28,SAOCOM HV,-15.864
356600500400192439,24.11,SAOCOM HV,-16.116
356600500400192440,11.42,SAOCOM HV,-16.482
356600500400192441,2.32,SAOCOM HV,-17.0
356600500400192442,2.47,SAOCOM HV,-16.707
356600500400192443,2.95,SAOCOM HV,-16.668
356600500400192444,7.48,SAOCOM HV,-17.149
356600500400192445,2.92,SAOCOM HV,-17.363
356600500400192446,2.32,SAOCOM HV,-17.468
356600500400192447,2.58,SAOCOM HV,-17.853
356600500400192448,2.54,SAOCOM HV,-18.156
356600500400192449,4.11,SAOCOM HV,-18.1
356600500400192450,3.4,SAOCOM HV,-17.919
356600500400192451,2.54,SAOCOM HV,-17.873
356600500400192452,2.8,SAOCOM HV,-17.76
356600500400192453,3.48,SAOCOM HV,-18.071
356600500400192454,18.31,SAOCOM HV,-18.24
356600500400192455,5.2,SAOCOM HV,-18.235
356600500400192456,2.28,SAOCOM HV,-17.457
356600500400192457,20.52,SAOCOM HV,-16.94
356600500400192458,23.32,SAOCOM HV,-16.302
356600500400192459,22.87,SAOCOM HV,-15.938
356600500400192460,23.1,SAOCOM HV,-16.955
356600500400192461,19.8,SAOCOM HV,-18.367
356600500400192462,2.09,SAOCOM HV,-19.535
356600500400192463,5.46,SAOCOM HV,-20.194
356600500400192464,3.7,SAOCOM HV,-19.008
356600500400192465,4.68,SAOCOM HV,-18.711
356600500400192466,4.04,SAOCOM HV,-18.955
356600500400192467,2.5,SAOCOM HV,-19.052
356600500400192468,3.14,SAOCOM HV,-18.099
356600500400192469,12.5,SAOCOM HV,-17.365
356600500400192470,21.04,SAOCOM HV,-17.074
356600500400192471,19.13,SAOCOM HV,-18.275
356600500400192472,2.92,SAOCOM HV,-20.116
356600600401033474,4.11,SAOCOM HV,-19.643
356600600401033475,3.29,SAOCOM HV,-19.585
356600600401033476,5.87,SAOCOM HV,-19.846
356600600401033477,6.81,SAOCOM HV,-19.543
356600600401033478,4.15,SAOCOM HV,-18.679
356600600401033479,4.0,SAOCOM HV,-18.866
356600600401033499,8.46,SAOCOM HV,-20.021
356600600401033500,7.56,SAOCOM HV,-19.998
356600600401033501,4.71,SAOCOM HV,-19.139
356600600401033502,6.1,SAOCOM HV,-17.904
356600600401033504,3.22,SAOCOM HV,-16.856
356600600401033505,4.08,SAOCOM HV,-17.367
356600600401033506,2.92,SAOCOM HV,-17.917
356600600401033507,2.73,SAOCOM HV,-17.304
356600600401033508,2.47,SAOCOM HV,-16.903
356600600401033509,3.29,SAOCOM HV,-16.956
356600600401033510,2.5,SAOCOM HV,-17.665
356600600401033511,2.8,SAOCOM HV,-17.458
356600600401033512,2.95,SAOCOM HV,-17.377
356600600401033513,2.69,SAOCOM HV,-17.444
356600600401033533,2.32,SAOCOM HV,-16.926
356600600401033534,2.92,SAOCOM HV,-16.963
356600600401033536,2.35,SAOCOM HV,-16.883
356600600401033537,2.58,SAOCOM HV,-16.589
356600600401033538,2.99,SAOCOM HV,-16.872
356600600401033539,2.43,SAOCOM HV,-17.322
356600600401033540,3.96,SAOCOM HV,-17.668
356600600401033541,3.29,SAOCOM HV,-18.166
356600600401033542,2.5,SAOCOM HV,-18.302
356600600401033543,3.18,SAOCOM HV,-18.079
356600600401033544,2.73,SAOCOM HV,-18.192
356600600401033545,2.73,SAOCOM HV,-18.748
356600600401033546,3.52,SAOCOM HV,-19.322
356600600401033547,2.54,SAOCOM HV,-19.701
356600600401033548,3.55,SAOCOM HV,-18.837
356600600401033550,2.47,SAOCOM HV,-17.086
356600600401033551,2.8,SAOCOM HV,-16.952
356600600401033552,2.88,SAOCOM HV,-16.727
356600600401033553,2.77,SAOCOM HV,-16.998
356600600401033554,5.42,SAOCOM HV,-17.56
356600600401033555,2.92,SAOCOM HV,-17.927
356600600401033556,19.43,SAOCOM HV,-16.633
356600600401033557,27.41,SAOCOM HV,-16.125
356600600401033558,35.57,SAOCOM HV,-16.262
356600600401033559,32.31,SAOCOM HV,-16.346
356600600401033560,27.56,SAOCOM HV,-16.276
356600600401033561,23.81,SAOCOM HV,-16.29
356600600401033562,25.01,SAOCOM HV,-16.254
356600600401033563,25.12,SAOCOM HV,-15.901
356600600401033564,23.4,SAOCOM HV,-15.391
356600600401033565,22.39,SAOCOM HV,-15.284
356600600401033566,22.09,SAOCOM HV,-15.758
356600600401033567,22.73,SAOCOM HV,-15.997
356600600401033568,21.98,SAOCOM HV,-16.077
356600600401033569,23.36,SAOCOM HV,-16.747
356600600401033570,2.28,SAOCOM HV,-17.344
356600600401033571,3.18,SAOCOM HV,-17.323
356600600401033572,3.03,SAOCOM HV,-16.776
356600600401033573,2.58,SAOCOM HV,-17.244
356600600401033574,3.63,SAOCOM HV,-18.412
356600600401033575,2.92,SAOCOM HV,-20.098
356600600401033576,3.4,SAOCOM HV,-22.062
356600600401033577,2.02,SAOCOM HV,-24.68
356600600401033578,2.02,SAOCOM HV,-24.555
356600600401033579,2.54,SAOCOM HV,-22.05
356600600401033580,3.14,SAOCOM HV,-21.32
356600600401033581,2.5,SAOCOM HV,-20.77
356600600401033582,5.05,SAOCOM HV,-20.659
356600600401033583,2.73,SAOCOM HV,-20.322
356600600401033610,16.43,SAOCOM HV,-16.74
356600600401033611,14.6,SAOCOM HV,-17.106
356600600401033612,2.5,SAOCOM HV,-17.421
356600600401033613,2.73,SAOCOM HV,-17.922
356600600401033614,2.32,SAOCOM HV,-17.398
356600600401033615,2.43,SAOCOM HV,-17.422
356600600401033616,3.1,SAOCOM HV,-17.644
356600600401033617,2.92,SAOCOM HV,-17.952
356600600401033618,3.22,SAOCOM HV,-18.163
356600600401033619,3.44,SAOCOM HV,-17.969
356600600401033620,3.18,SAOCOM HV,-17.898
356600800400197103,5.99,SAOCOM HV,-17.142
356600800400197104,11.9,SAOCOM HV,-16.79
356600800400197105,9.65,SAOCOM HV,-16.66
356600800400197106,10.55,SAOCOM HV,-16.589
356600800400197114,5.5,SAOCOM HV,-18.149
356600800400197115,3.78,SAOCOM HV,-18.359
356600800400197177,4.53,SAOCOM HV,-17.796
356600800400197178,3.89,SAOCOM HV,-18.194
356600800400197180,8.08,SAOCOM HV,-18.681
356600800400197181,5.16,SAOCOM HV,-17.692
356600800400197182,8.79,SAOCOM HV,-17.578
356600800400197183,5.8,SAOCOM HV,-17.594
356600800400197184,11.38,SAOCOM HV,-18.15
356600800400197186,4.34,SAOCOM HV,-17.915
356600800400197187,5.35,SAOCOM HV,-17.797
356600800400197188,12.35,SAOCOM HV,-17.956
356600800400197189,3.29,SAOCOM HV,-17.595
356600800400197190,12.8,SAOCOM HV,-17.427
356600800400197191,5.35,SAOCOM HV,-17.633
356600800400197192,8.01,SAOCOM HV,-17.912
356600800400197193,20.44,SAOCOM HV,-17.36
356600800400197194,5.35,SAOCOM HV,-17.484
356600800400197195,4.23,SAOCOM HV,-18.007
356600800400197196,4.15,SAOCOM HV,-18.268
356600800400197197,3.96,SAOCOM HV,-18.515
356600800400197198,2.92,SAOCOM HV,-18.19
356600800400197199,4.23,SAOCOM HV,-17.996
356600800400197200,9.58,SAOCOM HV,-17.162
356600800400197210,5.8,SAOCOM HV,-19.365
356600800400197211,3.81,SAOCOM HV,-18.766
356600800400197212,5.76,SAOCOM HV,-18.791
356600800400197213,5.27,SAOCOM HV,-19.151
356600800400197214,3.78,SAOCOM HV,-19.029
356600800400197215,3.25,SAOCOM HV,-18.248
356600800400197216,4.04,SAOCOM HV,-17.987
356600800400197219,2.69,SAOCOM HV,-17.404
356600800400197222,3.48,SAOCOM HV,-16.408
356600800400197225,4.3,SAOCOM HV,-17.227
356600800400197226,4.19,SAOCOM HV,-16.928
356600800400197227,4.23,SAOCOM HV,-16.959
356600800400197228,3.93,SAOCOM HV,-16.708
356600800400197229,14.93,SAOCOM HV,-16.032
356600800400197230,22.72,SAOCOM HV,-15.837
356600800400197231,4.49,SAOCOM HV,-15.769
356600800400197232,13.14,SAOCOM HV,-15.742
356600800400197233,13.55,SAOCOM HV,-15.912
356600800400197234,13.32,SAOCOM HV,-17.071
356600800400197235,4.11,SAOCOM HV,-17.545
356600800400197236,2.43,SAOCOM HV,-17.48
356600800400197237,4.45,SAOCOM HV,-16.944
356600800400197238,3.4,SAOCOM HV,-16.484
356600800400197239,6.73,SAOCOM HV,-16.051
356600800400197240,3.51,SAOCOM HV,-15.923
356600800400197241,5.05,SAOCOM HV,-16.097
356600800400197242,11.68,SAOCOM HV,-16.078
356600800400197246,17.22,SAOCOM HV,-15.64
356600800400197248,20.51,SAOCOM HV,-16.416
356600800400197249,24.41,SAOCOM HV,-16.671
356600800400197250,18.27,SAOCOM HV,-16.767
356600800400197251,3.51,SAOCOM HV,-17.206
356600800400197252,2.5,SAOCOM HV,-17.387
356600800400197253,2.84,SAOCOM HV,-17.354
356600800400197254,3.44,SAOCOM HV,-17.88
356600800400197255,3.85,SAOCOM HV,-18.523
356600800400197256,2.24,SAOCOM HV,-18.065
356600800400197257,3.25,SAOCOM HV,-18.571
356600800400197258,5.57,SAOCOM HV,-19.954
356600800400197259,2.39,SAOCOM HV,-20.096
356600800400197260,5.09,SAOCOM HV,-18.944
356600800400197261,2.84,SAOCOM HV,-17.62
356600800400197262,3.36,SAOCOM HV,-17.392
356600800400197263,3.63,SAOCOM HV,-16.999
356600800400197264,3.44,SAOCOM HV,-16.95
356600800400197265,2.77,SAOCOM HV,-16.884
356600800400197266,2.8,SAOCOM HV,-17.133
356600800400197267,3.96,SAOCOM HV,-17.3
356600800400197268,2.8,SAOCOM HV,-17.048
356600800400197275,2.69,SAOCOM HV,-18.316
356600800400197277,2.58,SAOCOM HV,-17.913
356600800400197278,2.95,SAOCOM HV,-17.811
356600800400197279,4.41,SAOCOM HV,-18.045
356600800400197287,3.25,SAOCOM HV,-17.024
356600800400197288,2.84,SAOCOM HV,-17.095
356600800400197289,2.92,SAOCOM HV,-17.563
356600800400197290,2.5,SAOCOM HV,-18.454
356600800400197291,4.11,SAOCOM HV,-18.595
356600800400197292,2.58,SAOCOM HV,-18.004
356600800400197302,19.24,SAOCOM HV,-16.768
356600800400197326,3.51,SAOCOM HV,-17.923
356600800400197327,2.77,SAOCOM HV,-17.77
356600800400197328,4.19,SAOCOM HV,-17.525
356600800400197329,2.95,SAOCOM HV,-17.72
356600800400197330,5.39,SAOCOM HV,-18.121
356600800400197331,3.25,SAOCOM HV,-18.583
356600800400197334,4.04,SAOCOM HV,-18.991
356600800400197335,4.86,SAOCOM HV,-18.878
356600800400197336,3.66,SAOCOM HV,-18.499
356600800400197337,5.42,SAOCOM HV,-18.69
356600800400197338,2.92,SAOCOM HV,-19.631
356600800400197339,2.95,SAOCOM HV,-19.982
356600800400197340,3.4,SAOCOM HV,-19.647
356600800400197341,3.03,SAOCOM HV,-19.218
356600800400197342,2.88,SAOCOM HV,-18.247
356600800400197343,3.89,SAOCOM HV,-17.661
356600800400197344,2.69,SAOCOM HV,-17.388
356600800400197345,2.88,SAOCOM HV,-17.8
356600800400197346,3.7,SAOCOM HV,-17.815
356600800400197347,3.4,SAOCOM HV,-18.675
356600800400197348,2.62,SAOCOM HV,-19.042
356600800400197349,2.8,SAOCOM HV,-18.611
356601100400191849,2.13,SAOCOM HV,-18.61
356601100400191854,6.81,SAOCOM HV,-17.373
356601100400191855,5.61,SAOCOM HV,-17.551
356601100400191856,4.45,SAOCOM HV,-17.397
356601100400191857,4.04,SAOCOM HV,-17.028
356601100400191858,9.8,SAOCOM HV,-16.782
356601100400191859,6.02,SAOCOM HV,-16.553
356601100400191860,8.31,SAOCOM HV,-16.538
356601100400191861,11.04,SAOCOM HV,-16.43
356601100400191887,4.11,SAOCOM HV,-18.645
356601100400191907,8.98,SAOCOM HV,-17.518
356601100400191908,7.82,SAOCOM HV,-17.533
356601100400191909,6.7,SAOCOM HV,-17.851
356601100400191910,5.01,SAOCOM HV,-19.104
356601100400191911,3.59,SAOCOM HV,-19.9
356601100400191912,3.78,SAOCOM HV,-20.166
356601100400191913,5.61,SAOCOM HV,-20.549
356601100400191914,3.63,SAOCOM HV,-20.491
356601100400191915,2.73,SAOCOM HV,-21.402
356601100400191916,2.77,SAOCOM HV,-21.238
356601100400191917,2.58,SAOCOM HV,-20.117
356601100400191918,4.11,SAOCOM HV,-19.14
356601100400191919,5.01,SAOCOM HV,-18.613
356601100400191920,4.83,SAOCOM HV,-18.58
356601100400191928,15.27,SAOCOM HV,-17.382
356601100400191929,4.26,SAOCOM HV,-17.224
356601100400191930,3.85,SAOCOM HV,-17.161
356601100400191931,4.19,SAOCOM HV,-16.968
356601100400191932,6.51,SAOCOM HV,-17.124
356601100400191933,8.12,SAOCOM HV,-18.079
356601100400191934,7.3,SAOCOM HV,-19.651
356601100400191935,3.59,SAOCOM HV,-20.916
356601100400191936,5.65,SAOCOM HV,-19.726
356601100400191964,9.84,SAOCOM HV,-17.438
356601100400191965,5.61,SAOCOM HV,-17.967
356601100400191966,3.22,SAOCOM HV,-17.622
356601100400191967,4.26,SAOCOM HV,-17.494
356601100400191968,10.1,SAOCOM HV,-17.65
356601100400191969,3.03,SAOCOM HV,-17.426
356601100400191970,3.18,SAOCOM HV,-17.222
356601100400191971,4.04,SAOCOM HV,-17.287
356601100400191972,7.63,SAOCOM HV,-17.2
356601100400191973,5.76,SAOCOM HV,-17.11
356601100400191974,20.89,SAOCOM HV,-16.775
356601100400191975,7.9,SAOCOM HV,-16.655
356601100400191976,12.69,SAOCOM HV,-16.307
356601100400191977,4.6,SAOCOM HV,-16.355
356601100400191978,6.62,SAOCOM HV,-16.68
356601100400191979,4.3,SAOCOM HV,-17.337
356601100400191980,11.0,SAOCOM HV,-16.694
356601100400191981,21.49,SAOCOM HV,-16.331
356601100400191982,24.26,SAOCOM HV,-15.514
356601100400191986,4.97,SAOCOM HV,-16.866
356601100400191987,3.59,SAOCOM HV,-17.463
356601100400191988,3.1,SAOCOM HV,-17.275
356601100400191989,4.34,SAOCOM HV,-17.27
356601100400191990,4.08,SAOCOM HV,-16.656
356601100400191997,2.54,SAOCOM HV,-18.061
356601100400192061,6.25,SAOCOM HV,-18.558
356601100400192062,3.96,SAOCOM HV,-17.592
356601100400192063,4.6,SAOCOM HV,-18.216
356601100400192064,6.47,SAOCOM HV,-19.998
356601100400192065,3.48,SAOCOM HV,-20.264
356601100400192066,3.18,SAOCOM HV,-20.482
356601100400192067,3.78,SAOCOM HV,-21.534
356601100400192068,2.65,SAOCOM HV,-22.974
356601100400192069,2.17,SAOCOM HV,-20.928
356601100400192070,7.78,SAOCOM HV,-18.966
356601100400192071,18.01,SAOCOM HV,-17.692
356601100400192072,19.43,SAOCOM HV,-17.002
356601100400192073,18.27,SAOCOM HV,-16.995
356601100400192074,3.66,SAOCOM HV,-17.581
356601100400192078,3.59,SAOCOM HV,-19.315
356601100400192079,3.18,SAOCOM HV,-19.175
356601100400192080,3.29,SAOCOM HV,-19.02
356601100400192081,2.77,SAOCOM HV,-19.073
356601100400192082,3.7,SAOCOM HV,-19.76
356601100400192083,4.75,SAOCOM HV,-20.396
356601100400192084,2.43,SAOCOM HV,-20.295
356601100400192085,2.54,SAOCOM HV,-20.042
356601100400192086,4.49,SAOCOM HV,-20.257
356601100400192087,8.53,SAOCOM HV,-18.925
356601100400192088,3.85,SAOCOM HV,-18.642
356601100400192089,2.99,SAOCOM HV,-18.57
356601100400192090,10.37,SAOCOM HV,-18.758
356601100400192091,4.9,SAOCOM HV,-17.986
356601100400192092,11.75,SAOCOM HV,-17.54
356601100400192093,2.99,SAOCOM HV,-18.174
356601100400192094,2.54,SAOCOM HV,-19.211
356601100400192095,2.54,SAOCOM HV,-18.742
356601100400192096,2.54,SAOCOM HV,-18.093
356601100400192097,4.45,SAOCOM HV,-18.471
334320000400262741,15.08,NISAR HH,-6.028
334320000400262742,18.44,NISAR HH,-5.987
334320000400262746,16.98,NISAR HH,-5.672
334320000400262747,20.32,NISAR HH,-5.904
334320000400262749,19.16,NISAR HH,-6.644
334320000400262750,15.79,NISAR HH,-6.83
334320000400262754,4.6,NISAR HH,-6.095
334320000400262764,14.25,NISAR HH,-5.46
334320000400262766,22.75,NISAR HH,-5.726
334320000400262773,12.12,NISAR HH,-6.547
334320000400262785,7.03,NISAR HH,-7.575
334320000400262792,5.87,NISAR HH,-7.623
334320000400262799,2.28,NISAR HH,-7.516
334320000400262809,14.18,NISAR HH,-6.264
334320000400262812,27.28,NISAR HH,-5.788
334320000400262814,5.27,NISAR HH,-5.48
334320000400262815,25.29,NISAR HH,-5.492
334320000400262856,10.32,NISAR HH,-8.333
334320000400262858,16.91,NISAR HH,-8.089
334320000400262859,19.64,NISAR HH,-6.777
334320000400262865,13.02,NISAR HH,-6.016
334320000400262866,24.84,NISAR HH,-6.115
334320000400262877,10.06,NISAR HH,-6.513
334320000400262880,22.0,NISAR HH,-5.848
334320000400262881,24.88,NISAR HH,-5.893
334320000400262885,10.59,NISAR HH,-6.671
334320000400262886,11.11,NISAR HH,-6.303
334320000400262903,10.29,NISAR HH,-5.265
334320000400262904,13.02,NISAR HH,-5.221
334320000400262905,16.09,NISAR HH,-5.788
334320000400262908,14.25,NISAR HH,-6.066
334320000400262910,12.98,NISAR HH,-6.436
334320000400262917,23.61,NISAR HH,-5.874
334320100400258132,10.62,NISAR HH,-6.026
334320100400258139,2.35,NISAR HH,-7.77
334320100400258140,8.15,NISAR HH,-7.355
334320100400258143,10.7,NISAR HH,-6.774
334320100400258144,11.48,NISAR HH,-6.603
334320100400258145,7.03,NISAR HH,-6.976
334320100400258154,13.54,NISAR HH,-5.421
334320100400258156,30.42,NISAR HH,-6.161
334320100400258157,23.65,NISAR HH,-6.042
334320100400258158,14.33,NISAR HH,-5.968
334320100400258159,12.61,NISAR HH,-5.708
334320100400258160,23.83,NISAR HH,-5.606
334320100400258161,12.53,NISAR HH,-5.623
334320100400258163,10.14,NISAR HH,-6.085
334320100400258166,7.52,NISAR HH,-6.701
334320100400258180,9.09,NISAR HH,-8.007
334320100400258185,9.5,NISAR HH,-7.63
334320100400258186,9.35,NISAR HH,-7.483
334320100400258188,2.35,NISAR HH,-7.13
334320100400258197,6.47,NISAR HH,-6.934
334320100400258200,11.03,NISAR HH,-6.056
334320100400258201,11.82,NISAR HH,-5.968
334320100400258205,7.55,NISAR HH,-7.227
334320100400258208,4.26,NISAR HH,-7.584
334320100400258210,7.82,NISAR HH,-8.129
334320100400258211,3.81,NISAR HH,-8.096
334320100400258216,9.01,NISAR HH,-7.667
334320100400258221,10.89,NISAR HH,-6.805
334320100400258227,7.85,NISAR HH,-6.633
334320100400258228,9.01,NISAR HH,-6.776
334320100400258229,4.75,NISAR HH,-7.327
334320100400258235,23.01,NISAR HH,-6.354
334320100400258239,6.69,NISAR HH,-7.924
334320100400258241,11.6,NISAR HH,-10.651
334320100400258244,8.27,NISAR HH,-6.449
334320100400258250,5.95,NISAR HH,-6.202
334320100400258263,13.92,NISAR HH,-6.624
334320100400258266,3.36,NISAR HH,-6.312
334320100400258279,16.42,NISAR HH,-5.991
334320100400258280,22.37,NISAR HH,-5.703
334320100400258281,8.08,NISAR HH,-5.608
334320100400258283,23.61,NISAR HH,-5.378
334320100400258291,21.44,NISAR HH,-5.404
334320100400258292,25.03,NISAR HH,-5.748
334320200400263183,14.03,NISAR HH,-6.366
334320200400263184,15.53,NISAR HH,-6.767
334320200400263185,4.94,NISAR HH,-7.879
334320200400263198,27.32,NISAR HH,-4.941
334320200400263200,18.56,NISAR HH,-5.574
334320200400263202,19.57,NISAR HH,-5.617
334320200400263203,21.26,NISAR HH,-5.59
334320200400263206,16.58,NISAR HH,-5.826
334320200400263209,19.57,NISAR HH,-5.68
334320200400263211,25.11,NISAR HH,-5.859
334320200400263218,2.02,NISAR HH,-7.027
334320200400263220,6.47,NISAR HH,-6.437
334320200400263223,9.46,NISAR HH,-8.396
334320200400263225,17.1,NISAR HH,-8.587
334320200400263226,10.25,NISAR HH,-8.284
334320200400263230,10.4,NISAR HH,-7.486
334320200400263233,4.9,NISAR HH,-7.87
334320200400263235,3.18,NISAR HH,-7.14
334320200400263239,8.57,NISAR HH,-6.812
334320200400263242,5.2,NISAR HH,-6.685
334320200400263243,7.03,NISAR HH,-6.323
334320200400263258,3.59,NISAR HH,-6.855
334320200400263262,20.36,NISAR HH,-5.818
334320200400263263,21.41,NISAR HH,-5.449
334320200400263270,7.03,NISAR HH,-6.343
334320200400263272,23.16,NISAR HH,-6.094
334320200400263274,18.82,NISAR HH,-5.666
334320200400263275,13.54,NISAR HH,-6.049
334320200400263277,25.9,NISAR HH,-6.484
334320200400263279,21.59,NISAR HH,-6.494
334320200400263280,27.28,NISAR HH,-6.126
334320200400263281,16.88,NISAR HH,-6.028
334320200400263282,25.07,NISAR HH,-6.223
334320200400263283,19.65,NISAR HH,-5.935
334320200400263285,25.67,NISAR HH,-6.28
334320200400263286,25.26,NISAR HH,-5.431
334320200400263287,32.71,NISAR HH,-3.895
334320200400263292,8.79,NISAR HH,-4.666
334320200400263304,3.18,NISAR HH,-6.544
334320200400263320,13.4,NISAR HH,-6.043
334320200400263322,14.67,NISAR HH,-6.026
334320200400263325,13.69,NISAR HH,-6.24
334320200400263327,14.29,NISAR HH,-6.025
334320300400258245,14.63,NISAR HH,-5.59
334320300400258247,6.06,NISAR HH,-5.58
334320300400258248,11.86,NISAR HH,-6.199
334320300400258249,12.91,NISAR HH,-6.365
334320300400258251,16.2,NISAR HH,-6.134
334320300400258253,11.0,NISAR HH,-6.678
334320300400258254,6.99,NISAR HH,-6.414
334320300400258255,23.61,NISAR HH,-6.048
334320300400258256,19.12,NISAR HH,-5.65
334320300400258259,26.38,NISAR HH,-5.732
334320300400258260,14.33,NISAR HH,-6.229
334320300400258261,21.93,NISAR HH,-6.064
334320300400258263,11.94,NISAR HH,-5.844
334320300400258264,18.75,NISAR HH,-5.809
334320300400258267,23.84,NISAR HH,-5.97
334320300400258269,16.69,NISAR HH,-4.909
334320300400258270,22.0,NISAR HH,-4.416
334320300400258272,16.91,NISAR HH,-6.433
334320300400258275,8.57,NISAR HH,-6.655
334320300400258279,5.57,NISAR HH,-7.024
334320300400258280,6.84,NISAR HH,-7.003
334320300400258282,12.23,NISAR HH,-6.988
334320300400258284,17.1,NISAR HH,-8.251
334320300400258286,12.46,NISAR HH,-6.967
334320300400258288,8.19,NISAR HH,-7.967
334320300400258290,8.64,NISAR HH,-7.135
334320300400258293,6.4,NISAR HH,-7.123
334320300400258294,4.97,NISAR HH,-6.751
334320300400258305,8.01,NISAR HH,-8.181
334320300400258310,11.26,NISAR HH,-7.887
334320300400258312,15.68,NISAR HH,-8.876
334320300400258313,9.13,NISAR HH,-9.119
334320300400258319,27.73,NISAR HH,-4.964
334320300400258320,22.27,NISAR HH,-5.368
334320300400258324,19.95,NISAR HH,-5.856
334320300400258327,17.92,NISAR HH,-6.012
334320300400258328,18.9,NISAR HH,-6.032
334320300400258330,17.81,NISAR HH,-5.874
334320300400258332,24.51,NISAR HH,-6.015
334320300400258333,14.86,NISAR HH,-6.312
334320300400258335,24.81,NISAR HH,-5.753
334320300400258336,6.99,NISAR HH,-6.026
334320300400258337,4.3,NISAR HH,-6.072
334320300400258338,5.5,NISAR HH,-6.019
334320300400258339,18.11,NISAR HH,-6.167
334320300400258340,4.19,NISAR HH,-6.061
334320300400258343,16.76,NISAR HH,-6.426
334320300400258345,8.9,NISAR HH,-6.344
334320300400258346,9.69,NISAR HH,-6.592
334320300400258347,5.42,NISAR HH,-6.172
334320300400258350,6.43,NISAR HH,-5.614
334320300400258355,2.58,NISAR HH,-7.76
334320300400258360,6.88,NISAR HH,-6.066
334320300400258363,10.63,NISAR HH,-7.149
334320300400258365,2.76,NISAR HH,-10.768
334320300400258366,3.55,NISAR HH,-13.742
334320500400258178,12.68,NISAR HH,-6.919
334320500400258179,13.28,NISAR HH,-7.073
334320500400258180,5.23,NISAR HH,-7.236
334320500400258181,5.35,NISAR HH,-7.022
334320500400258182,6.02,NISAR HH,-6.605
334320500400258183,12.23,NISAR HH,-5.907
334320500400258184,17.25,NISAR HH,-5.607
334320500400258185,16.8,NISAR HH,-5.515
334320500400258186,25.74,NISAR HH,-5.367
334320500400258187,23.72,NISAR HH,-5.118
334320500400258188,29.18,NISAR HH,-5.096
334320500400258189,30.23,NISAR HH,-5.394
334320500400258190,25.22,NISAR HH,-5.044
334320500400258191,26.04,NISAR HH,-5.393
334320500400258192,9.39,NISAR HH,-5.838
334320500400258193,12.57,NISAR HH,-6.036
334320500400258194,14.66,NISAR HH,-6.631
334320500400258195,5.12,NISAR HH,-6.722
334320500400258196,9.16,NISAR HH,-6.369
334320500400258197,9.24,NISAR HH,-5.705
334320500400258198,6.21,NISAR HH,-5.615
334320500400258199,2.24,NISAR HH,-6.428
334320500400258200,6.92,NISAR HH,-7.725
334320500400258201,2.2,NISAR HH,-8.869
334320500400258202,2.09,NISAR HH,-10.842
334320500400258203,2.17,NISAR HH,-13.572
334320500400258204,2.02,NISAR HH,-15.633
334320500400258205,2.02,NISAR HH,-16.899
334320500400258206,2.02,NISAR HH,-17.447
334320500400258207,2.05,NISAR HH,-16.835
334320500400258208,1.98,NISAR HH,-16.255
334320500400258209,2.05,NISAR HH,-16.224
334320500400258210,2.13,NISAR HH,-12.399
334320500400258211,6.13,NISAR HH,-9.573
334320500400258212,8.94,NISAR HH,-8.542
334320500400258213,30.12,NISAR HH,-8.752
334320500400258214,2.69,NISAR HH,-8.335
334320500400258215,3.06,NISAR HH,-7.71
334320500400258216,4.78,NISAR HH,-7.798
334320500400258217,4.07,NISAR HH,-7.873
334320500400258218,3.77,NISAR HH,-7.759
334320500400258219,3.21,NISAR HH,-7.419
334320500400258220,9.5,NISAR HH,-7.439
334320500400258221,4.41,NISAR HH,-7.773
334320500400258222,4.22,NISAR HH,-7.946
334320500400258223,9.05,NISAR HH,-8.462
334320500400258224,7.1,NISAR HH,-8.917
334320500400258225,6.47,NISAR HH,-8.74
334320500400258226,6.36,NISAR HH,-8.5
334320500400258227,8.86,NISAR HH,-8.352
334320500400258228,7.33,NISAR HH,-7.351
334320500400258229,8.38,NISAR HH,-7.066
334320500400258230,23.83,NISAR HH,-7.091
334320500400258231,9.35,NISAR HH,-8.193
334320500400258232,16.2,NISAR HH,-8.771
334320500400258233,4.3,NISAR HH,-8.914
334320500400258234,5.87,NISAR HH,-9.843
334320500400258235,6.58,NISAR HH,-11.062
334320500400258236,7.37,NISAR HH,-11.971
334320500400258237,4.34,NISAR HH,-12.857
334320500400258238,6.88,NISAR HH,-12.363
334320500400258239,7.85,NISAR HH,-10.865
334320500400258240,24.09,NISAR HH,-8.822
334320500400258241,18.11,NISAR HH,-6.975
334320500400258242,25.63,NISAR HH,-6.097
334320500400258243,9.39,NISAR HH,-5.939
334320500400258244,14.81,NISAR HH,-5.742
334320500400258245,12.53,NISAR HH,-5.838
334320500400258246,13.2,NISAR HH,-5.81
334320500400258247,17.21,NISAR HH,-6.377
334320500400258248,11.22,NISAR HH,-6.056
334320500400258249,20.5,NISAR HH,-6.13
334320500400258250,14.1,NISAR HH,-6.319
334320500400258251,12.46,NISAR HH,-6.113
334320500400258252,19.34,NISAR HH,-5.714
334320500400258253,24.09,NISAR HH,-5.014
334320500400258254,23.38,NISAR HH,-4.822
334320500400258255,27.76,NISAR HH,-4.627
334320500400258256,32.63,NISAR HH,-5.107
334320500400258257,19.42,NISAR HH,-5.414
334320500400258258,23.83,NISAR HH,-5.788
334320500400258259,19.12,NISAR HH,-6.361
334320500400258260,23.49,NISAR HH,-6.537
334320500400258261,12.64,NISAR HH,-6.953
334320500400258262,12.27,NISAR HH,-7.154
334320500400258263,11.07,NISAR HH,-5.87
334320500400258264,16.95,NISAR HH,-4.73
334320500400258265,14.29,NISAR HH,-4.761
334320500400258266,6.58,NISAR HH,-6.25
334320500400258267,8.86,NISAR HH,-6.834
334320500400258268,6.39,NISAR HH,-6.542
334320500400258269,5.46,NISAR HH,-6.043
334320500400258270,5.65,NISAR HH,-5.74
334320500400258271,6.66,NISAR HH,-5.539
334320500400258272,5.23,NISAR HH,-5.914
334320600400967033,12.83,NISAR HH,-5.878
334320600400967034,23.5,NISAR HH,-5.286
334320600400967035,25.37,NISAR HH,-5.081
334320600400967036,26.83,NISAR HH,-2.621
334320600400967037,32.03,NISAR HH,-1.491
334320600400967038,15.26,NISAR HH,-2.293
334320600400967039,23.31,NISAR HH,-6.622
334320600400967040,14.51,NISAR HH,-6.415
334320600400967041,8.41,NISAR HH,-6.536
334320600400967042,8.53,NISAR HH,-6.699
334320600400967043,8.75,NISAR HH,-6.504
334320600400967044,14.85,NISAR HH,-6.508
334320600400967045,6.81,NISAR HH,-6.31
334320600400967046,6.21,NISAR HH,-6.513
334320600400967048,1.98,NISAR HH,-9.476
334320600400967049,2.02,NISAR HH,-9.042
334320600400967050,2.28,NISAR HH,-7.77
334320600400967051,2.39,NISAR HH,-7.52
334320600400967052,2.76,NISAR HH,-8.779
334320600400967053,2.13,NISAR HH,-10.442
334320600400967054,2.05,NISAR HH,-13.525
334320600400967055,2.24,NISAR HH,-11.89
334320600400967056,4.0,NISAR HH,-9.306
334320600400967057,6.47,NISAR HH,-8.053
334320600400967058,3.96,NISAR HH,-7.63
334320600400967059,5.01,NISAR HH,-7.729
334320600400967060,3.51,NISAR HH,-7.611
334320600400967061,6.58,NISAR HH,-7.6
334320600400967062,3.4,NISAR HH,-7.451
334320600400967063,4.97,NISAR HH,-7.296
334320600400967064,11.26,NISAR HH,-7.714
334320600400967065,15.19,NISAR HH,-7.878
334320600400967066,12.46,NISAR HH,-8.531
334320600400967067,7.85,NISAR HH,-8.34
334320600400967068,9.24,NISAR HH,-7.078
334320600400967069,13.62,NISAR HH,-6.868
334320600400967070,11.33,NISAR HH,-6.759
334320600400967071,5.23,NISAR HH,-6.708
334320600400967072,6.88,NISAR HH,-7.105
334320600400967073,4.11,NISAR HH,-7.724
334320600400967074,5.5,NISAR HH,-7.231
334320600400967075,19.27,NISAR HH,-6.342
334320600400967076,26.15,NISAR HH,-5.673
334320600400967077,20.84,NISAR HH,-5.574
334320600400967078,24.8,NISAR HH,-5.587
334320600400967079,26.49,NISAR HH,-6.172
334320600400967080,8.98,NISAR HH,-7.759
334320600400967081,8.26,NISAR HH,-9.047
334320600400967082,25.1,NISAR HH,-8.67
334320600400967083,20.13,NISAR HH,-7.752
334320600400967084,13.39,NISAR HH,-7.205
334320600400967085,29.67,NISAR HH,-7.199
334320600400967086,25.07,NISAR HH,-6.834
334320600400967087,21.36,NISAR HH,-7.232
334320600400967088,3.51,NISAR HH,-8.539
334320600400967089,3.89,NISAR HH,-7.888
334320600400967090,6.51,NISAR HH,-6.552
334320600400967091,15.9,NISAR HH,-5.919
334320600400967092,12.34,NISAR HH,-6.278
334320600400967093,4.64,NISAR HH,-6.938
334320600400967094,2.35,NISAR HH,-7.059
334320600400967095,13.28,NISAR HH,-6.644
334320600400967096,7.37,NISAR HH,-6.289
334320600400967097,6.88,NISAR HH,-6.171
334320600400967098,18.56,NISAR HH,-7.167
334320600400967099,8.12,NISAR HH,-8.149
334320600400967101,5.8,NISAR HH,-9.478
334320800400262635,28.05,NISAR HH,-6.344
334320800400262636,21.8,NISAR HH,-6.862
334320800400262637,25.36,NISAR HH,-6.809
334320800400262638,8.19,NISAR HH,-6.742
334320800400262639,6.02,NISAR HH,-6.508
334320800400262640,4.82,NISAR HH,-6.484
334320800400262641,6.65,NISAR HH,-6.98
334320800400262642,3.29,NISAR HH,-7.507
334320800400262643,4.0,NISAR HH,-7.398
334320800400262644,5.87,NISAR HH,-6.897
334320800400262645,3.44,NISAR HH,-6.853
334320800400262646,8.52,NISAR HH,-7.218
334320800400262647,6.77,NISAR HH,-7.582
334320800400262648,5.57,NISAR HH,-7.337
334320800400262649,8.45,NISAR HH,-7.989
334320800400262651,4.75,NISAR HH,-7.909
334320800400262652,20.38,NISAR HH,-7.063
334320800400262653,4.75,NISAR HH,-7.923
334320800400262654,5.64,NISAR HH,-7.946
334320800400262655,3.03,NISAR HH,-7.517
334320800400262656,4.37,NISAR HH,-7.441
334320800400262657,6.09,NISAR HH,-7.912
334320800400262658,6.2,NISAR HH,-7.997
334320800400262659,5.79,NISAR HH,-8.68
334320800400262660,9.91,NISAR HH,-8.402
334320800400262661,9.98,NISAR HH,-8.281
334320800400262662,17.95,NISAR HH,-8.589
334320800400262663,5.46,NISAR HH,-7.822
334320800400262664,9.91,NISAR HH,-8.067
334320800400262665,15.52,NISAR HH,-7.446
334320800400262666,11.97,NISAR HH,-7.463
334320800400262667,6.65,NISAR HH,-8.104
334320800400262668,4.97,NISAR HH,-8.509
334320800400262669,10.92,NISAR HH,-8.301
334320800400262670,8.37,NISAR HH,-8.131
334320800400262671,5.83,NISAR HH,-8.481
334320800400262672,4.15,NISAR HH,-8.369
334321100400257537,7.55,NISAR HH,-6.882
334321100400257538,8.08,NISAR HH,-6.852
334321100400257539,4.52,NISAR HH,-6.86
334321100400257540,9.16,NISAR HH,-6.723
334321100400257541,16.16,NISAR HH,-6.288
334321100400257542,9.01,NISAR HH,-6.161
334321100400257543,9.95,NISAR HH,-6.066
334321100400257544,6.69,NISAR HH,-5.754
334321100400257545,5.31,NISAR HH,-5.888
334321100400257546,7.33,NISAR HH,-7.091
334321100400257547,5.23,NISAR HH,-8.31
334321100400257548,4.3,NISAR HH,-8.174
334321100400257549,4.04,NISAR HH,-8.074
340730000400262456,18.95,NISAR HH,-5.405
340730000400262457,18.69,NISAR HH,-6.578
340730000400262458,11.59,NISAR HH,-6.312
340730000400262459,10.73,NISAR HH,-7.002
340730000400262460,9.98,NISAR HH,-7.079
340730000400262461,11.25,NISAR HH,-7.186
340730000400262463,2.24,NISAR HH,-7.538
340730000400262464,12.15,NISAR HH,-7.201
340730000400262465,12.45,NISAR HH,-6.586
340730000400262466,8.97,NISAR HH,-6.673
340730000400262472,11.43,NISAR HH,-7.809
340730000400262474,4.67,NISAR HH,-7.289
340730100400258033,12.07,NISAR HH,-7.428
340730100400258034,11.32,NISAR HH,-7.562
340730100400258036,3.47,NISAR HH,-7.184
340730100400258038,2.95,NISAR HH,-7.222
340730100400258040,6.76,NISAR HH,-7.041
340730100400258041,11.47,NISAR HH,-6.866
340730100400258042,8.37,NISAR HH,-7.164
340730100400258043,4.71,NISAR HH,-7.07
340730100400258044,6.24,NISAR HH,-6.893
340730200400263066,2.61,NISAR HH,-7.326
340730200400263069,9.31,NISAR HH,-6.395
340730200400263085,3.44,NISAR HH,-6.79
340730300400257952,13.31,NISAR HH,-5.209
340730300400257953,10.88,NISAR HH,-6.372
340730300400257954,7.47,NISAR HH,-6.623
340730300400257984,4.86,NISAR HH,-7.475
340730300400257985,8.26,NISAR HH,-7.928
340730300400257986,5.83,NISAR HH,-8.013
340730300400257987,8.86,NISAR HH,-7.543
340730300400257988,9.79,NISAR HH,-7.862
340730300400257989,12.75,NISAR HH,-7.779
340730300400257990,15.63,NISAR HH,-7.829
340730300400257991,6.69,NISAR HH,-8.021
340730300400257992,16.15,NISAR HH,-8.735
340730300400257993,12.07,NISAR HH,-8.928
340730300400257994,11.03,NISAR HH,-9.31
340730300400257995,7.18,NISAR HH,-9.191
340730500400257846,9.23,NISAR HH,-8.251
340730500400257847,8.41,NISAR HH,-8.729
340730500400257848,5.71,NISAR HH,-8.538
340730500400257849,6.09,NISAR HH,-8.17
340730500400257850,5.94,NISAR HH,-7.73
340730500400257851,5.15,NISAR HH,-7.793
340730500400257852,20.48,NISAR HH,-8.147
340730500400257853,2.2,NISAR HH,-8.826
340730500400257854,6.35,NISAR HH,-9.001
340730500400257855,19.47,NISAR HH,-9.833
340730500400257856,5.45,NISAR HH,-10.904
340730500400257857,6.95,NISAR HH,-11.108
340730500400257858,7.77,NISAR HH,-12.254
340730500400257859,4.37,NISAR HH,-12.747
340730500400257860,8.41,NISAR HH,-12.875
340730500400257861,14.84,NISAR HH,-11.316
340730500400257862,7.85,NISAR HH,-9.324
340730500400257863,19.58,NISAR HH,-7.335
340730500400257864,20.11,NISAR HH,-6.568
340730500400257865,17.83,NISAR HH,-5.877
340730500400257866,14.16,NISAR HH,-5.92
340730500400257867,19.29,NISAR HH,-5.954
340730500400257868,14.57,NISAR HH,-6.072
340730500400257869,23.47,NISAR HH,-6.021
340730500400257880,10.57,NISAR HH,-5.613
340730500400257881,17.34,NISAR HH,-5.806
340730500400257882,16.56,NISAR HH,-5.915
340730500400257884,13.79,NISAR HH,-6.494
340730500400257885,7.14,NISAR HH,-5.756
340730500400257886,16.11,NISAR HH,-4.294
340730500400257887,11.88,NISAR HH,-4.189
340730500400257888,7.85,NISAR HH,-5.693
340730500400257889,6.09,NISAR HH,-6.333
340730600400970055,4.71,NISAR HH,-6.136
340730600400970056,26.31,NISAR HH,-5.493
340730600400970063,21.38,NISAR HH,-7.739
340730600400970064,17.12,NISAR HH,-7.47
340730600400970065,17.01,NISAR HH,-7.024
340730600400970066,31.21,NISAR HH,-6.905
340730600400970067,17.23,NISAR HH,-7.148
340730600400970068,2.57,NISAR HH,-8.108
340730600400970069,2.95,NISAR HH,-7.532
340730600400970070,8.33,NISAR HH,-6.394
340730600400970071,11.55,NISAR HH,-6.152
340730600400970072,13.75,NISAR HH,-6.433
340730600400970073,3.1,NISAR HH,-7.343
340730600400970075,15.21,NISAR HH,-6.416
340730600400970076,4.26,NISAR HH,-6.513
356600000400197094,3.25,NISAR HH,-8.59
356600000400197102,5.27,NISAR HH,-8.841
356600000400197105,2.77,NISAR HH,-8.372
356600000400197116,2.84,NISAR HH,-7.318
356600000400197149,3.22,NISAR HH,-7.735
356600100400192436,3.96,NISAR HH,-9.28
356600100400192468,3.07,NISAR HH,-9.307
356600100400192471,4.53,NISAR HH,-7.546
356600100400192480,4.0,NISAR HH,-8.207
356600100400192483,3.4,NISAR HH,-8.374
356600100400192484,3.74,NISAR HH,-7.571
356600100400192485,5.31,NISAR HH,-7.452
356600100400192486,3.55,NISAR HH,-7.253
356600100400192487,4.41,NISAR HH,-7.518
356600100400192489,4.53,NISAR HH,-8.133
356600100400192491,6.77,NISAR HH,-9.138
356600100400192492,8.57,NISAR HH,-8.908
356600100400192493,4.19,NISAR HH,-8.652
356600100400192496,4.08,NISAR HH,-7.652
356600100400192538,2.77,NISAR HH,-7.169
356600200400197666,3.59,NISAR HH,-9.255
356600200400197717,4.0,NISAR HH,-7.483
356600200400197718,3.93,NISAR HH,-7.133
356600200400197722,3.14,NISAR HH,-7.656
356600200400197723,3.37,NISAR HH,-7.958
356600200400197728,3.78,NISAR HH,-6.854
356600200400197729,3.52,NISAR HH,-6.999
356600200400197730,3.59,NISAR HH,-6.753
356600200400197745,18.94,NISAR HH,-6.199
356600200400197748,18.5,NISAR HH,-6.407
356600200400197750,18.76,NISAR HH,-5.889
356600200400197751,22.13,NISAR HH,-6.178
356600200400197752,20.29,NISAR HH,-6.023
356600200400197754,20.18,NISAR HH,-5.787
356600200400197755,18.05,NISAR HH,-5.923
356600200400197757,14.3,NISAR HH,-6.033
356600200400197758,18.46,NISAR HH,-6.165
356600200400197760,20.74,NISAR HH,-6.892
356600200400197761,18.23,NISAR HH,-8.783
356600300400192470,3.29,NISAR HH,-8.567
356600300400192475,10.44,NISAR HH,-5.959
356600300400192485,7.67,NISAR HH,-6.997
356600300400192557,2.8,NISAR HH,-7.714
356600300400192560,2.99,NISAR HH,-7.054
356600300400192565,3.96,NISAR HH,-7.262
356600300400192566,3.93,NISAR HH,-7.442
356600300400192571,22.73,NISAR HH,-6.249
356600300400192573,16.62,NISAR HH,-6.395
356600300400192575,19.1,NISAR HH,-7.553
356600300400192578,20.14,NISAR HH,-6.447
356600300400192579,18.35,NISAR HH,-6.773
356600300400192584,24.3,NISAR HH,-6.166
356600300400192587,19.21,NISAR HH,-6.193
356600300400192588,21.27,NISAR HH,-5.802
356600300400192589,22.77,NISAR HH,-5.792
356600300400192590,24.08,NISAR HH,-5.789
356600300400192591,23.03,NISAR HH,-5.737
356600300400192592,24.45,NISAR HH,-5.999
356600300400192593,20.93,NISAR HH,-6.011
356600300400192594,18.05,NISAR HH,-6.242
356600300400192595,17.86,NISAR HH,-5.772
356600300400192596,25.8,NISAR HH,-5.731
356600300400192597,19.51,NISAR HH,-5.886
356600300400192598,18.61,NISAR HH,-6.054
356600300400192599,16.55,NISAR HH,-6.482
356600300400192600,13.59,NISAR HH,-6.581
356600300400192601,18.31,NISAR HH,-5.968
356600300400192602,17.63,NISAR HH,-6.091
356600300400192603,24.0,NISAR HH,-6.481
356600300400192604,22.54,NISAR HH,-6.77
356600300400192605,21.23,NISAR HH,-7.009
356600300400192606,21.75,NISAR HH,-6.637
356600300400192607,19.92,NISAR HH,-6.272
356600300400192608,23.66,NISAR HH,-6.286
356600300400192609,24.34,NISAR HH,-6.331
356600300400192610,20.44,NISAR HH,-6.36
356600300400192611,26.36,NISAR HH,-6.755
356600300400192612,20.26,NISAR HH,-7.281
356600300400192616,20.03,NISAR HH,-9.283
356600300400192622,10.93,NISAR HH,-7.384
356600500400192354,2.24,NISAR HH,-12.11
356600500400192356,7.48,NISAR HH,-10.058
356600500400192357,4.0,NISAR HH,-9.799
356600500400192358,3.22,NISAR HH,-9.222
356600500400192359,4.08,NISAR HH,-9.64
356600500400192360,3.66,NISAR HH,-9.623
356600500400192361,4.23,NISAR HH,-9.31
356600500400192362,4.49,NISAR HH,-9.22
356600500400192363,4.34,NISAR HH,-9.685
356600500400192364,4.94,NISAR HH,-9.262
356600500400192378,3.18,NISAR HH,-8.48
356600500400192379,2.73,NISAR HH,-8.602
356600500400192382,5.91,NISAR HH,-8.408
356600500400192383,7.52,NISAR HH,-8.146
356600500400192384,3.33,NISAR HH,-8.319
356600500400192385,4.11,NISAR HH,-8.005
356600500400192386,2.8,NISAR HH,-8.797
356600500400192387,3.29,NISAR HH,-9.781
356600500400192388,4.56,NISAR HH,-9.337
356600500400192389,5.91,NISAR HH,-9.425
356600500400192390,6.59,NISAR HH,-9.387
356600500400192391,4.04,NISAR HH,-9.745
356600500400192392,5.46,NISAR HH,-9.546
356600500400192393,6.92,NISAR HH,-9.093
356600500400192394,5.72,NISAR HH,-9.403
356600500400192395,7.11,NISAR HH,-9.398
356600500400192396,5.13,NISAR HH,-10.121
356600500400192421,3.4,NISAR HH,-7.408
356600500400192422,4.23,NISAR HH,-7.186
356600500400192423,5.61,NISAR HH,-7.224
356600500400192424,4.04,NISAR HH,-6.598
356600500400192425,4.64,NISAR HH,-6.421
356600500400192426,3.18,NISAR HH,-6.69
356600500400192427,4.23,NISAR HH,-6.883
356600500400192428,3.93,NISAR HH,-7.205
356600500400192429,4.19,NISAR HH,-7.405
356600500400192430,3.25,NISAR HH,-7.544
356600500400192431,3.07,NISAR HH,-7.691
356600500400192434,2.65,NISAR HH,-6.923
356600500400192435,4.19,NISAR HH,-6.569
356600500400192436,2.8,NISAR HH,-6.64
356600500400192437,22.84,NISAR HH,-5.906
356600500400192438,26.28,NISAR HH,-5.976
356600500400192439,24.11,NISAR HH,-5.668
356600500400192440,11.42,NISAR HH,-6.405
356600500400192441,2.32,NISAR HH,-7.038
356600500400192442,2.47,NISAR HH,-7.491
356600500400192443,2.95,NISAR HH,-7.169
356600500400192444,7.48,NISAR HH,-7.108
356600500400192445,2.92,NISAR HH,-7.686
356600500400192446,2.32,NISAR HH,-8.08
356600500400192447,2.58,NISAR HH,-8.191
356600500400192448,2.54,NISAR HH,-8.216
356600500400192449,4.11,NISAR HH,-8.032
356600500400192450,3.4,NISAR HH,-7.961
356600500400192451,2.54,NISAR HH,-7.781
356600500400192452,2.8,NISAR HH,-7.407
356600500400192453,3.48,NISAR HH,-7.352
356600500400192454,18.31,NISAR HH,-7.58
356600500400192455,5.2,NISAR HH,-7.575
356600500400192456,2.28,NISAR HH,-7.193
356600500400192457,20.52,NISAR HH,-7.044
356600500400192458,23.32,NISAR HH,-6.67
356600500400192459,22.87,NISAR HH,-6.37
356600500400192460,23.1,NISAR HH,-5.672
356600500400192461,19.8,NISAR HH,-6.588
356600500400192462,2.09,NISAR HH,-7.497
356600500400192463,5.46,NISAR HH,-8.932
356600500400192464,3.7,NISAR HH,-8.61
356600500400192465,4.68,NISAR HH,-8.785
356600500400192466,4.04,NISAR HH,-8.852
356600500400192467,2.5,NISAR HH,-8.736
356600500400192468,3.14,NISAR HH,-8.34
356600500400192469,12.5,NISAR HH,-7.338
356600500400192470,21.04,NISAR HH,-6.874
356600500400192471,19.13,NISAR HH,-6.816
356600500400192472,2.92,NISAR HH,-8.521
356600600401033474,4.11,NISAR HH,-9.439
356600600401033475,3.29,NISAR HH,-8.834
356600600401033476,5.87,NISAR HH,-8.621
356600600401033477,6.81,NISAR HH,-8.034
356600600401033478,4.15,NISAR HH,-7.437
356600600401033479,4.0,NISAR HH,-7.066
356600600401033499,8.46,NISAR HH,-9.713
356600600401033500,7.56,NISAR HH,-9.634
356600600401033501,4.71,NISAR HH,-9.76
356600600401033502,6.1,NISAR HH,-9.494
356600600401033504,3.22,NISAR HH,-7.879
356600600401033505,4.08,NISAR HH,-8.115
356600600401033506,2.92,NISAR HH,-8.648
356600600401033507,2.73,NISAR HH,-7.75
356600600401033508,2.47,NISAR HH,-7.518
356600600401033509,3.29,NISAR HH,-7.747
356600600401033510,2.5,NISAR HH,-8.515
356600600401033511,2.8,NISAR HH,-7.387
356600600401033512,2.95,NISAR HH,-7.454
356600600401033513,2.69,NISAR HH,-7.326
356600600401033533,2.32,NISAR HH,-7.417
356600600401033534,2.92,NISAR HH,-7.501
356600600401033536,2.35,NISAR HH,-7.209
356600600401033537,2.58,NISAR HH,-6.944
356600600401033538,2.99,NISAR HH,-6.985
356600600401033539,2.43,NISAR HH,-6.738
356600600401033540,3.96,NISAR HH,-6.452
356600600401033541,3.29,NISAR HH,-6.592
356600600401033542,2.5,NISAR HH,-7.183
356600600401033543,3.18,NISAR HH,-7.605
356600600401033544,2.73,NISAR HH,-7.535
356600600401033545,2.73,NISAR HH,-7.413
356600600401033546,3.52,NISAR HH,-8.217
356600600401033547,2.54,NISAR HH,-9.465
356600600401033548,3.55,NISAR HH,-9.495
356600600401033550,2.47,NISAR HH,-8.267
356600600401033551,2.8,NISAR HH,-7.833
356600600401033552,2.88,NISAR HH,-7.946
356600600401033553,2.77,NISAR HH,-7.999
356600600401033554,5.42,NISAR HH,-8.317
356600600401033555,2.92,NISAR HH,-8.88
356600600401033556,19.43,NISAR HH,-7.671
356600600401033557,27.41,NISAR HH,-6.562
356600600401033558,35.57,NISAR HH,-6.161
356600600401033559,32.31,NISAR HH,-6.477
356600600401033560,27.56,NISAR HH,-6.127
356600600401033561,23.81,NISAR HH,-5.759
356600600401033562,25.01,NISAR HH,-5.883
356600600401033563,25.12,NISAR HH,-6.333
356600600401033564,23.4,NISAR HH,-6.551
356600600401033565,22.39,NISAR HH,-6.309
356600600401033566,22.09,NISAR HH,-6.234
356600600401033567,22.73,NISAR HH,-6.308
356600600401033568,21.98,NISAR HH,-6.122
356600600401033569,23.36,NISAR HH,-6.032
356600600401033570,2.28,NISAR HH,-6.941
356600600401033571,3.18,NISAR HH,-7.462
356600600401033572,3.03,NISAR HH,-7.721
356600600401033573,2.58,NISAR HH,-7.909
356600600401033574,3.63,NISAR HH,-8.21
356600600401033575,2.92,NISAR HH,-9.321
356600600401033576,3.4,NISAR HH,-9.189
356600600401033577,2.02,NISAR HH,-11.393
356600600401033578,2.02,NISAR HH,-12.213
356600600401033579,2.54,NISAR HH,-10.662
356600600401033580,3.14,NISAR HH,-9.799
356600600401033581,2.5,NISAR HH,-10.04
356600600401033582,5.05,NISAR HH,-10.074
356600600401033583,2.73,NISAR HH,-9.296
356600600401033610,16.43,NISAR HH,-6.847
356600600401033611,14.6,NISAR HH,-6.986
356600600401033612,2.5,NISAR HH,-7.039
356600600401033613,2.73,NISAR HH,-7.396
356600600401033614,2.32,NISAR HH,-7.687
356600600401033615,2.43,NISAR HH,-7.543
356600600401033616,3.1,NISAR HH,-7.792
356600600401033617,2.92,NISAR HH,-8.065
356600600401033618,3.22,NISAR HH,-8.178
356600600401033619,3.44,NISAR HH,-7.916
356600600401033620,3.18,NISAR HH,-7.983
356600800400197103,5.99,NISAR HH,-7.066
356600800400197104,11.9,NISAR HH,-7.615
356600800400197105,9.65,NISAR HH,-6.855
356600800400197106,10.55,NISAR HH,-6.802
356600800400197114,5.5,NISAR HH,-7.235
356600800400197115,3.78,NISAR HH,-7.688
356600800400197177,4.53,NISAR HH,-7.405
356600800400197178,3.89,NISAR HH,-6.969
356600800400197180,8.08,NISAR HH,-6.109
356600800400197181,5.16,NISAR HH,-6.752
356600800400197182,8.79,NISAR HH,-7.016
356600800400197183,5.8,NISAR HH,-7.445
356600800400197184,11.38,NISAR HH,-8.175
356600800400197186,4.34,NISAR HH,-8.145
356600800400197187,5.35,NISAR HH,-7.581
356600800400197188,12.35,NISAR HH,-7.839
356600800400197189,3.29,NISAR HH,-7.677
356600800400197190,12.8,NISAR HH,-7.017
356600800400197191,5.35,NISAR HH,-7.247
356600800400197192,8.01,NISAR HH,-8.072
356600800400197193,20.44,NISAR HH,-8.117
356600800400197194,5.35,NISAR HH,-7.97
356600800400197195,4.23,NISAR HH,-8.375
356600800400197196,4.15,NISAR HH,-8.983
356600800400197197,3.96,NISAR HH,-9.144
356600800400197198,2.92,NISAR HH,-8.927
356600800400197199,4.23,NISAR HH,-8.822
356600800400197200,9.58,NISAR HH,-8.19
356600800400197210,5.8,NISAR HH,-10.067
356600800400197211,3.81,NISAR HH,-9.98
356600800400197212,5.76,NISAR HH,-10.165
356600800400197213,5.27,NISAR HH,-9.315
356600800400197214,3.78,NISAR HH,-8.422
356600800400197215,3.25,NISAR HH,-7.875
356600800400197216,4.04,NISAR HH,-7.678
356600800400197219,2.69,NISAR HH,-7.973
356600800400197222,3.48,NISAR HH,-7.34
356600800400197225,4.3,NISAR HH,-7.744
356600800400197226,4.19,NISAR HH,-7.836
356600800400197227,4.23,NISAR HH,-7.513
356600800400197228,3.93,NISAR HH,-7.306
356600800400197229,14.93,NISAR HH,-6.445
356600800400197230,22.72,NISAR HH,-6.433
356600800400197231,4.49,NISAR HH,-6.77
356600800400197232,13.14,NISAR HH,-7.179
356600800400197233,13.55,NISAR HH,-8.018
356600800400197234,13.32,NISAR HH,-8.972
356600800400197235,4.11,NISAR HH,-9.368
356600800400197236,2.43,NISAR HH,-8.506
356600800400197237,4.45,NISAR HH,-7.594
356600800400197238,3.4,NISAR HH,-7.069
356600800400197239,6.73,NISAR HH,-7.035
356600800400197240,3.51,NISAR HH,-7.089
356600800400197241,5.05,NISAR HH,-6.714
356600800400197242,11.68,NISAR HH,-6.576
356600800400197246,17.22,NISAR HH,-6.321
356600800400197248,20.51,NISAR HH,-6.216
356600800400197249,24.41,NISAR HH,-5.839
356600800400197250,18.27,NISAR HH,-5.985
356600800400197251,3.51,NISAR HH,-6.537
356600800400197252,2.5,NISAR HH,-7.608
356600800400197253,2.84,NISAR HH,-7.661
356600800400197254,3.44,NISAR HH,-7.46
356600800400197255,3.85,NISAR HH,-7.772
356600800400197256,2.24,NISAR HH,-7.529
356600800400197257,3.25,NISAR HH,-7.826
356600800400197258,5.57,NISAR HH,-8.928
356600800400197259,2.39,NISAR HH,-10.007
356600800400197260,5.09,NISAR HH,-8.917
356600800400197261,2.84,NISAR HH,-7.949
356600800400197262,3.36,NISAR HH,-7.783
356600800400197263,3.63,NISAR HH,-7.797
356600800400197264,3.44,NISAR HH,-7.773
356600800400197265,2.77,NISAR HH,-7.565
356600800400197266,2.8,NISAR HH,-7.282
356600800400197267,3.96,NISAR HH,-7.442
356600800400197268,2.8,NISAR HH,-7.369
356600800400197275,2.69,NISAR HH,-8.22
356600800400197277,2.58,NISAR HH,-7.55
356600800400197278,2.95,NISAR HH,-7.503
356600800400197279,4.41,NISAR HH,-7.882
356600800400197287,3.25,NISAR HH,-7.781
356600800400197288,2.84,NISAR HH,-7.683
356600800400197289,2.92,NISAR HH,-7.538
356600800400197290,2.5,NISAR HH,-8.269
356600800400197291,4.11,NISAR HH,-8.429
356600800400197292,2.58,NISAR HH,-8.081
356600800400197302,19.24,NISAR HH,-7.045
356600800400197326,3.51,NISAR HH,-7.573
356600800400197327,2.77,NISAR HH,-7.687
356600800400197328,4.19,NISAR HH,-7.728
356600800400197329,2.95,NISAR HH,-7.928
356600800400197330,5.39,NISAR HH,-7.925
356600800400197331,3.25,NISAR HH,-8.411
356600800400197334,4.04,NISAR HH,-8.328
356600800400197335,4.86,NISAR HH,-8.43
356600800400197336,3.66,NISAR HH,-8.543
356600800400197337,5.42,NISAR HH,-8.209
356600800400197338,2.92,NISAR HH,-8.925
356600800400197339,2.95,NISAR HH,-9.297
356600800400197340,3.4,NISAR HH,-9.234
356600800400197341,3.03,NISAR HH,-8.54
356600800400197342,2.88,NISAR HH,-8.217
356600800400197343,3.89,NISAR HH,-8.378
356600800400197344,2.69,NISAR HH,-8.133
356600800400197345,2.88,NISAR HH,-8.071
356600800400197346,3.7,NISAR HH,-8.134
356600800400197347,3.4,NISAR HH,-8.713
356600800400197348,2.62,NISAR HH,-9.023
356600800400197349,2.8,NISAR HH,-8.766
356601100400191849,2.13,NISAR HH,-8.094
356601100400191854,6.81,NISAR HH,-8.091
356601100400191855,5.61,NISAR HH,-7.334
356601100400191856,4.45,NISAR HH,-7.557
356601100400191857,4.04,NISAR HH,-7.304
356601100400191858,9.8,NISAR HH,-6.853
356601100400191859,6.02,NISAR HH,-6.976
356601100400191860,8.31,NISAR HH,-7.431
356601100400191861,11.04,NISAR HH,-7.757
356601100400191887,4.11,NISAR HH,-8.592
356601100400191907,8.98,NISAR HH,-8.017
356601100400191908,7.82,NISAR HH,-7.813
356601100400191909,6.7,NISAR HH,-8.233
356601100400191910,5.01,NISAR HH,-8.671
356601100400191911,3.59,NISAR HH,-9.422
356601100400191912,3.78,NISAR HH,-9.752
356601100400191913,5.61,NISAR HH,-9.95
356601100400191914,3.63,NISAR HH,-9.91
356601100400191915,2.73,NISAR HH,-10.28
356601100400191916,2.77,NISAR HH,-10.196
356601100400191917,2.58,NISAR HH,-9.362
356601100400191918,4.11,NISAR HH,-8.086
356601100400191919,5.01,NISAR HH,-7.287
356601100400191920,4.83,NISAR HH,-7.202
356601100400191928,15.27,NISAR HH,-7.294
356601100400191929,4.26,NISAR HH,-6.793
356601100400191930,3.85,NISAR HH,-7.3
356601100400191931,4.19,NISAR HH,-7.596
356601100400191932,6.51,NISAR HH,-8.038
356601100400191933,8.12,NISAR HH,-8.739
356601100400191934,7.3,NISAR HH,-9.706
356601100400191935,3.59,NISAR HH,-10.445
356601100400191936,5.65,NISAR HH,-9.786
356601100400191964,9.84,NISAR HH,-6.863
356601100400191965,5.61,NISAR HH,-7.131
356601100400191966,3.22,NISAR HH,-6.968
356601100400191967,4.26,NISAR HH,-6.741
356601100400191968,10.1,NISAR HH,-6.814
356601100400191969,3.03,NISAR HH,-7.211
356601100400191970,3.18,NISAR HH,-6.881
356601100400191971,4.04,NISAR HH,-6.912
356601100400191972,7.63,NISAR HH,-6.865
356601100400191973,5.76,NISAR HH,-7.025
356601100400191974,20.89,NISAR HH,-6.958
356601100400191975,7.9,NISAR HH,-7.519
356601100400191976,12.69,NISAR HH,-7.909
356601100400191977,4.6,NISAR HH,-7.666
356601100400191978,6.62,NISAR HH,-6.583
356601100400191979,4.3,NISAR HH,-6.742
356601100400191980,11.0,NISAR HH,-6.768
356601100400191981,21.49,NISAR HH,-6.885
356601100400191982,24.26,NISAR HH,-6.774
356601100400191986,4.97,NISAR HH,-7.256
356601100400191987,3.59,NISAR HH,-7.285
356601100400191988,3.1,NISAR HH,-7.399
356601100400191989,4.34,NISAR HH,-7.559
356601100400191990,4.08,NISAR HH,-7.879
356601100400191997,2.54,NISAR HH,-8.198
356601100400192061,6.25,NISAR HH,-9.658
356601100400192062,3.96,NISAR HH,-8.633
356601100400192063,4.6,NISAR HH,-8.959
356601100400192064,6.47,NISAR HH,-9.891
356601100400192065,3.48,NISAR HH,-9.368
356601100400192066,3.18,NISAR HH,-9.463
356601100400192067,3.78,NISAR HH,-10.039
356601100400192068,2.65,NISAR HH,-11.431
356601100400192069,2.17,NISAR HH,-11.207
356601100400192070,7.78,NISAR HH,-8.984
356601100400192071,18.01,NISAR HH,-7.475
356601100400192072,19.43,NISAR HH,-6.859
356601100400192073,18.27,NISAR HH,-6.569
356601100400192074,3.66,NISAR HH,-7.063
356601100400192078,3.59,NISAR HH,-8.562
356601100400192079,3.18,NISAR HH,-8.256
356601100400192080,3.29,NISAR HH,-8.461
356601100400192081,2.77,NISAR HH,-8.489
356601100400192082,3.7,NISAR HH,-8.403
356601100400192083,4.75,NISAR HH,-8.968
356601100400192084,2.43,NISAR HH,-9.226
356601100400192085,2.54,NISAR HH,-8.983
356601100400192086,4.49,NISAR HH,-9.575
356601100400192087,8.53,NISAR HH,-8.809
356601100400192088,3.85,NISAR HH,-8.68
356601100400192089,2.99,NISAR HH,-8.781
356601100400192090,10.37,NISAR HH,-9.287
356601100400192091,4.9,NISAR HH,-8.766
356601100400192092,11.75,NISAR HH,-7.437
356601100400192093,2.99,NISAR HH,-7.449
356601100400192094,2.54,NISAR HH,-8.303
356601100400192095,2.54,NISAR HH,-8.582
356601100400192096,2.54,NISAR HH,-8.35
356601100400192097,4.45,NISAR HH,-8.73
334320000400262741,15.08,NISAR HV,-11.425
334320000400262742,18.44,NISAR HV,-11.301
334320000400262746,16.98,NISAR HV,-11.043
334320000400262747,20.32,NISAR HV,-11.091
334320000400262749,19.16,NISAR HV,-12.198
334320000400262750,15.79,NISAR HV,-12.645
334320000400262754,4.6,NISAR HV,-11.758
334320000400262764,14.25,NISAR HV,-10.1
334320000400262766,22.75,NISAR HV,-10.197
334320000400262773,12.12,NISAR HV,-11.353
334320000400262785,7.03,NISAR HV,-13.641
334320000400262792,5.87,NISAR HV,-12.569
334320000400262799,2.28,NISAR HV,-12.669
334320000400262809,14.18,NISAR HV,-11.462
334320000400262812,27.28,NISAR HV,-10.603
334320000400262814,5.27,NISAR HV,-10.679
334320000400262815,25.29,NISAR HV,-10.782
334320000400262856,10.32,NISAR HV,-13.988
334320000400262858,16.91,NISAR HV,-13.436
334320000400262859,19.64,NISAR HV,-11.696
334320000400262865,13.02,NISAR HV,-11.858
334320000400262866,24.84,NISAR HV,-11.658
334320000400262877,10.06,NISAR HV,-11.569
334320000400262880,22.0,NISAR HV,-11.083
334320000400262881,24.88,NISAR HV,-10.786
334320000400262885,10.59,NISAR HV,-11.603
334320000400262886,11.11,NISAR HV,-11.456
334320000400262903,10.29,NISAR HV,-10.06
334320000400262904,13.02,NISAR HV,-10.028
334320000400262905,16.09,NISAR HV,-10.346
334320000400262908,14.25,NISAR HV,-11.126
334320000400262910,12.98,NISAR HV,-11.611
334320000400262917,23.61,NISAR HV,-10.965
334320100400258132,10.62,NISAR HV,-11.392
334320100400258139,2.35,NISAR HV,-13.126
334320100400258140,8.15,NISAR HV,-12.448
334320100400258143,10.7,NISAR HV,-11.817
334320100400258144,11.48,NISAR HV,-12.385
334320100400258145,7.03,NISAR HV,-13.216
334320100400258154,13.54,NISAR HV,-10.494
334320100400258156,30.42,NISAR HV,-10.994
334320100400258157,23.65,NISAR HV,-10.899
334320100400258158,14.33,NISAR HV,-11.037
334320100400258159,12.61,NISAR HV,-10.852
334320100400258160,23.83,NISAR HV,-10.764
334320100400258161,12.53,NISAR HV,-10.723
334320100400258163,10.14,NISAR HV,-10.239
334320100400258166,7.52,NISAR HV,-12.25
334320100400258180,9.09,NISAR HV,-13.665
334320100400258185,9.5,NISAR HV,-13.405
334320100400258186,9.35,NISAR HV,-13.297
334320100400258188,2.35,NISAR HV,-12.295
334320100400258197,6.47,NISAR HV,-12.787
334320100400258200,11.03,NISAR HV,-11.265
334320100400258201,11.82,NISAR HV,-10.816
334320100400258205,7.55,NISAR HV,-12.782
334320100400258208,4.26,NISAR HV,-12.749
334320100400258210,7.82,NISAR HV,-14.498
334320100400258211,3.81,NISAR HV,-14.301
334320100400258216,9.01,NISAR HV,-12.936
334320100400258221,10.89,NISAR HV,-11.515
334320100400258227,7.85,NISAR HV,-12.092
334320100400258228,9.01,NISAR HV,-12.357
334320100400258229,4.75,NISAR HV,-12.384
334320100400258235,23.01,NISAR HV,-11.728
334320100400258239,6.69,NISAR HV,-13.896
334320100400258241,11.6,NISAR HV,-16.729
334320100400258244,8.27,NISAR HV,-12.055
334320100400258250,5.95,NISAR HV,-11.509
334320100400258263,13.92,NISAR HV,-12.211
334320100400258266,3.36,NISAR HV,-11.144
334320100400258279,16.42,NISAR HV,-11.295
334320100400258280,22.37,NISAR HV,-11.049
334320100400258281,8.08,NISAR HV,-10.977
334320100400258283,23.61,NISAR HV,-10.593
334320100400258291,21.44,NISAR HV,-10.264
334320100400258292,25.03,NISAR HV,-10.49
334320200400263183,14.03,NISAR HV,-12.629
334320200400263184,15.53,NISAR HV,-13.582
334320200400263185,4.94,NISAR HV,-15.098
334320200400263198,27.32,NISAR HV,-9.711
334320200400263200,18.56,NISAR HV,-10.444
334320200400263202,19.57,NISAR HV,-10.362
334320200400263203,21.26,NISAR HV,-10.598
334320200400263206,16.58,NISAR HV,-10.452
334320200400263209,19.57,NISAR HV,-10.761
334320200400263211,25.11,NISAR HV,-10.676
334320200400263218,2.02,NISAR HV,-13.583
334320200400263220,6.47,NISAR HV,-13.885
334320200400263223,9.46,NISAR HV,-14.12
334320200400263225,17.1,NISAR HV,-14.018
334320200400263226,10.25,NISAR HV,-13.495
334320200400263230,10.4,NISAR HV,-12.47
334320200400263233,4.9,NISAR HV,-13.168
334320200400263235,3.18,NISAR HV,-12.526
334320200400263239,8.57,NISAR HV,-11.687
334320200400263242,5.2,NISAR HV,-11.883
334320200400263243,7.03,NISAR HV,-11.593
334320200400263258,3.59,NISAR HV,-12.189
334320200400263262,20.36,NISAR HV,-10.998
334320200400263263,21.41,NISAR HV,-10.94
334320200400263270,7.03,NISAR HV,-11.891
334320200400263272,23.16,NISAR HV,-11.824
334320200400263274,18.82,NISAR HV,-10.935
334320200400263275,13.54,NISAR HV,-11.069
334320200400263277,25.9,NISAR HV,-11.865
334320200400263279,21.59,NISAR HV,-11.752
334320200400263280,27.28,NISAR HV,-11.719
334320200400263281,16.88,NISAR HV,-11.898
334320200400263282,25.07,NISAR HV,-12.204
334320200400263283,19.65,NISAR HV,-11.975
334320200400263285,25.67,NISAR HV,-11.467
334320200400263286,25.26,NISAR HV,-11.16
334320200400263287,32.71,NISAR HV,-11.048
334320200400263292,8.79,NISAR HV,-10.343
334320200400263304,3.18,NISAR HV,-11.847
334320200400263320,13.4,NISAR HV,-11.589
334320200400263322,14.67,NISAR HV,-11.164
334320200400263325,13.69,NISAR HV,-11.067
334320200400263327,14.29,NISAR HV,-11.046
334320300400258245,14.63,NISAR HV,-11.085
334320300400258247,6.06,NISAR HV,-11.168
334320300400258248,11.86,NISAR HV,-11.623
334320300400258249,12.91,NISAR HV,-11.584
334320300400258251,16.2,NISAR HV,-11.401
334320300400258253,11.0,NISAR HV,-11.552
334320300400258254,6.99,NISAR HV,-11.475
334320300400258255,23.61,NISAR HV,-10.804
334320300400258256,19.12,NISAR HV,-10.661
334320300400258259,26.38,NISAR HV,-10.561
334320300400258260,14.33,NISAR HV,-11.034
334320300400258261,21.93,NISAR HV,-11.124
334320300400258263,11.94,NISAR HV,-11.153
334320300400258264,18.75,NISAR HV,-11.357
334320300400258267,23.84,NISAR HV,-10.747
334320300400258269,16.69,NISAR HV,-9.49
334320300400258270,22.0,NISAR HV,-7.794
334320300400258272,16.91,NISAR HV,-10.896
334320300400258275,8.57,NISAR HV,-11.822
334320300400258279,5.57,NISAR HV,-12.148
334320300400258280,6.84,NISAR HV,-12.162
334320300400258282,12.23,NISAR HV,-12.612
334320300400258284,17.1,NISAR HV,-13.456
334320300400258286,12.46,NISAR HV,-14.185
334320300400258288,8.19,NISAR HV,-14.239
334320300400258290,8.64,NISAR HV,-12.218
334320300400258293,6.4,NISAR HV,-12.177
334320300400258294,4.97,NISAR HV,-11.732
334320300400258305,8.01,NISAR HV,-13.302
334320300400258310,11.26,NISAR HV,-13.075
334320300400258312,15.68,NISAR HV,-14.41
334320300400258313,9.13,NISAR HV,-14.693
334320300400258319,27.73,NISAR HV,-10.263
334320300400258320,22.27,NISAR HV,-10.326
334320300400258324,19.95,NISAR HV,-10.719
334320300400258327,17.92,NISAR HV,-11.307
334320300400258328,18.9,NISAR HV,-11.439
334320300400258330,17.81,NISAR HV,-11.249
334320300400258332,24.51,NISAR HV,-10.955
334320300400258333,14.86,NISAR HV,-11.432
334320300400258335,24.81,NISAR HV,-10.901
334320300400258336,6.99,NISAR HV,-10.758
334320300400258337,4.3,NISAR HV,-10.595
334320300400258338,5.5,NISAR HV,-10.804
334320300400258339,18.11,NISAR HV,-10.965
334320300400258340,4.19,NISAR HV,-11.103
334320300400258343,16.76,NISAR HV,-11.419
334320300400258345,8.9,NISAR HV,-11.546
334320300400258346,9.69,NISAR HV,-11.789
334320300400258347,5.42,NISAR HV,-11.495
334320300400258350,6.43,NISAR HV,-11.579
334320300400258355,2.58,NISAR HV,-13.492
334320300400258360,6.88,NISAR HV,-11.481
334320300400258363,10.63,NISAR HV,-12.466
334320300400258365,2.76,NISAR HV,-16.078
334320300400258366,3.55,NISAR HV,-20.922
334320500400258178,12.68,NISAR HV,-12.152
334320500400258179,13.28,NISAR HV,-12.46
334320500400258180,5.23,NISAR HV,-12.596
334320500400258181,5.35,NISAR HV,-12.818
334320500400258182,6.02,NISAR HV,-11.798
334320500400258183,12.23,NISAR HV,-10.658
334320500400258184,17.25,NISAR HV,-10.049
334320500400258185,16.8,NISAR HV,-10.165
334320500400258186,25.74,NISAR HV,-9.729
334320500400258187,23.72,NISAR HV,-9.696
334320500400258188,29.18,NISAR HV,-9.54
334320500400258189,30.23,NISAR HV,-9.356
334320500400258190,25.22,NISAR HV,-9.15
334320500400258191,26.04,NISAR HV,-9.709
334320500400258192,9.39,NISAR HV,-10.362
334320500400258193,12.57,NISAR HV,-10.643
334320500400258194,14.66,NISAR HV,-11.181
334320500400258195,5.12,NISAR HV,-11.612
334320500400258196,9.16,NISAR HV,-11.406
334320500400258197,9.24,NISAR HV,-11.221
334320500400258198,6.21,NISAR HV,-11.8
334320500400258199,2.24,NISAR HV,-12.783
334320500400258200,6.92,NISAR HV,-13.287
334320500400258201,2.2,NISAR HV,-13.757
334320500400258202,2.09,NISAR HV,-15.476
334320500400258203,2.17,NISAR HV,-18.463
334320500400258204,2.02,NISAR HV,-21.237
334320500400258205,2.02,NISAR HV,-22.513
334320500400258206,2.02,NISAR HV,-22.67
334320500400258207,2.05,NISAR HV,-22.156
334320500400258208,1.98,NISAR HV,-21.74
334320500400258209,2.05,NISAR HV,-21.636
334320500400258210,2.13,NISAR HV,-18.612
334320500400258211,6.13,NISAR HV,-15.949
334320500400258212,8.94,NISAR HV,-14.982
334320500400258213,30.12,NISAR HV,-14.357
334320500400258214,2.69,NISAR HV,-13.965
334320500400258215,3.06,NISAR HV,-13.076
334320500400258216,4.78,NISAR HV,-13.266
334320500400258217,4.07,NISAR HV,-13.589
334320500400258218,3.77,NISAR HV,-13.525
334320500400258219,3.21,NISAR HV,-13.149
334320500400258220,9.5,NISAR HV,-12.567
334320500400258221,4.41,NISAR HV,-13.098
334320500400258222,4.22,NISAR HV,-13.341
334320500400258223,9.05,NISAR HV,-13.244
334320500400258224,7.1,NISAR HV,-13.612
334320500400258225,6.47,NISAR HV,-13.822
334320500400258226,6.36,NISAR HV,-14.484
334320500400258227,8.86,NISAR HV,-14.283
334320500400258228,7.33,NISAR HV,-13.279
334320500400258229,8.38,NISAR HV,-12.467
334320500400258230,23.83,NISAR HV,-12.146
334320500400258231,9.35,NISAR HV,-13.472
334320500400258232,16.2,NISAR HV,-14.084
334320500400258233,4.3,NISAR HV,-13.836
334320500400258234,5.87,NISAR HV,-14.767
334320500400258235,6.58,NISAR HV,-16.435
334320500400258236,7.37,NISAR HV,-18.182
334320500400258237,4.34,NISAR HV,-19.94
334320500400258238,6.88,NISAR HV,-18.741
334320500400258239,7.85,NISAR HV,-16.326
334320500400258240,24.09,NISAR HV,-13.765
334320500400258241,18.11,NISAR HV,-11.966
334320500400258242,25.63,NISAR HV,-11.184
334320500400258243,9.39,NISAR HV,-11.038
334320500400258244,14.81,NISAR HV,-10.791
334320500400258245,12.53,NISAR HV,-10.574
334320500400258246,13.2,NISAR HV,-10.187
334320500400258247,17.21,NISAR HV,-10.53
334320500400258248,11.22,NISAR HV,-10.947
334320500400258249,20.5,NISAR HV,-11.363
334320500400258250,14.1,NISAR HV,-11.274
334320500400258251,12.46,NISAR HV,-11.043
334320500400258252,19.34,NISAR HV,-10.641
334320500400258253,24.09,NISAR HV,-10.177
334320500400258254,23.38,NISAR HV,-9.958
334320500400258255,27.76,NISAR HV,-9.689
334320500400258256,32.63,NISAR HV,-9.751
334320500400258257,19.42,NISAR HV,-10.104
334320500400258258,23.83,NISAR HV,-10.728
334320500400258259,19.12,NISAR HV,-12.026
334320500400258260,23.49,NISAR HV,-12.263
334320500400258261,12.64,NISAR HV,-12.658
334320500400258262,12.27,NISAR HV,-12.365
334320500400258263,11.07,NISAR HV,-11.845
334320500400258264,16.95,NISAR HV,-12.093
334320500400258265,14.29,NISAR HV,-13.449
334320500400258266,6.58,NISAR HV,-14.341
334320500400258267,8.86,NISAR HV,-13.992
334320500400258268,6.39,NISAR HV,-13.153
334320500400258269,5.46,NISAR HV,-12.236
334320500400258270,5.65,NISAR HV,-11.94
334320500400258271,6.66,NISAR HV,-12.423
334320500400258272,5.23,NISAR HV,-12.86
334320600400967033,12.83,NISAR HV,-11.373
334320600400967034,23.5,NISAR HV,-10.435
334320600400967035,25.37,NISAR HV,-10.203
334320600400967036,26.83,NISAR HV,-7.626
334320600400967037,32.03,NISAR HV,-6.363
334320600400967038,15.26,NISAR HV,-6.404
334320600400967039,23.31,NISAR HV,-10.362
334320600400967040,14.51,NISAR HV,-10.971
334320600400967041,8.41,NISAR HV,-11.386
334320600400967042,8.53,NISAR HV,-11.754
334320600400967043,8.75,NISAR HV,-11.439
334320600400967044,14.85,NISAR HV,-11.032
334320600400967045,6.81,NISAR HV,-10.862
334320600400967046,6.21,NISAR HV,-11.864
334320600400967048,1.98,NISAR HV,-16.43
334320600400967049,2.02,NISAR HV,-16.422
334320600400967050,2.28,NISAR HV,-14.253
334320600400967051,2.39,NISAR HV,-13.741
334320600400967052,2.76,NISAR HV,-14.913
334320600400967053,2.13,NISAR HV,-16.678
334320600400967054,2.05,NISAR HV,-18.749
334320600400967055,2.24,NISAR HV,-17.314
334320600400967056,4.0,NISAR HV,-14.705
334320600400967057,6.47,NISAR HV,-13.646
334320600400967058,3.96,NISAR HV,-12.829
334320600400967059,5.01,NISAR HV,-12.869
334320600400967060,3.51,NISAR HV,-12.671
334320600400967061,6.58,NISAR HV,-13.017
334320600400967062,3.4,NISAR HV,-12.833
334320600400967063,4.97,NISAR HV,-12.246
334320600400967064,11.26,NISAR HV,-12.606
334320600400967065,15.19,NISAR HV,-13.203
334320600400967066,12.46,NISAR HV,-13.852
334320600400967067,7.85,NISAR HV,-13.481
334320600400967068,9.24,NISAR HV,-12.644
334320600400967069,13.62,NISAR HV,-12.473
334320600400967070,11.33,NISAR HV,-12.61
334320600400967071,5.23,NISAR HV,-12.764
334320600400967072,6.88,NISAR HV,-12.697
334320600400967073,4.11,NISAR HV,-12.787
334320600400967074,5.5,NISAR HV,-11.903
334320600400967075,19.27,NISAR HV,-11.191
334320600400967076,26.15,NISAR HV,-10.851
334320600400967077,20.84,NISAR HV,-10.672
334320600400967078,24.8,NISAR HV,-10.528
334320600400967079,26.49,NISAR HV,-11.203
334320600400967080,8.98,NISAR HV,-13.206
334320600400967081,8.26,NISAR HV,-15.041
334320600400967082,25.1,NISAR HV,-13.612
334320600400967083,20.13,NISAR HV,-12.408
334320600400967084,13.39,NISAR HV,-11.939
334320600400967085,29.67,NISAR HV,-11.992
334320600400967086,25.07,NISAR HV,-12.078
334320600400967087,21.36,NISAR HV,-12.918
334320600400967088,3.51,NISAR HV,-14.325
334320600400967089,3.89,NISAR HV,-13.703
334320600400967090,6.51,NISAR HV,-11.998
334320600400967091,15.9,NISAR HV,-11.354
334320600400967092,12.34,NISAR HV,-11.939
334320600400967093,4.64,NISAR HV,-12.731
334320600400967094,2.35,NISAR HV,-12.304
334320600400967095,13.28,NISAR HV,-11.318
334320600400967096,7.37,NISAR HV,-10.991
334320600400967097,6.88,NISAR HV,-11.271
334320600400967098,18.56,NISAR HV,-12.462
334320600400967099,8.12,NISAR HV,-14.008
334320600400967101,5.8,NISAR HV,-15.7
334320800400262635,28.05,NISAR HV,-10.603
334320800400262636,21.8,NISAR HV,-11.35
334320800400262637,25.36,NISAR HV,-11.464
334320800400262638,8.19,NISAR HV,-11.505
334320800400262639,6.02,NISAR HV,-11.541
334320800400262640,4.82,NISAR HV,-11.499
334320800400262641,6.65,NISAR HV,-12.024
334320800400262642,3.29,NISAR HV,-12.568
334320800400262643,4.0,NISAR HV,-12.33
334320800400262644,5.87,NISAR HV,-11.825
334320800400262645,3.44,NISAR HV,-11.669
334320800400262646,8.52,NISAR HV,-12.303
334320800400262647,6.77,NISAR HV,-13.93
334320800400262648,5.57,NISAR HV,-14.626
334320800400262649,8.45,NISAR HV,-15.749
334320800400262651,4.75,NISAR HV,-14.387
334320800400262652,20.38,NISAR HV,-13.398
334320800400262653,4.75,NISAR HV,-13.871
334320800400262654,5.64,NISAR HV,-13.762
334320800400262655,3.03,NISAR HV,-13.204
334320800400262656,4.37,NISAR HV,-13.057
334320800400262657,6.09,NISAR HV,-13.304
334320800400262658,6.2,NISAR HV,-13.2
334320800400262659,5.79,NISAR HV,-13.247
334320800400262660,9.91,NISAR HV,-13.202
334320800400262661,9.98,NISAR HV,-12.946
334320800400262662,17.95,NISAR HV,-13.36
334320800400262663,5.46,NISAR HV,-13.586
334320800400262664,9.91,NISAR HV,-13.802
334320800400262665,15.52,NISAR HV,-13.464
334320800400262666,11.97,NISAR HV,-13.254
334320800400262667,6.65,NISAR HV,-13.387
334320800400262668,4.97,NISAR HV,-13.776
334320800400262669,10.92,NISAR HV,-13.793
334320800400262670,8.37,NISAR HV,-13.574
334320800400262671,5.83,NISAR HV,-13.658
334320800400262672,4.15,NISAR HV,-12.926
334321100400257537,7.55,NISAR HV,-11.988
334321100400257538,8.08,NISAR HV,-11.886
334321100400257539,4.52,NISAR HV,-11.519
334321100400257540,9.16,NISAR HV,-11.138
334321100400257541,16.16,NISAR HV,-11.07
334321100400257542,9.01,NISAR HV,-10.918
334321100400257543,9.95,NISAR HV,-11.011
334321100400257544,6.69,NISAR HV,-11.12
334321100400257545,5.31,NISAR HV,-11.491
334321100400257546,7.33,NISAR HV,-12.693
334321100400257547,5.23,NISAR HV,-13.756
334321100400257548,4.3,NISAR HV,-13.833
334321100400257549,4.04,NISAR HV,-13.27
340730000400262456,18.95,NISAR HV,-10.284
340730000400262457,18.69,NISAR HV,-11.342
340730000400262458,11.59,NISAR HV,-11.709
340730000400262459,10.73,NISAR HV,-12.412
340730000400262460,9.98,NISAR HV,-12.521
340730000400262461,11.25,NISAR HV,-12.944
340730000400262463,2.24,NISAR HV,-13.53
340730000400262464,12.15,NISAR HV,-13.123
340730000400262465,12.45,NISAR HV,-12.999
340730000400262466,8.97,NISAR HV,-13.108
340730000400262472,11.43,NISAR HV,-13.415
340730000400262474,4.67,NISAR HV,-12.59
340730100400258033,12.07,NISAR HV,-13.092
340730100400258034,11.32,NISAR HV,-13.677
340730100400258036,3.47,NISAR HV,-12.841
340730100400258038,2.95,NISAR HV,-12.4
340730100400258040,6.76,NISAR HV,-12.395
340730100400258041,11.47,NISAR HV,-12.54
340730100400258042,8.37,NISAR HV,-12.285
340730100400258043,4.71,NISAR HV,-12.389
340730100400258044,6.24,NISAR HV,-11.717
340730200400263066,2.61,NISAR HV,-13.097
340730200400263069,9.31,NISAR HV,-13.284
340730200400263085,3.44,NISAR HV,-12.228
340730300400257952,13.31,NISAR HV,-9.699
340730300400257953,10.88,NISAR HV,-11.334
340730300400257954,7.47,NISAR HV,-11.771
340730300400257984,4.86,NISAR HV,-12.864
340730300400257985,8.26,NISAR HV,-13.165
340730300400257986,5.83,NISAR HV,-13.55
340730300400257987,8.86,NISAR HV,-13.411
340730300400257988,9.79,NISAR HV,-13.375
340730300400257989,12.75,NISAR HV,-12.875
340730300400257990,15.63,NISAR HV,-12.857
340730300400257991,6.69,NISAR HV,-13.473
340730300400257992,16.15,NISAR HV,-14.504
340730300400257993,12.07,NISAR HV,-14.801
340730300400257994,11.03,NISAR HV,-15.15
340730300400257995,7.18,NISAR HV,-15.376
340730500400257846,9.23,NISAR HV,-13.488
340730500400257847,8.41,NISAR HV,-14.163
340730500400257848,5.71,NISAR HV,-14.597
340730500400257849,6.09,NISAR HV,-14.232
340730500400257850,5.94,NISAR HV,-13.822
340730500400257851,5.15,NISAR HV,-13.215
340730500400257852,20.48,NISAR HV,-12.989
340730500400257853,2.2,NISAR HV,-13.646
340730500400257854,6.35,NISAR HV,-14.756
340730500400257855,19.47,NISAR HV,-15.58
340730500400257856,5.45,NISAR HV,-16.457
340730500400257857,6.95,NISAR HV,-17.545
340730500400257858,7.77,NISAR HV,-19.65
340730500400257859,4.37,NISAR HV,-20.297
340730500400257860,8.41,NISAR HV,-19.762
340730500400257861,14.84,NISAR HV,-16.669
340730500400257862,7.85,NISAR HV,-14.02
340730500400257863,19.58,NISAR HV,-12.313
340730500400257864,20.11,NISAR HV,-11.567
340730500400257865,17.83,NISAR HV,-11.337
340730500400257866,14.16,NISAR HV,-11.179
340730500400257867,19.29,NISAR HV,-10.591
340730500400257868,14.57,NISAR HV,-10.17
340730500400257869,23.47,NISAR HV,-10.408
340730500400257880,10.57,NISAR HV,-10.139
340730500400257881,17.34,NISAR HV,-11.088
340730500400257882,16.56,NISAR HV,-11.595
340730500400257884,13.79,NISAR HV,-12.053
340730500400257885,7.14,NISAR HV,-11.697
340730500400257886,16.11,NISAR HV,-12.052
340730500400257887,11.88,NISAR HV,-12.995
340730500400257888,7.85,NISAR HV,-13.933
340730500400257889,6.09,NISAR HV,-13.214
340730600400970055,4.71,NISAR HV,-10.778
340730600400970056,26.31,NISAR HV,-10.398
340730600400970063,21.38,NISAR HV,-13.282
340730600400970064,17.12,NISAR HV,-12.647
340730600400970065,17.01,NISAR HV,-11.9
340730600400970066,31.21,NISAR HV,-11.823
340730600400970067,17.23,NISAR HV,-13.049
340730600400970068,2.57,NISAR HV,-14.224
340730600400970069,2.95,NISAR HV,-13.701
340730600400970070,8.33,NISAR HV,-11.817
340730600400970071,11.55,NISAR HV,-11.643
340730600400970072,13.75,NISAR HV,-11.814
340730600400970073,3.1,NISAR HV,-12.899
340730600400970075,15.21,NISAR HV,-11.249
340730600400970076,4.26,NISAR HV,-11.274
356600000400197094,3.25,NISAR HV,-13.74
356600000400197102,5.27,NISAR HV,-14.058
356600000400197105,2.77,NISAR HV,-13.262
356600000400197116,2.84,NISAR HV,-12.508
356600000400197149,3.22,NISAR HV,-13.182
356600100400192436,3.96,NISAR HV,-14.51
356600100400192468,3.07,NISAR HV,-14.668
356600100400192471,4.53,NISAR HV,-12.779
356600100400192480,4.0,NISAR HV,-13.265
356600100400192483,3.4,NISAR HV,-13.791
356600100400192484,3.74,NISAR HV,-13.164
356600100400192485,5.31,NISAR HV,-13.099
356600100400192486,3.55,NISAR HV,-12.938
356600100400192487,4.41,NISAR HV,-13.095
356600100400192489,4.53,NISAR HV,-13.792
356600100400192491,6.77,NISAR HV,-14.532
356600100400192492,8.57,NISAR HV,-14.471
356600100400192493,4.19,NISAR HV,-13.952
356600100400192496,4.08,NISAR HV,-12.737
356600100400192538,2.77,NISAR HV,-12.457
356600200400197666,3.59,NISAR HV,-14.144
356600200400197717,4.0,NISAR HV,-12.397
356600200400197718,3.93,NISAR HV,-12.394
356600200400197722,3.14,NISAR HV,-12.399
356600200400197723,3.37,NISAR HV,-12.912
356600200400197728,3.78,NISAR HV,-12.209
356600200400197729,3.52,NISAR HV,-11.959
356600200400197730,3.59,NISAR HV,-12.143
356600200400197745,18.94,NISAR HV,-11.476
356600200400197748,18.5,NISAR HV,-11.156
356600200400197750,18.76,NISAR HV,-11.467
356600200400197751,22.13,NISAR HV,-11.661
356600200400197752,20.29,NISAR HV,-11.567
356600200400197754,20.18,NISAR HV,-11.208
356600200400197755,18.05,NISAR HV,-11.203
356600200400197757,14.3,NISAR HV,-11.399
356600200400197758,18.46,NISAR HV,-11.441
356600200400197760,20.74,NISAR HV,-12.24
356600200400197761,18.23,NISAR HV,-14.161
356600300400192470,3.29,NISAR HV,-13.389
356600300400192475,10.44,NISAR HV,-10.839
356600300400192485,7.67,NISAR HV,-11.908
356600300400192557,2.8,NISAR HV,-12.927
356600300400192560,2.99,NISAR HV,-12.417
356600300400192565,3.96,NISAR HV,-12.27
356600300400192566,3.93,NISAR HV,-12.434
356600300400192571,22.73,NISAR HV,-11.93
356600300400192573,16.62,NISAR HV,-11.584
356600300400192575,19.1,NISAR HV,-12.3
356600300400192578,20.14,NISAR HV,-11.979
356600300400192579,18.35,NISAR HV,-11.763
356600300400192584,24.3,NISAR HV,-11.241
356600300400192587,19.21,NISAR HV,-11.448
356600300400192588,21.27,NISAR HV,-11.254
356600300400192589,22.77,NISAR HV,-11.174
356600300400192590,24.08,NISAR HV,-10.935
356600300400192591,23.03,NISAR HV,-11.013
356600300400192592,24.45,NISAR HV,-11.015
356600300400192593,20.93,NISAR HV,-11.149
356600300400192594,18.05,NISAR HV,-11.246
356600300400192595,17.86,NISAR HV,-11.212
356600300400192596,25.8,NISAR HV,-11.074
356600300400192597,19.51,NISAR HV,-11.215
356600300400192598,18.61,NISAR HV,-10.908
356600300400192599,16.55,NISAR HV,-11.648
356600300400192600,13.59,NISAR HV,-12.122
356600300400192601,18.31,NISAR HV,-11.335
356600300400192602,17.63,NISAR HV,-11.598
356600300400192603,24.0,NISAR HV,-11.88
356600300400192604,22.54,NISAR HV,-12.394
356600300400192605,21.23,NISAR HV,-11.978
356600300400192606,21.75,NISAR HV,-11.587
356600300400192607,19.92,NISAR HV,-11.463
356600300400192608,23.66,NISAR HV,-11.596
356600300400192609,24.34,NISAR HV,-11.497
356600300400192610,20.44,NISAR HV,-11.485
356600300400192611,26.36,NISAR HV,-11.777
356600300400192612,20.26,NISAR HV,-12.946
356600300400192616,20.03,NISAR HV,-14.861
356600300400192622,10.93,NISAR HV,-12.843
356600500400192354,2.24,NISAR HV,-17.461
356600500400192356,7.48,NISAR HV,-15.137
356600500400192357,4.0,NISAR HV,-14.652
356600500400192358,3.22,NISAR HV,-14.819
356600500400192359,4.08,NISAR HV,-14.752
356600500400192360,3.66,NISAR HV,-14.935
356600500400192361,4.23,NISAR HV,-14.468
356600500400192362,4.49,NISAR HV,-14.667
356600500400192363,4.34,NISAR HV,-15.138
356600500400192364,4.94,NISAR HV,-14.856
356600500400192378,3.18,NISAR HV,-14.127
356600500400192379,2.73,NISAR HV,-13.735
356600500400192382,5.91,NISAR HV,-13.76
356600500400192383,7.52,NISAR HV,-13.356
356600500400192384,3.33,NISAR HV,-13.259
356600500400192385,4.11,NISAR HV,-13.185
356600500400192386,2.8,NISAR HV,-14.056
356600500400192387,3.29,NISAR HV,-15.358
356600500400192388,4.56,NISAR HV,-14.488
356600500400192389,5.91,NISAR HV,-14.281
356600500400192390,6.59,NISAR HV,-14.666
356600500400192391,4.04,NISAR HV,-15.156
356600500400192392,5.46,NISAR HV,-14.869
356600500400192393,6.92,NISAR HV,-14.457
356600500400192394,5.72,NISAR HV,-14.898
356600500400192395,7.11,NISAR HV,-15.829
356600500400192396,5.13,NISAR HV,-17.872
356600500400192421,3.4,NISAR HV,-11.872
356600500400192422,4.23,NISAR HV,-11.991
356600500400192423,5.61,NISAR HV,-12.224
356600500400192424,4.04,NISAR HV,-11.926
356600500400192425,4.64,NISAR HV,-11.847
356600500400192426,3.18,NISAR HV,-12.027
356600500400192427,4.23,NISAR HV,-12.312
356600500400192428,3.93,NISAR HV,-12.377
356600500400192429,4.19,NISAR HV,-12.587
356600500400192430,3.25,NISAR HV,-12.778
356600500400192431,3.07,NISAR HV,-12.877
356600500400192434,2.65,NISAR HV,-12.152
356600500400192435,4.19,NISAR HV,-11.923
356600500400192436,2.8,NISAR HV,-11.596
356600500400192437,22.84,NISAR HV,-11.028
356600500400192438,26.28,NISAR HV,-11.001
356600500400192439,24.11,NISAR HV,-10.806
356600500400192440,11.42,NISAR HV,-11.306
356600500400192441,2.32,NISAR HV,-12.124
356600500400192442,2.47,NISAR HV,-12.127
356600500400192443,2.95,NISAR HV,-12.008
356600500400192444,7.48,NISAR HV,-11.906
356600500400192445,2.92,NISAR HV,-12.978
356600500400192446,2.32,NISAR HV,-13.127
356600500400192447,2.58,NISAR HV,-13.214
356600500400192448,2.54,NISAR HV,-13.509
356600500400192449,4.11,NISAR HV,-13.661
356600500400192450,3.4,NISAR HV,-13.249
356600500400192451,2.54,NISAR HV,-13.07
356600500400192452,2.8,NISAR HV,-13.077
356600500400192453,3.48,NISAR HV,-13.111
356600500400192454,18.31,NISAR HV,-13.267
356600500400192455,5.2,NISAR HV,-13.277
356600500400192456,2.28,NISAR HV,-12.824
356600500400192457,20.52,NISAR HV,-12.047
356600500400192458,23.32,NISAR HV,-12.008
356600500400192459,22.87,NISAR HV,-11.558
356600500400192460,23.1,NISAR HV,-11.124
356600500400192461,19.8,NISAR HV,-12.264
356600500400192462,2.09,NISAR HV,-13.149
356600500400192463,5.46,NISAR HV,-14.78
356600500400192464,3.7,NISAR HV,-14.607
356600500400192465,4.68,NISAR HV,-14.187
356600500400192466,4.04,NISAR HV,-13.899
356600500400192467,2.5,NISAR HV,-13.75
356600500400192468,3.14,NISAR HV,-13.238
356600500400192469,12.5,NISAR HV,-12.547
356600500400192470,21.04,NISAR HV,-12.062
356600500400192471,19.13,NISAR HV,-12.257
356600500400192472,2.92,NISAR HV,-14.135
356600600401033474,4.11,NISAR HV,-14.553
356600600401033475,3.29,NISAR HV,-14.133
356600600401033476,5.87,NISAR HV,-13.649
356600600401033477,6.81,NISAR HV,-12.902
356600600401033478,4.15,NISAR HV,-12.66
356600600401033479,4.0,NISAR HV,-12.668
356600600401033499,8.46,NISAR HV,-16.82
356600600401033500,7.56,NISAR HV,-17.251
356600600401033501,4.71,NISAR HV,-17.169
356600600401033502,6.1,NISAR HV,-15.961
356600600401033504,3.22,NISAR HV,-13.356
356600600401033505,4.08,NISAR HV,-13.311
356600600401033506,2.92,NISAR HV,-13.702
356600600401033507,2.73,NISAR HV,-12.671
356600600401033508,2.47,NISAR HV,-12.604
356600600401033509,3.29,NISAR HV,-12.862
356600600401033510,2.5,NISAR HV,-13.119
356600600401033511,2.8,NISAR HV,-12.529
356600600401033512,2.95,NISAR HV,-12.99
356600600401033513,2.69,NISAR HV,-12.565
356600600401033533,2.32,NISAR HV,-12.702
356600600401033534,2.92,NISAR HV,-12.511
356600600401033536,2.35,NISAR HV,-12.248
356600600401033537,2.58,NISAR HV,-12.482
356600600401033538,2.99,NISAR HV,-12.265
356600600401033539,2.43,NISAR HV,-11.98
356600600401033540,3.96,NISAR HV,-11.761
356600600401033541,3.29,NISAR HV,-11.474
356600600401033542,2.5,NISAR HV,-11.898
356600600401033543,3.18,NISAR HV,-12.299
356600600401033544,2.73,NISAR HV,-12.769
356600600401033545,2.73,NISAR HV,-12.837
356600600401033546,3.52,NISAR HV,-13.188
356600600401033547,2.54,NISAR HV,-14.2
356600600401033548,3.55,NISAR HV,-14.081
356600600401033550,2.47,NISAR HV,-12.846
356600600401033551,2.8,NISAR HV,-12.581
356600600401033552,2.88,NISAR HV,-12.485
356600600401033553,2.77,NISAR HV,-12.996
356600600401033554,5.42,NISAR HV,-13.689
356600600401033555,2.92,NISAR HV,-14.472
356600600401033556,19.43,NISAR HV,-12.575
356600600401033557,27.41,NISAR HV,-11.738
356600600401033558,35.57,NISAR HV,-11.37
356600600401033559,32.31,NISAR HV,-11.167
356600600401033560,27.56,NISAR HV,-10.937
356600600401033561,23.81,NISAR HV,-10.901
356600600401033562,25.01,NISAR HV,-11.447
356600600401033563,25.12,NISAR HV,-11.912
356600600401033564,23.4,NISAR HV,-11.727
356600600401033565,22.39,NISAR HV,-11.42
356600600401033566,22.09,NISAR HV,-11.428
356600600401033567,22.73,NISAR HV,-11.083
356600600401033568,21.98,NISAR HV,-10.797
356600600401033569,23.36,NISAR HV,-10.749
356600600401033570,2.28,NISAR HV,-11.652
356600600401033571,3.18,NISAR HV,-12.229
356600600401033572,3.03,NISAR HV,-12.323
356600600401033573,2.58,NISAR HV,-12.592
356600600401033574,3.63,NISAR HV,-13.086
356600600401033575,2.92,NISAR HV,-15.311
356600600401033576,3.4,NISAR HV,-15.729
356600600401033577,2.02,NISAR HV,-17.724
356600600401033578,2.02,NISAR HV,-17.985
356600600401033579,2.54,NISAR HV,-16.289
356600600401033580,3.14,NISAR HV,-15.791
356600600401033581,2.5,NISAR HV,-15.822
356600600401033582,5.05,NISAR HV,-15.946
356600600401033583,2.73,NISAR HV,-15.039
356600600401033610,16.43,NISAR HV,-11.777
356600600401033611,14.6,NISAR HV,-11.936
356600600401033612,2.5,NISAR HV,-11.779
356600600401033613,2.73,NISAR HV,-12.045
356600600401033614,2.32,NISAR HV,-12.182
356600600401033615,2.43,NISAR HV,-12.317
356600600401033616,3.1,NISAR HV,-12.853
356600600401033617,2.92,NISAR HV,-13.565
356600600401033618,3.22,NISAR HV,-14.05
356600600401033619,3.44,NISAR HV,-13.852
356600600401033620,3.18,NISAR HV,-13.593
356600800400197103,5.99,NISAR HV,-11.927
356600800400197104,11.9,NISAR HV,-11.845
356600800400197105,9.65,NISAR HV,-11.702
356600800400197106,10.55,NISAR HV,-12.111
356600800400197114,5.5,NISAR HV,-11.974
356600800400197115,3.78,NISAR HV,-12.846
356600800400197177,4.53,NISAR HV,-12.768
356600800400197178,3.89,NISAR HV,-12.148
356600800400197180,8.08,NISAR HV,-11.572
356600800400197181,5.16,NISAR HV,-12.457
356600800400197182,8.79,NISAR HV,-12.862
356600800400197183,5.8,NISAR HV,-13.455
356600800400197184,11.38,NISAR HV,-14.326
356600800400197186,4.34,NISAR HV,-13.545
356600800400197187,5.35,NISAR HV,-13.193
356600800400197188,12.35,NISAR HV,-13.465
356600800400197189,3.29,NISAR HV,-13.113
356600800400197190,12.8,NISAR HV,-12.102
356600800400197191,5.35,NISAR HV,-12.2
356600800400197192,8.01,NISAR HV,-13.106
356600800400197193,20.44,NISAR HV,-13.263
356600800400197194,5.35,NISAR HV,-13.501
356600800400197195,4.23,NISAR HV,-13.804
356600800400197196,4.15,NISAR HV,-14.28
356600800400197197,3.96,NISAR HV,-14.431
356600800400197198,2.92,NISAR HV,-13.642
356600800400197199,4.23,NISAR HV,-13.743
356600800400197200,9.58,NISAR HV,-13.301
356600800400197210,5.8,NISAR HV,-15.474
356600800400197211,3.81,NISAR HV,-15.53
356600800400197212,5.76,NISAR HV,-15.563
356600800400197213,5.27,NISAR HV,-14.912
356600800400197214,3.78,NISAR HV,-13.997
356600800400197215,3.25,NISAR HV,-13.671
356600800400197216,4.04,NISAR HV,-13.013
356600800400197219,2.69,NISAR HV,-13.097
356600800400197222,3.48,NISAR HV,-12.369
356600800400197225,4.3,NISAR HV,-13.382
356600800400197226,4.19,NISAR HV,-13.049
356600800400197227,4.23,NISAR HV,-12.596
356600800400197228,3.93,NISAR HV,-12.834
356600800400197229,14.93,NISAR HV,-12.485
356600800400197230,22.72,NISAR HV,-11.759
356600800400197231,4.49,NISAR HV,-11.626
356600800400197232,13.14,NISAR HV,-11.744
356600800400197233,13.55,NISAR HV,-12.592
356600800400197234,13.32,NISAR HV,-13.693
356600800400197235,4.11,NISAR HV,-14.382
356600800400197236,2.43,NISAR HV,-13.026
356600800400197237,4.45,NISAR HV,-12.184
356600800400197238,3.4,NISAR HV,-11.821
356600800400197239,6.73,NISAR HV,-11.959
356600800400197240,3.51,NISAR HV,-12.611
356600800400197241,5.05,NISAR HV,-12.281
356600800400197242,11.68,NISAR HV,-12.265
356600800400197246,17.22,NISAR HV,-11.314
356600800400197248,20.51,NISAR HV,-11.036
356600800400197249,24.41,NISAR HV,-10.967
356600800400197250,18.27,NISAR HV,-11.118
356600800400197251,3.51,NISAR HV,-11.924
356600800400197252,2.5,NISAR HV,-12.447
356600800400197253,2.84,NISAR HV,-12.648
356600800400197254,3.44,NISAR HV,-12.53
356600800400197255,3.85,NISAR HV,-13.26
356600800400197256,2.24,NISAR HV,-13.027
356600800400197257,3.25,NISAR HV,-13.034
356600800400197258,5.57,NISAR HV,-13.843
356600800400197259,2.39,NISAR HV,-14.81
356600800400197260,5.09,NISAR HV,-14.559
356600800400197261,2.84,NISAR HV,-13.179
356600800400197262,3.36,NISAR HV,-12.864
356600800400197263,3.63,NISAR HV,-12.564
356600800400197264,3.44,NISAR HV,-12.545
356600800400197265,2.77,NISAR HV,-12.482
356600800400197266,2.8,NISAR HV,-12.539
356600800400197267,3.96,NISAR HV,-12.828
356600800400197268,2.8,NISAR HV,-12.512
356600800400197275,2.69,NISAR HV,-13.238
356600800400197277,2.58,NISAR HV,-13.143
356600800400197278,2.95,NISAR HV,-12.95
356600800400197279,4.41,NISAR HV,-13.6
356600800400197287,3.25,NISAR HV,-13.022
356600800400197288,2.84,NISAR HV,-12.766
356600800400197289,2.92,NISAR HV,-12.857
356600800400197290,2.5,NISAR HV,-13.574
356600800400197291,4.11,NISAR HV,-13.569
356600800400197292,2.58,NISAR HV,-13.077
356600800400197302,19.24,NISAR HV,-11.98
356600800400197326,3.51,NISAR HV,-12.776
356600800400197327,2.77,NISAR HV,-12.989
356600800400197328,4.19,NISAR HV,-12.772
356600800400197329,2.95,NISAR HV,-12.798
356600800400197330,5.39,NISAR HV,-13.189
356600800400197331,3.25,NISAR HV,-13.979
356600800400197334,4.04,NISAR HV,-14.386
356600800400197335,4.86,NISAR HV,-14.72
356600800400197336,3.66,NISAR HV,-14.561
356600800400197337,5.42,NISAR HV,-14.114
356600800400197338,2.92,NISAR HV,-14.659
356600800400197339,2.95,NISAR HV,-14.803
356600800400197340,3.4,NISAR HV,-14.526
356600800400197341,3.03,NISAR HV,-13.98
356600800400197342,2.88,NISAR HV,-13.802
356600800400197343,3.89,NISAR HV,-13.892
356600800400197344,2.69,NISAR HV,-13.586
356600800400197345,2.88,NISAR HV,-13.526
356600800400197346,3.7,NISAR HV,-13.543
356600800400197347,3.4,NISAR HV,-14.334
356600800400197348,2.62,NISAR HV,-14.747
356600800400197349,2.8,NISAR HV,-14.643
356601100400191849,2.13,NISAR HV,-13.108
356601100400191854,6.81,NISAR HV,-12.969
356601100400191855,5.61,NISAR HV,-12.44
356601100400191856,4.45,NISAR HV,-12.367
356601100400191857,4.04,NISAR HV,-12.134
356601100400191858,9.8,NISAR HV,-12.007
356601100400191859,6.02,NISAR HV,-11.746
356601100400191860,8.31,NISAR HV,-12.198
356601100400191861,11.04,NISAR HV,-12.279
356601100400191887,4.11,NISAR HV,-13.604
356601100400191907,8.98,NISAR HV,-12.893
356601100400191908,7.82,NISAR HV,-12.624
356601100400191909,6.7,NISAR HV,-13.257
356601100400191910,5.01,NISAR HV,-14.024
356601100400191911,3.59,NISAR HV,-14.939
356601100400191912,3.78,NISAR HV,-15.075
356601100400191913,5.61,NISAR HV,-15.536
356601100400191914,3.63,NISAR HV,-15.439
356601100400191915,2.73,NISAR HV,-15.932
356601100400191916,2.77,NISAR HV,-15.812
356601100400191917,2.58,NISAR HV,-14.491
356601100400191918,4.11,NISAR HV,-12.981
356601100400191919,5.01,NISAR HV,-12.204
356601100400191920,4.83,NISAR HV,-12.168
356601100400191928,15.27,NISAR HV,-12.201
356601100400191929,4.26,NISAR HV,-11.753
356601100400191930,3.85,NISAR HV,-12.199
356601100400191931,4.19,NISAR HV,-12.637
356601100400191932,6.51,NISAR HV,-13.192
356601100400191933,8.12,NISAR HV,-14.127
356601100400191934,7.3,NISAR HV,-15.493
356601100400191935,3.59,NISAR HV,-16.003
356601100400191936,5.65,NISAR HV,-15.167
356601100400191964,9.84,NISAR HV,-12.836
356601100400191965,5.61,NISAR HV,-13.248
356601100400191966,3.22,NISAR HV,-13.104
356601100400191967,4.26,NISAR HV,-12.666
356601100400191968,10.1,NISAR HV,-12.735
356601100400191969,3.03,NISAR HV,-12.841
356601100400191970,3.18,NISAR HV,-12.35
356601100400191971,4.04,NISAR HV,-12.375
356601100400191972,7.63,NISAR HV,-12.315
356601100400191973,5.76,NISAR HV,-12.499
356601100400191974,20.89,NISAR HV,-12.93
356601100400191975,7.9,NISAR HV,-13.522
356601100400191976,12.69,NISAR HV,-13.256
356601100400191977,4.6,NISAR HV,-13.282
356601100400191978,6.62,NISAR HV,-12.507
356601100400191979,4.3,NISAR HV,-13.208
356601100400191980,11.0,NISAR HV,-13.162
356601100400191981,21.49,NISAR HV,-12.739
356601100400191982,24.26,NISAR HV,-11.953
356601100400191986,4.97,NISAR HV,-12.483
356601100400191987,3.59,NISAR HV,-12.35
356601100400191988,3.1,NISAR HV,-11.965
356601100400191989,4.34,NISAR HV,-12.772
356601100400191990,4.08,NISAR HV,-12.757
356601100400191997,2.54,NISAR HV,-13.265
356601100400192061,6.25,NISAR HV,-15.364
356601100400192062,3.96,NISAR HV,-13.945
356601100400192063,4.6,NISAR HV,-14.284
356601100400192064,6.47,NISAR HV,-16.224
356601100400192065,3.48,NISAR HV,-15.954
356601100400192066,3.18,NISAR HV,-15.205
356601100400192067,3.78,NISAR HV,-15.533
356601100400192068,2.65,NISAR HV,-17.26
356601100400192069,2.17,NISAR HV,-16.572
356601100400192070,7.78,NISAR HV,-14.057
356601100400192071,18.01,NISAR HV,-12.372
356601100400192072,19.43,NISAR HV,-11.665
356601100400192073,18.27,NISAR HV,-11.588
356601100400192074,3.66,NISAR HV,-12.325
356601100400192078,3.59,NISAR HV,-14.516
356601100400192079,3.18,NISAR HV,-14.146
356601100400192080,3.29,NISAR HV,-14.027
356601100400192081,2.77,NISAR HV,-14.062
356601100400192082,3.7,NISAR HV,-14.084
356601100400192083,4.75,NISAR HV,-14.734
356601100400192084,2.43,NISAR HV,-14.792
356601100400192085,2.54,NISAR HV,-14.398
356601100400192086,4.49,NISAR HV,-15.043
356601100400192087,8.53,NISAR HV,-14.4
356601100400192088,3.85,NISAR HV,-14.562
356601100400192089,2.99,NISAR HV,-14.483
356601100400192090,10.37,NISAR HV,-14.64
356601100400192091,4.9,NISAR HV,-13.392
356601100400192092,11.75,NISAR HV,-12.408
356601100400192093,2.99,NISAR HV,-12.612
356601100400192094,2.54,NISAR HV,-13.672
356601100400192095,2.54,NISAR HV,-13.612
356601100400192096,2.54,NISAR HV,-13.75
356601100400192097,4.45,NISAR HV,-14.509
334320000400262741,15.08,PALSAR2 HV,-12.549
334320000400262742,18.44,PALSAR2 HV,-11.818
334320000400262746,16.98,PALSAR2 HV,-11.673
334320000400262747,20.32,PALSAR2 HV,-11.993
334320000400262749,19.16,PALSAR2 HV,-11.506
334320000400262750,15.79,PALSAR2 HV,-11.01
334320000400262754,4.6,PALSAR2 HV,-11.255
334320000400262764,14.25,PALSAR2 HV,-10.559
334320000400262766,22.75,PALSAR2 HV,-11.018
334320000400262773,12.12,PALSAR2 HV,-12.044
334320000400262785,7.03,PALSAR2 HV,-11.921
334320000400262792,5.87,PALSAR2 HV,-12.212
334320000400262799,2.28,PALSAR2 HV,-11.628
334320000400262809,14.18,PALSAR2 HV,-11.935
334320000400262812,27.28,PALSAR2 HV,-10.205
334320000400262814,5.27,PALSAR2 HV,-9.897
334320000400262815,25.29,PALSAR2 HV,-10.63
334320000400262856,10.32,PALSAR2 HV,-13.575
334320000400262858,16.91,PALSAR2 HV,-11.59
334320000400262859,19.64,PALSAR2 HV,-10.462
334320000400262865,13.02,PALSAR2 HV,-10.916
334320000400262866,24.84,PALSAR2 HV,-10.64
334320000400262877,10.06,PALSAR2 HV,-11.031
334320000400262880,22.0,PALSAR2 HV,-10.895
334320000400262881,24.88,PALSAR2 HV,-10.775
334320000400262885,10.59,PALSAR2 HV,-11.347
334320000400262886,11.11,PALSAR2 HV,-11.421
334320000400262903,10.29,PALSAR2 HV,-9.452
334320000400262904,13.02,PALSAR2 HV,-9.923
334320000400262905,16.09,PALSAR2 HV,-10.703
334320000400262908,14.25,PALSAR2 HV,-11.143
334320000400262910,12.98,PALSAR2 HV,-11.008
334320000400262917,23.61,PALSAR2 HV,-10.519
334320100400258132,10.62,PALSAR2 HV,-11.343
334320100400258139,2.35,PALSAR2 HV,-13.724
334320100400258140,8.15,PALSAR2 HV,-13.543
334320100400258143,10.7,PALSAR2 HV,-12.665
334320100400258144,11.48,PALSAR2 HV,-13.001
334320100400258145,7.03,PALSAR2 HV,-13.406
334320100400258154,13.54,PALSAR2 HV,-10.199
334320100400258156,30.42,PALSAR2 HV,-10.511
334320100400258157,23.65,PALSAR2 HV,-10.63
334320100400258158,14.33,PALSAR2 HV,-11.011
334320100400258159,12.61,PALSAR2 HV,-10.822
334320100400258160,23.83,PALSAR2 HV,-11.063
334320100400258161,12.53,PALSAR2 HV,-11.243
334320100400258163,10.14,PALSAR2 HV,-11.087
334320100400258166,7.52,PALSAR2 HV,-13.176
334320100400258180,9.09,PALSAR2 HV,-13.661
334320100400258185,9.5,PALSAR2 HV,-11.406
334320100400258186,9.35,PALSAR2 HV,-11.951
334320100400258188,2.35,PALSAR2 HV,-12.363
334320100400258197,6.47,PALSAR2 HV,-13.079
334320100400258200,11.03,PALSAR2 HV,-11.166
334320100400258201,11.82,PALSAR2 HV,-11.31
334320100400258205,7.55,PALSAR2 HV,-12.482
334320100400258208,4.26,PALSAR2 HV,-12.265
334320100400258210,7.82,PALSAR2 HV,-14.323
334320100400258211,3.81,PALSAR2 HV,-14.073
334320100400258216,9.01,PALSAR2 HV,-11.868
334320100400258221,10.89,PALSAR2 HV,-11.941
334320100400258227,7.85,PALSAR2 HV,-11.872
334320100400258228,9.01,PALSAR2 HV,-12.903
334320100400258229,4.75,PALSAR2 HV,-12.838
334320100400258235,23.01,PALSAR2 HV,-10.884
334320100400258239,6.69,PALSAR2 HV,-12.342
334320100400258241,11.6,PALSAR2 HV,-15.676
334320100400258244,8.27,PALSAR2 HV,-11.434
334320100400258250,5.95,PALSAR2 HV,-10.863
334320100400258263,13.92,PALSAR2 HV,-11.611
334320100400258266,3.36,PALSAR2 HV,-10.995
334320100400258279,16.42,PALSAR2 HV,-10.403
334320100400258280,22.37,PALSAR2 HV,-10.548
334320100400258281,8.08,PALSAR2 HV,-10.217
334320100400258283,23.61,PALSAR2 HV,-10.172
334320100400258291,21.44,PALSAR2 HV,-9.917
334320100400258292,25.03,PALSAR2 HV,-11.249
334320200400263183,14.03,PALSAR2 HV,-13.45
334320200400263184,15.53,PALSAR2 HV,-14.102
334320200400263185,4.94,PALSAR2 HV,-14.512
334320200400263198,27.32,PALSAR2 HV,-11.252
334320200400263200,18.56,PALSAR2 HV,-11.507
334320200400263202,19.57,PALSAR2 HV,-11.362
334320200400263203,21.26,PALSAR2 HV,-11.635
334320200400263206,16.58,PALSAR2 HV,-10.557
334320200400263209,19.57,PALSAR2 HV,-11.169
334320200400263211,25.11,PALSAR2 HV,-10.712
334320200400263218,2.02,PALSAR2 HV,-13.087
334320200400263220,6.47,PALSAR2 HV,-13.13
334320200400263223,9.46,PALSAR2 HV,-15.451
334320200400263225,17.1,PALSAR2 HV,-13.547
334320200400263226,10.25,PALSAR2 HV,-12.405
334320200400263230,10.4,PALSAR2 HV,-13.294
334320200400263233,4.9,PALSAR2 HV,-12.263
334320200400263235,3.18,PALSAR2 HV,-11.849
334320200400263239,8.57,PALSAR2 HV,-11.63
334320200400263242,5.2,PALSAR2 HV,-10.612
334320200400263243,7.03,PALSAR2 HV,-11.155
334320200400263258,3.59,PALSAR2 HV,-10.886
334320200400263262,20.36,PALSAR2 HV,-10.136
334320200400263263,21.41,PALSAR2 HV,-9.598
334320200400263270,7.03,PALSAR2 HV,-10.786
334320200400263272,23.16,PALSAR2 HV,-10.541
334320200400263274,18.82,PALSAR2 HV,-9.877
334320200400263275,13.54,PALSAR2 HV,-10.626
334320200400263277,25.9,PALSAR2 HV,-11.328
334320200400263279,21.59,PALSAR2 HV,-11.909
334320200400263280,27.28,PALSAR2 HV,-11.009
334320200400263281,16.88,PALSAR2 HV,-10.728
334320200400263282,25.07,PALSAR2 HV,-10.784
334320200400263283,19.65,PALSAR2 HV,-10.467
334320200400263285,25.67,PALSAR2 HV,-10.905
334320200400263286,25.26,PALSAR2 HV,-9.863
334320200400263287,32.71,PALSAR2 HV,-10.237
334320200400263292,8.79,PALSAR2 HV,-9.78
334320200400263304,3.18,PALSAR2 HV,-12.228
334320200400263320,13.4,PALSAR2 HV,-10.643
334320200400263322,14.67,PALSAR2 HV,-9.943
334320200400263325,13.69,PALSAR2 HV,-10.53
334320200400263327,14.29,PALSAR2 HV,-11.637
334320300400258245,14.63,PALSAR2 HV,-12.07
334320300400258247,6.06,PALSAR2 HV,-11.928
334320300400258248,11.86,PALSAR2 HV,-11.856
334320300400258249,12.91,PALSAR2 HV,-12.23
334320300400258251,16.2,PALSAR2 HV,-11.927
334320300400258253,11.0,PALSAR2 HV,-12.131
334320300400258254,6.99,PALSAR2 HV,-12.095
334320300400258255,23.61,PALSAR2 HV,-11.986
334320300400258256,19.12,PALSAR2 HV,-11.676
334320300400258259,26.38,PALSAR2 HV,-11.482
334320300400258260,14.33,PALSAR2 HV,-11.129
334320300400258261,21.93,PALSAR2 HV,-12.115
334320300400258263,11.94,PALSAR2 HV,-11.972
334320300400258264,18.75,PALSAR2 HV,-11.74
334320300400258267,23.84,PALSAR2 HV,-11.377
334320300400258269,16.69,PALSAR2 HV,-11.148
334320300400258270,22.0,PALSAR2 HV,-12.168
334320300400258272,16.91,PALSAR2 HV,-13.203
334320300400258275,8.57,PALSAR2 HV,-11.762
334320300400258279,5.57,PALSAR2 HV,-12.284
334320300400258280,6.84,PALSAR2 HV,-12.196
334320300400258282,12.23,PALSAR2 HV,-13.441
334320300400258284,17.1,PALSAR2 HV,-12.794
334320300400258286,12.46,PALSAR2 HV,-12.748
334320300400258288,8.19,PALSAR2 HV,-11.23
334320300400258290,8.64,PALSAR2 HV,-11.77
334320300400258293,6.4,PALSAR2 HV,-11.299
334320300400258294,4.97,PALSAR2 HV,-11.111
334320300400258305,8.01,PALSAR2 HV,-12.752
334320300400258310,11.26,PALSAR2 HV,-12.245
334320300400258312,15.68,PALSAR2 HV,-13.103
334320300400258313,9.13,PALSAR2 HV,-13.604
334320300400258319,27.73,PALSAR2 HV,-9.993
334320300400258320,22.27,PALSAR2 HV,-10.04
334320300400258324,19.95,PALSAR2 HV,-10.634
334320300400258327,17.92,PALSAR2 HV,-9.954
334320300400258328,18.9,PALSAR2 HV,-9.772
334320300400258330,17.81,PALSAR2 HV,-9.918
334320300400258332,24.51,PALSAR2 HV,-10.905
334320300400258333,14.86,PALSAR2 HV,-11.21
334320300400258335,24.81,PALSAR2 HV,-9.854
334320300400258336,6.99,PALSAR2 HV,-9.722
334320300400258337,4.3,PALSAR2 HV,-10.012
334320300400258338,5.5,PALSAR2 HV,-10.619
334320300400258339,18.11,PALSAR2 HV,-11.289
334320300400258340,4.19,PALSAR2 HV,-10.731
334320300400258343,16.76,PALSAR2 HV,-10.249
334320300400258345,8.9,PALSAR2 HV,-10.225
334320300400258346,9.69,PALSAR2 HV,-10.228
334320300400258347,5.42,PALSAR2 HV,-10.743
334320300400258350,6.43,PALSAR2 HV,-10.863
334320300400258355,2.58,PALSAR2 HV,-12.444
334320300400258360,6.88,PALSAR2 HV,-10.4
334320300400258363,10.63,PALSAR2 HV,-12.051
334320300400258365,2.76,PALSAR2 HV,-16.06
334320300400258366,3.55,PALSAR2 HV,-20.105
334320500400258178,12.68,PALSAR2 HV,-12.85
334320500400258179,13.28,PALSAR2 HV,-12.705
334320500400258180,5.23,PALSAR2 HV,-12.899
334320500400258181,5.35,PALSAR2 HV,-12.411
334320500400258182,6.02,PALSAR2 HV,-12.406
334320500400258183,12.23,PALSAR2 HV,-11.453
334320500400258184,17.25,PALSAR2 HV,-11.055
334320500400258185,16.8,PALSAR2 HV,-10.601
334320500400258186,25.74,PALSAR2 HV,-10.736
334320500400258187,23.72,PALSAR2 HV,-11.017
334320500400258188,29.18,PALSAR2 HV,-11.24
334320500400258189,30.23,PALSAR2 HV,-12.141
334320500400258190,25.22,PALSAR2 HV,-11.91
334320500400258191,26.04,PALSAR2 HV,-11.395
334320500400258192,9.39,PALSAR2 HV,-11.302
334320500400258193,12.57,PALSAR2 HV,-11.223
334320500400258194,14.66,PALSAR2 HV,-11.655
334320500400258195,5.12,PALSAR2 HV,-11.882
334320500400258196,9.16,PALSAR2 HV,-12.067
334320500400258197,9.24,PALSAR2 HV,-12.485
334320500400258198,6.21,PALSAR2 HV,-13.041
334320500400258199,2.24,PALSAR2 HV,-14.124
334320500400258200,6.92,PALSAR2 HV,-14.241
334320500400258201,2.2,PALSAR2 HV,-15.392
334320500400258202,2.09,PALSAR2 HV,-17.413
334320500400258203,2.17,PALSAR2 HV,-20.277
334320500400258204,2.02,PALSAR2 HV,-23.612
334320500400258205,2.02,PALSAR2 HV,-26.185
334320500400258206,2.02,PALSAR2 HV,-26.509
334320500400258207,2.05,PALSAR2 HV,-25.682
334320500400258208,1.98,PALSAR2 HV,-24.805
334320500400258209,2.05,PALSAR2 HV,-23.88
334320500400258210,2.13,PALSAR2 HV,-19.45
334320500400258211,6.13,PALSAR2 HV,-17.332
334320500400258212,8.94,PALSAR2 HV,-15.193
334320500400258213,30.12,PALSAR2 HV,-13.758
334320500400258214,2.69,PALSAR2 HV,-13.28
334320500400258215,3.06,PALSAR2 HV,-13.317
334320500400258216,4.78,PALSAR2 HV,-13.772
334320500400258217,4.07,PALSAR2 HV,-13.761
334320500400258218,3.77,PALSAR2 HV,-13.849
334320500400258219,3.21,PALSAR2 HV,-13.648
334320500400258220,9.5,PALSAR2 HV,-13.691
334320500400258221,4.41,PALSAR2 HV,-13.237
334320500400258222,4.22,PALSAR2 HV,-13.71
334320500400258223,9.05,PALSAR2 HV,-13.92
334320500400258224,7.1,PALSAR2 HV,-13.328
334320500400258225,6.47,PALSAR2 HV,-12.84
334320500400258226,6.36,PALSAR2 HV,-13.087
334320500400258227,8.86,PALSAR2 HV,-12.584
334320500400258228,7.33,PALSAR2 HV,-11.72
334320500400258229,8.38,PALSAR2 HV,-11.317
334320500400258230,23.83,PALSAR2 HV,-12.287
334320500400258231,9.35,PALSAR2 HV,-13.899
334320500400258232,16.2,PALSAR2 HV,-15.068
334320500400258233,4.3,PALSAR2 HV,-14.936
334320500400258234,5.87,PALSAR2 HV,-15.878
334320500400258235,6.58,PALSAR2 HV,-16.697
334320500400258236,7.37,PALSAR2 HV,-18.387
334320500400258237,4.34,PALSAR2 HV,-20.16
334320500400258238,6.88,PALSAR2 HV,-20.138
334320500400258239,7.85,PALSAR2 HV,-17.9
334320500400258240,24.09,PALSAR2 HV,-12.882
334320500400258241,18.11,PALSAR2 HV,-11.134
334320500400258242,25.63,PALSAR2 HV,-10.459
334320500400258243,9.39,PALSAR2 HV,-10.352
334320500400258244,14.81,PALSAR2 HV,-10.193
334320500400258245,12.53,PALSAR2 HV,-10.415
334320500400258246,13.2,PALSAR2 HV,-10.543
334320500400258247,17.21,PALSAR2 HV,-10.958
334320500400258248,11.22,PALSAR2 HV,-10.684
334320500400258249,20.5,PALSAR2 HV,-10.9
334320500400258250,14.1,PALSAR2 HV,-10.38
334320500400258251,12.46,PALSAR2 HV,-10.468
334320500400258252,19.34,PALSAR2 HV,-10.084
334320500400258253,24.09,PALSAR2 HV,-9.978
334320500400258254,23.38,PALSAR2 HV,-9.65
334320500400258255,27.76,PALSAR2 HV,-9.177
334320500400258256,32.63,PALSAR2 HV,-9.195
334320500400258257,19.42,PALSAR2 HV,-9.878
334320500400258258,23.83,PALSAR2 HV,-10.62
334320500400258259,19.12,PALSAR2 HV,-10.986
334320500400258260,23.49,PALSAR2 HV,-10.695
334320500400258261,12.64,PALSAR2 HV,-10.194
334320500400258262,12.27,PALSAR2 HV,-9.976
334320500400258263,11.07,PALSAR2 HV,-9.525
334320500400258264,16.95,PALSAR2 HV,-9.408
334320500400258265,14.29,PALSAR2 HV,-9.441
334320500400258266,6.58,PALSAR2 HV,-9.567
334320500400258267,8.86,PALSAR2 HV,-9.708
334320500400258268,6.39,PALSAR2 HV,-10.107
334320500400258269,5.46,PALSAR2 HV,-10.533
334320500400258270,5.65,PALSAR2 HV,-10.74
334320500400258271,6.66,PALSAR2 HV,-11.025
334320500400258272,5.23,PALSAR2 HV,-11.519
334320600400967033,12.83,PALSAR2 HV,-12.494
334320600400967034,23.5,PALSAR2 HV,-11.647
334320600400967035,25.37,PALSAR2 HV,-10.876
334320600400967036,26.83,PALSAR2 HV,-11.842
334320600400967037,32.03,PALSAR2 HV,-12.837
334320600400967038,15.26,PALSAR2 HV,-15.029
334320600400967039,23.31,PALSAR2 HV,-13.519
334320600400967040,14.51,PALSAR2 HV,-13.227
334320600400967041,8.41,PALSAR2 HV,-13.89
334320600400967042,8.53,PALSAR2 HV,-13.688
334320600400967043,8.75,PALSAR2 HV,-12.948
334320600400967044,14.85,PALSAR2 HV,-12.41
334320600400967045,6.81,PALSAR2 HV,-12.746
334320600400967046,6.21,PALSAR2 HV,-13.711
334320600400967048,1.98,PALSAR2 HV,-18.613
334320600400967049,2.02,PALSAR2 HV,-18.037
334320600400967050,2.28,PALSAR2 HV,-16.177
334320600400967051,2.39,PALSAR2 HV,-15.505
334320600400967052,2.76,PALSAR2 HV,-16.847
334320600400967053,2.13,PALSAR2 HV,-18.469
334320600400967054,2.05,PALSAR2 HV,-19.164
334320600400967055,2.24,PALSAR2 HV,-17.5
334320600400967056,4.0,PALSAR2 HV,-15.309
334320600400967057,6.47,PALSAR2 HV,-13.824
334320600400967058,3.96,PALSAR2 HV,-13.138
334320600400967059,5.01,PALSAR2 HV,-12.474
334320600400967060,3.51,PALSAR2 HV,-12.502
334320600400967061,6.58,PALSAR2 HV,-12.944
334320600400967062,3.4,PALSAR2 HV,-13.106
334320600400967063,4.97,PALSAR2 HV,-14.006
334320600400967064,11.26,PALSAR2 HV,-13.696
334320600400967065,15.19,PALSAR2 HV,-13.393
334320600400967066,12.46,PALSAR2 HV,-12.258
334320600400967067,7.85,PALSAR2 HV,-12.119
334320600400967068,9.24,PALSAR2 HV,-12.5
334320600400967069,13.62,PALSAR2 HV,-12.641
334320600400967070,11.33,PALSAR2 HV,-12.416
334320600400967071,5.23,PALSAR2 HV,-11.75
334320600400967072,6.88,PALSAR2 HV,-13.121
334320600400967073,4.11,PALSAR2 HV,-13.788
334320600400967074,5.5,PALSAR2 HV,-13.962
334320600400967075,19.27,PALSAR2 HV,-12.625
334320600400967076,26.15,PALSAR2 HV,-11.706
334320600400967077,20.84,PALSAR2 HV,-11.232
334320600400967078,24.8,PALSAR2 HV,-10.871
334320600400967079,26.49,PALSAR2 HV,-12.108
334320600400967080,8.98,PALSAR2 HV,-14.477
334320600400967081,8.26,PALSAR2 HV,-15.246
334320600400967082,25.1,PALSAR2 HV,-13.905
334320600400967083,20.13,PALSAR2 HV,-12.828
334320600400967084,13.39,PALSAR2 HV,-12.689
334320600400967085,29.67,PALSAR2 HV,-12.511
334320600400967086,25.07,PALSAR2 HV,-11.744
334320600400967087,21.36,PALSAR2 HV,-12.578
334320600400967088,3.51,PALSAR2 HV,-12.986
334320600400967089,3.89,PALSAR2 HV,-12.322
334320600400967090,6.51,PALSAR2 HV,-11.646
334320600400967091,15.9,PALSAR2 HV,-11.369
334320600400967092,12.34,PALSAR2 HV,-11.478
334320600400967093,4.64,PALSAR2 HV,-11.616
334320600400967094,2.35,PALSAR2 HV,-11.393
334320600400967095,13.28,PALSAR2 HV,-10.696
334320600400967096,7.37,PALSAR2 HV,-10.638
334320600400967097,6.88,PALSAR2 HV,-11.019
334320600400967098,18.56,PALSAR2 HV,-11.966
334320600400967099,8.12,PALSAR2 HV,-12.65
334320600400967101,5.8,PALSAR2 HV,-14.62
334320800400262635,28.05,PALSAR2 HV,-12.473
334320800400262636,21.8,PALSAR2 HV,-12.919
334320800400262637,25.36,PALSAR2 HV,-13.158
334320800400262638,8.19,PALSAR2 HV,-13.224
334320800400262639,6.02,PALSAR2 HV,-13.188
334320800400262640,4.82,PALSAR2 HV,-12.889
334320800400262641,6.65,PALSAR2 HV,-12.923
334320800400262642,3.29,PALSAR2 HV,-13.265
334320800400262643,4.0,PALSAR2 HV,-12.998
334320800400262644,5.87,PALSAR2 HV,-12.681
334320800400262645,3.44,PALSAR2 HV,-13.295
334320800400262646,8.52,PALSAR2 HV,-14.313
334320800400262647,6.77,PALSAR2 HV,-15.661
334320800400262648,5.57,PALSAR2 HV,-15.733
334320800400262649,8.45,PALSAR2 HV,-16.921
334320800400262651,4.75,PALSAR2 HV,-15.72
334320800400262652,20.38,PALSAR2 HV,-13.645
334320800400262653,4.75,PALSAR2 HV,-13.111
334320800400262654,5.64,PALSAR2 HV,-13.417
334320800400262655,3.03,PALSAR2 HV,-13.766
334320800400262656,4.37,PALSAR2 HV,-14.201
334320800400262657,6.09,PALSAR2 HV,-14.084
334320800400262658,6.2,PALSAR2 HV,-13.557
334320800400262659,5.79,PALSAR2 HV,-13.279
334320800400262660,9.91,PALSAR2 HV,-13.169
334320800400262661,9.98,PALSAR2 HV,-13.698
334320800400262662,17.95,PALSAR2 HV,-13.423
334320800400262663,5.46,PALSAR2 HV,-13.419
334320800400262664,9.91,PALSAR2 HV,-13.972
334320800400262665,15.52,PALSAR2 HV,-14.022
334320800400262666,11.97,PALSAR2 HV,-13.91
334320800400262667,6.65,PALSAR2 HV,-13.75
334320800400262668,4.97,PALSAR2 HV,-13.404
334320800400262669,10.92,PALSAR2 HV,-13.69
334320800400262670,8.37,PALSAR2 HV,-13.12
334320800400262671,5.83,PALSAR2 HV,-11.923
334320800400262672,4.15,PALSAR2 HV,-11.494
334321100400257537,7.55,PALSAR2 HV,-12.628
334321100400257538,8.08,PALSAR2 HV,-12.952
334321100400257539,4.52,PALSAR2 HV,-12.846
334321100400257540,9.16,PALSAR2 HV,-12.916
334321100400257541,16.16,PALSAR2 HV,-13.349
334321100400257542,9.01,PALSAR2 HV,-12.666
334321100400257543,9.95,PALSAR2 HV,-12.466
334321100400257544,6.69,PALSAR2 HV,-12.47
334321100400257545,5.31,PALSAR2 HV,-12.824
334321100400257546,7.33,PALSAR2 HV,-13.938
334321100400257547,5.23,PALSAR2 HV,-15.129
334321100400257548,4.3,PALSAR2 HV,-14.862
334321100400257549,4.04,PALSAR2 HV,-14.132
340730000400262456,18.95,PALSAR2 HV,-11.577
340730000400262457,18.69,PALSAR2 HV,-12.021
340730000400262458,11.59,PALSAR2 HV,-12.315
340730000400262459,10.73,PALSAR2 HV,-12.634
340730000400262460,9.98,PALSAR2 HV,-12.644
340730000400262461,11.25,PALSAR2 HV,-13.309
340730000400262463,2.24,PALSAR2 HV,-14.255
340730000400262464,12.15,PALSAR2 HV,-13.003
340730000400262465,12.45,PALSAR2 HV,-12.878
340730000400262466,8.97,PALSAR2 HV,-12.738
340730000400262472,11.43,PALSAR2 HV,-12.285
340730000400262474,4.67,PALSAR2 HV,-12.333
340730100400258033,12.07,PALSAR2 HV,-11.422
340730100400258034,11.32,PALSAR2 HV,-11.172
340730100400258036,3.47,PALSAR2 HV,-12.066
340730100400258038,2.95,PALSAR2 HV,-12.668
340730100400258040,6.76,PALSAR2 HV,-13.148
340730100400258041,11.47,PALSAR2 HV,-13.176
340730100400258042,8.37,PALSAR2 HV,-12.261
340730100400258043,4.71,PALSAR2 HV,-11.108
340730100400258044,6.24,PALSAR2 HV,-10.876
340730200400263066,2.61,PALSAR2 HV,-13.342
340730200400263069,9.31,PALSAR2 HV,-12.534
340730200400263085,3.44,PALSAR2 HV,-12.099
340730300400257952,13.31,PALSAR2 HV,-13.161
340730300400257953,10.88,PALSAR2 HV,-12.675
340730300400257954,7.47,PALSAR2 HV,-12.386
340730300400257984,4.86,PALSAR2 HV,-13.098
340730300400257985,8.26,PALSAR2 HV,-12.911
340730300400257986,5.83,PALSAR2 HV,-12.578
340730300400257987,8.86,PALSAR2 HV,-12.082
340730300400257988,9.79,PALSAR2 HV,-12.603
340730300400257989,12.75,PALSAR2 HV,-12.279
340730300400257990,15.63,PALSAR2 HV,-11.794
340730300400257991,6.69,PALSAR2 HV,-12.1
340730300400257992,16.15,PALSAR2 HV,-13.35
340730300400257993,12.07,PALSAR2 HV,-13.655
340730300400257994,11.03,PALSAR2 HV,-13.775
340730300400257995,7.18,PALSAR2 HV,-13.742
340730500400257846,9.23,PALSAR2 HV,-13.321
340730500400257847,8.41,PALSAR2 HV,-13.324
340730500400257848,5.71,PALSAR2 HV,-13.125
340730500400257849,6.09,PALSAR2 HV,-12.398
340730500400257850,5.94,PALSAR2 HV,-11.902
340730500400257851,5.15,PALSAR2 HV,-11.377
340730500400257852,20.48,PALSAR2 HV,-12.907
340730500400257853,2.2,PALSAR2 HV,-14.638
340730500400257854,6.35,PALSAR2 HV,-14.562
340730500400257855,19.47,PALSAR2 HV,-16.503
340730500400257856,5.45,PALSAR2 HV,-17.084
340730500400257857,6.95,PALSAR2 HV,-18.707
340730500400257858,7.77,PALSAR2 HV,-19.105
340730500400257859,4.37,PALSAR2 HV,-19.49
340730500400257860,8.41,PALSAR2 HV,-19.929
340730500400257861,14.84,PALSAR2 HV,-18.671
340730500400257862,7.85,PALSAR2 HV,-13.898
340730500400257863,19.58,PALSAR2 HV,-11.459
340730500400257864,20.11,PALSAR2 HV,-10.73
340730500400257865,17.83,PALSAR2 HV,-10.747
340730500400257866,14.16,PALSAR2 HV,-10.551
340730500400257867,19.29,PALSAR2 HV,-10.573
340730500400257868,14.57,PALSAR2 HV,-10.774
340730500400257869,23.47,PALSAR2 HV,-11.381
340730500400257880,10.57,PALSAR2 HV,-9.796
340730500400257881,17.34,PALSAR2 HV,-10.06
340730500400257882,16.56,PALSAR2 HV,-10.095
340730500400257884,13.79,PALSAR2 HV,-9.709
340730500400257885,7.14,PALSAR2 HV,-9.386
340730500400257886,16.11,PALSAR2 HV,-9.24
340730500400257887,11.88,PALSAR2 HV,-9.734
340730500400257888,7.85,PALSAR2 HV,-9.762
340730500400257889,6.09,PALSAR2 HV,-9.838
340730600400970055,4.71,PALSAR2 HV,-12.589
340730600400970056,26.31,PALSAR2 HV,-11.305
340730600400970063,21.38,PALSAR2 HV,-14.036
340730600400970064,17.12,PALSAR2 HV,-13.13
340730600400970065,17.01,PALSAR2 HV,-12.232
340730600400970066,31.21,PALSAR2 HV,-12.072
340730600400970067,17.23,PALSAR2 HV,-11.935
340730600400970068,2.57,PALSAR2 HV,-12.418
340730600400970069,2.95,PALSAR2 HV,-11.529
340730600400970070,8.33,PALSAR2 HV,-10.838
340730600400970071,11.55,PALSAR2 HV,-10.729
340730600400970072,13.75,PALSAR2 HV,-11.267
340730600400970073,3.1,PALSAR2 HV,-11.548
340730600400970075,15.21,PALSAR2 HV,-11.069
340730600400970076,4.26,PALSAR2 HV,-10.69
356600000400197094,3.25,PALSAR2 HV,-12.967
356600000400197102,5.27,PALSAR2 HV,-13.729
356600000400197105,2.77,PALSAR2 HV,-13.054
356600000400197116,2.84,PALSAR2 HV,-11.639
356600000400197149,3.22,PALSAR2 HV,-11.278
356600100400192436,3.96,PALSAR2 HV,-15.152
356600100400192468,3.07,PALSAR2 HV,-14.087
356600100400192471,4.53,PALSAR2 HV,-13.286
356600100400192480,4.0,PALSAR2 HV,-13.417
356600100400192483,3.4,PALSAR2 HV,-12.222
356600100400192484,3.74,PALSAR2 HV,-12.084
356600100400192485,5.31,PALSAR2 HV,-11.884
356600100400192486,3.55,PALSAR2 HV,-11.87
356600100400192487,4.41,PALSAR2 HV,-12.259
356600100400192489,4.53,PALSAR2 HV,-13.596
356600100400192491,6.77,PALSAR2 HV,-13.561
356600100400192492,8.57,PALSAR2 HV,-12.507
356600100400192493,4.19,PALSAR2 HV,-12.17
356600100400192496,4.08,PALSAR2 HV,-11.904
356600100400192538,2.77,PALSAR2 HV,-12.072
356600200400197666,3.59,PALSAR2 HV,-13.523
356600200400197717,4.0,PALSAR2 HV,-11.606
356600200400197718,3.93,PALSAR2 HV,-11.429
356600200400197722,3.14,PALSAR2 HV,-12.694
356600200400197723,3.37,PALSAR2 HV,-12.238
356600200400197728,3.78,PALSAR2 HV,-11.465
356600200400197729,3.52,PALSAR2 HV,-11.925
356600200400197730,3.59,PALSAR2 HV,-11.448
356600200400197745,18.94,PALSAR2 HV,-11.329
356600200400197748,18.5,PALSAR2 HV,-10.917
356600200400197750,18.76,PALSAR2 HV,-10.689
356600200400197751,22.13,PALSAR2 HV,-11.106
356600200400197752,20.29,PALSAR2 HV,-11.251
356600200400197754,20.18,PALSAR2 HV,-10.132
356600200400197755,18.05,PALSAR2 HV,-10.347
356600200400197757,14.3,PALSAR2 HV,-10.611
356600200400197758,18.46,PALSAR2 HV,-11.461
356600200400197760,20.74,PALSAR2 HV,-13.32
356600200400197761,18.23,PALSAR2 HV,-16.492
356600300400192470,3.29,PALSAR2 HV,-12.989
356600300400192475,10.44,PALSAR2 HV,-11.053
356600300400192485,7.67,PALSAR2 HV,-12.066
356600300400192557,2.8,PALSAR2 HV,-12.522
356600300400192560,2.99,PALSAR2 HV,-11.596
356600300400192565,3.96,PALSAR2 HV,-12.116
356600300400192566,3.93,PALSAR2 HV,-11.864
356600300400192571,22.73,PALSAR2 HV,-11.367
356600300400192573,16.62,PALSAR2 HV,-10.997
356600300400192575,19.1,PALSAR2 HV,-11.747
356600300400192578,20.14,PALSAR2 HV,-10.35
356600300400192579,18.35,PALSAR2 HV,-10.576
356600300400192584,24.3,PALSAR2 HV,-10.169
356600300400192587,19.21,PALSAR2 HV,-10.844
356600300400192588,21.27,PALSAR2 HV,-10.857
356600300400192589,22.77,PALSAR2 HV,-10.908
356600300400192590,24.08,PALSAR2 HV,-11.287
356600300400192591,23.03,PALSAR2 HV,-10.245
356600300400192592,24.45,PALSAR2 HV,-10.094
356600300400192593,20.93,PALSAR2 HV,-10.116
356600300400192594,18.05,PALSAR2 HV,-9.923
356600300400192595,17.86,PALSAR2 HV,-10.004
356600300400192596,25.8,PALSAR2 HV,-10.21
356600300400192597,19.51,PALSAR2 HV,-10.694
356600300400192598,18.61,PALSAR2 HV,-11.596
356600300400192599,16.55,PALSAR2 HV,-12.079
356600300400192600,13.59,PALSAR2 HV,-11.978
356600300400192601,18.31,PALSAR2 HV,-10.729
356600300400192602,17.63,PALSAR2 HV,-11.321
356600300400192603,24.0,PALSAR2 HV,-13.288
356600300400192604,22.54,PALSAR2 HV,-12.368
356600300400192605,21.23,PALSAR2 HV,-11.397
356600300400192606,21.75,PALSAR2 HV,-10.34
356600300400192607,19.92,PALSAR2 HV,-10.575
356600300400192608,23.66,PALSAR2 HV,-11.708
356600300400192609,24.34,PALSAR2 HV,-11.258
356600300400192610,20.44,PALSAR2 HV,-11.237
356600300400192611,26.36,PALSAR2 HV,-10.934
356600300400192612,20.26,PALSAR2 HV,-11.497
356600300400192616,20.03,PALSAR2 HV,-12.987
356600300400192622,10.93,PALSAR2 HV,-12.202
356600500400192354,2.24,PALSAR2 HV,-17.235
356600500400192356,7.48,PALSAR2 HV,-14.272
356600500400192357,4.0,PALSAR2 HV,-14.209
356600500400192358,3.22,PALSAR2 HV,-14.159
356600500400192359,4.08,PALSAR2 HV,-14.274
356600500400192360,3.66,PALSAR2 HV,-13.792
356600500400192361,4.23,PALSAR2 HV,-13.049
356600500400192362,4.49,PALSAR2 HV,-13.43
356600500400192363,4.34,PALSAR2 HV,-14.213
356600500400192364,4.94,PALSAR2 HV,-14.138
356600500400192378,3.18,PALSAR2 HV,-14.021
356600500400192379,2.73,PALSAR2 HV,-14.113
356600500400192382,5.91,PALSAR2 HV,-13.149
356600500400192383,7.52,PALSAR2 HV,-13.015
356600500400192384,3.33,PALSAR2 HV,-12.777
356600500400192385,4.11,PALSAR2 HV,-12.301
356600500400192386,2.8,PALSAR2 HV,-13.053
356600500400192387,3.29,PALSAR2 HV,-13.998
356600500400192388,4.56,PALSAR2 HV,-13.804
356600500400192389,5.91,PALSAR2 HV,-14.157
356600500400192390,6.59,PALSAR2 HV,-14.62
356600500400192391,4.04,PALSAR2 HV,-14.228
356600500400192392,5.46,PALSAR2 HV,-14.088
356600500400192393,6.92,PALSAR2 HV,-13.628
356600500400192394,5.72,PALSAR2 HV,-13.559
356600500400192395,7.11,PALSAR2 HV,-15.207
356600500400192396,5.13,PALSAR2 HV,-15.899
356600500400192421,3.4,PALSAR2 HV,-11.256
356600500400192422,4.23,PALSAR2 HV,-11.53
356600500400192423,5.61,PALSAR2 HV,-11.646
356600500400192424,4.04,PALSAR2 HV,-11.416
356600500400192425,4.64,PALSAR2 HV,-11.049
356600500400192426,3.18,PALSAR2 HV,-10.892
356600500400192427,4.23,PALSAR2 HV,-11.538
356600500400192428,3.93,PALSAR2 HV,-11.573
356600500400192429,4.19,PALSAR2 HV,-12.355
356600500400192430,3.25,PALSAR2 HV,-12.54
356600500400192431,3.07,PALSAR2 HV,-12.499
356600500400192434,2.65,PALSAR2 HV,-11.525
356600500400192435,4.19,PALSAR2 HV,-12.116
356600500400192436,2.8,PALSAR2 HV,-12.284
356600500400192437,22.84,PALSAR2 HV,-11.47
356600500400192438,26.28,PALSAR2 HV,-10.814
356600500400192439,24.11,PALSAR2 HV,-10.676
356600500400192440,11.42,PALSAR2 HV,-11.245
356600500400192441,2.32,PALSAR2 HV,-12.375
356600500400192442,2.47,PALSAR2 HV,-12.401
356600500400192443,2.95,PALSAR2 HV,-12.187
356600500400192444,7.48,PALSAR2 HV,-12.438
356600500400192445,2.92,PALSAR2 HV,-12.608
356600500400192446,2.32,PALSAR2 HV,-13.183
356600500400192447,2.58,PALSAR2 HV,-13.165
356600500400192448,2.54,PALSAR2 HV,-13.329
356600500400192449,4.11,PALSAR2 HV,-13.133
356600500400192450,3.4,PALSAR2 HV,-12.677
356600500400192451,2.54,PALSAR2 HV,-12.405
356600500400192452,2.8,PALSAR2 HV,-12.507
356600500400192453,3.48,PALSAR2 HV,-13.135
356600500400192454,18.31,PALSAR2 HV,-13.627
356600500400192455,5.2,PALSAR2 HV,-13.457
356600500400192456,2.28,PALSAR2 HV,-12.424
356600500400192457,20.52,PALSAR2 HV,-11.787
356600500400192458,23.32,PALSAR2 HV,-11.46
356600500400192459,22.87,PALSAR2 HV,-11.339
356600500400192460,23.1,PALSAR2 HV,-10.725
356600500400192461,19.8,PALSAR2 HV,-12.066
356600500400192462,2.09,PALSAR2 HV,-13.291
356600500400192463,5.46,PALSAR2 HV,-14.926
356600500400192464,3.7,PALSAR2 HV,-14.709
356600500400192465,4.68,PALSAR2 HV,-14.487
356600500400192466,4.04,PALSAR2 HV,-14.547
356600500400192467,2.5,PALSAR2 HV,-13.442
356600500400192468,3.14,PALSAR2 HV,-11.99
356600500400192469,12.5,PALSAR2 HV,-11.092
356600500400192470,21.04,PALSAR2 HV,-10.809
356600500400192471,19.13,PALSAR2 HV,-11.717
356600500400192472,2.92,PALSAR2 HV,-14.96
356600600401033474,4.11,PALSAR2 HV,-14.317
356600600401033475,3.29,PALSAR2 HV,-13.721
356600600401033476,5.87,PALSAR2 HV,-12.812
356600600401033477,6.81,PALSAR2 HV,-12.384
356600600401033478,4.15,PALSAR2 HV,-11.733
356600600401033479,4.0,PALSAR2 HV,-11.89
356600600401033499,8.46,PALSAR2 HV,-15.685
356600600401033500,7.56,PALSAR2 HV,-16.274
356600600401033501,4.71,PALSAR2 HV,-16.018
356600600401033502,6.1,PALSAR2 HV,-13.804
356600600401033504,3.22,PALSAR2 HV,-11.857
356600600401033505,4.08,PALSAR2 HV,-12.166
356600600401033506,2.92,PALSAR2 HV,-12.965
356600600401033507,2.73,PALSAR2 HV,-13.024
356600600401033508,2.47,PALSAR2 HV,-11.972
356600600401033509,3.29,PALSAR2 HV,-11.815
356600600401033510,2.5,PALSAR2 HV,-11.586
356600600401033511,2.8,PALSAR2 HV,-11.327
356600600401033512,2.95,PALSAR2 HV,-11.149
356600600401033513,2.69,PALSAR2 HV,-11.632
356600600401033533,2.32,PALSAR2 HV,-12.057
356600600401033534,2.92,PALSAR2 HV,-12.038
356600600401033536,2.35,PALSAR2 HV,-11.195
356600600401033537,2.58,PALSAR2 HV,-11.313
356600600401033538,2.99,PALSAR2 HV,-11.153
356600600401033539,2.43,PALSAR2 HV,-10.167
356600600401033540,3.96,PALSAR2 HV,-10.034
356600600401033541,3.29,PALSAR2 HV,-9.822
356600600401033542,2.5,PALSAR2 HV,-10.992
356600600401033543,3.18,PALSAR2 HV,-11.98
356600600401033544,2.73,PALSAR2 HV,-12.203
356600600401033545,2.73,PALSAR2 HV,-12.552
356600600401033546,3.52,PALSAR2 HV,-12.794
356600600401033547,2.54,PALSAR2 HV,-14.073
356600600401033548,3.55,PALSAR2 HV,-14.508
356600600401033550,2.47,PALSAR2 HV,-12.006
356600600401033551,2.8,PALSAR2 HV,-11.902
356600600401033552,2.88,PALSAR2 HV,-11.849
356600600401033553,2.77,PALSAR2 HV,-11.788
356600600401033554,5.42,PALSAR2 HV,-12.384
356600600401033555,2.92,PALSAR2 HV,-12.755
356600600401033556,19.43,PALSAR2 HV,-11.841
356600600401033557,27.41,PALSAR2 HV,-11.078
356600600401033558,35.57,PALSAR2 HV,-11.278
356600600401033559,32.31,PALSAR2 HV,-11.053
356600600401033560,27.56,PALSAR2 HV,-10.678
356600600401033561,23.81,PALSAR2 HV,-10.58
356600600401033562,25.01,PALSAR2 HV,-11.412
356600600401033563,25.12,PALSAR2 HV,-10.889
356600600401033564,23.4,PALSAR2 HV,-10.507
356600600401033565,22.39,PALSAR2 HV,-10.502
356600600401033566,22.09,PALSAR2 HV,-10.459
356600600401033567,22.73,PALSAR2 HV,-10.237
356600600401033568,21.98,PALSAR2 HV,-10.917
356600600401033569,23.36,PALSAR2 HV,-11.598
356600600401033570,2.28,PALSAR2 HV,-12.541
356600600401033571,3.18,PALSAR2 HV,-12.225
356600600401033572,3.03,PALSAR2 HV,-11.827
356600600401033573,2.58,PALSAR2 HV,-11.853
356600600401033574,3.63,PALSAR2 HV,-13.183
356600600401033575,2.92,PALSAR2 HV,-14.614
356600600401033576,3.4,PALSAR2 HV,-16.361
356600600401033577,2.02,PALSAR2 HV,-18.725
356600600401033578,2.02,PALSAR2 HV,-19.913
356600600401033579,2.54,PALSAR2 HV,-17.889
356600600401033580,3.14,PALSAR2 HV,-17.241
356600600401033581,2.5,PALSAR2 HV,-16.409
356600600401033582,5.05,PALSAR2 HV,-15.156
356600600401033583,2.73,PALSAR2 HV,-14.067
356600600401033610,16.43,PALSAR2 HV,-11.628
356600600401033611,14.6,PALSAR2 HV,-11.691
356600600401033612,2.5,PALSAR2 HV,-11.586
356600600401033613,2.73,PALSAR2 HV,-12.317
356600600401033614,2.32,PALSAR2 HV,-11.967
356600600401033615,2.43,PALSAR2 HV,-12.414
356600600401033616,3.1,PALSAR2 HV,-12.472
356600600401033617,2.92,PALSAR2 HV,-13.128
356600600401033618,3.22,PALSAR2 HV,-13.258
356600600401033619,3.44,PALSAR2 HV,-12.773
356600600401033620,3.18,PALSAR2 HV,-12.717
356600800400197103,5.99,PALSAR2 HV,-12.198
356600800400197104,11.9,PALSAR2 HV,-12.554
356600800400197105,9.65,PALSAR2 HV,-11.704
356600800400197106,10.55,PALSAR2 HV,-11.429
356600800400197114,5.5,PALSAR2 HV,-12.837
356600800400197115,3.78,PALSAR2 HV,-13.23
356600800400197177,4.53,PALSAR2 HV,-12.677
356600800400197178,3.89,PALSAR2 HV,-11.868
356600800400197180,8.08,PALSAR2 HV,-12.151
356600800400197181,5.16,PALSAR2 HV,-12.087
356600800400197182,8.79,PALSAR2 HV,-12.323
356600800400197183,5.8,PALSAR2 HV,-12.469
356600800400197184,11.38,PALSAR2 HV,-12.948
356600800400197186,4.34,PALSAR2 HV,-12.545
356600800400197187,5.35,PALSAR2 HV,-12.54
356600800400197188,12.35,PALSAR2 HV,-12.92
356600800400197189,3.29,PALSAR2 HV,-12.714
356600800400197190,12.8,PALSAR2 HV,-12.471
356600800400197191,5.35,PALSAR2 HV,-13.039
356600800400197192,8.01,PALSAR2 HV,-12.774
356600800400197193,20.44,PALSAR2 HV,-12.395
356600800400197194,5.35,PALSAR2 HV,-12.586
356600800400197195,4.23,PALSAR2 HV,-12.874
356600800400197196,4.15,PALSAR2 HV,-13.52
356600800400197197,3.96,PALSAR2 HV,-13.838
356600800400197198,2.92,PALSAR2 HV,-13.459
356600800400197199,4.23,PALSAR2 HV,-13.265
356600800400197200,9.58,PALSAR2 HV,-12.284
356600800400197210,5.8,PALSAR2 HV,-15.191
356600800400197211,3.81,PALSAR2 HV,-14.835
356600800400197212,5.76,PALSAR2 HV,-14.578
356600800400197213,5.27,PALSAR2 HV,-14.236
356600800400197214,3.78,PALSAR2 HV,-13.937
356600800400197215,3.25,PALSAR2 HV,-12.918
356600800400197216,4.04,PALSAR2 HV,-12.232
356600800400197219,2.69,PALSAR2 HV,-12.825
356600800400197222,3.48,PALSAR2 HV,-11.85
356600800400197225,4.3,PALSAR2 HV,-13.028
356600800400197226,4.19,PALSAR2 HV,-12.878
356600800400197227,4.23,PALSAR2 HV,-12.509
356600800400197228,3.93,PALSAR2 HV,-12.124
356600800400197229,14.93,PALSAR2 HV,-11.006
356600800400197230,22.72,PALSAR2 HV,-10.904
356600800400197231,4.49,PALSAR2 HV,-11.318
356600800400197232,13.14,PALSAR2 HV,-11.862
356600800400197233,13.55,PALSAR2 HV,-12.169
356600800400197234,13.32,PALSAR2 HV,-12.483
356600800400197235,4.11,PALSAR2 HV,-12.423
356600800400197236,2.43,PALSAR2 HV,-12.009
356600800400197237,4.45,PALSAR2 HV,-11.307
356600800400197238,3.4,PALSAR2 HV,-11.96
356600800400197239,6.73,PALSAR2 HV,-11.742
356600800400197240,3.51,PALSAR2 HV,-11.83
356600800400197241,5.05,PALSAR2 HV,-12.272
356600800400197242,11.68,PALSAR2 HV,-12.222
356600800400197246,17.22,PALSAR2 HV,-10.591
356600800400197248,20.51,PALSAR2 HV,-10.573
356600800400197249,24.41,PALSAR2 HV,-10.157
356600800400197250,18.27,PALSAR2 HV,-10.896
356600800400197251,3.51,PALSAR2 HV,-11.617
356600800400197252,2.5,PALSAR2 HV,-12.128
356600800400197253,2.84,PALSAR2 HV,-12.269
356600800400197254,3.44,PALSAR2 HV,-12.56
356600800400197255,3.85,PALSAR2 HV,-12.777
356600800400197256,2.24,PALSAR2 HV,-12.16
356600800400197257,3.25,PALSAR2 HV,-12.569
356600800400197258,5.57,PALSAR2 HV,-14.552
356600800400197259,2.39,PALSAR2 HV,-15.619
356600800400197260,5.09,PALSAR2 HV,-14.693
356600800400197261,2.84,PALSAR2 HV,-13.167
356600800400197262,3.36,PALSAR2 HV,-12.786
356600800400197263,3.63,PALSAR2 HV,-12.312
356600800400197264,3.44,PALSAR2 HV,-12.016
356600800400197265,2.77,PALSAR2 HV,-12.268
356600800400197266,2.8,PALSAR2 HV,-11.58
356600800400197267,3.96,PALSAR2 HV,-12.152
356600800400197268,2.8,PALSAR2 HV,-12.194
356600800400197275,2.69,PALSAR2 HV,-12.581
356600800400197277,2.58,PALSAR2 HV,-12.76
356600800400197278,2.95,PALSAR2 HV,-13.087
356600800400197279,4.41,PALSAR2 HV,-13.746
356600800400197287,3.25,PALSAR2 HV,-12.632
356600800400197288,2.84,PALSAR2 HV,-12.681
356600800400197289,2.92,PALSAR2 HV,-12.527
356600800400197290,2.5,PALSAR2 HV,-12.736
356600800400197291,4.11,PALSAR2 HV,-12.995
356600800400197292,2.58,PALSAR2 HV,-12.8
356600800400197302,19.24,PALSAR2 HV,-11.581
356600800400197326,3.51,PALSAR2 HV,-12.748
356600800400197327,2.77,PALSAR2 HV,-12.2
356600800400197328,4.19,PALSAR2 HV,-12.009
356600800400197329,2.95,PALSAR2 HV,-12.109
356600800400197330,5.39,PALSAR2 HV,-12.578
356600800400197331,3.25,PALSAR2 HV,-12.945
356600800400197334,4.04,PALSAR2 HV,-14.479
356600800400197335,4.86,PALSAR2 HV,-14.573
356600800400197336,3.66,PALSAR2 HV,-14.402
356600800400197337,5.42,PALSAR2 HV,-14.416
356600800400197338,2.92,PALSAR2 HV,-14.396
356600800400197339,2.95,PALSAR2 HV,-14.438
356600800400197340,3.4,PALSAR2 HV,-15.095
356600800400197341,3.03,PALSAR2 HV,-15.01
356600800400197342,2.88,PALSAR2 HV,-14.562
356600800400197343,3.89,PALSAR2 HV,-13.439
356600800400197344,2.69,PALSAR2 HV,-12.802
356600800400197345,2.88,PALSAR2 HV,-12.859
356600800400197346,3.7,PALSAR2 HV,-13.212
356600800400197347,3.4,PALSAR2 HV,-13.676
356600800400197348,2.62,PALSAR2 HV,-13.69
356600800400197349,2.8,PALSAR2 HV,-13.844
356601100400191849,2.13,PALSAR2 HV,-13.005
356601100400191854,6.81,PALSAR2 HV,-12.244
356601100400191855,5.61,PALSAR2 HV,-11.841
356601100400191856,4.45,PALSAR2 HV,-12.144
356601100400191857,4.04,PALSAR2 HV,-11.432
356601100400191858,9.8,PALSAR2 HV,-11.018
356601100400191859,6.02,PALSAR2 HV,-10.612
356601100400191860,8.31,PALSAR2 HV,-10.79
356601100400191861,11.04,PALSAR2 HV,-10.567
356601100400191887,4.11,PALSAR2 HV,-14.053
356601100400191907,8.98,PALSAR2 HV,-13.051
356601100400191908,7.82,PALSAR2 HV,-12.003
356601100400191909,6.7,PALSAR2 HV,-12.216
356601100400191910,5.01,PALSAR2 HV,-12.798
356601100400191911,3.59,PALSAR2 HV,-13.98
356601100400191912,3.78,PALSAR2 HV,-14.573
356601100400191913,5.61,PALSAR2 HV,-14.912
356601100400191914,3.63,PALSAR2 HV,-15.24
356601100400191915,2.73,PALSAR2 HV,-15.073
356601100400191916,2.77,PALSAR2 HV,-15.24
356601100400191917,2.58,PALSAR2 HV,-13.889
356601100400191918,4.11,PALSAR2 HV,-12.642
356601100400191919,5.01,PALSAR2 HV,-11.834
356601100400191920,4.83,PALSAR2 HV,-12.511
356601100400191928,15.27,PALSAR2 HV,-12.284
356601100400191929,4.26,PALSAR2 HV,-11.863
356601100400191930,3.85,PALSAR2 HV,-12.673
356601100400191931,4.19,PALSAR2 HV,-13.52
356601100400191932,6.51,PALSAR2 HV,-12.835
356601100400191933,8.12,PALSAR2 HV,-12.179
356601100400191934,7.3,PALSAR2 HV,-13.107
356601100400191935,3.59,PALSAR2 HV,-14.013
356601100400191936,5.65,PALSAR2 HV,-14.975
356601100400191964,9.84,PALSAR2 HV,-12.203
356601100400191965,5.61,PALSAR2 HV,-12.176
356601100400191966,3.22,PALSAR2 HV,-12.479
356601100400191967,4.26,PALSAR2 HV,-11.936
356601100400191968,10.1,PALSAR2 HV,-11.931
356601100400191969,3.03,PALSAR2 HV,-11.436
356601100400191970,3.18,PALSAR2 HV,-11.606
356601100400191971,4.04,PALSAR2 HV,-11.348
356601100400191972,7.63,PALSAR2 HV,-12.066
356601100400191973,5.76,PALSAR2 HV,-12.185
356601100400191974,20.89,PALSAR2 HV,-12.542
356601100400191975,7.9,PALSAR2 HV,-12.228
356601100400191976,12.69,PALSAR2 HV,-11.697
356601100400191977,4.6,PALSAR2 HV,-11.881
356601100400191978,6.62,PALSAR2 HV,-12.062
356601100400191979,4.3,PALSAR2 HV,-12.293
356601100400191980,11.0,PALSAR2 HV,-12.025
356601100400191981,21.49,PALSAR2 HV,-10.904
356601100400191982,24.26,PALSAR2 HV,-10.422
356601100400191986,4.97,PALSAR2 HV,-12.179
356601100400191987,3.59,PALSAR2 HV,-11.899
356601100400191988,3.1,PALSAR2 HV,-12.089
356601100400191989,4.34,PALSAR2 HV,-12.43
356601100400191990,4.08,PALSAR2 HV,-12.6
356601100400191997,2.54,PALSAR2 HV,-11.737
356601100400192061,6.25,PALSAR2 HV,-14.619
356601100400192062,3.96,PALSAR2 HV,-13.657
356601100400192063,4.6,PALSAR2 HV,-13.999
356601100400192064,6.47,PALSAR2 HV,-15.35
356601100400192065,3.48,PALSAR2 HV,-15.73
356601100400192066,3.18,PALSAR2 HV,-15.476
356601100400192067,3.78,PALSAR2 HV,-16.774
356601100400192068,2.65,PALSAR2 HV,-17.955
356601100400192069,2.17,PALSAR2 HV,-15.228
356601100400192070,7.78,PALSAR2 HV,-12.433
356601100400192071,18.01,PALSAR2 HV,-11.815
356601100400192072,19.43,PALSAR2 HV,-11.161
356601100400192073,18.27,PALSAR2 HV,-11.362
356601100400192074,3.66,PALSAR2 HV,-12.017
356601100400192078,3.59,PALSAR2 HV,-14.296
356601100400192079,3.18,PALSAR2 HV,-13.727
356601100400192080,3.29,PALSAR2 HV,-13.453
356601100400192081,2.77,PALSAR2 HV,-13.581
356601100400192082,3.7,PALSAR2 HV,-14.001
356601100400192083,4.75,PALSAR2 HV,-14.415
356601100400192084,2.43,PALSAR2 HV,-14.426
356601100400192085,2.54,PALSAR2 HV,-14.318
356601100400192086,4.49,PALSAR2 HV,-15.264
356601100400192087,8.53,PALSAR2 HV,-14.868
356601100400192088,3.85,PALSAR2 HV,-14.843
356601100400192089,2.99,PALSAR2 HV,-14.347
356601100400192090,10.37,PALSAR2 HV,-14.033
356601100400192091,4.9,PALSAR2 HV,-12.99
356601100400192092,11.75,PALSAR2 HV,-12.354
356601100400192093,2.99,PALSAR2 HV,-12.829
356601100400192094,2.54,PALSAR2 HV,-14.126
356601100400192095,2.54,PALSAR2 HV,-14.103
356601100400192096,2.54,PALSAR2 HV,-13.644
356601100400192097,4.45,PALSAR2 HV,-13.432
